r,g,b,lang_code,human_raw,human_norm
255,0,48,en,red,red
255,0,196,en,magenta,magenta
255,143,0,en,orange,orange
129,255,0,en,lime green,lime
197,0,255,en,purple,purple
255,32,0,en,red,red
178,255,0,en,lime green,lime
67,0,255,en,blue,blue
255,89,0,en,red orange,red orange
255,239,0,en,yellow,yellow
153,0,255,en,purple,purple
249,255,0,en,yellow,yellow
255,0,88,en,dark coral,dark coral
255,0,168,en,pink,pink
255,0,220,en,pink,pink
247,0,255,en,magenta,magenta
255,167,0,en,orange,orange
204,255,0,en,neon yellow,neon yellow
255,209,0,en,orange,orange
255,0,133,en,pink,pink
255,0,78,en,red,red
255,155,0,en,orange,orange
255,113,0,en,dark orange,dark orange
255,232,0,en,yellow,yellow
255,0,153,en,hot pink,hot pink
188,255,0,en,lime green,lime
255,79,0,en,dark orange,dark orange
255,0,80,en,red pink,red pink
170,0,255,en,purple,purple
239,0,255,en,pink,pink
255,204,0,en,goldenrod,goldenrod
146,0,255,en,purple,purple
255,0,44,en,red,red
185,255,0,en,lime green,lime
255,139,0,en,orange,orange
255,0,199,en,magenta,magenta
255,0,130,en,hot pink,hot pink
74,0,255,en,midnight blue,midnight blue
255,0,231,en,pink,pink
118,255,0,en,yellow green,yellow green
255,0,85,en,spicy pink,spicy pink
236,255,0,en,yellow,yellow
255,0,130,en,pink,pink
255,0,75,en,dark salmon,dark salmon
255,177,0,en,goldenrod,goldenrod
64,255,0,en,bright green,bright green
255,24,0,en,red,red
255,0,9,en,red,red
255,0,245,en,fuchsia,fuchsia
184,255,0,en,neon green,neon green
92,255,0,en,lime green,lime
255,242,0,en,yellow,yellow
255,0,178,en,hot pink,hot pink
255,199,0,en,yellow/orange,yelloworange
191,255,0,en,neon green,neon green
255,115,0,en,orange,orange
156,255,0,en,lime green,lime
255,44,0,en,red,red
255,0,34,en,scarlet,scarlet
110,0,255,en,mauve,mauve
101,255,0,en,neon green,neon green
255,217,0,en,mustard,mustard
192,255,0,en,light green,light green
255,105,0,en,orange,orange
255,146,0,en,orange,orange
126,0,255,en,purple,purple
255,0,92,en,dark pink,dark pink
255,92,0,en,dark orange,dark orange
238,255,0,en,yellow,yellow
255,0,198,en,hot pink,hot pink
255,0,219,en,dark pink,dark pink
255,0,97,en,red/pink,redpink
181,0,255,en,mauve,mauve
50,0,255,en,royal blue,royal blue
227,255,0,en,marigold,marigold
255,185,0,en,dark yellow,dark yellow
255,234,0,en,yellow,yellow
168,0,255,en,purple,purple
222,0,255,en,violet,violet
255,0,171,en,magenta,magenta
255,0,176,en,bright pink,bright pink
255,255,0,en,yellow,yellow
167,255,0,en,lime green,lime
255,139,0,en,orange,orange
255,0,169,en,hot pink,hot pink
255,0,67,en,red,red
232,0,255,en,mauve,mauve
255,186,0,en,mustard,mustard
255,180,0,en,70's china yellow,'s china yellow
255,0,116,en,bright pink,bright pink
255,77,0,en,red orange,red orange
255,253,0,en,yellow,yellow
165,255,0,en,light green,light green
219,0,255,en,light purple,light purple
255,0,105,en,dark pink,dark pink
255,0,179,en,pink,pink
125,0,255,en,purple,purple
255,105,0,en,orange,orange
255,225,0,en,yellow,yellow
255,165,0,en,orange/yellow,orangeyellow
255,129,0,en,orange,orange
255,249,0,en,yellow,yellow
211,0,255,en,purple,purple
255,223,0,en,orange,orange
255,42,0,en,red,red
255,0,191,en,pink,pink
255,0,247,en,violet,violet
250,255,0,en,yellow,yellow
255,0,45,en,red,red
238,0,255,en,cobalt,cobalt
255,0,63,en,scarlet,scarlet
255,0,201,en,purple,purple
255,0,133,en,magenta,magenta
255,68,0,en,red,red
162,0,255,en,royal blue,royal blue
255,111,0,en,orange,orange
255,0,97,en,fuchsia,fuchsia
219,255,0,en,yellow,yellow
112,255,0,en,lime green,lime
255,0,233,en,magenta,magenta
255,0,101,en,pink,pink
255,76,0,en,orange,orange
255,0,197,en,magenta,magenta
166,255,0,en,lime gren,lime gren
255,0,41,en,red,red
255,0,189,en,fuschia,fuschia
73,0,255,en,navy blue,navy
255,189,0,en,orange,orange
255,0,237,en,magenta,magenta
155,0,255,en,purple,purple
193,0,255,en,purple,purple
255,103,0,en,orange,orange
255,220,0,en,yellow,yellow
229,0,255,en,magenta,magenta
255,0,81,en,pink,pink
187,0,255,en,violet,violet
255,245,0,en,bright yellow,bright yellow
255,0,17,en,red,red
255,0,230,en,fuchsia,fuchsia
68,255,0,en,lime green,lime
244,0,255,en,magenta,magenta
83,0,255,en,dark blue,dark blue
255,155,0,en,burnt orange,burnt orange
255,224,0,en,mustard,mustard
255,106,0,en,orange,orange
255,0,78,en,red,red
67,255,0,en,green,green
223,255,0,en,yellow,yellow
255,175,0,en,light orange,light orange
255,0,145,en,pink,pink
255,0,41,en,red,red
255,98,0,en,red orange,red orange
144,0,255,en,purple,purple
255,214,0,en,yellow,yellow
255,121,0,en,orange,orange
255,0,214,en,hot pink,hot pink
236,0,255,en,purple pink,purple pink
113,255,0,en,lime green,lime
255,167,0,en,orange,orange
255,0,162,en,hot pink,hot pink
138,0,255,en,purple,purple
255,0,34,en,red,red
223,255,0,en,chartreuse,chartreuse
255,0,94,en,hot red pink,hot red pink
255,0,139,en,pink,pink
255,119,0,en,orange,orange
116,255,0,en,green,green
164,255,0,en,lime,lime
255,0,63,en,red,red
255,159,0,en,orange,orange
95,0,255,en,violet,violet
255,127,0,en,medium orange,medium orange
205,0,255,en,fushia,fushia
255,164,0,en,light orange,light orange
255,192,0,en,sunflower yellow,sunflower yellow
251,0,255,en,magenta,magenta
255,0,129,en,pink,pink
255,0,78,en,red,red
255,0,160,en,magenta,magenta
255,196,0,en,yellow,yellow
255,206,0,en,yellow,yellow
255,98,0,en,orange,orange
46,0,255,en,royal blue,royal blue
183,0,255,en,purple,purple
255,0,73,en,hot pink,hot pink
151,255,0,en,lime green,lime
255,0,165,en,fuschia,fuschia
178,255,0,en,puce,puce
224,255,0,en,yellow,yellow
255,133,0,en,orange,orange
255,251,0,en,yellow,yellow
104,255,0,en,green,green
255,0,74,en,pink,pink
255,241,0,en,yellow,yellow
29,255,0,en,lime green,lime
255,0,93,en,fuchsia,fuchsia
255,0,127,en,fuschia,fuschia
243,0,255,en,pink,pink
238,255,0,en,yellow,yellow
255,0,171,en,magenta,magenta
228,255,0,en,yellow,yellow
188,0,255,en,purple,purple
255,151,0,en,orange,orange
255,216,0,en,gold,gold
255,0,56,en,red,red
216,0,255,en,light purple,light purple
255,210,0,en,yellow,yellow
255,0,222,en,pink,pink
255,0,134,en,pink,pink
255,0,127,en,hot pink,hot pink
255,11,0,en,red,red
255,135,0,en,orange,orange
255,249,0,en,yellow,yellow
255,213,0,en,goldenrod,goldenrod
255,0,176,en,hot pink,hot pink
255,0,139,en,fuschia,fuschia
255,42,0,en,orange,orange
255,0,51,en,red,red
255,162,0,en,orange,orange
255,0,6,en,red,red
255,209,0,en,mustard yellow,mustard
255,0,206,en,fuchsia,fuchsia
255,51,0,en,red,red
59,0,255,en,royal blue,royal blue
255,136,0,en,orange,orange
255,0,192,en,fushia,fushia
203,255,0,en,lime green,lime
255,0,124,en,hot pink (slightly darker),hot pink (slightly darker)
255,0,231,en,magenta,magenta
255,0,168,en,hot pink,hot pink
255,251,0,en,yellow,yellow
255,0,246,en,magenta,magenta
255,0,88,en,red,red
255,0,42,en,red,red
60,0,255,en,dark blue,dark blue
136,255,0,en,yellow,yellow
255,0,245,en,purple,purple
255,175,0,en,orange,orange
76,255,0,en,yellow,yellow
255,205,0,en,gold,gold
219,255,0,en,highlighter yellow,highlighter yellow
148,0,255,en,lilac,lilac
255,0,247,en,hot pink,hot pink
255,164,0,en,tangerine,tangerine
255,97,0,en,rust orange,rust orange
255,0,214,en,magenta,magenta
255,176,0,en,orange,orange
114,255,0,en,neon green,neon green
154,0,255,en,purple,purple
222,255,0,en,yellow,yellow
255,0,112,en,rose,rose
255,0,177,en,magenta,magenta
139,255,0,en,neon green,neon green
255,0,61,en,red,red
210,0,255,en,purple,purple
255,212,0,en,orange,orange
221,0,255,en,purple,purple
255,0,41,en,red,red
255,0,94,en,magenta,magenta
255,13,0,en,red,red
255,92,0,en,burnt orange,burnt orange
239,255,0,en,yello,yello
255,120,0,en,orange,orange
255,0,225,en,purple,purple
255,229,0,en,yellow,yellow
255,0,152,en,magenta,magenta
164,0,255,en,purple,purple
255,108,0,en,orange,orange
144,255,0,en,lime green,lime
255,0,200,en,magenta,magenta
124,0,255,en,purple,purple
196,255,0,en,yellow green,yellow green
255,0,74,en,reddish pink...,reddish pink
254,255,0,en,yellow,yellow
176,255,0,en,leaf green,leaf green
255,16,0,en,red,red
255,0,92,en,pink,pink
255,141,0,en,orange,orange
169,0,255,en,purple,purple
255,0,126,en,pink,pink
255,0,63,en,red,red
139,0,255,en,purple,purple
180,255,0,en,lime,lime
204,255,0,en,lime,lime
255,157,0,en,orange,orange
255,178,0,en,orange,orange
255,248,0,en,yellow,yellow
255,0,41,en,red,red
255,0,82,en,red pink,red pink
255,65,0,en,red,red
255,0,62,en,red,red
255,0,145,en,pink,pink
255,236,0,en,yellow,yellow
255,0,211,en,pink,pink
255,0,100,en,fuschia,fuschia
243,255,0,en,yello,yello
255,0,149,en,fuschia,fuschia
89,255,0,en,light green,light green
255,237,0,en,dark yellow,dark yellow
255,0,176,en,fuschia,fuschia
255,90,0,en,dark orange,dark orange
62,0,255,en,dark blue,dark blue
255,0,254,en,pink,pink
255,0,120,en,red pink,red pink
187,0,255,en,purple,purple
255,186,0,en,yellow,yellow
255,151,0,en,light orange,light orange
255,0,47,en,red,red
255,71,0,en,dark orange,dark orange
255,204,0,en,dirty yellow,dirty yellow
95,255,0,en,bright green,bright green
255,0,125,en,bright pink,bright pink
255,0,216,en,purple,purple
247,0,255,en,purple,purple
255,150,0,en,burnt orange,burnt orange
255,213,0,en,school bus yellow,school bus yellow
105,255,0,en,highlighter green,highlighter green
255,194,0,en,orangish yellow,orangish yellow
255,0,187,en,fuchsia,fuchsia
255,0,165,en,hot pink,hot pink
255,0,36,en,red,red
255,122,0,en,orange,orange
227,0,255,en,fuchsia,fuchsia
255,0,175,en,pink,pink
255,211,0,en,gold,gold
255,220,0,en,yellow,yellow
185,255,0,en,lime green,lime
255,246,0,en,fluorescent yellow,fluorescent yellow
255,208,0,en,goldenrod,goldenrod
143,0,255,en,violet,violet
255,180,0,en,yellow orange,yellow orange
167,0,255,en,purple,purple
255,0,231,en,fuchsia,fuchsia
255,253,0,en,yellow,yellow
255,0,124,en,hot pink,hot pink
127,255,0,en,lime green,lime
255,242,0,en,yellow,yellow
255,150,0,en,orange,orange
255,45,0,en,red,red
255,0,190,en,magenta,magenta
255,205,0,en,gold,gold
157,255,0,en,chartreuse,chartreuse
255,0,30,en,red,red
255,0,143,en,fuschia,fuschia
224,0,255,en,purple,purple
255,228,0,en,yellow,yellow
253,0,255,en,fuchsia,fuchsia
255,158,0,en,tangerine,tangerine
29,0,255,en,royal blue,royal blue
255,0,132,en,pink,pink
255,230,0,en,yellow,yellow
255,122,0,en,orange,orange
255,0,172,en,sangria,sangria
255,109,0,en,orange,orange
255,0,211,en,pink,pink
255,127,0,en,orange,orange
255,163,0,en,light orange,light orange
255,199,0,en,yellow,yellow
255,0,45,en,red,red
170,0,255,en,purple,purple
255,63,0,en,crimson,crimson
255,84,0,en,dark orange,dark orange
255,0,235,en,magenta,magenta
255,182,0,en,gold,gold
50,0,255,en,royal blue,royal blue
189,255,0,en,yellow,yellow
255,0,207,en,fuchsia,fuchsia
202,255,0,en,yellow,yellow
255,0,234,en,fuchsia,fuchsia
255,0,75,en,punch,punch
128,0,255,en,purple,purple
255,0,43,en,red,red
255,169,0,en,orange,orange
255,0,212,en,pink,pink
255,0,80,en,pink,pink
147,0,255,en,purple,purple
255,105,0,en,orange,orange
205,0,255,en,fuchsia,fuchsia
255,0,188,en,magenta,magenta
213,255,0,en,"florescent ye,low","florescent ye,low"
174,255,0,en,lime,lime
255,186,0,en,golden yellow,golden yellow
255,0,20,en,bright red,bright red
255,214,0,en,light gold yellow,light gold yellow
255,109,0,en,copper,copper
255,0,117,en,dark pink,dark pink
255,0,170,en,magenta,magenta
253,255,0,en,yellow,yellow
255,0,52,en,red,red
255,0,116,en,dark pink,dark pink
81,255,0,en,yellow green,yellow green
255,0,190,en,pink,pink
255,0,167,en,magenta,magenta
74,0,255,en,violet,violet
255,189,0,en,mustard,mustard
255,0,81,en,punch,punch
255,49,0,en,burnt orange,burnt orange
194,0,255,en,purple,purple
62,255,0,en,light green,light green
255,108,0,en,orange,orange
236,255,0,en,yellow,yellow
162,255,0,en,olive,olive
255,246,0,en,yellow,yellow
255,140,0,en,orange,orange
255,0,84,en,pinkish red,pinkish red
54,255,0,en,neon green,neon green
144,0,255,en,purple,purple
255,0,62,en,red,red
255,0,173,en,magenta,magenta
160,0,255,en,purple,purple
170,255,0,en,lime green,lime
211,255,0,en,yellow green,yellow green
190,0,255,en,light purple,light purple
255,61,0,en,red orange,red orange
255,214,0,en,gold,gold
222,0,255,en,violet,violet
255,0,89,en,pink,pink
92,255,0,en,light lime green,light lime green
255,65,0,en,red,red
255,153,0,en,copper,copper
255,0,215,en,magenta,magenta
255,0,110,en,dark pink,dark pink
78,255,0,en,lime green,lime
255,0,82,en,pink,pink
255,0,179,en,pink,pink
255,0,11,en,red,red
220,255,0,en,yellow,yellow
255,73,0,en,orange,orange
255,0,137,en,pink,pink
26,255,0,en,lime green,lime
255,0,88,en,dark pink,dark pink
255,0,153,en,hot pink,hot pink
236,255,0,en,chartreuse,chartreuse
255,219,0,en,yellow,yellow
255,198,0,en,goldenrod,goldenrod
255,0,177,en,pink,pink
255,228,0,en,yellow,yellow
56,0,255,en,blue,blue
29,255,0,en,green,green
210,255,0,en,green yellow,green yellow
255,0,91,en,red,red
255,0,10,en,red,red
255,0,109,en,magenta,magenta
255,6,0,en,red,red
151,0,255,en,purple,purple
255,0,245,en,magenta,magenta
255,0,207,en,magenta,magenta
207,0,255,en,purple,purple
255,0,213,en,magenta,magenta
255,86,0,en,blood orange,blood orange
228,255,0,en,urine,urine
225,0,255,en,purple,purple
255,192,0,en,gold,gold
255,0,183,en,magenta,magenta
255,120,0,en,orange,orange
102,255,0,en,light green,light green
255,0,42,en,red,red
80,0,255,en,royal blue,royal blue
255,0,66,en,magenta,magenta
255,177,0,en,gold,gold
243,0,255,en,magenta,magenta
138,255,0,en,lime green,lime
255,106,0,en,orange,orange
146,255,0,en,light greenish,light greenish
255,31,0,en,red,red
255,0,80,en,red purple,red purple
255,0,104,en,red purple,red purple
255,0,154,en,magenta,magenta
255,0,141,en,magenta,magenta
111,0,255,en,purple,purple
255,57,0,en,red,red
255,138,0,en,burnt orange,burnt orange
218,0,255,en,magenta,magenta
255,0,236,en,magenta,magenta
255,0,43,en,red,red
255,157,0,en,burnt orange,burnt orange
255,205,0,en,yellow,yellow
189,0,255,en,purple,purple
255,180,0,en,gold,gold
231,255,0,en,yellow,yellow
255,227,0,en,yellow gold,yellow gold
255,184,0,en,gold,gold
255,0,171,en,pink,pink
100,255,0,en,green,green
255,0,114,en,magenta,magenta
255,217,0,en,yellow,yellow
247,255,0,en,bright yellow,bright yellow
255,143,0,en,orange,orange
222,255,0,en,greenish yellow,greenish yellow
150,0,255,en,purple,purple
255,0,14,en,red,red
255,0,156,en,pink,pink
181,255,0,en,yellow green,yellow green
255,0,131,en,pink,pink
255,0,76,en,red,red
63,255,0,en,green,green
159,0,255,en,violet,violet
254,255,0,en,yellow,yellow
255,117,0,en,burnt orange,burnt orange
202,0,255,en,magenta,magenta
255,0,71,en,red,red
255,0,83,en,pink,pink
255,55,0,en,orange,orange
255,149,0,en,orange,orange
99,255,0,en,green,green
52,0,255,en,blue,blue
255,251,0,en,yellow,yellow
255,195,0,en,yellow,yellow
255,0,72,en,red,red
249,0,255,en,pink,pink
255,0,201,en,pink,pink
71,255,0,en,neon green,neon green
255,0,34,en,red,red
255,0,100,en,pinkish red,pinkish red
255,0,217,en,pink,pink
255,103,0,en,orange,orange
255,222,0,en,goldenrod,goldenrod
255,0,217,en,fuchsia,fuchsia
255,0,164,en,magenta,magenta
255,96,0,en,deep coral,deep coral
216,255,0,en,key lime pie,key lime pie
177,0,255,en,purple,purple
112,255,0,en,spring green,spring green
6,255,0,en,neon green,neon green
255,163,0,en,orange,orange
255,0,186,en,pink,pink
146,0,255,en,purple,purple
255,0,6,en,red,red
255,83,0,en,persimmon,persimmon
255,0,146,en,fuschia,fuschia
179,0,255,en,violet,violet
188,255,0,en,lime green,lime
255,0,74,en,red,red
184,255,0,en,chartreuse,chartreuse
255,163,0,en,amber,amber
147,255,0,en,yellow,yellow
255,15,0,en,red,red
87,255,0,en,yellow,yellow
255,0,218,en,blue,blue
255,0,7,en,red,red
255,0,168,en,pink,pink
255,127,0,en,orange,orange
255,223,0,en,mustard yellow,mustard
255,184,0,en,yellow orange,yellow orange
255,252,0,en,yellow,yellow
113,255,0,en,green,green
201,255,0,en,yellow green,yellow green
255,0,112,en,fuschia,fuschia
229,255,0,en,yellow,yellow
61,255,0,en,spring green,spring green
255,87,0,en,alloy orange,alloy orange
255,0,255,en,magenta,magenta
135,255,0,en,chartreuse,chartreuse
109,0,255,en,violet,violet
255,121,0,en,orange,orange
255,188,0,en,mustard yellow,mustard
251,255,0,en,yellow,yellow
157,255,0,en,lime green,lime
230,255,0,en,neon yellow,neon yellow
159,0,255,en,purple,purple
255,30,0,en,red,red
255,0,71,en,hot pink,hot pink
255,0,191,en,fuschia,fuschia
115,0,255,en,violet,violet
95,255,0,en,chartreuse,chartreuse
229,0,255,en,purple,purple
255,122,0,en,amber,amber
255,223,0,en,turmeric,turmeric
255,0,88,en,red,red
255,47,0,en,red,red
222,0,255,en,bright purple,bright purple
255,0,65,en,red,red
255,0,122,en,pink,pink
76,0,255,en,midnight blue,midnight blue
255,97,0,en,orange,orange
203,0,255,en,light purple,light purple
170,255,0,en,flourescent green,flourescent green
255,0,86,en,red,red
255,0,213,en,hot pink,hot pink
255,0,57,en,light red,light red
111,255,0,en,bright green,bright green
255,233,0,en,yellow,yellow
222,255,0,en,yellow green,yellow green
255,0,31,en,red,red
161,255,0,en,baby grass green,baby grass green
254,0,255,en,purple,purple
255,0,130,en,hot pink,hot pink
255,0,22,en,red,red
255,0,85,en,pink,pink
255,0,186,en,fuschia,fuschia
255,71,0,en,persimmon,persimmon
255,203,0,en,turmeric,turmeric
255,0,120,en,rose,rose
255,251,0,en,yellow,yellow
255,0,39,en,red,red
255,0,213,en,fuschia,fuschia
67,0,255,en,dark blue,dark blue
255,114,0,en,orange,orange
179,255,0,en,apple green,apple green
183,0,255,en,purple,purple
255,229,0,en,goldenrod,goldenrod
255,45,0,en,red,red
255,208,0,en,gold,gold
255,0,170,en,pink,pink
255,211,0,en,yellow gold,yellow gold
255,0,207,en,magenta,magenta
141,0,255,en,violet,violet
255,59,0,en,red orange,red orange
255,173,0,en,gold,gold
255,0,133,en,pink red,pink red
255,95,0,en,orange red,orange-red
255,0,241,en,pinkish purple,pinkish purple
138,0,255,en,purple,purple
255,152,0,en,orange,orange
255,0,152,en,pink,pink
116,255,0,en,lime green,lime
241,255,0,en,yellow,yellow
255,0,136,en,hot pink,hot pink
255,0,53,en,red,red
255,0,34,en,red,red
197,255,0,en,yellow green,yellow green
255,0,204,en,hot pink,hot pink
234,0,255,en,purplish pink,purplish pink
255,0,95,en,strawberry,strawberry
255,134,0,en,orange,orange
255,251,0,en,yellow,yellow
255,0,188,en,magenta,magenta
255,232,0,en,cadmium yellow,cadmium yellow
255,0,109,en,rose,rose
255,0,145,en,pink,pink
230,255,0,en,chartreuse,chartreuse
42,0,255,en,cobalt blue,cobalt blue
254,0,255,en,magenta,magenta
255,0,232,en,magenta,magenta
255,0,72,en,red,red
255,115,0,en,tangerine,tangerine
255,0,20,en,cadmium red,cadmium red
255,137,0,en,orange,orange
144,0,255,en,purple,purple
255,163,0,en,yellow orange,yellow orange
255,10,0,en,red,red
227,255,0,en,neon yellow,neon yellow
255,0,165,en,hot pink,hot pink
255,182,0,en,marigold,marigold
255,79,0,en,bright orange,bright orange
255,0,221,en,magenta,magenta
220,0,255,en,periwinkle,periwinkle
180,0,255,en,purple,purple
255,0,74,en,cherry red,cherry red
164,255,0,en,chartreuse,chartreuse
197,255,0,en,neon yellow,neon yellow
109,0,255,en,indigo,indigo
255,193,0,en,gold,gold
255,0,125,en,fuschia,fuschia
255,140,0,en,orange,orange
190,255,0,en,lime,lime
255,0,100,en,red,red
162,0,255,en,purple,purple
255,0,176,en,pink,pink
255,0,46,en,red,red
255,209,0,en,yellow,yellow
255,0,131,en,fuchsia,fuchsia
211,0,255,en,purple,purple
255,0,117,en,magenta,magenta
239,0,255,en,fuscia,fuscia
182,255,0,en,puke green,puke green
255,240,0,en,gold,gold
255,0,96,en,magenta,magenta
89,0,255,en,blue,blue
238,255,0,en,neon yellow,neon yellow
255,123,0,en,orange,orange
149,255,0,en,cyan,cyan
255,195,0,en,gold,gold
95,255,0,en,neon green,neon green
255,0,186,en,magenta,magenta
255,84,0,en,orange red,orange-red
255,0,92,en,magenta pink,magenta pink
224,0,255,en,purple,purple
245,255,0,en,yellow,yellow
24,0,255,en,blue,blue
255,146,0,en,orange,orange
203,0,255,en,purple,purple
255,0,156,en,fusia,fusia
255,0,233,en,magenta,magenta
255,0,141,en,fusia,fusia
255,0,24,en,red,red
255,0,51,en,red,red
134,0,255,en,violet,violet
124,255,0,en,chartreuse,chartreuse
255,0,119,en,pink,pink
157,255,0,en,chartreuse,chartreuse
176,0,255,en,purple,purple
255,198,0,en,yellow orange,yellow orange
255,0,244,en,fushsia,fushsia
255,90,0,en,orange,orange
255,25,0,en,red,red
160,255,0,en,lime,lime
255,0,55,en,red,red
255,219,0,en,yellow,yellow
255,0,155,en,pink,pink
255,181,0,en,orange yellow,orange yellow
64,255,0,en,green,green
255,117,0,en,orange,orange
255,138,0,en,tangerine,tangerine
255,220,0,en,yellow,yellow
143,255,0,en,neon green,neon green
255,0,98,en,hot pink,hot pink
255,205,0,en,yellow,yellow
255,0,190,en,hot pink,hot pink
213,0,255,en,purple,purple
255,61,0,en,red/orange,redorange
255,170,0,en,orange,orange
220,255,0,en,light lime,light lime
35,0,255,en,blue,blue
255,132,0,en,sienna,sienna
251,0,255,en,magenta,magenta
255,0,89,en,red,red
255,0,146,en,magenta,magenta
255,82,0,en,orange,orange
189,255,0,en,puke green,puke green
255,253,0,en,yellow gold,yellow gold
119,0,255,en,purple,purple
255,180,0,en,orange gold,orange gold
255,194,0,en,orange gold,orange gold
255,0,97,en,fuschia,fuschia
255,0,8,en,red,red
255,0,228,en,hot pink,hot pink
124,255,0,en,neon green,neon green
255,156,0,en,burnt orange,burnt orange
221,0,255,en,light purple,light purple
255,11,0,en,dark red,dark red
142,0,255,en,purple,purple
255,0,132,en,hot pink,hot pink
255,223,0,en,gold,gold
255,0,45,en,red,red
255,225,0,en,yellow,yellow
242,255,0,en,lemon,lemon
150,255,0,en,lime,lime
120,255,0,en,dark lime green,dark lime green
255,108,0,en,orange,orange
255,0,158,en,hot pink,hot pink
202,0,255,en,neon purple,neon purple
235,0,255,en,light purple,light purple
137,0,255,en,purple,purple
255,0,139,en,pink,pink
255,163,0,en,orange,orange
255,198,0,en,goldenrod,goldenrod
255,0,77,en,red,red
255,0,30,en,red,red
225,0,255,en,bright purple,bright purple
255,141,0,en,orange,orange
255,0,168,en,pink,pink
255,0,93,en,red,red
152,255,0,en,neon green,neon green
255,250,0,en,yellow,yellow
255,116,0,en,dark orange,dark orange
32,0,255,en,royal blue,royal blue
255,0,173,en,fuschia,fuschia
255,0,60,en,red,red
255,242,0,en,dark yellow,dark yellow
255,0,201,en,hot pink,hot pink
214,0,255,en,violet,violet
255,0,243,en,fuscia,fuscia
255,124,0,en,orange,orange
255,18,0,en,red,red
255,0,184,en,magenta,magenta
255,0,64,en,dark hot pink,dark hot pink
255,0,26,en,dark red,dark red
43,255,0,en,green,green
212,255,0,en,lime,lime
255,245,0,en,yellow,yellow
248,0,255,en,neon purple,neon purple
255,0,71,en,red,red
104,0,255,en,muted blue,muted blue
255,0,121,en,pink,pink
255,0,220,en,magenta,magenta
58,255,0,en,neon green,neon green
255,0,6,en,red,red
255,0,142,en,dark pink,dark pink
255,0,203,en,neon pink,neon pink
209,0,255,en,bright violet,bright violet
255,0,243,en,neon pink,neon pink
255,113,0,en,orange,orange
255,46,0,en,bright red,bright red
255,0,52,en,apple red,apple red
255,123,0,en,orange,orange
255,98,0,en,burnt orange,burnt orange
255,228,0,en,amarillo,amarillo
255,0,97,en,fushia,fushia
255,250,0,en,yello,yello
211,255,0,en,neon green,neon green
255,0,129,en,pink,pink
181,0,255,en,bright purple,bright purple
255,192,0,en,golden yellow,golden yellow
255,0,125,en,dark pink,dark pink
255,0,29,en,red,red
210,255,0,en,lemon lime,lemon lime
255,248,0,en,yellow,yellow
255,159,0,en,orange,orange
255,0,200,en,magenta,magenta
255,0,146,en,pink,pink
255,114,0,en,red orange,red orange
255,0,96,en,pink red,pink red
255,151,0,en,burnt orange,burnt orange
255,169,0,en,light orange,light orange
255,247,0,en,yellow,yellow
87,255,0,en,bright green,bright green
255,238,0,en,yellow,yellow
127,0,255,en,purple,purple
225,255,0,en,neon yellow,neon yellow
255,254,0,en,yellow,yellow
255,0,193,en,magenta,magenta
106,0,255,en,blue,blue
255,0,64,en,red,red
255,225,0,en,gold,gold
79,0,255,en,blue,blue
197,255,0,en,lime green,lime
255,210,0,en,orange yellow,orange yellow
255,177,0,en,orange,orange
255,0,175,en,magenta,magenta
255,0,120,en,magenta,magenta
255,0,94,en,orange red,orange-red
169,255,0,en,neon green,neon green
255,0,78,en,orange red,orange-red
255,0,205,en,hot pink,hot pink
255,34,0,en,red,red
247,255,0,en,pineapple,pineapple
199,0,255,en,puple,puple
255,237,0,en,yellow,yellow
174,255,0,en,lime,lime
255,66,0,en,red,red
255,212,0,en,gold,gold
90,0,255,en,cobalt blue,cobalt blue
255,165,0,en,orange,orange
247,0,255,en,magenta,magenta
233,255,0,en,yellow,yellow
110,0,255,en,purple,purple
255,0,41,en,red,red
255,0,227,en,fushia,fushia
250,255,0,en,yellow,yellow
255,0,134,en,pink,pink
255,0,97,en,dark pink,dark pink
255,88,0,en,orange,orange
241,0,255,en,purple,purple
156,255,0,en,yellow green,yellow green
255,89,0,en,orange,orange
255,0,33,en,red,red
206,0,255,en,purple,purple
152,0,255,en,indigo,indigo
255,232,0,en,pikachu,pikachu
255,177,0,en,orange,orange
174,0,255,en,indigo,indigo
255,0,148,en,magenta,magenta
255,0,39,en,red,red
71,255,0,en,neon green,neon green
255,206,0,en,pikachu orange,pikachu orange
197,255,0,en,lime,lime
255,0,223,en,magenta,magenta
255,119,0,en,orange,orange
255,117,0,en,oragne,oragne
255,0,250,en,magenta,magenta
81,255,0,en,green,green
255,0,180,en,pink,pink
158,255,0,en,lime green,lime
255,0,39,en,red,red
255,76,0,en,pumpkin,pumpkin
255,0,173,en,dark pink,dark pink
255,144,0,en,orange,orange
222,255,0,en,peuce,peuce
112,0,255,en,violet,violet
253,255,0,en,yellow,yellow
255,81,0,en,red,red
74,0,255,en,blue,blue
255,0,195,en,fushia,fushia
255,164,0,en,orange,orange
124,0,255,en,blue,blue
121,255,0,en,green,green
255,0,165,en,fushia,fushia
255,0,183,en,hot pink,hot pink
196,0,255,en,purple,purple
255,173,0,en,yellow orange,yellow orange
255,73,0,en,red orange,red orange
255,0,250,en,pink,pink
255,113,0,en,orange,orange
159,255,0,en,highlighter yellow,highlighter yellow
255,0,116,en,pink,pink
255,0,44,en,red,red
255,0,106,en,pink,pink
255,0,41,en,red,red
255,209,0,en,yellow,yellow
198,0,255,en,purple,purple
255,154,0,en,orange,orange
255,0,54,en,res,res
255,0,173,en,hot pink,hot pink
255,0,53,en,red,red
255,239,0,en,yellow,yellow
255,90,0,en,red,red
224,255,0,en,yellow,yellow
246,0,255,en,fushia,fushia
255,203,0,en,orange,orange
255,116,0,en,orange,orange
255,76,0,en,red orange,red orange
218,0,255,en,violet,violet
255,0,146,en,magenta,magenta
241,255,0,en,yellow,yellow
255,155,0,en,yellow orange,yellow orange
255,0,248,en,fuchsia,fuchsia
255,151,0,en,orange,orange
255,235,0,en,yellow,yellow
255,0,205,en,magenta,magenta
255,0,94,en,reddish pink,reddish pink
255,0,135,en,hot pink,hot pink
255,209,0,en,goldenrod,goldenrod
145,255,0,en,lime green,lime
255,0,149,en,hot pink,hot pink
196,255,0,en,yellow green,yellow green
60,0,255,en,blue,blue
255,173,0,en,orange,orange
255,0,5,en,red,red
62,255,0,en,neon green,neon green
255,130,0,en,orange,orange
218,0,255,en,neon purple,neon purple
169,255,0,en,green,green
255,0,223,en,fushia,fushia
255,124,0,en,orange,orange
255,0,94,en,red,red
255,0,114,en,red,red
191,0,255,en,purple,purple
255,0,27,en,red,red
255,57,0,en,red,red
124,0,255,en,violet,violet
255,149,0,en,orange,orange
225,255,0,en,yellow green,yellow green
255,228,0,en,gold,gold
255,163,0,en,dark orange,dark orange
253,255,0,en,yellow,yellow
69,255,0,en,green,green
255,208,0,en,tangerine,tangerine
127,255,0,en,neon green,neon green
157,0,255,en,purple,purple
244,255,0,en,yellow,yellow
255,0,111,en,magenta,magenta
198,0,255,en,fuchsia,fuchsia
255,233,0,en,yellow,yellow
200,255,0,en,highlighter yellow,highlighter yellow
255,0,81,en,pink,pink
255,0,66,en,red,red
255,72,0,en,brick red,brick red
255,0,57,en,red,red
240,255,0,en,yellow,yellow
255,0,141,en,fuchsia,fuchsia
255,0,43,en,red,red
142,0,255,en,purple,purple
223,255,0,en,lime green,lime
255,57,0,en,red,red
152,255,0,en,light green,light green
255,0,149,en,pink,pink
238,0,255,en,purple,purple
255,0,203,en,pink and purple,pink and purple
230,255,0,en,yellow and green,yellow and green
255,238,0,en,yellow,yellow
151,255,0,en,like green,like green
121,0,255,en,purple,purple
255,124,0,en,orange,orange
255,0,253,en,hot pink,hot pink
255,0,120,en,hot pink,hot pink
255,118,0,en,orange,orange
255,4,0,en,red,red
186,255,0,en,like green,like green
215,0,255,en,magenta,magenta
113,255,0,en,lime,lime
255,170,0,en,sunset orange,sunset orange
255,0,98,en,berry,berry
216,255,0,en,neon yellow,neon yellow
255,0,40,en,red,red
255,100,0,en,burnt orange,burnt orange
255,205,0,en,mustard,mustard
255,130,0,en,orange,orange
163,0,255,en,purple,purple
255,243,0,en,yellow,yellow
255,0,144,en,pink,pink
255,0,238,en,hot pink,hot pink
70,255,0,en,lime,lime
202,255,0,en,lime green,lime
245,255,0,en,yello,yello
47,255,0,en,bright green,bright green
255,115,0,en,orange,orange
255,60,0,en,red,red
255,0,98,en,magenta,magenta
151,0,255,en,purple,purple
255,0,85,en,red and pink,red and pink
185,0,255,en,purple,purple
255,0,123,en,pink,pink
59,0,255,en,blue,blue
255,0,68,en,red,red
255,245,0,en,yellow,yellow
255,96,0,en,orange and red,orange and red
255,0,69,en,bright red,bright red
255,0,2,en,red,red
209,0,255,en,purple,purple
255,176,0,en,goldenrod,goldenrod
255,0,120,en,flamingo pink,flamingo pink
157,255,0,en,lime green,lime
255,51,0,en,red,red
240,0,255,en,fuchsia,fuchsia
255,0,203,en,barbie pink,barbie pink
255,236,0,en,yellow,yellow
140,255,0,en,neon green,neon green
187,255,0,en,lime green,lime
255,0,39,en,red,red
255,0,168,en,pink,pink
34,255,0,en,neon green,neon green
255,0,202,en,magenta,magenta
255,0,254,en,fuchsia,fuchsia
255,29,0,en,red,red
255,0,132,en,pink,pink
255,214,0,en,yellow,yellow
255,0,61,en,red,red
104,0,255,en,violet,violet
255,0,210,en,pink,pink
255,95,0,en,orange,orange
219,0,255,en,purple,purple
255,0,174,en,pink,pink
255,54,0,en,red,red
255,0,202,en,hot pink,hot pink
255,255,0,en,canary yellow,canary yellow
255,0,229,en,hot pink,hot pink
118,255,0,en,like gree,like gree
255,38,0,en,bright red,bright red
255,82,0,en,orange,orange
255,0,61,en,red,red
255,0,223,en,magenta,magenta
220,255,0,en,yellow,yellow
110,255,0,en,lime green,lime
190,0,255,en,purple,purple
255,0,49,en,red,red
167,0,255,en,purple,purple
255,195,0,en,goldenrod,goldenrod
250,0,255,en,magenta,magenta
255,162,0,en,golden sun,golden sun
255,0,127,en,magenta,magenta
255,213,0,en,dark yellow,dark yellow
255,0,222,en,magenta,magenta
96,0,255,en,blue and purple,blue and purple
64,255,0,en,light green,light green
255,0,6,en,res,res
255,204,0,en,yellow and orange,yellow and orange
255,0,234,en,pink,pink
255,143,0,en,orange,orange
255,220,0,en,yellow and orange,yellow and orange
255,166,0,en,light orange,light orange
84,0,255,en,deep blue,deep blue
255,0,45,en,red,red
232,0,255,en,pink purple,pink purple
255,0,55,en,deep red,deep red
255,0,207,en,dark pink,dark pink
255,199,0,en,mustard,mustard
255,0,223,en,magenta,magenta
126,255,0,en,lime green,lime
255,0,254,en,deep pink,deep pink
255,90,0,en,orange,orange
181,255,0,en,lime green,lime
255,0,69,en,pinkish red,pinkish red
255,0,201,en,neon pink,neon pink
255,0,148,en,bright pink,bright pink
255,167,0,en,tangerine,tangerine
255,152,0,en,orange,orange
255,0,134,en,magenta,magenta
255,0,213,en,fuchsia,fuchsia
255,0,60,en,red,red
255,105,0,en,orange,orange
255,0,204,en,magenta,magenta
130,0,255,en,purple,purple
255,211,0,en,yellow,yellow
253,0,255,en,fresca,fresca
255,0,227,en,purple,purple
255,0,148,en,berry,berry
255,249,0,en,yellow,yellow
255,0,100,en,red,red
255,0,246,en,pink,pink
255,192,0,en,yellow orange,yellow orange
161,255,0,en,green,green
255,134,0,en,orange,orange
255,0,30,en,red,red
255,0,186,en,magenta,magenta
255,0,153,en,magenta,magenta
154,255,0,en,yellow green,yellow green
255,199,0,en,squash,squash
249,0,255,en,dark pink,dark pink
255,161,0,en,orange,orange
216,0,255,en,purple,purple
255,0,58,en,red,red
255,217,0,en,dark yellow,dark yellow
255,249,0,en,yellow,yellow
255,51,0,en,red,red
152,255,0,en,green,green
255,122,0,en,orange,orange
255,0,62,en,red,red
255,216,0,en,yellow,yellow
255,0,126,en,raspberry,raspberry
255,70,0,en,red,red
255,0,247,en,purple,purple
168,255,0,en,lime,lime
255,179,0,en,orange,orange
255,87,0,en,red,red
255,141,0,en,dark orange,dark orange
255,0,160,en,pink,pink
255,0,121,en,hot pink,hot pink
140,255,0,en,yellow green,yellow green
255,0,110,en,rose,rose
189,0,255,en,purple,purple
255,100,0,en,orange,orange
255,0,25,en,red,red
255,0,122,en,deep pink,deep pink
255,214,0,en,gold,gold
255,0,96,en,raspberry,raspberry
255,0,75,en,ruby,ruby
255,186,0,en,goldenrod,goldenrod
255,0,177,en,purple,purple
82,255,0,en,lime gren,lime gren
255,0,81,en,reddish purple,reddish purple
255,0,131,en,violet,violet
79,0,255,en,blue,blue
255,224,0,en,yellow,yellow
255,0,213,en,violet,violet
186,0,255,en,purple,purple
148,255,0,en,lime green,lime
221,255,0,en,neon yellow,neon yellow
77,255,0,en,green,green
255,0,194,en,deep pink,deep pink
255,0,242,en,fuchsia,fuchsia
146,0,255,en,indigo,indigo
255,123,0,en,orange,orange
255,88,0,en,orange,orange
255,0,211,en,pink,pink
255,232,0,en,yellow,yellow
255,65,0,en,dark orange,dark orange
255,0,219,en,fuschia,fuschia
11,0,255,en,blue,blue
255,181,0,en,gold,gold
138,0,255,en,purple,purple
255,0,136,en,hot pink,hot pink
255,0,91,en,magenta,magenta
255,0,19,en,red,red
202,0,255,en,light purple,light purple
255,237,0,en,yellow,yellow
61,0,255,en,blue,blue
255,188,0,en,orange,orange
255,115,0,en,rust orange,rust orange
212,255,0,en,yellow green,yellow green
116,255,0,en,lime green,lime
165,0,255,en,purple,purple
255,65,0,en,red,red
230,0,255,en,fuscia,fuscia
255,0,175,en,hot pink,hot pink
255,128,0,en,orange,orange
255,0,219,en,magenta,magenta
255,0,111,en,hot pink,hot pink
39,255,0,en,lime green,lime
43,0,255,en,cobalt blue,cobalt blue
255,77,0,en,red orange,red orange
255,0,236,en,fuschia,fuschia
249,0,255,en,fuschia,fuschia
255,0,130,en,dark pink,dark pink
249,255,0,en,bright yellow,bright yellow
255,183,0,en,yellow orange,yellow orange
255,0,48,en,scarlet,scarlet
255,217,0,en,dark yellow,dark yellow
208,0,255,en,purple,purple
255,0,252,en,pink,pink
88,255,0,en,green,green
255,196,0,en,mustard,mustard
255,0,37,en,red,red
255,0,99,en,pink,pink
179,255,0,en,lime green,lime
255,63,0,en,red orange,red orange
247,0,255,en,lavender,lavender
149,255,0,en,lime green,lime
255,0,154,en,hot pink,hot pink
255,165,0,en,orange,orange
255,147,0,en,orange,orange
255,0,23,en,red,red
255,0,180,en,fuschia,fuschia
255,255,0,en,yellow,yellow
170,0,255,en,violet,violet
149,255,0,en,bright green,bright green
255,131,0,en,orange,orange
123,255,0,en,bright green,bright green
255,105,0,en,red orange,red orange
223,255,0,en,yellow green,yellow green
255,0,112,en,hot pink,hot pink
255,0,162,en,magenta,magenta
92,0,255,en,violet,violet
245,255,0,en,yellow,yellow
255,104,0,en,orange,orange
191,0,255,en,purple,purple
255,0,177,en,pink,pink
218,0,255,en,lavender purple,lavender purple
142,0,255,en,purple blue,purple blue
255,0,80,en,red,red
255,0,224,en,magenta,magenta
255,0,128,en,fuschia,fuschia
255,0,101,en,hot pink,hot pink
255,222,0,en,yellow,yellow
42,0,255,en,blue,blue
255,134,0,en,orange,orange
255,154,0,en,orange,orange
255,254,0,en,yellow,yellow
255,0,88,en,pink,pink
189,0,255,en,purple,purple
255,0,237,en,pink,pink
180,255,0,en,like,like
255,237,0,en,yellow,yellow
255,84,0,en,orange,orange
255,0,84,en,rose,rose
255,179,0,en,mustard,mustard
255,0,144,en,bright pink,bright pink
255,0,70,en,pinkish red,pinkish red
255,159,0,en,yellow orange,yellow orange
151,0,255,en,violet,violet
255,0,101,en,bright pink,bright pink
255,0,180,en,pink,pink
255,183,0,en,orange,orange
220,255,0,en,yellow,yellow
255,0,241,en,magenta,magenta
255,113,0,en,orange,orange
255,0,141,en,magenta,magenta
87,255,0,en,green,green
255,0,185,en,magenta,magenta
130,0,255,en,purple,purple
165,255,0,en,lime green,lime
255,0,24,en,red,red
255,229,0,en,yellow,yellow
196,255,0,en,lime green,lime
255,180,0,en,orange,orange
255,0,84,en,raspberry,raspberry
106,255,0,en,light neon green,light neon green
255,0,140,en,strawberry,strawberry
197,0,255,en,neon purple,neon purple
255,0,64,en,red,red
255,0,64,en,red,red
255,177,0,en,marigold,marigold
173,255,0,en,neon green,neon green
255,0,151,en,hot pink,hot pink
255,0,196,en,fuchsia,fuchsia
239,0,255,en,hot purple,hot purple
255,27,0,en,red,red
255,101,0,en,orange,orange
255,0,75,en,red,red
255,0,125,en,maroon,maroon
133,0,255,en,purple,purple
255,0,222,en,hot pink,hot pink
168,0,255,en,violet,violet
255,147,0,en,light orange,light orange
215,255,0,en,highlighter yellow,highlighter yellow
255,95,0,en,burnt orange,burnt orange
255,204,0,en,gold,gold
255,0,63,en,red,red
255,73,0,en,orange,orange
204,0,255,en,purple,purple
255,0,172,en,pink,pink
255,0,251,en,magenta,magenta
255,0,235,en,pink,pink
255,0,161,en,pink,pink
255,90,0,en,orange,orange
160,0,255,en,purple,purple
255,0,65,en,red,red
255,159,0,en,orange,orange
177,255,0,en,green,green
227,0,255,en,fuschia,fuschia
198,0,255,en,purple,purple
255,0,225,en,fuschia,fuschia
141,255,0,en,lime green,lime
98,255,0,en,lime green,lime
255,144,0,en,orange,orange
157,0,255,en,purple,purple
152,255,0,en,lime green,lime
255,0,26,en,red,red
255,135,0,en,orange,orange
186,255,0,en,lime green,lime
40,255,0,en,green,green
255,0,142,en,dark pink,dark pink
105,255,0,en,green,green
245,255,0,en,yellow,yellow
94,0,255,en,indigo,indigo
221,255,0,en,puke green,puke green
255,196,0,en,gold,gold
255,220,0,en,smoker tooth,smoker tooth
255,0,154,en,fuschia,fuschia
255,0,209,en,brighter fuschia,brighter fuschia
255,0,242,en,magenta,magenta
255,0,103,en,crimson,crimson
236,0,255,en,fushia,fushia
101,255,0,en,like green,like green
255,0,216,en,pink,pink
255,69,0,en,orange red,orange-red
255,0,145,en,dark pink,dark pink
255,0,26,en,red,red
255,229,0,en,yellow,yellow
255,0,82,en,pink,pink
255,0,128,en,pink,pink
255,66,0,en,orange,orange
221,255,0,en,yellow,yellow
239,255,0,en,yellow,yellow
255,0,2,en,red,red
218,0,255,en,purple,purple
255,123,0,en,orange,orange
255,206,0,en,yellow,yellow
255,0,134,en,hot pink,hot pink
101,255,0,en,bright green,bright green
98,0,255,en,royal purple,royal purple
255,0,95,en,rose,rose
255,0,34,en,red,red
204,255,0,en,lime,lime
255,0,48,en,cherry red,cherry red
255,0,181,en,magenta,magenta
255,95,0,en,sienna,sienna
255,0,247,en,hot pink,hot pink
255,155,0,en,pumpkin,pumpkin
255,0,107,en,cranberry,cranberry
206,255,0,en,lime green,lime
57,0,255,en,violet,violet
255,174,0,en,light orange,light orange
173,255,0,en,like green,like green
246,0,255,en,magenta,magenta
255,0,39,en,red,red
255,0,198,en,hot pink,hot pink
255,0,207,en,pink,pink
255,138,0,en,orange,orange
87,255,0,en,green,green
39,0,255,en,blue,blue
255,194,0,en,orange,orange
240,0,255,en,pink,pink
45,0,255,en,royal blue,royal blue
255,0,159,en,pink,pink
255,0,51,en,red,red
255,210,0,en,yellow,yellow
255,0,141,en,magenta,magenta
255,0,187,en,fuchsia,fuchsia
65,255,0,en,like green,like green
240,255,0,en,yellow,yellow
255,0,174,en,hot pink,hot pink
255,0,82,en,red,red
255,63,0,en,red,red
255,239,0,en,yellow,yellow
45,0,255,en,deep blue,deep blue
255,0,211,en,fuchsia,fuchsia
187,0,255,en,purple,purple
255,225,0,en,yellow,yellow
231,255,0,en,bright yellow,bright yellow
255,199,0,en,gold,gold
255,233,0,en,yellow,yellow
255,53,0,en,red,red
255,111,0,en,orange,orange
255,0,25,en,red,red
255,167,0,en,orange,orange
255,247,0,en,yellow,yellow
194,255,0,en,neon green,neon green
255,0,79,en,red,red
255,102,0,en,dark orange,dark orange
255,209,0,en,dark yellow,dark yellow
132,0,255,en,royal purple,royal purple
255,0,195,en,medium pink,medium pink
255,0,146,en,dark pink,dark pink
255,175,0,en,medium orange,medium orange
135,0,255,en,grape,grape
137,255,0,en,apple green,apple green
255,0,57,en,red,red
95,255,0,en,neon green,neon green
255,187,0,en,light orange,light orange
80,255,0,en,lime green,lime
255,0,149,en,fuscia,fuscia
255,13,0,en,red,red
172,255,0,en,light green,light green
255,104,0,en,orange,orange
255,122,0,en,orange,orange
239,255,0,en,yellow,yellow
243,0,255,en,pink,pink
255,0,124,en,pink,pink
255,0,154,en,hot pink,hot pink
255,0,53,en,red,red
255,0,104,en,pink,pink
255,0,199,en,pink,pink
255,105,0,en,rust,rust
255,56,0,en,dark red,dark red
255,0,40,en,bright red,bright red
132,255,0,en,green,green
255,0,230,en,pink,pink
255,0,31,en,red,red
255,223,0,en,yellow,yellow
255,120,0,en,orange,orange
255,0,85,en,magenta,magenta
178,255,0,en,yellow green,yellow green
223,0,255,en,purple,purple
255,0,78,en,red,red
124,0,255,en,purple,purple
255,253,0,en,yellow,yellow
255,153,0,en,orange,orange
255,0,123,en,magenta,magenta
255,33,0,en,cherry red,cherry red
255,0,114,en,cranberry,cranberry
255,253,0,en,lemon yellow,lemon yellow
255,231,0,en,goldenrod,goldenrod
255,188,0,en,mustard yellow,mustard
255,0,231,en,hot pink,hot pink
255,143,0,en,pumpkin,pumpkin
164,0,255,en,grape,grape
255,0,172,en,magenta,magenta
255,0,230,en,fuschia,fuschia
244,0,255,en,dark fuschia,dark fuschia
238,255,0,en,yellow,yellow
255,224,0,en,dark yellow,dark yellow
255,81,0,en,red orange,red orange
201,0,255,en,purple,purple
255,0,98,en,red,red
255,0,135,en,fushia,fushia
255,165,0,en,orange,orange
255,0,85,en,bright pink,bright pink
205,255,0,en,chartreuse,chartreuse
255,132,0,en,orange,orange
255,0,209,en,pinl,pinl
221,255,0,en,yellow,yellow
255,0,94,en,red,red
34,0,255,en,dark blue,dark blue
255,189,0,en,light orange/yellow orange,light orangeyellow orange
133,255,0,en,yellow green,yellow green
255,92,0,en,orange,orange
255,0,125,en,pink,pink
241,255,0,en,yellow,yellow
255,0,167,en,pink,pink
255,118,0,en,orange,orange
255,0,90,en,pink,pink
166,255,0,en,lime green,lime
210,255,0,en,pea green,pea green
130,0,255,en,purple,purple
255,0,117,en,magenta,magenta
255,0,90,en,red,red
181,255,0,en,lime green,lime
213,255,0,en,lemon,lemon
255,98,0,en,orange,orange
119,0,255,en,purple,purple
255,0,49,en,red,red
255,116,0,en,orange,orange
255,255,0,en,yellow,yellow
162,255,0,en,line green,line green
217,0,255,en,fushia,fushia
255,223,0,en,yellos,yellos
255,187,0,en,orange,orange
255,4,0,en,red,red
255,0,29,en,red,red
255,0,171,en,magenta,magenta
255,0,211,en,magenta,magenta
93,255,0,en,lime green,lime
255,0,201,en,magenta,magenta
255,150,0,en,orange,orange
224,0,255,en,magenta,magenta
177,0,255,en,purple,purple
255,233,0,en,yellow,yellow
255,0,199,en,fushia pink,fushia pink
255,0,82,en,red,red
163,255,0,en,lemon green,lemon green
255,0,235,en,pink,pink
255,0,153,en,rose pink,rose
72,0,255,en,purple blue,purple blue
195,0,255,en,purple,purple
255,0,69,en,red,red
255,142,0,en,orange,orange
86,0,255,en,navy,navy
255,191,0,en,peach,peach
62,255,0,en,green,green
255,0,199,en,magenta,magenta
243,255,0,en,yellow,yellow
255,209,0,en,mustard,mustard
255,0,57,en,red,red
255,80,0,en,rust,rust
255,0,223,en,hot pink,hot pink
207,0,255,en,neon purple,neon purple
71,0,255,en,royal blue,royal blue
252,0,255,en,florecent pink,florecent pink
255,0,127,en,rouge,rouge
248,0,255,en,pinkple,pinkple
255,0,77,en,scarlet,scarlet
144,255,0,en,sunlight through a thin leaf,sunlight through a thin leaf
255,152,0,en,butt mustard,butt mustard
179,0,255,en,prince purple,prince purple
82,255,0,en,one rupee zelda coin,one rupee zelda coin
255,174,0,en,simba gold,simba gold
255,0,253,en,magenta,magenta
255,45,0,en,red,red
255,0,223,en,magenta,magenta
255,218,0,en,yellow,yellow
255,0,173,en,magenta,magenta
255,0,9,en,red,red
255,168,0,en,orange,orange
255,137,0,en,orange,orange
255,176,0,en,mustard,mustard
255,217,0,en,goldenrod,goldenrod
114,255,0,en,lime green,lime
94,0,255,en,royal blue,royal blue
255,0,9,en,red,red
255,0,197,en,pink,pink
204,0,255,en,fuchsia,fuchsia
255,254,0,en,yellow,yellow
145,255,0,en,lime green,lime
255,0,152,en,magenta,magenta
155,0,255,en,violet,violet
255,190,0,en,gold,gold
255,201,0,en,custard yellow,custard yellow
252,0,255,en,pink,pink
255,0,19,en,red,red
110,255,0,en,green,green
255,130,0,en,orange,orange
255,9,0,en,red,red
255,0,123,en,rose pink,rose
135,255,0,en,neon green,neon green
255,115,0,en,orange,orange
150,0,255,en,purple,purple
255,214,0,en,yellow orange,yellow orange
255,141,0,en,burnt orange,burnt orange
255,0,45,en,red,red
255,235,0,en,yellow,yellow
224,255,0,en,yellow,yellow
255,88,0,en,orange,orange
255,158,0,en,orange,orange
212,0,255,en,purple,purple
242,255,0,en,yellow,yellow
255,0,78,en,red,red
146,0,255,en,purple,purple
255,226,0,en,gold,gold
255,0,108,en,pinkish red,pinkish red
255,0,42,en,red,red
255,0,212,en,magenta,magenta
255,102,0,en,red orange,red orange
224,0,255,en,fuchsia,fuchsia
255,131,0,en,orange,orange
255,0,68,en,crimson,crimson
255,170,0,en,yellow orange,yellow orange
255,0,58,en,red,red
255,0,107,en,hot pink,hot pink
82,0,255,en,blue,blue
253,255,0,en,yellow,yellow
255,0,160,en,pink,pink
255,5,0,en,red,red
227,0,255,en,fuchsia,fuchsia
255,0,71,en,red,red
255,0,112,en,magenta,magenta
255,0,84,en,dark pink,dark pink
255,133,0,en,orange,orange
255,0,185,en,pink,pink
255,0,7,en,red,red
63,255,0,en,lime green,lime
255,0,141,en,magenta,magenta
255,0,107,en,pink,pink
255,202,0,en,pee yellow,pee yellow
255,99,0,en,organge,organge
255,140,0,en,light organe,light organe
98,255,0,en,neon green,neon green
199,255,0,en,neon yellow,neon yellow
255,0,195,en,neon pink,neon pink
255,196,0,en,neon orange,neon orange
213,0,255,en,purple,purple
255,177,0,en,orange,orange
255,0,129,en,hot pink,hot pink
234,0,255,en,purple,purple
255,0,239,en,neon purple,neon purple
255,0,50,en,red,red
255,0,163,en,barbie pink,barbie pink
154,0,255,en,purple,purple
255,176,0,en,orange,orange
255,0,22,en,red,red
255,55,0,en,red,red
187,0,255,en,light purple,light purple
255,0,206,en,magenta,magenta
224,0,255,en,purple,purple
255,202,0,en,gold,gold
255,87,0,en,burnt orange,burnt orange
94,255,0,en,green,green
255,243,0,en,yellow,yellow
255,0,144,en,pink,pink
255,223,0,en,yellow,yellow
255,0,252,en,magenta,magenta
255,0,170,en,pink,pink
215,255,0,en,lime green,lime
142,0,255,en,purple,purple
191,0,255,en,purple,purple
255,75,0,en,red,red
255,0,28,en,red,red
255,0,78,en,pink,pink
98,255,0,en,green,green
255,182,0,en,orange,orange
255,88,0,en,orange,orange
255,0,226,en,magenta,magenta
255,62,0,en,red,red
255,0,181,en,dark pink,dark pink
100,255,0,en,lime green,lime
200,255,0,en,chartruse,chartruse
255,0,136,en,magenta,magenta
255,148,0,en,orange,orange
182,0,255,en,purple,purple
112,255,0,en,chartreuse,chartreuse
255,199,0,en,yellow,yellow
233,255,0,en,neon yellow,neon yellow
255,0,254,en,magenta,magenta
255,90,0,en,dark orange,dark orange
255,0,84,en,red,red
255,0,236,en,pink,pink
255,0,85,en,red,red
255,130,0,en,orange,orange
255,0,130,en,magenta,magenta
252,255,0,en,yellow,yellow
255,0,184,en,pink,pink
255,176,0,en,orange,orange
149,255,0,en,green,green
182,255,0,en,chartreuse,chartreuse
229,255,0,en,yellow,yellow
255,223,0,en,yellow,yellow
255,0,25,en,red,red
255,157,0,en,burnt orange,burnt orange
255,0,205,en,pink,pink
255,0,133,en,fuschia,fuschia
255,0,165,en,pink,pink
121,0,255,en,purple,purple
255,46,0,en,red,red
255,0,61,en,red,red
255,47,0,en,red,red
241,255,0,en,yello,yello
255,0,220,en,purple,purple
255,0,247,en,pink,pink
255,209,0,en,ochre,ochre
104,255,0,en,green,green
255,0,182,en,lavender,lavender
255,236,0,en,yellow,yellow
255,0,44,en,red,red
218,0,255,en,purple,purple
255,42,0,en,burnt orange,burnt orange
230,0,255,en,purple,purple
255,0,60,en,red,red
255,0,83,en,red,red
157,255,0,en,line green,line green
255,0,119,en,rose,rose
255,64,0,en,red orange,red orange
255,145,0,en,burnt orange,burnt orange
89,0,255,en,purple,purple
255,252,0,en,yellow,yellow
255,133,0,en,orange,orange
255,25,0,en,red,red
255,0,101,en,magenta,magenta
255,0,138,en,rose,rose
255,0,205,en,magenta,magenta
255,0,146,en,hot pink,hot pink
255,181,0,en,golden rod,golden rod
196,0,255,en,purple,purple
255,251,0,en,yellow,yellow
202,255,0,en,pea green,pea green
255,0,134,en,fuscia,fuscia
255,0,242,en,lavender,lavender
114,255,0,en,green,green
255,132,0,en,orange,orange
139,255,0,en,pea green,pea green
64,0,255,en,dark blue,dark blue
255,0,225,en,pink,pink
255,0,8,en,red,red
255,0,213,en,magenta,magenta
255,89,0,en,burnt orange,burnt orange
72,255,0,en,neon green,neon green
255,0,26,en,red,red
255,0,51,en,red,red
255,0,82,en,red,red
255,160,0,en,orange,orange
255,191,0,en,dark yellow,dark yellow
145,0,255,en,purple,purple
255,0,144,en,fuscia,fuscia
255,88,0,en,burnt orange,burnt orange
245,0,255,en,fushia,fushia
217,255,0,en,neon yellow,neon yellow
71,0,255,en,royal blue,royal blue
255,207,0,en,golden rod yellow,golden rod yellow
255,237,0,en,yellow,yellow
134,0,255,en,purple,purple
171,255,0,en,puke yellow green,puke yellow green
255,115,0,en,orange red,orange-red
255,0,166,en,rose,rose
255,197,0,en,gold,gold
99,0,255,en,purple,purple
255,0,55,en,red,red
255,121,0,en,orange,orange
255,0,175,en,pink,pink
255,0,207,en,pink,pink
129,0,255,en,purplee,purplee
255,0,234,en,pink,pink
255,166,0,en,yellow,yellow
126,255,0,en,green,green
255,253,0,en,yellow,yellow
255,187,0,en,yellow,yellow
255,0,70,en,red,red
255,62,0,en,orange,orange
242,0,255,en,purple,purple
204,0,255,en,bright purple,bright purple
255,238,0,en,goldenrod,goldenrod
255,0,242,en,pink,pink
229,255,0,en,yellow green,yellow green
255,174,0,en,burnt orange,burnt orange
255,0,254,en,hot pink,hot pink
255,0,25,en,red,red
84,255,0,en,bright green,bright green
255,0,184,en,magenta,magenta
255,251,0,en,yellow,yellow
145,255,0,en,green,green
255,0,29,en,red,red
255,0,137,en,pink,pink
255,92,0,en,orange,orange
255,238,0,en,yellow,yellow
212,0,255,en,purple,purple
215,255,0,en,yellow,yellow
255,0,102,en,red,red
255,145,0,en,orange,orange
181,255,0,en,lime,lime
255,0,219,en,magenta,magenta
253,255,0,en,yellow,yellow
180,0,255,en,purple,purple
145,0,255,en,violet,violet
255,0,167,en,pink,pink
255,118,0,en,hunters orange,hunters orange
107,0,255,en,royal purple,royal purple
255,0,24,en,bright red,bright red
255,139,0,en,tangerine,tangerine
255,0,70,en,magenta,magenta
255,0,209,en,magenta,magenta
255,0,13,en,red,red
255,214,0,en,yellow,yellow
125,255,0,en,lime,lime
232,0,255,en,<agemta,agemta
255,67,0,en,red,red
167,0,255,en,purple,purple
145,0,255,en,purple,purple
235,0,255,en,fuchsia,fuchsia
242,255,0,en,yellow,yellow
187,255,0,en,yellow green,yellow green
255,159,0,en,orange,orange
255,0,64,en,red,red
255,133,0,en,orange,orange
255,0,41,en,red,red
255,164,0,en,orange,orange
255,0,60,en,red,red
187,255,0,en,lime,lime
255,0,132,en,magenta,magenta
255,108,0,en,orange,orange
255,243,0,en,yellow,yellow
255,60,0,en,red,red
255,120,0,en,orange,orange
255,202,0,en,mustard yellow,mustard
228,255,0,en,yellow,yellow
255,0,202,en,hot pink,hot pink
255,0,224,en,neon pink,neon pink
255,93,0,en,orange,orange
126,0,255,en,purple,purple
33,0,255,en,royal blue,royal blue
171,255,0,en,yellow green,yellow green
116,255,0,en,green yellow,green yellow
255,0,159,en,deep pink,deep pink
171,0,255,en,pink purple,pink purple
255,0,46,en,red,red
255,0,241,en,hot pink,hot pink
233,0,255,en,pink purple,pink purple
133,0,255,en,purple,purple
255,0,138,en,dark pink,dark pink
255,225,0,en,golden,gold
255,0,120,en,dark pink,dark pink
220,255,0,en,ugly green,ugly green
255,52,0,en,dark orange,dark orange
232,255,0,en,neon yellow,neon yellow
255,161,0,en,orange,orange
255,0,24,en,tomato red,tomato
255,0,176,en,dark pink,dark pink
255,0,250,en,neon pink,neon pink
255,0,59,en,dull red,dull red
255,0,87,en,pinky red,pinky red
255,128,0,en,dark orange,dark orange
255,191,0,en,golden,gold
255,214,0,en,yellow,yellow
145,255,0,en,like green,like green
255,115,0,en,orange,orange
78,255,0,en,bright green,bright green
255,0,72,en,red pink,red pink
255,0,101,en,dark pink,dark pink
255,0,166,en,hot pink,hot pink
176,0,255,en,purple,purple
255,154,0,en,mustard yellow,mustard
224,0,255,en,fuscha,fuscha
108,255,0,en,lime green,lime
177,0,255,en,violet,violet
255,134,0,en,orange,orange
255,224,0,en,yellow,yellow
255,0,225,en,magenta,magenta
255,50,0,en,red,red
196,255,0,en,yellow green,yellow green
255,0,221,en,fuschia,fuschia
255,250,0,en,banana yellow,banana yellow
19,255,0,en,green,green
255,0,183,en,magenta,magenta
255,160,0,en,gold,gold
255,226,0,en,yellow,yellow
255,104,0,en,orange,orange
102,0,255,en,purple,purple
255,0,75,en,lipstick red,lipstick red
255,0,53,en,red,red
255,0,143,en,pink,pink
255,208,0,en,yellow,yellow
255,0,38,en,red,red
255,165,0,en,orangw,orangw
61,255,0,en,lime green,lime
236,0,255,en,lilac,lilac
198,255,0,en,lime green,lime
251,0,255,en,magenta,magenta
255,187,0,en,gold,gold
255,0,162,en,fuschia,fuschia
197,0,255,en,purple,purple
255,58,0,en,red,red
255,0,104,en,red violent,red violent
255,0,32,en,red,red
172,255,0,en,spring green,spring green
255,164,0,en,light orange,light orange
209,255,0,en,neon yellow,neon yellow
255,145,0,en,orange,orange
77,255,0,en,neon green,neon green
255,0,125,en,pink,pink
255,119,0,en,reddish orange,reddish orange
108,0,255,en,purple,purple
255,0,98,en,magenta,magenta
255,121,0,en,orange,orange
255,0,117,en,fuschia,fuschia
110,255,0,en,spring green,spring green
255,0,187,en,magenta,magenta
255,0,52,en,cherry,cherry
255,247,0,en,yellow,yellow
255,219,0,en,marigold,marigold
226,255,0,en,lime green,lime
255,0,213,en,orchid,orchid
149,255,0,en,yellow green,yellow green
115,255,0,en,granny smith,granny smith
255,0,161,en,pink,pink
255,0,217,en,light pink,light pink
255,0,76,en,reddish pink,reddish pink
255,215,0,en,yellow,yellow
255,0,255,en,light pink,light pink
236,255,0,en,neon yellow,neon yellow
255,189,0,en,yellow,yellow
167,0,255,en,purple,purple
240,0,255,en,orchid,orchid
255,125,0,en,yellow orange,yellow orange
255,0,242,en,not quite mauve,not quite mauve
255,0,39,en,red,red
249,255,0,en,sunshine yellow,sunshine yellow
197,0,255,en,light purple,light purple
255,0,82,en,strawberry,strawberry
255,199,0,en,mustard,mustard
255,0,171,en,magenta,magenta
255,113,0,en,rust,rust
255,0,181,en,pink,pink
255,0,40,en,red,red
142,255,0,en,yellow green,yellow green
74,0,255,en,blue,blue
255,78,0,en,reddish orange,reddish orange
145,0,255,en,purple,purple
255,182,0,en,gold,gold
255,0,255,en,fushia,fushia
255,0,126,en,red violet,red violet
166,0,255,en,violet,violet
255,122,0,en,copper,copper
65,0,255,en,blueberry,blueberry
255,0,40,en,red,red
255,79,0,en,red orange,red orange
137,255,0,en,lime green,lime
255,0,50,en,red,red
255,0,169,en,orchid,orchid
118,255,0,en,lime green,lime
255,193,0,en,goldenod,goldenod
204,255,0,en,yellow,yellow
255,40,0,en,red orange,red orange
156,0,255,en,medium purple,medium purple
255,0,186,en,orchid,orchid
255,0,87,en,hot pink,hot pink
255,110,0,en,orange,orange
255,215,0,en,sunshine yellow,sunshine yellow
15,255,0,en,lime green,lime
255,160,0,en,goldenrod,goldenrod
255,0,120,en,rose pink,rose
174,0,255,en,neon purple,neon purple
255,114,0,en,orange,orange
255,186,0,en,goldenrod,goldenrod
255,0,199,en,fuscia,fuscia
255,56,0,en,red orange,red orange
230,255,0,en,chartreuse,chartreuse
255,0,150,en,cerise,cerise
255,0,244,en,neon pink,neon pink
124,255,0,en,green,green
255,213,0,en,yellow,yellow
255,0,20,en,red,red
255,0,104,en,rose,rose
132,255,0,en,green,green
119,0,255,en,purple,purple
255,0,58,en,red,red
152,255,0,en,green,green
255,0,169,en,pink,pink
255,0,23,en,red,red
142,255,0,en,green,green
151,0,255,en,indigo,indigo
255,192,0,en,gold,gold
104,255,0,en,green,green
255,0,101,en,deep pink,deep pink
255,214,0,en,yellow,yellow
255,144,0,en,orange,orange
255,0,243,en,pink,pink
255,41,0,en,red,red
255,161,0,en,orange,orange
255,0,184,en,pink,pink
255,0,9,en,red,red
255,0,109,en,magenta,magenta
204,0,255,en,purple,purple
255,0,74,en,red,red
255,247,0,en,yellow,yellow
2,0,255,en,royal blue,royal blue
203,0,255,en,violet,violet
255,0,117,en,deep pink,deep pink
201,255,0,en,grass green,grass green
255,120,0,en,orange,orange
255,92,0,en,orange,orange
221,255,0,en,yellow,yellow
255,227,0,en,yellow,yellow
255,184,0,en,yellow,yellow
255,251,0,en,yellow,yellow
245,0,255,en,pink,pink
255,0,123,en,magenta,magenta
255,115,0,en,orange,orange
255,0,244,en,fuchsia,fuchsia
247,0,255,en,fuchsia,fuchsia
255,0,183,en,deep pink,deep pink
255,0,173,en,magenta,magenta
255,160,0,en,gold,gold
255,74,0,en,red,red
255,0,233,en,fusia,fusia
255,208,0,en,apircot,apircot
196,255,0,en,yellow green,yellow green
255,58,0,en,red,red
255,113,0,en,orange,orange
21,255,0,en,green,green
255,123,0,en,rust,rust
175,255,0,en,lime,lime
255,167,0,en,rust,rust
255,220,0,en,dark apircot,dark apircot
255,0,140,en,hot pink,hot pink
92,255,0,en,green,green
255,252,0,en,yellow,yellow
255,0,204,en,fusia,fusia
242,0,255,en,dark lavender,dark lavender
255,0,24,en,red,red
158,0,255,en,purple,purple
255,0,153,en,pink,pink
255,0,56,en,crimson,crimson
179,0,255,en,lavender,lavender
174,0,255,en,purple,purple
255,118,0,en,orange,orange
255,0,192,en,fuchsia,fuchsia
5,255,0,en,green,green
255,219,0,en,yellow,yellow
255,0,153,en,fuchsia,fuchsia
102,0,255,en,dark blue,dark blue
255,0,28,en,red,red
2,0,255,en,bright blue,bright blue
255,157,0,en,orange,orange
255,0,106,en,magenta,magenta
155,255,0,en,light lime green,light lime green
255,0,62,en,red,red
255,69,0,en,orange,orange
74,255,0,en,lime green,lime
255,231,0,en,yellow,yellow
255,0,217,en,magenta,magenta
255,0,50,en,red,red
142,0,255,en,purple,purple
255,149,0,en,orange,orange
255,0,126,en,dark magenta,dark magenta
198,255,0,en,neon green,neon green
202,255,0,en,light lime green,light lime green
255,0,219,en,fuchsia,fuchsia
255,0,255,en,fuchsia,fuchsia
243,255,0,en,yellow,yellow
255,0,131,en,magenta,magenta
255,142,0,en,orange,orange
255,200,0,en,gold,gold
179,255,0,en,yellow green,yellow green
255,0,94,en,rose,rose
255,58,0,en,reddish orange,reddish orange
216,0,255,en,violet,violet
115,255,0,en,light green,light green
255,185,0,en,goldenrod,goldenrod
255,88,0,en,burnt orange,burnt orange
255,0,164,en,magenta,magenta
255,0,37,en,red,red
255,0,178,en,magenta,magenta
255,161,0,en,orange,orange
255,245,0,en,yellow,yellow
255,0,249,en,violet,violet
190,0,255,en,purple,purple
255,0,167,en,fuschia,fuschia
154,255,0,en,lime,lime
96,0,255,en,purple,purple
238,255,0,en,yellow,yellow
255,0,40,en,red,red
255,0,181,en,pink,pink
57,255,0,en,electric green,electric green
255,0,231,en,fuschia,fuschia
243,0,255,en,fuschia,fuschia
255,206,0,en,yellow,yellow
255,0,67,en,red,red
255,226,0,en,yellow,yellow
255,0,98,en,red,red
255,0,129,en,rose,rose
255,180,0,en,mustard,mustard
255,99,0,en,orange,orange
198,255,0,en,lime,lime
255,60,0,en,burnt orange,burnt orange
255,147,0,en,pumpkin,pumpkin
255,150,0,en,tangerine,tangerine
255,0,151,en,magenta,magenta
255,0,125,en,rspberry,rspberry
74,255,0,en,spring green,spring green
75,0,255,en,blue,blue
255,255,0,en,yelow,yelow
200,255,0,en,chartruse,chartruse
178,0,255,en,purple,purple
255,165,0,en,orange,orange
239,0,255,en,lilac,lilac
158,255,0,en,chartruse,chartruse
255,0,67,en,cool red,cool red
255,111,0,en,burnt orange,burnt orange
255,0,4,en,red,red
255,58,0,en,warm red,warm red
255,0,231,en,magenta,magenta
255,189,0,en,gold,gold
255,0,101,en,rose red,rose red
255,230,0,en,yellow,yellow
255,0,196,en,raspberry,raspberry
141,0,255,en,periwinkle,periwinkle
255,99,0,en,orange,orange
142,255,0,en,spring green,spring green
255,0,50,en,red,red
255,0,166,en,magenta,magenta
255,0,189,en,pink,pink
110,255,0,en,florescent green,florescent green
171,0,255,en,purple,purple
255,0,17,en,bright red,bright red
255,0,110,en,coral,coral
88,0,255,en,indigo,indigo
255,43,0,en,orange red,orange-red
255,145,0,en,sunshine orange,sunshine orange
255,0,234,en,pink,pink
222,255,0,en,florescent yello,florescent yello
255,205,0,en,light orange,light orange
130,0,255,en,purple,purple
255,180,0,en,light orange,light orange
255,228,0,en,orange yellow,orange yellow
245,255,0,en,yello,yello
255,0,136,en,magenta,magenta
225,0,255,en,light purple,light purple
109,0,255,en,purple,purple
238,0,255,en,purple,purple
255,174,0,en,orange,orange
255,182,0,en,orange,orange
255,0,122,en,red,red
255,0,92,en,red,red
255,0,191,en,purple,purple
167,255,0,en,green,green
190,0,255,en,purple,purple
208,255,0,en,green,green
255,110,0,en,orange,orange
255,0,168,en,pink,pink
255,0,234,en,purple,purple
255,0,54,en,red,red
255,146,0,en,orange,orange
255,252,0,en,yellow,yellow
255,219,0,en,orange,orange
255,0,19,en,red,red
255,70,0,en,red,red
111,255,0,en,green,green
255,94,0,en,red orange,red orange
255,0,200,en,magenta,magenta
255,0,130,en,pink,pink
255,180,0,en,orange yellow,orange yellow
255,0,101,en,pink,pink
190,255,0,en,yellow green,yellow green
255,0,156,en,red pink,red pink
255,0,68,en,pink red,pink red
246,0,255,en,purple magenta,purple magenta
255,249,0,en,yellow,yellow
113,0,255,en,blue,blue
255,242,0,en,orange yellow,orange yellow
255,80,0,en,red,red
47,255,0,en,yellow green,yellow green
255,194,0,en,orange,orange
172,255,0,en,green yellow,green yellow
255,130,0,en,red orange,red orange
255,0,47,en,red,red
255,0,223,en,magenta,magenta
204,0,255,en,purple,purple
255,0,78,en,pink,pink
255,0,9,en,red,red
188,255,0,en,green,green
174,255,0,en,green,green
255,177,0,en,orange,orange
255,65,0,en,orange,orange
255,0,239,en,pink,pink
132,0,255,en,blue,blue
255,0,99,en,purple,purple
236,255,0,en,yellow,yellow
121,255,0,en,green,green
255,221,0,en,yellow,yellow
255,0,202,en,pink,pink
226,0,255,en,purple,purple
255,141,0,en,orange,orange
255,192,0,en,orange,orange
255,0,132,en,pink,pink
189,0,255,en,purple,purple
255,0,148,en,pink,pink
255,95,0,en,orange,orange
255,90,0,en,red orange,red orange
235,0,255,en,light purple,light purple
123,255,0,en,light green,light green
255,0,157,en,magenta,magenta
216,255,0,en,lime green,lime
138,255,0,en,light green,light green
255,250,0,en,yellow,yellow
255,141,0,en,orange,orange
255,0,228,en,magenta,magenta
166,0,255,en,purple,purple
132,0,255,en,royal purple,royal purple
255,73,0,en,red,red
80,0,255,en,blue,blue
255,0,108,en,fusha,fusha
255,0,188,en,magenta,magenta
255,188,0,en,marigold,marigold
255,220,0,en,yellow,yellow
255,0,213,en,fuschia,fuschia
255,22,0,en,crimson,crimson
255,165,0,en,orange,orange
255,0,59,en,red,red
255,0,15,en,red,red
255,0,141,en,magenta,magenta
255,156,0,en,orange,orange
255,247,0,en,yellow,yellow
255,0,122,en,rose,rose
172,0,255,en,purple,purple
212,255,0,en,yellow green,yellow green
255,0,173,en,fuschia,fuschia
255,0,108,en,rose,rose
165,255,0,en,chartreuse,chartreuse
255,0,42,en,red,red
255,100,0,en,orange,orange
255,84,0,en,red orange,red orange
255,239,0,en,gold,gold
255,185,0,en,orange,orange
177,255,0,en,lime,lime
255,178,0,en,oeange,oeange
255,0,79,en,pink,pink
255,0,251,en,purple,purple
255,229,0,en,yellow,yellow
252,0,255,en,magenta,magenta
255,0,64,en,rose,rose
255,183,0,en,yellow orange,yellow orange
255,130,0,en,orange,orange
115,255,0,en,chartreuse,chartreuse
149,0,255,en,purple,purple
255,0,200,en,fuschia,fuschia
255,0,167,en,magenta,magenta
255,183,0,en,dark yellow,dark yellow
97,255,0,en,lime green,lime
255,250,0,en,yellow,yellow
255,0,41,en,red,red
255,123,0,en,orange,orange
255,0,118,en,pink,pink
255,0,250,en,magenta,magenta
255,0,79,en,pink,pink
255,179,0,en,yellow orange,yellow orange
255,0,109,en,pink,pink
119,0,255,en,purple,purple
255,108,0,en,orange,orange
80,0,255,en,blue,blue
255,62,0,en,orange,orange
175,0,255,en,purple,purple
155,255,0,en,lime green,lime
255,0,176,en,pink,pink
255,238,0,en,yellow,yellow
195,255,0,en,lime green,lime
255,0,213,en,pink,pink
255,183,0,en,canary,canary
255,0,121,en,hot pink,hot pink
255,76,0,en,medium orange,medium orange
255,161,0,en,marigold,marigold
255,0,252,en,fuschia,fuschia
200,0,255,en,purple,purple
121,0,255,en,iris,iris
255,0,255,en,magenta,magenta
255,205,0,en,yellow,yellow
255,77,0,en,red,red
255,0,197,en,hot pink,hot pink
255,165,0,en,orange,orange
255,245,0,en,yellow,yellow
100,255,0,en,bright green,bright green
76,0,255,en,royal blue,royal blue
223,255,0,en,neon yellow,neon yellow
255,0,38,en,red,red
255,152,0,en,tangerine,tangerine
172,255,0,en,chartreuse,chartreuse
255,0,121,en,pink,pink
238,0,255,en,purplish pink,purplish pink
116,255,0,en,lime green,lime
255,0,43,en,red,red
255,0,218,en,fuchsia,fuchsia
173,255,0,en,chartreuse,chartreuse
255,130,0,en,orange,orange
254,0,255,en,fuscia,fuscia
255,0,125,en,pink,pink
255,216,0,en,butterscotch,butterscotch
255,212,0,en,dandelion,dandelion
229,255,0,en,neon yellow,neon yellow
255,0,67,en,crimson,crimson
255,205,0,en,gold,gold
214,0,255,en,magenta,magenta
225,255,0,en,lemon lime,lemon lime
255,92,0,en,red orange,red orange
255,126,0,en,orange,orange
175,255,0,en,lime,lime
255,0,130,en,neon pink,neon pink
255,0,160,en,hot pink,hot pink
246,255,0,en,neon yellow,neon yellow
255,0,199,en,magenta,magenta
255,103,0,en,carrot,carrot
255,0,59,en,rose,rose
255,0,230,en,fuschia,fuschia
255,217,0,en,yellow,yellow
107,255,0,en,chartreuse,chartreuse
255,104,0,en,carrot,carrot
255,0,230,en,magenta,magenta
249,255,0,en,neon yellow,neon yellow
255,0,203,en,fuscia,fuscia
255,23,0,en,scarlet,scarlet
255,0,32,en,crimson,crimson
255,211,0,en,gold,gold
255,158,0,en,orange,orange
255,0,149,en,fuchsia,fuchsia
137,255,0,en,lime green,lime
238,255,0,en,neon green,neon green
255,0,60,en,red,red
255,142,0,en,burnt orange,burnt orange
237,0,255,en,magenta,magenta
255,0,145,en,dark pink,dark pink
255,0,190,en,magenta,magenta
255,72,0,en,red orange,red orange
255,166,0,en,gold,gold
249,255,0,en,bright yellow,bright yellow
218,255,0,en,lime green,lime
52,0,255,en,dark blue,dark blue
255,0,68,en,red,red
254,255,0,en,yellow,yellow
92,0,255,en,purple,purple
36,255,0,en,neon green,neon green
255,0,95,en,red,red
255,0,85,en,red pink,red pink
144,0,255,en,neon purple,neon purple
255,0,230,en,magenta,magenta
118,255,0,en,yellow green,yellow green
255,0,36,en,red,red
255,0,56,en,vermillion,vermillion
231,0,255,en,bright violet,bright violet
255,236,0,en,yellow,yellow
188,0,255,en,purple,purple
255,64,0,en,red,red
255,172,0,en,orange,orange
247,255,0,en,yellow,yellow
200,255,0,en,lime,lime
255,0,85,en,pinky red,pinky red
255,184,0,en,yellow orange,yellow orange
182,255,0,en,lime green,lime
255,0,182,en,pink,pink
255,129,0,en,orange,orange
176,0,255,en,purple,purple
255,0,145,en,pink,pink
255,119,0,en,orange,orange
255,223,0,en,yellow,yellow
255,50,0,en,red,red
255,170,0,en,yellow orange,yellow orange
169,0,255,en,purple,purple
207,255,0,en,yellow,yellow
255,0,147,en,pink,pink
255,0,84,en,pink,pink
255,158,0,en,orange,orange
152,0,255,en,purple,purple
255,0,238,en,pink,pink
255,0,122,en,pink,pink
255,79,0,en,brick,brick
255,0,73,en,pink,pink
255,116,0,en,orange,orange
148,255,0,en,lemon,lemon
125,255,0,en,green,green
255,224,0,en,yellow,yellow
255,0,195,en,pink,pink
238,0,255,en,pink,pink
255,246,0,en,yellow,yellow
255,191,0,en,yellow,yellow
255,150,0,en,yellow,yellow
255,0,12,en,red,red
255,191,0,en,yellow orange,yellow orange
101,255,0,en,yellow green,yellow green
255,93,0,en,orange red,orange-red
171,255,0,en,chartruse,chartruse
255,0,38,en,red,red
255,29,0,en,red orange,red orange
255,0,194,en,magenta,magenta
255,0,142,en,pink,pink
255,142,0,en,orange,orange
15,0,255,en,blue,blue
198,0,255,en,purple,purple
190,255,0,en,chartruse,chartruse
255,242,0,en,yellow,yellow
248,255,0,en,yellow,yellow
93,0,255,en,blue,blue
255,0,88,en,red,red
255,0,220,en,magenta,magenta
255,0,62,en,red,red
255,174,0,en,orange,orange
255,0,251,en,magenta,magenta
255,0,155,en,pink,pink
255,0,140,en,pink,pink
255,213,0,en,yellow,yellow
195,0,255,en,purple,purple
255,0,68,en,red,red
255,110,0,en,orange,orange
255,69,0,en,red,red
255,0,230,en,magenta,magenta
255,253,0,en,yellow,yellow
255,0,100,en,coral red,coral red
217,255,0,en,yellow green,yellow green
255,0,143,en,pink,pink
241,255,0,en,neon yellow,neon yellow
255,37,0,en,orange red,orange-red
255,0,145,en,hot pink,hot pink
255,230,0,en,yellow,yellow
255,0,239,en,fuchsia,fuchsia
133,255,0,en,lime green,lime
255,0,26,en,red,red
255,0,201,en,magenta,magenta
255,0,50,en,violet red,violet red
255,133,0,en,orange,orange
255,0,90,en,hot pink,hot pink
255,154,0,en,yellow orange,yellow orange
255,0,46,en,red,red
117,255,0,en,lime,lime
255,0,205,en,magenta,magenta
233,0,255,en,violet,violet
255,0,146,en,fuschia,fuschia
255,100,0,en,orange,orange
170,255,0,en,lime,lime
255,217,0,en,gold,gold
255,191,0,en,yellow orange,yellow orange
255,0,70,en,red,red
181,0,255,en,purple,purple
255,49,0,en,red orange,red orange
85,0,255,en,indigo,indigo
255,0,217,en,magenta,magenta
255,148,0,en,orange,orange
139,0,255,en,violet,violet
255,94,0,en,orange,orange
255,0,114,en,hot pink,hot pink
196,255,0,en,light lime,light lime
252,255,0,en,yellow,yellow
255,244,0,en,yellow,yellow
255,113,0,en,orange,orange
255,0,64,en,red violet,red violet
81,255,0,en,chartreuse,chartreuse
255,0,253,en,fuchsia,fuchsia
255,0,100,en,magenta,magenta
255,0,140,en,fuchsia,fuchsia
255,0,154,en,magenta,magenta
166,0,255,en,violet,violet
191,255,0,en,chartreuse,chartreuse
255,0,45,en,red,red
255,233,0,en,yellow,yellow
255,180,0,en,yellow orange,yellow orange
255,0,181,en,fuchsia,fuchsia
255,0,105,en,hot pink,hot pink
210,255,0,en,lime green,lime
255,40,0,en,red,red
255,237,0,en,yellow,yellow
179,255,0,en,lime green,lime
255,161,0,en,orange,orange
165,0,255,en,purple,purple
255,0,113,en,magenta,magenta
219,0,255,en,lilac,lilac
255,133,0,en,orange,orange
255,0,236,en,fuchsia,fuchsia
255,186,0,en,yellow orange,yellow orange
146,255,0,en,chartreuse,chartreuse
255,49,0,en,red,red
121,0,255,en,violet,violet
255,0,150,en,hot pink,hot pink
255,135,0,en,orange,orange
231,255,0,en,yellow,yellow
86,255,0,en,light green,light green
255,0,71,en,red,red
255,0,29,en,brick red,brick red
102,0,255,en,royal purple,royal purple
255,0,124,en,hot pink,hot pink
255,112,0,en,burnt orange,burnt orange
255,0,67,en,magenta,magenta
255,0,244,en,magenta,magenta
255,200,0,en,gold,gold
255,0,21,en,red,red
255,0,178,en,magenta,magenta
255,112,0,en,burnt orange,burnt orange
130,0,255,en,purple,purple
255,0,103,en,corundum,corundum
255,0,46,en,red,red
255,142,0,en,orange,orange
255,0,76,en,red,red
245,255,0,en,yellow,yellow
173,0,255,en,purple,purple
255,0,238,en,magenta,magenta
255,0,196,en,pink,pink
108,0,255,en,indigo,indigo
255,0,145,en,deep pink,deep pink
255,0,93,en,dark pink,dark pink
192,255,0,en,light lime green,light lime green
255,172,0,en,light orange,light orange
177,255,0,en,lime,lime
185,0,255,en,phlox,phlox
255,41,0,en,brick orange,brick orange
255,0,201,en,hot pink,hot pink
255,0,134,en,fuchsia,fuchsia
204,255,0,en,lime green,lime
255,184,0,en,pumpkin,pumpkin
255,175,0,en,orange,orange
255,0,87,en,pink,pink
239,255,0,en,tellow,tellow
227,0,255,en,orchid,orchid
255,61,0,en,red,red
255,241,0,en,yellow,yellow
255,0,142,en,magenta,magenta
162,255,0,en,neon green,neon green
205,255,0,en,neon yellow,neon yellow
56,255,0,en,green,green
255,0,189,en,fuschia,fuschia
255,244,0,en,bright yellow,bright yellow
255,212,0,en,dandelion,dandelion
255,0,130,en,hot pink,hot pink
255,102,0,en,orange,orange
14,255,0,en,green,green
255,0,220,en,neon pink,neon pink
255,227,0,en,yellow,yellow
255,0,165,en,magenta,magenta
255,179,0,en,burnt sienna,burnt sienna
255,114,0,en,orange,orange
255,205,0,en,yellow,yellow
220,0,255,en,purple,purple
255,203,0,en,orange yellow,orange yellow
255,244,0,en,yellow,yellow
255,151,0,en,burnt orange,burnt orange
246,0,255,en,hot pink,hot pink
255,220,0,en,royal yellow,royal yellow
89,255,0,en,lime,lime
255,0,220,en,bright pink,bright pink
255,76,0,en,red orange,red orange
255,149,0,en,tangerine,tangerine
255,242,0,en,lemon yellow,lemon yellow
255,0,106,en,magenta,magenta
255,0,78,en,hot pink,hot pink
117,0,255,en,indigo,indigo
255,0,132,en,rose,rose
227,0,255,en,magenta,magenta
29,255,0,en,green,green
255,166,0,en,orange,orange
168,0,255,en,purple,purple
255,0,59,en,red,red
255,0,7,en,red,red
255,0,223,en,pink,pink
201,255,0,en,lime green,lime
255,77,0,en,burnt orange,burnt orange
159,255,0,en,neon green,neon green
218,255,0,en,chartreuse,chartreuse
255,0,103,en,raspberry,raspberry
255,188,0,en,gold,gold
255,236,0,en,yellow,yellow
203,0,255,en,bright purple,bright purple
255,0,42,en,red,red
255,83,0,en,burnt orange,burnt orange
255,0,141,en,raspberry,raspberry
96,255,0,en,chartreuse,chartreuse
255,146,0,en,orange,orange
150,0,255,en,purple,purple
255,86,0,en,burnt orange,burnt orange
120,255,0,en,lime green,lime
255,221,0,en,yellow,yellow
145,255,0,en,yellow green,yellow green
255,0,184,en,pink,pink
255,234,0,en,yellow,yellow
255,0,236,en,fuscia,fuscia
255,0,38,en,red,red
255,0,78,en,dark pink,dark pink
41,0,255,en,blue,blue
73,255,0,en,lime green,lime
201,255,0,en,yellow green,yellow green
83,0,255,en,medium dark blue,medium dark blue
243,0,255,en,pink,pink
255,0,209,en,pink,pink
255,0,151,en,pink,pink
161,255,0,en,light green,light green
255,215,0,en,yellow,yellow
137,255,0,en,lime green,lime
147,0,255,en,purple,purple
255,0,11,en,red,red
255,127,0,en,orange,orange
255,0,88,en,magenta,magenta
2,0,255,en,dark blue,dark blue
255,0,146,en,pink,pink
255,0,186,en,magenta,magenta
173,255,0,en,lemon lime,lemon lime
255,174,0,en,golden yellow,golden yellow
255,21,0,en,red,red
255,250,0,en,yellow,yellow
82,255,0,en,lime green,lime
255,0,228,en,pink,pink
228,0,255,en,pink,pink
255,0,182,en,pink,pink
232,255,0,en,yellow,yellow
255,0,122,en,magenta,magenta
255,136,0,en,orange,orange
255,0,171,en,pink,pink
235,255,0,en,electric yellow,electric yellow
255,6,0,en,red,red
255,193,0,en,gold,gold
255,0,70,en,red,red
199,0,255,en,magenta,magenta
255,154,0,en,butterscotch,butterscotch
255,59,0,en,orange,orange
197,255,0,en,lime green,lime
255,191,0,en,yellow,yellow
255,100,0,en,orange,orange
255,0,74,en,red,red
168,0,255,en,violet,violet
255,76,0,en,geranium,geranium
255,144,0,en,harvest orange,harvest orange
255,189,0,en,yellow orange,yellow orange
255,224,0,en,corn,corn
223,255,0,en,sunlight yellow,sunlight yellow
110,255,0,en,chartreuse,chartreuse
255,0,106,en,magenta,magenta
255,0,71,en,scarlet,scarlet
255,154,0,en,orange,orange
255,0,8,en,red,red
252,255,0,en,yellow,yellow
255,0,254,en,fuschia,fuschia
255,220,0,en,gold,gold
255,0,141,en,hot pink,hot pink
255,202,0,en,golden yellow,golden yellow
255,0,152,en,pink,pink
255,91,0,en,red orange,red orange
255,127,0,en,burnt orange,burnt orange
160,0,255,en,purple,purple
234,0,255,en,fuschia,fuschia
171,0,255,en,purple,purple
255,0,81,en,dark pink,dark pink
144,0,255,en,purple,purple
255,126,0,en,orange,orange
255,0,192,en,fuschia,fuschia
63,0,255,en,royal blue,royal blue
170,0,255,en,violet,violet
190,255,0,en,chartreuse,chartreuse
255,0,192,en,magenta,magenta
255,193,0,en,orange,orange
207,0,255,en,fusia,fusia
255,233,0,en,yellow,yellow
187,255,0,en,lime green,lime
255,0,107,en,pink,pink
255,0,102,en,fuschia,fuschia
255,178,0,en,golden yellow,golden yellow
255,0,120,en,dark pink,dark pink
254,255,0,en,bright yellow,bright yellow
255,83,0,en,burnt orange,burnt orange
255,0,228,en,orchid,orchid
103,0,255,en,violet,violet
255,0,30,en,red,red
66,255,0,en,lime green,lime
149,255,0,en,chartreuse,chartreuse
255,0,128,en,magenta,magenta
255,109,0,en,orange,orange
255,0,226,en,fuschia,fuschia
255,0,154,en,dark pink,dark pink
255,191,0,en,goldish yellow,goldish yellow
255,36,0,en,red,red
87,0,255,en,violet,violet
255,0,157,en,magenta,magenta
64,255,0,en,lime,lime
255,0,32,en,red,red
132,0,255,en,purple,purple
255,147,0,en,orange,orange
255,36,0,en,orange red,orange-red
255,0,136,en,magenta,magenta
255,0,56,en,rose red,rose red
255,109,0,en,tangerine,tangerine
255,0,170,en,hot pink,hot pink
255,42,0,en,fire red,fire red
255,0,213,en,fuschia,fuschia
198,0,255,en,purple,purple
255,0,20,en,true red,true red
255,0,121,en,bright pink,bright pink
255,175,0,en,mustard yellow,mustard
227,255,0,en,yellow,yellow
255,240,0,en,yellow,yellow
255,0,225,en,pink,pink
255,0,135,en,pink,pink
255,191,0,en,orange,orange
255,0,69,en,red,red
220,255,0,en,yellow,yellow
189,0,255,en,purple,purple
96,255,0,en,green,green
111,0,255,en,blue,blue
255,0,239,en,pink,pink
255,0,72,en,pink,pink
255,0,126,en,pink,pink
231,0,255,en,purple,purple
255,0,205,en,pink,pink
168,255,0,en,yellow,yellow
255,159,0,en,orange,orange
255,0,4,en,red,red
255,209,0,en,yellow,yellow
255,0,86,en,raspberry,raspberry
204,255,0,en,chartreuse,chartreuse
153,0,255,en,royal purple,royal purple
255,254,0,en,lemon yellow,lemon yellow
255,208,0,en,school bus yellow,school bus yellow
255,220,0,en,maize,maize
255,176,0,en,gold,gold
255,0,137,en,hot pink,hot pink
114,0,255,en,purple,purple
255,116,0,en,orange,orange
105,255,0,en,lime green,lime
255,130,0,en,orange,orange
255,25,0,en,red,red
255,0,175,en,pink,pink
255,0,193,en,pink,pink
255,0,97,en,red,red
255,0,255,en,pink,pink
181,255,0,en,yellow,yellow
42,255,0,en,green,green
255,119,0,en,orange,orange
255,0,159,en,pink,pink
255,151,0,en,orange,orange
255,50,0,en,red,red
255,0,83,en,pink,pink
255,243,0,en,yellow,yellow
255,217,0,en,orange,orange
234,255,0,en,yellow,yellow
157,0,255,en,purple,purple
49,0,255,en,blue,blue
255,0,6,en,red,red
255,115,0,en,orange,orange
255,130,0,en,orange,orange
255,166,0,en,orange,orange
170,0,255,en,purple,purple
255,0,82,en,pink,pink
255,0,244,en,fushia,fushia
255,220,0,en,yellow,yellow
168,255,0,en,lime green,lime
255,251,0,en,yellow,yellow
255,199,0,en,gold,gold
217,0,255,en,fushia,fushia
255,47,0,en,red,red
255,0,247,en,fushia,fushia
50,0,255,en,blue,blue
255,0,209,en,magenta,magenta
255,156,0,en,burnt orange,burnt orange
255,0,71,en,red,red
255,0,101,en,red,red
255,0,164,en,pink,pink
129,0,255,en,purple,purple
255,0,19,en,orange,orange
255,0,136,en,pink,pink
255,239,0,en,yellow,yellow
255,0,252,en,fuschia,fuschia
255,206,0,en,mustard,mustard
255,75,0,en,rust,rust
141,255,0,en,light nein green,light nein green
255,207,0,en,orange,orange
255,151,0,en,orange,orange
231,255,0,en,yellow,yellow
255,223,0,en,yellow,yellow
255,0,248,en,purple,purple
51,255,0,en,green,green
170,255,0,en,green,green
255,166,0,en,pale orange,pale orange
255,0,80,en,reddish pink,reddish pink
42,0,255,en,royal blue,royal blue
131,0,255,en,purple,purple
255,0,118,en,hot pink,hot pink
55,255,0,en,neon green,neon green
255,0,95,en,fuschia,fuschia
213,255,0,en,bright yellow,bright yellow
255,97,0,en,orange red,orange-red
255,0,52,en,red,red
255,58,0,en,red orange,red orange
255,0,234,en,fuchsia,fuchsia
255,250,0,en,yellow,yellow
102,255,0,en,light yellow green,light yellow green
181,0,255,en,blue purple,blue purple
255,103,0,en,orange,orange
255,0,229,en,purple,purple
193,255,0,en,green,green
255,53,0,en,red,red
203,0,255,en,purple,purple
255,206,0,en,yellow,yellow
255,0,117,en,raspberry,raspberry
95,0,255,en,purple,purple
255,222,0,en,yellow,yellow
255,0,90,en,blue red,blue red
255,0,180,en,fuchsia,fuchsia
255,0,211,en,fuschia,fuschia
255,0,171,en,hot pink,hot pink
175,0,255,en,purple,purple
255,151,0,en,pale orange,pale orange
255,0,196,en,neon pink,neon pink
231,255,0,en,bright yellow,bright yellow
255,89,0,en,rust,rust
255,0,30,en,red,red
255,121,0,en,burnt sienna,burnt sienna
255,169,0,en,goldenrod,goldenrod
158,255,0,en,light yellow green,light yellow green
255,0,255,en,fuchsia,fuchsia
255,0,24,en,red,red
214,255,0,en,yellow,yellow
255,0,167,en,raspberry,raspberry
255,0,159,en,raspberry,raspberry
239,255,0,en,chartreuse,chartreuse
238,0,255,en,berry,berry
255,0,197,en,warm berry,warm berry
255,0,232,en,magenta,magenta
255,166,0,en,orange,orange
255,0,197,en,hot pink,hot pink
255,0,220,en,fuchsia,fuchsia
54,0,255,en,cobalt blue,cobalt blue
255,0,62,en,orange red,orange-red
255,196,0,en,yellow,yellow
255,0,171,en,raspberry,raspberry
255,111,0,en,orange,orange
255,0,112,en,pink,pink
222,255,0,en,yellow,yellow
255,0,74,en,red pink,red pink
160,0,255,en,purple,purple
255,39,0,en,red,red
207,255,0,en,medium yellow green,medium yellow green
255,214,0,en,golden yellow,golden yellow
255,119,0,en,red orange,red orange
255,0,134,en,raspberry,raspberry
255,96,0,en,red orange,red orange
155,0,255,en,blue purple,blue purple
255,0,93,en,berry,berry
251,255,0,en,yellow,yellow
255,0,121,en,magenta,magenta
126,255,0,en,lime green,lime
255,126,0,en,orange,orange
205,255,0,en,neon yellow,neon yellow
255,160,0,en,light orange,light orange
101,255,0,en,yellow green,yellow green
225,0,255,en,fuchsia,fuchsia
255,153,0,en,red orange,red orange
37,255,0,en,yellow green,yellow green
184,255,0,en,light yellow green,light yellow green
255,244,0,en,yellow,yellow
255,65,0,en,red,red
196,0,255,en,blue purple,blue purple
255,0,16,en,red,red
255,0,126,en,pink,pink
213,0,255,en,purple,purple
255,220,0,en,orange yellow,orange yellow
255,114,0,en,orange,orange
68,255,0,en,lime,lime
255,0,39,en,red,red
232,255,0,en,yellow,yellow
206,0,255,en,magenta,magenta
117,0,255,en,purple,purple
255,227,0,en,yellow,yellow
255,118,0,en,orange,orange
255,56,0,en,red/orange,redorange
255,0,24,en,red,red
255,200,0,en,gold,gold
255,246,0,en,yellow,yellow
171,255,0,en,green,green
255,111,0,en,orange,orange
255,124,0,en,orange,orange
255,182,0,en,orange,orange
89,0,255,en,cobalt,cobalt
150,0,255,en,blue purple,blue purple
255,0,255,en,pink purple,pink purple
255,0,109,en,magenta,magenta
255,58,0,en,red orange,red orange
255,0,49,en,red,red
165,255,0,en,lime green,lime
78,0,255,en,navy blue,navy
136,255,0,en,lime green,lime
75,0,255,en,royal blue,royal blue
242,255,0,en,yellow,yellow
255,198,0,en,marigold,marigold
99,255,0,en,grass green,grass green
255,241,0,en,sungold,sungold
255,0,104,en,magenta,magenta
255,128,0,en,orange,orange
162,255,0,en,neon green,neon green
255,0,253,en,magenta,magenta
255,0,150,en,raspberry,raspberry
255,0,183,en,hot pink,hot pink
69,0,255,en,navy blue,navy
255,0,72,en,red,red
255,0,210,en,hot pink,hot pink
255,0,186,en,pink,pink
255,144,0,en,orange,orange
255,184,0,en,yellow orange,yellow orange
255,0,146,en,magenta,magenta
255,172,0,en,yellow orange,yellow orange
255,0,218,en,pink purple,pink purple
212,255,0,en,lime green,lime
255,99,0,en,orange,orange
255,65,0,en,red,red
255,0,57,en,deep pink,deep pink
173,255,0,en,green yellow,green yellow
252,0,255,en,fuschia,fuschia
128,0,255,en,purple,purple
233,255,0,en,yellow,yellow
255,6,0,en,red orange,red orange
166,0,255,en,lavender,lavender
255,0,36,en,red,red
255,0,201,en,pink,pink
255,0,226,en,fuschia,fuschia
255,0,65,en,firetruck red,firetruck red
217,255,0,en,mustard,mustard
255,0,166,en,magenta,magenta
255,127,0,en,orange,orange
255,228,0,en,yello,yello
255,0,103,en,pink,pink
255,0,30,en,red,red
255,0,197,en,fuschia,fuschia
186,0,255,en,purple,purple
159,0,255,en,violet,violet
243,0,255,en,lavender,lavender
255,112,0,en,orange,orange
255,163,0,en,marigold,marigold
255,0,140,en,pink,pink
255,174,0,en,golden rod,golden rod
255,182,0,en,yellow,yellow
255,0,220,en,fuschia,fuschia
255,0,131,en,pink,pink
255,0,167,en,red violet,red violet
214,255,0,en,yellow green,yellow green
132,255,0,en,green,green
255,0,46,en,red,red
142,255,0,en,chartruse,chartruse
255,250,0,en,yellow,yellow
255,0,170,en,magenta,magenta
255,68,0,en,orange,orange
218,255,0,en,yellow,yellow
255,0,209,en,magenta,magenta
52,0,255,en,royal blue,royal blue
255,0,136,en,magenta,magenta
255,155,0,en,golden rod,golden rod
255,184,0,en,gold,gold
255,0,239,en,violet,violet
255,228,0,en,neon yellow,neon yellow
192,0,255,en,violet,violet
121,0,255,en,purple,purple
252,0,255,en,magenta,magenta
255,0,59,en,orangy red,orangy red
255,86,0,en,orange,orange
118,255,0,en,lime green,lime
255,0,91,en,burgandy,burgandy
255,140,0,en,goldenrod,goldenrod
255,0,40,en,red,red
255,0,64,en,light red,light red
247,255,0,en,yellow,yellow
199,255,0,en,greenish yellow,greenish yellow
255,189,0,en,light orange,light orange
255,121,0,en,orange,orange
255,155,0,en,light orange,light orange
255,0,175,en,light reddish purple,light reddish purple
255,110,0,en,orange,orange
179,255,0,en,yellowish green,yellowish green
255,0,246,en,vivid light purple,vivid light purple
255,0,128,en,light puplish red,light puplish red
255,0,245,en,dull light purple,dull light purple
255,0,39,en,red,red
255,177,0,en,green,green
204,255,0,en,yellow,yellow
255,0,76,en,red,red
246,0,255,en,pink,pink
255,233,0,en,yellow,yellow
255,56,0,en,reddish orange,reddish orange
69,255,0,en,bright green,bright green
153,0,255,en,dark purple,dark purple
255,0,190,en,light purple,light purple
204,0,255,en,medium purple,medium purple
255,0,104,en,purplish red,purplish red
147,255,0,en,green,green
255,255,0,en,yellow,yellow
255,0,127,en,mauve,mauve
255,0,238,en,pink,pink
255,73,0,en,red,red
103,255,0,en,green,green
255,234,0,en,green,green
255,0,108,en,mauve,mauve
209,0,255,en,blue,blue
255,85,0,en,red,red
136,0,255,en,blue,blue
255,147,0,en,orange,orange
255,195,0,en,orance,orance
255,0,159,en,purple,purple
255,0,194,en,purple,purple
255,200,0,en,goldenrod,goldenrod
140,255,0,en,lime green,lime
128,0,255,en,purple,purple
211,255,0,en,lime green,lime
184,0,255,en,magenta,magenta
255,138,0,en,orange,orange
255,204,0,en,mustard,mustard
255,0,55,en,red,red
255,0,101,en,magenta,magenta
255,0,211,en,rasberry,rasberry
255,0,34,en,red,red
255,228,0,en,golden rod,golden rod
255,0,150,en,hot pink,hot pink
92,255,0,en,lime green,lime
247,255,0,en,yellow,yellow
255,0,119,en,magenta,magenta
255,181,0,en,mustard,mustard
235,0,255,en,magenta,magenta
255,71,0,en,orange red,orange-red
137,255,0,en,chartruese,chartruese
255,113,0,en,orange,orange
255,0,208,en,hot pink,hot pink
200,0,255,en,purple,purple
129,0,255,en,purlple,purlple
210,255,0,en,green,green
154,255,0,en,green,green
95,255,0,en,green,green
255,0,74,en,red,red
255,227,0,en,yellow,yellow
255,0,235,en,pink,pink
255,0,40,en,red,red
255,0,188,en,pink,pink
255,0,168,en,hot pink,hot pink
255,185,0,en,gold,gold
255,123,0,en,burnt orange,burnt orange
255,164,0,en,orange,orange
255,89,0,en,orange,orange
255,61,0,en,red,red
255,0,95,en,red,red
255,0,124,en,pink,pink
255,0,246,en,pink,pink
252,255,0,en,yellow,yellow
255,0,156,en,fuscia,fuscia
255,49,0,en,red,red
221,255,0,en,green yellow,green yellow
255,103,0,en,orange,orange
35,255,0,en,fluorescent green,fluorescent green
182,0,255,en,purple,purple
135,255,0,en,lime green,lime
255,0,11,en,red,red
186,255,0,en,lime green,lime
152,0,255,en,violet,violet
255,95,0,en,orange,orange
101,255,0,en,electric green,electric green
15,255,0,en,neon green,neon green
255,40,0,en,red orange,red orange
255,0,251,en,magenta,magenta
255,0,151,en,fuschia,fuschia
255,0,86,en,raspberry,raspberry
255,0,199,en,fuscia,fuscia
102,255,0,en,lime green,lime
255,247,0,en,yellow,yellow
255,0,77,en,fuscia red,fuscia red
255,231,0,en,maize,maize
255,174,0,en,umber,umber
255,0,4,en,cherry,cherry
135,0,255,en,purple,purple
255,0,125,en,fuscia,fuscia
255,0,252,en,fuscia,fuscia
255,196,0,en,umber,umber
255,126,0,en,orange,orange
255,0,213,en,fuscia,fuscia
245,255,0,en,neon yellow,neon yellow
255,120,0,en,orange,orange
173,0,255,en,violet,violet
255,227,0,en,yellow,yellow
255,0,130,en,fuschia,fuschia
255,0,193,en,magenta,magenta
65,0,255,en,blue,blue
255,0,235,en,magenta,magenta
255,163,0,en,yellow orange,yellow orange
255,0,93,en,fuschia,fuschia
177,255,0,en,lime green,lime
255,0,52,en,red,red
255,201,0,en,mustard yellow,mustard
255,131,0,en,dark orange,dark orange
255,32,0,en,red,red
135,255,0,en,lime,lime
116,255,0,en,slightly darker lime,slightly darker lime
255,0,85,en,dark pink,dark pink
255,158,0,en,light orange,light orange
255,0,175,en,magenta,magenta
255,0,193,en,magenta,magenta
255,193,0,en,golden yellow,golden yellow
255,0,75,en,dark pink,dark pink
181,0,255,en,purple,purple
255,247,0,en,yellow,yellow
59,0,255,en,blue,blue
255,123,0,en,orange,orange
255,0,52,en,red,red
255,238,0,en,yellow,yellow
255,0,87,en,pink,pink
255,88,0,en,orange,orange
225,0,255,en,purple,purple
255,0,181,en,pink,pink
14,255,0,en,lime green,lime
215,255,0,en,yellow green,yellow green
255,0,216,en,magenta,magenta
219,0,255,en,light puruple,light puruple
255,232,0,en,yellow,yellow
255,0,138,en,dark pink,dark pink
255,83,0,en,orange,orange
157,0,255,en,purple,purple
255,0,15,en,pred,pred
255,17,0,en,red,red
255,0,105,en,pink,pink
255,132,0,en,orange,orange
255,0,5,en,red,red
255,171,0,en,orange,orange
98,0,255,en,purple,purple
255,224,0,en,maize,maize
255,244,0,en,yellow,yellow
255,201,0,en,gold,gold
254,0,255,en,fuchsia,fuchsia
255,159,0,en,apricot,apricot
223,255,0,en,chartreuse,chartreuse
255,0,123,en,crimson,crimson
255,0,37,en,red,red
188,0,255,en,violet,violet
161,0,255,en,indigo,indigo
255,0,108,en,crimson,crimson
255,0,226,en,fuchsia,fuchsia
166,255,0,en,chartreuse,chartreuse
255,109,0,en,cadmium,cadmium
255,49,0,en,orange,orange
50,0,255,en,royal blue,royal blue
255,147,0,en,apricot,apricot
255,0,174,en,fuchsia,fuchsia
74,255,0,en,lime,lime
189,255,0,en,lime green,lime
255,241,0,en,beige,beige
204,0,255,en,purple,purple
255,167,0,en,orange,orange
255,243,0,en,khaki,khaki
183,255,0,en,green,green
255,0,211,en,pink,pink
67,255,0,en,neon green,neon green
255,143,0,en,orange,orange
86,0,255,en,blue,blue
111,0,255,en,purple,purple
38,255,0,en,green,green
255,0,140,en,pink,pink
255,0,105,en,dark pink,dark pink
255,112,0,en,dark orange,dark orange
255,0,56,en,red,red
251,0,255,en,purple,purple
255,0,207,en,pinkish purple,pinkish purple
255,200,0,en,beige,beige
255,53,0,en,orange red,orange-red
255,0,47,en,red,red
255,0,170,en,dark pink,dark pink
82,255,0,en,green,green
204,0,255,en,purple,purple
255,0,130,en,pink,pink
255,109,0,en,orange,orange
44,0,255,en,blue,blue
255,0,22,en,red,red
255,0,137,en,dark pink,dark pink
255,0,86,en,dark red,dark red
255,0,176,en,pinkish red,pinkish red
255,0,226,en,magenta,magenta
255,0,204,en,magenta,magenta
255,0,169,en,hot pink,hot pink
153,0,255,en,purple,purple
255,0,86,en,light red,light red
255,240,0,en,yellow,yellow
255,28,0,en,red,red
166,255,0,en,lime green,lime
255,0,23,en,orangey red,orangey red
255,243,0,en,yello,yello
255,170,0,en,light orange,light orange
255,0,112,en,cherry,cherry
188,0,255,en,grape,grape
219,255,0,en,chartreuse,chartreuse
255,0,53,en,cherry red,cherry red
255,158,0,en,light orange,light orange
255,0,156,en,dark pink,dark pink
183,0,255,en,purple,purple
255,117,0,en,brown,brown
255,227,0,en,dark yellow,dark yellow
255,0,70,en,red,red
196,255,0,en,yellowish green,yellowish green
255,0,247,en,magenta,magenta
242,255,0,en,yellow,yellow
178,255,0,en,yellowish green,yellowish green
31,255,0,en,green,green
255,186,0,en,light brown,light brown
102,255,0,en,green,green
127,0,255,en,magenta,magenta
255,52,0,en,redish brown,redish brown
255,126,0,en,brown,brown
255,0,255,en,fuschia,fuschia
255,0,186,en,pink,pink
255,255,0,en,yellow,yellow
255,0,115,en,pink,pink
255,0,144,en,pink,pink
124,0,255,en,purple,purple
255,227,0,en,dark yellow,dark yellow
255,66,0,en,orange,orange
163,255,0,en,lime green,lime
255,89,0,en,orange,orange
255,162,0,en,yellow orange,yellow orange
255,0,84,en,pink,pink
255,0,62,en,bright pink,bright pink
255,212,0,en,mustard,mustard
116,255,0,en,green,green
255,0,153,en,pink,pink
255,0,87,en,red,red
169,255,0,en,green,green
24,0,255,en,blue,blue
120,0,255,en,purple,purple
255,149,0,en,orange,orange
255,0,71,en,red,red
222,255,0,en,lime green,lime
255,178,0,en,orange,orange
255,187,0,en,orange,orange
255,0,237,en,hot pink,hot pink
218,0,255,en,purple,purple
255,48,0,en,red,red
234,255,0,en,yellow,yellow
255,216,0,en,gold,gold
255,0,35,en,red,red
255,0,119,en,magenta,magenta
255,86,0,en,orange,orange
168,0,255,en,purple,purple
255,0,188,en,hot pink,hot pink
255,92,0,en,orange,orange
185,255,0,en,lime green,lime
133,0,255,en,purple,purple
255,0,7,en,red,red
255,208,0,en,goldenrod,goldenrod
255,0,164,en,pink,pink
255,0,141,en,pink,pink
255,238,0,en,yellow,yellow
209,0,255,en,lavender,lavender
255,0,104,en,fushia,fushia
248,255,0,en,yellow,yellow
122,255,0,en,green,green
180,255,0,en,lime green,lime
255,196,0,en,mustard,mustard
255,0,150,en,hot pink,hot pink
27,0,255,en,dark blue,dark blue
255,0,77,en,rose,rose
255,0,132,en,pink,pink
255,156,0,en,orange,orange
43,255,0,en,lime green,lime
255,235,0,en,yellow,yellow
255,0,212,en,hot pink,hot pink
255,0,19,en,red,red
225,255,0,en,dark yellow,dark yellow
214,0,255,en,purple,purple
255,0,184,en,pink,pink
255,249,0,en,yellow,yellow
255,202,0,en,goldenrod,goldenrod
255,0,58,en,crimson,crimson
255,0,251,en,magenta,magenta
255,0,147,en,fuchsia,fuchsia
255,159,0,en,yellow orange,yellow orange
255,0,187,en,fuchsia,fuchsia
255,0,105,en,fuchsia,fuchsia
255,255,0,en,yellow,yellow
255,194,0,en,orange,orange
255,172,0,en,orange,orange
255,137,0,en,orange,orange
255,112,0,en,orange,orange
255,0,138,en,pink,pink
255,0,178,en,pink,pink
188,0,255,en,purple,purple
255,0,50,en,red,red
255,160,0,en,orange,orange
241,255,0,en,yellow,yellow
255,202,0,en,light orange,light orange
56,0,255,en,blue,blue
255,129,0,en,orange,orange
255,133,0,en,tangerine,tangerine
255,0,148,en,magenta,magenta
255,0,133,en,magenta,magenta
102,255,0,en,green,green
255,0,202,en,magenta,magenta
255,0,248,en,fuschia,fuschia
255,0,136,en,pink,pink
255,0,231,en,pink,pink
239,0,255,en,magenta,magenta
255,0,106,en,pink,pink
139,0,255,en,purple,purple
255,0,42,en,red,red
255,233,0,en,yellow,yellow
255,0,244,en,fuschia,fuschia
161,255,0,en,neon green,neon green
68,255,0,en,green,green
234,255,0,en,yellow,yellow
235,0,255,en,fuschia,fuschia
164,0,255,en,purple,purple
255,236,0,en,yellow,yellow
255,104,0,en,orange,orange
255,0,112,en,mellon,mellon
180,0,255,en,purple,purple
223,255,0,en,goldenrod,goldenrod
255,0,196,en,fuscia,fuscia
255,43,0,en,red,red
58,255,0,en,lime,lime
255,0,166,en,pink,pink
137,255,0,en,yellow green,yellow green
214,255,0,en,yellow,yellow
255,0,198,en,pink,pink
255,118,0,en,orange,orange
255,0,46,en,red,red
255,0,106,en,fuschia,fuschia
149,0,255,en,purple,purple
191,255,0,en,green,green
255,0,52,en,red,red
255,0,168,en,pink,pink
255,80,0,en,orange,orange
255,198,0,en,goldenrod,goldenrod
184,0,255,en,bright purple fuschia,bright purple fuschia
255,0,147,en,deep pink,deep pink
255,146,0,en,light ochre,light ochre
255,229,0,en,school bus yellow,school bus yellow
255,0,38,en,red,red
39,0,255,en,royal blue,royal blue
255,0,158,en,pink,pink
150,255,0,en,lime green,lime
124,255,0,en,yellow green,yellow green
255,0,233,en,fuscia,fuscia
255,198,0,en,yellow,yellow
99,0,255,en,purple blue,purple blue
255,242,0,en,yellow,yellow
255,0,57,en,red,red
200,0,255,en,magenta,magenta
255,95,0,en,orange,orange
97,0,255,en,blue purple,blue purple
255,126,0,en,amber,amber
255,0,38,en,red,red
255,138,0,en,orange,orange
255,221,0,en,yellow,yellow
255,0,48,en,res,res
255,74,0,en,orange,orange
255,164,0,en,mustard,mustard
255,0,168,en,fuschia,fuschia
255,63,0,en,red,red
255,0,86,en,mellon,mellon
255,225,0,en,golden rod,golden rod
225,0,255,en,purple,purple
255,246,0,en,yellow,yellow
255,148,0,en,orange,orange
255,152,0,en,orange,orange
255,0,55,en,red,red
70,0,255,en,ultramarine,ultramarine
255,0,24,en,scarlet,scarlet
255,73,0,en,vermillion orange,vermillion orange
250,255,0,en,yellow,yellow
255,0,184,en,hot magenta,hot magenta
255,156,0,en,carrot,carrot
255,0,236,en,fuschia,fuschia
255,0,55,en,dusty red,dusty red
255,171,0,en,orange,orange
255,73,0,en,red orange,red orange
255,0,141,en,magenta,magenta
255,87,0,en,orange,orange
219,255,0,en,greenish yellow,greenish yellow
255,226,0,en,orangish yellow,orangish yellow
255,0,102,en,darker magenta,darker magenta
42,255,0,en,lime green,lime
255,187,0,en,yellowish orange,yellowish orange
255,0,213,en,magenta,magenta
195,0,255,en,purple,purple
255,0,36,en,light red,light red
89,255,0,en,neon green,neon green
255,0,128,en,magenta,magenta
185,255,0,en,chartreuse,chartreuse
255,0,85,en,ruby,ruby
255,0,79,en,red,red
244,0,255,en,fuschia,fuschia
255,99,0,en,orange,orange
255,0,226,en,pink violet,pink violet
255,0,147,en,fuscia,fuscia
255,0,85,en,red,red
255,200,0,en,camel,camel
255,182,0,en,tan,tan
255,0,124,en,magenta,magenta
255,0,204,en,magenta,magenta
142,255,0,en,limeish green,limeish green
255,0,74,en,funky red,funky red
151,0,255,en,violet,violet
255,0,157,en,brighter cyan,brighter cyan
255,128,0,en,orange,orange
245,255,0,en,yellow,yellow
247,0,255,en,purply pink,purply pink
227,255,0,en,yellow,yellow
255,103,0,en,orange,orange
255,244,0,en,yellow,yellow
255,187,0,en,mustard,mustard
255,0,230,en,fuschia,fuschia
216,0,255,en,purple,purple
255,0,203,en,hot pink,hot pink
114,0,255,en,purple,purple
255,0,186,en,magenta,magenta
255,241,0,en,yellow,yellow
184,0,255,en,purple,purple
255,0,12,en,red,red
180,255,0,en,olive green,olive
255,40,0,en,red,red
255,252,0,en,yellow,yellow
255,0,248,en,fuchsia,fuchsia
255,0,77,en,rose,rose
112,255,0,en,olive green,olive
221,255,0,en,yellow,yellow
255,127,0,en,dark orange,dark orange
72,0,255,en,purple,purple
145,0,255,en,violet,violet
255,229,0,en,gold,gold
147,255,0,en,lime,lime
255,0,142,en,fuschia,fuschia
170,0,255,en,purple,purple
221,0,255,en,bright purple,bright purple
255,0,159,en,bright pink,bright pink
255,0,187,en,hot pink,hot pink
148,0,255,en,purple,purple
255,132,0,en,bright orange,bright orange
255,164,0,en,orange,orange
255,0,31,en,red,red
255,254,0,en,yellow,yellow
255,0,72,en,watermelon,watermelon
255,210,0,en,gold,gold
255,0,93,en,watermelon,watermelon
39,0,255,en,electric blue,electric blue
255,108,0,en,orange,orange
218,255,0,en,yellow,yellow
255,81,0,en,orange,orange
255,0,218,en,bright pink/fuschia,bright pinkfuschia
66,255,0,en,bright green,bright green
255,0,65,en,red,red
255,0,244,en,magenta,magenta
255,104,0,en,orange,orange
219,255,0,en,neon yellow,neon yellow
122,0,255,en,purple,purple
255,0,192,en,pink,pink
255,238,0,en,yellow,yellow
255,0,149,en,fushia,fushia
255,253,0,en,yellow,yellow
93,255,0,en,green,green
255,0,96,en,pink,pink
255,0,125,en,fushia,fushia
255,0,34,en,red,red
255,171,0,en,yellow orange,yellow orange
255,0,246,en,magenta,magenta
216,0,255,en,purple,purple
255,1,0,en,red,red
255,134,0,en,orange,orange
171,255,0,en,neon green,neon green
255,200,0,en,yellow,yellow
77,0,255,en,electric blue,electric blue
255,74,0,en,red orange,red orange
255,189,0,en,yellow orange,yellow orange
255,0,110,en,magenta,magenta
255,0,182,en,hot pink,hot pink
255,124,0,en,orange,orange
224,0,255,en,purple,purple
255,166,0,en,orange,orange
157,255,0,en,chartreuse,chartreuse
216,0,255,en,purple,purple
222,255,0,en,yellow,yellow
255,0,73,en,pink,pink
246,255,0,en,bright yellow,bright yellow
255,0,173,en,hot pink,hot pink
118,255,0,en,lime green,lime
255,0,114,en,magenta,magenta
127,0,255,en,indigo,indigo
255,0,241,en,pink,pink
255,237,0,en,yellow,yellow
255,100,0,en,orange,orange
255,0,40,en,red,red
149,0,255,en,purple,purple
175,255,0,en,chartruese,chartruese
255,178,0,en,goldenrod,goldenrod
129,255,0,en,lime,lime
255,0,102,en,fuscia,fuscia
255,0,17,en,red,red
175,0,255,en,purple,purple
255,0,141,en,pink,pink
255,228,0,en,yellow,yellow
231,255,0,en,lemon,lemon
255,139,0,en,orange,orange
255,199,0,en,goldenrod,goldenrod
239,0,255,en,fuscia,fuscia
255,0,209,en,pink (ish),pink (ish)
255,0,218,en,pink (ish),pink (ish)
255,119,0,en,orange,orange
255,0,175,en,darker pink,darker pink
255,23,0,en,red,red
255,0,70,en,fuscia,fuscia
255,0,46,en,red,red
255,232,0,en,yellow,yellow
255,0,105,en,cerise,cerise
255,90,0,en,orange,orange
200,0,255,en,fuschia,fuschia
255,194,0,en,goldenrod,goldenrod
255,117,0,en,orange,orange
255,0,192,en,magenta,magenta
148,0,255,en,purple,purple
255,164,0,en,light orange,light orange
255,0,136,en,pink,pink
255,0,160,en,cranberry,cranberry
163,255,0,en,light lime green,light lime green
255,133,0,en,orange,orange
169,0,255,en,purple,purple
64,255,0,en,lime green,lime
255,0,226,en,pinkish purple,pinkish purple
252,0,255,en,pinkish purple,pinkish purple
255,0,91,en,magnenta,magnenta
255,197,0,en,charteuse,charteuse
255,0,37,en,red,red
199,255,0,en,lime green,lime
164,255,0,en,green,green
62,255,0,en,green,green
255,203,0,en,orange,orange
255,0,22,en,red,red
255,0,93,en,pink,pink
242,0,255,en,purple,purple
255,0,114,en,cerise,cerise
255,142,0,en,burnt orange,burnt orange
203,255,0,en,acid yellow,acid yellow
255,169,0,en,orange,orange
255,0,172,en,hot pink,hot pink
255,0,197,en,bright pink,bright pink
255,0,227,en,neon pink,neon pink
255,67,0,en,dark orange,dark orange
255,220,0,en,yellow,yellow
255,0,69,en,magenta,magenta
225,255,0,en,chartruese,chartruese
255,247,0,en,yellow,yellow
255,39,0,en,red,red
172,0,255,en,purple,purple
249,255,0,en,yellow,yellow
255,97,0,en,orange,orange
255,0,50,en,red,red
255,219,0,en,yellow,yellow
255,0,179,en,pink,pink
185,255,0,en,acid green,acid green
116,0,255,en,violet,violet
255,255,0,en,yellow,yellow
255,7,0,en,red,red
255,0,54,en,red,red
230,0,255,en,fuschia,fuschia
63,255,0,en,lime green,lime
255,131,0,en,orange,orange
30,0,255,en,blue,blue
255,0,246,en,pink,pink
127,0,255,en,purple,purple
255,165,0,en,orange,orange
255,0,159,en,pink,pink
255,0,115,en,red,red
234,255,0,en,yellow,yellow
255,0,51,en,blue pink,blue pink
255,0,168,en,fuschia,fuschia
255,0,42,en,blue pink,blue pink
255,0,178,en,fuschia,fuschia
132,255,0,en,lime,lime
255,28,0,en,burnt orange,burnt orange
251,0,255,en,pink,pink
214,0,255,en,purple,purple
162,255,0,en,lime,lime
255,103,0,en,orange,orange
255,155,0,en,orange,orange
255,222,0,en,yellow,yellow
255,0,181,en,fuchsia,fuchsia
16,0,255,en,royal blue,royal blue
255,0,245,en,pink,pink
204,0,255,en,purple,purple
255,0,124,en,pink,pink
255,83,0,en,red,red
138,255,0,en,lime green,lime
255,187,0,en,mustard,mustard
255,0,126,en,pink,pink
255,0,53,en,red,red
255,136,0,en,orange,orange
255,0,219,en,fuscia,fuscia
191,255,0,en,lime green,lime
255,169,0,en,orange,orange
255,0,86,en,pink,pink
123,255,0,en,lime green,lime
255,232,0,en,yellow,yellow
168,255,0,en,lime green,lime
225,0,255,en,magenta,magenta
154,0,255,en,purple,purple
255,96,0,en,orange,orange
255,0,196,en,fuscia,fuscia
255,54,0,en,red,red
255,0,25,en,red,red
169,0,255,en,purple,purple
255,249,0,en,yellow,yellow
25,0,255,en,blue,blue
255,0,156,en,pink,pink
255,0,224,en,fuschia,fuschia
255,182,0,en,orange,orange
255,0,208,en,fuschia,fuschia
173,255,0,en,lime green,lime
255,0,140,en,cerise,cerise
255,0,57,en,red,red
255,87,0,en,dark orange,dark orange
249,255,0,en,yellow,yellow
255,0,175,en,fuschia,fuschia
255,52,0,en,red,red
255,0,41,en,red,red
255,0,101,en,red,red
255,132,0,en,burnt orange,burnt orange
62,255,0,en,bright green,bright green
139,0,255,en,purple,purple
251,0,255,en,fuschia,fuschia
255,168,0,en,orange,orange
211,0,255,en,violet,violet
255,215,0,en,dark yellow,dark yellow
205,255,0,en,lime green,lime
255,252,0,en,yellow,yellow
212,255,0,en,yellow green,yellow green
255,0,180,en,fuschia,fuschia
162,255,0,en,lime green,lime
255,0,37,en,red,red
255,180,0,en,orange,orange
255,119,0,en,orange,orange
255,197,0,en,yellow,yellow
178,0,255,en,purple,purple
255,0,51,en,red,red
255,0,83,en,light red,light red
255,146,0,en,orange,orange
255,0,226,en,fuschia,fuschia
255,216,0,en,yellow,yellow
255,80,0,en,orange,orange
255,0,154,en,pink,pink
106,0,255,en,violet,violet
241,0,255,en,purple,purple
68,255,0,en,lim green,lim green
255,0,119,en,pink,pink
255,94,0,en,burnt orange,burnt orange
255,222,0,en,yellow submarine,yellow submarine
255,0,63,en,reddish,reddish
255,183,0,en,marigold,marigold
135,0,255,en,purple,purple
255,0,133,en,thick bubblegum pink,thick bubblegum pink
126,255,0,en,lime green,lime
200,0,255,en,prince purple,prince purple
206,255,0,en,shocking green,shocking green
255,1,0,en,red,red
255,0,41,en,dcode red,dcode red
255,0,227,en,electric pink,electric pink
255,0,210,en,electric pink,electric pink
255,253,0,en,yellow,yellow
255,151,0,en,marigold,marigold
225,0,255,en,prince purple,prince purple
255,155,0,en,marigold,marigold
164,255,0,en,lime green,lime
255,0,167,en,thick bubblegum pink,thick bubblegum pink
255,0,97,en,off red,off red
255,181,0,en,orange,orange
221,255,0,en,lime green,lime
135,0,255,en,violet,violet
255,0,111,en,magenta,magenta
255,0,70,en,coral,coral
255,198,0,en,orange yellow,orange yellow
255,0,28,en,red,red
225,0,255,en,fuschia,fuschia
77,0,255,en,deep blue,deep blue
163,0,255,en,purple,purple
255,80,0,en,red,red
255,0,172,en,magenta,magenta
98,255,0,en,spring green,spring green
255,112,0,en,red orange,red orange
255,0,137,en,magenta,magenta
255,134,0,en,orange,orange
255,231,0,en,gold,gold
255,0,229,en,fuschia,fuschia
255,250,0,en,yellow,yellow
161,255,0,en,line green,line green
255,0,204,en,orchid,orchid
255,149,0,en,tangerine,tangerine
255,99,0,en,orange,orange
212,255,0,en,lime green,lime
255,0,54,en,pink,pink
184,255,0,en,lime green,lime
68,255,0,en,lime green,lime
255,0,20,en,crimson,crimson
255,148,0,en,mustard,mustard
255,0,211,en,pink,pink
255,0,185,en,hot pink,hot pink
255,169,0,en,dark yellow,dark yellow
244,0,255,en,puce,puce
255,244,0,en,yello,yello
255,0,96,en,dark pink,dark pink
255,0,130,en,hot pink,hot pink
213,0,255,en,purple,purple
255,0,72,en,crimson,crimson
133,255,0,en,lime green,lime
212,255,0,en,slightly green yellow,slightly green yellow
255,86,0,en,orange,orange
255,184,0,en,cerise,cerise
255,0,160,en,hot pink,hot pink
255,217,0,en,yello,yello
140,0,255,en,purple,purple
255,73,0,en,orange,orange
255,140,0,en,orange,orange
55,0,255,en,blue,blue
255,43,0,en,red,red
255,192,0,en,yellow,yellow
255,0,81,en,pink,pink
255,168,0,en,gold,gold
255,0,60,en,rose,rose
217,255,0,en,lime,lime
89,255,0,en,verdant green,verdant green
205,0,255,en,purple,purple
255,220,0,en,buttercup yellow,buttercup yellow
255,0,119,en,magenta,magenta
255,112,0,en,orange,orange
255,0,34,en,scarlet,scarlet
182,255,0,en,lime,lime
255,253,0,en,buttercup,buttercup
255,0,245,en,magenta,magenta
108,0,255,en,indigo,indigo
255,0,183,en,rose,rose
255,0,250,en,magenta,magenta
255,0,147,en,rose,rose
255,48,0,en,red,red
255,204,0,en,yellow,yellow
255,0,41,en,mauve,mauve
255,132,0,en,orange,orange
255,0,229,en,purple,purple
139,0,255,en,purple,purple
255,0,166,en,pink,pink
255,0,122,en,pink,pink
255,105,0,en,orange,orange
182,255,0,en,sickly green,sickly green
248,255,0,en,yellow,yellow
255,0,101,en,pink,pink
255,0,249,en,pink,pink
255,0,60,en,red,red
177,0,255,en,purple,purple
101,255,0,en,green,green
255,0,180,en,pink,pink
255,171,0,en,orange,orange
223,255,0,en,yellow,yellow
255,216,0,en,yellow,yellow
255,51,0,en,red,red
206,255,0,en,yellow,yellow
229,0,255,en,magenta,magenta
194,0,255,en,magenta,magenta
171,255,0,en,lime,lime
255,171,0,en,orange,orange
255,0,48,en,red,red
121,255,0,en,lime,lime
255,0,117,en,crimson,crimson
255,0,146,en,cerise,cerise
255,112,0,en,orange,orange
255,0,197,en,magenta,magenta
255,0,214,en,magenta,magenta
255,187,0,en,orange,orange
117,0,255,en,purple,purple
255,0,72,en,red,red
16,0,255,en,blue,blue
255,0,110,en,crimson,crimson
255,128,0,en,orange,orange
255,255,0,en,yellow,yellow
255,217,0,en,gold,gold
138,255,0,en,lime green,lime
255,0,114,en,hot pink,hot pink
255,0,164,en,bright pink,bright pink
255,0,85,en,watermelon red,watermelon red
255,0,21,en,red,red
255,0,249,en,pink,pink
123,0,255,en,purple,purple
255,0,213,en,pink,pink
255,0,62,en,vermillion,vermillion
111,255,0,en,lime green,lime
255,207,0,en,canary yellow,canary yellow
255,96,0,en,orange,orange
255,177,0,en,orangish yellow,orangish yellow
255,228,0,en,yellow,yellow
255,34,0,en,red,red
255,73,0,en,hot summer sun,hot summer sun
255,0,111,en,romance,romance
132,255,0,en,neon slime,neon slime
255,193,0,en,marigold,marigold
212,0,255,en,bright purple,bright purple
247,0,255,en,magenta,magenta
255,158,0,en,tangerine,tangerine
255,0,191,en,hot pink,hot pink
228,255,0,en,neon yellow,neon yellow
255,247,0,en,yellow,yellow
255,145,0,en,orange,orange
54,0,255,en,royal blue,royal blue
202,0,255,en,purple,purple
255,251,0,en,yellow,yellow
255,101,0,en,reddish orange,reddish orange
255,0,61,en,red,red
232,0,255,en,magenta,magenta
255,0,170,en,hot pink,hot pink
255,196,0,en,marigold,marigold
255,123,0,en,orange,orange
156,0,255,en,purple,purple
255,0,223,en,pink,pink
238,0,255,en,magenta,magenta
255,200,0,en,gold,gold
255,37,0,en,orange,orange
255,229,0,en,yellow,yellow
255,0,70,en,red,red
75,255,0,en,green,green
165,0,255,en,purple,purple
255,131,0,en,orange,orange
255,0,188,en,hot pink,hot pink
255,64,0,en,red,red
255,0,110,en,magenta,magenta
255,196,0,en,marigold,marigold
255,107,0,en,red orange,red orange
248,255,0,en,yellow,yellow
198,255,0,en,lemon lime,lemon lime
255,0,51,en,bright red,bright red
255,93,0,en,orange,orange
255,0,22,en,red,red
42,255,0,en,lime green,lime
255,0,247,en,pink,pink
255,0,219,en,fuschia,fuschia
255,0,138,en,pink,pink
155,0,255,en,purple,purple
255,0,100,en,rose,rose
255,0,151,en,magenta,magenta
184,0,255,en,violet,violet
235,0,255,en,violet,violet
132,255,0,en,yellow green,yellow green
255,87,0,en,orange red,orange-red
255,234,0,en,yellow,yellow
255,120,0,en,orange,orange
181,255,0,en,lime green,lime
255,189,0,en,pale orange,pale orange
255,0,9,en,red,red
246,255,0,en,yellow,yellow
182,255,0,en,green,green
235,0,255,en,pick,pick
255,143,0,en,orange,orange
255,81,0,en,orange,orange
186,0,255,en,purple,purple
194,255,0,en,lime green,lime
255,0,204,en,pink,pink
255,0,105,en,red,red
233,255,0,en,yellow,yellow
255,122,0,en,orange,orange
157,255,0,en,lime green,lime
255,0,41,en,red,red
255,169,0,en,orange,orange
255,91,0,en,orange,orange
255,0,171,en,magenta,magenta
255,0,126,en,pink,pink
42,0,255,en,blue,blue
119,255,0,en,lime green,lime
255,157,0,en,orange,orange
206,0,255,en,purple,purple
241,255,0,en,yellow,yellow
252,0,255,en,magenta,magenta
204,255,0,en,olive,olive
255,0,180,en,hot pink,hot pink
255,68,0,en,red,red
171,255,0,en,yellow green,yellow green
255,0,53,en,red,red
255,0,240,en,magenta,magenta
255,156,0,en,orange,orange
102,0,255,en,blue,blue
80,0,255,en,blue,blue
238,255,0,en,yellow,yellow
255,0,145,en,hot pink,hot pink
255,225,0,en,yellow,yellow
255,0,105,en,warmer hot pink,warmer hot pink
205,255,0,en,slightly greener yellow,slightly greener yellow
255,0,141,en,hot pink,hot pink
255,60,0,en,red,red
154,255,0,en,yellowish lime green,yellowish lime green
144,0,255,en,purple,purple
156,255,0,en,neon green,neon green
214,0,255,en,purple,purple
255,184,0,en,golden orange,golden orange
255,0,134,en,magenta,magenta
255,148,0,en,orange,orange
255,228,0,en,mustard yellow,mustard
208,0,255,en,magenta,magenta
255,213,0,en,yellow,yellow
255,57,0,en,red,red
255,0,154,en,pink,pink
255,0,136,en,pink,pink
87,0,255,en,purple,purple
155,0,255,en,purple,purple
67,255,0,en,green,green
255,206,0,en,yellow,yellow
255,0,194,en,magenta,magenta
135,255,0,en,yellow green,yellow green
255,21,0,en,red,red
255,0,223,en,violet,violet
255,0,78,en,rose,rose
255,0,231,en,magenta,magenta
192,0,255,en,slightly more purple magenta,slightly more purple magenta
255,167,0,en,yellowish orange,yellowish orange
119,255,0,en,lime green,lime
255,0,29,en,red,red
255,0,202,en,slightly pinker magenta,slightly pinker magenta
220,255,0,en,chartreuse,chartreuse
255,0,141,en,hot pink,hot pink
118,255,0,en,neon green,neon green
255,0,28,en,red,red
226,0,255,en,magenta,magenta
255,0,188,en,magenta,magenta
255,0,114,en,hot pink,hot pink
247,0,255,en,fuchsia,fuchsia
197,0,255,en,purple,purple
255,168,0,en,yellow,yellow
255,99,0,en,orange,orange
255,0,108,en,bright pink,bright pink
255,0,144,en,pink,pink
117,0,255,en,purple,purple
255,62,0,en,orange,orange
255,0,208,en,pink,pink
255,180,0,en,yellow orange,yellow orange
255,0,152,en,fuschia,fuschia
59,0,255,en,indigo,indigo
255,0,94,en,pinkish red,pinkish red
255,214,0,en,gold,gold
255,194,0,en,gold,gold
85,0,255,en,blue,blue
255,0,117,en,pink,pink
255,136,0,en,orange,orange
105,255,0,en,green,green
189,255,0,en,green,green
255,0,231,en,pink,pink
255,48,0,en,orange,orange
255,0,32,en,red,red
234,255,0,en,lemon,lemon
210,255,0,en,green yellow,green yellow
255,161,0,en,yellow orange,yellow orange
255,142,0,en,orange,orange
255,236,0,en,yellow,yellow
255,107,0,en,red orange,red orange
159,255,0,en,lime,lime
255,2,0,en,red,red
246,255,0,en,yellow,yellow
255,194,0,en,mustard,mustard
55,255,0,en,neon green,neon green
255,220,0,en,gold,gold
255,0,140,en,magenta,magenta
255,0,162,en,magenta,magenta
255,0,223,en,violet,violet
255,0,82,en,red,red
255,141,0,en,orange,orange
185,255,0,en,yellow green,yellow green
255,127,0,en,orange,orange
191,255,0,en,lime green,lime
255,87,0,en,red orange,red orange
193,0,255,en,purple,purple
255,0,20,en,red,red
255,193,0,en,mustard,mustard
255,20,0,en,red,red
255,98,0,en,red orange,red orange
255,0,16,en,red,red
255,0,66,en,red,red
174,0,255,en,purple,purple
71,255,0,en,lime,lime
119,0,255,en,royal blue,royal blue
255,208,0,en,marigold,marigold
207,255,0,en,lime,lime
255,168,0,en,orange,orange
255,244,0,en,yellow,yellow
89,0,255,en,royal blue,royal blue
227,0,255,en,lavender,lavender
255,0,180,en,hot pink,hot pink
255,180,0,en,orange,orange
255,222,0,en,mustard,mustard
175,255,0,en,lime green,lime
255,0,180,en,pink,pink
152,0,255,en,purple,purple
92,0,255,en,indigo,indigo
255,0,27,en,red,red
255,0,66,en,bright pink,bright pink
255,215,0,en,sunflower,sunflower
255,0,217,en,magenta,magenta
201,255,0,en,yellow,yellow
255,134,0,en,orange,orange
221,0,255,en,magenta,magenta
255,221,0,en,yellow,yellow
255,26,0,en,red,red
255,83,0,en,red orange,red orange
205,0,255,en,magenta,magenta
255,0,68,en,light red,light red
255,0,130,en,pink,pink
255,220,0,en,golden yellow,golden yellow
255,253,0,en,yellow,yellow
255,0,203,en,magenta,magenta
255,0,223,en,magenta,magenta
198,0,255,en,purple,purple
145,0,255,en,purple,purple
255,0,66,en,red,red
255,0,153,en,magenta,magenta
255,107,0,en,orange,orange
255,138,0,en,light orange,light orange
160,0,255,en,purple,purple
207,0,255,en,light purple,light purple
255,9,0,en,red,red
255,158,0,en,orange,orange
255,0,216,en,magenta,magenta
255,0,107,en,watermelon red,watermelon red
138,255,0,en,lime green,lime
138,0,255,en,purple,purple
255,0,31,en,red,red
255,0,195,en,pink,pink
255,0,141,en,reddish pink,reddish pink
255,0,247,en,pink,pink
185,255,0,en,grass green,grass green
255,170,0,en,orange,orange
255,0,103,en,neon red,neon red
224,255,0,en,puke green,puke green
255,129,0,en,orange,orange
236,0,255,en,magenta,magenta
255,0,152,en,fuschia,fuschia
255,0,58,en,red,red
224,255,0,en,highlighter yellow,highlighter yellow
255,217,0,en,dandelion yellow,dandelion yellow
209,0,255,en,purple,purple
255,0,163,en,pink,pink
255,199,0,en,gold yellow,gold yellow
255,0,58,en,red,red
238,255,0,en,lemon yellow,lemon yellow
255,0,189,en,pink,pink
255,253,0,en,yellow,yellow
255,0,239,en,magenta,magenta
255,0,123,en,pink red,pink red
255,110,0,en,orange,orange
255,0,31,en,red,red
96,255,0,en,lime green,lime
255,0,129,en,fuschia,fuschia
255,79,0,en,blood orange,blood orange
255,192,0,en,goldenrod,goldenrod
255,218,0,en,gold,gold
255,0,117,en,hot pink,hot pink
255,0,201,en,hot pink,hot pink
38,0,255,en,dark blue,dark blue
255,99,0,en,orange,orange
211,255,0,en,yellow green,yellow green
255,199,0,en,maize,maize
255,0,225,en,pink,pink
255,0,249,en,bright purple,bright purple
255,0,85,en,red,red
255,152,0,en,orange,orange
125,255,0,en,grass green,grass green
255,0,180,en,magenta,magenta
5,0,255,en,dark blue,dark blue
149,0,255,en,purple,purple
255,0,54,en,red,red
255,0,97,en,pink,pink
175,0,255,en,purple,purple
255,88,0,en,orange,orange
255,0,196,en,pink,pink
167,255,0,en,yellow green,yellow green
255,234,0,en,dark yellow,dark yellow
255,155,0,en,orange,orange
255,0,206,en,hot pink,hot pink
255,41,0,en,red,red
255,97,0,en,blood orange,blood orange
246,0,255,en,fuschia,fuschia
103,255,0,en,green,green
255,133,0,en,orange,orange
255,43,0,en,blood red,blood red
255,95,0,en,blood orange,blood orange
255,0,160,en,magenta,magenta
255,0,224,en,bright purple,bright purple
255,0,119,en,velvet red,velvet red
255,241,0,en,yellow,yellow
255,136,0,en,orange,orange
255,25,0,en,red,red
255,196,0,en,orange,orange
168,0,255,en,purple,purple
158,0,255,en,purple,purple
255,0,96,en,bright red,bright red
96,255,0,en,lime green,lime
199,255,0,en,yellow green,yellow green
243,255,0,en,yellow,yellow
255,0,232,en,hot pink,hot pink
255,0,56,en,red,red
255,0,11,en,red,red
255,0,171,en,fuschia,fuschia
255,0,124,en,pinkish red,pinkish red
255,141,0,en,orange,orange
147,255,0,en,yellow green,yellow green
78,0,255,en,dark blue,dark blue
255,0,41,en,primary red,primary red
255,236,0,en,light yellow,light yellow
255,158,0,en,orange,orange
255,0,218,en,fucia,fucia
255,0,251,en,neon purple,neon purple
25,0,255,en,primary blue,primary blue
173,0,255,en,purple,purple
255,204,0,en,yellow,yellow
255,0,66,en,red,red
221,255,0,en,yellow green,yellow green
170,0,255,en,purple,purple
255,206,0,en,light ornage,light ornage
137,255,0,en,grass green,grass green
255,115,0,en,dark orange,dark orange
255,0,25,en,blood red,blood red
231,255,0,en,green yellow,green yellow
255,0,139,en,hot pink,hot pink
249,255,0,en,yellow,yellow
102,0,255,en,purple,purple
255,29,0,en,red,red
255,112,0,en,orange,orange
114,255,0,en,lime green,lime
255,0,220,en,magenta,magenta
219,0,255,en,magenta,magenta
255,235,0,en,yellow,yellow
255,202,0,en,yellow orange,yellow orange
255,164,0,en,orange,orange
255,141,0,en,pumpkin,pumpkin
214,0,255,en,magenta,magenta
179,255,0,en,yellow green,yellow green
255,250,0,en,primary yellow,primary yellow
255,0,149,en,barbie pink,barbie pink
255,94,0,en,burnt orange,burnt orange
91,255,0,en,lime green,lime
151,0,255,en,purple,purple
255,139,0,en,light orange,light orange
197,255,0,en,green,green
255,153,0,en,orange,orange
255,0,206,en,magenta,magenta
184,0,255,en,purple,purple
72,255,0,en,green,green
255,204,0,en,orange,orange
255,0,70,en,red,red
255,59,0,en,red,red
255,0,215,en,magenta,magenta
255,0,21,en,red,red
243,0,255,en,magenta,magenta
255,115,0,en,orange,orange
84,0,255,en,blue,blue
255,249,0,en,yellow,yellow
255,0,70,en,red,red
255,0,107,en,pink,pink
255,0,5,en,red orange,red orange
255,0,169,en,magenta,magenta
255,0,182,en,bright pink,bright pink
188,255,0,en,yellow green,yellow green
119,0,255,en,blue,blue
255,131,0,en,orange,orange
179,255,0,en,green,green
255,237,0,en,yellow,yellow
255,0,115,en,pink,pink
255,0,143,en,pink,pink
255,0,107,en,pink,pink
222,255,0,en,yellow green,yellow green
255,0,69,en,watermelon pink,watermelon pink
255,0,179,en,hot pink,hot pink
174,255,0,en,spring green,spring green
255,0,86,en,dark pink,dark pink
255,60,0,en,dark orange,dark orange
255,0,131,en,barbie pink,barbie pink
214,255,0,en,neon yellow,neon yellow
255,105,0,en,orange,orange
255,0,179,en,pink,pink
144,0,255,en,purple,purple
255,0,213,en,pink,pink
255,0,162,en,dk pink,dk pink
255,250,0,en,yellow,yellow
204,0,255,en,purple,purple
255,204,0,en,mustard,mustard
255,0,177,en,pink,pink
109,0,255,en,blue,blue
255,0,39,en,red,red
255,91,0,en,dark orange,dark orange
188,255,0,en,lime green,lime
255,0,103,en,hot pink,hot pink
255,248,0,en,yellow,yellow
255,158,0,en,orange,orange
255,0,148,en,fuschia,fuschia
255,47,0,en,red orange,red orange
115,255,0,en,lime green,lime
255,0,238,en,magenta,magenta
255,0,147,en,pink,pink
255,0,107,en,red,red
255,0,37,en,red orange,red orange
255,0,65,en,red,red
255,0,113,en,pink,pink
115,0,255,en,indigo,indigo
255,123,0,en,orange,orange
135,255,0,en,lime green,lime
255,0,54,en,red,red
255,0,82,en,magenta,magenta
255,254,0,en,yellow,yellow
255,210,0,en,marigold,marigold
255,59,0,en,red,red
255,0,19,en,red,red
255,0,253,en,pink,pink
255,71,0,en,red,red
255,0,132,en,pink,pink
73,255,0,en,lime green,lime
255,0,50,en,red,red
255,32,0,en,red,red
255,145,0,en,orange,orange
255,118,0,en,orange,orange
218,0,255,en,magenta,magenta
255,0,33,en,red,red
145,255,0,en,lime green,lime
71,0,255,en,blue,blue
255,0,66,en,red,red
215,0,255,en,purple,purple
255,0,118,en,magenta,magenta
255,0,172,en,pink,pink
255,175,0,en,gold,gold
255,137,0,en,yellow orange,yellow orange
255,234,0,en,yellow,yellow
107,255,0,en,bright green,bright green
152,255,0,en,spring green,spring green
219,255,0,en,yellow,yellow
255,0,232,en,pink,pink
255,0,94,en,red,red
255,0,182,en,pink,pink
255,0,62,en,red,red
255,163,0,en,orange,orange
255,206,0,en,yellow,yellow
255,0,174,en,hot pink,hot pink
241,0,255,en,magenta,magenta
255,202,0,en,yellow,yellow
255,0,91,en,neon pink,neon pink
255,0,203,en,magenta,magenta
19,255,0,en,neon green,neon green
244,255,0,en,neon yellow,neon yellow
121,255,0,en,neon green,neon green
255,178,0,en,yellow,yellow
157,0,255,en,purple,purple
255,0,135,en,hot pink,hot pink
255,216,0,en,yellow,yellow
255,0,227,en,magenta,magenta
197,255,0,en,lime green,lime
79,0,255,en,purple,purple
255,0,123,en,pink,pink
238,255,0,en,yellow,yellow
255,175,0,en,orange,orange
255,0,92,en,fuscia,fuscia
255,0,7,en,red,red
176,0,255,en,purple,purple
172,255,0,en,yellow green,yellow green
65,255,0,en,green yellow,green yellow
206,255,0,en,yellow,yellow
255,132,0,en,orange,orange
255,0,161,en,pink,pink
137,0,255,en,purple,purple
255,88,0,en,orange,orange
255,218,0,en,yello,yello
253,0,255,en,pink,pink
255,0,110,en,magenta,magenta
255,238,0,en,yellow,yellow
255,0,254,en,light purple,light purple
255,0,41,en,red,red
70,255,0,en,bright green,bright green
223,255,0,en,greenish yellow,greenish yellow
255,47,0,en,orangish red,orangish red
255,0,66,en,red,red
255,0,180,en,pink,pink
255,0,218,en,pink,pink
255,73,0,en,orange,orange
255,204,0,en,yellow,yellow
255,204,0,en,yellow gold,yellow gold
181,255,0,en,light yellow green,light yellow green
255,0,199,en,magenta,magenta
255,148,0,en,orange,orange
132,0,255,en,purple,purple
252,255,0,en,yellow,yellow
255,81,0,en,orangish red,orangish red
218,0,255,en,light purple,light purple
255,0,138,en,magenta,magenta
255,0,150,en,magenta,magenta
255,165,0,en,yellow gold,yellow gold
255,0,211,en,bright purple,bright purple
255,0,49,en,red,red
255,218,0,en,yellow,yellow
255,199,0,en,butter yellow,butter yellow
255,0,80,en,watermelon,watermelon
255,0,47,en,red,red
186,0,255,en,purple,purple
255,112,0,en,orange,orange
255,54,0,en,red orange,red orange
255,0,158,en,hot pink,hot pink
255,0,113,en,watermelon,watermelon
149,0,255,en,purple,purple
233,255,0,en,neon yellow,neon yellow
255,137,0,en,orange,orange
255,175,0,en,yellow orange,yellow orange
182,0,255,en,purple,purple
255,177,0,en,gold,gold
255,0,132,en,magenta,magenta
255,213,0,en,bright gold,bright gold
158,0,255,en,purple,purple
63,255,0,en,bright green,bright green
164,255,0,en,neon green,neon green
255,0,105,en,watermelon,watermelon
255,0,213,en,magenta,magenta
255,0,180,en,hot pink,hot pink
255,0,252,en,pink,pink
203,255,0,en,neon yellow,neon yellow
222,0,255,en,magenta,magenta
255,113,0,en,burnt orange,burnt orange
255,137,0,en,orange,orange
155,255,0,en,lime green,lime
136,0,255,en,purple,purple
255,0,172,en,pink,pink
255,227,0,en,yellow,yellow
255,250,0,en,yellow,yellow
255,193,0,en,orange,orange
62,255,0,en,lime green,lime
255,0,63,en,red,red
255,0,4,en,red,red
225,255,0,en,electric yellow,electric yellow
255,0,89,en,pink,pink
255,161,0,en,orange,orange
215,0,255,en,magenta,magenta
255,45,0,en,red,red
255,0,246,en,pink purple,pink purple
255,0,181,en,pink,pink
255,0,116,en,dark pink,dark pink
145,255,0,en,yellow green,yellow green
254,255,0,en,yellow,yellow
229,0,255,en,amethyst,amethyst
255,104,0,en,dark orange,dark orange
255,0,162,en,red magenta,red magenta
255,0,203,en,magenta,magenta
255,66,0,en,bittersweet,bittersweet
255,121,0,en,orange,orange
255,204,0,en,mustard,mustard
255,0,13,en,red,red
220,0,255,en,magenta,magenta
190,255,0,en,light green,light green
246,255,0,en,yello,yello
148,255,0,en,green,green
89,255,0,en,green,green
255,0,157,en,fuschia,fuschia
255,0,91,en,raspberry,raspberry
187,255,0,en,chartreuse,chartreuse
255,0,35,en,red,red
124,255,0,en,light green,light green
255,0,67,en,raspberry,raspberry
255,194,0,en,gold,gold
15,0,255,en,medium blue,medium blue
255,0,233,en,magenta,magenta
255,0,76,en,red,red
255,0,210,en,magenta,magenta
145,0,255,en,purple,purple
255,0,177,en,magenta,magenta
255,114,0,en,orange,orange
255,0,128,en,red,red
255,179,0,en,mustard,mustard
255,20,0,en,red,red
30,0,255,en,blue,blue
198,0,255,en,magenta,magenta
255,119,0,en,orange,orange
255,0,107,en,red,red
255,235,0,en,yellow,yellow
196,0,255,en,purple,purple
255,118,0,en,orange,orange
255,0,94,en,neon salmon,neon salmon
248,0,255,en,lavender pink,lavender pink
255,0,114,en,magenta,magenta
255,0,146,en,raspberry,raspberry
255,141,0,en,orange,orange
253,0,255,en,magenta,magenta
255,0,219,en,magenta,magenta
200,0,255,en,purple,purple
255,0,61,en,red,red
255,253,0,en,yellow,yellow
255,255,0,en,yellow,yellow
115,0,255,en,violet,violet
161,255,0,en,lime green,lime
255,0,49,en,red,red
74,255,0,en,light green,light green
218,255,0,en,yellow green,yellow green
255,0,3,en,orange red,orange-red
255,0,244,en,light magenta,light magenta
255,0,39,en,red,red
151,255,0,en,yellow green,yellow green
255,0,186,en,magenta,magenta
255,0,118,en,deep pink,deep pink
146,0,255,en,purple,purple
126,255,0,en,yellow green,yellow green
255,206,0,en,gold,gold
255,174,0,en,deep gold,deep gold
255,224,0,en,dandelion,dandelion
255,69,0,en,dark orange,dark orange
255,0,189,en,hot pink,hot pink
255,135,0,en,orange,orange
255,41,0,en,salmon,salmon
255,0,136,en,pink,pink
255,154,0,en,orange,orange
221,0,255,en,purple,purple
255,0,193,en,hot pink,hot pink
162,255,0,en,neon green,neon green
99,255,0,en,green,green
255,148,0,en,orange,orange
255,0,152,en,hot pink,hot pink
255,0,82,en,red,red
174,0,255,en,purple,purple
255,0,214,en,pink,pink
255,205,0,en,yellow,yellow
255,0,23,en,scarlette,scarlette
255,93,0,en,orange,orange
156,0,255,en,purple,purple
201,255,0,en,yellow,yellow
255,222,0,en,dark yellow,dark yellow
231,255,0,en,yellow,yellow
255,0,71,en,red,red
38,255,0,en,green,green
255,88,0,en,orange,orange
255,0,176,en,pink,pink
94,0,255,en,indigo,indigo
71,255,0,en,green,green
255,71,0,en,red orange,red orange
224,0,255,en,violet,violet
156,255,0,en,lime green,lime
255,225,0,en,yellow,yellow
255,0,41,en,red,red
255,190,0,en,orange,orange
255,0,126,en,pink,pink
255,0,57,en,red,red
255,0,100,en,pinkish red,pinkish red
213,0,255,en,purple,purple
255,145,0,en,red orange,red orange
255,0,163,en,pink,pink
255,251,0,en,yellow,yellow
185,255,0,en,lime,lime
255,0,244,en,pinkish purple,pinkish purple
255,177,0,en,orange,orange
255,66,0,en,red orange,red orange
255,183,0,en,goldenrod,goldenrod
255,215,0,en,yellow,yellow
255,0,170,en,pink,pink
255,0,105,en,deep pink,deep pink
203,255,0,en,yellow green,yellow green
255,156,0,en,orange,orange
255,117,0,en,orange red,orange-red
202,0,255,en,purple,purple
255,0,111,en,fuchsia,fuchsia
255,249,0,en,yellow,yellow
255,0,237,en,purplish pink,purplish pink
255,0,141,en,bright pink,bright pink
255,0,179,en,pink,pink
255,50,0,en,red,red
255,240,0,en,yellow,yellow
255,116,0,en,orange,orange
190,255,0,en,lime green,lime
255,0,250,en,bright pink,bright pink
255,0,171,en,pink,pink
164,255,0,en,lime green,lime
255,130,0,en,orange,orange
42,0,255,en,blue,blue
255,0,9,en,red,red
255,197,0,en,mustard,mustard
47,255,0,en,lime green,lime
129,0,255,en,blueish purple,blueish purple
255,166,0,en,orange,orange
255,0,54,en,pinkish red,pinkish red
255,124,0,en,orange,orange
205,0,255,en,periwinkle,periwinkle
255,113,0,en,slightly darker orange,slightly darker orange
232,255,0,en,highlighter yellow,highlighter yellow
137,0,255,en,blue purple,blue purple
255,0,187,en,magenta,magenta
243,0,255,en,purple,purple
158,255,0,en,yellow green,yellow green
189,255,0,en,yellow,yellow
255,174,0,en,sienna,sienna
255,0,71,en,magenta,magenta
255,0,125,en,hot pink,hot pink
255,238,0,en,yellow green,yellow green
126,255,0,en,yellow,yellow
150,0,255,en,purple,purple
255,243,0,en,yellow,yellow
255,0,79,en,magenta,magenta
255,0,2,en,red,red
255,201,0,en,goldenrod,goldenrod
255,81,0,en,orange,orange
206,255,0,en,chartreuse,chartreuse
255,0,229,en,fuschia,fuschia
255,73,0,en,burnt orange,burnt orange
255,185,0,en,mustard,mustard
88,0,255,en,dark blue,dark blue
255,0,39,en,red,red
255,0,172,en,pink,pink
255,0,104,en,magenta,magenta
255,0,119,en,hot pink,hot pink
255,0,161,en,magenta,magenta
255,234,0,en,yellow,yellow
255,136,0,en,orange,orange
246,0,255,en,purple,purple
255,0,94,en,dark pink,dark pink
255,0,176,en,fuschia,fuschia
255,0,156,en,magenta,magenta
255,31,0,en,red,red
255,0,95,en,hot pink,hot pink
245,255,0,en,yellow,yellow
255,229,0,en,dandelion,dandelion
148,255,0,en,yellow green,yellow green
133,255,0,en,lime green,lime
90,0,255,en,blue,blue
255,172,0,en,orange,orange
166,0,255,en,purple,purple
255,0,229,en,magenta,magenta
60,255,0,en,green,green
255,70,0,en,red orange,red orange
255,0,238,en,magenta,magenta
255,0,137,en,magenta,magenta
255,204,0,en,yellow orange,yellow orange
255,0,23,en,bright red,bright red
229,255,0,en,greenish yellow,greenish yellow
205,0,255,en,purple,purple
255,140,0,en,orange,orange
133,0,255,en,indigo,indigo
255,86,0,en,red orange,red orange
122,255,0,en,yellowish green,yellowish green
255,0,53,en,red,red
232,0,255,en,purple,purple
255,0,200,en,magenta,magenta
255,171,0,en,yellow orange,yellow orange
60,0,255,en,dark blue,dark blue
255,0,104,en,hot pink,hot pink
230,255,0,en,yellow green,yellow green
255,214,0,en,yellow,yellow
214,0,255,en,violet,violet
255,105,0,en,orange,orange
255,0,20,en,red,red
255,194,0,en,yellow,yellow
252,255,0,en,yellow,yellow
255,0,116,en,hot pink,hot pink
226,0,255,en,violet,violet
255,69,0,en,red,red
255,165,0,en,orange,orange
255,0,61,en,red,red
128,0,255,en,purple,purple
255,0,186,en,violet,violet
255,0,149,en,hot pink,hot pink
68,255,0,en,green,green
142,255,0,en,yellow green,yellow green
255,139,0,en,orange,orange
255,0,219,en,hot pink,hot pink
255,249,0,en,yellow,yellow
255,0,233,en,magenta,magenta
255,115,0,en,orange,orange
255,236,0,en,yellow,yellow
103,0,255,en,purple,purple
255,147,0,en,orange,orange
255,0,248,en,magenta,magenta
255,0,91,en,pink,pink
119,255,0,en,green,green
139,255,0,en,green,green
255,210,0,en,yellow,yellow
255,0,50,en,red,red
255,0,18,en,red,red
255,85,0,en,red orange,red orange
255,0,125,en,pink,pink
209,255,0,en,yellow,yellow
255,0,119,en,pink,pink
255,0,194,en,magenta,magenta
255,204,0,en,yellow,yellow
199,0,255,en,purple,purple
255,0,170,en,magenta,magenta
255,142,0,en,orange,orange
255,174,0,en,orange,orange
255,65,0,en,red,red
255,0,228,en,magenta,magenta
143,0,255,en,purple,purple
255,236,0,en,yellow,yellow
119,255,0,en,neon green,neon green
255,0,96,en,hot pink,hot pink
202,0,255,en,violet,violet
62,0,255,en,purple,purple
27,255,0,en,lime green,lime
255,73,0,en,orange,orange
255,0,45,en,red,red
255,0,58,en,pink,pink
255,167,0,en,dark yellow,dark yellow
184,255,0,en,chartreuse,chartreuse
255,0,74,en,watermelon red,watermelon red
255,255,0,en,chrome yellow,chrome yellow
255,0,145,en,fuschia,fuschia
255,51,0,en,orange,orange
219,0,255,en,magenta,magenta
255,0,189,en,magenta,magenta
176,255,0,en,neon green,neon green
255,0,157,en,pink,pink
221,255,0,en,green yellow,green yellow
252,0,255,en,magenta,magenta
255,250,0,en,yellow,yellow
171,0,255,en,royal purple,royal purple
255,0,128,en,fuschia,fuschia
255,226,0,en,chrome yellow,chrome yellow
255,82,0,en,burnt orange,burnt orange
255,184,0,en,gold,gold
255,0,103,en,magenta,magenta
121,0,255,en,violet,violet
255,157,0,en,goldenrod,goldenrod
182,255,0,en,chartruse,chartruse
255,0,147,en,fushia,fushia
255,71,0,en,red,red
177,0,255,en,purple,purple
95,255,0,en,green,green
255,85,0,en,orange,orange
255,242,0,en,yellow,yellow
217,255,0,en,chartreuse,chartreuse
255,0,228,en,magenta,magenta
55,0,255,en,cobalt,cobalt
255,0,43,en,red,red
255,0,209,en,fuschia,fuschia
64,255,0,en,apple green,apple green
255,140,0,en,orange,orange
255,163,0,en,orange,orange
255,197,0,en,orange,orange
255,254,0,en,yellow,yellow
255,0,227,en,fushia,fushia
255,0,184,en,fushia,fushia
148,0,255,en,purple,purple
255,0,62,en,pink,pink
221,0,255,en,fushia,fushia
255,0,85,en,pink,pink
255,0,141,en,pink,pink
198,255,0,en,yellow,yellow
255,0,46,en,red,red
255,223,0,en,saffron yellow,saffron yellow
255,0,243,en,magenta,magenta
128,0,255,en,purple,purple
255,0,15,en,ref,ref
153,255,0,en,lime green,lime
255,0,173,en,fuschis,fuschis
103,255,0,en,neon green,neon green
255,120,0,en,orange,orange
255,111,0,en,dark orange,dark orange
255,0,198,en,pink,pink
106,0,255,en,purple,purple
255,134,0,en,orange,orange
173,255,0,en,green,green
255,0,90,en,pink,pink
95,255,0,en,green,green
182,0,255,en,purple,purple
192,255,0,en,yellowy green,yellowy green
255,0,248,en,pink,pink
255,0,151,en,pink,pink
255,220,0,en,yellow,yellow
255,0,59,en,dark pink,dark pink
255,21,0,en,red,red
255,163,0,en,orange,orange
255,0,215,en,pink,pink
255,198,0,en,orangy yellow,orangy yellow
255,0,115,en,pink,pink
231,255,0,en,yellow,yellow
255,0,27,en,red,red
255,96,0,en,orange,orange
255,113,0,en,orage,orage
255,143,0,en,medium orange,medium orange
255,0,255,en,purple pink,purple pink
255,161,0,en,light orange,light orange
255,0,152,en,pink,pink
255,0,139,en,hot pink,hot pink
255,0,86,en,red,red
255,0,63,en,hot pink,hot pink
103,255,0,en,light green,light green
255,226,0,en,yellow,yellow
161,0,255,en,purple,purple
255,24,0,en,red,red
255,196,0,en,gold,gold
255,253,0,en,light yellow,light yellow
18,255,0,en,light green,light green
255,0,201,en,hot pink,hot pink
142,255,0,en,lime green,lime
255,0,236,en,purple pink,purple pink
215,0,255,en,purple,purple
255,0,25,en,red,red
189,255,0,en,yellow green,yellow green
255,0,21,en,crimson,crimson
255,126,0,en,rust,rust
254,0,255,en,magenta,magenta
255,51,0,en,brick red,brick red
255,0,67,en,red,red
213,255,0,en,lime,lime
255,0,238,en,magenta,magenta
214,0,255,en,fuschia,fuschia
132,255,0,en,yellow green,yellow green
255,237,0,en,yellow,yellow
255,0,94,en,rose,rose
255,0,126,en,pink,pink
255,204,0,en,sunflower,sunflower
136,0,255,en,purple,purple
231,255,0,en,lime,lime
255,165,0,en,sunfllower,sunfllower
255,0,207,en,magenta,magenta
255,0,156,en,rose,rose
255,104,0,en,rust,rust
153,255,0,en,lime,lime
222,255,0,en,lime,lime
110,255,0,en,neon,neon
255,0,88,en,pink,pink
255,26,0,en,red,red
255,0,190,en,pink,pink
255,0,48,en,red,red
255,0,221,en,pink,pink
255,251,0,en,yellow,yellow
255,118,0,en,orange,orange
255,146,0,en,orange,orange
132,0,255,en,purple,purple
249,0,255,en,pink,pink
255,0,124,en,pink,pink
255,183,0,en,orange,orange
170,255,0,en,neon green,neon green
255,232,0,en,yellow,yellow
255,0,168,en,pink,pink
255,164,0,en,orange,orange
189,0,255,en,purple,purple
255,0,52,en,red,red
108,255,0,en,light green,light green
255,0,231,en,magenta,magenta
255,0,154,en,dark pink,dark pink
160,0,255,en,dark purple,dark purple
255,0,48,en,burgundy,burgundy
191,0,255,en,royal purple,royal purple
255,184,0,en,tan,tan
255,244,0,en,sand,sand
185,255,0,en,light green,light green
255,0,54,en,red,red
255,136,0,en,orange,orange
240,0,255,en,magenta,magenta
255,12,0,en,light red,light red
183,0,255,en,purple,purple
255,0,102,en,strawberry red,strawberry red
29,255,0,en,lime green,lime
255,187,0,en,dandelion,dandelion
255,151,0,en,yellow orange,yellow orange
255,0,74,en,stephanie when drunk,stephanie when drunk
124,0,255,en,deep purple,deep purple
91,255,0,en,lime,lime
255,36,0,en,red,red
255,0,235,en,semi deep pink,semi deep pink
176,255,0,en,vomit green,vomit green
255,0,191,en,deep pink,deep pink
248,255,0,en,yellow,yellow
255,0,170,en,magenta,magenta
255,0,112,en,strawberry red,strawberry red
255,82,0,en,orange,orange
217,255,0,en,neon yellow,neon yellow
255,164,0,en,yellow orange,yellow orange
251,0,255,en,lavendar,lavendar
255,218,0,en,sunshine yellow,sunshine yellow
255,0,4,en,red,red
73,0,255,en,royal blue,royal blue
226,255,0,en,yellow green,yellow green
255,92,0,en,red orange,red orange
255,221,0,en,gold,gold
255,251,0,en,yellow,yellow
255,0,81,en,pink red,pink red
255,0,228,en,fuchsia,fuchsia
255,171,0,en,orange,orange
255,0,201,en,hot pink,hot pink
255,0,109,en,pink,pink
38,255,0,en,green,green
222,0,255,en,purple,purple
144,255,0,en,green,green
240,255,0,en,yellow,yellow
255,138,0,en,orange,orange
96,0,255,en,purple,purple
112,255,0,en,bright green,bright green
255,225,0,en,yellow orange,yellow orange
222,255,0,en,yellow,yellow
255,187,0,en,orange,orange
255,156,0,en,orange,orange
173,0,255,en,purple,purple
255,0,143,en,dusky pink,dusky pink
255,0,137,en,pink,pink
255,0,92,en,rose,rose
239,0,255,en,purple,purple
255,0,196,en,magenta,magenta
255,115,0,en,red orange,red orange
255,0,9,en,red,red
254,255,0,en,yellow,yellow
255,0,52,en,red,red
147,255,0,en,yellow green,yellow green
255,69,0,en,red orange,red orange
38,255,0,en,green,green
255,0,255,en,magenta,magenta
255,0,67,en,red,red
255,0,218,en,magenta,magenta
255,148,0,en,orange,orange
182,255,0,en,teal,teal
255,0,172,en,pink,pink
255,94,0,en,orange,orange
255,77,0,en,red,red
196,255,0,en,yellow,yellow
110,0,255,en,purple,purple
255,215,0,en,yellow,yellow
255,155,0,en,orange,orange
255,0,18,en,red,red
255,0,206,en,magenta,magenta
255,251,0,en,yellow,yellow
33,255,0,en,lime green,lime
168,255,0,en,yellow green,yellow green
255,0,134,en,magenta,magenta
255,61,0,en,red,red
220,0,255,en,purple,purple
255,157,0,en,light orange,light orange
205,0,255,en,purple,purple
255,238,0,en,lemon yellow,lemon yellow
239,255,0,en,greenish yellow,greenish yellow
255,0,177,en,magenta,magenta
216,255,0,en,limey yellow,limey yellow
126,0,255,en,purple,purple
255,203,0,en,dark yellow,dark yellow
255,0,38,en,red,red
255,0,107,en,magenta,magenta
255,0,78,en,scarlet,scarlet
255,112,0,en,dark orange,dark orange
255,0,235,en,fuscia,fuscia
79,255,0,en,lime green,lime
255,135,0,en,light orange,light orange
255,0,175,en,dark hot pink,dark hot pink
255,0,141,en,pink,pink
255,0,7,en,red,red
216,0,255,en,purple,purple
255,230,0,en,yellow,yellow
255,0,170,en,pink,pink
255,157,0,en,orange,orange
217,255,0,en,yellow,yellow
255,0,233,en,pink,pink
255,0,99,en,pink,pink
239,255,0,en,yellow,yellow
255,0,247,en,pink,pink
255,0,62,en,red,red
255,127,0,en,orange,orange
112,255,0,en,green,green
255,203,0,en,yellow,yellow
168,255,0,en,green,green
255,56,0,en,red,red
255,0,190,en,pink,pink
106,0,255,en,purple,purple
255,99,0,en,orange,orange
255,218,0,en,yellow,yellow
99,255,0,en,lime,lime
255,0,188,en,hot pink,hot pink
255,0,82,en,red,red
158,0,255,en,purple,purple
207,0,255,en,fuschia,fuschia
255,0,191,en,pink,pink
255,135,0,en,orange,orange
255,77,0,en,orange,orange
179,0,255,en,purple,purple
255,0,120,en,pink,pink
255,207,0,en,orange,orange
255,0,148,en,pink,pink
144,255,0,en,green,green
91,0,255,en,blue,blue
199,255,0,en,yellow,yellow
255,154,0,en,orange,orange
100,255,0,en,green,green
255,0,79,en,red,red
249,255,0,en,yelow,yelow
255,0,240,en,pink,pink
255,0,30,en,red,red
124,0,255,en,blue,blue
255,0,255,en,pink,pink
255,119,0,en,orange,orange
255,0,87,en,red,red
255,213,0,en,yellow,yellow
255,0,183,en,fuchsia,fuchsia
230,0,255,en,reddish violet,reddish violet
255,121,0,en,orange,orange
255,0,139,en,magenta,magenta
48,255,0,en,lime green,lime
255,183,0,en,marigold,marigold
255,0,239,en,orchid,orchid
210,0,255,en,violet,violet
205,255,0,en,neon yellow,neon yellow
108,0,255,en,indigo,indigo
255,228,0,en,gold,gold
255,176,0,en,yellow orange,yellow orange
255,0,58,en,red,red
255,0,162,en,fuchsia,fuchsia
255,0,103,en,dark pink,dark pink
255,249,0,en,yellow,yellow
255,0,34,en,red,red
255,117,0,en,red orange,red orange
154,255,0,en,chartreuse,chartreuse
255,38,0,en,bright red,bright red
255,0,111,en,pink,pink
255,0,66,en,red,red
255,56,0,en,red orange,red orange
255,208,0,en,yellow,yellow
255,0,123,en,pink,pink
255,170,0,en,orange,orange
107,255,0,en,green,green
148,255,0,en,light green,light green
255,0,180,en,pink,pink
255,0,170,en,pink,pink
25,255,0,en,green,green
192,255,0,en,yellow,yellow
255,113,0,en,red orange,red orange
147,0,255,en,purple,purple
255,134,0,en,orange,orange
255,218,0,en,yellow,yellow
17,0,255,en,dark blue,dark blue
255,0,234,en,very pink,very pink
255,0,45,en,red,red
233,0,255,en,pink,pink
217,0,255,en,purple,purple
241,255,0,en,yellow,yellow
255,55,0,en,orange,orange
255,0,51,en,pink,pink
255,198,0,en,yellow,yellow
138,255,0,en,green,green
255,219,0,en,yellow,yellow
255,141,0,en,yellow orange,yellow orange
255,97,0,en,orange,orange
115,255,0,en,green,green
255,0,209,en,fuschia,fuschia
255,152,0,en,yellow,yellow
188,255,0,en,yellow,yellow
158,0,255,en,purple,purple
164,0,255,en,purple,purple
56,0,255,en,blue purple,blue purple
255,0,239,en,pink,pink
255,0,248,en,pink,pink
255,0,102,en,pink,pink
255,114,0,en,bright orange,bright orange
255,0,90,en,coral,coral
255,0,35,en,bright red,bright red
255,150,0,en,burnt orange,burnt orange
255,59,0,en,red,red
200,0,255,en,purple,purple
255,147,0,en,orange,orange
255,152,0,en,orange,orange
137,255,0,en,yellow green,yellow green
255,0,161,en,magenta,magenta
255,0,115,en,fuscha,fuscha
147,255,0,en,green,green
80,0,255,en,blur,blur
148,0,255,en,purple,purple
255,198,0,en,yellow,yellow
255,0,147,en,pink,pink
255,35,0,en,red,red
255,247,0,en,yellow,yellow
255,87,0,en,red,red
255,144,0,en,orange,orange
230,255,0,en,yellow,yellow
255,0,253,en,pink,pink
255,234,0,en,yellow,yellow
255,0,224,en,pink,pink
255,167,0,en,orange,orange
255,0,205,en,pink,pink
116,255,0,en,green,green
255,0,117,en,pink,pink
255,0,72,en,red,red
255,0,2,en,red,red
255,0,87,en,red,red
209,0,255,en,purple,purple
255,0,253,en,red violet,red violet
255,0,231,en,red violet,red violet
255,0,158,en,magenta,magenta
186,0,255,en,violet,violet
96,255,0,en,spring green,spring green
255,54,0,en,fire engine red,fire engine red
255,0,30,en,fire engine red,fire engine red
255,0,106,en,red,red
15,255,0,en,green,green
255,84,0,en,red,red
255,137,0,en,orange,orange
255,156,0,en,orange,orange
227,255,0,en,yellow,yellow
255,189,0,en,orange,orange
14,0,255,en,blue,blue
255,0,200,en,magenta,magenta
117,0,255,en,purple,purple
255,0,68,en,red,red
255,226,0,en,yellow,yellow
255,0,141,en,dark pink,dark pink
136,255,0,en,spring green,spring green
255,245,0,en,yellow,yellow
255,0,206,en,pink,pink
255,122,0,en,orange,orange
88,255,0,en,line green,line green
255,49,0,en,red orange,red orange
255,131,0,en,light orange,light orange
72,255,0,en,neon green,neon green
255,222,0,en,yellow,yellow
86,0,255,en,purple blue,purple blue
255,0,45,en,red,red
255,0,169,en,bright pink,bright pink
255,97,0,en,orange,orange
184,255,0,en,lime green,lime
255,0,233,en,magenta,magenta
238,255,0,en,lemon yellow,lemon yellow
177,0,255,en,lavender,lavender
211,255,0,en,yellow green,yellow green
255,0,89,en,watermelon,watermelon
255,164,0,en,light orange,light orange
255,0,112,en,rose,rose
255,0,204,en,magenta,magenta
255,0,75,en,watermelon,watermelon
134,0,255,en,purple,purple
255,0,251,en,pink,pink
255,192,0,en,gold,gold
255,44,0,en,red,red
255,131,0,en,orange,orange
51,0,255,en,blue,blue
255,238,0,en,yellow,yellow
107,255,0,en,green,green
255,0,81,en,magenta,magenta
255,0,103,en,hot fuchsia,hot fuchsia
125,0,255,en,indigo,indigo
255,0,48,en,fire engine red,fire engine red
255,223,0,en,school bus yellow,school bus yellow
89,0,255,en,royal blue,royal blue
255,0,136,en,dark pink,dark pink
255,180,0,en,mustard yellow,mustard
173,255,0,en,lime green,lime
255,0,145,en,hot pink,hot pink
197,255,0,en,tennis ball,tennis ball
246,255,0,en,greenish yellow,greenish yellow
255,0,219,en,magenta,magenta
255,0,76,en,pinkish red,pinkish red
239,0,255,en,violet,violet
255,63,0,en,orange,orange
255,0,108,en,coral,coral
117,0,255,en,purple,purple
255,0,220,en,pink,pink
255,221,0,en,goldenrod,goldenrod
255,0,177,en,fuscha,fuscha
255,0,129,en,dark pink,dark pink
207,0,255,en,magenta,magenta
235,0,255,en,fuscha,fuscha
236,255,0,en,lemon yellow,lemon yellow
255,136,0,en,orange,orange
255,185,0,en,yellow orange,yellow orange
95,255,0,en,lime,lime
255,173,0,en,pumpkin,pumpkin
255,0,16,en,red,red
133,255,0,en,chartruse,chartruse
255,0,62,en,red orange,red orange
255,0,161,en,pink,pink
255,113,0,en,orange,orange
206,255,0,en,lime,lime
255,108,0,en,orange,orange
255,0,204,en,pink,pink
255,0,38,en,red,red
255,0,158,en,magenta,magenta
169,255,0,en,chartreuse,chartreuse
255,239,0,en,yellow,yellow
255,0,253,en,violet pink,violet pink
255,0,128,en,rose,rose
255,0,92,en,red,red
255,159,0,en,orange,orange
255,139,0,en,orange,orange
174,0,255,en,purple,purple
188,255,0,en,chartreuse,chartreuse
240,255,0,en,lemon yellow,lemon yellow
255,48,0,en,red,red
132,0,255,en,purple,purple
255,0,70,en,red,red
106,255,0,en,yellow green,yellow green
255,202,0,en,gold,gold
255,0,212,en,magenta,magenta
192,255,0,en,lime green,lime
255,236,0,en,yellow,yellow
255,128,0,en,burnt orange,burnt orange
255,93,0,en,orangey red,orangey red
255,206,0,en,goldenrod,goldenrod
255,0,86,en,fuchsia,fuchsia
188,0,255,en,bright purple,bright purple
255,180,0,en,orange,orange
110,0,255,en,french blue,french blue
255,0,138,en,neon berry,neon berry
255,0,211,en,fuchsia,fuchsia
255,0,247,en,electric lavendar,electric lavendar
159,255,0,en,vivid lime,vivid lime
255,250,0,en,yellow,yellow
255,0,149,en,neon berry,neon berry
84,255,0,en,electric lime,electric lime
255,0,41,en,red,red
255,22,0,en,fire engine red,fire engine red
255,0,49,en,lipstick red,lipstick red
255,0,200,en,bright purple,bright purple
203,0,255,en,violet,violet
105,0,255,en,indigo,indigo
255,0,157,en,pink,pink
210,255,0,en,bright green,bright green
173,255,0,en,light green,light green
255,97,0,en,orange,orange
255,0,139,en,pink,pink
255,0,39,en,red,red
255,251,0,en,yellow,yellow
255,179,0,en,yellow orange,yellow orange
255,237,0,en,yellow,yellow
255,0,192,en,pink,pink
255,206,0,en,dark yellow,dark yellow
85,255,0,en,green,green
255,0,98,en,dark pink,dark pink
99,0,255,en,purple,purple
255,215,0,en,yellow,yellow
255,0,36,en,red,red
255,0,255,en,magenta,magenta
255,130,0,en,orange,orange
255,252,0,en,yellow,yellow
255,131,0,en,orange,orange
255,70,0,en,red orange,red orange
255,0,75,en,dark pink,dark pink
238,0,255,en,purple,purple
255,0,237,en,pink,pink
255,0,19,en,red,red
255,0,109,en,pink,pink
91,255,0,en,lime green,lime
255,185,0,en,gold,gold
231,0,255,en,purple,purple
255,0,225,en,magenta,magenta
218,0,255,en,purple,purple
126,0,255,en,royal,royal
255,0,199,en,magenta,magenta
255,0,136,en,pink,pink
255,214,0,en,marigold,marigold
255,168,0,en,orange,orange
146,255,0,en,chartreuse,chartreuse
209,255,0,en,yellow green,yellow green
237,255,0,en,yellow,yellow
255,67,0,en,red orange,red orange
255,112,0,en,red orange,red orange
255,0,49,en,pink red,pink red
255,131,0,en,orange,orange
255,0,167,en,fushia,fushia
255,0,208,en,fuchsia,fuchsia
207,255,0,en,lime,lime
96,0,255,en,deep periwinkle,deep periwinkle
255,0,33,en,red,red
255,192,0,en,goldenrod,goldenrod
80,0,255,en,royal blue,royal blue
255,179,0,en,orange,orange
255,0,100,en,magenta,magenta
177,255,0,en,lime,lime
255,0,211,en,fuchsia,fuchsia
70,255,0,en,neon green,neon green
255,250,0,en,yellow,yellow
181,0,255,en,purple,purple
255,0,63,en,red,red
255,241,0,en,golden yellow,golden yellow
255,51,0,en,red,red
255,113,0,en,orange,orange
255,0,146,en,hot pink,hot pink
255,147,0,en,goldenrod,goldenrod
255,0,247,en,fuchsia,fuchsia
255,0,117,en,magenta,magenta
255,0,106,en,rose,rose
255,166,0,en,orange,orange
255,0,148,en,hot pink,hot pink
255,0,63,en,red,red
255,211,0,en,dark yellow,dark yellow
241,255,0,en,green yellow,green yellow
255,137,0,en,dark orange,dark orange
255,244,0,en,yellow,yellow
173,0,255,en,purple,purple
225,255,0,en,yellow green,yellow green
255,183,0,en,yellow orange,yellow orange
40,255,0,en,green,green
255,0,175,en,magenta,magenta
255,213,0,en,goldenrod,goldenrod
255,0,114,en,scarlet,scarlet
255,0,95,en,pink,pink
255,165,0,en,gold,gold
255,214,0,en,yellow,yellow
255,108,0,en,orange,orange
255,125,0,en,orange,orange
77,255,0,en,green,green
255,155,0,en,yellow orange,yellow orange
120,255,0,en,green,green
243,0,255,en,magenta,magenta
255,0,82,en,scarlet,scarlet
255,127,0,en,orange,orange
101,0,255,en,indigo,indigo
255,0,30,en,red,red
255,95,0,en,burnt orange,burnt orange
255,0,122,en,pink,pink
163,255,0,en,green,green
234,255,0,en,yellow,yellow
199,255,0,en,green,green
255,0,175,en,pink,pink
88,0,255,en,blue,blue
255,0,72,en,pink,pink
255,0,194,en,magenta,magenta
255,0,74,en,red,red
255,66,0,en,burnt orange,burnt orange
255,0,217,en,magenta,magenta
154,255,0,en,bright green,bright green
255,0,1,en,red,red
237,255,0,en,neon yellow,neon yellow
165,0,255,en,purple,purple
255,235,0,en,yellow,yellow
242,0,255,en,fuchsia,fuchsia
255,154,0,en,orange,orange
140,255,0,en,lime green,lime
99,255,0,en,lime green,lime
255,237,0,en,yellow,yellow
131,255,0,en,green,green
255,62,0,en,red,red
255,0,104,en,pink,pink
255,191,0,en,yellow,yellow
255,171,0,en,orange,orange
163,255,0,en,green,green
17,0,255,en,blue,blue
255,0,21,en,red,red
255,0,206,en,pink,pink
255,0,211,en,pink,pink
249,255,0,en,yello,yello
189,255,0,en,green,green
178,0,255,en,purple,purple
255,0,84,en,red,red
255,141,0,en,orange,orange
255,0,78,en,light red,light red
255,199,0,en,yellow,yellow
255,0,156,en,pink,pink
255,243,0,en,yellow,yellow
111,255,0,en,light green,light green
141,0,255,en,purple,purple
224,0,255,en,purple,purple
255,0,56,en,red,red
255,0,144,en,pink,pink
255,148,0,en,orange,orange
255,0,121,en,pink,pink
255,99,0,en,orange,orange
152,0,255,en,purple,purple
255,204,0,en,yellow,yellow
255,0,4,en,red,red
255,0,217,en,pink,pink
151,0,255,en,purple,purple
198,0,255,en,purple,purple
255,0,249,en,purple,purple
255,0,198,en,pink,pink
255,30,0,en,red,red
255,115,0,en,orange,orange
255,0,54,en,cherry,cherry
206,255,0,en,neon green,neon green
255,0,47,en,red,red
255,0,247,en,fuschia,fuschia
143,0,255,en,purple,purple
255,0,230,en,hot pink,hot pink
173,255,0,en,neon green,neon green
211,255,0,en,yellow green,yellow green
255,195,0,en,goldenrod,goldenrod
73,0,255,en,purple blue,purple blue
255,228,0,en,yellow,yellow
255,0,75,en,pinkish red,pinkish red
255,239,0,en,yellow,yellow
255,0,174,en,fuchsia,fuchsia
255,0,139,en,pink,pink
255,207,0,en,gold,gold
255,0,198,en,fuchsia,fuchsia
255,243,0,en,yellow,yellow
59,255,0,en,neon green,neon green
167,0,255,en,purple,purple
255,140,0,en,orange,orange
255,0,34,en,red,red
255,0,173,en,hot pink,hot pink
255,253,0,en,yellow,yellow
139,0,255,en,grape,grape
213,0,255,en,purple,purple
174,255,0,en,electric green,electric green
255,0,223,en,fuchsia,fuchsia
51,0,255,en,royal blue,royal blue
255,172,0,en,honey,honey
255,52,0,en,cherry,cherry
255,151,0,en,orange,orange
133,0,255,en,purple,purple
255,0,230,en,magenta,magenta
194,0,255,en,purple,purple
255,238,0,en,yellow,yellow
255,0,178,en,pink,pink
255,63,0,en,orange red,orange-red
255,83,0,en,orange,orange
255,0,18,en,red,red
255,0,123,en,hot pink,hot pink
255,153,0,en,orange,orange
255,0,205,en,neon pink,neon pink
224,0,255,en,pinkish purple,pinkish purple
255,84,0,en,orangish red,orangish red
110,255,0,en,neon green,neon green
255,51,0,en,red,red
255,0,88,en,pinkish red,pinkish red
197,255,0,en,lime green,lime
255,88,0,en,orangish red,orangish red
68,255,0,en,light green,light green
255,213,0,en,yellow,yellow
255,187,0,en,dark yellow,dark yellow
255,0,223,en,fuschia,fuschia
255,0,47,en,red,red
255,0,196,en,fuschia,fuschia
38,255,0,en,lime green,lime
255,0,106,en,magenta,magenta
248,0,255,en,purple,purple
255,0,168,en,purple,purple
47,0,255,en,royal blue,royal blue
255,194,0,en,yellow,yellow
255,181,0,en,orange,orange
51,255,0,en,green,green
248,255,0,en,yellow,yellow
255,0,135,en,pink,pink
255,0,49,en,pink,pink
255,130,0,en,orange,orange
214,255,0,en,yellow,yellow
179,255,0,en,yellow green,yellow green
202,0,255,en,purple,purple
255,0,108,en,red,red
255,0,137,en,fuscia,fuscia
223,0,255,en,violet,violet
255,0,151,en,fuscia,fuscia
255,168,0,en,yellow,yellow
105,0,255,en,purple,purple
253,255,0,en,yellow,yellow
255,4,0,en,red,red
139,255,0,en,lime green,lime
255,141,0,en,orange,orange
255,0,78,en,red,red
156,0,255,en,purple,purple
255,0,96,en,fuchsia,fuchsia
255,0,177,en,hot pink,hot pink
255,0,62,en,red,red
255,117,0,en,yellow orange,yellow orange
244,255,0,en,yellow,yellow
255,0,131,en,bright fuchsia,bright fuchsia
255,201,0,en,yellow,yellow
255,0,234,en,fuchsia,fuchsia
255,29,0,en,red orange,red orange
102,255,0,en,line green,line green
255,133,0,en,yellow orange,yellow orange
255,0,151,en,fuchsia,fuchsia
255,0,15,en,red orange,red orange
140,255,0,en,yellow green,yellow green
64,0,255,en,blue violet,blue-violet
205,255,0,en,light yellow,light yellow
255,158,0,en,yellow orange,yellow orange
255,214,0,en,yellow,yellow
255,0,134,en,dark pink,dark pink
255,0,79,en,burgundy,burgundy
255,0,48,en,red,red
255,0,167,en,pink,pink
217,0,255,en,light purple,light purple
255,228,0,en,yellow,yellow
161,0,255,en,dark purple,dark purple
79,255,0,en,lime green,lime
255,0,86,en,hot pink,hot pink
106,0,255,en,purple,purple
255,0,13,en,red,red
255,162,0,en,goldenrod,goldenrod
255,0,201,en,magenta,magenta
255,192,0,en,goldenrod,goldenrod
230,255,0,en,yellow,yellow
255,0,62,en,hot pink,hot pink
220,0,255,en,fuschia,fuschia
255,118,0,en,orange,orange
255,141,0,en,yellow orange,yellow orange
255,0,214,en,magenta,magenta
255,35,0,en,red,red
255,215,0,en,mustard yellow,mustard
255,246,0,en,buttercup,buttercup
255,0,160,en,magenta,magenta
41,0,255,en,royal blue,royal blue
169,0,255,en,purple,purple
255,0,125,en,hot pink,hot pink
163,255,0,en,light green,light green
34,255,0,en,lime green,lime
255,186,0,en,sienna,sienna
162,255,0,en,lime,lime
255,0,126,en,coral,coral
255,151,0,en,orange,orange
255,0,252,en,fuscia,fuscia
214,0,255,en,purple,purple
255,57,0,en,tangerine,tangerine
255,251,0,en,yellow,yellow
255,218,0,en,gold,gold
255,174,0,en,orange,orange
255,0,147,en,fuscia,fuscia
205,255,0,en,lime,lime
255,0,108,en,magenta,magenta
255,251,0,en,yellow,yellow
255,0,225,en,pink,pink
153,0,255,en,purple,purple
255,0,201,en,pink,pink
255,76,0,en,orange,orange
185,255,0,en,lime green,lime
255,150,0,en,orange,orange
255,0,95,en,dark pink,dark pink
255,0,119,en,rose,rose
108,0,255,en,kinda purple,kinda purple
255,0,29,en,red,red
255,0,226,en,fusxia,fusxia
255,0,197,en,hot pink,hot pink
87,255,0,en,lime,lime
255,99,0,en,orange,orange
218,255,0,en,yellow,yellow
255,88,0,en,red,red
187,0,255,en,purple,purple
255,174,0,en,orange,orange
255,0,149,en,pink,pink
255,0,41,en,red,red
73,255,0,en,green,green
255,213,0,en,yellow,yellow
255,0,70,en,red,red
255,200,0,en,yellow,yellow
231,0,255,en,pink,pink
255,0,28,en,red,red
251,255,0,en,yellow,yellow
255,0,85,en,dark pink,dark pink
255,65,0,en,orange,orange
180,255,0,en,neon green,neon green
255,155,0,en,orange,orange
255,0,241,en,fushia,fushia
191,255,0,en,neon green,neon green
119,0,255,en,purple,purple
255,0,56,en,red,red
255,102,0,en,orange,orange
255,220,0,en,yellow,yellow
255,147,0,en,orange,orange
255,0,151,en,pink,pink
92,255,0,en,neon green,neon green
255,0,178,en,"pink, magenta","pink, magenta"
255,191,0,en,yellow,yellow
188,0,255,en,purple,purple
255,0,247,en,fushia,fushia
255,0,133,en,pink,pink
177,255,0,en,yellow green,yellow green
255,107,0,en,orange,orange
255,0,22,en,red,red
236,255,0,en,yello,yello
255,0,215,en,magenta,magenta
255,0,101,en,magenta pink,magenta pink
255,47,0,en,red,red
255,168,0,en,orange,orange
207,255,0,en,yellow green,yellow green
161,255,0,en,lime green,lime
109,0,255,en,purple,purple
255,223,0,en,yellow,yellow
255,0,177,en,hot pink,hot pink
250,0,255,en,magenta,magenta
255,0,96,en,hot pink,hot pink
255,0,155,en,strawberry,strawberry
255,0,54,en,red,red
215,0,255,en,purple,purple
192,255,0,en,yellow green,yellow green
255,0,137,en,hot pink,hot pink
92,0,255,en,blue purple,blue purple
255,191,0,en,goldenrod,goldenrod
255,63,0,en,red,red
48,255,0,en,neon green,neon green
255,129,0,en,orange,orange
255,159,0,en,orange yellow,orange yellow
255,83,0,en,orange,orange
255,0,9,en,red,red
255,0,151,en,pink,pink
255,0,132,en,pink,pink
255,243,0,en,yellow,yellow
125,255,0,en,lime green,lime
255,245,0,en,yellow,yellow
207,0,255,en,purple,purple
240,0,255,en,fushia,fushia
255,0,62,en,red,red
255,204,0,en,orange,orange
255,0,208,en,pink,pink
255,147,0,en,orange,orange
255,0,241,en,pink,pink
255,0,254,en,magenta,magenta
255,0,72,en,red,red
255,96,0,en,burnt orange,burnt orange
113,255,0,en,lime,lime
255,165,0,en,orange,orange
69,255,0,en,lime green,lime
255,46,0,en,red,red
229,0,255,en,purple,purple
255,231,0,en,yellow,yellow
255,0,66,en,magenta,magenta
25,255,0,en,lime green,lime
219,255,0,en,neon yellow,neon yellow
159,255,0,en,neon green,neon green
255,0,154,en,neon pink,neon pink
255,201,0,en,yellow orange,yellow orange
145,0,255,en,dark purple,dark purple
255,124,0,en,pumpkin,pumpkin
255,0,132,en,hot pink,hot pink
255,221,0,en,yellow,yellow
255,170,0,en,orange,orange
228,0,255,en,fuscia,fuscia
150,255,0,en,lime green,lime
8,0,255,en,blue,blue
255,140,0,en,orange,orange
255,0,204,en,fuscia,fuscia
255,249,0,en,yellow,yellow
255,0,34,en,red,red
255,0,108,en,rose,rose
255,0,234,en,magenta,magenta
255,0,188,en,hot pink,hot pink
255,248,0,en,yellow,yellow
255,85,0,en,pumpkin,pumpkin
255,0,102,en,magenta,magenta
255,0,222,en,purple,purple
186,0,255,en,dark purple,dark purple
41,0,255,en,dark blue,dark blue
255,0,44,en,red,red
255,227,0,en,dandelion,dandelion
255,0,219,en,magenta,magenta
244,255,0,en,yellow,yellow
136,0,255,en,purple,purple
255,0,192,en,pink,pink
221,255,0,en,yellow,yellow
255,82,0,en,red orange,red orange
81,255,0,en,green,green
255,144,0,en,orange,orange
255,180,0,en,yellow orange,yellow orange
255,0,125,en,hot pink,hot pink
255,0,50,en,red,red
255,163,0,en,orange,orange
255,0,116,en,rose,rose
126,0,255,en,violet,violet
255,219,0,en,maize,maize
193,0,255,en,purple,purple
255,28,0,en,red,red
255,206,0,en,gold,gold
188,255,0,en,yellow green,yellow green
255,0,149,en,dark pink,dark pink
180,255,0,en,lime,lime
226,255,0,en,canary yellow,canary yellow
255,0,32,en,red,red
255,0,67,en,red,red
255,0,83,en,fuchsia,fuchsia
255,0,134,en,fuchsia,fuchsia
255,0,233,en,azalea,azalea
22,255,0,en,green,green
161,255,0,en,lime green,lime
255,0,47,en,red,red
255,10,0,en,cinnamon red,cinnamon red
164,0,255,en,purple,purple
255,185,0,en,yellow orange,yellow orange
255,0,150,en,hot pink,hot pink
206,0,255,en,purple,purple
255,21,0,en,red,red
135,255,0,en,lime green,lime
255,0,189,en,fuchsia,fuchsia
26,255,0,en,bright green,bright green
116,255,0,en,lime green,lime
255,0,170,en,fuchsia,fuchsia
103,0,255,en,royal blue,royal blue
255,154,0,en,orange,orange
255,114,0,en,pumpkin,pumpkin
255,247,0,en,lemon,lemon
255,242,0,en,canary yellow,canary yellow
255,0,253,en,fuchsia,fuchsia
255,195,0,en,butternut,butternut
255,120,0,en,tangerine,tangerine
255,193,0,en,macaroni,macaroni
255,32,0,en,red,red
255,121,0,en,orange,orange
255,178,0,en,orange,orange
255,0,34,en,red,red
255,92,0,en,red orange,red orange
116,0,255,en,indigo,indigo
255,0,78,en,red,red
255,0,150,en,hot pink,hot pink
255,0,217,en,pink,pink
255,243,0,en,mustard,mustard
173,255,0,en,green yellow,green yellow
255,0,143,en,hot pink,hot pink
113,255,0,en,lime,lime
235,255,0,en,canary,canary
255,0,171,en,pink,pink
255,0,246,en,pink purple,pink purple
146,0,255,en,purple,purple
201,255,0,en,yellow green,yellow green
222,0,255,en,lilac,lilac
176,0,255,en,purple,purple
255,229,0,en,mustard,mustard
255,0,86,en,red,red
255,0,135,en,magenta,magenta
122,255,0,en,light green,light green
200,255,0,en,yellow green,yellow green
255,0,199,en,pink,pink
255,0,85,en,pink,pink
167,255,0,en,lime green,lime
130,0,255,en,purple,purple
255,0,54,en,red,red
255,212,0,en,golden rod yellow,golden rod yellow
255,70,0,en,orange,orange
255,0,105,en,pink,pink
255,0,230,en,neon purple,neon purple
255,211,0,en,yellow,yellow
255,0,78,en,fuschia,fuschia
255,213,0,en,yellow,yellow
255,32,0,en,red,red
162,255,0,en,lime green,lime
255,0,248,en,neon pink,neon pink
107,255,0,en,neon green,neon green
255,0,196,en,pink,pink
190,0,255,en,bright purple,bright purple
255,132,0,en,light orange,light orange
255,100,0,en,orange,orange
255,238,0,en,canary,canary
161,255,0,en,lime,lime
255,0,14,en,red,red
255,182,0,en,gold,gold
255,0,5,en,red,red
255,0,237,en,purple,purple
255,255,0,en,yellow,yellow
255,0,91,en,magenta,magenta
255,30,0,en,red,red
186,255,0,en,green yello,green yello
108,255,0,en,green,green
255,0,202,en,purple,purple
145,0,255,en,purple,purple
255,0,55,en,red,red
233,255,0,en,neon green,neon green
255,95,0,en,orange,orange
255,0,186,en,hot pink,hot pink
75,255,0,en,lime green,lime
255,163,0,en,mandarin,mandarin
255,0,70,en,magenta,magenta
255,0,154,en,fuchsia,fuchsia
253,0,255,en,purple,purple
255,189,0,en,gold,gold
153,0,255,en,purple,purple
167,0,255,en,purple,purple
255,159,0,en,orange,orange
255,104,0,en,orange,orange
255,130,0,en,orange,orange
162,255,0,en,green,green
255,234,0,en,gold,gold
255,0,137,en,magenta,magenta
255,0,51,en,red,red
148,0,255,en,purple,purple
255,0,242,en,pink,pink
255,222,0,en,yellow,yellow
255,162,0,en,orange,orange
255,233,0,en,lemon yellow,lemon yellow
171,0,255,en,magenta,magenta
255,0,140,en,pin k,pin k
255,0,105,en,red,red
255,0,43,en,vermilion,vermilion
255,99,0,en,rust,rust
145,0,255,en,lilac,lilac
220,255,0,en,lime,lime
255,152,0,en,orange,orange
255,0,224,en,magenta,magenta
255,255,0,en,lemon yellow,lemon yellow
222,0,255,en,lilac,lilac
255,0,158,en,dark pink,dark pink
255,45,0,en,vermilion,vermilion
162,255,0,en,light green,light green
255,0,176,en,magenta,magenta
255,0,68,en,vermilion,vermilion
105,255,0,en,neon green,neon green
255,204,0,en,ochre  yellow,ochre yellow
255,126,0,en,orange,orange
136,0,255,en,purple,purple
255,0,94,en,red,red
255,7,0,en,red,red
255,0,32,en,red,red
255,233,0,en,yellow,yellow
255,0,203,en,pink,pink
74,255,0,en,green,green
255,0,249,en,pink,pink
255,0,239,en,pink,pink
111,0,255,en,violet,violet
255,207,0,en,yellow,yellow
255,0,170,en,cherry pink,cherry pink
255,92,0,en,orange,orange
220,255,0,en,yellow,yellow
255,0,69,en,red,red
255,143,0,en,orange,orange
255,31,0,en,red orange,red orange
255,0,131,en,magenta,magenta
202,255,0,en,neon yellow,neon yellow
255,75,0,en,red,red
255,0,80,en,red,red
255,0,115,en,lollypop pink,lollypop pink
200,0,255,en,purple,purple
255,0,45,en,red,red
164,255,0,en,neon yellow,neon yellow
255,132,0,en,orange,orange
255,184,0,en,tangerine,tangerine
149,0,255,en,light purple,light purple
93,255,0,en,chartreuse,chartreuse
255,0,187,en,hot pink,hot pink
255,0,173,en,pink,pink
255,90,0,en,orange,orange
182,255,0,en,yellow green,yellow green
255,0,100,en,red,red
255,215,0,en,orange,orange
255,254,0,en,yellow,yellow
34,0,255,en,blue,blue
255,0,185,en,pink,pink
3,255,0,en,green,green
255,170,0,en,orange,orange
255,0,35,en,red,red
255,0,75,en,red,red
166,0,255,en,putple,putple
255,96,0,en,orange,orange
255,0,202,en,pink,pink
255,0,96,en,hot pink,hot pink
255,253,0,en,yellow,yellow
255,0,214,en,pink,pink
255,182,0,en,orange yellow,orange yellow
250,0,255,en,purple pink,purple pink
44,0,255,en,royal blue,royal blue
176,0,255,en,light purple,light purple
255,0,48,en,pink red,pink red
255,220,0,en,gold,gold
255,0,61,en,ruby,ruby
213,255,0,en,yellow green,yellow green
255,113,0,en,orange yellow,orange yellow
255,59,0,en,orange,orange
255,0,213,en,fuschia,fuschia
255,0,180,en,fuschia,fuschia
255,225,0,en,yellow,yellow
255,0,136,en,fuschia,fuschia
215,0,255,en,fuscia,fuscia
255,138,0,en,orange,orange
182,255,0,en,yellow green,yellow green
255,171,0,en,yellow orange,yellow orange
255,189,0,en,golden yellow,golden yellow
45,255,0,en,lime green,lime
255,246,0,en,yellow,yellow
255,0,37,en,red,red
255,0,172,en,pink,pink
107,0,255,en,purple,purple
255,0,82,en,ruby,ruby
255,0,254,en,fuschia,fuschia
255,0,53,en,red,red
183,0,255,en,purple,purple
255,217,0,en,mustard,mustard
133,0,255,en,violet,violet
220,255,0,en,yellow green,yellow green
255,0,194,en,fuscia,fuscia
255,89,0,en,orange,orange
255,0,126,en,hot pink,hot pink
255,0,175,en,pink,pink
255,244,0,en,yellow,yellow
255,5,0,en,red,red
255,155,0,en,orange,orange
255,0,218,en,fuscia,fuscia
255,147,0,en,orange,orange
143,255,0,en,green yellow,green yellow
255,203,0,en,mustard,mustard
132,255,0,en,neon green,neon green
255,0,81,en,pinkish red,pinkish red
255,0,251,en,fuscia,fuscia
255,0,48,en,red,red
255,95,0,en,orange,orange
255,0,17,en,red,red
255,0,194,en,pink,pink
164,255,0,en,lime green,lime
255,236,0,en,yellow,yellow
83,0,255,en,blue purple,blue purple
255,0,67,en,red,red
255,159,0,en,orange,orange
171,0,255,en,purple,purple
255,0,188,en,fuscia,fuscia
255,0,158,en,pink,pink
255,75,0,en,orange,orange
255,0,72,en,rose,rose
106,255,0,en,lime,lime
176,255,0,en,chartreuse,chartreuse
255,0,6,en,red,red
255,255,0,en,yellow,yellow
110,255,0,en,lime green,lime
155,0,255,en,purple,purple
255,0,81,en,red,red
204,0,255,en,mauve,mauve
255,139,0,en,orange,orange
255,0,161,en,pinky red,pinky red
255,0,224,en,pink,pink
193,255,0,en,lime green,lime
255,75,0,en,dark orange,dark orange
255,0,116,en,crimson red,crimson red
255,210,0,en,dark yellow,dark yellow
243,0,255,en,dark pink,dark pink
198,255,0,en,chartreuse,chartreuse
255,202,0,en,honey,honey
254,0,255,en,pink,pink
255,127,0,en,orange,orange
97,0,255,en,navy,navy
255,0,101,en,rose,rose
245,255,0,en,lemon,lemon
255,236,0,en,yellow,yellow
255,94,0,en,orange,orange
255,175,0,en,carrot,carrot
255,0,128,en,rose,rose
255,0,243,en,pink,pink
255,103,0,en,orange,orange
73,255,0,en,lime green,lime
255,153,0,en,yellow orange,yellow orange
255,0,52,en,red,red
255,0,87,en,magenta,magenta
255,124,0,en,orange,orange
180,255,0,en,yellow green,yellow green
255,0,42,en,orange red,orange-red
255,0,58,en,red,red
161,0,255,en,purple,purple
255,146,0,en,orange,orange
172,0,255,en,light purple,light purple
255,0,245,en,pinkish purple,pinkish purple
255,220,0,en,yellow,yellow
255,0,88,en,pinkish red,pinkish red
237,255,0,en,bright yellow,bright yellow
255,210,0,en,dark yellow,dark yellow
255,0,150,en,pink,pink
201,255,0,en,yellow,yellow
255,215,0,en,yellow,yellow
101,0,255,en,purple,purple
255,202,0,en,yellow,yellow
255,80,0,en,orange,orange
255,87,0,en,orange,orange
167,0,255,en,light purple,light purple
255,0,96,en,pink,pink
255,0,14,en,red,red
37,0,255,en,blue,blue
255,0,197,en,pink,pink
255,174,0,en,yellow,yellow
255,0,71,en,red,red
236,255,0,en,yellow,yellow
255,0,127,en,pink,pink
255,144,0,en,orange,orange
255,0,235,en,purple,purple
143,255,0,en,green,green
239,0,255,en,purple,purple
123,255,0,en,green,green
255,150,0,en,orange,orange
255,0,54,en,dark pink,dark pink
255,0,146,en,medium pink,medium pink
79,255,0,en,lime green,lime
255,0,189,en,magenta,magenta
250,255,0,en,yellow,yellow
255,124,0,en,orange,orange
255,217,0,en,yellow,yellow
255,0,192,en,pink,pink
255,248,0,en,yellow,yellow
255,0,253,en,purple,purple
255,44,0,en,red,red
255,0,45,en,red,red
178,0,255,en,purple,purple
255,0,96,en,pink,pink
168,255,0,en,green,green
255,169,0,en,orange,orange
255,117,0,en,orange,orange
41,255,0,en,green,green
162,0,255,en,purple,purple
255,206,0,en,yellow,yellow
198,255,0,en,green,green
255,0,234,en,purple,purple
255,0,60,en,red,red
255,0,145,en,pink,pink
255,0,121,en,pink,pink
255,157,0,en,orange,orange
255,0,14,en,red,red
255,110,0,en,red orange,red orange
255,0,134,en,magenta,magenta
185,255,0,en,lime greem,lime greem
168,0,255,en,violet,violet
255,0,82,en,vermillion,vermillion
255,0,139,en,pink,pink
103,0,255,en,purple,purple
171,255,0,en,green,green
185,0,255,en,magenta,magenta
255,108,0,en,orange,orange
238,255,0,en,yellow,yellow
255,0,241,en,hot pink,hot pink
255,0,26,en,red,red
255,0,203,en,fuchsia,fuchsia
255,50,0,en,red,red
255,203,0,en,mustard,mustard
255,151,0,en,orange,orange
221,255,0,en,yellow green,yellow green
255,0,82,en,red,red
255,0,154,en,hot pink,hot pink
96,255,0,en,lime green,lime
234,0,255,en,fuchsia,fuchsia
255,229,0,en,yellow,yellow
255,176,0,en,golden yellow,golden yellow
255,0,111,en,hot pink,hot pink
255,171,0,en,goldenrod,goldenrod
255,67,0,en,true red,true red
255,0,165,en,magenta,magenta
235,0,255,en,fuschia,fuschia
255,112,0,en,burnt orange,burnt orange
255,251,0,en,yellow,yellow
100,255,0,en,lime green,lime
130,0,255,en,purple,purple
255,0,135,en,hot pink,hot pink
255,0,240,en,fuschia,fuschia
218,0,255,en,fuschia,fuschia
255,243,0,en,yellow,yellow
255,0,68,en,poppy red,poppy red
255,185,0,en,goldenrod,goldenrod
255,0,28,en,true red,true red
43,0,255,en,ultramarine blue,ultramarine blue
255,0,194,en,fuschia,fuschia
150,255,0,en,lime green,lime
221,255,0,en,yellow,yellow
255,141,0,en,burnt orange,burnt orange
255,113,0,en,orange,orange
255,0,242,en,magenta,magenta
255,0,187,en,bright pink,bright pink
255,0,147,en,hot pink,hot pink
113,0,255,en,indigo,indigo
255,206,0,en,yellow,yellow
255,249,0,en,bright yellow,bright yellow
255,0,44,en,bright red,bright red
159,255,0,en,chartreuse,chartreuse
255,170,0,en,yellow orange,yellow orange
77,0,255,en,indigo,indigo
181,0,255,en,purple,purple
255,0,54,en,bright red,bright red
255,0,113,en,hot pink,hot pink
253,0,255,en,magenta,magenta
188,255,0,en,chartreuse,chartreuse
255,0,105,en,hot pink,hot pink
109,255,0,en,bright green,bright green
255,130,0,en,orange,orange
255,54,0,en,red orange,red orange
255,212,0,en,goldenrod,goldenrod
255,220,0,en,yellow,yellow
255,0,255,en,magenta,magenta
134,0,255,en,purple,purple
202,0,255,en,purple,purple
255,98,0,en,orange,orange
241,255,0,en,yellow,yellow
255,0,187,en,fuschia,fuschia
199,255,0,en,yellow,yellow
255,0,42,en,red,red
255,0,236,en,fuschia,fuschia
160,255,0,en,green,green
255,151,0,en,orange,orange
255,0,157,en,fuschia,fuschia
255,0,105,en,pink,pink
255,0,50,en,red,red
29,0,255,en,blue,blue
64,255,0,en,green,green
255,40,0,en,red,red
255,188,0,en,yellow,yellow
255,0,140,en,fuschia,fuschia
255,154,0,en,orange,orange
255,178,0,en,tangerine,tangerine
225,255,0,en,neon yellow,neon yellow
255,237,0,en,yellow,yellow
255,134,0,en,orange,orange
255,0,133,en,hot pink,hot pink
255,0,24,en,red,red
255,0,70,en,garnet,garnet
105,0,255,en,indigo,indigo
81,255,0,en,lime green,lime
168,0,255,en,purple,purple
37,0,255,en,royal blue,royal blue
255,0,247,en,fuchsia,fuchsia
255,0,196,en,hot pink,hot pink
255,212,0,en,goldenrod,goldenrod
255,0,231,en,magenta,magenta
255,119,0,en,orange,orange
255,41,0,en,red,red
255,0,103,en,magenta,magenta
136,255,0,en,lime green,lime
255,255,0,en,yellow,yellow
255,0,160,en,pink,pink
255,94,0,en,orange red,orange-red
255,128,0,en,orange,orange
255,75,0,en,red orange,red orange
240,255,0,en,yellow,yellow
255,0,113,en,fuchsia,fuchsia
223,255,0,en,lemon yellow,lemon yellow
223,0,255,en,violet,violet
255,0,46,en,red,red
255,0,54,en,brick red,brick red
255,0,106,en,fuchsia,fuchsia
127,255,0,en,lime green,lime
255,219,0,en,maize,maize
255,0,173,en,fuchsia,fuchsia
255,0,184,en,violet,violet
164,255,0,en,neon green,neon green
255,0,229,en,violet,violet
172,0,255,en,purple,purple
255,170,0,en,goldenrod,goldenrod
255,184,0,en,dandelion yellow,dandelion yellow
114,0,255,en,blue,blue
255,222,0,en,orange,orange
144,255,0,en,lime green,lime
255,58,0,en,red,red
245,255,0,en,yellow,yellow
199,255,0,en,light green,light green
255,188,0,en,orange,orange
254,0,255,en,fushia,fushia
255,140,0,en,orange,orange
255,0,159,en,pink,pink
255,0,62,en,red,red
255,0,238,en,purple,purple
255,0,185,en,pink,pink
28,0,255,en,blue,blue
255,0,112,en,rose,rose
255,175,0,en,orange,orange
255,0,28,en,red,red
122,255,0,en,lime green,lime
255,0,94,en,rose,rose
120,0,255,en,cornflower blue,cornflower blue
255,103,0,en,red orange,red orange
186,0,255,en,purple,purple
255,201,0,en,marigold,marigold
255,0,137,en,magenta,magenta
161,0,255,en,purple,purple
255,0,83,en,red,red
137,255,0,en,lime green,lime
255,0,162,en,pink,pink
255,130,0,en,orange,orange
255,216,0,en,yellow,yellow
255,61,0,en,red orange,red orange
251,255,0,en,yellow,yellow
39,0,255,en,royal,royal
255,0,53,en,red,red
190,0,255,en,purple pink,purple pink
255,0,194,en,pink,pink
119,255,0,en,lime green,lime
255,0,234,en,magenta,magenta
255,0,7,en,red,red
232,0,255,en,pink purple,pink purple
255,160,0,en,marigold,marigold
255,88,0,en,red orange,red orange
186,255,0,en,yellow green,yellow green
255,0,128,en,vibrant pink,vibrant pink
188,255,0,en,lime green,lime
255,0,238,en,highlighter purple,highlighter purple
255,195,0,en,orange yellow,orange yellow
255,147,0,en,orange,orange
255,181,0,en,burnt yellow,burnt yellow
255,119,0,en,deep orange,deep orange
255,0,98,en,fuscia,fuscia
123,0,255,en,vibrant purple,vibrant purple
255,50,0,en,red,red
154,255,0,en,lime green,lime
255,0,143,en,pink,pink
166,0,255,en,vibrant purple,vibrant purple
24,0,255,en,blue,blue
255,0,201,en,vibrant pink,vibrant pink
234,255,0,en,yellow,yellow
253,0,255,en,highlighter purple pink,highlighter purple pink
255,0,2,en,red,red
106,255,0,en,lime green,lime
255,221,0,en,dirty yellow,dirty yellow
255,0,70,en,pink red,pink red
199,255,0,en,yellow green,yellow green
255,255,0,en,yellow,yellow
255,0,195,en,purple pink,purple pink
255,201,0,en,yellow=orange,yelloworange
255,88,0,en,red orange,red orange
255,222,0,en,dark yellow,dark yellow
185,0,255,en,purple,purple
255,0,38,en,pink red,pink red
255,15,0,en,red,red
73,255,0,en,yellow green,yellow green
255,178,0,en,yellow orange,yellow orange
230,0,255,en,light purple,light purple
255,122,0,en,red orange,red orange
135,255,0,en,yellow green,yellow green
158,0,255,en,purple,purple
255,163,0,en,yellow orange,yellow orange
255,0,89,en,hot pink,hot pink
255,50,0,en,orange,orange
221,0,255,en,lilac,lilac
255,203,0,en,yellow,yellow
255,0,156,en,magenta,magenta
121,255,0,en,lime green,lime
255,0,40,en,red pink,red pink
255,229,0,en,yellow,yellow
255,0,134,en,pink,pink
251,255,0,en,yellow,yellow
215,255,0,en,yellow green,yellow green
255,0,62,en,red pink,red pink
255,131,0,en,orange,orange
135,255,0,en,lime green,lime
255,107,0,en,orange,orange
255,0,242,en,purple pink,purple pink
202,0,255,en,purple,purple
255,0,180,en,magenta,magenta
255,0,228,en,magenta,magenta
255,136,0,en,orange,orange
255,0,207,en,vivid magenta,vivid magenta
255,249,0,en,yellow,yellow
255,0,163,en,reddish pink,reddish pink
255,0,117,en,pink,pink
255,0,89,en,pink,pink
255,0,23,en,red,red
255,210,0,en,yellow,yellow
255,167,0,en,orange,orange
255,0,153,en,pink,pink
255,233,0,en,yellow,yellow
255,0,197,en,pink,pink
255,12,0,en,red,red
129,0,255,en,purple,purple
255,94,0,en,orange,orange
152,255,0,en,green,green
255,0,223,en,pink,pink
255,149,0,en,orange,orange
188,255,0,en,green,green
241,255,0,en,yellow,yellow
83,255,0,en,green,green
255,0,70,en,pink,pink
173,0,255,en,purple,purple
228,0,255,en,purple,purple
255,255,0,en,yellow,yellow
255,0,154,en,pink,pink
130,0,255,en,purple,purple
78,0,255,en,violet,violet
255,0,83,en,fuschia,fuschia
255,0,209,en,pink,pink
239,0,255,en,purple,purple
255,0,190,en,pink,pink
253,255,0,en,yellow,yellow
255,188,0,en,orange,orange
255,0,10,en,red,red
75,255,0,en,green,green
8,255,0,en,green,green
63,0,255,en,blue,blue
255,132,0,en,orange,orange
198,255,0,en,yellow green,yellow green
140,255,0,en,green,green
255,218,0,en,orange yellow,orange yellow
255,0,61,en,red,red
255,0,231,en,fuchsia,fuchsia
255,90,0,en,orange,orange
93,0,255,en,blue,blue
239,0,255,en,purple,purple
255,0,194,en,magenta,magenta
125,255,0,en,lime green,lime
123,0,255,en,periwinkle,periwinkle
221,0,255,en,purple,purple
255,244,0,en,cadmium yellow,cadmium yellow
255,109,0,en,orange,orange
163,0,255,en,blue violet,blue-violet
255,81,0,en,bright orange,bright orange
255,0,233,en,hot pink,hot pink
255,0,26,en,bright red,bright red
200,255,0,en,lime,lime
155,255,0,en,yellow green,yellow green
255,231,0,en,cadmium yellow,cadmium yellow
78,0,255,en,ultramarine blue,ultramarine blue
255,0,144,en,hot pink,hot pink
255,0,75,en,quinacridone,quinacridone
255,0,133,en,magenta,magenta
255,0,109,en,wild strawberry,wild strawberry
255,156,0,en,tangerine,tangerine
255,151,0,en,orange,orange
255,198,0,en,yellow orange,yellow orange
255,0,200,en,pink,pink
161,255,0,en,green,green
245,255,0,en,yellow,yellow
255,0,93,en,red,red
255,225,0,en,yellow,yellow
255,0,69,en,red,red
189,0,255,en,purple,purple
255,159,0,en,orange,orange
255,0,81,en,red,red
95,255,0,en,flourscent green,flourscent green
255,194,0,en,tan,tan
255,0,168,en,pink,pink
255,0,191,en,pink,pink
235,255,0,en,yellow,yellow
255,87,0,en,red,red
255,0,252,en,pink,pink
75,0,255,en,royal blue,royal blue
114,0,255,en,purple,purple
255,0,225,en,pink,pink
211,255,0,en,yellow,yellow
255,218,0,en,gold,gold
255,0,40,en,red,red
255,0,51,en,red,red
255,54,0,en,red,red
162,255,0,en,lime green,lime
255,123,0,en,orange,orange
255,0,137,en,pink,pink
255,181,0,en,melon,melon
45,255,0,en,lime green,lime
191,255,0,en,spring green,spring green
200,0,255,en,violet,violet
120,0,255,en,indigo,indigo
255,0,95,en,scarlett,scarlett
255,81,0,en,persimmon,persimmon
255,238,0,en,lemon yellow,lemon yellow
184,255,0,en,spring green,spring green
255,0,134,en,scarlett,scarlett
245,0,255,en,magenta,magenta
255,0,212,en,fushia,fushia
255,247,0,en,yellow,yellow
255,0,68,en,scarlett,scarlett
255,197,0,en,melon,melon
255,99,0,en,persimmon,persimmon
255,0,14,en,red,red
255,0,209,en,fushia,fushia
255,0,145,en,hot pink,hot pink
255,141,0,en,pumpkin,pumpkin
255,230,0,en,golden rod,golden rod
214,255,0,en,greanish,greanish
221,0,255,en,cyan,cyan
164,0,255,en,purplish,purplish
255,206,0,en,almost orange,almost orange
255,0,40,en,red,red
255,0,117,en,magenta,magenta
255,0,249,en,hot pink,hot pink
255,0,148,en,fuschia,fuschia
255,0,176,en,pink,pink
255,205,0,en,dull yellow,dull yellow
147,0,255,en,purple,purple
255,174,0,en,burnt orange,burnt orange
255,0,147,en,fuscia,fuscia
166,255,0,en,lime green,lime
255,0,245,en,fuscia,fuscia
246,255,0,en,yellow,yellow
255,0,139,en,magenta,magenta
171,0,255,en,purple,purple
255,0,225,en,hot pink,hot pink
255,92,0,en,red orange,red orange
138,255,0,en,light green,light green
203,255,0,en,yellow green,yellow green
255,0,110,en,magenta,magenta
255,0,39,en,red,red
253,0,255,en,fuscia,fuscia
255,0,13,en,res,res
255,112,0,en,orange,orange
255,70,0,en,red orange,red orange
255,191,0,en,mustard,mustard
189,255,0,en,lime green,lime
56,0,255,en,dark blue,dark blue
255,0,79,en,red,red
255,0,194,en,fuscia,fuscia
255,141,0,en,orange,orange
255,0,93,en,red,red
73,255,0,en,lime green,lime
255,235,0,en,yellow,yellow
85,255,0,en,neon green,neon green
255,152,0,en,dull orange,dull orange
255,241,0,en,yellow,yellow
255,64,0,en,red orange,red orange
147,0,255,en,purple,purple
255,166,0,en,burnt orange,burnt orange
190,0,255,en,lavender,lavender
240,255,0,en,yellow green,yellow green
255,0,56,en,magenta,magenta
255,0,103,en,redish pink,redish pink
77,0,255,en,blue,blue
255,0,179,en,pink,pink
255,201,0,en,merigold,merigold
166,255,0,en,lime green,lime
255,0,211,en,pink,pink
216,255,0,en,lime green,lime
255,0,125,en,pink,pink
255,118,0,en,orange,orange
255,0,78,en,red,red
255,33,0,en,red,red
106,255,0,en,bright green,bright green
103,0,255,en,purple,purple
234,0,255,en,pink,pink
215,0,255,en,purple,purple
255,231,0,en,yellow,yellow
238,255,0,en,bright yellow,bright yellow
255,0,45,en,red,red
255,0,171,en,pink,pink
255,169,0,en,orange,orange
255,121,0,en,bright orange,bright orange
255,0,158,en,pink,pink
94,0,255,en,purple,purple
255,0,219,en,pink,pink
238,0,255,en,magenta,magenta
255,250,0,en,yellow,yellow
203,0,255,en,pink,pink
181,255,0,en,like,like
255,0,33,en,red,red
66,255,0,en,green,green
255,66,0,en,red,red
217,255,0,en,yellow,yellow
255,112,0,en,orange,orange
255,191,0,en,tan,tan
255,0,74,en,red,red
255,173,0,en,orange,orange
255,135,0,en,orange,orange
255,0,122,en,red,red
255,225,0,en,yello,yello
255,0,102,en,red,red
255,0,193,en,magenta,magenta
255,0,187,en,magenta,magenta
255,223,0,en,yellow,yellow
67,0,255,en,purple,purple
68,255,0,en,yellow green / lighter green,yellow green  lighter green
255,100,0,en,orange,orange
178,0,255,en,purple,purple
255,0,140,en,pink,pink
255,162,0,en,orange,orange
255,0,49,en,red,red
255,134,0,en,orange,orange
255,0,170,en,magenta,magenta
157,255,0,en,lime green,lime
96,0,255,en,purple,purple
240,255,0,en,yellow,yellow
255,196,0,en,yellow orange,yellow orange
255,0,36,en,red,red
255,0,97,en,red,red
198,255,0,en,yellow,yellow
255,0,229,en,magenta,magenta
221,0,255,en,purple,purple
255,6,0,en,red,red
255,0,192,en,fushia,fushia
152,255,0,en,lime green,lime
255,0,37,en,red,red
245,255,0,en,yellow,yellow
255,202,0,en,tangerine,tangerine
203,255,0,en,greenish yellow,greenish yellow
201,0,255,en,purple,purple
255,51,0,en,orange,orange
255,0,53,en,pink,pink
255,0,106,en,bright pink,bright pink
121,255,0,en,green,green
255,0,231,en,fushia,fushia
255,151,0,en,orange,orange
85,0,255,en,purple,purple
255,0,114,en,pink,pink
255,227,0,en,yellow,yellow
255,0,158,en,pink,pink
155,0,255,en,purple,purple
240,0,255,en,fushia,fushia
255,89,0,en,orange,orange
255,167,0,en,dark yellow,dark yellow
255,0,35,en,red,red
255,0,213,en,pink,pink
104,255,0,en,neon green,neon green
255,42,0,en,red,red
255,229,0,en,yellow,yellow
79,0,255,en,darker blue,darker blue
216,0,255,en,purple,purple
30,255,0,en,neon green,neon green
255,0,60,en,red,red
248,0,255,en,magenta,magenta
249,255,0,en,yellow,yellow
203,255,0,en,yellow green,yellow green
168,0,255,en,purple,purple
255,0,140,en,red pink,red pink
255,89,0,en,orange,orange
161,255,0,en,lime green,lime
255,0,89,en,red,red
255,241,0,en,yellow,yellow
255,173,0,en,orange,orange
255,207,0,en,orange yellow,orange yellow
255,137,0,en,orange,orange
125,255,0,en,lime green,lime
255,0,175,en,pink,pink
255,245,0,en,yellow,yellow
255,104,0,en,orange,orange
214,255,0,en,neon yellow,neon yellow
136,0,255,en,purple,purple
255,0,61,en,red,red
255,0,183,en,pink,pink
255,173,0,en,orange yellow,orange yellow
255,130,0,en,darker orange,darker orange
255,0,229,en,purple pink,purple pink
123,0,255,en,violet,violet
255,0,208,en,purple pink,purple pink
255,0,156,en,pink,pink
255,65,0,en,orange,orange
255,0,27,en,orange,orange
222,0,255,en,purple,purple
255,209,0,en,yellow,yellow
135,255,0,en,neon green,neon green
255,0,125,en,hot pink,hot pink
255,0,98,en,red pink,red pink
191,255,0,en,spring green,spring green
255,52,0,en,fire engine red,fire engine red
255,0,153,en,magenta,magenta
255,0,213,en,bubble gum,bubble gum
234,255,0,en,yellow,yellow
255,0,126,en,plum,plum
255,0,62,en,red,red
233,0,255,en,fuchsia,fuchsia
149,0,255,en,purple,purple
200,255,0,en,neon,neon
255,0,22,en,red,red
255,0,218,en,fuchsia,fuchsia
255,240,0,en,yellow,yellow
255,128,0,en,orange,orange
255,87,0,en,burnt orange,burnt orange
255,158,0,en,pumpkin,pumpkin
255,0,180,en,pink,pink
210,0,255,en,purple,purple
255,71,0,en,blood orange,blood orange
169,255,0,en,neon green,neon green
255,0,79,en,red,red
255,0,109,en,cranberry,cranberry
255,159,0,en,burnt orange,burnt orange
255,0,249,en,hot pink,hot pink
201,0,255,en,purple,purple
255,218,0,en,beige,beige
255,84,0,en,red,red
255,0,184,en,pink,pink
255,138,0,en,burnt orange,burnt orange
95,0,255,en,purple,purple
48,255,0,en,green,green
255,0,45,en,red,red
165,255,0,en,spring green,spring green
255,199,0,en,burnt orange,burnt orange
255,208,0,en,mustard,mustard
117,255,0,en,neon green,neon green
255,0,176,en,neon pink,neon pink
255,0,96,en,neon red,neon red
255,0,126,en,pink,pink
255,250,0,en,yellow,yellow
255,154,0,en,golden rod,golden rod
255,69,0,en,red orange,red orange
255,0,92,en,dark pink,dark pink
255,125,0,en,orange,orange
183,255,0,en,light green,light green
115,255,0,en,lime green,lime
255,0,157,en,fuscia,fuscia
188,0,255,en,bright purple,bright purple
188,255,0,en,lime green,lime
255,0,205,en,fuscia,fuscia
255,0,238,en,fuscia with a drop of blue,fuscia with a drop of blue
255,210,0,en,mustard yellow,mustard
255,0,51,en,red,red
255,255,0,en,yellow,yellow
255,228,0,en,gold,gold
255,84,0,en,red orange,red orange
126,0,255,en,bright purple,bright purple
255,0,137,en,fuscia,fuscia
255,0,251,en,hot pink,hot pink
255,0,7,en,red,red
255,0,191,en,fuschia (hot pink?),fuschia (hot pink)
255,0,227,en,hot pink / neon pink,hot pink  neon pink
201,255,0,en,chartreuse,chartreuse
169,255,0,en,lime green,lime
209,0,255,en,violet,violet
255,0,25,en,red,red
52,255,0,en,neon green,neon green
255,0,79,en,red,red
255,229,0,en,yellow,yellow
255,0,158,en,fuschia,fuschia
94,0,255,en,purple,purple
255,151,0,en,orange,orange
220,0,255,en,violet,violet
255,252,0,en,yellow,yellow
255,0,101,en,hot pink,hot pink
255,204,0,en,yellow orange,yellow orange
255,23,0,en,red,red
255,182,0,en,orange,orange
255,0,136,en,fuschia,fuschia
255,0,191,en,fuschia,fuschia
220,0,255,en,violet,violet
255,104,0,en,orange,orange
102,255,0,en,lime,lime
240,255,0,en,yellow,yellow
255,136,0,en,pumpkin,pumpkin
255,0,47,en,red,red
190,0,255,en,purple,purple
255,80,0,en,orange,orange
150,0,255,en,purple,purple
255,0,127,en,fuschia,fuschia
255,0,86,en,red,red
255,170,0,en,yellow orange,yellow orange
255,216,0,en,yellow,yellow
137,255,0,en,lime,lime
255,0,164,en,fuschia,fuschia
255,0,78,en,red,red
255,200,0,en,gold,gold
255,0,214,en,violet,violet
215,255,0,en,chartreuse,chartreuse
255,0,216,en,pink,pink
255,0,24,en,red,red
163,255,0,en,lime,lime
255,255,0,en,yellow,yellow
227,255,0,en,greenish yellow,greenish yellow
255,203,0,en,dark yellow,dark yellow
255,240,0,en,yellow,yellow
246,0,255,en,pink,pink
163,0,255,en,purple,purple
201,0,255,en,teal,teal
255,0,184,en,pink,pink
255,128,0,en,orange,orange
255,155,0,en,brownish yellow,brownish yellow
255,0,148,en,pink,pink
255,0,68,en,red,red
255,0,101,en,pink,pink
255,98,0,en,tiger orange,tiger orange
255,0,123,en,pink,pink
74,0,255,en,navy blue,navy
255,69,0,en,orange,orange
82,255,0,en,lime green,lime
61,255,0,en,lime,lime
149,255,0,en,chartreuse,chartreuse
150,0,255,en,purple,purple
255,208,0,en,goldenrod,goldenrod
255,241,0,en,gold,gold
255,0,68,en,red,red
255,250,0,en,yellow,yellow
255,0,120,en,magenta,magenta
193,255,0,en,chartreuse,chartreuse
132,0,255,en,purple,purple
255,187,0,en,goldenrod,goldenrod
255,0,172,en,hotpink,hotpink
255,175,0,en,goldenrod,goldenrod
255,0,32,en,red,red
255,143,0,en,burnt orange,burnt orange
234,0,255,en,fuschsia,fuschsia
191,0,255,en,purple,purple
47,255,0,en,lime,lime
255,0,178,en,magenta,magenta
255,119,0,en,burnt orange,burnt orange
255,0,52,en,red,red
136,255,0,en,chartreuse,chartreuse
255,74,0,en,redorange,redorange
255,0,98,en,red,red
255,0,217,en,magenta,magenta
159,0,255,en,purple,purple
255,0,85,en,rose,rose
255,160,0,en,orange,orange
247,0,255,en,magenta,magenta
255,0,80,en,red,red
255,254,0,en,bright yellow,bright yellow
255,240,0,en,yellow,yellow
255,0,31,en,red,red
255,205,0,en,yellow ochre,yellow ochre
255,0,225,en,magenta,magenta
255,0,206,en,hot pink,hot pink
199,255,0,en,lime green,lime
255,83,0,en,warm red,warm red
255,0,122,en,rose,rose
255,0,146,en,pink,pink
211,0,255,en,purple,purple
255,135,0,en,orange,orange
77,255,0,en,fluorescent green,fluorescent green
167,255,0,en,lime green,lime
255,34,0,en,red,red
208,0,255,en,purple,purple
224,255,0,en,yellow,yellow
255,0,160,en,pink,pink
128,255,0,en,chartruesse,chartruesse
255,0,113,en,fuscia,fuscia
255,100,0,en,orange,orange
255,0,203,en,fuscia,fuscia
255,0,48,en,red,red
255,225,0,en,gold,gold
239,255,0,en,yellow,yellow
255,0,110,en,dark pink,dark pink
255,0,49,en,dark mauve,dark mauve
255,22,0,en,dark orange,dark orange
255,0,109,en,magenta,magenta
113,0,255,en,purple,purple
129,255,0,en,lime green,lime
255,0,38,en,dark  mauve,dark mauve
255,116,0,en,burnt orange,burnt orange
232,255,0,en,yellow,yellow
255,0,171,en,magenta,magenta
255,0,204,en,magenta,magenta
255,120,0,en,burnt orange,burnt orange
29,255,0,en,lime,lime
255,0,255,en,light magenta,light magenta
255,0,125,en,magenta,magenta
229,255,0,en,yellow,yellow
75,0,255,en,royal blue,royal blue
183,0,255,en,purple,purple
255,223,0,en,caution yellow,caution yellow
255,0,229,en,purple,purple
255,171,0,en,burnt orange,burnt orange
133,255,0,en,lime green,lime
255,200,0,en,emergency yellow,emergency yellow
165,255,0,en,neon green,neon green
255,0,115,en,reddish hot pink,reddish hot pink
255,182,0,en,yellow orange,yellow orange
255,0,230,en,pinkish magenta,pinkish magenta
193,0,255,en,purple,purple
255,212,0,en,golden yellow,golden yellow
255,93,0,en,dark orange,dark orange
255,136,0,en,orange,orange
255,68,0,en,red orange,red orange
69,0,255,en,ultramarine blue,ultramarine blue
241,255,0,en,bright yellow,bright yellow
216,255,0,en,neon greenish yellow,neon greenish yellow
255,0,90,en,reddish hot pink,reddish hot pink
67,255,0,en,neon green,neon green
255,0,166,en,hot pink,hot pink
255,0,200,en,hot magenta,hot magenta
104,0,255,en,purple,purple
255,0,49,en,red,red
255,0,1,en,red,red
255,213,0,en,medium cadmium yellow,medium cadmium yellow
222,0,255,en,light purple,light purple
255,0,115,en,fuschia,fuschia
255,0,193,en,hot pink,hot pink
255,197,0,en,mustard,mustard
255,0,231,en,fuschia,fuschia
183,0,255,en,purple,purple
255,175,0,en,mustard,mustard
255,0,45,en,red,red
140,255,0,en,neon green,neon green
255,0,72,en,dark pink,dark pink
255,35,0,en,red,red
255,112,0,en,orange,orange
255,0,97,en,fuschia,fuschia
103,0,255,en,royal blue,royal blue
255,217,0,en,yellow,yellow
26,255,0,en,neon green,neon green
222,0,255,en,violet,violet
255,0,170,en,fuschia,fuschia
255,245,0,en,yellow,yellow
200,255,0,en,neon yellow,neon yellow
255,139,0,en,orange,orange
132,255,0,en,neon green,neon green
255,0,56,en,red,red
255,32,0,en,red,red
134,255,0,en,neon green,neon green
255,163,0,en,mustard,mustard
161,0,255,en,purple,purple
165,0,255,en,purple,purple
255,111,0,en,burnt orange,burnt orange
1,0,255,en,blue,blue
255,0,104,en,magenta,magenta
255,0,29,en,red,red
255,141,0,en,burnt orange,burnt orange
255,0,223,en,pink,pink
233,255,0,en,neon yellow,neon yellow
255,0,189,en,fusia,fusia
255,183,0,en,mustard,mustard
147,0,255,en,purple,purple
255,0,38,en,red,red
255,0,73,en,pink,pink
195,255,0,en,yellow green,yellow green
255,0,191,en,fuschia,fuschia
209,0,255,en,purple,purple
255,0,114,en,pink,pink
231,255,0,en,yellow,yellow
255,0,93,en,pink,pink
255,135,0,en,orange,orange
24,255,0,en,green,green
255,0,225,en,fuschia,fuschia
75,255,0,en,green,green
250,0,255,en,fuschia,fuschia
255,28,0,en,red,red
255,194,0,en,yellow,yellow
149,255,0,en,green,green
255,238,0,en,yellow,yellow
255,116,0,en,orange,orange
255,153,0,en,yellow orange,yellow orange
255,0,160,en,pink,pink
255,0,108,en,magenta,magenta
255,21,0,en,reddish orange,reddish orange
255,238,0,en,yellow,yellow
255,244,0,en,yellow,yellow
255,0,114,en,magenta,magenta
191,0,255,en,purple,purple
255,202,0,en,amber,amber
255,0,147,en,magenta,magenta
255,63,0,en,scarlet,scarlet
255,0,126,en,magenta,magenta
107,255,0,en,grass green,grass green
255,0,34,en,red,red
255,0,75,en,red,red
255,166,0,en,tangerine,tangerine
255,91,0,en,rust orange,rust orange
255,0,186,en,magenta,magenta
234,0,255,en,pinkish purple,pinkish purple
199,255,0,en,chartreuse,chartreuse
255,108,0,en,orange,orange
255,0,133,en,fuschia,fuschia
102,0,255,en,purple,purple
255,0,237,en,dark pink,dark pink
244,255,0,en,yellow,yellow
255,0,63,en,red,red
255,215,0,en,light amber,light amber
150,0,255,en,violet,violet
255,123,0,en,orange,orange
255,198,0,en,amber,amber
255,0,189,en,hot pink,hot pink
255,0,104,en,magenta,magenta
255,0,23,en,scarlet,scarlet
255,140,0,en,burnt orange,burnt orange
219,255,0,en,chartreuse,chartreuse
255,47,0,en,red,red
255,216,0,en,goldenrod yellow,goldenrod yellow
192,0,255,en,bright purple,bright purple
255,0,44,en,red,red
146,0,255,en,purple,purple
179,255,0,en,chartreuse,chartreuse
255,0,153,en,magenta,magenta
255,145,0,en,orange,orange
105,255,0,en,apple gren,apple gren
255,183,0,en,tangerine,tangerine
255,0,210,en,hot pink,hot pink
221,0,255,en,purple,purple
234,255,0,en,yellow,yellow
255,0,41,en,red,red
255,166,0,en,light orange,light orange
255,0,81,en,scarlet,scarlet
255,0,213,en,pink,pink
255,0,54,en,red,red
178,0,255,en,violet,violet
255,87,0,en,orange,orange
255,166,0,en,rust,rust
57,255,0,en,lime green,lime
255,206,0,en,mustard yellow,mustard
255,0,249,en,purpley pink,purpley pink
255,0,144,en,dark ounk,dark ounk
144,255,0,en,yellow green,yellow green
255,0,202,en,dark pink,dark pink
255,1,0,en,red,red
255,0,130,en,magenta,magenta
220,255,0,en,neon yellow,neon yellow
179,255,0,en,green yellow,green yellow
255,0,160,en,hot pink,hot pink
120,255,0,en,grass green,grass green
255,76,0,en,red,red
77,255,0,en,lime green,lime
255,0,236,en,magenta,magenta
247,255,0,en,bright yellow,bright yellow
255,0,159,en,hot pink,hot pink
46,0,255,en,midnight blue,midnight blue
255,225,0,en,mustard yellow,mustard
152,0,255,en,violet,violet
255,116,0,en,burnt sienna,burnt sienna
251,0,255,en,magenta,magenta
255,130,0,en,burnt orange,burnt orange
178,255,0,en,yellow green,yellow green
255,190,0,en,mustard yellow,mustard
255,0,69,en,pink,pink
255,101,0,en,orange,orange
245,255,0,en,yellow,yellow
255,0,209,en,fuschia,fuschia
255,171,0,en,orange,orange
206,0,255,en,purple,purple
255,149,0,en,orange,orange
255,0,133,en,pink,pink
255,209,0,en,yellow,yellow
255,236,0,en,yello,yello
107,0,255,en,purple,purple
255,0,172,en,pink,pink
41,0,255,en,blue,blue
142,255,0,en,green,green
255,0,33,en,red,red
47,255,0,en,green,green
233,0,255,en,purple,purple
255,0,230,en,fuschia,fuschia
255,77,0,en,orange,orange
215,255,0,en,yellow,yellow
255,0,95,en,pink,pink
14,0,255,en,royal blue,royal blue
255,0,76,en,red,red
198,0,255,en,purple,purple
255,68,0,en,orange,orange
228,255,0,en,yellow,yellow
255,0,246,en,pink,pink
255,0,127,en,chartruse,chartruse
255,158,0,en,goldenrod,goldenrod
113,255,0,en,like green,like green
255,103,0,en,orange,orange
165,255,0,en,lime green,lime
135,0,255,en,purple blue,purple blue
255,0,224,en,dark pink,dark pink
255,196,0,en,goldenrod,goldenrod
255,0,157,en,red pink,red pink
255,0,208,en,helen,helen
255,241,0,en,ed,ed
255,124,0,en,orange but more yellow,orange but more yellow
255,251,0,en,yellow,yellow
255,0,96,en,kenneth,kenneth
255,0,25,en,red,red
255,151,0,en,orange,orange
255,175,0,en,yellow orange,yellow orange
252,255,0,en,neon yellow,neon yellow
255,33,0,en,christmas red,christmas red
156,255,0,en,lime green,lime
255,0,200,en,hot pink,hot pink
255,0,149,en,fuchsia,fuchsia
255,0,18,en,scarlett,scarlett
255,0,102,en,scarlett,scarlett
255,0,139,en,fuchsia,fuchsia
255,112,0,en,red orange,red orange
255,0,253,en,neon pink,neon pink
255,222,0,en,golden yellow,golden yellow
176,0,255,en,vibrant violet,vibrant violet
255,0,72,en,christmas red,christmas red
255,0,221,en,hot pink,hot pink
136,0,255,en,vibrant violet,vibrant violet
93,255,0,en,grass green,grass green
205,255,0,en,lime green,lime
255,209,0,en,mustard yellow,mustard
255,0,231,en,pink,pink
136,0,255,en,purple,purple
196,0,255,en,purple,purple
255,0,128,en,pink,pink
255,0,107,en,pink,pink
255,28,0,en,orange,orange
255,110,0,en,orange,orange
123,255,0,en,lime green,lime
255,135,0,en,orange,orange
255,0,27,en,red,red
255,0,182,en,pink,pink
212,255,0,en,yellow,yellow
255,208,0,en,yellow,yellow
255,215,0,en,yellow,yellow
255,0,167,en,pink,pink
255,164,0,en,orange,orange
177,255,0,en,green,green
255,0,62,en,red,red
251,255,0,en,yellow,yellow
242,0,255,en,pink,pink
255,69,0,en,red orange,red orange
255,0,173,en,hot pink,hot pink
18,255,0,en,green,green
212,0,255,en,purple,purple
255,0,222,en,pinkish purple,pinkish purple
255,0,40,en,red,red
255,155,0,en,gold,gold
255,0,71,en,red,red
228,255,0,en,yellow green,yellow green
243,255,0,en,yellow,yellow
255,144,0,en,orange,orange
255,0,185,en,hot pink,hot pink
232,0,255,en,purple pink,purple pink
255,218,0,en,yellow gold,yellow gold
255,187,0,en,gold,gold
255,114,0,en,dark orane,dark orane
173,255,0,en,chartreuse,chartreuse
100,0,255,en,purple,purple
255,0,111,en,reddish pink,reddish pink
58,255,0,en,greenish yellow,greenish yellow
66,255,0,en,lime,lime
255,0,147,en,fuschia,fuschia
255,0,224,en,hot pink,hot pink
255,189,0,en,yellow orange,yellow orange
228,0,255,en,magenta,magenta
255,133,0,en,orange,orange
255,221,0,en,golden yellow,golden yellow
197,255,0,en,chartreuse,chartreuse
255,0,178,en,hot pink,hot pink
255,0,31,en,scarlet,scarlet
217,0,255,en,magenta,magenta
255,100,0,en,deep orange,deep orange
255,175,0,en,golden,gold
255,48,0,en,scarlet,scarlet
255,0,122,en,hot pink,hot pink
255,0,66,en,red,red
151,255,0,en,chartreuse,chartreuse
255,0,95,en,fuchsia,fuchsia
254,255,0,en,yellow,yellow
116,0,255,en,violet,violet
197,255,0,en,lime,lime
255,146,0,en,tangerine,tangerine
255,0,255,en,magenta,magenta
255,34,0,en,red,red
255,0,188,en,fuschia,fuschia
255,214,0,en,mustard,mustard
255,252,0,en,yellow,yellow
255,0,137,en,pink,pink
255,0,246,en,magenta,magenta
255,0,153,en,dark pink,dark pink
255,172,0,en,mustard,mustard
133,0,255,en,purple,purple
255,0,57,en,red,red
255,201,0,en,dark yellow,dark yellow
149,255,0,en,lime,lime
255,0,7,en,red,red
255,0,82,en,red,red
210,0,255,en,purple,purple
255,108,0,en,orange,orange
123,255,0,en,lime,lime
255,0,110,en,pink,pink
226,255,0,en,chartreuse,chartreuse
255,105,0,en,orange,orange
255,0,66,en,red,red
107,0,255,en,indigo,indigo
255,0,223,en,fuchsia,fuchsia
255,71,0,en,red,red
255,0,177,en,pink,pink
255,147,0,en,orange,orange
255,0,47,en,red,red
71,255,0,en,green,green
255,195,0,en,yellow,yellow
216,0,255,en,purple,purple
255,221,0,en,yello,yello
164,255,0,en,green,green
77,0,255,en,indigo,indigo
255,0,113,en,red,red
255,250,0,en,yellow,yellow
255,0,149,en,pink,pink
255,0,251,en,pink,pink
255,179,0,en,ochre,ochre
93,255,0,en,bright green,bright green
255,0,195,en,bright purple,bright purple
255,186,0,en,yellow,yellow
255,0,78,en,pink red,pink red
255,0,175,en,bright pink,bright pink
255,0,221,en,bright purple,bright purple
133,255,0,en,bright green,bright green
255,57,0,en,orange red,orange-red
255,251,0,en,bright yellox,bright yellox
255,122,0,en,orange,orange
174,0,255,en,purple,purple
255,0,250,en,bright purple,bright purple
255,222,0,en,yellow,yellow
255,0,34,en,red,red
171,0,255,en,purple,purple
255,179,0,en,mustard,mustard
255,249,0,en,yellow,yellow
255,0,57,en,red,red
255,129,0,en,orange,orange
255,221,0,en,yellow,yellow
255,0,152,en,pink,pink
255,0,178,en,magents,magents
255,68,0,en,tangerine,tangerine
188,255,0,en,lime,lime
243,0,255,en,fuschia,fuschia
184,255,0,en,lime,lime
255,104,0,en,orange,orange
107,255,0,en,lime,lime
255,0,135,en,pink,pink
109,0,255,en,purple,purple
255,0,26,en,red,red
255,0,231,en,fuschia,fuschia
255,211,0,en,mustard,mustard
255,0,81,en,red,red
222,255,0,en,yellow,yellow
255,0,84,en,red,red
255,94,0,en,orange,orange
168,0,255,en,purple,purple
255,210,0,en,orange,orange
255,232,0,en,yello,yello
255,0,167,en,pink,pink
241,255,0,en,yellow,yellow
255,0,177,en,pink,pink
255,124,0,en,orange,orange
159,255,0,en,green,green
56,255,0,en,green,green
255,0,247,en,magenta,magenta
255,0,85,en,rose,rose
255,0,60,en,red,red
255,177,0,en,mustard,mustard
255,0,205,en,red violet,red violet
149,255,0,en,lime green,lime
255,0,241,en,magenta,magenta
207,255,0,en,chartreuse,chartreuse
255,227,0,en,yellow,yellow
255,114,0,en,burnt orange,burnt orange
235,255,0,en,neon yellow,neon yellow
79,255,0,en,neon green,neon green
87,0,255,en,blue violet,blue-violet
255,0,167,en,hot pink,hot pink
255,135,0,en,orange,orange
184,0,255,en,purple,purple
255,187,0,en,mustard,mustard
120,0,255,en,violet,violet
255,34,0,en,red,red
255,0,127,en,hot pink,hot pink
255,0,11,en,red,red
158,255,0,en,green,green
233,0,255,en,pink,pink
255,0,240,en,pink,pink
255,0,71,en,red,red
255,174,0,en,orange,orange
255,0,209,en,pink,pink
243,255,0,en,yellow,yellow
255,229,0,en,yellow,yellow
106,0,255,en,purple,purple
87,255,0,en,green,green
255,0,106,en,pink,pink
255,0,151,en,pink,pink
255,0,142,en,pink,pink
255,38,0,en,orange,orange
255,146,0,en,orange,orange
255,106,0,en,orange,orange
255,212,0,en,yellow,yellow
230,255,0,en,yellow,yellow
180,0,255,en,purple,purple
255,0,46,en,red,red
255,0,90,en,pink,pink
255,201,0,en,orange,orange
255,0,139,en,pink,pink
255,159,0,en,orange,orange
114,0,255,en,purple,purple
255,229,0,en,yellow,yellow
255,0,39,en,red,red
255,0,195,en,pink,pink
231,0,255,en,pink,pink
255,144,0,en,orange,orange
199,255,0,en,green,green
251,255,0,en,yellow,yellow
255,0,76,en,red,red
255,48,0,en,red,red
91,255,0,en,green,green
255,0,212,en,pink,pink
255,86,0,en,orange,orange
171,0,255,en,purple,purple
178,255,0,en,green,green
255,0,174,en,pink,pink
255,164,0,en,yellowish orange,yellowish orange
247,255,0,en,yellow,yellow
190,0,255,en,purple,purple
218,255,0,en,yellow,yellow
255,0,194,en,purple,purple
255,104,0,en,orange,orange
231,0,255,en,purple,purple
255,138,0,en,orange,orange
255,0,235,en,purple,purple
255,0,46,en,red,red
255,0,137,en,purple,purple
146,0,255,en,purple,purple
125,255,0,en,yellowish green,yellowish green
70,0,255,en,blue,blue
255,0,103,en,pink,pink
255,217,0,en,yellow,yellow
255,0,50,en,red,red
134,255,0,en,lime green,lime
255,0,168,en,purple,purple
255,192,0,en,yellow,yellow
255,68,0,en,orange,orange
255,244,0,en,yellow,yellow
255,169,0,en,yellow orange,yellow orange
241,0,255,en,magenta,magenta
255,0,22,en,red,red
255,144,0,en,orange,orange
176,0,255,en,purple,purple
255,0,112,en,hot pink,hot pink
255,0,110,en,fuschia,fuschia
255,0,170,en,bright berry,bright berry
255,212,0,en,yellow,yellow
255,0,217,en,magenta,magenta
255,47,0,en,red orange,red orange
169,255,0,en,slime green,slime green
255,217,0,en,hotrod yellow,hotrod yellow
255,0,64,en,rose,rose
161,0,255,en,purple,purple
224,255,0,en,bright yellow,bright yellow
255,83,0,en,red orange,red orange
99,255,0,en,kelly green,kelly green
255,0,181,en,magenta,magenta
255,0,15,en,apple red,apple red
255,0,228,en,fuschia,fuschia
253,0,255,en,fuschia,fuschia
255,0,56,en,light red,light red
255,0,181,en,magenta,magenta
255,0,100,en,hot pink,hot pink
255,0,163,en,magenta,magenta
137,255,0,en,chartreuse,chartreuse
255,64,0,en,orange red,orange-red
236,255,0,en,lemon yellow,lemon yellow
102,255,0,en,lime green,lime
255,156,0,en,terra cotta,terracotta
255,220,0,en,light mustard,light mustard
116,0,255,en,saturated periwinkle,saturated periwinkle
255,202,0,en,bright mustard,bright mustard
255,0,139,en,bougainvillea,bougainvillea
255,85,0,en,burnt orange,burnt orange
223,255,0,en,lemon yellow with olive tinge,lemon yellow with olive tinge
255,143,0,en,adobe,adobe
164,0,255,en,light bright purple violet,light bright purple violet
255,0,218,en,fuschia,fuschia
255,0,156,en,hot pink,hot pink
255,52,0,en,red orange,red orange
255,150,0,en,yellow orange,yellow orange
255,0,204,en,fuschia,fuschia
255,195,0,en,yellow orange,yellow orange
247,255,0,en,yellow,yellow
255,167,0,en,dark yellow orange,dark yellow orange
107,255,0,en,lime green,lime
255,0,82,en,hot pink,hot pink
57,0,255,en,blue,blue
255,0,129,en,fuschia,fuschia
255,0,49,en,red violet,red violet
216,255,0,en,yellow green,yellow green
165,0,255,en,violet,violet
150,255,0,en,lime green,lime
255,107,0,en,orange,orange
223,0,255,en,light violet,light violet
255,238,0,en,yellow,yellow
255,0,14,en,red,red
158,0,255,en,purple,purple
255,0,76,en,red,red
255,161,0,en,orange,orange
255,187,0,en,yellow,yellow
255,55,0,en,red,red
255,88,0,en,orange,orange
255,0,148,en,pink,pink
153,0,255,en,purple,purple
255,222,0,en,yellow,yellow
194,255,0,en,green,green
255,121,0,en,orange,orange
183,0,255,en,purple,purple
255,0,233,en,pink,pink
255,0,182,en,pink,pink
246,0,255,en,purple,purple
92,255,0,en,green,green
255,0,122,en,red,red
141,255,0,en,green,green
255,0,84,en,red,red
250,255,0,en,yellow,yellow
255,0,1,en,red,red
75,0,255,en,blue,blue
255,147,0,en,orange,orange
109,255,0,en,lime green,lime
234,255,0,en,yellow,yellow
255,0,51,en,red,red
255,0,173,en,magenta,magenta
255,234,0,en,golden yellow,golden yellow
255,110,0,en,orange,orange
167,0,255,en,purple,purple
255,0,129,en,pink,pink
255,169,0,en,orang,orang
255,0,183,en,magenta,magenta
255,0,254,en,pink,pink
255,0,235,en,light purple,light purple
255,68,0,en,red orange,red orange
152,0,255,en,purple,purple
135,255,0,en,lime green,lime
255,0,105,en,red,red
255,0,41,en,red,red
255,194,0,en,light orange,light orange
188,255,0,en,puke,puke
255,88,0,en,red,red
103,255,0,en,green,green
255,72,0,en,red,red
255,0,77,en,red,red
255,120,0,en,orange,orange
255,0,194,en,pink,pink
255,187,0,en,orange,orange
151,0,255,en,purple,purple
233,255,0,en,yellow,yellow
255,0,23,en,red,red
255,0,228,en,pink,pink
228,255,0,en,yellow,yellow
255,0,166,en,pink,pink
255,0,116,en,red,red
180,255,0,en,green,green
255,230,0,en,yellow,yellow
206,0,255,en,purple,purple
255,0,107,en,pink,pink
255,168,0,en,orange,orange
231,0,255,en,purple,purple
255,73,0,en,red,red
207,255,0,en,yellow,yellow
126,255,0,en,green,green
255,0,124,en,fuscia,fuscia
255,195,0,en,orange,orange
255,0,212,en,purple,purple
255,0,251,en,purple,purple
255,243,0,en,yellow,yellow
255,89,0,en,red,red
255,140,0,en,orange,orange
255,179,0,en,orange,orange
177,255,0,en,green,green
255,0,168,en,purple,purple
255,0,73,en,red,red
255,0,179,en,purple,purple
195,0,255,en,purple,purple
255,0,94,en,pink,pink
255,0,15,en,red,red
255,225,0,en,yellow,yellow
90,0,255,en,blue,blue
140,0,255,en,purple,purple
255,0,114,en,fuchsia,fuchsia
255,68,0,en,orange,orange
255,0,210,en,magenta,magenta
255,0,67,en,pinkish,pinkish
255,0,96,en,magenta,magenta
255,171,0,en,yellow orange,yellow orange
255,0,173,en,hot pink,hot pink
100,255,0,en,grass green,grass green
255,0,198,en,magenta,magenta
216,0,255,en,lilac,lilac
255,0,35,en,red,red
246,255,0,en,yellow,yellow
255,139,0,en,orange,orange
182,255,0,en,chartruese,chartruese
255,118,0,en,dark orange,dark orange
195,255,0,en,safety green,safety green
255,0,255,en,hot pink,hot pink
255,227,0,en,corny yellow,corny yellow
255,195,0,en,maize,maize
108,0,255,en,violet,violet
255,0,130,en,pink,pink
255,0,161,en,dark pink,dark pink
224,255,0,en,yellow,yellow
255,0,109,en,dark pink,dark pink
255,205,0,en,mustard yellow,mustard
255,252,0,en,yellow,yellow
255,35,0,en,red,red
94,0,255,en,blueberry purple,blueberry purple
175,255,0,en,dirty yellow,dirty yellow
211,0,255,en,purple,purple
255,0,243,en,pink,pink
255,0,39,en,red,red
255,138,0,en,orange,orange
255,0,182,en,purple,purple
146,0,255,en,purple,purple
210,255,0,en,yellow,yellow
255,0,92,en,purple,purple
255,127,0,en,orange,orange
4,255,0,en,neon green,neon green
255,0,255,en,purple,purple
255,242,0,en,yellow,yellow
107,255,0,en,slime green,slime green
173,255,0,en,slime green,slime green
255,0,211,en,purple,purple
255,0,124,en,purple,purple
255,184,0,en,mustard,mustard
255,0,35,en,red,red
64,0,255,en,blue,blue
233,255,0,en,yellow,yellow
255,0,165,en,purple,purple
255,161,0,en,mustard,mustard
255,118,0,en,mustard,mustard
209,0,255,en,purple,purple
255,0,62,en,red,red
255,73,0,en,brown,brown
255,9,0,en,red,red
223,0,255,en,purple,purple
255,251,0,en,yellow,yellow
159,0,255,en,purple,purple
255,182,0,en,yellow,yellow
255,205,0,en,yellow,yellow
255,0,199,en,purple,purple
255,0,108,en,pink,pink
178,0,255,en,purple,purple
255,0,69,en,pink,pink
255,0,244,en,purple,purple
255,0,172,en,pink,pink
255,116,0,en,orange,orange
190,255,0,en,yellow,yellow
255,130,0,en,orange,orange
255,225,0,en,yellow,yellow
134,255,0,en,green,green
45,255,0,en,green,green
255,0,39,en,red,red
255,0,124,en,pink,pink
255,139,0,en,orange,orange
218,255,0,en,neon yellow,neon yellow
242,0,255,en,magenta,magenta
255,0,88,en,strawberry red,strawberry red
245,255,0,en,yellow,yellow
255,218,0,en,golden,gold
157,255,0,en,lime green,lime
255,0,74,en,red,red
134,0,255,en,violet,violet
255,93,0,en,burnt orange,burnt orange
26,255,0,en,lime green,lime
205,0,255,en,purple,purple
255,0,31,en,fire engine red,fire engine red
255,0,179,en,magenta,magenta
255,71,0,en,yellow orange,yellow orange
255,164,0,en,orange,orange
255,0,161,en,magenta,magenta
255,0,122,en,hot pink,hot pink
255,194,0,en,golden,gold
42,255,0,en,lime green,lime
255,0,245,en,neon purple,neon purple
255,189,0,en,gold,gold
255,172,0,en,burnt gold,burnt gold
71,255,0,en,neon green,neon green
114,0,255,en,indigo,indigo
255,216,0,en,goldenrod,goldenrod
255,0,106,en,pink,pink
255,0,189,en,pink,pink
255,0,229,en,purple,purple
255,121,0,en,orange,orange
175,255,0,en,green,green
255,0,67,en,red,red
117,0,255,en,purple,purple
255,167,0,en,orange,orange
171,0,255,en,violet,violet
255,0,192,en,magenta,magenta
255,0,9,en,red,red
255,0,247,en,magenta,magenta
79,0,255,en,blue,blue
134,255,0,en,green,green
255,0,161,en,pink,pink
125,255,0,en,green,green
255,108,0,en,orange,orange
255,195,0,en,orange,orange
255,0,215,en,pink,pink
255,226,0,en,yellow,yellow
255,0,90,en,hot pink,hot pink
253,255,0,en,yellow,yellow
255,73,0,en,orangey red,orangey red
202,255,0,en,lime,lime
255,150,0,en,orange,orange
255,0,118,en,pink,pink
255,0,134,en,pink,pink
255,0,174,en,pink,pink
255,104,0,en,orange,orange
255,230,0,en,yellow,yellow
183,255,0,en,yellow,yellow
255,0,187,en,pink,pink
255,0,80,en,red,red
255,164,0,en,orange,orange
150,0,255,en,purple,purple
192,0,255,en,violet,violet
44,255,0,en,green,green
255,191,0,en,orange,orange
216,255,0,en,yellow,yellow
255,0,218,en,pink,pink
255,25,0,en,red,red
255,0,26,en,red,red
255,0,105,en,red,red
50,0,255,en,blue,blue
255,144,0,en,orange,orange
255,0,252,en,pink,pink
240,255,0,en,yellow,yellow
255,194,0,en,orange,orange
255,218,0,en,amber,amber
255,129,0,en,orange,orange
255,0,223,en,pink,pink
230,0,255,en,purple,purple
255,0,153,en,red,red
213,0,255,en,violet,violet
255,0,71,en,red,red
255,0,21,en,red,red
163,255,0,en,green,green
255,114,0,en,orange,orange
76,0,255,en,blue,blue
233,255,0,en,yellow,yellow
255,0,126,en,red,red
255,74,0,en,red,red
112,0,255,en,blue,blue
255,157,0,en,orange,orange
255,0,201,en,pink,pink
255,0,95,en,red,red
188,255,0,en,green,green
97,255,0,en,green,green
255,0,221,en,magenta,magenta
155,0,255,en,purple,purple
61,0,255,en,blue,blue
255,239,0,en,yellow,yellow
255,0,32,en,red,red
255,136,0,en,orange,orange
255,76,0,en,dark orange,dark orange
197,255,0,en,lime green,lime
255,0,204,en,magenta,magenta
227,0,255,en,purple,purple
255,0,176,en,pink,pink
255,175,0,en,orange,orange
255,0,59,en,red,red
255,0,139,en,pink,pink
184,255,0,en,green,green
255,187,0,en,orange,orange
255,89,0,en,red orange,red orange
255,0,101,en,red,red
181,0,255,en,purple,purple
130,255,0,en,apple green,apple green
255,253,0,en,yellow,yellow
255,0,26,en,red,red
255,0,141,en,pink,pink
255,0,194,en,pink,pink
255,221,0,en,yellow,yellow
115,0,255,en,purple,purple
156,255,0,en,lime green,lime
255,0,60,en,red,red
255,62,0,en,red,red
251,255,0,en,yellow,yellow
255,0,95,en,red,red
255,0,224,en,pink,pink
255,200,0,en,orange,orange
207,255,0,en,citrus (yellow green),citrus (yellow green)
86,255,0,en,green,green
218,0,255,en,purple,purple
247,0,255,en,pink,pink
255,165,0,en,orange,orange
28,0,255,en,dark blue,dark blue
255,0,173,en,pink,pink
255,138,0,en,orange,orange
255,101,0,en,orange,orange
255,190,0,en,goldenrod,goldenrod
136,255,0,en,lime green,lime
199,0,255,en,violet,violet
255,0,245,en,fuschia,fuschia
74,0,255,en,royal blue,royal blue
255,0,14,en,crimson,crimson
255,96,0,en,red orange,red orange
238,255,0,en,lemon yellow,lemon yellow
255,12,0,en,crimson,crimson
255,136,0,en,yellow orange,yellow orange
255,0,98,en,magenta,magenta
209,255,0,en,lemon yellow,lemon yellow
255,0,195,en,fuschia,fuschia
52,255,0,en,lime green,lime
255,0,56,en,crimson,crimson
255,0,157,en,magenta,magenta
255,231,0,en,lemon yellow,lemon yellow
255,0,142,en,magenta,magenta
255,168,0,en,goldenrod,goldenrod
125,0,255,en,grape,grape
249,0,255,en,violet,violet
255,0,215,en,pink,pink
255,178,0,en,orange,orange
81,0,255,en,indigo,indigo
255,0,48,en,red,red
119,0,255,en,violet,violet
255,101,0,en,umber,umber
255,0,67,en,red,red
90,255,0,en,green,green
255,238,0,en,yellow,yellow
255,52,0,en,red orange,red orange
167,255,0,en,grass green,grass green
255,131,0,en,orange,orange
210,255,0,en,yellow green,yellow green
255,0,212,en,pink,pink
255,0,142,en,pink,pink
206,0,255,en,purple,purple
255,253,0,en,yellow,yellow
255,0,157,en,pink,pink
255,241,0,en,yellow,yellow
255,0,224,en,pink purple,pink purple
120,0,255,en,blue,blue
255,0,190,en,pink2,pink
255,159,0,en,orange,orange
255,0,162,en,pink,pink
255,200,0,en,orange2,orange
125,255,0,en,lime green,lime
255,0,136,en,pink,pink
255,64,0,en,orange,orange
255,0,2,en,red,red
255,0,93,en,pink2,pink
227,255,0,en,yellow,yellow
255,255,0,en,yellow,yellow
255,104,0,en,orange2,orange
193,0,255,en,purple2,purple
142,255,0,en,green,green
224,0,255,en,purple,purple
255,0,66,en,pink,pink
255,139,0,en,orange,orange
135,0,255,en,purple,purple
211,255,0,en,acid yellow,acid yellow
174,255,0,en,lime green,lime
255,0,228,en,schiaparelli,schiaparelli
255,0,23,en,scarlet,scarlet
255,0,166,en,fuschia,fuschia
255,0,201,en,fuschia,fuschia
228,255,0,en,yellow,yellow
255,215,0,en,golden yellow,golden yellow
255,0,232,en,magenta,magenta
255,161,0,en,orange,orange
255,0,46,en,red,red
255,198,0,en,golden orange,golden orange
255,107,0,en,red orange,red orange
255,0,145,en,magenta,magenta
108,255,0,en,green yellow,green yellow
255,0,78,en,fuschia,fuschia
255,147,0,en,orange,orange
255,0,179,en,magenta,magenta
255,64,0,en,red orange,red orange
255,0,97,en,fuschia,fuschia
142,0,255,en,purple,purple
217,0,255,en,purple magenta,purple magenta
149,255,0,en,neon green,neon green
243,255,0,en,yellow,yellow
255,0,140,en,magenta,magenta
252,0,255,en,fushia,fushia
255,89,0,en,orange,orange
255,0,82,en,pink,pink
255,0,46,en,red,red
229,0,255,en,purple,purple
210,255,0,en,yellow,yellow
212,0,255,en,purple,purple
255,182,0,en,dark yellow,dark yellow
122,255,0,en,yellow green,yellow green
255,157,0,en,orange,orange
255,147,0,en,light orange,light orange
255,72,0,en,dark orange,dark orange
255,0,49,en,red,red
255,252,0,en,yellow,yellow
255,0,160,en,magenta,magenta
150,0,255,en,purple,purple
255,225,0,en,gold,gold
30,255,0,en,green,green
71,255,0,en,green,green
202,255,0,en,lime green,lime
255,0,24,en,red,red
255,83,0,en,coral,coral
255,238,0,en,yellow,yellow
255,0,68,en,pink,pink
255,0,212,en,pink,pink
153,255,0,en,green,green
245,255,0,en,yellow,yellow
255,122,0,en,orange,orange
255,193,0,en,hello,hello
143,0,255,en,purple,purple
67,0,255,en,blue,blue
255,35,0,en,red,red
255,157,0,en,orange,orange
255,0,116,en,pink,pink
255,0,186,en,pink,pink
255,0,249,en,pink,pink
203,0,255,en,purple,purple
255,0,93,en,pink,pink
255,0,155,en,pink,pink
255,0,199,en,pink,pink
142,0,255,en,purple,purple
255,0,233,en,pink,pink
255,51,0,en,red,red
255,0,84,en,redish pink,redish pink
248,0,255,en,pink,pink
218,255,0,en,yellow,yellow
255,0,18,en,red,red
255,0,114,en,pink,pink
255,227,0,en,yellow,yellow
255,197,0,en,yellow,yellow
255,84,0,en,orange,orange
255,139,0,en,orange,orange
210,0,255,en,purple,purple
81,255,0,en,green,green
170,255,0,en,green,green
255,181,0,en,orange,orange
255,0,76,en,red,red
255,0,162,en,pink,pink
255,244,0,en,yellow,yellow
255,214,0,en,yellow,yellow
95,0,255,en,purple,purple
78,255,0,en,green,green
255,207,0,en,yellow,yellow
255,52,0,en,red,red
171,0,255,en,purple,purple
255,245,0,en,yellow,yellow
65,0,255,en,purple,purple
255,82,0,en,red,red
230,0,255,en,purple,purple
225,255,0,en,yellow,yellow
255,0,170,en,pink,pink
255,0,189,en,pink,pink
255,148,0,en,orange,orange
255,0,64,en,red,red
255,0,40,en,red,red
255,0,135,en,pink,pink
255,0,110,en,pink,pink
255,0,236,en,purple,purple
178,255,0,en,green,green
255,181,0,en,yellow,yellow
255,0,60,en,red,red
255,150,0,en,orange,orange
255,102,0,en,orange,orange
255,191,0,en,yellow,yellow
254,0,255,en,purple,purple
255,0,98,en,pink,pink
255,0,167,en,pink,pink
108,255,0,en,green,green
118,0,255,en,purple,purple
255,0,187,en,pink,pink
208,0,255,en,purple,purple
255,234,0,en,yellow,yellow
255,73,0,en,orange,orange
242,255,0,en,yellow,yellow
205,255,0,en,yellow,yellow
255,0,224,en,purple,purple
255,157,0,en,orange,orange
255,0,134,en,pink,pink
255,0,24,en,red,red
149,255,0,en,green,green
255,110,0,en,international orange,international orange
3,0,255,en,blue,blue
255,28,0,en,vermillion,vermillion
107,255,0,en,chartreuse,chartreuse
255,0,86,en,ruby,ruby
255,200,0,en,goldenrod,goldenrod
255,0,194,en,magenta,magenta
236,255,0,en,yellow,yellow
243,0,255,en,fuschia,fuschia
150,255,0,en,lime green,lime
255,0,141,en,magenta,magenta
255,0,44,en,crimson,crimson
255,140,0,en,tangerine,tangerine
255,236,0,en,gold,gold
201,0,255,en,orchid,orchid
198,255,0,en,green yellow,green yellow
255,0,63,en,crimson,crimson
255,0,216,en,fuschia,fuschia
255,0,160,en,orchid,orchid
255,178,0,en,tangerine,tangerine
97,0,255,en,indigo,indigo
106,255,0,en,lime green,lime
29,255,0,en,dark lime green,dark lime green
227,0,255,en,fushia,fushia
187,255,0,en,pear green,pear green
157,0,255,en,light purple,light purple
255,179,0,en,pumpkin orange,pumpkin orange
255,210,0,en,orange yellow,orange yellow
255,0,89,en,hot pink,hot pink
255,0,71,en,dark hot pink,dark hot pink
255,40,0,en,red,red
255,214,0,en,slightly lighter orange yellow,slightly lighter orange yellow
250,255,0,en,yellow,yellow
149,255,0,en,lime green,lime
255,0,234,en,light pink,light pink
255,144,0,en,orange,orange
255,104,0,en,dark orange,dark orange
255,0,201,en,lighter pink,lighter pink
255,0,153,en,darker pink,darker pink
195,0,255,en,light purple,light purple
255,0,140,en,pink,pink
255,0,44,en,red,red
155,255,0,en,lime,lime
255,195,0,en,autumn,autumn
168,0,255,en,purple,purple
255,0,43,en,red,red
255,0,69,en,hot pink,hot pink
125,0,255,en,violet,violet
255,0,97,en,pink,pink
255,91,0,en,hot orange,hot orange
255,140,0,en,orange,orange
255,177,0,en,light orange,light orange
255,0,244,en,neon pink,neon pink
239,0,255,en,pinkish purple,pinkish purple
255,35,0,en,red,red
255,255,0,en,yellow,yellow
196,255,0,en,yellowish green,yellowish green
255,0,208,en,hot pink,hot pink
56,255,0,en,hot green,hot green
255,231,0,en,yellow,yellow
255,0,161,en,neon pink,neon pink
255,0,119,en,reddish pink,reddish pink
255,0,64,en,red,red
255,0,233,en,pink,pink
255,138,0,en,orange,orange
255,17,0,en,red,red
255,0,82,en,vivid red,vivid red
255,0,169,en,pink,pink
217,255,0,en,lime green,lime
255,231,0,en,yellow ochre,yellow ochre
255,108,0,en,burnt amber,burnt amber
180,0,255,en,purple,purple
227,0,255,en,vivid purple,vivid purple
107,0,255,en,deep purble,deep purble
255,0,204,en,vivid pink,vivid pink
239,255,0,en,lime green,lime
159,255,0,en,vivid green,vivid green
255,0,44,en,red vermillion,red vermillion
255,185,0,en,burnt ochre,burnt ochre
77,0,255,en,electric blue,electric blue
62,255,0,en,vivid green,vivid green
255,179,0,en,orange ochre,orange ochre
255,0,112,en,pinky red,pinky red
255,0,25,en,red,red
255,249,0,en,yellow,yellow
255,75,0,en,dark orange,dark orange
177,255,0,en,lime green,lime
255,0,139,en,magenta,magenta
144,0,255,en,purple,purple
255,0,64,en,dark pink,dark pink
75,255,0,en,green,green
255,0,229,en,pink purple,pink purple
255,100,0,en,orange,orange
255,222,0,en,yellow,yellow
187,0,255,en,purple,purple
255,0,175,en,magenta,magenta
29,255,0,en,green,green
255,0,247,en,pink purple,pink purple
255,0,83,en,dark pink,dark pink
255,170,0,en,yellow orange,yellow orange
255,195,0,en,dark yellow,dark yellow
255,137,0,en,dark orange,dark orange
255,0,204,en,magenta,magenta
200,255,0,en,yellow,yellow
255,0,94,en,pink,pink
255,22,0,en,red,red
123,0,255,en,navy blue,navy
255,0,42,en,red,red
255,122,0,en,orange,orange
255,250,0,en,yellow,yellow
171,0,255,en,purple,purple
129,255,0,en,green,green
255,197,0,en,orange,orange
158,255,0,en,lime green,lime
240,0,255,en,purple,purple
255,228,0,en,yellow,yellow
255,156,0,en,orange,orange
255,0,65,en,red,red
255,0,200,en,periwinkle,periwinkle
255,0,147,en,pink,pink
255,108,0,en,orange,orange
210,255,0,en,lime green,lime
255,0,245,en,periwinkle,periwinkle
255,0,114,en,pink,pink
255,0,108,en,magenta,magenta
255,0,176,en,pink,pink
255,0,119,en,red pink,red pink
255,204,0,en,yellow,yellow
115,255,0,en,limegreen,lime
160,0,255,en,violet,violet
255,71,0,en,red,red
228,0,255,en,purple,purple
255,238,0,en,yellow,yellow
255,0,163,en,magenta,magenta
194,255,0,en,limegreen,lime
255,100,0,en,orange,orange
255,0,64,en,ruby,ruby
149,255,0,en,limegreen,lime
197,0,255,en,violet,violet
255,121,0,en,orange,orange
255,0,33,en,red,red
255,0,230,en,purple,purple
249,255,0,en,yellow,yellow
255,156,0,en,yellowish orange,yellowish orange
255,248,0,en,yellow,yellow
119,255,0,en,lime green,lime
255,0,99,en,red,red
255,0,127,en,pink red,pink red
222,255,0,en,yellow green,yellow green
255,0,173,en,magenta,magenta
255,0,73,en,red,red
218,0,255,en,purple,purple
255,177,0,en,orange yellow,orange yellow
242,0,255,en,light purple,light purple
255,100,0,en,orange,orange
255,0,179,en,pink,pink
255,233,0,en,yellow,yellow
255,118,0,en,orange,orange
72,0,255,en,dark blue,dark blue
127,0,255,en,purple,purple
174,255,0,en,green,green
107,255,0,en,green,green
184,0,255,en,purple,purple
255,134,0,en,orange,orange
255,0,171,en,pink,pink
255,180,0,en,mustard,mustard
255,226,0,en,yellow,yellow
255,0,121,en,dark pink,dark pink
250,255,0,en,yellow,yellow
255,0,252,en,fuschia,fuschia
255,26,0,en,red,red
255,211,0,en,yellow,yellow
255,0,239,en,fuschia,fuschia
255,0,62,en,red,red
255,0,190,en,pink,pink
213,255,0,en,green,green
255,0,23,en,red,red
255,0,103,en,pink,pink
255,133,0,en,orange,orange
225,0,255,en,magenta,magenta
213,0,255,en,magenta,magenta
255,0,209,en,magenta,magenta
255,214,0,en,yellow,yellow
255,0,212,en,magneta,magneta
255,202,0,en,yello,yello
151,255,0,en,pea green,pea green
255,165,0,en,brownish orange,brownish orange
255,0,66,en,red,red
3,255,0,en,lime green,lime
255,0,94,en,red,red
87,255,0,en,lime green,lime
255,0,46,en,red,red
227,255,0,en,yellow,yellow
255,244,0,en,yellow,yellow
106,0,255,en,purple,purple
255,118,0,en,orange,orange
255,32,0,en,red,red
255,120,0,en,orange,orange
100,0,255,en,blue,blue
255,0,61,en,red,red
172,255,0,en,green,green
49,255,0,en,green,green
255,0,28,en,red,red
255,0,134,en,purple,purple
217,255,0,en,yellow,yellow
255,167,0,en,orange,orange
255,99,0,en,orange,orange
252,255,0,en,yellow,yellow
255,0,221,en,purple,purple
255,0,90,en,red,red
221,0,255,en,purple,purple
255,235,0,en,yellow,yellow
255,0,154,en,pink,pink
255,0,182,en,purple,purple
255,204,0,en,yellow,yellow
255,39,0,en,red,red
164,0,255,en,purple,purple
255,0,234,en,pink,pink
157,255,0,en,leaf green,leaf green
218,0,255,en,voilet,voilet
255,124,0,en,orange,orange
255,52,0,en,red,red
203,255,0,en,yellow green,yellow green
255,0,249,en,pink,pink
255,190,0,en,dark yellow,dark yellow
255,214,0,en,yellow,yellow
255,0,191,en,light pink,light pink
255,165,0,en,orange,orange
255,0,139,en,rose,rose
255,0,11,en,red,red
255,0,145,en,rose,rose
255,0,67,en,red,red
255,0,97,en,dark red,dark red
122,255,0,en,light green,light green
255,101,0,en,orange,orange
151,0,255,en,purple,purple
248,255,0,en,yellow,yellow
75,0,255,en,blue,blue
255,0,242,en,fuscia,fuscia
56,255,0,en,lime green,lime
255,0,39,en,red,red
131,0,255,en,violet,violet
255,0,115,en,pink,pink
255,105,0,en,tangerine,tangerine
255,0,172,en,hot pink,hot pink
255,165,0,en,orange,orange
169,255,0,en,lime green,lime
255,249,0,en,lemon,lemon
255,131,0,en,orange,orange
255,232,0,en,yellow,yellow
255,0,107,en,pink,pink
255,0,59,en,red,red
255,29,0,en,fire engine red,fire engine red
222,255,0,en,neon yellow,neon yellow
188,0,255,en,purple,purple
255,0,249,en,fuscia,fuscia
255,209,0,en,orangey yellow,orangey yellow
68,0,255,en,navy,navy
255,222,0,en,bright yellow,bright yellow
255,0,77,en,red,red
255,208,0,en,mustard yellow,mustard
255,143,0,en,orange,orange
247,255,0,en,canary yellow,canary yellow
255,0,153,en,fuscia,fuscia
255,172,0,en,burnt orange,burnt orange
101,0,255,en,deep blue,deep blue
255,0,135,en,fuschia,fuschia
255,0,200,en,bright pink,bright pink
255,0,220,en,fuschia,fuschia
168,255,0,en,bright green,bright green
255,114,0,en,deep orange,deep orange
255,0,252,en,pink,pink
255,0,64,en,red,red
135,255,0,en,lime green,lime
255,0,142,en,piiiink,piiiink
121,255,0,en,liiiiiime green,liiiiiime green
126,0,255,en,purple,purple
255,0,143,en,piiiiiiiiiink,piiiiiiiiiink
255,140,0,en,orange,orange
255,102,0,en,dark orange,dark orange
255,0,84,en,light red,light red
255,178,0,en,light orange,light orange
209,255,0,en,lime,lime
255,30,0,en,red,red
255,0,198,en,pink,pink
179,255,0,en,neon green,neon green
255,195,0,en,golden orange,golden orange
30,255,0,en,green,green
27,0,255,en,blue,blue
175,0,255,en,purple,purple
255,0,61,en,magenta,magenta
255,0,218,en,neon pink,neon pink
255,0,120,en,magenta,magenta
255,0,109,en,magenta,magenta
204,255,0,en,lime green,lime
255,231,0,en,yellow,yellow
255,58,0,en,red,red
255,0,172,en,neon pink,neon pink
255,0,255,en,neon pink,neon pink
255,0,203,en,neon pink,neon pink
255,0,43,en,red,red
255,129,0,en,orange,orange
255,94,0,en,orange,orange
231,255,0,en,yellow,yellow
255,160,0,en,orange,orange
124,255,0,en,lime green,lime
111,0,255,en,neon purple,neon purple
214,0,255,en,purple,purple
255,93,0,en,orange,orange
255,38,0,en,red,red
255,191,0,en,yellow,yellow
225,255,0,en,yellow,yellow
255,139,0,en,orange,orange
255,0,61,en,red,red
255,0,218,en,purple,purple
255,0,131,en,red,red
255,165,0,en,orange,orange
255,255,0,en,yellow,yellow
150,0,255,en,purple,purple
74,0,255,en,blue,blue
255,0,197,en,pink,pink
255,0,63,en,red,red
255,0,217,en,pink,pink
203,0,255,en,purple,purple
239,255,0,en,yellow,yellow
255,120,0,en,orange,orange
255,95,0,en,orange,orange
255,1,0,en,red,red
100,0,255,en,purple,purple
255,0,131,en,pink,pink
139,255,0,en,green,green
192,255,0,en,yellow green,yellow green
255,0,148,en,pink,pink
255,0,105,en,pink,pink
255,179,0,en,orange,orange
255,191,0,en,orange,orange
255,0,33,en,red,red
115,255,0,en,green,green
238,0,255,en,magenta,magenta
255,237,0,en,yellow,yellow
94,0,255,en,blue purple,blue purple
255,218,0,en,yellow,yellow
203,255,0,en,yellow green,yellow green
163,255,0,en,bright green,bright green
220,0,255,en,purple,purple
255,175,0,en,light orange,light orange
183,0,255,en,purple,purple
255,252,0,en,yellow,yellow
255,136,0,en,orange,orange
255,0,126,en,hot pink,hot pink
83,255,0,en,green,green
255,0,83,en,red,red
255,0,161,en,hot pink,hot pink
255,74,0,en,red,red
255,0,202,en,fuchsia,fuchsia
255,209,0,en,yellow,yellow
255,0,66,en,red,red
255,106,0,en,red orange,red orange
255,170,0,en,orange,orange
255,0,201,en,hot pink,hot pink
255,0,73,en,red,red
198,255,0,en,lime green,lime
255,0,228,en,pink,pink
164,255,0,en,lime green,lime
255,62,0,en,red,red
255,0,122,en,pink,pink
71,255,0,en,kelly green,kelly green
255,114,0,en,orange,orange
255,232,0,en,yellow,yellow
232,255,0,en,yellow,yellow
255,0,47,en,red,red
196,0,255,en,purple,purple
255,211,0,en,mustard yellow,mustard
255,0,81,en,red,red
255,0,247,en,fuchsia,fuchsia
131,0,255,en,purple,purple
255,123,0,en,orange,orange
255,0,143,en,pink,pink
255,0,9,en,scarlet,scarlet
255,23,0,en,red,red
186,255,0,en,chartreuse,chartreuse
255,0,88,en,hot pink,hot pink
253,0,255,en,magenta,magenta
255,246,0,en,yellow,yellow
255,90,0,en,dark orange,dark orange
255,0,60,en,rose,rose
255,159,0,en,light orange,light orange
129,255,0,en,green,green
114,0,255,en,purple,purple
137,255,0,en,green,green
255,129,0,en,orange,orange
255,0,179,en,purple pink,purple pink
255,0,142,en,hot pink,hot pink
255,0,212,en,magenta,magenta
255,0,148,en,purple,purple
255,0,119,en,pink,pink
255,40,0,en,red,red
255,95,0,en,orange,orange
255,0,223,en,purple,purple
255,135,0,en,orange,orange
255,0,102,en,red,red
103,255,0,en,green,green
70,0,255,en,blue,blue
255,207,0,en,yellow,yellow
255,0,186,en,purple,purple
255,0,150,en,pink,pink
255,180,0,en,orange,orange
135,0,255,en,purple,purple
246,0,255,en,purple,purple
193,255,0,en,lime,lime
255,0,21,en,red,red
241,255,0,en,yellow,yellow
255,229,0,en,yellow,yellow
192,0,255,en,puple,puple
179,255,0,en,lime,lime
255,0,64,en,red,red
255,0,56,en,red,red
255,209,0,en,yellow orange,yellow orange
255,0,115,en,hot pink,hot pink
255,0,106,en,pink,pink
85,0,255,en,purple,purple
255,0,32,en,red,red
255,0,231,en,magenta,magenta
255,0,202,en,magenta,magenta
255,52,0,en,red,red
255,106,0,en,orange,orange
255,140,0,en,orange,orange
156,255,0,en,lime,lime
255,224,0,en,yellow,yellow
104,255,0,en,light green,light green
255,0,171,en,pink,pink
193,255,0,en,green,green
118,0,255,en,purple,purple
211,0,255,en,pink,pink
255,170,0,en,orange,orange
235,255,0,en,yellow,yellow
255,0,249,en,pink,pink
212,255,0,en,green,green
255,88,0,en,orange,orange
255,0,36,en,red,red
255,123,0,en,orange,orange
168,0,255,en,purple,purple
150,0,255,en,purple,purple
219,0,255,en,pink,pink
188,0,255,en,purple,purple
255,196,0,en,yellow,yellow
119,255,0,en,green,green
255,122,0,en,orange,orange
224,255,0,en,green,green
239,0,255,en,purple,purple
255,164,0,en,orange,orange
255,206,0,en,yellow,yellow
99,255,0,en,green,green
255,0,130,en,pink,pink
191,255,0,en,green,green
255,0,104,en,pink,pink
163,255,0,en,green,green
255,0,67,en,pink,pink
68,0,255,en,blue,blue
255,0,231,en,pink,pink
215,0,255,en,purple,purple
255,0,92,en,red,red
255,167,0,en,yellow,yellow
255,0,142,en,pink,pink
255,207,0,en,yellow,yellow
255,218,0,en,yellow,yellow
255,0,33,en,red,red
255,0,166,en,pink,pink
156,255,0,en,green,green
255,0,85,en,red,red
255,0,142,en,pink,pink
255,108,0,en,orange,orange
255,55,0,en,red,red
104,0,255,en,purple,purple
255,0,154,en,pink,pink
255,0,220,en,pink,pink
85,0,255,en,blue,blue
247,0,255,en,pink,pink
143,0,255,en,purple,purple
255,115,0,en,orange,orange
82,255,0,en,green,green
255,0,198,en,pink,pink
255,0,72,en,read,read
52,255,0,en,green,green
255,43,0,en,red,red
255,221,0,en,yellow,yellow
255,160,0,en,orange,orange
253,255,0,en,yellow,yellow
255,0,217,en,pink,pink
136,255,0,en,green,green
169,255,0,en,green,green
255,235,0,en,yelloe,yelloe
255,244,0,en,yellow,yellow
219,255,0,en,green,green
255,19,0,en,red,red
255,0,40,en,red,red
255,0,175,en,pink,pink
255,120,0,en,orange,orange
181,0,255,en,purple,purple
255,139,0,en,orange,orange
255,79,0,en,red,red
255,0,200,en,pink,pink
255,0,30,en,red,red
255,164,0,en,yellow,yellow
253,255,0,en,yellow,yellow
255,82,0,en,red,red
255,223,0,en,yellow,yellow
255,0,252,en,pink,pink
146,0,255,en,purple,purple
255,0,50,en,red,red
250,255,0,en,yellow,yellow
255,0,218,en,pink,pink
255,0,179,en,pink,pink
255,0,62,en,red,red
255,0,164,en,pink,pink
255,0,136,en,pink,pink
255,0,96,en,red,red
255,0,187,en,pink,pink
255,190,0,en,yellow,yellow
255,0,245,en,bright pink,bright pink
132,255,0,en,lime,lime
139,0,255,en,purple,purple
255,0,171,en,pink,pink
255,0,135,en,dark pink,dark pink
255,86,0,en,red orange,red orange
255,0,68,en,red,red
255,122,0,en,orange,orange
255,239,0,en,yellow,yellow
255,249,0,en,sunflower,sunflower
181,0,255,en,purple,purple
177,255,0,en,vomit,vomit
255,194,0,en,pumpkin,pumpkin
199,255,0,en,gangrene,gangrene
234,0,255,en,purple,purple
255,0,88,en,smooth red,smooth red
255,160,0,en,orange,orange
255,35,0,en,red,red
255,0,22,en,red,red
146,0,255,en,indigo,indigo
255,0,121,en,pink,pink
255,8,0,en,red,red
255,166,0,en,orange,orange
255,207,0,en,light orange,light orange
255,0,56,en,coral,coral
255,134,0,en,orange,orange
203,255,0,en,lime green,lime
255,254,0,en,yellow,yellow
214,0,255,en,purple,purple
177,255,0,en,light green,light green
129,255,0,en,grass green,grass green
252,0,255,en,pink,pink
255,0,145,en,hot pink,hot pink
255,0,216,en,pink,pink
255,117,0,en,orange,orange
255,0,85,en,fuchia,fuchia
255,0,190,en,pink,pink
255,239,0,en,yellow,yellow
255,0,25,en,red,red
255,247,0,en,yellow,yellow
255,0,90,en,pink,pink
142,255,0,en,green,green
255,0,20,en,red,red
122,255,0,en,green,green
255,224,0,en,yellow,yellow
255,139,0,en,orange,orange
255,0,213,en,pink,pink
218,0,255,en,purple,purple
85,0,255,en,blue,blue
255,206,0,en,yellow,yellow
155,0,255,en,purpel,purpel
255,0,194,en,pink,pink
255,0,8,en,red,red
255,80,0,en,red,red
252,255,0,en,yellow,yellow
255,146,0,en,orange,orange
255,0,158,en,pink,pink
255,0,67,en,red,red
255,88,0,en,red,red
255,236,0,en,yellow,yellow
57,255,0,en,green,green
85,0,255,en,dark blue,dark blue
255,0,76,en,red,red
255,112,0,en,bright orange,bright orange
255,0,239,en,pink,pink
255,172,0,en,orange,orange
255,249,0,en,yellow,yellow
255,76,0,en,reddish orange,reddish orange
70,255,0,en,green,green
104,0,255,en,purple,purple
148,0,255,en,purple,purple
255,203,0,en,yellow,yellow
255,18,0,en,red,red
255,0,69,en,red,red
255,88,0,en,orange,orange
255,0,196,en,pink,pink
255,243,0,en,yellow,yellow
255,0,175,en,pink,pink
131,255,0,en,green,green
255,0,43,en,red,red
255,0,205,en,pink,pink
255,150,0,en,orange,orange
242,255,0,en,yellow,yellow
189,0,255,en,purple,purple
254,0,255,en,light purple,light purple
255,221,0,en,yellow,yellow
255,149,0,en,orange,orange
213,0,255,en,purple,purple
255,195,0,en,light orange,light orange
226,255,0,en,yello,yello
255,103,0,en,orange,orange
255,0,93,en,light red,light red
255,0,211,en,pink,pink
255,186,0,en,yellow,yellow
255,0,255,en,pink,pink
255,0,199,en,pinky,pinky
255,0,159,en,pink,pink
255,0,125,en,pink,pink
204,0,255,en,purple,purple
255,0,105,en,red,red
255,0,88,en,red,red
255,0,222,en,pink,pink
255,0,197,en,pink,pink
255,0,129,en,pink,pink
255,0,79,en,red,red
255,249,0,en,yellow,yellow
70,255,0,en,neo,neo
255,0,136,en,pink,pink
255,44,0,en,red,red
255,0,249,en,pink,pink
135,255,0,en,green,green
115,0,255,en,purple,purple
201,255,0,en,yellow,yellow
255,0,112,en,reed,reed
255,0,167,en,pink,pink
207,0,255,en,pruple,pruple
255,181,0,en,orange,orange
255,0,25,en,red,red
255,0,168,en,pink,pink
132,0,255,en,purple,purple
136,255,0,en,neo,neo
255,160,0,en,orange,orange
255,2,0,en,red,red
255,220,0,en,yellow,yellow
255,0,13,en,red,red
166,255,0,en,green,green
201,255,0,en,green,green
255,198,0,en,orange,orange
255,142,0,en,peach,peach
255,52,0,en,red,red
255,0,193,en,magenta,magenta
255,0,112,en,coral,coral
79,0,255,en,royal blue,royal blue
255,0,99,en,nantucket red,nantucket red
211,0,255,en,pink purple,pink purple
255,196,0,en,gold,gold
255,242,0,en,yellow,yellow
255,176,0,en,burnt gold,burnt gold
255,0,171,en,magenta,magenta
252,255,0,en,bright yellow,bright yellow
112,255,0,en,bright green,bright green
219,255,0,en,green yellow,green yellow
255,0,222,en,bright pink,bright pink
188,0,255,en,violet,violet
255,0,165,en,pink,pink
184,255,0,en,kiwi,kiwi
96,255,0,en,green,green
255,0,254,en,pink,pink
255,207,0,en,orange,orange
255,0,61,en,red,red
144,0,255,en,violet,violet
255,120,0,en,orange,orange
255,155,0,en,orange,orange
255,103,0,en,orange,orange
255,0,200,en,pink,pink
255,220,0,en,yellow,yellow
255,0,9,en,red,red
255,137,0,en,burnt orange,burnt orange
255,100,0,en,orange,orange
239,0,255,en,magenta,magenta
255,0,57,en,nantucket red,nantucket red
161,255,0,en,lime green,lime
99,0,255,en,indigo,indigo
208,255,0,en,kiwi,kiwi
255,0,142,en,pink,pink
255,0,29,en,red,red
255,0,93,en,beet red,beet red
255,0,223,en,pink,pink
255,245,0,en,yellow,yellow
255,75,0,en,orange red,orange-red
255,167,0,en,yellow orange,yellow orange
255,146,0,en,orange,orange
201,255,0,en,lime,lime
255,0,143,en,magenta,magenta
255,100,0,en,red orange,red orange
255,0,232,en,magenta,magenta
108,0,255,en,indigo,indigo
255,69,0,en,vermillion,vermillion
175,255,0,en,green lime,green lime
255,0,33,en,red,red
255,0,173,en,red magenta,red magenta
238,0,255,en,blue magenta,blue magenta
99,255,0,en,electric green,electric green
242,255,0,en,yellow,yellow
255,235,0,en,mid yellow,mid yellow
255,0,74,en,strawberry,strawberry
42,0,255,en,blue,blue
255,0,103,en,hot pink,hot pink
255,187,0,en,gold,gold
255,0,185,en,blue magenta,blue magenta
194,0,255,en,purple,purple
247,0,255,en,magenta,magenta
255,254,0,en,yellow,yellow
255,0,134,en,pink,pink
255,0,186,en,magenta,magenta
255,165,0,en,orange,orange
142,255,0,en,green,green
255,0,86,en,pink,pink
255,0,40,en,red,red
255,184,0,en,orange,orange
251,255,0,en,yellow,yellow
255,0,151,en,magenta,magenta
154,0,255,en,dark purple,dark purple
67,255,0,en,green,green
194,0,255,en,purple,purple
255,60,0,en,red,red
255,203,0,en,mustard,mustard
255,0,99,en,pink,pink
255,0,72,en,red,red
193,255,0,en,lime green,lime
255,247,0,en,yellow,yellow
225,0,255,en,purple,purple
72,255,0,en,green,green
255,136,0,en,orange,orange
255,0,55,en,red,red
255,0,178,en,pink,pink
255,84,0,en,orange,orange
255,227,0,en,yellow,yellow
255,0,145,en,pink,pink
186,0,255,en,purple,purple
255,141,0,en,orange,orange
255,99,0,en,yelloworange,yelloworange
255,235,0,en,yellow,yellow
134,255,0,en,lime,lime
255,0,35,en,redorange,redorange
255,0,58,en,red,red
255,0,228,en,magenta,magenta
255,122,0,en,orange,orange
196,255,0,en,yellowgreen,yellow-green
255,167,0,en,redorange,redorange
155,255,0,en,lime green,lime
255,100,0,en,orange,orange
255,72,0,en,dark orange,dark orange
171,0,255,en,purple,purple
255,177,0,en,orange,orange
255,237,0,en,yellow,yellow
255,0,105,en,pink,pink
151,0,255,en,purple,purple
255,0,255,en,pink,pink
191,255,0,en,green,green
255,0,245,en,pink,pink
65,255,0,en,green,green
255,0,138,en,pink,pink
255,73,0,en,orange,orange
117,255,0,en,light green,light green
255,135,0,en,orange,orange
255,244,0,en,yellow,yellow
252,0,255,en,purple,purple
87,0,255,en,dark blue,dark blue
222,255,0,en,green,green
157,255,0,en,green,green
255,240,0,en,yellow,yellow
150,255,0,en,light green,light green
255,0,250,en,pink,pink
255,0,31,en,red,red
96,255,0,en,green,green
149,0,255,en,purple,purple
255,123,0,en,orange,orange
255,0,230,en,dark pink,dark pink
255,153,0,en,orange,orange
255,72,0,en,red,red
232,255,0,en,yellow,yellow
255,0,127,en,bright pink,bright pink
255,0,173,en,fuchsia,fuchsia
255,217,0,en,yellow,yellow
255,212,0,en,yellow,yellow
225,0,255,en,lilac,lilac
255,138,0,en,orange,orange
145,255,0,en,green,green
255,0,104,en,dark pink,dark pink
95,255,0,en,acid green,acid green
255,0,59,en,red,red
255,172,0,en,orange,orange
255,0,135,en,pink,pink
255,0,41,en,red,red
255,95,0,en,orange,orange
255,0,163,en,pink,pink
255,0,98,en,pink,pink
136,255,0,en,lime green,lime
255,0,253,en,pink,pink
98,255,0,en,green,green
204,255,0,en,yellow,yellow
140,0,255,en,dark purple,dark purple
255,119,0,en,orange,orange
144,0,255,en,purple,purple
255,0,213,en,pink,pink
255,25,0,en,red,red
186,0,255,en,purple,purple
255,191,0,en,orange,orange
255,0,185,en,pink,pink
255,0,113,en,pink,pink
255,0,149,en,pink,pink
255,0,76,en,red,red
255,178,0,en,yellow,yellow
255,0,107,en,pink,pink
180,0,255,en,purple,purple
255,77,0,en,oranges,oranges
10,0,255,en,navy blue,navy
255,0,114,en,dark pink,dark pink
191,255,0,en,herbal,herbal
255,0,229,en,lilac,lilac
255,180,0,en,light orange,light orange
255,92,0,en,dark orange,dark orange
255,141,0,en,orange,orange
255,0,45,en,red,red
255,187,0,en,dark yellow,dark yellow
255,0,73,en,light red,light red
255,235,0,en,yellow,yellow
255,0,208,en,bright pink,bright pink
204,0,255,en,bright purple,bright purple
255,0,96,en,dark pink,dark pink
255,0,162,en,pink,pink
255,29,0,en,red,red
129,0,255,en,purple,purple
208,0,255,en,dark lilac,dark lilac
63,0,255,en,dark blue,dark blue
255,0,57,en,red,red
255,246,0,en,yellow,yellow
255,0,27,en,red,red
255,0,184,en,pink,pink
255,232,0,en,yellow,yellow
255,0,237,en,hot pink,hot pink
255,0,210,en,hot pink,hot pink
255,195,0,en,gold,gold
255,0,93,en,pink,pink
242,255,0,en,yellow,yellow
255,0,8,en,red,red
255,164,0,en,gold,gold
134,0,255,en,purple,purple
255,41,0,en,orange,orange
184,0,255,en,purple,purple
255,105,0,en,orange,orange
159,255,0,en,green,green
255,0,70,en,red,red
255,0,168,en,pink,pink
186,255,0,en,yellow green,yellow green
234,0,255,en,purple,purple
255,140,0,en,orange,orange
255,0,122,en,pink,pink
59,255,0,en,green,green
87,0,255,en,purple,purple
255,0,147,en,pink,pink
255,0,238,en,purple pink,purple pink
255,0,197,en,pink purple,pink purple
236,255,0,en,yellow,yellow
79,255,0,en,green,green
255,0,100,en,red pink,red pink
255,0,63,en,red,red
169,255,0,en,yellow green,yellow green
255,208,0,en,gold,gold
255,164,0,en,sunset,sunset
228,255,0,en,yellow,yellow
255,119,0,en,orange,orange
255,0,13,en,red,red
255,0,124,en,pink,pink
255,120,0,en,sienna,sienna
140,0,255,en,purple,purple
255,10,0,en,red,red
255,239,0,en,yellow,yellow
225,0,255,en,pink,pink
169,0,255,en,purple pink,purple pink
255,0,127,en,pink,pink
255,124,0,en,orange,orange
255,0,81,en,pink,pink
136,0,255,en,purple,purple
255,210,0,en,yellow,yellow
255,0,198,en,pink,pink
255,54,0,en,orange,orange
207,255,0,en,green,green
255,0,213,en,pink,pink
137,255,0,en,green,green
255,91,0,en,orange,orange
255,0,35,en,red,red
255,0,49,en,red,red
111,255,0,en,green,green
207,0,255,en,purple,purple
255,0,250,en,pink,pink
255,217,0,en,yellow,yellow
255,0,156,en,pink,pink
232,255,0,en,yellow,yellow
255,172,0,en,orange,orange
255,215,0,en,orange,orange
253,255,0,en,yellow,yellow
255,0,118,en,reddish pink,reddish pink
164,255,0,en,lime green,lime
255,0,248,en,magenta,magenta
186,255,0,en,lime green,lime
255,0,212,en,magenta,magenta
255,0,98,en,red,red
255,0,186,en,hot pink,hot pink
255,134,0,en,orange,orange
136,0,255,en,purple,purple
120,255,0,en,green,green
255,114,0,en,deep orange,deep orange
255,0,77,en,reddish pink,reddish pink
255,63,0,en,red,red
255,188,0,en,orange,orange
255,0,151,en,hot pink,hot pink
255,0,46,en,red,red
255,170,0,en,orange,orange
169,0,255,en,purple,purple
255,0,212,en,pink,pink
255,18,0,en,red orange,red orange
181,0,255,en,purple,purple
158,255,0,en,lime,lime
255,125,0,en,orange,orange
255,0,40,en,red,red
255,0,190,en,magenta,magenta
255,226,0,en,golden yellow,golden yellow
209,255,0,en,yellow green,yellow green
255,0,167,en,pink,pink
255,98,0,en,orange,orange
114,0,255,en,indigo,indigo
91,255,0,en,lime,lime
255,0,93,en,rose,rose
255,0,254,en,fuschia,fuschia
255,169,0,en,orange,orange
255,0,128,en,pink,pink
255,0,74,en,red,red
255,249,0,en,yellow,yellow
255,183,0,en,light orange,light orange
255,0,64,en,red,red
255,181,0,en,yellow,yellow
230,0,255,en,pink,pink
255,200,0,en,yellow,yellow
255,0,217,en,pink,pink
255,146,0,en,orange,orange
255,67,0,en,orange,orange
255,0,81,en,pink,pink
255,0,188,en,pink,pink
169,255,0,en,green,green
255,88,0,en,orange,orange
255,0,113,en,pink,pink
254,255,0,en,yellow,yellow
116,0,255,en,purple,purple
255,235,0,en,yellow,yellow
210,0,255,en,magenta,magenta
255,0,19,en,red,red
191,255,0,en,green,green
51,255,0,en,green,green
255,0,147,en,pink,pink
255,28,0,en,red,red
255,224,0,en,yellow,yellow
255,0,160,en,hot pink,hot pink
255,127,0,en,orange,orange
243,0,255,en,fushia,fushia
255,0,214,en,magenta,magenta
255,185,0,en,yellow orange,yellow orange
178,0,255,en,violet,violet
255,0,48,en,red,red
255,84,0,en,orrange red,orrange red
224,255,0,en,yellow green,yellow green
255,0,61,en,red,red
255,0,105,en,hot pink,hot pink
255,252,0,en,yellow,yellow
96,255,0,en,light green,light green
255,173,0,en,orange yellow,orange yellow
68,0,255,en,cobalt blue,cobalt blue
255,0,182,en,hot pink,hot pink
172,255,0,en,yellow green,yellow green
255,0,118,en,magenta,magenta
133,0,255,en,purple,purple
255,246,0,en,yellow,yellow
255,154,0,en,yellow orange,yellow orange
55,255,0,en,darker yellow green,darker yellow green
255,79,0,en,red orange,red orange
164,0,255,en,purple,purple
147,255,0,en,yellow green,yellow green
255,0,142,en,pink,pink
255,99,0,en,orange,orange
104,0,255,en,purple,purple
254,0,255,en,fuschia,fuschia
255,0,109,en,magenta,magenta
255,133,0,en,orange,orange
255,0,192,en,pink,pink
255,0,38,en,orange red,orange-red
220,0,255,en,pinkish purple,pinkish purple
201,255,0,en,highlighter yellow,highlighter yellow
255,0,157,en,magenta,magenta
255,156,0,en,light orange,light orange
255,0,217,en,purplish pink,purplish pink
255,0,100,en,hot pink,hot pink
114,0,255,en,bluish purple,bluish purple
147,255,0,en,neon green,neon green
187,0,255,en,dark lilac,dark lilac
255,0,139,en,magenta,magenta
255,221,0,en,goldenrod,goldenrod
255,0,49,en,red,red
255,88,0,en,burnt orange,burnt orange
255,141,0,en,burnt orange,burnt orange
255,0,39,en,red,red
255,205,0,en,goldenrod,goldenrod
255,79,0,en,pumpkin,pumpkin
255,250,0,en,yellow,yellow
100,255,0,en,light green,light green
255,0,178,en,purplish pink,purplish pink
242,0,255,en,pinkish purple,pinkish purple
255,0,62,en,red,red
255,116,0,en,orange,orange
196,255,0,en,yellow with hint of green,yellow with hint of green
255,0,181,en,pink,pink
120,255,0,en,yellow green,yellow green
140,0,255,en,purple,purple
255,0,100,en,redish pink,redish pink
255,205,0,en,gold,gold
255,149,0,en,orange,orange
212,0,255,en,purple,purple
255,247,0,en,yellow,yellow
255,37,0,en,red orange,red orange
255,217,0,en,a bit darker yellow,a bit darker yellow
90,0,255,en,violet,violet
255,0,37,en,red,red
255,0,157,en,pink with a tad of blue,pink with a tad of blue
255,152,0,en,light orange,light orange
255,0,119,en,redish pink,redish pink
255,0,242,en,pinkish purple,pinkish purple
176,255,0,en,green yellow,green yellow
255,0,197,en,fuschia,fuschia
43,0,255,en,royal blue,royal blue
255,158,0,en,orange,orange
79,255,0,en,chartreuse,chartreuse
255,70,0,en,burnt orange,burnt orange
255,0,84,en,red,red
255,208,0,en,peach,peach
255,106,0,en,burnt orange,burnt orange
255,234,0,en,yellow,yellow
255,0,131,en,pink,pink
255,128,0,en,orange,orange
255,0,170,en,fuschia,fuschia
228,0,255,en,purple,purple
255,0,227,en,pink,pink
166,0,255,en,purple,purple
180,255,0,en,lime green,lime
127,0,255,en,blue,blue
255,255,0,en,yellow,yellow
228,255,0,en,chartreuse,chartreuse
255,0,32,en,red,red
255,0,63,en,red,red
81,0,255,en,royal blue,royal blue
255,0,153,en,fuchsia,fuchsia
255,189,0,en,gold,gold
255,0,104,en,watermelon,watermelon
255,102,0,en,orange,orange
255,0,198,en,neon pink,neon pink
173,0,255,en,purple,purple
255,161,0,en,pumpkin,pumpkin
141,255,0,en,lime green,lime
255,249,0,en,yellow,yellow
212,255,0,en,lemon lime,lemon lime
68,255,0,en,green,green
125,0,255,en,periwinkle,periwinkle
255,0,42,en,watermelon,watermelon
255,0,113,en,hot pink,hot pink
255,72,0,en,dark orange,dark orange
255,0,56,en,watermelon,watermelon
255,225,0,en,yellow,yellow
255,124,0,en,orange,orange
255,0,217,en,fuchsia,fuchsia
238,0,255,en,neon purple,neon purple
255,143,0,en,orange,orange
255,0,86,en,red,red
255,0,231,en,pink,pink
204,255,0,en,green,green
255,0,15,en,red,red
142,255,0,en,green,green
255,239,0,en,yellow,yellow
255,249,0,en,yellow,yellow
77,255,0,en,yellow green,yellow green
255,0,160,en,bright pink,bright pink
255,0,223,en,fuchsia,fuchsia
255,211,0,en,dark yellow,dark yellow
230,0,255,en,magenta,magenta
255,254,0,en,yellow,yellow
255,0,85,en,salmon,salmon
255,195,0,en,mustard,mustard
255,178,0,en,orange,orange
54,0,255,en,royal blue,royal blue
255,0,40,en,red,red
194,0,255,en,pink,pink
255,138,0,en,orange,orange
255,31,0,en,red,red
255,184,0,en,gold,gold
255,230,0,en,yeallow,yeallow
255,0,37,en,red,red
255,0,98,en,red pink,red pink
255,200,0,en,yellow orange,yellow orange
255,0,6,en,red,red
138,0,255,en,bluer purple,bluer purple
167,0,255,en,purple,purple
255,0,192,en,hot pink,hot pink
58,0,255,en,darker blue,darker blue
255,0,148,en,hot pink,hot pink
255,74,0,en,red orange,red orange
126,255,0,en,line green,line green
255,0,212,en,hotter pink,hotter pink
255,147,0,en,orange,orange
255,169,0,en,yellow orange,yellow orange
255,0,71,en,red pink,red pink
255,114,0,en,less red orange,less red orange
255,0,127,en,hot pink,hot pink
255,230,0,en,mustard,mustard
207,255,0,en,ugly lime green,ugly lime green
237,0,255,en,purple pink,purple pink
255,251,0,en,yellow,yellow
147,255,0,en,dark lime green,dark lime green
255,169,0,en,orange,orange
255,0,13,en,red,red
255,0,68,en,red,red
211,0,255,en,fushia,fushia
255,0,215,en,pink,pink
209,255,0,en,lime green,lime
255,0,192,en,pink,pink
255,95,0,en,red orange,red orange
134,0,255,en,purple,purple
255,125,0,en,orange,orange
255,245,0,en,yellow,yellow
168,255,0,en,spring green,spring green
255,227,0,en,sunflower yellow,sunflower yellow
255,0,142,en,pink,pink
255,71,0,en,red orange,red orange
221,0,255,en,purple,purple
255,0,96,en,reddish pink,reddish pink
255,0,155,en,pink,pink
255,211,0,en,yellow,yellow
109,255,0,en,green,green
255,0,215,en,pank,pank
248,0,255,en,pink,pink
255,118,0,en,orange,orange
194,0,255,en,"""fuck me"" purple",fuck me purple
255,73,0,en,mexican orange,mexican orange
255,0,160,en,pink,pink
255,255,0,en,yellow,yellow
255,178,0,en,orange,orange
255,121,0,en,orange,orange
255,186,0,en,orange,orange
255,0,142,en,pink,pink
228,255,0,en,yellow,yellow
255,0,71,en,pink,pink
120,255,0,en,green,green
255,0,27,en,red,red
165,255,0,en,green,green
79,0,255,en,blue,blue
255,0,182,en,purple,purple
255,0,81,en,pink,pink
255,224,0,en,yellow,yellow
236,255,0,en,yellow,yellow
255,163,0,en,brown,brown
255,0,208,en,pink,pink
255,85,0,en,orange,orange
255,0,159,en,pink,pink
255,0,118,en,pink,pink
255,0,76,en,pink,pink
255,42,0,en,orange,orange
43,255,0,en,green,green
255,0,26,en,red,red
255,211,0,en,yellow,yellow
224,255,0,en,yellow,yellow
137,0,255,en,purple,purple
227,0,255,en,magenta,magenta
255,144,0,en,orange,orange
255,0,91,en,pink,pink
172,255,0,en,green,green
255,240,0,en,yellow,yellow
173,0,255,en,lilac,lilac
255,0,241,en,fushia,fushia
255,0,96,en,magenta,magenta
255,0,74,en,magenta,magenta
132,255,0,en,lime green,lime
255,71,0,en,red orange,red orange
255,135,0,en,orange,orange
255,0,187,en,pink,pink
255,0,14,en,red,red
255,0,133,en,magenta,magenta
255,79,0,en,red,red
244,0,255,en,violet,violet
229,255,0,en,green yellow,green yellow
121,255,0,en,leaf green,leaf green
196,0,255,en,violet purple,violet purple
160,0,255,en,violet dark-purple,violet dark-purple
255,0,218,en,magenta violet,magenta violet
174,255,0,en,light moss-green,light moss-green
255,0,187,en,magenta,magenta
255,246,0,en,yellow,yellow
255,0,131,en,red magneta,red magneta
255,0,15,en,orange reddish-red,orange reddish-red
255,178,0,en,pale orange,pale orange
255,0,58,en,red,red
255,131,0,en,darker orange,darker orange
255,86,0,en,red orange,red orange
255,0,147,en,pink magenta,pink magenta
255,213,0,en,gold yellow,gold yellow
255,210,0,en,darker yellow,darker yellow
255,0,97,en,red magenta-red,red magenta-red
255,141,0,en,light orange,light orange
255,0,50,en,vermillion?,vermillion
255,0,253,en,pinkish purple,pinkish purple
255,33,0,en,orange red,orange-red
255,0,5,en,red,red
255,196,0,en,yellow,yellow
255,0,129,en,pinkish red,pinkish red
255,0,181,en,pink,pink
66,0,255,en,dark blue,dark blue
139,0,255,en,purple,purple
66,255,0,en,light green,light green
255,153,0,en,mud yellow,mud yellow
167,255,0,en,leaf green,leaf green
255,92,0,en,mandarin orange,mandarin orange
187,0,255,en,purple,purple
255,0,223,en,pink,pink
213,255,0,en,light greenish yellow,light greenish yellow
233,255,0,en,yellow,yellow
255,225,0,en,yellow,yellow
255,0,152,en,dark pink,dark pink
255,0,96,en,vermillion,vermillion
255,163,0,en,orange,orange
255,203,0,en,orange,orange
255,0,54,en,red,red
255,223,0,en,yellow orange,yellow orange
207,255,0,en,yellow,yellow
255,0,24,en,red,red
185,0,255,en,magenta,magenta
66,255,0,en,lime green,lime
255,48,0,en,orange,orange
255,0,250,en,fuschia,fuschia
179,255,0,en,kiwi,kiwi
255,0,72,en,raspberry,raspberry
255,0,40,en,raspberry,raspberry
104,0,255,en,purple,purple
255,0,99,en,fuschia,fuschia
255,0,131,en,fuschia,fuschia
248,255,0,en,canary yellow,canary yellow
255,0,184,en,magenta,magenta
255,194,0,en,yellow,yellow
255,85,0,en,orange,orange
255,0,160,en,fuschia,fuschia
227,255,0,en,yellow,yellow
255,241,0,en,canary yellow,canary yellow
255,166,0,en,maize,maize
255,140,0,en,orange,orange
255,0,225,en,magenta,magenta
230,255,0,en,lime green,lime
255,82,0,en,red orange,red orange
128,0,255,en,purple,purple
255,0,0,en,red,red
199,0,255,en,fuschia,fuschia
240,255,0,en,yellow green,yellow green
255,0,87,en,dark red,dark red
255,0,45,en,scarlet,scarlet
255,213,0,en,yellow ochre,yellow ochre
255,141,0,en,orange,orange
255,0,120,en,hot pink,hot pink
255,0,174,en,dark pink,dark pink
238,0,255,en,fuschia,fuschia
255,0,183,en,dark pink,dark pink
255,175,0,en,light orange,light orange
78,255,0,en,green,green
255,0,211,en,pink,pink
255,0,51,en,red orange,red orange
138,255,0,en,lime green,lime
255,189,0,en,yellow orange,yellow orange
255,0,15,en,red,red
91,0,255,en,purple,purple
227,0,255,en,light purple,light purple
255,0,141,en,magenta,magenta
255,0,111,en,rose,rose
255,0,54,en,red,red
255,0,181,en,light purple,light purple
255,75,0,en,brick red,brick red
229,255,0,en,pea grean,pea grean
155,255,0,en,green,green
255,170,0,en,orange,orange
255,0,148,en,magenta,magenta
207,0,255,en,purple,purple
255,109,0,en,grapefruit,grapefruit
255,228,0,en,macaroni yellow,macaroni yellow
255,195,0,en,gold,gold
255,254,0,en,yellow,yellow
152,0,255,en,purple,purple
255,0,225,en,light purple,light purple
62,255,0,en,green,green
255,140,0,en,orange,orange
255,0,200,en,pink,pink
217,0,255,en,purple,purple
255,0,76,en,orange,orange
255,240,0,en,yellow,yellow
255,0,211,en,pink,pink
240,255,0,en,fluoro yellow,fluoro yellow
255,0,123,en,dark pink,dark pink
150,255,0,en,light green,light green
255,0,155,en,dark pink,dark pink
255,255,0,en,yellow,yellow
255,55,0,en,red,red
255,105,0,en,orange,orange
255,140,0,en,orange,orange
255,206,0,en,orange,orange
255,0,5,en,red,red
255,0,61,en,red,red
78,255,0,en,green,green
255,0,208,en,purple,purple
205,255,0,en,lime,lime
255,170,0,en,orange,orange
46,0,255,en,blue,blue
255,0,139,en,pink,pink
255,0,165,en,pink,pink
223,0,255,en,purple,purple
173,0,255,en,purple,purple
143,255,0,en,green,green
93,0,255,en,blue,blue
255,0,107,en,red,red
255,229,0,en,yellow,yellow
255,0,228,en,purple,purple
255,0,169,en,hot pink,hot pink
209,0,255,en,magenta,magenta
38,0,255,en,deep blue,deep blue
110,0,255,en,royal purple,royal purple
255,0,110,en,pink,pink
255,0,225,en,hot pink,hot pink
255,0,63,en,red pink,red pink
255,73,0,en,red orange,red orange
255,120,0,en,orange,orange
255,0,39,en,red,red
255,100,0,en,basketball,basketball
76,255,0,en,green,green
253,0,255,en,hot pink,hot pink
150,255,0,en,lime,lime
255,210,0,en,yellow,yellow
255,0,182,en,hot pink,hot pink
255,0,139,en,pink,pink
255,165,0,en,golden,gold
201,255,0,en,lime,lime
255,221,0,en,yellow,yellow
232,255,0,en,yellow lime,yellow lime
255,0,162,en,bright pink,bright pink
132,0,255,en,purple,purple
255,0,218,en,neon pink,neon pink
238,255,0,en,yellow,yellow
240,0,255,en,pinkish purple,pinkish purple
255,115,0,en,orange,orange
255,0,197,en,bright pink,bright pink
255,0,23,en,red,red
255,213,0,en,gold,gold
255,0,106,en,pinkish purple,pinkish purple
255,29,0,en,brick red,brick red
209,255,0,en,lemon,lemon
255,122,0,en,orange,orange
146,255,0,en,lime green,lime
255,161,0,en,kumquat,kumquat
255,0,68,en,rose,rose
255,199,0,en,gold,gold
201,0,255,en,purple,purple
255,0,131,en,pinkish purple,pinkish purple
111,255,0,en,green,green
255,0,65,en,hot pink,hot pink
111,0,255,en,purple,purple
255,0,94,en,pink,pink
153,255,0,en,yellow,yellow
255,0,135,en,hot pink,hot pink
255,0,149,en,slightpurplepink,slightpurplepink
255,196,0,en,light orange,light orange
244,0,255,en,light purple,light purple
255,93,0,en,dark orange,dark orange
255,170,0,en,orange,orange
202,255,0,en,yellow,yellow
164,0,255,en,purple,purple
255,221,0,en,yelloworange,yelloworange
255,0,214,en,purplepink,purplepink
255,127,0,en,light orange,light orange
129,255,0,en,lime,lime
58,0,255,en,violet,violet
233,255,0,en,yellow,yellow
255,0,205,en,purplepink,purplepink
255,0,47,en,hot pink,hot pink
255,72,0,en,orange,orange
255,0,14,en,red,red
255,0,126,en,pink,pink
255,188,0,en,yellow,yellow
255,0,199,en,purple,purple
58,255,0,en,lime green,lime
182,0,255,en,purple,purple
255,0,93,en,pink,pink
255,182,0,en,yellow,yellow
255,0,171,en,pink,pink
255,91,0,en,orange,orange
100,0,255,en,purple,purple
255,254,0,en,yellow,yellow
228,0,255,en,purple,purple
159,255,0,en,lime green,lime
255,130,0,en,orange,orange
255,221,0,en,yellow,yellow
255,51,0,en,orange,orange
255,0,213,en,purple,purple
196,255,0,en,lime green,lime
255,0,54,en,pink,pink
159,0,255,en,magenta,magenta
255,17,0,en,red,red
255,0,122,en,hot pink,hot pink
255,192,0,en,orange,orange
80,255,0,en,lime green,lime
253,255,0,en,yellow,yellow
255,0,253,en,pink,pink
255,0,198,en,pink,pink
255,108,0,en,orange,orange
255,0,171,en,pink,pink
199,0,255,en,"purple, magenta","purple, magenta"
255,237,0,en,yellow,yellow
255,179,0,en,dark yellow,dark yellow
58,0,255,en,"dark blue, electric blue","dark blue, electric blue"
214,255,0,en,green,green
255,0,53,en,red,red
255,0,222,en,fluro pink,fluro pink
255,0,89,en,hot pink,hot pink
255,145,0,en,orange,orange
152,255,0,en,lime green,lime
255,0,23,en,red,red
255,133,0,en,orange,orange
180,255,0,en,green,green
255,0,132,en,pink,pink
255,0,22,en,red,red
190,255,0,en,green,green
255,243,0,en,yellow,yellow
117,0,255,en,violet,violet
167,0,255,en,purple,purple
255,0,100,en,pink,pink
255,0,251,en,purple,purple
255,0,217,en,pink,pink
255,218,0,en,yellow,yellow
255,162,0,en,orange,orange
255,36,0,en,red,red
255,0,200,en,pink,pink
255,0,51,en,red,red
255,0,149,en,pink,pink
255,115,0,en,orange,orange
121,255,0,en,green,green
255,199,0,en,yellow,yellow
109,255,0,en,green,green
255,26,0,en,red,red
255,0,233,en,purple,purple
140,0,255,en,purple,purple
255,220,0,en,gold,gold
255,143,0,en,orange,orange
246,0,255,en,magenta,magenta
255,40,0,en,red,red
227,255,0,en,yellow green,yellow green
255,0,100,en,hot pink,hot pink
61,255,0,en,green yellow,green yellow
176,0,255,en,purple,purple
255,93,0,en,orange,orange
255,180,0,en,light orange,light orange
255,158,0,en,light orange,light orange
217,255,0,en,lime green,lime
201,0,255,en,purple,purple
255,125,0,en,orange,orange
255,0,73,en,red,red
255,0,120,en,dark pink,dark pink
255,0,175,en,pink,pink
255,93,0,en,dark orange,dark orange
255,0,251,en,purple,purple
170,255,0,en,green,green
255,197,0,en,golden rod,golden rod
255,0,114,en,bright pink,bright pink
255,0,235,en,pink purple,pink purple
255,0,210,en,pink purple,pink purple
255,246,0,en,yellow,yellow
173,255,0,en,green yellow,green yellow
255,0,69,en,red,red
255,0,46,en,red,red
255,0,173,en,pink,pink
113,0,255,en,purple,purple
255,235,0,en,yellow,yellow
255,0,97,en,red,red
255,0,31,en,red,red
255,245,0,en,lemon yellow,lemon yellow
255,0,206,en,purple,purple
255,186,0,en,ochre,ochre
87,0,255,en,purple,purple
255,113,0,en,pumpkin,pumpkin
255,0,55,en,scarlet,scarlet
255,0,164,en,fuchsia,fuchsia
253,255,0,en,canary yellow,canary yellow
255,0,44,en,fire engine red,fire engine red
95,255,0,en,lime green,lime
192,0,255,en,bright purple,bright purple
255,198,0,en,puce,puce
255,0,87,en,geranium,geranium
255,0,124,en,dark pink,dark pink
117,0,255,en,dark purple,dark purple
255,0,227,en,pink,pink
255,175,0,en,dull orange,dull orange
255,0,254,en,bright purple,bright purple
160,255,0,en,lime green,lime
255,143,0,en,dark orange,dark orange
209,255,0,en,yellow green,yellow green
255,218,0,en,yellow orange,yellow orange
255,0,184,en,dark pink,dark pink
255,62,0,en,dull red,dull red
246,255,0,en,yellow,yellow
255,48,0,en,red,red
255,0,80,en,red,red
255,120,0,en,orange,orange
209,0,255,en,magenta,magenta
255,100,0,en,orange,orange
255,0,213,en,pink,pink
186,255,0,en,lime green,lime
255,0,41,en,red,red
255,0,152,en,pink,pink
61,255,0,en,green,green
230,0,255,en,magenta,magenta
255,241,0,en,yellow,yellow
162,255,0,en,lime green,lime
255,0,195,en,magenta,magenta
255,0,110,en,red,red
97,0,255,en,purple,purple
255,180,0,en,orange,orange
255,185,0,en,orange,orange
255,0,79,en,coral,coral
73,255,0,en,neon green,neon green
170,0,255,en,violet,violet
255,0,149,en,fuchsia,fuchsia
255,0,218,en,hot pink,hot pink
210,255,0,en,dirty yellow,dirty yellow
236,0,255,en,lilac,lilac
166,255,0,en,acid green,acid green
255,115,0,en,adobe orangge,adobe orangge
136,0,255,en,violet,violet
255,205,0,en,yellow orange,yellow orange
54,0,255,en,periwinkle,periwinkle
255,66,0,en,pumpkin orange,pumpkin orange
255,207,0,en,goldenrod,goldenrod
230,255,0,en,yellow,yellow
255,0,234,en,fucsia,fucsia
148,0,255,en,purple,purple
252,0,255,en,magenta,magenta
255,0,202,en,hot pink,hot pink
255,0,93,en,hot pink,hot pink
255,0,129,en,fucsia,fucsia
255,0,79,en,hot pink,hot pink
255,123,0,en,orange,orange
185,255,0,en,spring green,spring green
255,0,154,en,fucsia,fucsia
100,255,0,en,green,green
200,0,255,en,purple,purple
255,222,0,en,goldenrod,goldenrod
255,176,0,en,goldenrod,goldenrod
255,250,0,en,yellow,yellow
255,0,36,en,red,red
255,95,0,en,orange,orange
255,77,0,en,tangerine,tangerine
255,135,0,en,orange,orange
255,73,0,en,orange,orange
255,0,128,en,pink,pink
255,0,210,en,pink,pink
212,255,0,en,lime,lime
255,104,0,en,orange,orange
65,255,0,en,bright green,bright green
255,0,18,en,red,red
255,191,0,en,gold,gold
255,0,224,en,pink,pink
216,0,255,en,magenta,magenta
237,0,255,en,pink,pink
255,171,0,en,golf,golf
177,255,0,en,green,green
240,255,0,en,yellow,yellow
255,0,156,en,pink,pink
255,0,81,en,pink/red,pinkred
255,0,80,en,pink/red,pinkred
103,0,255,en,purple,purple
255,218,0,en,yellow,yellow
255,231,0,en,cadmium yellow,cadmium yellow
255,0,38,en,red,red
255,0,192,en,pink,pink
255,0,167,en,pink,pink
47,255,0,en,light green,light green
234,0,255,en,bright purple,bright purple
255,0,123,en,pink,pink
91,0,255,en,ultramarine,ultramarine
123,0,255,en,violet,violet
255,0,49,en,cadmium red,cadmium red
255,0,227,en,pink,pink
240,255,0,en,lemon yellow,lemon yellow
200,255,0,en,green,green
255,178,0,en,orange,orange
255,82,0,en,cadmium orange,cadmium orange
255,124,0,en,orange,orange
255,0,91,en,crimson red,crimson red
160,255,0,en,green,green
255,208,0,en,orange,orange
255,77,0,en,orange,orange
180,0,255,en,purple,purple
255,0,132,en,fushcia,fushcia
255,0,213,en,pink,pink
255,174,0,en,gold,gold
97,0,255,en,purple,purple
255,0,43,en,red,red
255,0,96,en,fushcia,fushcia
255,199,0,en,yellow,yellow
255,0,182,en,pink,pink
255,0,153,en,mauve,mauve
255,69,0,en,orange,orange
255,221,0,en,gold,gold
255,255,0,en,yellow,yellow
255,0,71,en,pink,pink
255,90,0,en,orange,orange
1,255,0,en,green,green
255,250,0,en,neon yellow,neon yellow
255,210,0,en,chicken yellow,chicken yellow
255,0,200,en,dark pink,dark pink
255,0,235,en,neon purple,neon purple
255,0,98,en,red,red
255,0,158,en,fucsia,fucsia
144,0,255,en,purple,purple
122,255,0,en,green,green
197,0,255,en,purple,purple
77,0,255,en,blue,blue
111,0,255,en,blue,blue
255,255,0,en,yellow,yellow
255,0,131,en,pink,pink
255,143,0,en,orange,orange
255,0,40,en,red,red
255,0,50,en,red,red
255,73,0,en,orange,orange
255,111,0,en,orange,orange
225,255,0,en,yellow,yellow
255,0,250,en,purple,purple
255,0,189,en,pink,pink
255,0,246,en,purple,purple
255,158,0,en,orange,orange
255,0,107,en,pink,pink
255,56,0,en,orange red,orange-red
255,0,126,en,pink,pink
237,255,0,en,yellow,yellow
255,0,167,en,hot pink,hot pink
180,255,0,en,lime,lime
119,255,0,en,green,green
255,0,39,en,red,red
209,0,255,en,magenta,magenta
156,0,255,en,purple,purple
227,0,255,en,pink,pink
255,149,0,en,orange,orange
255,0,240,en,bright pink,bright pink
255,0,58,en,red,red
255,119,0,en,orange,orange
255,234,0,en,yello,yello
255,0,205,en,pink,pink
219,255,0,en,lemon yellow,lemon yellow
255,194,0,en,canary yellow,canary yellow
29,255,0,en,green,green
255,102,0,en,orange,orange
234,0,255,en,purple,purple
255,0,128,en,pink,pink
255,0,106,en,pink,pink
255,198,0,en,yellow,yellow
109,255,0,en,green,green
180,0,255,en,purple,purple
149,255,0,en,green,green
199,255,0,en,yellow,yellow
153,0,255,en,purple,purple
255,0,80,en,pink,pink
255,0,31,en,red,red
255,37,0,en,red,red
255,164,0,en,yellow,yellow
207,0,255,en,purple,purple
31,255,0,en,neon green,neon green
255,0,31,en,red,red
78,0,255,en,dark blue,dark blue
243,255,0,en,yellow,yellow
255,0,175,en,hot pink,hot pink
255,157,0,en,orange,orange
255,219,0,en,red yellow,red yellow
255,0,246,en,pink,pink
255,145,0,en,orange,orange
115,0,255,en,purple,purple
213,255,0,en,green,green
255,196,0,en,orange,orange
255,196,0,en,yellowish orange,yellowish orange
255,0,193,en,hot pink,hot pink
51,255,0,en,neon green,neon green
255,146,0,en,clementine orange,clementine orange
255,0,90,en,redish hot pink,redish hot pink
255,0,165,en,dark hot pink,dark hot pink
255,0,80,en,pinkish red,pinkish red
244,255,0,en,lemon yellow,lemon yellow
134,255,0,en,neon dark green,neon dark green
210,0,255,en,violet,violet
255,0,229,en,love pink,love pink
227,255,0,en,neon yellow,neon yellow
255,0,28,en,hot red,hot red
255,0,113,en,relish neon pink,relish neon pink
255,157,0,en,double orange,double orange
92,0,255,en,light purplish blue,light purplish blue
246,0,255,en,neon purple,neon purple
255,117,0,en,hot double orange,hot double orange
255,236,0,en,banana yellow,banana yellow
255,71,0,en,orange red,orange-red
168,255,0,en,lime,lime
255,0,175,en,fuchsia,fuchsia
255,0,70,en,red/pink,redpink
255,0,217,en,hot pink,hot pink
255,136,0,en,pumpkin orange,pumpkin orange
98,0,255,en,blue violet,blue-violet
113,255,0,en,yellow green,yellow green
255,179,0,en,yellow orange,yellow orange
255,0,142,en,barbie pink,barbie pink
176,0,255,en,violet,violet
255,0,195,en,fuchsia,fuchsia
72,0,255,en,indigo,indigo
255,119,0,en,orange,orange
255,61,0,en,tomato orange,tomato orange
255,0,48,en,fire engine red,fire engine red
255,185,0,en,squash yellow,squash yellow
192,255,0,en,lemon lime,lemon lime
241,255,0,en,neon yellow,neon yellow
255,223,0,en,gold yellow,gold yellow
255,0,82,en,hot pink,hot pink
248,0,255,en,neon purple,neon purple
19,255,0,en,green,green
255,0,245,en,hot pink,hot pink
255,146,0,en,dark orange,dark orange
255,164,0,en,orange,orange
246,0,255,en,light pink,light pink
255,0,204,en,fuscia,fuscia
115,255,0,en,lime green,lime
255,209,0,en,peach,peach
255,0,143,en,pink,pink
155,0,255,en,indigo,indigo
255,0,40,en,red,red
255,0,102,en,rose,rose
255,115,0,en,orange,orange
255,0,72,en,scarlet,scarlet
240,255,0,en,lemon yellow,lemon yellow
255,225,0,en,orange yellow,orange yellow
255,0,134,en,rose,rose
255,72,0,en,red,red
221,255,0,en,yellow green,yellow green
176,0,255,en,violet,violet
255,0,229,en,pink,pink
255,193,0,en,tangerine,tangerine
187,255,0,en,lime green,lime
254,0,255,en,pink,pink
255,0,129,en,magenta,magenta
255,33,0,en,red,red
255,242,0,en,yellow,yellow
255,0,87,en,red,red
255,0,59,en,red,red
118,255,0,en,grass green,grass green
255,0,155,en,pink,pink
135,255,0,en,green,green
255,123,0,en,orange,orange
255,182,0,en,tangerine,tangerine
255,0,229,en,magenta,magenta
111,0,255,en,cornflower,cornflower
125,255,0,en,lime,lime
249,255,0,en,lemon,lemon
255,221,0,en,marigold,marigold
255,0,155,en,fuscha,fuscha
255,0,186,en,magenta,magenta
255,0,35,en,hot pink,hot pink
255,8,0,en,red,red
255,140,0,en,orange,orange
173,255,0,en,lime,lime
255,0,122,en,magenta,magenta
255,180,0,en,tangerine,tangerine
255,0,111,en,magenta,magenta
234,0,255,en,purple,purple
213,255,0,en,lemon,lemon
255,0,75,en,fuscha,fuscha
255,86,0,en,dark orange,dark orange
255,202,0,en,orange,orange
255,0,123,en,pink,pink
171,255,0,en,yellow green,yellow green
255,21,0,en,red,red
255,0,16,en,medium red,medium red
242,0,255,en,hot pink,hot pink
202,255,0,en,yellow green,yellow green
255,0,173,en,pink,pink
88,255,0,en,lime green,lime
255,160,0,en,yellow orange,yellow orange
255,222,0,en,dafodil,dafodil
191,0,255,en,purple,purple
255,0,232,en,hot pink,hot pink
255,129,0,en,orange,orange
255,119,0,en,red orange,red orange
255,0,107,en,pink,pink
238,255,0,en,neon yellow,neon yellow
255,0,179,en,hot pink,hot pink
255,0,72,en,red,red
132,0,255,en,violet,violet
255,163,0,en,orange,orange
210,0,255,en,purple,purple
170,255,0,en,green,green
227,255,0,en,yellow,yellow
244,0,255,en,purple,purple
255,189,0,en,light orange,light orange
255,0,46,en,red,red
255,0,243,en,purple,purple
255,0,121,en,magenta,magenta
89,255,0,en,green,green
255,120,0,en,orange,orange
255,0,60,en,red,red
255,0,153,en,magenta,magenta
255,0,122,en,hot pink,hot pink
255,0,40,en,red,red
134,255,0,en,green,green
114,0,255,en,purple,purple
255,0,156,en,bluer than hot pink,bluer than hot pink
255,0,244,en,bluer pink,bluer pink
255,0,255,en,bluer pink,bluer pink
204,0,255,en,purple,purple
255,215,0,en,yellow,yellow
255,0,182,en,purple pink,purple pink
255,0,67,en,red hot pink,red hot pink
255,200,0,en,goldenrod,goldenrod
255,0,103,en,magenta,magenta
255,50,0,en,red,red
115,255,0,en,bright green,bright green
190,255,0,en,lime green,lime
255,168,0,en,orange yellow,orange yellow
255,252,0,en,lighter yellow,lighter yellow
255,142,0,en,orange yellow with less yellow,orange yellow with less yellow
255,86,0,en,dark orangw,dark orangw
255,0,8,en,red,red
255,0,96,en,magenta,magenta
255,0,173,en,pink,pink
163,255,0,en,lime green,lime
255,218,0,en,yellow,yellow
255,0,65,en,pink,pink
255,0,229,en,purple,purple
255,138,0,en,orange,orange
156,0,255,en,purple,purple
255,201,0,en,yellow,yellow
221,0,255,en,purple,purple
206,255,0,en,lime green,lime
255,85,0,en,orange,orange
255,167,0,en,orange,orange
255,0,220,en,magenta,magenta
255,0,80,en,red,red
160,255,0,en,chartreuse,chartreuse
255,134,0,en,orange,orange
255,206,0,en,yellow orange,yellow orange
166,0,255,en,royal blue,royal blue
223,0,255,en,purple,purple
255,99,0,en,red orange,red orange
255,234,0,en,yellow,yellow
255,54,0,en,red,red
255,0,121,en,pink,pink
214,255,0,en,chartreuse,chartreuse
247,255,0,en,bright yellow,bright yellow
255,0,205,en,light purple,light purple
255,0,96,en,magenta,magenta
255,0,46,en,red,red
255,170,0,en,orange,orange
137,0,255,en,royal blue,royal blue
255,0,171,en,pink,pink
81,255,0,en,green,green
255,0,99,en,magenta,magenta
66,0,255,en,blue,blue
96,0,255,en,cerulean,cerulean
255,71,0,en,orange,orange
101,255,0,en,lime green,lime
174,0,255,en,violet,violet
255,0,127,en,pink,pink
255,244,0,en,yellow,yellow
255,210,0,en,gold,gold
186,255,0,en,lime,lime
255,0,46,en,red,red
255,0,241,en,purple,purple
255,164,0,en,orange,orange
255,227,0,en,yellow,yellow
255,0,75,en,raspberry,raspberry
255,129,0,en,orange,orange
255,0,185,en,pink,pink
255,84,0,en,red orange,red orange
235,0,255,en,purple,purple
255,0,151,en,magenta,magenta
152,255,0,en,lime,lime
255,78,0,en,red,red
255,159,0,en,orange,orange
255,0,219,en,pink,pink
255,0,103,en,bright pink,bright pink
251,255,0,en,bright yellow,bright yellow
255,233,0,en,mid yellow,mid yellow
214,255,0,en,yellow,yellow
200,0,255,en,purple,purple
255,0,192,en,bright pink,bright pink
255,116,0,en,orange,orange
255,0,143,en,pink,pink
255,0,70,en,red,red
171,255,0,en,bright green,bright green
121,0,255,en,purple,purple
255,124,0,en,orange,orange
255,0,137,en,pink,pink
255,0,33,en,red,red
255,0,248,en,pink,pink
30,0,255,en,blue,blue
255,204,0,en,yellow,yellow
112,255,0,en,green,green
255,215,0,en,gold,gold
255,138,0,en,bronze,bronze
255,0,102,en,dark purple,dark purple
255,0,132,en,purple,purple
14,255,0,en,light green,light green
255,109,0,en,brown,brown
255,0,217,en,purple pink,purple pink
255,0,148,en,dark purple,dark purple
255,24,0,en,red,red
238,0,255,en,violet,violet
172,0,255,en,indigo,indigo
137,255,0,en,light green,light green
222,255,0,en,burned yello,burned yello
255,0,189,en,neon purple,neon purple
255,177,0,en,brown,brown
108,255,0,en,green,green
255,203,0,en,bronze,bronze
255,0,43,en,scarlett,scarlett
255,0,52,en,rose red,rose red
255,248,0,en,gold,gold
160,0,255,en,violet,violet
255,0,84,en,maroon,maroon
255,0,254,en,purple,purple
255,0,191,en,hot pink,hot pink
255,252,0,en,yellow,yellow
255,145,0,en,honey,honey
255,94,0,en,ochre,ochre
255,228,0,en,dark yellow,dark yellow
131,255,0,en,light green,light green
155,0,255,en,violet,violet
202,255,0,en,yellow green,yellow green
255,0,220,en,hot pink,hot pink
212,0,255,en,purple,purple
255,0,23,en,red,red
255,0,58,en,deep pink,deep pink
255,38,0,en,dark orange,dark orange
255,0,114,en,maroon,maroon
157,255,0,en,light green,light green
255,176,0,en,ochre,ochre
255,0,164,en,purple,purple
255,186,0,en,honey,honey
188,0,255,en,purple,purple
255,218,0,en,yellow,yellow
255,84,0,en,red orange,red orange
243,0,255,en,lavender,lavender
255,132,0,en,orange,orange
255,0,22,en,red,red
255,0,54,en,red,red
255,0,162,en,pink,pink
255,165,0,en,orange,orange
128,255,0,en,green,green
255,0,225,en,purple,purple
255,31,0,en,red,red
145,0,255,en,blue,blue
255,211,0,en,gold,gold
255,253,0,en,yellow,yellow
255,0,142,en,pink,pink
192,255,0,en,neon green,neon green
140,255,0,en,green,green
255,0,205,en,purple,purple
255,0,108,en,red,red
255,0,244,en,pink,pink
255,143,0,en,orange,orange
255,166,0,en,light orange,light orange
147,255,0,en,neon green,neon green
79,0,255,en,purple blue,purple blue
255,0,2,en,red,red
215,255,0,en,gross yello,gross yello
255,89,0,en,orange,orange
224,0,255,en,purple,purple
255,20,0,en,red,red
86,255,0,en,neon green,neon green
255,231,0,en,yello,yello
255,0,86,en,red,red
255,46,0,en,cardinal,cardinal
120,255,0,en,lime,lime
139,255,0,en,seven up,seven up
255,0,213,en,light purple,light purple
221,255,0,en,yellow,yellow
255,0,151,en,pink,pink
255,0,72,en,red pink,red pink
229,0,255,en,purple,purple
255,0,141,en,redpink,redpink
255,0,208,en,light purple,light purple
255,92,0,en,orange,orange
255,219,0,en,dark yellow,dark yellow
255,247,0,en,yellow,yellow
255,0,87,en,red pink,red pink
195,0,255,en,purple,purple
148,0,255,en,purple,purple
255,171,0,en,burnt orange,burnt orange
255,0,16,en,red,red
255,137,0,en,dark burnt orange,dark burnt orange
255,197,0,en,yellow,yellow
255,194,0,en,sunset,sunset
101,255,0,en,lime,lime
242,0,255,en,purple,purple
255,0,224,en,confused purple,confused purple
255,0,201,en,pink,pink
255,104,0,en,orange,orange
226,255,0,en,yellow,yellow
255,0,222,en,purple,purple
255,76,0,en,red orange,red orange
191,255,0,en,lime green,lime
255,207,0,en,mustard,mustard
227,0,255,en,magenta,magenta
255,0,104,en,fuscia,fuscia
255,141,0,en,orange,orange
255,117,0,en,burnt orange,burnt orange
45,255,0,en,green,green
133,0,255,en,puple,puple
255,0,52,en,brick red,brick red
255,0,22,en,mid red,mid red
255,0,150,en,fuscia,fuscia
255,169,0,en,sienna,sienna
171,0,255,en,purple,purple
255,0,184,en,magenta,magenta
174,255,0,en,lime green,lime
255,230,0,en,sienna,sienna
254,255,0,en,yellow,yellow
255,0,118,en,cerise,cerise
205,255,0,en,lime green,lime
134,0,255,en,periwinkle,periwinkle
26,0,255,en,cobalt blue,cobalt blue
255,0,162,en,magenta,magenta
255,198,0,en,gold,gold
95,255,0,en,lime green,lime
255,88,0,en,burnt orance,burnt orance
255,228,0,en,yellow,yellow
255,0,204,en,fuschia,fuschia
255,0,141,en,magenta,magenta
224,0,255,en,purple,purple
255,0,55,en,red,red
255,0,215,en,fuschia,fuschia
255,122,0,en,orange,orange
255,169,0,en,orange,orange
158,255,0,en,lime green,lime
255,64,0,en,burnt orange,burnt orange
255,253,0,en,yellow,yellow
182,0,255,en,purple,purple
255,0,84,en,raspberry red,raspberry red
255,0,34,en,red,red
255,231,0,en,gold,gold
255,148,0,en,orange,orange
226,255,0,en,lime green,lime
255,0,33,en,red,red
255,114,0,en,burnt orange,burnt orange
255,247,0,en,yellow,yellow
255,0,156,en,magenta,magenta
255,0,255,en,magenta,magenta
107,255,0,en,lime,lime
207,255,0,en,yellow green,yellow green
255,232,0,en,dandelion,dandelion
90,0,255,en,cyan,cyan
255,0,30,en,raspberry red,raspberry red
255,106,0,en,burnt orange,burnt orange
200,0,255,en,purple,purple
255,0,133,en,pink,pink
255,0,213,en,violet,violet
255,0,208,en,violet,violet
255,159,0,en,orange,orange
255,0,17,en,red,red
255,255,0,en,yellow,yellow
255,0,206,en,fuscia,fuscia
255,0,54,en,strawberry red,strawberry red
255,0,30,en,red,red
144,0,255,en,purple,purple
255,105,0,en,copper,copper
255,0,102,en,red pink,red pink
255,45,0,en,red orange,red orange
72,255,0,en,neon green,neon green
255,0,46,en,red,red
255,199,0,en,gold,gold
255,0,111,en,pink,pink
240,255,0,en,neon yellow,neon yellow
255,0,49,en,red,red
186,0,255,en,purple,purple
87,255,0,en,green,green
255,135,0,en,orange,orange
255,79,0,en,red orange,red orange
255,164,0,en,gold,gold
255,0,92,en,lip pink,lip pink
199,255,0,en,lime green,lime
255,0,138,en,fushia,fushia
202,0,255,en,purple,purple
255,99,0,en,orange,orange
255,0,188,en,neon pink,neon pink
190,255,0,en,lime green,lime
157,0,255,en,purple,purple
255,0,37,en,red,red
255,119,0,en,oranage,oranage
252,0,255,en,fuchsia,fuchsia
255,0,77,en,pink,pink
255,224,0,en,gold,gold
124,0,255,en,purple,purple
238,0,255,en,fusia,fusia
215,255,0,en,yellow,yellow
255,0,159,en,hot pink,hot pink
255,99,0,en,orange,orange
255,0,184,en,pink,pink
127,255,0,en,light green,light green
255,80,0,en,burnt orange,burnt orange
143,255,0,en,yellow green,yellow green
255,174,0,en,gold,gold
167,255,0,en,yellow green,yellow green
255,0,74,en,pink,pink
255,0,109,en,dark pink,dark pink
255,124,0,en,orange,orange
255,225,0,en,yellow,yellow
98,0,255,en,purple,purple
255,0,183,en,magenta,magenta
255,0,194,en,magenta,magenta
208,0,255,en,purple,purple
255,0,85,en,fusha,fusha
255,225,0,en,yellow,yellow
100,255,0,en,yellow green,yellow green
222,0,255,en,bright purple,bright purple
76,255,0,en,lime,lime
255,61,0,en,red orange,red orange
255,0,249,en,violet,violet
179,255,0,en,light green,light green
255,0,100,en,pink,pink
255,213,0,en,dandelion yellow,dandelion yellow
255,140,0,en,light orange,light orange
255,0,56,en,red,red
255,0,78,en,red,red
255,0,115,en,raspberry pink,raspberry pink
255,148,0,en,orange,orange
60,0,255,en,blue,blue
255,221,0,en,yellow,yellow
255,183,0,en,gold,gold
222,0,255,en,vibrant purple,vibrant purple
255,137,0,en,orange,orange
255,237,0,en,medium yellow,medium yellow
255,104,0,en,bright orange,bright orange
174,255,0,en,puke green,puke green
255,0,171,en,flower pink,flower pink
179,0,255,en,purple,purple
255,188,0,en,barf,barf
255,0,108,en,not rlly pink but kinda,not rlly pink but kinda
255,0,211,en,fuscahshas,fuscahshas
184,255,0,en,ewwww,ewwww
255,0,44,en,rojo,rojo
230,0,255,en,the minnesota vikings,the minnesota vikings
255,143,0,en,cleavelan,cleavelan
255,161,0,en,autumn orange,autumn orange
255,0,54,en,strawberry,strawberry
255,0,237,en,light purple,light purple
209,0,255,en,grape,grape
255,151,0,en,gold,gold
255,0,195,en,neon purple,neon purple
232,255,0,en,yellow,yellow
255,0,128,en,peony pink,peony pink
135,255,0,en,green yellow,green yellow
255,0,226,en,neon pink,neon pink
255,0,160,en,magenta,magenta
255,170,0,en,golden orange,golden orange
255,137,0,en,burnt orange,burnt orange
255,211,0,en,golden yellow,golden yellow
255,71,0,en,red orange,red orange
255,0,84,en,pink,pink
255,0,153,en,fuchsia,fuchsia
255,0,131,en,satin pink,satin pink
237,255,0,en,yellow,yellow
255,56,0,en,blood orange,blood orange
255,0,181,en,purple,purple
255,133,0,en,orange,orange
255,93,0,en,orange,orange
255,0,162,en,little bit darker pink,little bit darker pink
250,255,0,en,yellow,yellow
111,255,0,en,neon green,neon green
255,0,195,en,pink,pink
255,0,34,en,red,red
255,66,0,en,red orange,red orange
245,0,255,en,purple,purple
71,0,255,en,dark blue,dark blue
255,227,0,en,yellow,yellow
255,0,2,en,red,red
174,255,0,en,lime green,lime
255,0,67,en,dark red,dark red
132,0,255,en,purple,purple
197,255,0,en,yellow green,yellow green
255,0,227,en,light purple,light purple
255,0,119,en,hot pink,hot pink
255,0,140,en,pink,pink
251,255,0,en,yellow,yellow
207,0,255,en,purple,purple
210,255,0,en,pea green,pea green
255,211,0,en,gold,gold
255,0,176,en,fuschia,fuschia
74,255,0,en,green,green
255,111,0,en,orange,orange
123,0,255,en,purple/blue,purpleblue
255,223,0,en,golden yellow,golden yellow
255,109,0,en,dull orange,dull orange
216,255,0,en,yellow,yellow
222,0,255,en,pinkish violet,pinkish violet
255,199,0,en,macaroni yellow,macaroni yellow
255,0,39,en,fire engine red,fire engine red
251,0,255,en,fushia,fushia
255,10,0,en,red,red
255,0,173,en,satin pink,satin pink
163,255,0,en,lime green,lime
255,231,0,en,sun yellow,sun yellow
238,255,0,en,neon yellow,neon yellow
255,150,0,en,boring orange,boring orange
154,0,255,en,light purple,light purple
255,60,0,en,blaze orange,blaze orange
192,255,0,en,lime green,lime
134,255,0,en,electric green,electric green
255,0,76,en,light red,light red
255,0,86,en,hot pink,hot pink
255,142,0,en,beige,beige
255,0,113,en,pink,pink
236,255,0,en,yellow,yellow
255,155,0,en,orange yellow,orange yellow
255,233,0,en,dark yellow,dark yellow
255,115,0,en,dark orange,dark orange
255,0,60,en,hot pink,hot pink
255,212,0,en,yellow gold,yellow gold
255,0,226,en,light purple,light purple
182,255,0,en,yellow green,yellow green
205,0,255,en,purple,purple
255,0,98,en,pink,pink
255,132,0,en,burnt orange,burnt orange
255,159,0,en,orange,orange
255,0,243,en,fusia,fusia
255,0,133,en,hot pink,hot pink
158,0,255,en,purple,purple
255,0,73,en,red,red
255,0,216,en,magenta,magenta
255,0,149,en,pink,pink
255,194,0,en,gold,gold
233,255,0,en,yellow,yellow
255,138,0,en,orange,orange
255,236,0,en,yeller,yeller
100,0,255,en,blue,blue
255,159,0,en,cleaveland,cleaveland
199,255,0,en,mustard,mustard
255,0,158,en,magenta,magenta
171,0,255,en,purple,purple
255,60,0,en,dark orange,dark orange
255,0,44,en,pink,pink
255,205,0,en,yellow,yellow
48,255,0,en,grass green,grass green
255,252,0,en,yellow,yellow
255,0,71,en,pink red,pink red
255,0,145,en,magenta,magenta
51,255,0,en,neon green,neon green
255,54,0,en,orangish red,orangish red
255,0,203,en,bright pink,bright pink
255,173,0,en,light pumpkin orange,light pumpkin orange
255,123,0,en,dark pumpkin orange,dark pumpkin orange
200,0,255,en,dank,dank
255,0,142,en,magenta,magenta
255,85,0,en,orange,orange
255,252,0,en,yelp,yelp
255,0,58,en,rojo,rojo
228,255,0,en,anaranja,anaranja
63,255,0,en,lemonande,lemonande
255,0,148,en,pank,pank
255,0,200,en,o,o
255,48,0,en,breadcrumbs,breadcrumbs
255,175,0,en,yellow/orange,yelloworange
255,0,233,en,pinkish/purple,pinkishpurple
255,0,112,en,pink,pink
255,163,0,en,dusty orange,dusty orange
97,0,255,en,midnight purple,midnight purple
255,0,131,en,hot pink,hot pink
185,255,0,en,lime green,lime
255,212,0,en,mustard yellow,mustard
255,0,69,en,deep pink,deep pink
255,0,212,en,deep fuchsia,deep fuchsia
255,38,0,en,red,red
255,0,187,en,fusia,fusia
214,255,0,en,green yellow,green yellow
255,156,0,en,sunset orange,sunset orange
106,0,255,en,dark purple,dark purple
255,0,213,en,bright pink,bright pink
255,0,141,en,rose pink,rose
255,0,98,en,red,red
204,0,255,en,violet,violet
255,60,0,en,red,red
219,255,0,en,yellow,yellow
247,255,0,en,yellow,yellow
113,255,0,en,green,green
135,255,0,en,lime green,lime
255,0,160,en,hot pink,hot pink
108,0,255,en,dark blue,dark blue
255,193,0,en,peach,peach
255,115,0,en,light red,light red
219,255,0,en,lime,lime
242,255,0,en,light yellow,light yellow
255,0,169,en,pink,pink
255,189,0,en,golden rod,golden rod
255,0,82,en,fuchsia,fuchsia
255,52,0,en,red orange,red orange
255,0,175,en,bright purple,bright purple
117,0,255,en,violet blue,violet-blue
255,0,50,en,stop sign red,stop sign red
72,0,255,en,sailor blue,sailor blue
255,0,232,en,lipstick pink,lipstick pink
78,255,0,en,neon green,neon green
126,0,255,en,bright purple,bright purple
71,255,0,en,green,green
205,0,255,en,purple,purple
167,255,0,en,lime green,lime
255,0,217,en,pink,pink
255,189,0,en,orangeyellow,orangeyellow
255,165,0,en,gold,gold
255,0,240,en,magenta,magenta
255,252,0,en,yellow,yellow
249,0,255,en,purple,purple
255,0,139,en,magenta,magenta
255,100,0,en,orange,orange
174,255,0,en,booger green,booger green
255,0,123,en,magenta,magenta
234,0,255,en,neon purple,neon purple
113,255,0,en,grass green,grass green
210,255,0,en,yellow green,yellow green
205,0,255,en,bright purple,bright purple
255,225,0,en,macaroni yellow,macaroni yellow
255,216,0,en,gold,gold
255,0,165,en,pink,pink
218,0,255,en,lavender,lavender
255,105,0,en,orange,orange
224,0,255,en,purple,purple
83,255,0,en,green,green
114,255,0,en,neon green,neon green
173,0,255,en,purple,purple
255,149,0,en,orange,orange
255,0,89,en,red,red
255,0,195,en,hot pink,hot pink
255,0,175,en,pink,pink
255,0,39,en,red,red
255,248,0,en,yellow,yellow
255,0,76,en,dark pink,dark pink
255,223,0,en,dark yellow,dark yellow
255,197,0,en,gold,gold
255,0,20,en,red,red
255,0,103,en,dark pink,dark pink
255,0,131,en,hot pink,hot pink
114,0,255,en,violet,violet
255,0,187,en,pink purple,pink purple
207,255,0,en,yellow,yellow
255,0,154,en,hot pink,hot pink
218,0,255,en,purple,purple
75,0,255,en,blue,blue
26,255,0,en,green yellow,green yellow
255,0,24,en,red,red
99,0,255,en,blue,blue
255,81,0,en,red,red
255,247,0,en,yellow,yellow
255,136,0,en,dull orange,dull orange
255,0,69,en,red/pink,redpink
255,198,0,en,golden yellow,golden yellow
144,0,255,en,blue,blue
255,0,208,en,pink,pink
244,0,255,en,lipstick purple,lipstick purple
255,0,236,en,purple pink,purple pink
255,169,0,en,orange,orange
255,0,19,en,red,red
255,114,0,en,orange,orange
255,0,89,en,coral,coral
255,0,189,en,pink,pink
255,0,47,en,red,red
255,152,0,en,oragne,oragne
255,87,0,en,rust,rust
129,255,0,en,leaf,leaf
255,211,0,en,auburn yellow,auburn yellow
255,0,83,en,dark pink,dark pink
255,0,121,en,bright pink,bright pink
255,110,0,en,dark pumpkin orange,dark pumpkin orange
202,0,255,en,purple,purple
191,255,0,en,yellow green,yellow green
255,106,0,en,orange,orange
255,0,79,en,red,red
255,69,0,en,red orange,red orange
255,216,0,en,gold,gold
255,0,241,en,pink,pink
255,192,0,en,gold,gold
255,141,0,en,orange,orange
161,255,0,en,yellow green,yellow green
255,0,95,en,hot pink,hot pink
255,172,0,en,salmon,salmon
255,0,248,en,lavender,lavender
255,214,0,en,mustard,mustard
255,0,235,en,purple pink,purple pink
255,0,47,en,red,red
192,255,0,en,green,green
255,0,93,en,pink,pink
255,231,0,en,yellow,yellow
255,0,70,en,pink,pink
255,0,38,en,red,red
125,0,255,en,purple,purple
255,58,0,en,orange,orange
255,0,199,en,pink,pink
183,0,255,en,violet,violet
125,255,0,en,lime green,lime
255,228,0,en,gold,gold
151,255,0,en,lime green,lime
255,93,0,en,orange,orange
255,254,0,en,yellow,yellow
255,129,0,en,orange,orange
128,255,0,en,green,green
125,0,255,en,blue,blue
255,53,0,en,red,red
255,0,203,en,pink,pink
255,178,0,en,orange,orange
255,0,97,en,red,red
255,223,0,en,yellow,yellow
193,0,255,en,purple,purple
255,174,0,en,burnt orange,burnt orange
161,0,255,en,purple,purple
255,0,142,en,pink/purple,pinkpurple
255,0,204,en,fuschia,fuschia
255,239,0,en,yellow,yellow
255,0,56,en,hot pink,hot pink
138,0,255,en,violet,violet
255,0,54,en,red,red
39,255,0,en,green,green
255,107,0,en,orange,orange
255,123,0,en,orange,orange
225,0,255,en,purple,purple
255,190,0,en,orange,orange
248,255,0,en,yellow,yellow
255,0,165,en,pink,pink
19,0,255,en,really dark blue,really dark blue
255,240,0,en,yellow,yellow
107,0,255,en,purple/blue,purpleblue
255,70,0,en,orange/red,orange-red
255,0,69,en,red,red
255,177,0,en,gold,gold
200,255,0,en,green/yellow,green-yellow
255,0,60,en,red,red
218,255,0,en,yellow,yellow
121,255,0,en,neon green,neon green
140,255,0,en,neon green,neon green
255,0,133,en,magenta,magenta
44,0,255,en,dark blue,dark blue
35,255,0,en,neon green,neon green
255,206,0,en,mustard yellow,mustard
84,255,0,en,dark neon green,dark neon green
217,255,0,en,yellow green,yellow green
165,255,0,en,light green,light green
255,219,0,en,yellow orange,yellow orange
255,159,0,en,orange,orange
255,0,113,en,fuchia,fuchia
255,0,206,en,violet,violet
255,92,0,en,red orange,red orange
255,64,0,en,red,red
195,255,0,en,yellow/green,yellow-green
172,0,255,en,lilac,lilac
140,255,0,en,green/yellow,green-yellow
255,0,164,en,pink,pink
255,0,103,en,pink,pink
255,225,0,en,golden yellow,golden yellow
42,255,0,en,lime green,lime
255,0,154,en,pink,pink
255,115,0,en,orange,orange
252,255,0,en,yellow,yellow
255,69,0,en,red,red
234,0,255,en,fushia,fushia
255,222,0,en,gold,gold
255,0,64,en,red,red
80,255,0,en,green,green
255,0,239,en,lavender,lavender
255,206,0,en,beige,beige
255,0,23,en,red,red
255,180,0,en,gold,gold
232,255,0,en,yellow,yellow
255,0,209,en,purple,purple
255,169,0,en,orange,orange
251,255,0,en,yellow,yellow
255,197,0,en,yellow orange,yellow orange
255,82,0,en,red orange,red orange
255,240,0,en,yellow,yellow
255,0,122,en,magenta,magenta
204,0,255,en,purple,purple
235,0,255,en,perwikle,perwikle
255,0,248,en,purple magenta,purple magenta
170,255,0,en,lime sea green,lime sea green
255,240,0,en,mellow yellow,mellow yellow
255,0,239,en,bright pink magenta,bright pink magenta
255,0,46,en,pinkish red,pinkish red
144,0,255,en,purple with a hint of blue,purple with a hint of blue
255,0,88,en,pink,pink
139,0,255,en,blue purple,blue purple
255,0,61,en,pink,pink
255,25,0,en,red orange,red orange
255,0,243,en,violet,violet
255,0,31,en,pink red,pink red
225,0,255,en,purple,purple
160,255,0,en,lime,lime
255,207,0,en,yellow orange,yellow orange
255,172,0,en,yellow orange,yellow orange
255,0,231,en,fushia,fushia
255,0,31,en,scarlet,scarlet
227,255,0,en,green yellow,green yellow
255,0,4,en,red,red
255,207,0,en,gold,gold
255,0,122,en,hot pink,hot pink
84,255,0,en,green,green
255,255,0,en,yellow,yellow
255,124,0,en,orange,orange
105,0,255,en,navy,navy
197,0,255,en,fushia,fushia
255,0,98,en,watermelon,watermelon
255,0,201,en,pink,pink
255,0,135,en,watermelon,watermelon
255,201,0,en,gold,gold
255,166,0,en,orange,orange
255,0,179,en,pink,pink
255,0,146,en,magenta,magenta
46,0,255,en,blue,blue
255,119,0,en,red orange,red orange
255,0,123,en,magenta,magenta
208,255,0,en,lime green,lime
131,0,255,en,violet,violet
255,85,0,en,rusty,rusty
171,255,0,en,lime green,lime
255,0,150,en,hot pink,hot pink
255,0,182,en,pink,pink
255,221,0,en,yellow,yellow
255,0,218,en,purple/pink,purplepink
255,0,109,en,pink,pink
255,149,0,en,goldenrod,goldenrod
228,0,255,en,purple/pink,purplepink
255,157,0,en,rusty orange,rusty orange
208,255,0,en,mellow,mellow
255,19,0,en,red,red
255,0,69,en,royal red,royal red
197,0,255,en,purple,purple
102,0,255,en,blue,blue
255,126,0,en,orange,orange
255,0,90,en,red,red
255,0,14,en,red,red
243,255,0,en,yellow,yellow
255,0,55,en,red,red
183,255,0,en,yellow green,yellow green
157,0,255,en,blue purple,blue purple
255,169,0,en,yellow orange,yellow orange
255,146,0,en,orange,orange
255,118,0,en,red orange,red orange
205,0,255,en,purple,purple
219,255,0,en,yellow,yellow
255,194,0,en,yellow,yellow
255,0,235,en,fuschia,fuschia
195,0,255,en,purple,purple
255,124,0,en,orange,orange
255,0,141,en,pink,pink
135,0,255,en,purple,purple
234,0,255,en,purple,purple
255,130,0,en,orange,orange
255,0,128,en,pink,pink
252,255,0,en,yellow,yellow
255,223,0,en,golden yellow,golden yellow
255,0,25,en,red,red
3,0,255,en,blue,blue
255,0,78,en,red,red
124,255,0,en,green,green
135,255,0,en,yellow green,yellow green
153,0,255,en,violet,violet
255,0,249,en,rose pink,rose
255,191,0,en,yellow orange,yellow orange
255,0,35,en,red,red
255,131,0,en,orange,orange
198,255,0,en,pear green,pear green
255,0,96,en,salmon,salmon
255,255,0,en,dandelion,dandelion
255,0,120,en,sunset pink,sunset pink
255,0,78,en,pink red,pink red
196,0,255,en,viking purple,viking purple
255,241,0,en,dandelion,dandelion
255,0,204,en,light purple,light purple
255,93,0,en,pumpkin orange,pumpkin orange
255,154,0,en,yellow orange,yellow orange
172,255,0,en,chartruse,chartruse
255,170,0,en,orange,orange
255,0,230,en,pink,pink
128,255,0,en,lime green,lime
255,122,0,en,blood orange,blood orange
33,255,0,en,green,green
255,254,0,en,yellow,yellow
255,85,0,en,red orange,red orange
255,0,75,en,magentia,magentia
138,0,255,en,purple,purple
255,65,0,en,red,red
255,160,0,en,orange,orange
255,103,0,en,orange,orange
255,0,35,en,red,red
127,0,255,en,purple,purple
255,254,0,en,yellow,yellow
182,0,255,en,purple,purple
255,120,0,en,orange,orange
255,204,0,en,goldenrod,goldenrod
255,250,0,en,yellow,yellow
241,0,255,en,violet,violet
255,83,0,en,red orange,red orange
255,0,193,en,magenta,magenta
98,255,0,en,lime green,lime
164,0,255,en,purple,purple
255,0,134,en,pink,pink
36,0,255,en,blue,blue
232,255,0,en,yellow,yellow
255,0,157,en,pink,pink
255,0,92,en,red,red
179,255,0,en,yellow,yellow
109,255,0,en,green,green
255,0,70,en,red,red
243,0,255,en,violet,violet
255,116,0,en,orange,orange
122,0,255,en,purple,purple
180,255,0,en,lime green,lime
255,0,24,en,red,red
186,0,255,en,dark purple,dark purple
255,0,56,en,rose,rose
255,52,0,en,red,red
149,255,0,en,lime green,lime
183,0,255,en,light purple,light purple
255,217,0,en,light orange,light orange
255,0,225,en,light pink,light pink
85,0,255,en,dark blue,dark blue
255,0,181,en,dark pink,dark pink
213,0,255,en,purple,purple
120,0,255,en,dark blue,dark blue
255,0,38,en,red,red
255,164,0,en,orange,orange
137,255,0,en,green,green
189,255,0,en,light green,light green
244,255,0,en,yellow,yellow
255,0,147,en,hot pink,hot pink
255,0,255,en,pink,pink
55,0,255,en,violet,violet
255,0,187,en,magenta,magenta
255,156,0,en,orange,orange
255,251,0,en,yellow,yellow
255,0,102,en,hot pink,hot pink
255,0,156,en,bright pink,bright pink
255,0,31,en,red,red
255,0,145,en,pink,pink
255,254,0,en,yellow,yellow
255,223,0,en,mustard yellow,mustard
255,0,59,en,salmon,salmon
116,255,0,en,lime green,lime
189,255,0,en,puke green,puke green
114,0,255,en,blue,blue
255,178,0,en,gold rod,gold rod
104,255,0,en,green,green
212,255,0,en,yeller,yeller
251,0,255,en,purple,purple
142,255,0,en,greeeeeeeen,greeeeeeeen
255,0,170,en,pank,pank
255,0,55,en,red,red
255,0,222,en,dark pink,dark pink
255,214,0,en,yellow orange,yellow orange
237,255,0,en,yellow,yellow
255,0,247,en,pink,pink
255,0,189,en,pink,pink
255,116,0,en,orange,orange
255,0,86,en,red,red
255,0,175,en,pink,pink
194,255,0,en,neon green,neon green
255,0,247,en,pink,pink
255,223,0,en,gold,gold
255,244,0,en,yellow,yellow
255,0,235,en,fushchia,fushchia
255,85,0,en,red,red
255,0,177,en,magenta,magenta
255,0,97,en,pink,pink
255,217,0,en,yellow,yellow
212,255,0,en,green,green
255,172,0,en,orange,orange
255,0,32,en,red,red
255,0,206,en,pink,pink
255,93,0,en,oarange,oarange
255,80,0,en,red,red
255,0,221,en,magentia,magentia
255,0,137,en,pink,pink
255,218,0,en,yellow orange,yellow orange
162,255,0,en,lime green,lime
255,0,29,en,red,red
205,0,255,en,purple,purple
255,0,22,en,red,red
244,0,255,en,light purple,light purple
255,0,226,en,light purple,light purple
143,0,255,en,violet,violet
255,0,119,en,pink,pink
253,0,255,en,purple,purple
129,255,0,en,green,green
255,0,196,en,purple,purple
199,255,0,en,yellow,yellow
255,230,0,en,yellow,yellow
255,0,87,en,pink,pink
196,255,0,en,chartruse,chartruse
255,224,0,en,gold,gold
255,38,0,en,red,red
255,0,99,en,fushia,fushia
255,0,250,en,pink,pink
91,0,255,en,indigo,indigo
255,200,0,en,light orange,light orange
255,0,100,en,red pink,red pink
255,0,118,en,fuschia,fuschia
255,119,0,en,orange,orange
255,0,169,en,hot pink,hot pink
255,0,213,en,pink violet,pink violet
255,239,0,en,yellow,yellow
255,0,86,en,magenta,magenta
255,0,30,en,red,red
123,255,0,en,bright green,bright green
255,212,0,en,gold,gold
255,16,0,en,red,red
255,0,198,en,pink,pink
255,0,251,en,pink,pink
255,213,0,en,yellow,yellow
255,0,69,en,red,red
255,57,0,en,red,red
46,0,255,en,blue,blue
255,112,0,en,orange,orange
255,0,141,en,pink,pink
255,141,0,en,dark orange,dark orange
120,255,0,en,lime green,lime
157,0,255,en,purple,purple
255,168,0,en,orange,orange
255,194,0,en,light ornage,light ornage
255,0,78,en,dark pink,dark pink
255,0,175,en,light pink,light pink
255,0,100,en,pink,pink
255,0,36,en,red,red
212,255,0,en,neon yellow,neon yellow
255,44,0,en,rad,rad
255,168,0,en,orang,orang
255,0,216,en,pernk,pernk
255,0,210,en,pink,pink
255,203,0,en,gold,gold
255,238,0,en,yellow,yellow
255,98,0,en,orenge,orenge
180,255,0,en,lime green,lime
255,168,0,en,orange,orange
255,0,222,en,pink,pink
107,0,255,en,purple,purple
191,0,255,en,purple,purple
255,186,0,en,orange,orange
255,80,0,en,orange,orange
95,0,255,en,blue,blue
255,0,57,en,red,red
255,88,0,en,rusty orane,rusty orane
255,0,24,en,red,red
255,0,115,en,hot pink,hot pink
255,24,0,en,red,red
255,122,0,en,orange,orange
255,145,0,en,orange,orange
255,170,0,en,orange yellow,orange yellow
211,255,0,en,yellow green,yellow green
168,255,0,en,leaf green,leaf green
143,0,255,en,purple,purple
255,219,0,en,yellow,yellow
255,39,0,en,red orange,red orange
255,0,209,en,pink,pink
81,255,0,en,lime green,lime
255,0,39,en,red,red
255,0,114,en,red purple,red purple
255,0,90,en,red pink,red pink
255,0,175,en,magenta,magenta
255,203,0,en,yellow orange,yellow orange
255,0,160,en,majenta,majenta
255,0,219,en,pink,pink
255,42,0,en,red orange,red orange
70,0,255,en,blue,blue
255,0,184,en,pink,pink
124,255,0,en,lime green,lime
255,253,0,en,yellow,yellow
251,0,255,en,light purple,light purple
255,0,103,en,pink,pink
50,255,0,en,green,green
255,132,0,en,orange,orange
255,199,0,en,yellow orange,yellow orange
200,255,0,en,lime green,lime
255,0,169,en,magentia,magentia
255,0,216,en,pink,pink
255,0,255,en,pank,pank
143,255,0,en,lime,lime
255,119,0,en,orange,orange
255,0,181,en,pink pank,pink pank
255,0,98,en,hot pink,hot pink
255,0,72,en,red,red
255,70,0,en,orange,orange
255,0,172,en,purple,purple
137,255,0,en,green,green
255,0,222,en,purple,purple
255,199,0,en,yellow,yellow
255,174,0,en,orange,orange
255,0,180,en,pink,pink
255,236,0,en,yellow,yellow
130,255,0,en,green,green
86,0,255,en,roal blue,roal blue
203,0,255,en,puple,puple
231,255,0,en,yellow,yellow
255,0,62,en,red,red
255,71,0,en,red orange,red orange
201,255,0,en,lime green,lime
169,255,0,en,yucky green,yucky green
255,0,145,en,magenta,magenta
255,56,0,en,red,red
113,255,0,en,grass green,grass green
255,145,0,en,pumpkin,pumpkin
255,201,0,en,dandelion,dandelion
152,0,255,en,violet,violet
255,0,151,en,magenta,magenta
255,247,0,en,yellow,yellow
213,255,0,en,lime,lime
140,255,0,en,lime green,lime
255,109,0,en,orange,orange
255,85,0,en,blood orange,blood orange
184,0,255,en,purple,purple
161,0,255,en,dark purple,dark purple
255,244,0,en,yellow,yellow
255,0,182,en,rose,rose
255,0,16,en,red,red
255,0,131,en,magenta,magenta
255,0,145,en,fushia,fushia
255,0,64,en,burgundy,burgundy
228,0,255,en,purple,purple
255,0,137,en,pink,pink
242,255,0,en,yellow,yellow
255,93,0,en,dark orange,dark orange
164,0,255,en,purple,purple
255,0,241,en,magenta,magenta
94,255,0,en,lime green,lime
255,237,0,en,yellow,yellow
240,0,255,en,magenta,magenta
198,255,0,en,green yellow,green yellow
255,198,0,en,yellow orange,yellow orange
155,255,0,en,lime green,lime
105,255,0,en,green,green
255,144,0,en,orange,orange
255,189,0,en,orange,orange
255,0,91,en,red,red
255,0,218,en,pink,pink
255,0,197,en,pink,pink
255,0,68,en,red orange,red orange
255,0,158,en,pink,pink
255,0,242,en,magenta,magenta
255,0,31,en,red,red
255,47,0,en,orange red,orange-red
255,0,105,en,pink,pink
255,0,204,en,fuscia,fuscia
255,210,0,en,golden yellow,golden yellow
255,172,0,en,light orange,light orange
255,0,254,en,dark pink,dark pink
137,255,0,en,stem green,stem green
255,0,124,en,hot pink,hot pink
216,0,255,en,purple,purple
255,127,0,en,orange,orange
255,0,70,en,red,red
255,0,239,en,violet,violet
255,181,0,en,gold,gold
255,0,71,en,crimson red,crimson red
255,0,16,en,bold red,bold red
255,0,235,en,fuscia,fuscia
167,0,255,en,light purple,light purple
229,255,0,en,neon yellow,neon yellow
255,107,0,en,tiger orange,tiger orange
255,0,118,en,pink,pink
255,0,167,en,pretty pink,pretty pink
50,0,255,en,royal blue,royal blue
255,141,0,en,golden orange,golden orange
255,0,111,en,hot pink,hot pink
255,238,0,en,dandelion yellow,dandelion yellow
255,22,0,en,vivacious red,vivacious red
255,248,0,en,light yellow,light yellow
132,0,255,en,royal purple,royal purple
255,0,102,en,pink,pink
255,134,0,en,orange,orange
195,0,255,en,purple,purple
255,0,178,en,magenta,magenta
255,0,59,en,pink,pink
156,0,255,en,purple,purple
255,0,141,en,hot pink,hot pink
182,255,0,en,yellow green,yellow green
255,0,175,en,pink,pink
255,150,0,en,orange,orange
255,0,236,en,purple,purple
255,0,61,en,red,red
255,151,0,en,orange,orange
255,0,42,en,red,red
33,0,255,en,royal blue,royal blue
255,0,168,en,magenta,magenta
255,173,0,en,orange yellow,orange yellow
255,0,126,en,hot pink,hot pink
255,240,0,en,yellow,yellow
255,0,65,en,pink red,pink red
234,0,255,en,pink purple,pink purple
255,0,130,en,pink,pink
54,0,255,en,blue,blue
255,0,13,en,red,red
255,0,138,en,magentia,magentia
154,0,255,en,purple,purple
255,0,205,en,hot pink,hot pink
255,82,0,en,blood orange,blood orange
255,0,220,en,pink,pink
255,148,0,en,ornage,ornage
234,255,0,en,yellow,yellow
255,0,138,en,pink,pink
142,255,0,en,lime green,lime
255,162,0,en,orange,orange
255,0,172,en,magenta,magenta
82,255,0,en,lime green,lime
157,0,255,en,violet,violet
226,0,255,en,purple,purple
255,155,0,en,orange,orange
255,0,31,en,red,red
255,0,202,en,purple,purple
255,0,229,en,light purplee,light purplee
252,255,0,en,yellow,yellow
255,0,65,en,pink,pink
255,0,100,en,magenta,magenta
162,255,0,en,green yellow,green yellow
255,139,0,en,orange,orange
255,0,189,en,pink purple,pink purple
255,0,65,en,red with a little pink,red with a little pink
255,203,0,en,dull yellow,dull yellow
42,0,255,en,blue,blue
255,0,90,en,red pink,red pink
210,0,255,en,purple,purple
255,0,154,en,purple pink,purple pink
203,255,0,en,yellow green,yellow green
255,156,0,en,light orange,light orange
255,0,82,en,red,red
255,0,255,en,purple,purple
255,93,0,en,orange,orange
255,251,0,en,yellow,yellow
255,0,118,en,pink,pink
215,0,255,en,blue,blue
255,232,0,en,yellow,yellow
255,134,0,en,orange,orange
255,0,127,en,pink,pink
255,0,82,en,salmon,salmon
238,255,0,en,yellow,yellow
148,0,255,en,purple,purple
255,52,0,en,red,red
153,255,0,en,green,green
202,0,255,en,neon purple,neon purple
255,242,0,en,sunshine yellow,sunshine yellow
255,121,0,en,orange,orange
255,0,24,en,red,red
255,207,0,en,faint yellow,faint yellow
255,0,120,en,magenta,magenta
255,0,111,en,pink,pink
255,95,0,en,orange,orange
255,26,0,en,red,red
255,0,47,en,dark red,dark red
189,0,255,en,purple,purple
255,217,0,en,yellow,yellow
255,246,0,en,yellow,yellow
255,0,72,en,red,red
255,127,0,en,orange,orange
255,0,211,en,magenta,magenta
255,0,36,en,red,red
255,0,141,en,rose,rose
255,0,83,en,reddish pink,reddish pink
211,255,0,en,lime green,lime
255,0,160,en,violet,violet
255,238,0,en,yellow,yellow
255,0,210,en,pink,pink
255,0,141,en,dark pink,dark pink
255,0,16,en,red,red
255,0,199,en,magenta,magenta
255,0,106,en,pink,pink
160,255,0,en,pea green,pea green
255,207,0,en,yellow orange,yellow orange
255,172,0,en,orange,orange
246,255,0,en,yellow,yellow
32,255,0,en,neon green,neon green
255,150,0,en,dusty orange,dusty orange
255,224,0,en,buttercup,buttercup
201,255,0,en,yellow green,yellow green
255,0,222,en,hot pink,hot pink
255,185,0,en,yellow orange,yellow orange
255,71,0,en,red,red
170,255,0,en,lime,lime
176,0,255,en,purple,purple
255,109,0,en,red orange,red orange
255,183,0,en,light orange,light orange
255,0,117,en,magenta,magenta
255,85,0,en,red orange,red orange
151,255,0,en,light green,light green
173,0,255,en,lavender,lavender
255,122,0,en,orange,orange
255,0,87,en,pink,pink
230,0,255,en,pink purple,pink purple
246,255,0,en,yellow,yellow
255,0,176,en,pink,pink
255,187,0,en,orange,orange
61,255,0,en,light green,light green
255,0,89,en,hot pink,hot pink
195,0,255,en,pink purple,pink purple
255,242,0,en,yellpw,yellpw
161,0,255,en,purple,purple
186,255,0,en,frog green,frog green
255,0,55,en,red,red
255,0,207,en,pink,pink
253,255,0,en,banana yellow,banana yellow
255,129,0,en,orange,orange
178,255,0,en,yellow green,yellow green
255,222,0,en,golden yellow,golden yellow
255,103,0,en,red orange,red orange
255,0,132,en,magenta,magenta
255,253,0,en,yellow,yellow
255,0,92,en,watermelon pink,watermelon pink
255,251,0,en,yellow,yellow
255,0,39,en,red,red
110,255,0,en,lime green,lime
255,0,130,en,rose pink,rose
255,78,0,en,dark orange,dark orange
255,138,0,en,orange,orange
255,173,0,en,orange,orange
255,196,0,en,light orange,light orange
96,255,0,en,lime green,lime
255,0,159,en,pink,pink
255,65,0,en,red,red
138,0,255,en,purple,purple
135,255,0,en,light green,light green
255,83,0,en,red orange,red orange
251,0,255,en,light purple,light purple
255,0,213,en,pinkish purple,pinkish purple
125,255,0,en,lime green,lime
255,133,0,en,orange,orange
255,0,113,en,magenta,magenta
255,193,0,en,yellow,yellow
172,0,255,en,purple,purple
255,0,59,en,red,red
255,0,114,en,hot pink,hot pink
120,0,255,en,violet,violet
109,255,0,en,yellow green,yellow green
255,112,0,en,pumpkin orange,pumpkin orange
255,0,168,en,fuschia,fuschia
255,0,0,en,red orange,red orange
255,0,81,en,pink,pink
255,131,0,en,bright orange,bright orange
173,255,0,en,lime green,lime
255,239,0,en,yellow,yellow
255,0,60,en,red,red
149,0,255,en,purple,purple
255,0,191,en,magenta,magenta
229,255,0,en,yellow,yellow
255,74,0,en,red,red
255,0,102,en,magenta,magenta
255,0,143,en,dark pink,dark pink
33,255,0,en,lime green,lime
242,0,255,en,purple,purple
255,255,0,en,yellow,yellow
255,0,203,en,pink,pink
255,154,0,en,orange,orange
8,0,255,en,navy blue,navy
206,255,0,en,grass green,grass green
255,0,71,en,red,red
255,134,0,en,orange,orange
125,255,0,en,lime green,lime
255,86,0,en,dark orange,dark orange
225,0,255,en,eccentric purple,eccentric purple
255,0,43,en,strawberry red,strawberry red
255,160,0,en,pumpkin orange,pumpkin orange
255,0,164,en,pink,pink
255,0,248,en,purple,purple
255,0,61,en,red,red
255,0,40,en,red,red
255,0,233,en,purple,purple
92,255,0,en,green,green
157,255,0,en,electric green,electric green
255,80,0,en,red,red
169,0,255,en,purpel,purpel
220,255,0,en,yellow green,yellow green
255,195,0,en,orange,orange
255,0,121,en,pink,pink
255,128,0,en,traffic cone orange,traffic cone orange
221,0,255,en,deep purple,deep purple
184,0,255,en,dark purple,dark purple
201,255,0,en,yellowish green,yellowish green
255,215,0,en,mustard,mustard
93,255,0,en,lime green,lime
255,71,0,en,red,red
255,0,19,en,red,red
255,0,244,en,violet,violet
208,255,0,en,yellow green,yellow green
255,224,0,en,gold,gold
255,96,0,en,red orange,red orange
255,199,0,en,gold,gold
255,49,0,en,red,red
206,255,0,en,greenish yellow,greenish yellow
255,87,0,en,orange,orange
255,78,0,en,orange,orange
255,187,0,en,orange yellow,orange yellow
255,0,202,en,magenta,magenta
181,255,0,en,greenish yellow,greenish yellow
101,0,255,en,dark puple,dark puple
255,0,250,en,magentya,magentya
255,86,0,en,rust,rust
255,0,142,en,pink,pink
255,29,0,en,red,red
255,157,0,en,gold,gold
255,0,242,en,magenta,magenta
255,0,65,en,blood red,blood red
181,255,0,en,light green,light green
255,0,16,en,red,red
255,228,0,en,fall orange,fall orange
59,255,0,en,green,green
238,0,255,en,liac,liac
255,192,0,en,orange,orange
255,245,0,en,dark yellow,dark yellow
255,175,0,en,pure orange,pure orange
202,0,255,en,violet,violet
154,255,0,en,lime green,lime
255,191,0,en,orange,orange
82,255,0,en,neon green,neon green
255,0,254,en,neon pink,neon pink
201,0,255,en,purple,purple
197,255,0,en,green yellow,green yellow
113,0,255,en,dark blue,dark blue
255,0,99,en,magenta,magenta
255,58,0,en,bright red,bright red
233,255,0,en,yellow with a hint of green,yellow with a hint of green
255,0,218,en,pink with purple,pink with purple
107,0,255,en,blue with a little purple,blue with a little purple
255,223,0,en,golden yellow,golden yellow
255,230,0,en,yellow orange,yellow orange
255,41,0,en,red orange,red orange
255,174,0,en,orange,orange
159,255,0,en,yellow green,yellow green
255,0,98,en,pink,pink
255,0,54,en,blood red,blood red
229,0,255,en,lilac,lilac
255,0,136,en,pink,pink
190,0,255,en,purple,purple
255,67,0,en,red orange,red orange
255,0,47,en,red,red
130,255,0,en,lime green,lime
255,43,0,en,red,red
211,255,0,en,yellow,yellow
255,0,183,en,purple,purple
158,0,255,en,blue,blue
137,0,255,en,dark purple,dark purple
129,255,0,en,greenish yellow,greenish yellow
255,0,72,en,red pink,red pink
255,178,0,en,orange,orange
255,0,181,en,pink,pink
255,0,249,en,purple pink,purple pink
255,209,0,en,dark yellow,dark yellow
251,0,255,en,purple,purple
255,0,96,en,red pink,red pink
87,255,0,en,lime green,lime
116,0,255,en,dark blue,dark blue
255,142,0,en,dark orange,dark orange
255,214,0,en,dark yellow,dark yellow
255,78,0,en,red,red
128,0,255,en,blue purple,blue purple
255,121,0,en,pumpkin orange,pumpkin orange
255,101,0,en,red blue,red blue
180,255,0,en,lime green,lime
255,242,0,en,yellow,yellow
59,0,255,en,blue,blue
255,162,0,en,orange,orange
255,0,78,en,dark pink,dark pink
255,0,35,en,red,red
255,239,0,en,yellow,yellow
255,0,225,en,magenta,magenta
255,0,80,en,pink/red,pinkred
170,0,255,en,purple,purple
231,255,0,en,yellow,yellow
255,205,0,en,gold,gold
119,255,0,en,like green,like green
255,89,0,en,redish orange,redish orange
255,160,0,en,orange,orange
168,0,255,en,purple,purple
255,0,229,en,bright pink,bright pink
255,0,138,en,hot pink,hot pink
89,255,0,en,lime green,lime
255,0,248,en,pink purple,pink purple
134,255,0,en,frog green,frog green
255,0,167,en,pink,pink
143,255,0,en,lime green,lime
255,199,0,en,ywlloe,ywlloe
255,0,3,en,red,red
200,0,255,en,purple,purple
255,0,121,en,pink,pink
57,0,255,en,dark blue,dark blue
255,138,0,en,orange,orange
255,0,81,en,magenta,magenta
255,192,0,en,mustard,mustard
255,0,177,en,hot pink,hot pink
255,0,101,en,red,red
255,104,0,en,orange,orange
255,245,0,en,yellow,yellow
255,170,0,en,orange,orange
255,0,1,en,red,red
190,255,0,en,yellow green,yellow green
255,196,0,en,yellow orange,yellow orange
74,255,0,en,lime green,lime
255,0,214,en,hot pink,hot pink
170,0,255,en,lavender,lavender
255,154,0,en,orange,orange
255,127,0,en,burnt orange,burnt orange
255,55,0,en,red,red
231,0,255,en,magenta,magenta
255,174,0,en,orange yellow,orange yellow
206,0,255,en,purple,purple
255,0,241,en,fuschia,fuschia
255,0,206,en,hot pink,hot pink
255,0,40,en,red,red
243,0,255,en,light purple,light purple
255,0,101,en,pink red,pink red
205,0,255,en,purple,purple
149,0,255,en,blue purple,blue purple
255,0,68,en,red,red
255,0,146,en,pink,pink
255,157,0,en,tangerine,tangerine
255,0,243,en,magenta,magenta
255,164,0,en,orange,orange
209,255,0,en,yellow green,yellow green
255,241,0,en,yellow orange,yellow orange
242,255,0,en,yellow,yellow
255,45,0,en,red,red
81,255,0,en,neon green,neon green
255,170,0,en,redish orange,redish orange
82,0,255,en,dark blue,dark blue
157,0,255,en,lavender,lavender
255,226,0,en,cream,cream
255,76,0,en,red,red
255,0,205,en,purple,purple
219,255,0,en,yellow,yellow
255,94,0,en,red,red
255,162,0,en,orange,orange
255,201,0,en,orange,orange
255,240,0,en,yellow,yellow
67,255,0,en,lime green,lime
255,0,53,en,cherry red,cherry red
213,0,255,en,purple,purple
249,0,255,en,magenta,magenta
255,0,245,en,magenta,magenta
238,255,0,en,yellow,yellow
115,0,255,en,indigo,indigo
255,0,108,en,pink,pink
255,0,164,en,purple,purple
255,210,0,en,yellow,yellow
166,255,0,en,yellow,yellow
255,0,46,en,red,red
255,157,0,en,orange,orange
255,232,0,en,yellow,yellow
255,0,59,en,red,red
255,122,0,en,orange,orange
255,0,232,en,purple,purple
130,255,0,en,yellow,yellow
255,116,0,en,red orange,red orange
255,74,0,en,red,red
255,0,160,en,magenta,magenta
255,0,204,en,rose,rose
255,225,0,en,musatrd,musatrd
255,168,0,en,orange,orange
255,0,169,en,magenta,magenta
253,255,0,en,yellow,yellow
211,255,0,en,lime green,lime
136,0,255,en,indigo,indigo
255,0,22,en,red,red
255,0,195,en,magenta,magenta
255,0,238,en,magenta,magenta
220,255,0,en,mod yellow,mod yellow
255,84,0,en,burnt orange,burnt orange
255,0,171,en,hot pink,hot pink
154,0,255,en,dark purple,dark purple
255,105,0,en,red,red
239,0,255,en,purple,purple
255,0,149,en,magenta,magenta
70,0,255,en,blue,blue
135,0,255,en,dark purple,dark purple
255,218,0,en,orange yellow,orange yellow
255,0,185,en,rose pink,rose
255,193,0,en,yellow orange,yellow orange
255,0,222,en,pink,pink
152,0,255,en,light purple,light purple
255,175,0,en,dark yellow orange,dark yellow orange
255,0,54,en,red,red
252,0,255,en,magenta,magenta
172,255,0,en,light green,light green
255,0,101,en,red pink,red pink
255,0,216,en,pink purple,pink purple
187,0,255,en,light purple,light purple
230,255,0,en,yellow,yellow
255,0,4,en,red,red
255,0,193,en,purple pink,purple pink
255,0,125,en,dark pink,dark pink
43,255,0,en,lime green,lime
255,0,123,en,magenta,magenta
255,92,0,en,burnt orange,burnt orange
238,0,255,en,bright purple,bright purple
255,0,34,en,bright red,bright red
255,0,98,en,pink,pink
255,130,0,en,light orange,light orange
255,250,0,en,yellow,yellow
255,90,0,en,orange,orange
201,255,0,en,yellow/green,yellow-green
255,0,255,en,light purple,light purple
255,0,136,en,bright pink,bright pink
255,0,176,en,magenta,magenta
196,0,255,en,purple,purple
255,0,204,en,purple pink,purple pink
255,233,0,en,gold,gold
235,255,0,en,yellow,yellow
255,0,216,en,purple pink,purple pink
255,138,0,en,orange,orange
137,255,0,en,lime green,lime
255,0,97,en,pink,pink
255,0,204,en,purple pink,purple pink
255,0,27,en,red,red
255,0,73,en,red,red
255,0,166,en,pink,pink
255,0,134,en,magenta,magenta
255,253,0,en,yellow,yellow
255,163,0,en,dark orange,dark orange
169,255,0,en,green pear,green pear
255,0,243,en,lavender purple,lavender purple
255,150,0,en,orange red,orange-red
255,0,124,en,rosy red,rosy red
255,0,174,en,dark purple pink,dark purple pink
216,255,0,en,highlight yellow,highlight yellow
235,255,0,en,spicy yellow,spicy yellow
223,255,0,en,yellow green,yellow green
246,255,0,en,yellow,yellow
255,0,159,en,pink,pink
220,0,255,en,purple,purple
61,255,0,en,lime green,lime
255,0,241,en,magenta,magenta
255,162,0,en,orange,orange
255,0,84,en,salmon,salmon
255,134,0,en,pumpkin orange,pumpkin orange
255,98,0,en,burnt orange,burnt orange
255,194,0,en,orange,orange
93,255,0,en,lime green,lime
159,0,255,en,magenta,magenta
255,0,166,en,hot pink,hot pink
177,255,0,en,pea green,pea green
255,0,48,en,red,red
255,51,0,en,orange red,orange-red
255,168,0,en,peach,peach
255,117,0,en,orange,orange
255,136,0,en,pumpkin orange,pumpkin orange
255,196,0,en,gold,gold
255,0,0,en,red,red
255,0,197,en,pink,pink
255,0,73,en,redish pink,redish pink
99,0,255,en,dark blue,dark blue
255,142,0,en,orange,orange
166,255,0,en,lime green,lime
255,0,249,en,violate,violate
255,0,9,en,red,red
255,99,0,en,burnt orange,burnt orange
255,244,0,en,yellow,yellow
255,0,160,en,hot pink,hot pink
145,255,0,en,lime green,lime
255,224,0,en,yellow,yellow
255,0,87,en,red pink,red pink
82,255,0,en,lime green,lime
46,0,255,en,royal blue,royal blue
255,0,188,en,magenta,magenta
255,0,251,en,light purple,light purple
255,26,0,en,red,red
255,190,0,en,light orange,light orange
255,0,214,en,hot pink,hot pink
255,0,20,en,scarlet,scarlet
224,255,0,en,dandelion,dandelion
255,0,50,en,red pink,red pink
198,255,0,en,lime green,lime
255,212,0,en,gold yellow,gold yellow
233,255,0,en,yellow,yellow
86,0,255,en,indigo,indigo
255,99,0,en,red,red
255,139,0,en,orange,orange
28,255,0,en,green,green
241,255,0,en,yellow,yellow
204,255,0,en,green,green
101,255,0,en,green,green
255,0,205,en,pink,pink
227,0,255,en,lavendar,lavendar
255,0,199,en,pink,pink
159,0,255,en,purple,purple
255,227,0,en,yellow,yellow
255,79,0,en,rust,rust
255,88,0,en,rust,rust
255,0,66,en,red,red
255,219,0,en,peach,peach
225,255,0,en,neon yellow,neon yellow
255,0,173,en,hot pink,hot pink
169,0,255,en,violet purple,violet purple
255,100,0,en,pumpkin orange,pumpkin orange
231,0,255,en,lavender,lavender
255,0,147,en,hot pink,hot pink
255,0,39,en,red,red
255,0,192,en,purple pink,purple pink
152,0,255,en,indigo,indigo
255,0,74,en,red pink,red pink
255,223,0,en,yellow,yellow
255,0,131,en,hot pink,hot pink
255,0,8,en,orange,orange
255,69,0,en,red orange,red orange
255,0,217,en,magenta,magenta
203,255,0,en,green yellow,green yellow
255,50,0,en,red,red
255,0,43,en,pink,pink
255,0,141,en,purple pink,purple pink
255,175,0,en,gold,gold
227,0,255,en,purple,purple
130,255,0,en,green,green
147,0,255,en,violet,violet
255,0,161,en,magenta,magenta
255,132,0,en,pumpkin orange,pumpkin orange
255,0,55,en,hot pink,hot pink
255,7,0,en,red,red
148,255,0,en,pea green,pea green
179,0,255,en,purple,purple
255,136,0,en,orange,orange
255,0,68,en,pink red,pink red
255,34,0,en,red,red
255,0,43,en,orange red,orange-red
129,255,0,en,lime green,lime
8,255,0,en,green,green
255,74,0,en,brown red,brown red
255,140,0,en,dark orange,dark orange
172,0,255,en,purple,purple
245,255,0,en,yellow,yellow
255,0,64,en,pink,pink
255,0,67,en,coral pink,coral
255,9,0,en,deep red,deep red
214,255,0,en,green yellow,green yellow
255,158,0,en,orange,orange
255,244,0,en,mild yellow,mild yellow
254,0,255,en,electric violet,electric violet
109,255,0,en,sublimal green,sublimal green
255,0,109,en,tulip pink,tulip pink
246,0,255,en,light purple,light purple
255,0,18,en,red,red
139,0,255,en,violet,violet
255,0,81,en,fuchia,fuchia
255,0,167,en,magenta,magenta
255,0,227,en,medium purple,medium purple
99,0,255,en,blue violet,blue-violet
255,103,0,en,burnt orange,burnt orange
133,255,0,en,weak green,weak green
255,0,226,en,magenta pink,magenta pink
212,0,255,en,eletric purple,eletric purple
255,0,157,en,bright pink,bright pink
255,0,178,en,pink,pink
145,0,255,en,violet,violet
255,99,0,en,orange,orange
255,235,0,en,yellow,yellow
255,166,0,en,yellow orange,yellow orange
255,0,33,en,red,red
255,0,100,en,hot pink,hot pink
255,75,0,en,burnt orange,burnt orange
172,0,255,en,purple,purple
255,162,0,en,dark orange,dark orange
255,0,161,en,deep pink,deep pink
255,0,142,en,violet red,violet red
255,0,91,en,crimson,crimson
185,0,255,en,purple,purple
255,0,75,en,red,red
255,0,79,en,red pink,red pink
255,0,115,en,pink,pink
255,0,197,en,pink,pink
31,0,255,en,darker blue,darker blue
255,105,0,en,orange,orange
234,0,255,en,purple,purple
255,0,244,en,pink,pink
145,0,255,en,violet,violet
215,255,0,en,green yellow,green yellow
255,242,0,en,gold,gold
255,0,195,en,fuchsia,fuchsia
255,0,214,en,hot pink,hot pink
115,255,0,en,lime green,lime
255,245,0,en,lemon,lemon
74,0,255,en,royal blue,royal blue
255,0,103,en,pink,pink
255,0,44,en,raspberry re,raspberry re
255,191,0,en,gold,gold
129,255,0,en,lime green,lime
255,203,0,en,orange,orange
255,129,0,en,orange red,orange-red
252,0,255,en,violet,violet
4,255,0,en,lime,lime
94,0,255,en,cornflower blue,cornflower blue
255,98,0,en,red orange,red orange
175,255,0,en,green yellow,green yellow
255,31,0,en,rose,rose
255,0,30,en,scarlet,scarlet
194,0,255,en,dark purple,dark purple
143,255,0,en,green apple,green apple
187,255,0,en,yellow green,yellow green
255,233,0,en,yellow,yellow
255,80,0,en,red orange,red orange
255,153,0,en,orange,orange
255,0,170,en,electric pink,electric pink
255,151,0,en,blood orange,blood orange
241,255,0,en,sunshine yellow,sunshine yellow
255,218,0,en,golden yellow,golden yellow
255,0,251,en,pink purple,pink purple
255,0,207,en,pinky purple,pinky purple
204,0,255,en,purple,purple
255,177,0,en,gold,gold
186,255,0,en,yellow green,yellow green
255,0,40,en,raspberry red,raspberry red
255,0,42,en,red,red
201,0,255,en,purple,purple
255,228,0,en,yellow,yellow
255,61,0,en,red/orange,redorange
255,0,121,en,pink,pink
255,207,0,en,golden yellow,golden yellow
255,0,100,en,magenta,magenta
255,146,0,en,orange,orange
255,0,64,en,pink flower,pink flower
109,0,255,en,purple blue,purple blue
255,245,0,en,yellow,yellow
242,0,255,en,violet,violet
255,150,0,en,orange,orange
255,200,0,en,yellow orange,yellow orange
255,0,160,en,bright pink,bright pink
255,178,0,en,light orange,light orange
255,0,62,en,pink,pink
255,46,0,en,red orange,red orange
255,0,26,en,red,red
48,255,0,en,lime green,lime
255,115,0,en,burnt orange,burnt orange
255,0,225,en,bright purple,bright purple
124,255,0,en,bright green,bright green
154,255,0,en,green sucker,green sucker
255,0,168,en,pink,pink
255,244,0,en,yellow,yellow
255,25,0,en,red,red
187,255,0,en,lime green,lime
195,0,255,en,light purple,light purple
163,0,255,en,dark purple,dark purple
117,255,0,en,green,green
246,0,255,en,violet,violet
242,255,0,en,yellow,yellow
221,0,255,en,violet,violet
255,0,149,en,pink,pink
122,255,0,en,lime,lime
169,0,255,en,purple,purple
255,0,179,en,magenta,magenta
255,0,72,en,crimson,crimson
255,69,0,en,blood orange,blood orange
255,98,0,en,orange,orange
209,255,0,en,ochre,ochre
255,0,97,en,crimson,crimson
255,0,223,en,magenta,magenta
152,255,0,en,lime,lime
255,0,142,en,rose,rose
255,0,44,en,red,red
255,160,0,en,orange,orange
255,0,189,en,pink and ourple,pink and ourple
255,119,0,en,dark orange,dark orange
255,77,0,en,red,red
255,130,0,en,orange,orange
40,255,0,en,lime green,lime
255,171,0,en,organge,organge
255,201,0,en,gold,gold
255,0,162,en,dark pink,dark pink
255,0,242,en,violet,violet
170,255,0,en,lime green,lime
255,0,214,en,pink,pink
157,255,0,en,yellow green,yellow green
213,255,0,en,yellow,yellow
255,0,83,en,red,red
255,180,0,en,orange,orange
82,255,0,en,lime green,lime
255,0,137,en,red pink,red pink
255,0,208,en,pink,pink
255,235,0,en,yellow,yellow
255,126,0,en,orange,orange
255,244,0,en,yellow,yellow
255,199,0,en,yellow orange,yellow orange
151,0,255,en,violet,violet
255,235,0,en,yellow,yellow
255,0,60,en,red,red
255,0,115,en,pink and red,pink and red
255,0,43,en,red,red
255,245,0,en,lemon yellow,lemon yellow
124,255,0,en,lime green,lime
255,0,37,en,red,red
232,0,255,en,magenta,magenta
131,0,255,en,violet,violet
255,0,107,en,pink,pink
141,255,0,en,yellow green,yellow green
255,0,139,en,magenta,magenta
200,255,0,en,schartruce,schartruce
255,0,222,en,hot pink,hot pink
255,0,210,en,magenta,magenta
255,0,128,en,fuschia,fuschia
255,0,53,en,alizarin crimson,alizarin crimson
255,62,0,en,red,red
255,196,0,en,cadmium yellow,cadmium yellow
255,234,0,en,yellow,yellow
255,0,190,en,pink,pink
218,255,0,en,yellow green,yellow green
255,225,0,en,gold,gold
255,87,0,en,red orange,red orange
255,0,214,en,magenta,magenta
177,0,255,en,purple,purple
155,0,255,en,violet,violet
3,0,255,en,dark blue,dark blue
240,255,0,en,dark yellow,dark yellow
255,0,180,en,magenta,magenta
255,0,103,en,pink,pink
255,97,0,en,red orange,red orange
240,0,255,en,purple,purple
255,0,41,en,red,red
220,255,0,en,dark yellow,dark yellow
255,191,0,en,gold,gold
80,255,0,en,lime green,lime
255,119,0,en,orange,orange
255,0,58,en,red,red
255,0,215,en,bright pink,bright pink
255,62,0,en,red orange,red orange
255,0,123,en,magenta,magenta
255,0,167,en,pink,pink
255,227,0,en,gold,gold
165,255,0,en,yellow green,yellow green
255,180,0,en,orange,orange
255,0,118,en,pink,pink
109,255,0,en,lime green,lime
255,248,0,en,yellow,yellow
255,184,0,en,light orange,light orange
230,0,255,en,purple,purple
255,0,110,en,magenta,magenta
255,143,0,en,orange,orange
255,115,0,en,dark orange,dark orange
149,255,0,en,yellow green,yellow green
255,55,0,en,red,red
108,0,255,en,dark blue,dark blue
255,159,0,en,orange,orange
213,0,255,en,purple,purple
255,0,207,en,magenta,magenta
169,255,0,en,light green,light green
255,184,0,en,orange,orange
74,255,0,en,neon green,neon green
255,255,0,en,yellow,yellow
168,0,255,en,purple,purple
255,0,205,en,lighter purple,lighter purple
255,0,74,en,red,red
255,198,0,en,pee yellow,pee yellow
221,0,255,en,neon purple,neon purple
255,0,130,en,hot pink,hot pink
255,224,0,en,yellow,yellow
255,0,234,en,pink,pink
255,0,7,en,red,red
255,0,80,en,red pink,red pink
193,255,0,en,yellow green,yellow green
255,225,0,en,gold,gold
255,0,166,en,magenta,magenta
255,138,0,en,orange,orange
255,172,0,en,lighter orange,lighter orange
196,255,0,en,yellow,yellow
255,229,0,en,gold,gold
210,255,0,en,green/yelloe,greenyelloe
255,0,109,en,pink,pink
243,0,255,en,neon purple,neon purple
255,186,0,en,mustard,mustard
255,153,0,en,light orange,light orange
255,39,0,en,red,red
95,0,255,en,dark blue,dark blue
255,77,0,en,dark orange,dark orange
255,0,155,en,pink,pink
255,0,96,en,fuscia,fuscia
255,103,0,en,dull orange,dull orange
255,235,0,en,yellow,yellow
255,0,39,en,red,red
255,0,254,en,light purple,light purple
255,0,128,en,dark pink,dark pink
255,0,222,en,lighter purple,lighter purple
214,0,255,en,purple,purple
255,0,68,en,red,red
255,0,120,en,pink,pink
241,255,0,en,yellow,yellow
255,0,144,en,pink/purple,pinkpurple
126,0,255,en,neon purple,neon purple
255,0,215,en,neon pink,neon pink
255,0,201,en,pink,pink
202,0,255,en,purple,purple
250,255,0,en,yellow,yellow
255,141,0,en,dark orange,dark orange
224,255,0,en,mustard yellow,mustard
255,239,0,en,yellow/orange,yelloworange
255,163,0,en,orange,orange
255,0,104,en,hot pink,hot pink
255,188,0,en,light orange,light orange
255,0,229,en,purple,purple
255,143,0,en,orange,orange
255,0,106,en,pink,pink
255,247,0,en,yellow,yellow
255,0,178,en,fuschia,fuschia
255,47,0,en,red,red
126,255,0,en,neon green,neon green
181,0,255,en,purple,purple
255,79,0,en,orange,orange
255,224,0,en,yelloe,yelloe
255,0,198,en,brighter purple,brighter purple
255,206,0,en,dull yellow,dull yellow
255,0,33,en,red,red
255,79,0,en,orange,orange
185,255,0,en,yellow/green,yellow-green
255,90,0,en,orange,orange
255,240,0,en,yellow,yellow
35,255,0,en,green,green
255,162,0,en,orange,orange
255,0,1,en,red,red
255,0,118,en,pink,pink
255,0,107,en,pink,pink
255,160,0,en,orange,orange
255,0,22,en,red,red
255,235,0,en,yellow,yellow
145,255,0,en,yellow green,yellow green
175,0,255,en,purple,purple
255,67,0,en,orange/red,orange-red
255,0,45,en,red,red
255,187,0,en,sand,sand
255,176,0,en,gold,gold
237,0,255,en,hot pink,hot pink
188,255,0,en,yellow green,yellow green
255,0,115,en,red pink,red pink
255,0,145,en,pink,pink
166,255,0,en,green,green
62,255,0,en,green,green
255,0,163,en,pink,pink
201,0,255,en,purple,purple
255,0,188,en,pink,pink
255,0,237,en,purple,purple
190,255,0,en,yellow,yellow
255,124,0,en,orange,orange
255,0,246,en,purple,purple
255,186,0,en,orange,orange
156,0,255,en,blue purple,blue purple
255,0,165,en,fuschia,fuschia
255,0,117,en,pink,pink
230,255,0,en,yellow,yellow
255,0,56,en,red,red
110,255,0,en,light green,light green
255,249,0,en,yellow,yellow
255,232,0,en,dark yellow,dark yellow
255,0,119,en,pink,pink
155,255,0,en,yucky green,yucky green
115,255,0,en,green,green
255,203,0,en,mustard yellow,mustard
255,0,253,en,neon purplde,neon purplde
255,0,211,en,pink,pink
255,0,122,en,pink,pink
121,255,0,en,green,green
255,0,170,en,pink,pink
255,0,251,en,pink,pink
255,0,243,en,lesser bright purple,lesser bright purple
255,173,0,en,orange,orange
138,0,255,en,more dull blue,more dull blue
255,150,0,en,dill orange,dill orange
255,0,150,en,bright purple,bright purple
243,255,0,en,yellow,yellow
255,0,249,en,less bright purple,less bright purple
79,0,255,en,dull blue,dull blue
255,0,51,en,red,red
255,0,117,en,magenta,magenta
255,0,20,en,red,red
255,0,83,en,magenta,magenta
255,234,0,en,yelllow,yelllow
146,0,255,en,purple,purple
255,0,63,en,red,red
255,0,216,en,dark pink,dark pink
255,173,0,en,mustard,mustard
255,0,209,en,purple,purple
255,105,0,en,orange,orange
255,0,94,en,hot pink,hot pink
255,250,0,en,yellow,yellow
255,186,0,en,yellow,yellow
255,151,0,en,orange,orange
255,167,0,en,orange,orange
144,255,0,en,green,green
255,109,0,en,orange,orange
195,0,255,en,purple,purple
123,255,0,en,lime green,lime
255,43,0,en,red orange,red orange
159,255,0,en,light green,light green
255,134,0,en,rustic orange,rustic orange
255,0,193,en,fuchia,fuchia
255,0,24,en,red,red
255,191,0,en,gold,gold
255,191,0,en,faint orange,faint orange
255,0,252,en,purple,purple
79,0,255,en,blue,blue
114,0,255,en,puple/blue,pupleblue
255,255,0,en,yellow,yellow
210,255,0,en,yellow/green,yellow-green
166,0,255,en,purple,purple
255,0,15,en,red,red
255,78,0,en,dark orange,dark orange
255,0,163,en,pink,pink
255,127,0,en,orange,orange
255,95,0,en,rustic orange,rustic orange
255,161,0,en,orange yellow,orange yellow
255,255,0,en,yellow,yellow
255,0,246,en,red violet,red violet
207,255,0,en,yellow green,yellow green
255,0,117,en,razzmatazz,razzmatazz
255,0,249,en,purple,purple
255,0,42,en,red,red
181,255,0,en,faint yellow,faint yellow
255,0,80,en,pink,pink
255,0,94,en,pink,pink
255,52,0,en,red/orange,redorange
255,143,0,en,orange,orange
216,255,0,en,yellow,yellow
255,0,94,en,light dark pink,light dark pink
255,0,76,en,dark pink,dark pink
255,0,114,en,light purple,light purple
144,255,0,en,neon green,neon green
255,96,0,en,dull orange,dull orange
255,183,0,en,yellow orange,yellow orange
255,0,219,en,magenta,magenta
255,87,0,en,orange,orange
251,255,0,en,yellow,yellow
191,255,0,en,yellow green,yellow green
255,60,0,en,red orange,red orange
255,154,0,en,yellow orange,yellow orange
160,0,255,en,purple,purple
255,0,93,en,razzmatazz,razzmatazz
233,0,255,en,light purple,light purple
155,0,255,en,purple,purple
193,0,255,en,violet,violet
255,0,70,en,red pink,red pink
255,228,0,en,middle yellow,middle yellow
255,0,174,en,magenta,magenta
202,0,255,en,purple,purple
242,0,255,en,pink/purple,pinkpurple
255,145,0,en,orange,orange
255,0,112,en,pinkish red,pinkish red
255,0,211,en,pink,pink
255,205,0,en,gold,gold
180,255,0,en,lime green,lime
255,0,95,en,red,red
255,0,115,en,fushia,fushia
255,220,0,en,mustard yellow,mustard
255,0,208,en,pink/purple,pinkpurple
159,0,255,en,magenta,magenta
252,255,0,en,light yellow,light yellow
255,0,214,en,pink/purple,pinkpurple
255,179,0,en,orange,orange
213,0,255,en,light purple,light purple
255,109,0,en,blood orange,blood orange
255,182,0,en,orange,orange
128,255,0,en,lime green,lime
163,0,255,en,purple,purple
151,0,255,en,indigo,indigo
48,0,255,en,blue,blue
242,0,255,en,magenta,magenta
165,0,255,en,purple,purple
157,255,0,en,yellow green,yellow green
255,0,191,en,magenta,magenta
255,124,0,en,orange,orange
255,0,170,en,pink,pink
126,255,0,en,yellow green,yellow green
255,124,0,en,burnt orange,burnt orange
86,0,255,en,royal blue,royal blue
255,0,207,en,pink,pink
246,255,0,en,yellow,yellow
255,0,211,en,magenta,magenta
255,217,0,en,gold,gold
222,255,0,en,yellow,yellow
255,116,0,en,rusty orange,rusty orange
48,255,0,en,lime green,lime
255,186,0,en,orange/yellow,orangeyellow
255,0,69,en,rose red,rose red
255,8,0,en,red,red
255,123,0,en,orange,orange
226,255,0,en,yellow,yellow
255,0,167,en,fushia,fushia
128,255,0,en,green,green
255,0,251,en,purple,purple
255,0,189,en,pink,pink
255,0,82,en,rose red,rose red
255,226,0,en,yellow,yellow
255,117,0,en,orange,orange
31,255,0,en,green,green
255,0,216,en,purple,purple
147,0,255,en,purple,purple
86,0,255,en,royal blue,royal blue
255,0,47,en,rose red,rose red
255,195,0,en,gold,gold
253,255,0,en,yellow,yellow
255,0,131,en,pink,pink
171,255,0,en,lemon lime,lemon lime
255,155,0,en,orange,orange
212,0,255,en,purple,purple
255,0,116,en,rosy pink,rosy pink
240,255,0,en,yellow,yellow
255,100,0,en,orange,orange
110,0,255,en,dark violet,dark violet
127,255,0,en,yellow green,yellow green
161,255,0,en,lime green,lime
255,0,107,en,hot pink,hot pink
255,199,0,en,gold,gold
186,0,255,en,magenta,magenta
247,255,0,en,yellow,yellow
255,148,0,en,orange,orange
255,0,18,en,red,red
255,0,249,en,magenta,magenta
54,0,255,en,navy,navy
98,255,0,en,lime green,lime
255,0,158,en,hot pink,hot pink
255,84,0,en,burnt orange,burnt orange
255,0,228,en,fuschia,fuschia
255,45,0,en,red,red
228,255,0,en,yellow,yellow
255,0,205,en,pink,pink
255,0,232,en,pink purple,pink purple
255,195,0,en,yellow orange,yellow orange
255,161,0,en,orange,orange
221,0,255,en,violet,violet
179,255,0,en,yellow green,yellow green
255,71,0,en,orange red,orange-red
255,0,156,en,rosy pink,rosy pink
89,0,255,en,dark blue,dark blue
255,0,64,en,red pink,red pink
255,0,38,en,red,red
255,232,0,en,gold,gold
221,255,0,en,lemon,lemon
7,255,0,en,electric green,electric green
195,0,255,en,purple,purple
255,0,88,en,pink,pink
255,150,0,en,orange,orange
255,0,159,en,hot pink,hot pink
255,111,0,en,orange,orange
119,255,0,en,lime green,lime
117,0,255,en,indigo,indigo
184,0,255,en,royal purple,royal purple
255,0,206,en,fuchsia,fuchsia
255,0,152,en,magenta,magenta
255,56,0,en,orange,orange
255,0,87,en,pink,pink
255,206,0,en,yellow,yellow
255,245,0,en,yellow,yellow
255,0,205,en,magenta,magenta
5,0,255,en,royal blue,royal blue
255,172,0,en,golden yellow,golden yellow
119,0,255,en,purple,purple
238,0,255,en,light purple,light purple
203,255,0,en,lime green,lime
252,255,0,en,yellow,yellow
255,0,40,en,red,red
255,0,213,en,magenta,magenta
255,0,175,en,hot pink,hot pink
1,0,255,en,dark blue,dark blue
255,127,0,en,orange,orange
255,0,39,en,red,red
153,0,255,en,violet,violet
255,232,0,en,yellow,yellow
184,0,255,en,purple,purple
237,0,255,en,magenta,magenta
255,0,242,en,magenta,magenta
255,94,0,en,orange,orange
255,55,0,en,red,red
255,0,207,en,pink,pink
255,155,0,en,light orange,light orange
255,128,0,en,orange,orange
255,93,0,en,dark orange,dark orange
255,235,0,en,yellow,yellow
255,0,138,en,dark pink,dark pink
255,0,79,en,scarlet,scarlet
255,0,146,en,fuschia,fuschia
45,255,0,en,lime green,lime
107,0,255,en,indigo,indigo
255,0,6,en,red,red
255,203,0,en,golden yellow,golden yellow
255,0,33,en,red,red
189,255,0,en,puke green,puke green
255,0,73,en,salmon,salmon
255,0,106,en,pink,pink
255,67,0,en,burnt orange,burnt orange
255,205,0,en,gold,gold
255,235,0,en,yellow,yellow
255,0,101,en,rose,rose
163,0,255,en,purple,purple
255,197,0,en,light orange,light orange
135,255,0,en,lime green,lime
255,0,72,en,red,red
115,255,0,en,electric green,electric green
255,0,97,en,alizarin crimson,alizarin crimson
134,255,0,en,lime green,lime
255,132,0,en,orange,orange
255,48,0,en,red,red
192,255,0,en,schartruce,schartruce
255,0,133,en,hot pink,hot pink
255,96,0,en,red,red
255,178,0,en,orange,orange
255,0,247,en,magenta,magenta
255,231,0,en,yellow,yellow
216,0,255,en,purple,purple
233,255,0,en,lemon yellow,lemon yellow
255,0,236,en,pinky purple,pinky purple
255,0,195,en,hot pink,hot pink
177,255,0,en,puke green,puke green
233,0,255,en,purple,purple
255,0,127,en,hot pink,hot pink
250,255,0,en,yellow,yellow
255,161,0,en,orange,orange
255,132,0,en,rust orange,rust orange
255,129,0,en,orange,orange
73,255,0,en,green,green
154,255,0,en,light green,light green
255,0,246,en,pink,pink
201,255,0,en,yellow green,yellow green
255,244,0,en,yellow,yellow
255,0,174,en,pink,pink
255,0,188,en,pink,pink
255,29,0,en,red,red
255,176,0,en,orange,orange
255,103,0,en,dark orange,dark orange
255,218,0,en,bright orange,bright orange
255,0,72,en,magenta,magenta
255,0,110,en,dark pink,dark pink
255,0,17,en,red,red
255,0,236,en,pink,pink
177,0,255,en,purple,purple
255,202,0,en,yellow orange,yellow orange
141,0,255,en,purple,purple
255,0,124,en,dark pink,dark pink
255,151,0,en,orange,orange
255,0,141,en,magenta,magenta
255,0,94,en,hot pink,hot pink
255,0,206,en,light purple,light purple
255,0,59,en,red,red
174,0,255,en,purple,purple
255,252,0,en,yellow,yellow
222,0,255,en,purple,purple
255,117,0,en,orange,orange
255,209,0,en,mustard yellow,mustard
255,0,23,en,red,red
186,0,255,en,dark purple,dark purple
255,0,173,en,pink,pink
211,255,0,en,yellow green,yellow green
255,0,142,en,fuchia,fuchia
255,0,140,en,violet red,violet red
255,0,52,en,scarlet,scarlet
255,0,104,en,rose red,rose red
255,0,171,en,pink,pink
255,188,0,en,gold,gold
226,255,0,en,yellow,yellow
255,0,48,en,red,red
162,255,0,en,yellow green,yellow green
242,0,255,en,light purple,light purple
255,0,109,en,fuchia,fuchia
255,0,66,en,red,red
107,255,0,en,green,green
255,246,0,en,yellow,yellow
255,49,0,en,red,red
255,0,185,en,purple,purple
255,159,0,en,orange,orange
255,0,240,en,light purple,light purple
122,0,255,en,purple,purple
255,0,172,en,magenta,magenta
255,191,0,en,orange,orange
255,174,0,en,light orange,light orange
255,117,0,en,dark orange,dark orange
69,255,0,en,green,green
12,0,255,en,dark blue,dark blue
255,224,0,en,orange,orange
148,255,0,en,green,green
217,255,0,en,yellow,yellow
251,0,255,en,magenta,magenta
255,0,27,en,red,red
255,59,0,en,dark orange,dark orange
255,0,212,en,fuchia,fuchia
120,0,255,en,indigo,indigo
144,255,0,en,yellow green,yellow green
255,230,0,en,yellow,yellow
255,123,0,en,orange,orange
255,59,0,en,orange red,orange-red
255,0,65,en,scarlet,scarlet
255,0,45,en,red,red
255,196,0,en,musturd,musturd
155,0,255,en,indigo,indigo
255,0,93,en,magenta,magenta
255,97,0,en,pumpkin,pumpkin
255,0,149,en,fuchsia,fuchsia
222,255,0,en,line green,line green
239,255,0,en,lemon,lemon
255,143,0,en,yam,yam
255,238,0,en,musturd,musturd
255,0,133,en,fuscia,fuscia
255,0,205,en,magenta,magenta
125,255,0,en,lime,lime
245,0,255,en,fuschia,fuschia
255,165,0,en,pumpkin,pumpkin
144,255,0,en,chartreuse,chartreuse
166,0,255,en,indigo,indigo
255,0,244,en,magenta,magenta
255,0,155,en,pink,pink
255,200,0,en,gold,gold
202,255,0,en,yellow,yellow
245,0,255,en,purple,purple
209,255,0,en,green,green
255,7,0,en,red,red
133,0,255,en,purple,purple
255,0,40,en,red,red
255,224,0,en,yellow,yellow
255,0,217,en,pink,pink
255,0,132,en,pink,pink
255,0,102,en,pink,pink
43,255,0,en,green,green
255,147,0,en,orange,orange
255,85,0,en,orange,orange
255,248,0,en,yellow,yellow
255,185,0,en,orange,orange
246,255,0,en,yellow,yellow
255,0,102,en,pink,pink
255,0,140,en,magenta,magenta
255,0,176,en,pink,pink
255,96,0,en,orange,orange
255,0,51,en,red,red
104,255,0,en,green,green
112,0,255,en,purple,purple
255,163,0,en,gold,gold
213,0,255,en,purple,purple
185,255,0,en,green,green
255,161,0,en,orange,orange
255,0,55,en,red,red
255,0,154,en,pink,pink
255,0,191,en,pink,pink
255,0,96,en,pink,pink
255,93,0,en,red orange,red orange
163,0,255,en,violet,violet
255,0,233,en,hot pink,hot pink
255,132,0,en,orange,orange
255,0,139,en,rose,rose
255,178,0,en,yellow orange,yellow orange
255,0,250,en,hot purple,hot purple
243,0,255,en,pink,pink
255,0,29,en,red,red
147,255,0,en,green,green
255,120,0,en,orange,orange
255,238,0,en,yellow,yellow
255,53,0,en,red,red
57,0,255,en,blue,blue
168,0,255,en,purple,purple
255,0,224,en,magnta,magnta
255,196,0,en,yellow orange,yellow orange
255,0,52,en,red,red
159,0,255,en,purple,purple
255,0,153,en,hot pink,hot pink
255,250,0,en,yellow,yellow
255,46,0,en,red,red
174,255,0,en,lime green,lime
114,255,0,en,lime green,lime
255,0,35,en,red,red
255,237,0,en,yellow,yellow
255,0,209,en,hot pink,hot pink
21,0,255,en,blue,blue
207,255,0,en,yellow green,yellow green
255,125,0,en,orange,orange
255,199,0,en,yellow,yellow
255,114,0,en,orange,orange
255,241,0,en,yellow,yellow
1,255,0,en,green,green
255,0,103,en,pink,pink
255,0,62,en,red,red
110,0,255,en,purple,purple
255,0,159,en,pink,pink
78,0,255,en,purple,purple
255,63,0,en,orange,orange
227,0,255,en,purple,purple
186,255,0,en,yellow,yellow
148,255,0,en,lime green,lime
242,255,0,en,yellow,yellow
28,0,255,en,persian blue,persian blue
60,255,0,en,lime green,lime
139,255,0,en,lawn green,lawn green
255,197,0,en,amber,amber
255,0,191,en,hot pink,hot pink
255,213,0,en,gold,gold
255,10,0,en,scarlett,scarlett
213,0,255,en,purple,purple
255,0,117,en,pink,pink
122,0,255,en,indigo,indigo
255,0,87,en,red,red
241,0,255,en,fuschia,fuschia
255,0,235,en,pink,pink
255,67,0,en,orange,orange
255,0,22,en,red,red
255,0,145,en,hot pink,hot pink
216,0,255,en,violet,violet
255,250,0,en,pineapple,pineapple
255,0,110,en,rose,rose
255,0,241,en,fushia,fushia
255,93,0,en,safety orange,safety orange
255,0,112,en,deep pink,deep pink
244,255,0,en,yellow,yellow
70,255,0,en,green,green
255,0,211,en,fuschia,fuschia
255,237,0,en,gold,gold
255,0,54,en,red,red
255,105,0,en,orange,orange
255,32,0,en,red orange,red orange
147,255,0,en,yellow green,yellow green
255,0,181,en,fuschia,fuschia
255,0,171,en,fuschia,fuschia
255,209,0,en,goldenrod,goldenrod
255,153,0,en,orange,orange
255,133,0,en,orange,orange
255,0,13,en,red,red
223,255,0,en,yellow green,yellow green
158,0,255,en,purple,purple
116,255,0,en,green,green
203,255,0,en,yellow green,yellow green
255,174,0,en,orange,orange
255,236,0,en,gold,gold
255,0,248,en,fuschia,fuschia
167,255,0,en,green,green
246,255,0,en,yellow,yellow
255,84,0,en,red orange,red orange
246,255,0,en,bright yellow,bright yellow
255,0,127,en,hot pink,hot pink
129,255,0,en,lime green,lime
255,108,0,en,reddish orange,reddish orange
255,207,0,en,yellow,yellow
255,0,63,en,red,red
255,157,0,en,orange,orange
255,0,169,en,fuscia,fuscia
205,255,0,en,chartreuse,chartreuse
129,0,255,en,royal purple,royal purple
255,135,0,en,tiger,tiger
255,153,0,en,tangerine,tangerine
255,0,38,en,crimson,crimson
255,0,58,en,strawberry,strawberry
242,0,255,en,wineberry,wineberry
255,98,0,en,orange,orange
255,0,13,en,bright red,bright red
255,0,226,en,light purple,light purple
255,0,95,en,hot pink,hot pink
255,0,189,en,light purple,light purple
183,0,255,en,lavender,lavender
255,0,255,en,purple,purple
255,76,0,en,burnt orange,burnt orange
255,0,71,en,pink,pink
255,0,151,en,pink,pink
255,0,192,en,fuschia,fuschia
255,0,132,en,pink,pink
255,0,46,en,red,red
255,192,0,en,orange,orange
166,0,255,en,purple,purple
255,0,239,en,fuschia,fuschia
255,0,83,en,pink,pink
255,51,0,en,red orange,red orange
255,150,0,en,orange,orange
239,0,255,en,purple pink,purple pink
216,255,0,en,yellow green,yellow green
255,227,0,en,yellow,yellow
99,0,255,en,blue purple,blue purple
255,0,109,en,pink red,pink red
170,255,0,en,green yellow,green yellow
255,143,0,en,orange yellow,orange yellow
255,0,187,en,pink,pink
178,0,255,en,purple,purple
255,253,0,en,yellow,yellow
229,255,0,en,chartreuse,chartreuse
255,0,164,en,hot pink,hot pink
165,255,0,en,yellow green,yellow green
255,148,0,en,salmon,salmon
110,255,0,en,green,green
255,224,0,en,peach,peach
255,0,69,en,red,red
118,0,255,en,purple,purple
255,0,62,en,pink,pink
200,0,255,en,purple,purple
220,255,0,en,yellow,yellow
255,95,0,en,orange,orange
255,0,97,en,pink,pink
255,180,0,en,orange,orange
150,255,0,en,green,green
255,0,31,en,red,red
84,0,255,en,purple,purple
96,0,255,en,purple,purple
255,0,190,en,pink,pink
255,188,0,en,orange,orange
255,0,129,en,pink,pink
242,255,0,en,yellow,yellow
255,66,0,en,orange,orange
255,148,0,en,orange,orange
71,0,255,en,blue,blue
255,0,220,en,pink,pink
255,0,180,en,pink,pink
255,171,0,en,orange,orange
255,0,114,en,red,red
174,0,255,en,purple,purple
88,255,0,en,green,green
255,0,13,en,red,red
255,0,146,en,pink,pink
255,0,222,en,purple,purple
116,255,0,en,green,green
251,0,255,en,purple,purple
255,225,0,en,yellow,yellow
255,93,0,en,orange,orange
255,0,241,en,pink,pink
255,132,0,en,orange,orange
251,0,255,en,purple,purple
124,255,0,en,green,green
255,72,0,en,red,red
255,0,1,en,red,red
255,153,0,en,orange,orange
187,255,0,en,green,green
47,0,255,en,blue,blue
255,0,153,en,pink,pink
255,0,199,en,pink,pink
255,146,0,en,orange,orange
60,255,0,en,green,green
255,0,132,en,red,red
250,255,0,en,yellow,yellow
255,97,0,en,red,red
255,0,110,en,red,red
255,186,0,en,orange,orange
255,70,0,en,oraange,oraange
97,0,255,en,blue,blue
255,160,0,en,orange,orange
255,0,128,en,pink,pink
167,255,0,en,green,green
255,196,0,en,orange,orange
212,0,255,en,purple,purple
255,226,0,en,yellow,yellow
234,255,0,en,yellow,yellow
255,0,207,en,pink,pink
252,0,255,en,purple,purple
255,0,58,en,red,red
103,0,255,en,blue,blue
255,232,0,en,yellow,yellow
209,0,255,en,purple,purple
163,255,0,en,green,green
255,0,239,en,purple,purple
204,255,0,en,green,green
255,0,168,en,pink,pink
255,0,34,en,red,red
255,0,93,en,pink,pink
255,0,54,en,pink,pink
115,0,255,en,purple,purple
255,0,51,en,cardinal,cardinal
255,236,0,en,yellow,yellow
255,107,0,en,orange,orange
255,0,252,en,magenta,magenta
255,63,0,en,burnt orange,burnt orange
255,0,87,en,pinkish red,pinkish red
205,0,255,en,violet,violet
128,255,0,en,lime green,lime
255,0,178,en,magenta,magenta
255,0,250,en,magenta,magenta
255,0,107,en,hot pink,hot pink
255,212,0,en,duck bill yello,duck bill yello
255,0,59,en,raspberry,raspberry
114,0,255,en,purple,purple
255,131,0,en,orange,orange
255,0,169,en,magenta,magenta
216,255,0,en,yellow green,yellow green
107,255,0,en,dirty green,dirty green
82,0,255,en,navy blue,navy
102,255,0,en,lime green,lime
255,0,244,en,pink,pink
255,0,31,en,brick red,brick red
255,0,198,en,mauve,mauve
255,103,0,en,orange,orange
103,0,255,en,purple,purple
255,0,125,en,violet,violet
255,0,28,en,red,red
167,0,255,en,purple,purple
255,252,0,en,yellow,yellow
255,0,121,en,pink red,pink red
255,0,232,en,magenta,magenta
255,198,0,en,marigold,marigold
255,0,203,en,pink,pink
148,255,0,en,yellow green,yellow green
255,161,0,en,orange,orange
255,0,169,en,magenta,magenta
255,69,0,en,orange,orange
177,255,0,en,dark yellow,dark yellow
255,145,0,en,school bus orange,school bus orange
255,0,136,en,magenta,magenta
255,0,253,en,pink,pink
255,0,90,en,red,red
255,132,0,en,orange,orange
252,255,0,en,yellow,yellow
191,0,255,en,purple,purple
255,0,80,en,brick red,brick red
255,78,0,en,red orange,red orange
162,255,0,en,light green,light green
255,0,167,en,mauve,mauve
255,0,227,en,purple,purple
255,213,0,en,yellow orange,yellow orange
255,0,20,en,red orange,red orange
255,96,0,en,burnt orange,burnt orange
254,255,0,en,yellow,yellow
186,255,0,en,lime green,lime
255,172,0,en,orange,orange
255,167,0,en,orange,orange
255,221,0,en,gold,gold
255,184,0,en,light orange,light orange
202,255,0,en,yellow green,yellow green
255,0,228,en,neon purple,neon purple
235,255,0,en,gold yellow,gold yellow
255,0,79,en,pink,pink
255,69,0,en,orange,orange
230,255,0,en,yellow,yellow
225,0,255,en,purple,purple
255,245,0,en,yellow,yellow
255,193,0,en,orange,orange
255,155,0,en,orange,orange
228,255,0,en,yellow,yellow
128,0,255,en,neon purple blue,neon purple blue
140,255,0,en,yellow green,yellow green
98,255,0,en,green,green
255,208,0,en,gold,gold
255,0,101,en,magenta,magenta
255,0,250,en,light purple,light purple
255,101,0,en,orange red,orange-red
255,0,176,en,light magenta,light magenta
255,0,207,en,purple,purple
255,0,14,en,red,red
255,0,117,en,pink,pink
255,86,0,en,orange,orange
42,0,255,en,blue,blue
255,179,0,en,gold orange,gold orange
255,222,0,en,gold,gold
255,0,155,en,pink purple,pink purple
255,0,29,en,pink red,pink red
164,0,255,en,light purple,light purple
255,138,0,en,orange,orange
255,0,118,en,magenta,magenta
191,255,0,en,yellow green,yellow green
255,0,74,en,magenta,magenta
255,0,39,en,red,red
255,0,101,en,pink,pink
255,103,0,en,orange,orange
150,255,0,en,yellow green,yellow green
91,0,255,en,indigo,indigo
255,143,0,en,orange,orange
177,0,255,en,purple,purple
255,0,245,en,purple,purple
255,51,0,en,orange,orange
255,0,161,en,purple,purple
144,255,0,en,green,green
255,0,70,en,red,red
89,255,0,en,green,green
117,0,255,en,purple,purple
255,228,0,en,yellow,yellow
255,0,98,en,pink,pink
255,0,243,en,pink,pink
156,0,255,en,purple,purple
255,221,0,en,yellow,yellow
255,126,0,en,orange,orange
255,54,0,en,red,red
255,0,156,en,dark pink,dark pink
255,0,183,en,neon pink,neon pink
255,208,0,en,dandelion yellow,dandelion yellow
243,0,255,en,magenta,magenta
235,255,0,en,neon yellow,neon yellow
255,164,0,en,yellow orange,yellow orange
113,255,0,en,lime green,lime
205,0,255,en,purple,purple
255,0,123,en,red pink,red pink
255,0,210,en,pink,pink
255,247,0,en,yellow,yellow
255,0,112,en,pink,pink
255,0,12,en,red,red
255,0,49,en,red,red
255,0,103,en,pink,pink
148,0,255,en,purple,purple
255,191,0,en,yellow,yellow
255,71,0,en,orange,orange
255,0,172,en,pink,pink
114,255,0,en,green,green
255,178,0,en,yellow,yellow
255,111,0,en,orange,orange
192,255,0,en,yellow,yellow
185,255,0,en,yellow,yellow
255,132,0,en,orange,orange
255,230,0,en,yellow,yellow
255,0,247,en,purple,purple
255,0,211,en,pink,pink
213,0,255,en,purple,purple
162,0,255,en,light purple,light purple
255,137,0,en,orange,orange
255,236,0,en,yellow,yellow
255,0,249,en,violet,violet
255,202,0,en,mustard,mustard
255,0,38,en,red,red
255,0,78,en,hot pink,hot pink
255,0,182,en,magenta,magenta
249,255,0,en,yellow,yellow
213,255,0,en,mustard,mustard
255,103,0,en,orange,orange
255,0,221,en,magenta,magenta
255,75,0,en,orange,orange
179,0,255,en,grape,grape
66,0,255,en,blue,blue
159,255,0,en,lime,lime
255,157,0,en,orange,orange
255,0,82,en,red,red
97,255,0,en,lime green,lime
255,0,150,en,hot pink,hot pink
255,0,141,en,hot pink,hot pink
255,0,80,en,salmon,salmon
255,246,0,en,yellow,yellow
255,97,0,en,orange,orange
255,0,141,en,pink,pink
255,53,0,en,red orange,red orange
255,0,254,en,purple,purple
255,237,0,en,dark yellow,dark yellow
255,192,0,en,orange yellow,orange yellow
75,0,255,en,purplish blue,purplish blue
200,255,0,en,yellow green,yellow green
255,0,108,en,pink,pink
255,0,39,en,pink red,pink red
128,255,0,en,light green,light green
255,0,157,en,pink,pink
255,127,0,en,orange,orange
175,255,0,en,yellow green,yellow green
255,0,240,en,purple pink,purple pink
255,172,0,en,light orange,light orange
197,0,255,en,purple,purple
255,0,203,en,pink purple,pink purple
255,254,0,en,yellow,yellow
255,218,0,en,gold,gold
117,0,255,en,lavender,lavender
255,0,31,en,red,red
71,255,0,en,light green,light green
255,0,83,en,hot pink,hot pink
255,0,151,en,pink,pink
197,255,0,en,neon yellow,neon yellow
255,122,0,en,orange,orange
138,255,0,en,neon green,neon green
255,174,0,en,light orange,light orange
255,117,0,en,orange,orange
255,189,0,en,gold,gold
255,0,229,en,pink,pink
83,0,255,en,blue,blue
229,0,255,en,violet,violet
255,53,0,en,red,red
255,0,67,en,hot pink,hot pink
255,0,190,en,rose pink,rose
209,0,255,en,purple,purple
255,0,127,en,rose,rose
87,255,0,en,lime green,lime
129,0,255,en,purple,purple
255,0,169,en,pink,pink
255,0,132,en,indigo,indigo
255,108,0,en,orange,orange
255,0,179,en,pink,pink
247,255,0,en,yellow,yellow
255,0,51,en,maroon,maroon
255,0,43,en,red,red
255,143,0,en,orange,orange
160,255,0,en,yellow green,yellow green
255,56,0,en,red orange,red orange
211,255,0,en,light yellow,light yellow
255,0,255,en,light pink,light pink
255,0,100,en,indigo,indigo
200,0,255,en,orchid,orchid
255,0,212,en,pink,pink
255,184,0,en,light orange,light orange
255,231,0,en,yellow,yellow
255,161,0,en,orange,orange
255,0,185,en,pink,pink
255,4,0,en,red,red
255,0,111,en,burgundy,burgundy
66,0,255,en,royal blye,royal blye
255,169,0,en,orange,orange
160,0,255,en,purple,purple
126,255,0,en,right green,right green
255,245,0,en,yellow,yellow
255,142,0,en,auburn,auburn
214,255,0,en,mustard,mustard
244,0,255,en,magenta,magenta
255,204,0,en,musty yellow,musty yellow
255,0,47,en,red,red
255,87,0,en,orange and red mix,orange and red mix
193,0,255,en,purple,purple
255,0,231,en,magenta,magenta
255,0,139,en,deep pink,deep pink
255,0,147,en,pink,pink
255,214,0,en,mustard,mustard
157,255,0,en,puke green,puke green
255,0,77,en,red,red
108,255,0,en,green,green
139,0,255,en,purple,purple
29,0,255,en,blue,blue
255,0,52,en,pink,pink
255,62,0,en,orange,orange
255,0,82,en,pink,pink
221,0,255,en,purple,purple
240,255,0,en,yellow,yellow
255,240,0,en,yellow,yellow
255,0,117,en,pink,pink
255,202,0,en,gold,gold
255,99,0,en,orange,orange
255,0,151,en,purple,purple
216,255,0,en,yellow,yellow
255,152,0,en,orange,orange
255,0,242,en,purple,purple
255,0,203,en,purple,purple
255,0,15,en,red,red
140,255,0,en,green,green
181,0,255,en,purple,purple
255,123,0,en,orange,orange
182,255,0,en,yellow green,yellow green
111,0,255,en,purple,purple
255,0,166,en,fuschia,fuschia
255,102,0,en,burnt orange,burnt orange
212,255,0,en,yellow,yellow
85,0,255,en,indigo,indigo
255,0,56,en,red,red
255,0,192,en,magenta,magenta
237,0,255,en,fuschia,fuschia
244,255,0,en,yellow,yellow
255,178,0,en,gold,gold
172,0,255,en,purple,purple
255,0,119,en,magenta,magenta
255,0,21,en,red,red
255,0,245,en,fuschia,fuschia
255,199,0,en,gold,gold
41,255,0,en,green,green
255,60,0,en,burnt orange,burnt orange
255,0,86,en,magenta,magenta
255,151,0,en,burnt yellow,burnt yellow
255,226,0,en,yellow,yellow
137,255,0,en,green,green
170,0,255,en,purple,purple
255,73,0,en,red orange,red orange
255,140,0,en,orange,orange
255,0,245,en,pink,pink
32,0,255,en,blue,blue
255,0,208,en,pink,pink
255,199,0,en,yellow orange,yellow orange
98,255,0,en,green,green
255,0,53,en,red,red
255,218,0,en,yellow,yellow
255,0,252,en,pink,pink
197,255,0,en,green,green
255,0,150,en,pink,pink
255,182,0,en,yellow,yellow
255,245,0,en,yellow,yellow
255,0,157,en,pink,pink
255,107,0,en,orange,orange
255,71,0,en,red,red
255,0,61,en,red,red
255,0,226,en,magenta,magenta
255,150,0,en,orange,orange
142,0,255,en,purplish,purplish
255,154,0,en,orange,orange
143,255,0,en,green,green
255,0,251,en,purple,purple
219,255,0,en,yellow,yellow
255,0,139,en,red,red
255,0,108,en,red,red
255,0,37,en,red,red
255,211,0,en,yellow,yellow
255,0,178,en,purple,purple
79,255,0,en,green,green
255,232,0,en,yellow,yellow
64,0,255,en,blue,blue
194,0,255,en,purple,purple
255,0,129,en,pink,pink
251,255,0,en,yellow,yellow
255,118,0,en,orange,orange
145,0,255,en,purple,purple
255,0,93,en,red,red
255,0,11,en,red,red
245,255,0,en,yellow,yellow
255,0,252,en,magenta,magenta
255,228,0,en,mustard,mustard
255,82,0,en,salmon,salmon
192,255,0,en,green,green
206,0,255,en,lavender,lavender
129,255,0,en,green,green
255,0,38,en,red,red
255,18,0,en,red,red
255,0,181,en,pink,pink
148,0,255,en,lavender,lavender
255,0,216,en,magenta,magenta
255,0,139,en,pinkish purple,pinkish purple
255,148,0,en,orange,orange
255,0,53,en,red,red
255,176,0,en,orange,orange
170,255,0,en,green,green
255,183,0,en,orange,orange
255,0,149,en,pink,pink
255,0,75,en,red,red
106,0,255,en,even darker blue,even darker blue
255,225,0,en,peach,peach
76,0,255,en,darkest blue,darkest blue
255,0,227,en,purply pink,purply pink
255,0,172,en,pink,pink
135,255,0,en,pukey green,pukey green
255,200,0,en,mustard,mustard
83,255,0,en,lime green,lime
255,0,196,en,pink,pink
255,0,250,en,chartruse,chartruse
255,133,0,en,orange,orange
208,0,255,en,purple,purple
255,0,100,en,faded red,faded red
173,0,255,en,purple,purple
255,0,200,en,pinkish,pinkish
255,0,39,en,red,red
109,255,0,en,puke green,puke green
255,123,0,en,burnt orange,burnt orange
255,69,0,en,the same red,the same red
163,255,0,en,yellow green,yellow green
66,0,255,en,dark blue,dark blue
255,0,92,en,chartruse,chartruse
255,0,22,en,red,red
255,102,0,en,orange,orange
255,168,0,en,mustard,mustard
161,0,255,en,purple,purple
255,222,0,en,yellow,yellow
255,16,0,en,pretty red,pretty red
247,255,0,en,bright yellow,bright yellow
255,0,51,en,tomato,tomato
187,255,0,en,vomit,vomit
255,0,170,en,pink,pink
255,0,240,en,pink,pink
255,0,115,en,pink,pink
255,172,0,en,orange,orange
205,255,0,en,puke yellow,puke yellow
255,110,0,en,sort of a soft fuzzy armchair type of orange,sort of a soft fuzzy armchair type of orange
255,189,0,en,vanilla red,vanilla red
255,0,142,en,pink,pink
255,0,250,en,violet,violet
255,249,0,en,yellow,yellow
255,0,189,en,deep pink,deep pink
255,92,0,en,deep orange,deep orange
156,255,0,en,neon green,neon green
255,0,85,en,off red,off red
255,0,229,en,lavender pink,lavender pink
255,224,0,en,harvest yellow,harvest yellow
255,0,59,en,red,red
255,49,0,en,orange red,orange-red
255,144,0,en,pumpkin ornage,pumpkin ornage
205,255,0,en,lime green,lime
56,0,255,en,navy blue,navy
255,0,16,en,red,red
151,0,255,en,purple,purple
255,0,152,en,pink,pink
110,255,0,en,lime green,lime
255,0,114,en,orange red,orange-red
255,0,251,en,neon purple,neon purple
252,255,0,en,yellow,yellow
190,0,255,en,purple,purple
255,152,0,en,pumpkin orange,pumpkin orange
255,187,0,en,orange,orange
214,255,0,en,charteuse,charteuse
255,0,238,en,light purple,light purple
201,0,255,en,purple,purple
255,0,144,en,pink,pink
255,0,112,en,hot pink,hot pink
255,0,58,en,red pink,red pink
255,0,107,en,magenta,magenta
255,144,0,en,orange,orange
255,240,0,en,yellow,yellow
255,0,198,en,pink purple,pink purple
240,0,255,en,purple,purple
255,198,0,en,gold,gold
255,90,0,en,red orange,red orange
95,0,255,en,indigo,indigo
255,37,0,en,red,red
255,0,42,en,red,red
88,0,255,en,royal blue,royal blue
170,255,0,en,pea green,pea green
249,255,0,en,yellow,yellow
255,167,0,en,orange,orange
104,255,0,en,lime green,lime
255,0,151,en,violet,violet
255,0,51,en,soft red,soft red
255,0,24,en,red,red
255,0,87,en,dark pink,dark pink
212,0,255,en,violet,violet
255,0,122,en,purple,purple
172,255,0,en,greenish yellow,greenish yellow
255,207,0,en,cream,cream
255,0,224,en,light purple,light purple
158,255,0,en,green,green
224,0,255,en,ceres,ceres
255,0,158,en,pink,pink
243,255,0,en,yellow,yellow
255,238,0,en,yellow,yellow
255,0,223,en,purple,purple
255,0,119,en,pink,pink
255,191,0,en,yellow,yellow
215,255,0,en,lime,lime
255,96,0,en,orange,orange
255,0,72,en,red,red
255,0,82,en,pink,pink
142,0,255,en,purple,purple
60,0,255,en,purple,purple
255,200,0,en,warm orange,warm orange
255,240,0,en,warm yellow,warm yellow
51,0,255,en,deep blue,deep blue
209,255,0,en,lime,lime
255,0,71,en,red,red
255,0,35,en,red,red
168,0,255,en,purple,purple
255,81,0,en,crimson,crimson
255,225,0,en,yellow,yellow
255,123,0,en,orange,orange
152,255,0,en,lime green,lime
187,255,0,en,yellower green,yellower green
76,255,0,en,green,green
107,0,255,en,blue/purple,bluepurple
255,0,232,en,magenta,magenta
255,0,130,en,hot pink,hot pink
255,0,26,en,red,red
197,0,255,en,purple,purple
255,0,154,en,hot pink,hot pink
255,0,74,en,red,red
255,91,0,en,orange,orange
255,185,0,en,yellow,yellow
255,0,193,en,pink,pink
234,255,0,en,yellow,yellow
255,0,92,en,pink,pink
255,159,0,en,orange,orange
255,0,246,en,purple,purple
255,0,192,en,pink,pink
87,0,255,en,dark blue,dark blue
231,0,255,en,magneta,magneta
255,0,86,en,red,red
182,0,255,en,violet,violet
255,176,0,en,orange,orange
240,255,0,en,yellow,yellow
170,0,255,en,purple,purple
255,0,82,en,cool red,cool red
255,0,161,en,magenta,magenta
255,214,0,en,warm yellow,warm yellow
255,208,0,en,orange,orange
123,0,255,en,purple blue,purple blue
255,0,46,en,red,red
255,209,0,en,yellow orange,yellow orange
255,0,170,en,pink,pink
255,0,216,en,magneta,magneta
157,255,0,en,lime green,lime
255,134,0,en,orange,orange
255,248,0,en,yellow,yellow
255,55,0,en,bright red,bright red
255,242,0,en,warm yellow,warm yellow
255,0,144,en,hot pink,hot pink
255,0,226,en,pink,pink
255,248,0,en,lemon yellow,lemon yellow
178,0,255,en,purple,purple
255,0,176,en,pink,pink
255,241,0,en,yello,yello
215,255,0,en,yellow green,yellow green
94,255,0,en,time green,time green
255,0,78,en,dark pink,dark pink
255,112,0,en,orange,orange
255,0,119,en,pink,pink
143,0,255,en,purple,purple
214,255,0,en,mustard yellow,mustard
255,0,246,en,magenta,magenta
255,83,0,en,red orange,red orange
255,0,137,en,rose,rose
255,154,0,en,dusky orange,dusky orange
157,255,0,en,pale green,pale green
255,0,56,en,red,red
114,255,0,en,grass green,grass green
255,0,199,en,rose pink,rose
255,77,0,en,vermillion,vermillion
255,0,36,en,red,red
255,0,223,en,pink,pink
255,143,0,en,orange,orange
255,205,0,en,gold,gold
224,0,255,en,fushia,fushia
106,255,0,en,light green,light green
224,255,0,en,yellow green,yellow green
255,0,181,en,red pink,red pink
247,255,0,en,sun yellow,sun yellow
255,0,223,en,dark pink,dark pink
255,0,19,en,red,red
103,0,255,en,purple,purple
255,0,172,en,fushia pink,fushia pink
161,255,0,en,green yellow,green yellow
255,231,0,en,golden yellow,golden yellow
255,87,0,en,coral orange,coral orange
255,0,10,en,red,red
255,0,251,en,magenta,magenta
255,0,187,en,hot pink,hot pink
121,255,0,en,lime green,lime
255,220,0,en,yellow,yellow
255,150,0,en,tangerine,tangerine
200,255,0,en,lime green,lime
255,67,0,en,red,red
193,0,255,en,magenta,magenta
243,255,0,en,banana yellow,banana yellow
255,0,237,en,hot pink,hot pink
255,0,79,en,red,red
255,189,0,en,dark yellow,dark yellow
148,255,0,en,.lime green,lime
255,158,0,en,tangerine,tangerine
255,0,132,en,pink,pink
255,0,145,en,hot pink,hot pink
255,117,0,en,orange,orange
255,0,104,en,red pink,red pink
119,0,255,en,purple,purple
255,126,0,en,"am,ber","am,ber"
255,0,92,en,red pink,red pink
255,0,115,en,dark pink,dark pink
191,0,255,en,indigo,indigo
255,70,0,en,orange coral,orange coral
255,0,63,en,red,red
255,181,0,en,gold,gold
255,0,194,en,hot pink,hot pink
255,0,111,en,pink,pink
255,0,45,en,red,red
207,255,0,en,nasty green,nasty green
255,221,0,en,yellowy orange,yellowy orange
255,0,170,en,slightly less hot pink,slightly less hot pink
167,0,255,en,purple,purple
255,180,0,en,orange,orange
9,255,0,en,very bright green,very bright green
137,0,255,en,violet,violet
255,64,0,en,red,red
255,0,126,en,dark pink,dark pink
171,255,0,en,lime? neon green?,lime neon green
255,245,0,en,yellow,yellow
255,205,0,en,yellowy orange,yellowy orange
109,255,0,en,a vibrant green,a vibrant green
255,123,0,en,red orange,red orange
255,0,234,en,this is the same pink,this is the same pink
255,103,0,en,red,red
255,0,248,en,as this pink,as this pink
213,255,0,en,chartreuse,chartreuse
255,172,0,en,orange,orange
138,255,0,en,lime,lime
138,0,255,en,purple,purple
255,0,112,en,fuschia,fuschia
255,188,0,en,orange,orange
255,0,231,en,magenta,magenta
185,0,255,en,purple,purple
255,0,77,en,fuschia,fuschia
255,0,38,en,red,red
16,255,0,en,green,green
255,83,0,en,red orange,red orange
255,220,0,en,yellow,yellow
225,0,255,en,magenta,magenta
255,0,97,en,fuschia,fuschia
255,0,170,en,magenta,magenta
255,57,0,en,red orange,red orange
255,133,0,en,orange,orange
255,0,196,en,magenta,magenta
42,255,0,en,green,green
255,244,0,en,yellow,yellow
255,181,0,en,light orange,light orange
255,112,0,en,orange,orange
217,255,0,en,yellow,yellow
255,69,0,en,dark orange,dark orange
255,0,93,en,hot pink,hot pink
147,255,0,en,yellow green,yellow green
255,0,214,en,magenta,magenta
65,0,255,en,indigo,indigo
255,0,254,en,magenta,magenta
99,0,255,en,indigo,indigo
255,142,0,en,dark orange,dark orange
255,0,67,en,hot pink,hot pink
255,0,37,en,red,red
178,0,255,en,purple,purple
255,207,0,en,yellow,yellow
117,255,0,en,yellow green,yellow green
255,0,130,en,hot pink,hot pink
255,254,0,en,yellow,yellow
255,0,166,en,magenta,magenta
255,0,183,en,magenta,magenta
255,227,0,en,dark yellow,dark yellow
255,191,0,en,yellow,yellow
255,0,89,en,pink,pink
255,89,0,en,orange,orange
255,0,63,en,red,red
237,0,255,en,purple,purple
161,0,255,en,purple,purple
255,0,213,en,pink,pink
196,0,255,en,purple,purple
255,0,38,en,red,red
255,0,148,en,pink,pink
255,0,203,en,pink,pink
255,250,0,en,yellow,yellow
102,255,0,en,green,green
157,255,0,en,green,green
255,143,0,en,orange,orange
255,229,0,en,yellow,yellow
255,19,0,en,red,red
255,0,142,en,pink,pink
192,255,0,en,green,green
255,167,0,en,orange,orange
47,0,255,en,purple,purple
255,193,0,en,yellowq,yellowq
226,0,255,en,purple,purple
255,0,110,en,magenta,magenta
255,0,165,en,purple pink,purple pink
121,255,0,en,sickly green,sickly green
251,255,0,en,yellow,yellow
81,0,255,en,indigo,indigo
255,156,0,en,orange,orange
255,0,22,en,red,red
255,0,240,en,pink,pink
180,255,0,en,lime,lime
255,141,0,en,orange,orange
255,215,0,en,yellow but not the same,yellow but not the same
255,0,139,en,magenta,magenta
255,26,0,en,red,red
161,0,255,en,purple,purple
255,113,0,en,orange,orange
206,0,255,en,slightly redder purple,slightly redder purple
255,0,72,en,red pink,red pink
206,255,0,en,greenish yellow,greenish yellow
255,0,190,en,magenta,magenta
255,157,0,en,orange,orange
255,0,170,en,fusia,fusia
189,255,0,en,bright green,bright green
255,65,0,en,red/orange,redorange
255,0,72,en,red,red
255,0,208,en,pink,pink
113,0,255,en,purple,purple
255,236,0,en,yellow,yellow
255,124,0,en,orange,orange
255,0,218,en,pink,pink
255,0,201,en,pink,pink
33,0,255,en,blue,blue
255,186,0,en,orange,orange
55,255,0,en,green,green
151,0,255,en,purple,purple
230,0,255,en,pink,pink
255,0,127,en,hot pink,hot pink
187,255,0,en,inch worm,inch worm
243,0,255,en,fusia,fusia
83,255,0,en,lime,lime
150,255,0,en,inch worm,inch worm
255,0,70,en,candy apple,candy apple
255,250,0,en,yellow,yellow
255,10,0,en,red,red
208,0,255,en,purple,purple
255,217,0,en,yellow,yellow
255,0,161,en,pink,pink
255,78,0,en,orange red,orange-red
106,0,255,en,blue,blue
255,0,222,en,pink,pink
255,91,0,en,orange,orange
255,0,84,en,pink,pink
255,0,36,en,red,red
221,255,0,en,yellow,yellow
255,0,118,en,pink,pink
136,255,0,en,green,green
249,255,0,en,yellow,yellow
255,0,73,en,pink,pink
255,147,0,en,orange,orange
255,99,0,en,orange,orange
255,177,0,en,orange,orange
255,182,0,en,orange,orange
255,205,0,en,orange,orange
255,0,70,en,red,red
178,255,0,en,green,green
255,0,20,en,red,red
233,0,255,en,pink,pink
255,129,0,en,orange,orange
255,232,0,en,yellow,yellow
208,0,255,en,purple,purple
87,0,255,en,purple,purple
255,0,216,en,pink,pink
215,255,0,en,yellow,yellow
255,0,143,en,pink,pink
255,0,88,en,red,red
255,0,205,en,pink,pink
255,94,0,en,orange,orange
255,248,0,en,yellow,yellow
255,0,136,en,pink,pink
132,255,0,en,green,green
101,0,255,en,purple,purple
255,51,0,en,orange,orange
255,0,27,en,red,red
215,0,255,en,purple,purple
255,0,154,en,fushia,fushia
255,191,0,en,mustard,mustard
255,249,0,en,canarie yellow,canarie yellow
255,151,0,en,orange,orange
255,228,0,en,yellow,yellow
255,0,181,en,fushia,fushia
255,0,129,en,pink,pink
255,0,91,en,burgandy,burgandy
255,206,0,en,yellow,yellow
158,255,0,en,light green,light green
255,0,195,en,pink,pink
198,255,0,en,yello,yello
255,93,0,en,orange,orange
171,0,255,en,purple,purple
255,199,0,en,mustard yellow,mustard
90,255,0,en,green,green
255,0,238,en,pink,pink
239,255,0,en,yellow,yellow
255,0,57,en,red,red
175,0,255,en,purple,purple
255,146,0,en,orange,orange
232,0,255,en,purple,purple
255,0,170,en,pink,pink
146,0,255,en,purple,purple
255,159,0,en,orange,orange
255,118,0,en,orange,orange
255,0,138,en,pink,pink
185,255,0,en,neon yellow,neon yellow
255,0,209,en,pink,pink
202,255,0,en,neon yellow,neon yellow
255,0,99,en,burgandy,burgandy
255,38,0,en,red,red
255,0,21,en,red,red
255,232,0,en,yellow,yellow
255,196,0,en,yellow,yellow
255,129,0,en,orange,orange
255,0,92,en,magenta,magenta
241,0,255,en,fuchsia,fuchsia
255,0,171,en,fuchsia,fuchsia
131,0,255,en,purple,purple
255,0,177,en,fuchsia,fuchsia
201,255,0,en,neon green,neon green
255,0,23,en,red,red
96,255,0,en,neon green,neon green
255,176,0,en,yellow,yellow
212,0,255,en,purple,purple
255,72,0,en,red,red
255,0,120,en,magenta,magenta
255,0,221,en,fuchsia,fuchsia
255,0,54,en,red,red
255,245,0,en,yellow,yellow
255,238,0,en,lemon yellow,lemon yellow
255,84,0,en,red orange,red orange
152,255,0,en,yellow green,yellow green
30,255,0,en,light green,light green
255,0,32,en,red,red
255,0,89,en,magenta,magenta
219,0,255,en,purple,purple
255,0,229,en,pink,pink
255,103,0,en,orange,orange
57,255,0,en,light green,light green
255,250,0,en,yellow,yellow
255,0,187,en,magenta,magenta
255,199,0,en,dark yellow,dark yellow
255,0,65,en,formula red,formula red
255,137,0,en,orange,orange
172,0,255,en,purple,purple
210,255,0,en,ligth yellow,ligth yellow
255,0,205,en,fusia,fusia
255,251,0,en,yellow,yellow
255,0,121,en,hot pink,hot pink
255,202,0,en,orange,orange
208,0,255,en,purple,purple
180,255,0,en,inch worm,inch worm
255,0,55,en,red,red
255,14,0,en,red,red
255,0,12,en,red,red
92,0,255,en,blue,blue
255,0,102,en,pink,pink
255,227,0,en,yellow,yellow
255,149,0,en,orange,orange
255,0,225,en,fusia,fusia
255,113,0,en,orange,orange
255,164,0,en,orange,orange
219,255,0,en,inch worm,inch worm
104,255,0,en,lime,lime
255,0,158,en,pink,pink
244,0,255,en,purple,purple
254,255,0,en,yellow,yellow
255,0,116,en,pink,pink
120,0,255,en,purple,purple
255,0,151,en,pink,pink
255,0,210,en,pink,pink
255,208,0,en,yellow,yellow
186,0,255,en,purple,purple
255,83,0,en,orange,orange
255,24,0,en,red,red
77,255,0,en,green,green
255,236,0,en,yellow,yellow
255,127,0,en,orange,orange
220,0,255,en,purple,purple
255,193,0,en,yellow,yellow
255,0,224,en,purple,purple
255,220,0,en,yellow,yellow
255,92,0,en,orange,orange
255,0,58,en,pink,pink
159,0,255,en,purple,purple
36,0,255,en,blue,blue
255,126,0,en,orange,orange
255,21,0,en,red,red
76,255,0,en,green,green
255,118,0,en,orange,orange
255,0,140,en,pink,pink
236,255,0,en,yellow,yellow
255,46,0,en,orange,orange
255,131,0,en,orange,orange
255,0,160,en,pink,pink
255,0,16,en,red,red
255,0,201,en,pink,pink
255,0,216,en,purple,purple
255,0,44,en,red,red
255,0,143,en,pink,pink
255,0,73,en,red,red
255,0,98,en,pink,pink
255,0,247,en,purple,purple
255,155,0,en,orange,orange
231,0,255,en,purple,purple
255,222,0,en,orange yellow,orange yellow
240,255,0,en,yellow,yellow
255,0,11,en,red,red
255,0,184,en,pink,pink
255,0,69,en,red,red
255,71,0,en,red,red
177,255,0,en,light green,light green
201,255,0,en,light green,light green
104,255,0,en,green,green
201,0,255,en,purple,purple
136,255,0,en,green,green
255,49,0,en,orange,orange
255,126,0,en,orange,orange
255,0,207,en,pink,pink
255,0,53,en,red,red
255,212,0,en,yellow,yellow
255,0,105,en,pink,pink
255,131,0,en,orange,orange
120,255,0,en,green,green
185,255,0,en,green,green
255,0,128,en,pink,pink
255,221,0,en,yellow,yellow
255,83,0,en,orange,orange
255,0,199,en,pink,pink
255,239,0,en,yellow,yellow
255,0,25,en,red,red
156,255,0,en,green,green
255,133,0,en,orange,orange
235,0,255,en,light purple,light purple
255,100,0,en,dark orange,dark orange
255,174,0,en,orange,orange
88,255,0,en,lime green,lime
195,255,0,en,green,green
180,0,255,en,dark purple,dark purple
255,0,161,en,dark pink,dark pink
255,148,0,en,orange,orange
255,207,0,en,yellow,yellow
255,0,44,en,red,red
255,0,153,en,pink,pink
255,0,79,en,hot pink,hot pink
255,0,106,en,hot pink,hot pink
208,255,0,en,yellow,yellow
171,255,0,en,light green,light green
152,0,255,en,dark purple,dark purple
255,205,0,en,orange,orange
255,0,235,en,light purple,light purple
172,0,255,en,purple,purple
126,0,255,en,blue,blue
255,0,152,en,pink,pink
247,255,0,en,yellow,yellow
158,255,0,en,green,green
255,212,0,en,yellow,yellow
255,0,184,en,pink,pink
255,179,0,en,ornange,ornange
190,255,0,en,green,green
255,130,0,en,orange,orange
255,0,195,en,dark pink,dark pink
255,62,0,en,red orange,red orange
255,197,0,en,light orange,light orange
255,253,0,en,yellow,yellow
255,0,235,en,magenta,magenta
255,0,110,en,pink,pink
255,255,0,en,yellow,yellow
255,54,0,en,orange,orange
255,0,151,en,pink,pink
255,0,216,en,purple,purple
255,133,0,en,orange,orange
255,226,0,en,yellow,yellow
255,168,0,en,orang,orang
226,0,255,en,puple,puple
255,0,184,en,pink,pink
255,0,113,en,pink,pink
150,255,0,en,lime green,lime
255,0,138,en,fushia,fushia
255,0,87,en,hot pink,hot pink
255,0,64,en,hot pink,hot pink
252,0,255,en,light purple,light purple
255,12,0,en,red,red
255,0,227,en,pink,pink
255,227,0,en,yellow,yellow
138,0,255,en,purple,purple
255,155,0,en,orange,orange
255,87,0,en,orange,orange
194,255,0,en,yellow,yellow
255,0,86,en,pink,pink
255,84,0,en,orange,orange
135,0,255,en,blue,blue
216,255,0,en,green,green
210,0,255,en,puple,puple
255,0,164,en,pink,pink
255,0,77,en,red,red
255,249,0,en,yellow,yellow
255,0,60,en,red,red
200,0,255,en,purple,purple
255,195,0,en,yellow,yellow
255,154,0,en,orange,orange
223,255,0,en,yellow,yellow
140,0,255,en,purple,purple
255,0,140,en,pink,pink
103,255,0,en,green,green
255,83,0,en,orange,orange
255,0,157,en,purple,purple
50,255,0,en,green,green
255,0,247,en,purple,purple
255,191,0,en,yellowish,yellowish
255,0,225,en,purple,purple
252,255,0,en,yellow,yellow
255,77,0,en,orange,orange
153,0,255,en,purple,purple
255,176,0,en,light orange,light orange
255,0,48,en,red,red
134,255,0,en,darker green,darker green
203,0,255,en,light purple,light purple
225,255,0,en,yellow,yellow
255,0,180,en,violet,violet
255,0,85,en,pink,pink
255,0,144,en,hot pink,hot pink
255,65,0,en,orange,orange
241,255,0,en,gold,gold
169,255,0,en,lime green,lime
255,0,224,en,pink,pink
255,66,0,en,red,red
178,255,0,en,green,green
109,255,0,en,green,green
255,0,88,en,red,red
255,0,40,en,red,red
255,187,0,en,orange,orange
110,255,0,en,green,green
247,0,255,en,magenta,magenta
255,177,0,en,orange,orange
255,205,0,en,orange,orange
255,230,0,en,yellow,yellow
255,0,147,en,pink,pink
226,255,0,en,yellow,yellow
181,255,0,en,light green,light green
255,0,145,en,pink,pink
255,0,115,en,pink,pink
255,0,4,en,red,red
255,189,0,en,yellow,yellow
255,255,0,en,yellow,yellow
233,0,255,en,pink,pink
182,255,0,en,light green,light green
97,0,255,en,dark purple,dark purple
255,0,81,en,dark pink,dark pink
255,75,0,en,orange,orange
255,91,0,en,red,red
255,0,4,en,red,red
213,0,255,en,purple,purple
255,120,0,en,orange,orange
255,0,124,en,pink,pink
103,0,255,en,purple,purple
255,118,0,en,orange,orange
255,0,166,en,pink,pink
255,0,236,en,pink,pink
255,0,178,en,pink,pink
255,0,26,en,red,red
255,0,185,en,hot pink,hot pink
255,231,0,en,yellow,yellow
255,0,237,en,fushia,fushia
255,145,0,en,orange,orange
154,0,255,en,purple,purple
255,0,169,en,pink,pink
255,0,123,en,darker pink,darker pink
255,223,0,en,yellow,yellow
255,100,0,en,dark orange,dark orange
255,158,0,en,orange,orange
71,255,0,en,grass green,grass green
186,0,255,en,purple,purple
255,233,0,en,yellow,yellow
255,0,113,en,pink,pink
255,149,0,en,orange,orange
255,0,107,en,viollet,viollet
255,0,7,en,red,red
255,0,194,en,pink,pink
255,156,0,en,orangeish,orangeish
148,0,255,en,purple,purple
193,0,255,en,purple,purple
255,0,192,en,pink,pink
209,255,0,en,yellow,yellow
255,0,161,en,hot pink,hot pink
185,255,0,en,dirty yellow,dirty yellow
238,255,0,en,bright yellow,bright yellow
255,115,0,en,orange,orange
255,0,49,en,red,red
255,0,132,en,dark pink,dark pink
255,247,0,en,yellow,yellow
242,0,255,en,purple,purple
255,0,168,en,dark purple,dark purple
233,255,0,en,yellow,yellow
255,0,210,en,purple,purple
255,0,249,en,purple,purple
40,0,255,en,blue,blue
186,255,0,en,yellow,yellow
164,0,255,en,purple,purple
163,255,0,en,yellow,yellow
255,0,222,en,pink,pink
255,191,0,en,orange,orange
255,186,0,en,dark yellow,dark yellow
255,0,106,en,dark pink,dark pink
255,113,0,en,orange,orange
255,120,0,en,dark orange,dark orange
251,255,0,en,yellow,yellow
255,0,136,en,vilote,vilote
255,0,204,en,dark pink,dark pink
255,0,116,en,pink,pink
255,0,79,en,red,red
237,255,0,en,yellow,yellow
255,0,235,en,dark pink,dark pink
255,233,0,en,yellow,yellow
255,0,35,en,red,red
255,0,136,en,hot pink,hot pink
255,0,237,en,pink purple,pink purple
170,0,255,en,purple,purple
86,255,0,en,green,green
255,96,0,en,orange,orange
255,132,0,en,orange,orange
255,226,0,en,yellow,yellow
255,178,0,en,orange,orange
255,0,22,en,red,red
245,0,255,en,pink,pink
184,0,255,en,purple,purple
235,255,0,en,yellow,yellow
255,74,0,en,orange,orange
228,255,0,en,yellow,yellow
255,0,49,en,red/ pink,red pink
130,255,0,en,lime green,lime
238,255,0,en,yellow,yellow
50,0,255,en,dark blue,dark blue
255,178,0,en,orange,orange
213,255,0,en,green yellow,green yellow
255,0,149,en,fushia,fushia
255,186,0,en,skin,skin
171,0,255,en,purple,purple
255,96,0,en,red orange,red orange
255,241,0,en,yellow,yellow
255,176,0,en,orange,orange
255,15,0,en,red,red
213,255,0,en,green,green
38,255,0,en,green,green
180,0,255,en,purple,purple
124,0,255,en,blue,blue
255,0,125,en,pink,pink
255,0,208,en,purple,purple
255,185,0,en,orange,orange
255,0,151,en,pink,pink
255,138,0,en,orange,orange
101,0,255,en,purple,purple
255,0,96,en,pink,pink
255,0,177,en,vileot,vileot
255,111,0,en,orange,orange
229,255,0,en,yellow,yellow
255,120,0,en,orange,orange
255,0,39,en,red,red
255,112,0,en,dark orange,dark orange
135,0,255,en,purple blue,purple blue
255,199,0,en,yellow,yellow
255,0,37,en,red,red
255,162,0,en,dirty orange,dirty orange
182,0,255,en,purple,purple
255,140,0,en,orange,orange
255,0,113,en,hot pink,hot pink
255,0,27,en,red,red
255,43,0,en,lite red,lite red
111,255,0,en,lite green,lite green
255,0,92,en,hot pink,hot pink
255,0,141,en,purple,purple
255,128,0,en,orange,orange
255,0,196,en,purple,purple
255,0,69,en,hot pink,hot pink
255,0,151,en,purple,purple
255,73,0,en,red,red
255,0,215,en,pinkish purple,pinkish purple
255,149,0,en,orange,orange
255,0,84,en,pink,pink
255,250,0,en,yellow,yellow
134,0,255,en,purple,purple
255,201,0,en,yellow,yellow
255,172,0,en,yellow,yellow
239,0,255,en,purple,purple
255,0,71,en,hot pink,hot pink
91,0,255,en,purple,purple
255,0,144,en,pink,pink
229,255,0,en,yellow,yellow
91,0,255,en,purple,purple
196,0,255,en,purple,purple
255,137,0,en,orange,orange
255,46,0,en,orange,orange
255,0,240,en,purple,purple
90,255,0,en,green,green
153,0,255,en,purple,purple
255,90,0,en,red,red
78,255,0,en,green,green
255,0,79,en,pink,pink
255,0,46,en,red,red
156,255,0,en,green,green
255,0,85,en,pink,pink
255,0,178,en,purple,purple
255,238,0,en,yellow/orange,yelloworange
255,204,0,en,orange,orange
255,141,0,en,orange dark,orange dark
255,0,224,en,purple light,purple light
255,0,107,en,dark purple,dark purple
255,231,0,en,yellow,yellow
68,255,0,en,green,green
255,0,18,en,red,red
255,167,0,en,orange,orange
202,255,0,en,yellow green,yellow green
255,0,79,en,pink,pink
255,25,0,en,dark orange,dark orange
255,160,0,en,orange,orange
126,255,0,en,green,green
162,255,0,en,green,green
215,0,255,en,purple,purple
255,96,0,en,orange,orange
255,0,238,en,light purple,light purple
81,255,0,en,green,green
255,0,89,en,dark pink,dark pink
255,0,56,en,red,red
255,233,0,en,dirty yellow,dirty yellow
255,2,0,en,read,read
223,0,255,en,purple,purple
255,240,0,en,yellow,yellow
255,172,0,en,orange,orange
255,244,0,en,yellow,yellow
244,0,255,en,purple,purple
255,103,0,en,orange,orange
107,0,255,en,deep purple,deep purple
255,85,0,en,orange,orange
255,242,0,en,yellow,yellow
255,174,0,en,orange,orange
255,0,3,en,red,red
255,0,127,en,pink,pink
235,255,0,en,yellow,yellow
255,0,247,en,purple,purple
255,0,67,en,red,red
135,0,255,en,blue,blue
255,0,122,en,hot pink,hot pink
255,0,250,en,purple,purple
255,0,209,en,pink,pink
190,255,0,en,green,green
255,0,31,en,red,red
168,0,255,en,purple,purple
255,161,0,en,orange,orange
255,193,0,en,dark yellow,dark yellow
255,63,0,en,orangish red,orangish red
55,0,255,en,purple,purple
220,0,255,en,viellot,viellot
255,0,126,en,pink,pink
236,255,0,en,yellow,yellow
255,185,0,en,yellow orange,yellow orange
255,145,0,en,orange,orange
255,0,52,en,red,red
199,0,255,en,purple,purple
173,255,0,en,lime green,lime
255,0,184,en,pink,pink
255,0,123,en,pink red,pink red
255,116,0,en,orange,orange
255,238,0,en,yellow,yellow
138,0,255,en,purple,purple
255,0,1,en,red,red
255,0,215,en,purple,purple
255,0,188,en,pink,pink
255,207,0,en,yellow,yellow
255,0,101,en,pink,pink
175,255,0,en,green,green
255,198,0,en,orange,orange
255,0,200,en,purple,purple
255,0,49,en,pink,pink
230,0,255,en,purple,purple
255,0,101,en,pink,pink
255,0,130,en,pink,pink
196,255,0,en,green,green
255,126,0,en,orange,orange
255,0,171,en,pink,pink
255,247,0,en,yellow,yellow
255,0,80,en,pink,pink
199,0,255,en,purple,purple
255,0,234,en,violet,violet
255,236,0,en,yellow,yellow
255,0,159,en,violet,violet
178,255,0,en,dark yellow,dark yellow
52,255,0,en,green,green
66,0,255,en,blue,blue
255,0,245,en,pink,pink
143,0,255,en,purple,purple
255,14,0,en,red,red
255,0,83,en,red purple,red purple
248,255,0,en,yellow,yellow
255,0,158,en,pink purple,pink purple
238,0,255,en,purple pink,purple pink
255,0,136,en,pink,pink
255,0,184,en,magenta,magenta
184,0,255,en,purple,purple
122,255,0,en,lime green,lime
255,180,0,en,golden yellow,golden yellow
255,135,0,en,orange,orange
184,255,0,en,green yellow,green yellow
255,235,0,en,yellow,yellow
255,0,221,en,violet,violet
255,192,0,en,golden yellow,golden yellow
255,56,0,en,red orange,red orange
255,0,52,en,red,red
250,0,255,en,pink,pink
224,255,0,en,yellow,yellow
148,0,255,en,purple,purple
255,0,146,en,magenta,magenta
255,0,82,en,red,red
245,255,0,en,yellow,yellow
255,0,14,en,red orange,red orange
255,0,87,en,red,red
255,203,0,en,yellow,yellow
255,137,0,en,orange,orange
255,92,0,en,orange,orange
232,0,255,en,purple,purple
255,0,243,en,purple,purple
161,0,255,en,purple,purple
77,255,0,en,green,green
5,255,0,en,green,green
255,0,30,en,red,red
255,0,72,en,red,red
148,255,0,en,chartreuse,chartreuse
255,0,156,en,pink,pink
255,0,120,en,pink,pink
198,255,0,en,chartreuse,chartreuse
255,0,199,en,fushia,fushia
255,218,0,en,mustard,mustard
255,72,0,en,red orange,red orange
255,156,0,en,orange,orange
246,255,0,en,yellow,yellow
190,0,255,en,purple,purple
37,0,255,en,blue,blue
255,0,238,en,pink,pink
253,0,255,en,fusia,fusia
133,255,0,en,neon green,neon green
255,0,123,en,pink,pink
255,234,0,en,yellow,yellow
255,167,0,en,orange,orange
255,0,69,en,maroon,maroon
255,173,0,en,orange,orange
255,84,0,en,redish orange,redish orange
255,0,254,en,pink,pink
139,255,0,en,bright green,bright green
237,255,0,en,yellow,yellow
255,0,22,en,red,red
39,0,255,en,blue,blue
255,186,0,en,yellow,yellow
255,95,0,en,orange,orange
255,120,0,en,light orange,light orange
255,0,254,en,pinkish purple,pinkish purple
140,0,255,en,purple,purple
255,0,173,en,pink,pink
200,255,0,en,yellow,yellow
108,255,0,en,green,green
232,255,0,en,yellow,yellow
177,0,255,en,purple,purple
255,18,0,en,red,red
255,0,42,en,maroon,maroon
255,0,221,en,pink,pink
255,0,91,en,redish pink,redish pink
255,0,116,en,pink,pink
255,45,0,en,red,red
255,139,0,en,orange,orange
188,255,0,en,green,green
255,0,198,en,hot pink,hot pink
40,255,0,en,green,green
116,0,255,en,dark purple,dark purple
67,255,0,en,green,green
184,0,255,en,purple,purple
255,214,0,en,yellow,yellow
255,207,0,en,yellow,yellow
255,0,56,en,red,red
255,0,217,en,pink,pink
255,0,87,en,red,red
255,0,176,en,pink,pink
255,0,2,en,red,red
255,188,0,en,yellow orange,yellow orange
150,255,0,en,neon green,neon green
50,0,255,en,blue purple,blue purple
212,0,255,en,magenta,magenta
255,0,234,en,fuschia,fuschia
255,164,0,en,yellow orange,yellow orange
255,0,108,en,hot pink,hot pink
122,255,0,en,neon green,neon green
255,243,0,en,neon yellow,neon yellow
255,105,0,en,orange,orange
255,0,51,en,cherry red,cherry red
255,0,210,en,fuschia,fuschia
255,0,128,en,darker hot pink,darker hot pink
255,122,0,en,orange,orange
255,0,145,en,hot pink,hot pink
223,0,255,en,fuschia,fuschia
153,0,255,en,royal purple,royal purple
235,255,0,en,neon yellow,neon yellow
192,255,0,en,chartreuse,chartreuse
255,46,0,en,blood orange,blood orange
255,205,0,en,yellow,yellow
255,0,202,en,pink,pink
255,0,161,en,pink,pink
255,88,0,en,orange,orange
255,165,0,en,orange,orange
230,255,0,en,yellow,yellow
144,255,0,en,green,green
255,0,92,en,pink,pink
255,0,21,en,red,red
255,0,228,en,pink,pink
227,0,255,en,pink,pink
255,0,136,en,pink,pink
157,0,255,en,purple,purple
255,243,0,en,yellow,yellow
255,139,0,en,orange,orange
255,78,0,en,orange,orange
255,215,0,en,yellow,yellow
255,0,69,en,pink,pink
86,255,0,en,green,green
1,255,0,en,green,green
189,0,255,en,purple,purple
255,212,0,en,yellow,yellow
255,92,0,en,orange,orange
255,50,0,en,burnt umber,burnt umber
255,0,105,en,fuschia,fuschia
199,255,0,en,flourescent yellow,flourescent yellow
81,255,0,en,lime green,lime
255,174,0,en,yellow,yellow
255,0,79,en,pink,pink
220,0,255,en,pink,pink
124,0,255,en,violet,violet
255,239,0,en,yellow,yellow
255,0,195,en,fuschia,fuschia
255,0,22,en,red,red
255,0,164,en,pink,pink
255,250,0,en,yellow,yellow
255,246,0,en,yellow,yellow
255,240,0,en,yellow,yellow
255,0,227,en,magenta,magenta
255,72,0,en,orange,orange
255,0,72,en,red,red
255,0,122,en,pink,pink
81,255,0,en,green,green
250,0,255,en,magenta,magenta
255,0,155,en,raspberry,raspberry
255,132,0,en,pumpkin,pumpkin
166,0,255,en,purple,purple
255,180,0,en,golden yellow,golden yellow
255,95,0,en,orange,orange
255,0,82,en,pink,pink
255,185,0,en,yellow,yellow
139,255,0,en,green,green
255,0,205,en,pink,pink
186,255,0,en,green,green
157,0,255,en,purple,purple
27,255,0,en,green,green
255,0,36,en,red,red
255,250,0,en,yellow,yellow
119,255,0,en,green,green
255,0,45,en,red,red
255,0,109,en,pink,pink
255,100,0,en,orange,orange
255,199,0,en,gold,gold
255,70,0,en,orange,orange
255,0,132,en,pink,pink
255,0,250,en,purple pink,purple pink
255,0,218,en,purple pink,purple pink
255,0,184,en,magenta,magenta
255,0,59,en,strawberry red,strawberry red
216,255,0,en,chartruce,chartruce
164,255,0,en,chartruce,chartruce
111,0,255,en,purple blue,purple blue
188,0,255,en,pink purple,pink purple
255,125,0,en,orange,orange
255,235,0,en,sun yellow,sun yellow
69,0,255,en,royal blue,royal blue
255,0,167,en,pink,pink
255,172,0,en,gold,gold
255,122,0,en,orange,orange
255,0,96,en,fuschia,fuschia
255,156,0,en,orange,orange
255,92,0,en,red orange,red orange
255,62,0,en,red,red
255,0,124,en,fuschia,fuschia
255,208,0,en,ochre,ochre
155,0,255,en,violet,violet
255,0,50,en,red,red
255,0,175,en,pink,pink
213,255,0,en,chartreuse,chartreuse
18,0,255,en,royal blue,royal blue
149,255,0,en,yellow green,yellow green
251,255,0,en,yellow,yellow
255,241,0,en,yellow,yellow
216,0,255,en,purple,purple
255,0,20,en,scarlet,scarlet
255,0,189,en,pink,pink
255,0,222,en,pink,pink
70,255,0,en,lime green,lime
247,0,255,en,lavender,lavender
255,0,244,en,violet,violet
112,0,255,en,purple,purple
255,235,0,en,yellow,yellow
255,0,174,en,magenta,magenta
255,0,200,en,magenta,magenta
250,0,255,en,violet,violet
255,0,47,en,red,red
255,20,0,en,blood orange,blood orange
255,144,0,en,orange,orange
255,84,0,en,orange,orange
255,0,72,en,red,red
255,181,0,en,orange,orange
255,0,114,en,magenta,magenta
175,255,0,en,lime green,lime
255,194,0,en,orange,orange
210,255,0,en,yellow green,yellow green
255,0,102,en,magenta,magenta
101,255,0,en,green yellow,green yellow
231,255,0,en,yellow,yellow
178,0,255,en,purple,purple
255,0,246,en,pink,pink
255,0,150,en,hot pink,hot pink
255,0,224,en,pink,pink
255,0,134,en,pink,pink
255,0,82,en,red,red
209,0,255,en,pink,pink
255,130,0,en,orange,orange
133,255,0,en,green,green
255,155,0,en,orange,orange
209,255,0,en,yellow,yellow
136,0,255,en,purple,purple
255,0,32,en,red,red
255,242,0,en,yellow,yellow
255,0,79,en,red,red
255,83,0,en,orange,orange
91,255,0,en,green,green
255,44,0,en,red,red
255,0,201,en,pink,pink
255,190,0,en,orange,orange
255,254,0,en,yellow,yellow
255,0,164,en,purple,purple
255,59,0,en,orange,orange
255,152,0,en,orange,orange
145,0,255,en,purple,purple
255,0,194,en,purple,purple
255,230,0,en,yellow,yellow
255,148,0,en,orange,orange
67,255,0,en,green,green
255,197,0,en,yellow,yellow
185,0,255,en,purple,purple
173,255,0,en,yellow,yellow
255,0,94,en,purple,purple
255,0,229,en,purple,purple
255,204,0,en,mustard,mustard
151,255,0,en,green,green
203,255,0,en,green,green
255,0,30,en,red,red
134,0,255,en,purple,purple
255,0,230,en,pink,pink
255,0,86,en,pink,pink
214,0,255,en,purple,purple
255,0,143,en,pink,pink
50,255,0,en,green,green
255,0,76,en,pink,pink
255,249,0,en,yellow,yellow
255,0,140,en,pink,pink
255,0,188,en,pink,pink
255,219,0,en,yellow,yellow
255,84,0,en,orange,orange
255,77,0,en,orange,orange
254,0,255,en,pink,pink
255,149,0,en,orange,orange
74,0,255,en,purple,purple
255,163,0,en,yellow,yellow
197,0,255,en,purple,purple
255,0,130,en,hot pink,hot pink
255,0,35,en,red,red
91,0,255,en,royal blue,royal blue
219,255,0,en,highlighter yellow,highlighter yellow
255,0,255,en,magenta,magenta
255,0,194,en,pink,pink
255,88,0,en,orange,orange
212,0,255,en,violet,violet
69,255,0,en,lime green,lime
255,103,0,en,orange,orange
237,255,0,en,yellow,yellow
185,255,0,en,yellow green,yellow green
255,211,0,en,gold,gold
202,255,0,en,yellow green,yellow green
255,0,118,en,raspberry,raspberry
255,0,184,en,magenta,magenta
255,0,54,en,red,red
110,0,255,en,indigo,indigo
255,0,250,en,magenta,magenta
255,128,0,en,orange,orange
255,222,0,en,yellow,yellow
255,0,87,en,red,red
255,0,0,en,red,red
255,0,9,en,red,red
255,0,164,en,raspberry,raspberry
255,162,0,en,light orange,light orange
255,0,225,en,magenta,magenta
255,0,29,en,red,red
255,0,204,en,pink,pink
255,171,0,en,orange,orange
52,0,255,en,blue,blue
203,255,0,en,yellow,yellow
191,0,255,en,blue,blue
164,255,0,en,yellow,yellow
255,0,170,en,pink,pink
255,238,0,en,yellow,yellow
255,0,92,en,pink,pink
255,0,112,en,pink,pink
255,0,78,en,pink,pink
255,102,0,en,red,red
255,66,0,en,red,red
255,123,0,en,orange,orange
255,0,212,en,pink,pink
148,0,255,en,blue,blue
254,255,0,en,yellow,yellow
44,255,0,en,orange,orange
255,186,0,en,orange,orange
255,0,248,en,blue,blue
81,0,255,en,royal blue,royal blue
255,49,0,en,red,red
255,0,206,en,fuschia,fuschia
255,0,64,en,cherry red,cherry red
194,255,0,en,lime green,lime
255,0,89,en,watermelon,watermelon
255,125,0,en,orange,orange
255,206,0,en,mustard,mustard
255,89,0,en,tomato red,tomato
94,0,255,en,marine,marine
255,0,113,en,cherry red,cherry red
198,0,255,en,violet,violet
255,253,0,en,yellow,yellow
231,0,255,en,magenta,magenta
255,156,0,en,orange,orange
255,216,0,en,musrard,musrard
255,0,216,en,magenta,magenta
255,0,31,en,red,red
180,255,0,en,lime green,lime
125,255,0,en,light green,light green
255,0,151,en,fuschia,fuschia
255,114,0,en,orange,orange
255,0,128,en,dark pink,dark pink
101,255,0,en,light green,light green
199,255,0,en,yellow,yellow
255,0,203,en,hot pink,hot pink
255,179,0,en,yellowish orange,yellowish orange
255,0,1,en,red,red
255,42,0,en,dark orange,dark orange
255,0,152,en,hot pink,hot pink
255,242,0,en,yellow,yellow
255,0,110,en,dark pink,dark pink
255,255,0,en,yellow,yellow
255,0,77,en,reddish pink,reddish pink
255,129,0,en,orange,orange
255,255,0,en,yellow,yellow
255,0,236,en,pink,pink
234,0,255,en,pink,pink
255,185,0,en,orange,orange
89,255,0,en,light green,light green
255,0,182,en,pink,pink
171,255,0,en,mellow green,mellow green
255,0,162,en,pink,pink
143,0,255,en,purple,purple
255,0,13,en,red,red
255,0,60,en,red,red
101,0,255,en,purple,purple
255,0,47,en,red,red
25,255,0,en,green,green
255,210,0,en,goldenrod,goldenrod
255,0,194,en,fuchsia,fuchsia
247,255,0,en,yellow,yellow
255,0,111,en,magenta,magenta
64,0,255,en,royal blue,royal blue
255,142,0,en,orange,orange
228,255,0,en,lemon yellow,lemon yellow
255,0,213,en,fuchsia,fuchsia
255,104,0,en,burnt orange,burnt orange
255,0,255,en,light purple,light purple
255,0,157,en,magenta,magenta
43,255,0,en,lime green,lime
255,57,0,en,red,red
255,222,0,en,goldenrod,goldenrod
255,0,130,en,magenta,magenta
255,153,0,en,orange,orange
163,255,0,en,green yellow,green yellow
164,0,255,en,purple,purple
255,249,0,en,lemon yellow,lemon yellow
255,0,146,en,fuschia,fuschia
255,213,0,en,golden yellow,golden yellow
238,0,255,en,hot pink,hot pink
111,255,0,en,neon green,neon green
255,157,0,en,marigold,marigold
181,0,255,en,bright light purple,bright light purple
255,0,89,en,fuschia,fuschia
255,0,27,en,dark red,dark red
255,0,70,en,raspberry,raspberry
152,0,255,en,purple,purple
255,0,219,en,hot pink,hot pink
255,151,0,en,goldenrod,goldenrod
165,255,0,en,lime green,lime
255,191,0,en,golden yellow,golden yellow
255,0,190,en,fuschia,fuschia
255,0,120,en,berry,berry
219,255,0,en,lemon yellow,lemon yellow
255,57,0,en,tangerine,tangerine
255,86,0,en,pumpkin orange,pumpkin orange
115,0,255,en,cobalt,cobalt
182,0,255,en,violet,violet
255,27,0,en,red,red
246,255,0,en,yellow,yellow
192,255,0,en,yellow green,yellow green
227,0,255,en,periwinkle,periwinkle
255,0,153,en,magenta,magenta
255,184,0,en,orange yellow,orange yellow
255,0,214,en,fuscia,fuscia
255,0,188,en,fuscia,fuscia
86,255,0,en,lime green,lime
172,255,0,en,yellow green,yellow green
255,0,110,en,hot pink,hot pink
255,147,0,en,orange,orange
255,0,130,en,magenta,magenta
255,95,0,en,red orange,red orange
255,166,0,en,squash,squash
255,0,30,en,red,red
255,218,0,en,yellow,yellow
255,0,76,en,rose,rose
255,0,215,en,magenta,magenta
255,0,203,en,magenta,magenta
189,0,255,en,purple,purple
255,88,0,en,orange,orange
255,0,48,en,red,red
255,0,47,en,red,red
255,0,175,en,pink,pink
255,72,0,en,orange,orange
174,255,0,en,yellow green,yellow green
255,172,0,en,orange,orange
59,0,255,en,blue,blue
247,255,0,en,yellow,yellow
101,255,0,en,green,green
255,0,118,en,magenta,magenta
255,0,97,en,red,red
255,197,0,en,gold,gold
250,0,255,en,magenta,magenta
198,255,0,en,yellow green,yellow green
147,0,255,en,purple,purple
255,127,0,en,orange,orange
255,233,0,en,yellow,yellow
255,159,0,en,dr orange,dr orange
43,255,0,en,kelly green,kelly green
255,149,0,en,mango orange,mango orange
255,0,76,en,reddisk\h,reddiskh
159,255,0,en,flourescent green,flourescent green
255,0,118,en,hot pimk,hot pimk
216,255,0,en,yellow,yellow
187,0,255,en,purple,purple
255,77,0,en,red,red
255,0,205,en,magenta,magenta
255,0,107,en,reddixh pink,reddixh pink
255,0,236,en,hot pink,hot pink
235,0,255,en,pinkish,pinkish
255,202,0,en,mustard yellow,mustard
255,0,30,en,brick red,brick red
240,255,0,en,yellow,yellow
255,226,0,en,bright yellow,bright yellow
152,0,255,en,purple,purple
255,117,0,en,dark orange,dark orange
255,0,144,en,magenta,magenta
255,250,0,en,yellow,yellow
170,0,255,en,purple,purple
81,0,255,en,blue,blue
255,0,76,en,red,red
255,0,164,en,pink,pink
255,165,0,en,orange,orange
255,93,0,en,orange,orange
115,0,255,en,indigo,indigo
255,207,0,en,gold,gold
255,142,0,en,orange,orange
246,0,255,en,purple,purple
198,255,0,en,lime,lime
255,33,0,en,red,red
255,0,101,en,pink,pink
255,0,111,en,magenta,magenta
255,0,108,en,magenta,magenta
255,0,234,en,periwinkle,periwinkle
255,185,0,en,mustard,mustard
255,103,0,en,orange,orange
255,0,10,en,red,red
255,0,191,en,purple,purple
241,0,255,en,purple,purple
111,0,255,en,violet,violet
203,255,0,en,lime,lime
75,0,255,en,royal blue,royal blue
255,224,0,en,mustard,mustard
255,143,0,en,tangerine,tangerine
164,255,0,en,lime,lime
177,0,255,en,purple,purple
255,0,54,en,hot pink,hot pink
255,244,0,en,mustard,mustard
255,0,173,en,pink,pink
89,255,0,en,neon green,neon green
255,77,0,en,burnt orange,burnt orange
255,159,0,en,orange,orange
255,184,0,en,orange,orange
255,0,178,en,pink,pink
255,104,0,en,orange red,orange-red
179,0,255,en,purple,purple
255,215,0,en,gold,gold
255,249,0,en,yellow,yellow
210,255,0,en,chartreuse,chartreuse
255,152,0,en,orange,orange
255,150,0,en,orange,orange
255,0,73,en,hot pink,hot pink
255,0,20,en,red,red
255,77,0,en,orange,orange
255,0,150,en,magenta,magenta
255,0,82,en,pink red,pink red
255,0,255,en,orchid,orchid
97,255,0,en,bright green,bright green
118,0,255,en,purple,purple
179,255,0,en,chartreuse,chartreuse
255,0,119,en,hot pink,hot pink
255,0,219,en,magenta,magenta
170,255,0,en,green,green
255,238,0,en,yellow,yellow
200,255,0,en,green,green
255,0,39,en,fushchia,fushchia
255,19,0,en,red,red
83,0,255,en,purple,purple
255,176,0,en,amber,amber
255,126,0,en,orange,orange
255,0,206,en,pink,pink
255,0,246,en,pink,pink
255,0,56,en,fushchia,fushchia
255,0,228,en,pink,pink
255,0,156,en,pink,pink
211,0,255,en,purple,purple
255,0,87,en,fushchia,fushchia
255,95,0,en,orange,orange
255,198,0,en,yellow,yellow
112,255,0,en,green,green
255,0,137,en,pink,pink
114,0,255,en,purple,purple
255,255,0,en,yellow,yellow
72,0,255,en,blue,blue
255,103,0,en,orange,orange
255,252,0,en,yellow,yellow
173,0,255,en,purple,purple
255,219,0,en,yellow,yellow
15,255,0,en,lime,lime
255,0,91,en,pink,pink
255,129,0,en,orange,orange
255,158,0,en,orange,orange
255,192,0,en,yellow,yellow
125,0,255,en,purple,purple
138,255,0,en,green,green
245,0,255,en,magenta,magenta
255,0,168,en,pink,pink
186,255,0,en,lime,lime
255,53,0,en,red,red
255,0,67,en,red,red
119,255,0,en,green,green
255,0,7,en,red,red
255,0,114,en,pink,pink
255,0,181,en,pink,pink
255,0,231,en,magenta,magenta
117,255,0,en,green,green
247,255,0,en,yellow,yellow
105,0,255,en,purple,purple
215,255,0,en,yellow green,yellow green
255,162,0,en,orange,orange
255,0,208,en,pink,pink
255,135,0,en,orange,orange
255,224,0,en,yellow,yellow
255,0,121,en,pink,pink
255,0,191,en,pink,pink
255,0,234,en,pink,pink
255,163,0,en,yellow orange,yellow orange
255,0,99,en,pink,pink
179,0,255,en,purple,purple
255,152,0,en,yellow orange,yellow orange
255,0,145,en,pink,pink
255,0,156,en,pink,pink
190,255,0,en,green yellow,green yellow
255,200,0,en,yellow,yellow
101,255,0,en,green,green
179,255,0,en,green yellow,green yellow
255,0,48,en,red,red
255,0,191,en,magenta,magenta
255,218,0,en,yellow,yellow
169,255,0,en,chartruese,chartruese
255,0,46,en,red,red
248,255,0,en,primary yellow,primary yellow
90,255,0,en,green,green
255,198,0,en,yellow,yellow
255,0,49,en,carmine red,carmine red
121,0,255,en,purple,purple
255,141,0,en,orange,orange
27,0,255,en,dark blue,dark blue
239,255,0,en,yellow,yellow
255,129,0,en,orange,orange
255,0,250,en,magenta,magenta
128,0,255,en,purple,purple
198,0,255,en,magenta,magenta
255,0,198,en,magenta,magenta
255,214,0,en,priamary yellow,priamary yellow
255,0,163,en,magenta,magenta
255,0,226,en,magenta,magenta
255,0,138,en,fuchsia,fuchsia
255,177,0,en,yellow,yellow
255,67,0,en,orange,orange
252,0,255,en,magenta,magenta
255,0,127,en,pink,pink
255,0,86,en,red,red
255,119,0,en,orange,orange
255,78,0,en,orange,orange
255,0,52,en,red,red
255,182,0,en,yellow,yellow
255,0,236,en,magenta,magenta
208,255,0,en,yellow/green,yellow-green
66,255,0,en,light green,light green
255,0,160,en,magenta,magenta
72,0,255,en,purple,purple
255,0,255,en,magenta,magenta
255,0,22,en,red,red
255,251,0,en,yellow,yellow
255,0,112,en,pink,pink
255,75,0,en,orange,orange
255,0,206,en,magenta,magenta
140,255,0,en,lime green,lime
255,109,0,en,orange,orange
255,216,0,en,yellow,yellow
255,0,55,en,red/pink,redpink
112,0,255,en,purple,purple
210,0,255,en,magenta,magenta
255,124,0,en,orange,orange
255,0,244,en,bright pink,bright pink
255,184,0,en,gold,gold
255,181,0,en,gold,gold
255,0,110,en,magenta,magenta
255,222,0,en,yellow,yellow
112,0,255,en,violet,violet
255,169,0,en,orange,orange
255,0,209,en,bright pink,bright pink
255,0,142,en,fuchsia,fuchsia
238,255,0,en,neon yellow,neon yellow
191,255,0,en,neon yellow,neon yellow
54,255,0,en,neon green,neon green
181,0,255,en,neon purple,neon purple
255,0,220,en,fuchsia,fuchsia
255,112,0,en,dark orange,dark orange
255,126,0,en,orange,orange
255,0,80,en,pink red,pink red
255,67,0,en,red orange,red orange
255,0,44,en,red,red
255,199,0,en,yellow orange,yellow orange
255,0,248,en,bright purple,bright purple
150,255,0,en,green yellow,green yellow
255,0,85,en,red,red
255,0,144,en,fuchsia,fuchsia
255,209,0,en,yellow,yellow
255,0,92,en,pink,pink
223,0,255,en,purple,purple
156,0,255,en,purple,purple
255,223,0,en,yellow,yellow
255,119,0,en,orange,orange
225,255,0,en,green,green
255,0,123,en,pink,pink
255,181,0,en,orange,orange
255,80,0,en,oragne,oragne
255,0,196,en,purple,purple
135,0,255,en,purple,purple
255,0,102,en,magenta,magenta
255,225,0,en,mustard,mustard
211,0,255,en,violet,violet
255,0,255,en,purple,purple
131,255,0,en,green,green
255,15,0,en,red,red
255,0,40,en,red,red
196,255,0,en,green,green
255,0,188,en,purple,purple
255,0,61,en,red,red
255,0,123,en,pink,pink
255,162,0,en,orange,orange
255,139,0,en,orange,orange
255,189,0,en,orange,orange
255,0,234,en,purple,purple
144,255,0,en,green,green
255,0,158,en,pink,pink
255,104,0,en,orange,orange
255,251,0,en,yellow,yellow
255,82,0,en,red,red
255,224,0,en,yellow,yellow
162,255,0,en,light green,light green
252,0,255,en,fuchsia,fuchsia
217,255,0,en,mustard,mustard
255,0,102,en,hot pink,hot pink
255,0,122,en,hot pink,hot pink
66,255,0,en,neon green,neon green
173,0,255,en,violet,violet
255,120,0,en,rust,rust
255,183,0,en,orange,orange
231,255,0,en,mustard yellow,mustard
255,0,68,en,hotter pink,hotter pink
255,0,39,en,red,red
255,202,0,en,orange,orange
255,230,0,en,mustard,mustard
255,0,183,en,magenta,magenta
245,255,0,en,yellow,yellow
255,0,162,en,hot pink,hot pink
255,64,0,en,red,red
255,0,207,en,fuchsia,fuchsia
75,0,255,en,dark blue,dark blue
255,171,0,en,orange,orange
147,0,255,en,violet,violet
255,0,215,en,neon purple,neon purple
245,0,255,en,magenta,magenta
126,0,255,en,violet,violet
185,255,0,en,yellow green,yellow green
255,111,0,en,light maroon,light maroon
255,0,112,en,rose,rose
255,149,0,en,orange,orange
153,255,0,en,lime green,lime
145,0,255,en,purple,purple
255,238,0,en,yellow,yellow
255,160,0,en,orange,orange
255,122,0,en,orange,orange
255,246,0,en,yellow,yellow
255,106,0,en,orange,orange
255,0,117,en,pink,pink
255,81,0,en,orange,orange
70,255,0,en,green,green
255,211,0,en,yellow,yellow
255,0,129,en,bright pink,bright pink
255,0,71,en,deep pink,deep pink
255,0,151,en,magenta,magenta
255,170,0,en,orange,orange
246,255,0,en,yellow,yellow
185,255,0,en,lime green,lime
255,0,37,en,deep red,deep red
72,255,0,en,green,green
255,0,108,en,magenta,magenta
255,0,78,en,dark magenta,dark magenta
255,0,235,en,light pink,light pink
255,38,0,en,maroon,maroon
255,162,0,en,macaroni,macaroni
255,0,163,en,light pink,light pink
165,0,255,en,dull violet,dull violet
255,52,0,en,red,red
128,0,255,en,purple,purple
255,0,36,en,red,red
255,101,0,en,orange,orange
255,0,137,en,hot pink,hot pink
244,0,255,en,purple,purple
255,0,211,en,purple,purple
225,255,0,en,yellow,yellow
42,255,0,en,lime green,lime
255,0,106,en,magenta,magenta
113,0,255,en,perrywinkle,perrywinkle
224,0,255,en,bright purple,bright purple
255,117,0,en,orange,orange
175,0,255,en,violet,violet
255,0,24,en,red,red
176,0,255,en,purple,purple
255,0,109,en,pink,pink
255,0,155,en,pink,pink
255,0,214,en,purple,purple
255,0,191,en,purple,purple
255,0,41,en,red,red
255,0,182,en,magenta,magenta
255,64,0,en,orange,orange
255,199,0,en,i had to pee yellow,i had to pee yellow
255,237,0,en,yellow,yellow
255,0,225,en,light purple,light purple
255,137,0,en,i haven't peed for 4 days orange,i haven't peed for  days orange
255,238,0,en,yellow,yellow
255,0,109,en,hot pink,hot pink
255,131,0,en,orange,orange
203,255,0,en,yellow,yellow
255,170,0,en,orange,orange
138,255,0,en,puke green,puke green
180,255,0,en,green,green
255,0,248,en,purple,purple
189,255,0,en,green,green
255,0,65,en,red,red
40,0,255,en,blue,blue
122,255,0,en,green,green
255,0,152,en,hot pink,hot pink
255,0,66,en,red,red
172,0,255,en,purple,purple
255,254,0,en,yellow,yellow
255,0,191,en,purple,purple
255,207,0,en,honeycomb,honeycomb
81,255,0,en,light green,light green
196,0,255,en,purple,purple
255,0,235,en,violet,violet
255,0,120,en,pink,pink
255,0,13,en,red,red
255,0,188,en,magenta,magenta
255,64,0,en,orange,orange
255,214,0,en,gold,gold
220,255,0,en,greenish yellow,greenish yellow
158,0,255,en,purple,purple
255,133,0,en,orange,orange
255,0,90,en,dark pink,dark pink
255,0,72,en,dark pink,dark pink
255,172,0,en,light orange,light orange
241,255,0,en,yellow,yellow
255,90,0,en,dark orange,dark orange
255,151,0,en,orange,orange
174,0,255,en,purple,purple
191,255,0,en,lime,lime
255,116,0,en,tangerine,tangerine
255,0,146,en,magenta,magenta
255,212,0,en,mustard,mustard
255,0,254,en,pink,pink
33,255,0,en,light green,light green
171,255,0,en,yellow green,yellow green
255,193,0,en,dark gold,dark gold
255,0,163,en,dark pink,dark pink
42,0,255,en,dark blue,dark blue
255,173,0,en,light orange,light orange
211,255,0,en,yellow green,yellow green
255,0,79,en,magenta,magenta
255,24,0,en,red,red
255,0,254,en,fusia,fusia
255,0,127,en,pink,pink
255,139,0,en,orange,orange
184,255,0,en,yellow green,yellow green
255,0,199,en,fusia,fusia
238,255,0,en,yellow,yellow
202,0,255,en,violet,violet
255,0,28,en,red pink,red pink
68,0,255,en,indigo,indigo
116,0,255,en,blue violet,blue-violet
255,61,0,en,red,red
78,255,0,en,forest green,forest green
255,165,0,en,orange,orange
165,255,0,en,yellow green,yellow green
255,0,206,en,fuchsia,fuchsia
255,0,92,en,bright pink,bright pink
255,0,241,en,magenta,magenta
255,246,0,en,yellow,yellow
255,230,0,en,sunflower,sunflower
220,0,255,en,purple,purple
255,0,1,en,red,red
255,0,123,en,pink,pink
255,0,59,en,bright pink,bright pink
255,0,218,en,fusia,fusia
255,237,0,en,yellow,yellow
104,255,0,en,green,green
255,195,0,en,yellow orange,yellow orange
255,0,167,en,pink,pink
156,0,255,en,purple,purple
255,110,0,en,i haven't peed for 3 days orange,i haven't peed for  days orange
255,0,86,en,magenta,magenta
255,0,184,en,bright blued fuchsia,bright blued fuchsia
255,0,166,en,bright reddish fuchsia,bright reddish fuchsia
255,123,0,en,slight reddish orange,slight reddish orange
185,255,0,en,lime,lime
255,105,0,en,shaded orange,shaded orange
255,217,0,en,golden yellow,golden yellow
255,0,106,en,reddish fuchsia,reddish fuchsia
187,255,0,en,lime,lime
255,0,131,en,shaded reddish fuchsia,shaded reddish fuchsia
255,0,223,en,bright blued fuchsia,bright blued fuchsia
255,0,30,en,saturated clear red,saturated clear red
255,0,57,en,red from purpled side,red from purpled side
255,192,0,en,yellow with more orange,yellow with more orange
241,0,255,en,blue purple,blue purple
87,255,0,en,slightly blued yellow green,slightly blued yellow green
182,0,255,en,shaded violet,shaded violet
255,40,0,en,slightly orange red,slightly orange red
255,181,0,en,yellow orange,yellow orange
159,0,255,en,tinted violet,tinted violet
235,255,0,en,green yellow,green yellow
255,0,130,en,pink,pink
255,252,0,en,yellow,yellow
159,0,255,en,purple,purple
255,0,208,en,purple pink,purple pink
255,81,0,en,lava orange,lava orange
255,0,157,en,pink,pink
255,0,216,en,neon pink,neon pink
184,0,255,en,neon purple,neon purple
230,255,0,en,yellow,yellow
255,201,0,en,light orange,light orange
255,220,0,en,dark yellow,dark yellow
255,175,0,en,orange,orange
255,132,0,en,dark orange,dark orange
255,0,46,en,red,red
164,255,0,en,light green,light green
81,255,0,en,grass green,grass green
255,0,59,en,redder,redder
255,0,98,en,red pink,red pink
237,0,255,en,neon purple,neon purple
255,117,0,en,dark orange,dark orange
96,255,0,en,green,green
255,232,0,en,yellow,yellow
255,0,85,en,red pink,red pink
255,0,126,en,pink,pink
255,0,49,en,red orange,red orange
255,159,0,en,yellow orange,yellow orange
255,85,0,en,orange,orange
255,0,32,en,red,red
255,202,0,en,yellow orange,yellow orange
255,0,188,en,pink,pink
255,0,241,en,light pink,light pink
192,255,0,en,yellow green,yellow green
119,0,255,en,purple,purple
255,26,0,en,red,red
255,0,155,en,pink,pink
160,255,0,en,light green,light green
182,0,255,en,purple,purple
76,0,255,en,dark blue,dark blue
255,130,0,en,orange,orange
253,255,0,en,yellow,yellow
255,206,0,en,mustard,mustard
255,0,50,en,red,red
255,0,92,en,red magenta,red magenta
123,255,0,en,lime green,lime
237,255,0,en,chartreuse,chartreuse
255,0,34,en,deep red,deep red
255,0,123,en,magenta,magenta
190,255,0,en,yellow green,yellow green
255,0,182,en,magenta,magenta
174,0,255,en,purple,purple
255,76,0,en,red,red
63,0,255,en,blue,blue
255,131,0,en,rusty orange,rusty orange
255,182,0,en,orange yellow,orange yellow
255,216,0,en,mustard yellow,mustard
179,255,0,en,lime green,lime
255,95,0,en,red orange,red orange
109,0,255,en,violet,violet
255,0,214,en,magenta violet,magenta violet
255,0,254,en,magenta purple,magenta purple
255,0,171,en,magenta,magenta
255,108,0,en,orange,orange
255,203,0,en,marigold,marigold
255,0,207,en,magenta,magenta
255,0,45,en,red,red
254,255,0,en,yellow,yellow
140,0,255,en,purpe,purpe
88,0,255,en,purple,purple
232,0,255,en,magenta,magenta
255,235,0,en,yellow,yellow
255,0,230,en,pink,pink
255,0,76,en,red,red
255,80,0,en,orange,orange
255,156,0,en,orange,orange
201,0,255,en,purple,purple
255,0,152,en,pink,pink
255,0,105,en,red,red
255,0,135,en,pink,pink
134,255,0,en,green,green
214,255,0,en,yellow,yellow
102,255,0,en,green,green
255,0,219,en,purple,purple
255,0,121,en,hot pink,hot pink
255,0,52,en,dark pink,dark pink
255,34,0,en,red,red
241,0,255,en,purple,purple
255,136,0,en,orange,orange
154,0,255,en,purple,purple
255,0,118,en,pink,pink
255,153,0,en,orange,orange
255,192,0,en,tangerine,tangerine
214,255,0,en,yellow,yellow
255,0,21,en,red,red
215,0,255,en,purple,purple
255,0,89,en,hot pink,hot pink
196,255,0,en,yellow,yellow
255,225,0,en,yellow,yellow
255,0,149,en,pinkish,pinkish
252,255,0,en,yellow,yellow
255,193,0,en,honeycomb,honeycomb
116,0,255,en,light purple,light purple
255,0,194,en,magenta,magenta
227,255,0,en,stale,stale
216,0,255,en,crushed my finger purple,crushed my finger purple
255,0,163,en,purple pink thing,purple pink thing
255,0,65,en,raddish,raddish
241,0,255,en,purple,purple
108,255,0,en,easter grass,easter grass
255,189,0,en,orange,orange
255,0,219,en,neon purple,neon purple
255,224,0,en,yellow,yellow
255,44,0,en,scarlet,scarlet
200,0,255,en,royal,royal
255,0,193,en,fuschia,fuschia
40,0,255,en,electric blue,electric blue
102,255,0,en,lime,lime
134,255,0,en,pee,pee
162,0,255,en,purple,purple
255,0,172,en,hot pink,hot pink
72,0,255,en,blue,blue
255,0,36,en,red,red
255,172,0,en,honeycomb,honeycomb
255,93,0,en,orange,orange
119,255,0,en,puke green,puke green
166,255,0,en,puke green,puke green
255,0,205,en,purple,purple
255,235,0,en,once told me,once told me
255,0,96,en,in the shed,in the shed
255,0,221,en,she was looking,she was looking
255,128,0,en,with a finger and her thumb,with a finger and her thumb
171,255,0,en,"in the shape of an ""l""",in the shape of an l
255,109,0,en,on her forehead,on her forehead
255,171,0,en,tangerine,tangerine
255,0,134,en,neon pink,neon pink
255,0,32,en,red,red
255,13,0,en,dark red,dark red
255,120,0,en,dark orange,dark orange
255,0,101,en,dark pink,dark pink
177,255,0,en,lime cola,lime cola
255,96,0,en,darker orange,darker orange
147,0,255,en,light purple,light purple
52,0,255,en,blue,blue
255,0,236,en,light purple,light purple
255,197,0,en,yellow orange,yellow orange
107,255,0,en,lime,lime
255,21,0,en,red,red
255,0,165,en,fuschia,fuschia
255,0,54,en,pink,pink
208,255,0,en,yellow green,yellow green
232,255,0,en,yellow,yellow
197,255,0,en,light green,light green
255,160,0,en,orange,orange
255,0,139,en,purple pink,purple pink
40,0,255,en,darkest of all the blues,darkest of all the blues
36,255,0,en,darker then darker then light green,darker then darker then light green
255,0,81,en,purple red,purple red
255,0,148,en,a misinterpretation of a neon pink sign,a misinterpretation of a neon pink sign
158,255,0,en,lime lime lime,lime lime lime
255,0,224,en,purple pink thats kind of pastel,purple pink thats kind of pastel
109,0,255,en,periwinkle is pretty cool,periwinkle is pretty cool
74,255,0,en,krypton green,krypton green
255,137,0,en,i haven't peed for four days orange,i haven't peed for four days orange
255,251,0,en,pee yellow,pee yellow
255,0,48,en,kind of pink kind of red,kind of pink kind of red
255,0,223,en,hot rod,hot rod
255,83,0,en,tangerine,tangerine
255,125,0,en,bright,bright
255,216,0,en,golden,gold
255,0,90,en,lipgloss,lipgloss
255,252,0,en,sun,sun
253,0,255,en,queen,queen
255,0,57,en,hot sauce,hot sauce
255,244,0,en,the years start,the years start
255,0,31,en,coming and they don't,coming and they don't
97,255,0,en,stop coming,stop coming
255,189,0,en,fed to the rules,fed to the rules
255,1,0,en,and i hit,and i hit
255,0,137,en,didn't make sense not,didn't make sense not
255,156,0,en,but your head gets dumb,but your head gets dumb
224,0,255,en,"so much to do, so much to see","so much to do, so much to see"
255,62,0,en,red orange,red orange
255,0,221,en,magenta,magenta
255,240,0,en,banana yellow,banana yellow
101,255,0,en,lime green,lime
160,0,255,en,purple,purple
255,0,118,en,washy pink,washy pink
255,0,154,en,pink purple,pink purple
255,248,0,en,yellow,yellow
255,0,55,en,dark red,dark red
255,202,0,en,orange,orange
255,0,89,en,very dark pink,very dark pink
255,255,0,en,yellow,yellow
111,255,0,en,leaf green,leaf green
237,0,255,en,light purple,light purple
218,0,255,en,purple,purple
255,19,0,en,deep fake blood red,deep fake blood red
255,0,51,en,pink but red but pink,pink but red but pink
255,91,0,en,flames orange,flames orange
255,0,204,en,pink purple and kind of pastel,pink purple and kind of pastel
212,0,255,en,light pink purple,light pink purple
255,0,188,en,purple pink,purple pink
255,126,0,en,pee orange,pee orange
255,0,91,en,hot pink,hot pink
255,204,0,en,yellow,yellow
255,0,6,en,deep red,deep red
235,0,255,en,violet,violet
134,255,0,en,green,green
255,0,80,en,hot pink,hot pink
200,255,0,en,lime green,lime
255,161,0,en,light orange,light orange
255,113,0,en,semi dark orange,semi dark orange
53,0,255,en,dark blue,dark blue
255,0,20,en,red,red
174,0,255,en,purple,purple
255,0,201,en,pink,pink
160,255,0,en,green,green
255,0,129,en,pink,pink
255,82,0,en,orange,orange
255,175,0,en,orange,orange
255,147,0,en,orange,orange
12,255,0,en,green,green
255,0,90,en,pink,pink
103,0,255,en,blue,blue
250,0,255,en,purple,purple
255,219,0,en,yellow,yellow
56,0,255,en,blue,blue
255,0,30,en,red,red
191,0,255,en,purple,purple
255,0,156,en,magenta,magenta
230,255,0,en,yellow,yellow
255,165,0,en,orange,orange
45,0,255,en,dark blue,dark blue
205,0,255,en,purple,purple
255,0,130,en,pink,pink
186,255,0,en,olive green,olive
255,0,53,en,red,red
255,0,224,en,pink,pink
255,241,0,en,yellow,yellow
255,0,208,en,pink,pink
255,105,0,en,orange,orange
109,255,0,en,green,green
254,255,0,en,yellow,yellow
255,0,0,en,maraschino red,maraschino red
255,0,144,en,pink,pink
255,0,95,en,red,red
148,255,0,en,green,green
142,0,255,en,purple,purple
255,0,34,en,red,red
255,209,0,en,yellow,yellow
246,0,255,en,pink,pink
255,122,0,en,orange,orange
255,0,4,en,red,red
255,0,82,en,cranberry,cranberry
225,255,0,en,yellow green,yellow green
255,0,62,en,raspberry,raspberry
117,255,0,en,green,green
155,255,0,en,lime green,lime
255,0,213,en,pink,pink
255,115,0,en,orange,orange
255,47,0,en,red,red
255,0,173,en,magenta,magenta
191,0,255,en,purple,purple
255,236,0,en,yellow,yellow
255,200,0,en,goldenrod,goldenrod
241,0,255,en,purple,purple
255,245,0,en,yellow,yellow
255,0,193,en,magenta,magenta
255,142,0,en,orange,orange
255,169,0,en,orange,orange
148,0,255,en,purple,purple
255,0,123,en,pink,pink
255,242,0,en,yellow,yellow
255,70,0,en,red,red
189,0,255,en,purple,purple
255,0,5,en,red,red
248,0,255,en,purple,purple
255,151,0,en,orange,orange
255,0,227,en,pink,pink
255,161,0,en,orange,orange
255,0,179,en,pink,pink
77,255,0,en,green,green
65,0,255,en,dark blue,dark blue
255,186,0,en,orange,orange
255,108,0,en,orange,orange
177,255,0,en,green yellow,green yellow
255,0,166,en,dark pink,dark pink
255,0,66,en,red,red
205,255,0,en,green yellow,green yellow
255,0,118,en,off color red,off color red
144,0,255,en,purple,purple
243,255,0,en,yellow,yellow
255,0,111,en,off color red,off color red
255,0,57,en,crimson,crimson
255,100,0,en,burnt orange,burnt orange
126,255,0,en,neon green,neon green
255,139,0,en,orange,orange
255,0,82,en,maroon,maroon
255,0,190,en,pink purple,pink purple
255,0,36,en,red,red
255,166,0,en,mustard,mustard
238,0,255,en,purple,purple
142,255,0,en,neon green,neon green
255,0,160,en,hot pink,hot pink
255,229,0,en,yellow,yellow
255,18,0,en,red,red
255,0,223,en,hot purple,hot purple
255,212,0,en,groos,groos
255,0,123,en,nice,nice
133,0,255,en,true purple,true purple
249,255,0,en,true yellow,true yellow
208,0,255,en,fake purple,fake purple
217,255,0,en,this exsists?,this exsists
175,255,0,en,lime green,lime
255,118,0,en,burnt orange,burnt orange
121,255,0,en,light green,light green
226,255,0,en,yellow,yellow
255,0,98,en,burgandy,burgandy
165,0,255,en,purple,purple
255,0,147,en,hot pink,hot pink
255,0,20,en,red,red
255,39,0,en,red orange,red orange
241,0,255,en,lavendar,lavendar
255,0,132,en,rose,rose
255,247,0,en,yellow,yellow
255,0,215,en,pink,pink
255,151,0,en,mustard,mustard
255,0,80,en,rose,rose
255,0,208,en,pink,pink
92,0,255,en,purple,purple
255,228,0,en,yellow,yellow
255,194,0,en,gold,gold
255,160,0,en,mustard yellow,mustard
100,0,255,en,blue,blue
255,0,82,en,red,red
234,0,255,en,purple,purple
255,164,0,en,orange,orange
255,139,0,en,orange,orange
255,0,184,en,pink,pink
255,0,34,en,red,red
255,97,0,en,orange,orange
51,255,0,en,green,green
246,255,0,en,yellow,yellow
157,255,0,en,lime green,lime
255,0,155,en,pink,pink
255,66,0,en,crimson,crimson
255,0,192,en,fuchsia,fuchsia
255,0,3,en,red,red
147,0,255,en,purple,purple
89,0,255,en,dark blue,dark blue
255,0,73,en,dark pink,dark pink
147,255,0,en,yellow green,yellow green
255,0,157,en,pink,pink
218,0,255,en,purple,purple
255,155,0,en,orange,orange
255,0,210,en,fuchsia,fuchsia
187,255,0,en,light green yellow,light green yellow
233,0,255,en,pinkish purple,pinkish purple
255,0,117,en,dark pink,dark pink
255,0,108,en,dark pink,dark pink
255,241,0,en,yellow,yellow
255,133,0,en,orange,orange
255,87,0,en,red,red
255,189,0,en,light yellow,light yellow
110,255,0,en,light green,light green
250,255,0,en,neon yellow,neon yellow
255,57,0,en,red orange,red orange
255,0,114,en,pink,pink
255,0,162,en,magenta,magenta
255,181,0,en,gold,gold
255,0,177,en,magenta,magenta
255,226,0,en,yellow,yellow
170,255,0,en,yellow green,yellow green
92,0,255,en,violet,violet
175,0,255,en,purple,purple
232,255,0,en,yellow,yellow
255,202,0,en,gold,gold
209,255,0,en,yellow,yellow
255,86,0,en,burnt orange,burnt orange
255,0,88,en,red pink,red pink
255,0,240,en,purple,purple
255,0,45,en,light pink,light pink
113,255,0,en,yellow green,yellow green
255,0,73,en,red pink,red pink
255,150,0,en,gold,gold
255,0,249,en,magenta,magenta
255,0,69,en,cranberry,cranberry
150,0,255,en,royal purple,royal purple
255,0,170,en,fuschia,fuschia
75,0,255,en,dark blue,dark blue
255,228,0,en,yellow,yellow
255,209,0,en,golden yellow,golden yellow
255,0,252,en,violet,violet
255,0,111,en,rose,rose
255,101,0,en,orange,orange
188,255,0,en,mustard,mustard
231,255,0,en,yellow,yellow
32,255,0,en,grass green,grass green
255,45,0,en,saffron,saffron
255,152,0,en,orange,orange
65,255,0,en,lime,lime
255,0,208,en,pink,pink
255,0,44,en,red,red
255,0,221,en,mauve,mauve
255,134,0,en,burnt orange,burnt orange
154,255,0,en,lemon lime,lemon lime
189,0,255,en,purple,purple
255,0,121,en,berry,berry
255,79,0,en,orange/red,orange-red
255,0,31,en,red,red
255,92,0,en,burnt orange,burnt orange
135,255,0,en,lime green,lime
255,0,186,en,fushia,fushia
255,0,173,en,fushia,fushia
255,120,0,en,orange,orange
255,225,0,en,yellow,yellow
122,0,255,en,purple,purple
199,0,255,en,dark lilac,dark lilac
255,0,241,en,magenta,magenta
255,167,0,en,gold,gold
69,255,0,en,neon green,neon green
87,0,255,en,blue violet,blue-violet
255,0,118,en,reddish pink,reddish pink
255,0,95,en,red,red
252,0,255,en,violet,violet
204,255,0,en,yello green,yello green
255,251,0,en,yellow,yellow
255,183,0,en,gold,gold
255,0,79,en,red,red
255,0,209,en,pink,pink
100,0,255,en,dark blue,dark blue
255,205,0,en,yellow,yellow
255,0,52,en,red,red
188,255,0,en,neon green,neon green
255,136,0,en,orange,orange
106,255,0,en,lime green,lime
255,0,91,en,rose,rose
182,255,0,en,neon green,neon green
255,65,0,en,light red,light red
255,92,0,en,orange,orange
255,0,30,en,red,red
63,0,255,en,dark blue,dark blue
255,162,0,en,mustard,mustard
255,0,163,en,rose,rose
255,0,134,en,light red,light red
170,0,255,en,violet,violet
255,0,213,en,pink,pink
255,218,0,en,dark yellow,dark yellow
255,255,0,en,yellow,yellow
255,0,254,en,pink,pink
109,0,255,en,purple,purple
254,255,0,en,yellow,yellow
236,0,255,en,fuchsia,fuchsia
255,0,116,en,scarlet,scarlet
255,0,66,en,scarlet,scarlet
197,255,0,en,yellow,yellow
255,0,193,en,fuchsia,fuchsia
216,0,255,en,purple,purple
255,0,18,en,red,red
49,0,255,en,purple,purple
115,255,0,en,neon green,neon green
154,255,0,en,light green,light green
255,39,0,en,red,red
255,169,0,en,gold,gold
255,0,211,en,fuchsia,fuchsia
255,0,162,en,purple,purple
255,107,0,en,orange,orange
255,123,0,en,orange,orange
118,255,0,en,green,green
255,194,0,en,yellow,yellow
133,0,255,en,purple,purple
255,159,0,en,orange,orange
190,255,0,en,green,green
255,0,65,en,red,red
197,0,255,en,purple,purple
255,253,0,en,yellow,yellow
255,121,0,en,orange,orange
142,255,0,en,green,green
255,229,0,en,yellow,yellow
255,0,165,en,magenta,magenta
255,0,216,en,magenta,magenta
255,116,0,en,orange,orange
255,0,202,en,magenta,magenta
234,0,255,en,purple,purple
255,0,35,en,red,red
255,0,141,en,hot pink,hot pink
255,0,90,en,red,red
255,37,0,en,red,red
255,0,133,en,pink,pink
255,0,181,en,violet,violet
255,0,98,en,red orange,red orange
139,0,255,en,violet,violet
186,0,255,en,purple,purple
255,223,0,en,yellow,yellow
185,255,0,en,green yellow,green yellow
235,255,0,en,yellow,yellow
255,0,74,en,red,red
255,203,0,en,orange,orange
242,0,255,en,purple,purple
255,0,14,en,red,red
255,61,0,en,red orange,red orange
222,255,0,en,yellow,yellow
255,0,148,en,pink,pink
255,130,0,en,orange,orange
255,180,0,en,orange,orange
112,255,0,en,green yellow,green yellow
255,0,230,en,purple,purple
255,113,0,en,orange,orange
255,65,0,en,lava orange,lava orange
255,0,84,en,red pink,red pink
255,0,132,en,hot pink,hot pink
255,126,0,en,orange,orange
254,0,255,en,neon purple,neon purple
217,255,0,en,yellow,yellow
134,255,0,en,lime green,lime
150,0,255,en,blue purple,blue purple
255,0,240,en,neon purple,neon purple
255,238,0,en,yellow,yellow
255,0,3,en,red,red
128,255,0,en,lime green,lime
255,196,0,en,dark yellow,dark yellow
213,0,255,en,purple,purple
255,173,0,en,light orange,light orange
255,0,78,en,red pink,red pink
231,255,0,en,yellow,yellow
255,0,188,en,neon pink,neon pink
255,105,0,en,lava orange,lava orange
255,0,171,en,hot pink,hot pink
181,255,0,en,green,green
255,0,190,en,pink,pink
255,212,0,en,yellow,yellow
108,0,255,en,blue,blue
255,138,0,en,orange,orange
255,220,0,en,yellow,yellow
236,255,0,en,yellow,yellow
255,0,93,en,pink,pink
193,255,0,en,lime,lime
255,0,168,en,pink,pink
255,97,0,en,orange,orange
103,255,0,en,green,green
255,0,115,en,pink,pink
255,78,0,en,ornage,ornage
255,0,53,en,red,red
255,0,228,en,purple,purple
230,0,255,en,purple,purple
255,170,0,en,orange,orange
255,0,44,en,red,red
205,0,255,en,purple,purple
255,226,0,en,goldenrod,goldenrod
255,253,0,en,yellow,yellow
255,0,76,en,red,red
135,0,255,en,purple,purple
255,106,0,en,orange,orange
255,173,0,en,goldenrod,goldenrod
255,0,118,en,magenta,magenta
168,0,255,en,lilac,lilac
224,0,255,en,pink purple,pink purple
132,255,0,en,lime,lime
255,44,0,en,red,red
255,0,190,en,pink,pink
255,0,19,en,red,red
152,255,0,en,lime,lime
255,0,167,en,pink,pink
255,197,0,en,goldenrod,goldenrod
255,0,217,en,pink,pink
189,255,0,en,yellow green,yellow green
255,0,89,en,magenta,magenta
255,147,0,en,orange yellow,orange yellow
131,0,255,en,purple,purple
241,255,0,en,dandelion,dandelion
255,237,0,en,yellow,yellow
255,209,0,en,hot yellow,hot yellow
155,255,0,en,green,green
255,0,79,en,red,red
255,0,43,en,red,red
255,0,153,en,pink purple,pink purple
202,255,0,en,yellow,yellow
255,0,218,en,purple,purple
255,0,121,en,pink,pink
233,0,255,en,purple,purple
94,255,0,en,light green,light green
255,118,0,en,orange,orange
255,50,0,en,red,red
255,176,0,en,yellow orange,yellow orange
213,0,255,en,purple,purple
255,0,208,en,light purple,light purple
255,138,0,en,orange,orange
255,0,103,en,pink,pink
229,0,255,en,fuschia,fuschia
255,0,164,en,neon pink,neon pink
213,0,255,en,purple mountains majesty,purple mountains majesty
255,0,222,en,pink,pink
255,123,0,en,orange,orange
181,255,0,en,light green,light green
193,255,0,en,baby poop green,baby poop green
255,179,0,en,orange,orange
255,0,115,en,pink,pink
255,0,22,en,red,red
255,235,0,en,yellow,yellow
255,0,53,en,salmon pink,salmon
62,0,255,en,indigo,indigo
245,255,0,en,yellow,yellow
96,0,255,en,violet,violet
255,183,0,en,light orange,light orange
110,255,0,en,light green,light green
255,69,0,en,red orange,red orange
255,116,0,en,orange,orange
255,0,85,en,magenta,magenta
255,0,194,en,neon pink,neon pink
255,218,0,en,yellow,yellow
198,0,255,en,purple,purple
255,186,0,en,gold,gold
255,0,8,en,red,red
220,255,0,en,lime,lime
116,0,255,en,mauve,mauve
255,66,0,en,red,red
255,0,168,en,pink,pink
255,117,0,en,orange,orange
119,255,0,en,green,green
255,121,0,en,orange,orange
255,0,247,en,pink,pink
255,0,245,en,pink,pink
83,0,255,en,mauve,mauve
255,243,0,en,yellow,yellow
255,168,0,en,gold,gold
255,0,188,en,pink,pink
175,255,0,en,lime,lime
255,0,76,en,red,red
255,0,97,en,red,red
255,0,117,en,pink/red,pinkred
255,71,0,en,orange,orange
255,0,216,en,neon pink,neon pink
255,0,60,en,strawberry,strawberry
143,255,0,en,lime,lime
247,255,0,en,yellow,yellow
132,0,255,en,purple,purple
255,0,126,en,dark pink,dark pink
255,0,176,en,hot pink,hot pink
255,105,0,en,orange,orange
255,0,182,en,hot pink,hot pink
255,0,250,en,neon pink,neon pink
206,255,0,en,yellow green,yellow green
39,255,0,en,lime green,lime
121,255,0,en,yellow green,yellow green
255,225,0,en,lemon,lemon
255,191,0,en,macaroni,macaroni
255,0,10,en,red,red
255,133,0,en,dark orange,dark orange
255,0,96,en,strawberry,strawberry
255,158,0,en,orange,orange
177,0,255,en,purple,purple
255,0,187,en,hott pink,hott pink
90,255,0,en,kimi (green),kimi (green)
255,0,102,en,cherry red,cherry red
151,0,255,en,purple,purple
255,213,0,en,cowardly,cowardly
255,0,232,en,hott pink,hott pink
255,0,129,en,magenta,magenta
166,255,0,en,lime,lime
255,211,0,en,yellow,yellow
255,172,0,en,bague,bague
184,0,255,en,purple,purple
255,239,0,en,yellow,yellow
255,0,90,en,magenta,magenta
255,152,0,en,orange,orange
255,0,216,en,pink purple,pink purple
255,0,132,en,pink,pink
179,0,255,en,purple,purple
255,0,74,en,magenta,magenta
207,255,0,en,yellow green,yellow green
255,173,0,en,medium orange,medium orange
255,0,19,en,red,red
255,0,144,en,magenta,magenta
120,0,255,en,blue purple,blue purple
255,188,0,en,medium yellow orange,medium yellow orange
252,0,255,en,purple,purple
255,102,0,en,orange,orange
76,255,0,en,bright green,bright green
165,255,0,en,lime green,lime
255,0,182,en,pink,pink
255,245,0,en,yellow,yellow
255,48,0,en,red,red
255,100,0,en,orange,orange
212,255,0,en,bright yellow,bright yellow
255,121,0,en,amber,amber
255,23,0,en,deep red,deep red
23,0,255,en,dark blue,dark blue
255,0,171,en,pink,pink
255,0,62,en,red,red
236,255,0,en,yellow,yellow
255,0,30,en,red,red
232,0,255,en,purple,purple
190,0,255,en,violet,violet
255,0,71,en,red,red
255,195,0,en,yellow,yellow
255,0,239,en,violet,violet
255,141,0,en,orange,orange
255,226,0,en,yellow,yellow
255,100,0,en,dark orange,dark orange
255,160,0,en,orange,orange
50,0,255,en,dark blue,dark blue
245,255,0,en,yellow,yellow
255,0,26,en,red,red
255,0,203,en,purple,purple
113,255,0,en,light green,light green
255,0,79,en,red,red
255,0,251,en,violet,violet
136,255,0,en,light green,light green
255,0,169,en,purple,purple
120,0,255,en,dark purple,dark purple
206,0,255,en,purp,purp
255,0,130,en,red,red
255,189,0,en,orange,orange
255,0,106,en,red,red
255,57,0,en,dark orange,dark orange
211,255,0,en,yellow,yellow
181,255,0,en,lime green,lime
202,0,255,en,violet,violet
233,255,0,en,yellow,yellow
255,0,106,en,pink,pink
140,0,255,en,purple,purple
255,0,45,en,red,red
255,0,134,en,pink,pink
255,128,0,en,orange,orange
255,85,0,en,orange,orange
255,180,0,en,tangerine,tangerine
255,208,0,en,yellowish gold,yellowish gold
255,13,0,en,red,red
255,0,145,en,pink,pink
221,0,255,en,purple,purple
202,255,0,en,green,green
255,0,203,en,pink,pink
255,0,97,en,red,red
255,0,159,en,rose,rose
255,79,0,en,red orange,red orange
255,0,23,en,red,red
255,0,232,en,pink,pink
255,150,0,en,orange,orange
255,189,0,en,orange,orange
155,0,255,en,blue,blue
240,0,255,en,purple,purple
255,111,0,en,red,red
255,251,0,en,yellow,yellow
174,0,255,en,purple,purple
59,255,0,en,green,green
219,255,0,en,yellow,yellow
255,155,0,en,orange,orange
77,0,255,en,blue,blue
23,255,0,en,green,green
170,255,0,en,green,green
255,0,58,en,red,red
255,0,130,en,pink,pink
255,239,0,en,yellow,yellow
156,255,0,en,green,green
255,190,0,en,orange,orange
255,213,0,en,orange,orange
96,255,0,en,green,green
179,0,255,en,purps,purps
247,255,0,en,yellow,yellow
255,0,63,en,red,red
255,0,106,en,pink,pink
255,92,0,en,orange,orange
255,0,238,en,purple,purple
255,0,16,en,red,red
57,0,255,en,blue,blue
255,0,120,en,pink,pink
255,0,239,en,magenta,magenta
255,225,0,en,yellow,yellow
180,0,255,en,purple,purple
255,0,149,en,fushia,fushia
255,0,125,en,pink,pink
138,0,255,en,violet,violet
243,255,0,en,light yellow,light yellow
255,0,157,en,pink,pink
255,192,0,en,orange,orange
200,255,0,en,chartreuse,chartreuse
255,0,45,en,red orange,red orange
255,0,101,en,magenta,magenta
255,0,58,en,red,red
145,255,0,en,lime green,lime
251,0,255,en,fushia,fushia
255,157,0,en,orange,orange
255,151,0,en,orange,orange
216,255,0,en,yello,yello
255,0,84,en,hot pink,hot pink
255,0,244,en,pink,pink
211,0,255,en,purple,purple
104,0,255,en,indigo,indigo
23,0,255,en,royal blue,royal blue
255,0,178,en,hot pink,hot pink
255,57,0,en,scarlet,scarlet
255,109,0,en,orange,orange
255,119,0,en,orange,orange
255,59,0,en,red,red
85,255,0,en,lime green,lime
255,0,48,en,scarlet,scarlet
255,0,69,en,rasberry,rasberry
255,0,198,en,pink,pink
255,201,0,en,yellow,yellow
55,0,255,en,royal blue,royal blue
214,255,0,en,lime,lime
255,0,31,en,red,red
255,0,135,en,magenta,magenta
255,50,0,en,orangish red,orangish red
255,0,174,en,purplish magenta,purplish magenta
255,0,188,en,purple,purple
255,92,0,en,orange,orange
255,0,118,en,magenta,magenta
255,0,253,en,lilac,lilac
239,255,0,en,yellow,yellow
75,255,0,en,lime green,lime
177,255,0,en,chartreuse,chartreuse
255,126,0,en,orange,orange
255,167,0,en,yellow orange,yellow orange
255,236,0,en,golden yellow,golden yellow
97,255,0,en,lime,lime
255,0,251,en,purple,purple
244,255,0,en,yello,yello
255,0,121,en,hot red,hot red
255,49,0,en,red orange,red orange
115,0,255,en,purple,purple
255,112,0,en,orange,orange
195,0,255,en,purple,purple
255,0,185,en,magenta,magenta
255,0,102,en,red,red
188,255,0,en,lime,lime
149,255,0,en,monster energy,monster energy
255,225,0,en,corn yellow,corn yellow
255,0,227,en,purple,purple
255,244,0,en,yellow,yellow
255,0,124,en,pink,pink
255,0,49,en,red,red
255,0,160,en,pink,pink
255,0,236,en,pink,pink
255,189,0,en,maize,maize
255,0,173,en,magenta,magenta
255,0,22,en,red,red
255,179,0,en,autumn corn,autumn corn
255,150,0,en,pumpkin,pumpkin
255,0,64,en,red,red
36,255,0,en,green,green
195,255,0,en,green,green
255,241,0,en,yellow,yellow
255,0,96,en,pink,pink
255,149,0,en,orange,orange
232,0,255,en,purple,purple
255,191,0,en,yellow,yellow
255,0,176,en,pink,pink
183,0,255,en,purple,purple
255,94,0,en,orange,orange
255,0,30,en,red,red
154,255,0,en,green,green
255,65,0,en,orange,orange
100,0,255,en,purple,purple
129,255,0,en,green,green
255,173,0,en,yellow,yellow
255,0,186,en,pink,pink
255,194,0,en,burnt yellow,burnt yellow
170,0,255,en,violet,violet
99,0,255,en,mauve,mauve
236,0,255,en,fuscia,fuscia
255,0,54,en,majenta,majenta
255,71,0,en,burnt oarange,burnt oarange
255,226,0,en,gold,gold
255,145,0,en,orange,orange
214,255,0,en,yellow,yellow
255,0,167,en,pink,pink
255,0,93,en,majenta,majenta
114,255,0,en,lime,lime
255,171,0,en,burnt orange,burnt orange
255,0,27,en,red,red
255,0,237,en,purple,purple
172,255,0,en,line green,line green
252,255,0,en,yellow,yellow
255,0,140,en,fuscia,fuscia
255,116,0,en,darker burnt orange,darker burnt orange
185,255,0,en,hot gren,hot gren
191,255,0,en,hot green,hot green
255,0,213,en,magenta,magenta
255,0,162,en,magenta,magenta
255,63,0,en,tangerine,tangerine
255,0,202,en,magenta,magenta
255,184,0,en,putrid yellow,putrid yellow
255,106,0,en,orange,orange
255,239,0,en,yellow,yellow
255,0,37,en,red,red
81,255,0,en,bright green,bright green
128,0,255,en,purple,purple
255,245,0,en,yellow,yellow
255,0,84,en,bright pink,bright pink
255,0,69,en,red,red
189,0,255,en,purple,purple
255,149,0,en,orange,orange
235,0,255,en,magenta,magenta
255,174,0,en,orange,orange
245,255,0,en,yellow,yellow
255,0,100,en,magenta,magenta
255,194,0,en,orange,orange
255,57,0,en,orange,orange
98,255,0,en,green,green
107,0,255,en,purple,purple
222,255,0,en,yellow,yellow
255,0,3,en,red,red
255,0,161,en,magenta,magenta
255,0,207,en,purple,purple
255,0,232,en,magenta,magenta
255,147,0,en,orange,orange
250,0,255,en,pink,pink
151,255,0,en,lime,lime
255,218,0,en,yellow,yellow
179,0,255,en,purple,purple
255,92,0,en,orange,orange
255,0,133,en,magenta,magenta
255,0,54,en,pink,pink
163,255,0,en,lime green,lime
255,0,98,en,rose,rose
255,242,0,en,yellow,yellow
255,0,224,en,pink,pink
250,255,0,en,lemon,lemon
255,72,0,en,red,red
255,0,191,en,pink,pink
255,123,0,en,orange,orange
255,188,0,en,orange,orange
148,0,255,en,violet,violet
81,0,255,en,indigo,indigo
255,0,2,en,red,red
255,0,123,en,pink,pink
218,0,255,en,purple,purple
255,0,147,en,pink,pink
255,177,0,en,amber,amber
86,255,0,en,green,green
255,111,0,en,orange,orange
243,0,255,en,pink,pink
191,255,0,en,green,green
255,0,53,en,red,red
219,0,255,en,fuschia,fuschia
73,255,0,en,lime,lime
255,0,118,en,fluro pink,fluro pink
255,108,0,en,orange,orange
109,0,255,en,indigo,indigo
255,160,0,en,mustard,mustard
255,0,143,en,fuscia,fuscia
247,255,0,en,fluro yellow,fluro yellow
194,0,255,en,fluro purple,fluro purple
255,0,95,en,fluro pink,fluro pink
140,255,0,en,fluro green,fluro green
255,134,0,en,orange,orange
199,255,0,en,fluro yellow,fluro yellow
255,0,13,en,red,red
255,0,242,en,fuscia,fuscia
255,0,193,en,fluro pink,fluro pink
255,213,0,en,sunny yellow,sunny yellow
255,0,65,en,red,red
255,75,0,en,orange,orange
255,191,0,en,mustard,mustard
255,145,0,en,orange,orange
95,0,255,en,violet,violet
255,78,0,en,deep orange,deep orange
97,255,0,en,lime,lime
255,0,35,en,red,red
255,0,122,en,hot pink,hot pink
255,0,172,en,pink,pink
180,0,255,en,purple,purple
255,212,0,en,sandy yellow,sandy yellow
255,100,0,en,dark orange,dark orange
255,218,0,en,yellow,yellow
197,255,0,en,lime,lime
255,0,99,en,deep pink,deep pink
255,0,205,en,candy pink,candy pink
255,249,0,en,yellow,yellow
255,0,211,en,pink,pink
145,255,0,en,lime,lime
255,0,77,en,rose pink,rose
255,168,0,en,orange,orange
241,0,255,en,candy pink,candy pink
255,0,222,en,hot pink,hot pink
255,150,0,en,orange,orange
255,56,0,en,red,red
255,0,166,en,pink,pink
226,0,255,en,purple,purple
255,177,0,en,orange,orange
188,255,0,en,lime green,lime
255,0,181,en,pink,pink
139,255,0,en,green,green
255,0,215,en,pink,pink
255,0,97,en,hot pink,hot pink
119,0,255,en,purple,purple
255,132,0,en,orange,orange
25,0,255,en,blue,blue
255,208,0,en,yellow,yellow
255,98,0,en,orange,orange
87,255,0,en,green,green
255,0,4,en,red,red
185,0,255,en,purple,purple
255,0,131,en,pink,pink
255,0,73,en,reddy pink,reddy pink
255,246,0,en,yellow,yellow
255,225,0,en,dark yellow,dark yellow
255,0,245,en,purple,purple
114,0,255,en,bu,bu
255,202,0,en,orange,orange
196,0,255,en,purple,purple
255,0,96,en,pink,pink
255,30,0,en,red,red
244,0,255,en,purple,purple
255,164,0,en,orange,orange
255,0,230,en,pink,pink
255,0,135,en,pink,pink
78,0,255,en,blue,blue
109,255,0,en,green,green
243,255,0,en,yellow,yellow
255,147,0,en,brown,brown
255,237,0,en,yellow,yellow
255,111,0,en,oange,oange
255,122,0,en,orange,orange
79,255,0,en,green,green
157,255,0,en,yellow,yellow
255,0,137,en,pink,pink
255,0,152,en,pink,pink
255,0,38,en,red,red
255,22,0,en,red,red
255,0,81,en,red,red
255,0,180,en,pink,pink
255,0,70,en,red,red
255,225,0,en,yellow,yellow
192,0,255,en,purple,purple
255,61,0,en,red,red
210,255,0,en,chartreuse yellow,chartreuse yellow
15,255,0,en,green,green
255,0,101,en,fuschia,fuschia
255,138,0,en,orange,orange
147,255,0,en,chartreuse green,chartreuse green
255,0,179,en,magenta,magenta
255,0,123,en,hot pink,hot pink
121,0,255,en,eggplant,eggplant
170,0,255,en,purple,purple
255,0,60,en,fuschia,fuschia
255,115,0,en,orange,orange
255,0,29,en,red,red
255,153,0,en,orange,orange
65,255,0,en,apple green,apple green
255,190,0,en,ochre,ochre
255,253,0,en,yellow,yellow
255,227,0,en,gold,gold
228,0,255,en,purple,purple
255,0,241,en,magenta,magenta
255,0,152,en,pink,pink
71,0,255,en,blue,blue
255,0,106,en,pink,pink
255,0,213,en,magenta,magenta
255,179,0,en,yellow,yellow
255,69,0,en,orange,orange
255,0,27,en,red,red
255,0,129,en,pink,pink
255,84,0,en,orange,orange
255,0,72,en,red,red
255,221,0,en,yellow,yellow
249,255,0,en,yellow,yellow
207,0,255,en,purple,purple
54,255,0,en,green,green
139,0,255,en,purple,purple
255,210,0,en,yellow,yellow
149,255,0,en,green,green
255,0,200,en,pink,pink
255,0,252,en,purple,purple
255,0,174,en,pink,pink
255,136,0,en,orange,orange
223,255,0,en,yellow,yellow
255,67,0,en,red,red
198,255,0,en,light green,light green
222,0,255,en,violet,violet
137,255,0,en,lime,lime
255,0,193,en,dark pink,dark pink
255,158,0,en,dark orange,dark orange
145,0,255,en,purple,purple
255,0,124,en,dark pink,dark pink
255,0,90,en,red,red
255,252,0,en,yellow,yellow
188,0,255,en,light purple,light purple
255,0,77,en,red,red
255,0,41,en,red orange,red orange
42,255,0,en,lime green,lime
255,202,0,en,tangerine,tangerine
255,0,220,en,bright pink,bright pink
255,0,170,en,bright pink,bright pink
255,214,0,en,yellow orange,yellow orange
255,135,0,en,orange,orange
255,119,0,en,darker orange,darker orange
113,255,0,en,green,green
255,192,0,en,orange,orange
255,115,0,en,red,red
255,0,60,en,red,red
123,0,255,en,blue,blue
255,239,0,en,yellow,yellow
255,37,0,en,red,red
255,0,137,en,pink,pink
178,255,0,en,yellow,yellow
255,0,209,en,pink,pink
255,139,0,en,orange,orange
22,0,255,en,blue,blue
255,0,95,en,pink,pink
255,0,238,en,pink,pink
183,0,255,en,purple,purple
255,0,149,en,pink,pink
255,0,23,en,red,red
205,255,0,en,yellow,yellow
255,154,0,en,orange,orange
246,0,255,en,pink,pink
242,255,0,en,yellow,yellow
255,0,222,en,magenta,magenta
255,247,0,en,yellow,yellow
255,0,101,en,pink,pink
132,255,0,en,lime green,lime
126,0,255,en,purple,purple
255,120,0,en,orange,orange
255,189,0,en,yellow,yellow
255,156,0,en,orange,orange
255,0,147,en,magenta,magenta
255,0,141,en,magenta,magenta
255,0,188,en,hot pink,hot pink
255,78,0,en,oragne,oragne
255,0,30,en,red,red
255,238,0,en,yellow,yellow
91,0,255,en,royal blue,royal blue
255,0,247,en,magenta,magenta
255,0,72,en,red,red
145,255,0,en,lime green,lime
255,105,0,en,orange,orange
217,255,0,en,yellow,yellow
255,0,49,en,red,red
146,255,0,en,highlighter green,highlighter green
193,255,0,en,yellow green,yellow green
255,250,0,en,yellow,yellow
255,63,0,en,blood orange,blood orange
200,0,255,en,indigo,indigo
255,0,210,en,light purple,light purple
228,0,255,en,purple,purple
255,155,0,en,gold,gold
255,0,92,en,crimson,crimson
255,0,16,en,red,red
255,0,152,en,blood purple,blood purple
255,0,123,en,dark pink,dark pink
255,193,0,en,gold,gold
120,255,0,en,highlighter green,highlighter green
255,243,0,en,yellow,yellow
146,0,255,en,purple,purple
255,84,0,en,blood orange,blood orange
255,147,0,en,dark gold,dark gold
71,0,255,en,dark purple,dark purple
255,0,252,en,pink,pink
131,0,255,en,purple,purple
255,205,0,en,yellow,yellow
255,0,39,en,red?,red
255,0,154,en,pink,pink
255,0,142,en,pink,pink
255,0,233,en,pink,pink
255,89,0,en,e,e
25,255,0,en,green,green
248,255,0,en,yellow,yellow
255,0,207,en,n,n
212,255,0,en,yellow,yellow
255,0,53,en,v,v
255,0,101,en,u,u
103,255,0,en,green,green
255,227,0,en,yellow,yellow
255,57,0,en,red/orange,redorange
178,0,255,en,purple,purple
176,255,0,en,gross yellow,gross yellow
255,182,0,en,pencil/school bus,pencilschool bus
255,0,203,en,magenta,magenta
255,0,103,en,rose red,rose red
255,170,0,en,light orange,light orange
255,117,0,en,orange,orange
255,213,0,en,yellow orange,yellow orange
71,255,0,en,neon green,neon green
255,0,56,en,red,red
220,255,0,en,yellow green,yellow green
255,0,156,en,hot pink,hot pink
255,0,41,en,red,red
255,72,0,en,orange,orange
163,0,255,en,purple,purple
255,207,0,en,yellow orange,yellow orange
255,0,142,en,hot pink,hot pink
233,255,0,en,yellow green,yellow green
255,0,226,en,fucsia,fucsia
255,142,0,en,orange,orange
175,255,0,en,lime,lime
134,0,255,en,purple,purple
255,0,247,en,magenta,magenta
207,0,255,en,violet,violet
255,0,60,en,red,red
105,255,0,en,light green,light green
255,205,0,en,gold,gold
255,255,0,en,yellow,yellow
255,0,26,en,red,red
255,111,0,en,orange,orange
255,173,0,en,gold,gold
190,255,0,en,light green,light green
255,229,0,en,yellow,yellow
255,0,189,en,pink,pink
255,0,219,en,pink,pink
255,125,0,en,orange,orange
255,0,142,en,pink,pink
255,68,0,en,orange,orange
255,0,150,en,pink,pink
144,255,0,en,light green,light green
255,0,250,en,violet,violet
144,0,255,en,purple,purple
255,0,100,en,red,red
255,231,0,en,yellow,yellow
255,0,19,en,red,red
255,0,97,en,magenta,magenta
255,175,0,en,yellow ochre,yellow ochre
255,0,239,en,violet,violet
255,124,0,en,burnt orange,burnt orange
255,0,117,en,fusica,fusica
255,0,164,en,hot pink,hot pink
255,0,206,en,purple pink,purple pink
108,255,0,en,lime green,lime
70,0,255,en,royal blue,royal blue
141,0,255,en,purple,purple
255,200,0,en,cadmium yellow,cadmium yellow
166,0,255,en,purple,purple
214,255,0,en,yellow green,yellow green
255,0,75,en,apple red,apple red
255,21,0,en,red,red
158,255,0,en,lime green,lime
255,119,0,en,orange,orange
255,245,0,en,yellow,yellow
255,0,255,en,pink purple,pink purple
255,153,0,en,orange,orange
53,255,0,en,light green,light green
250,0,255,en,lilac,lilac
66,0,255,en,dark blue,dark blue
255,0,213,en,pink,pink
40,255,0,en,green,green
134,0,255,en,violet,violet
207,0,255,en,dark purple,dark purple
255,0,132,en,pink,pink
255,70,0,en,orange,orange
255,0,39,en,scarlet,scarlet
255,211,0,en,yellow,yellow
137,0,255,en,violet,violet
255,0,91,en,hot pink,hot pink
255,159,0,en,orange,orange
255,0,217,en,magenta,magenta
93,255,0,en,green,green
255,90,0,en,red,red
255,0,95,en,magenta,magenta
255,74,0,en,red,red
243,255,0,en,yellow,yellow
178,0,255,en,purple,purple
255,175,0,en,orange,orange
255,210,0,en,yellow,yellow
255,0,139,en,pink,pink
255,0,199,en,purple,purple
255,0,235,en,purple,purple
255,0,36,en,red,red
255,0,51,en,red,red
209,255,0,en,yellow,yellow
255,0,159,en,magenta,magenta
255,213,0,en,yellow,yellow
255,120,0,en,orange,orange
255,0,254,en,purple,purple
137,0,255,en,purple,purple
146,255,0,en,green,green
255,0,33,en,red,red
255,0,169,en,magenta,magenta
255,109,0,en,orange,orange
138,0,255,en,purple,purple
131,255,0,en,lime green,lime
243,255,0,en,yellow,yellow
164,255,0,en,green yellow/ lime,green yellow lime
206,0,255,en,dark violet,dark violet
255,0,64,en,red,red
255,160,0,en,orange,orange
255,0,238,en,magenta,magenta
255,240,0,en,yellow,yellow
255,146,0,en,orange,orange
255,198,0,en,sandy yellow,sandy yellow
255,0,118,en,violet red,violet red
252,0,255,en,magenta,magenta
255,0,194,en,violet,violet
255,53,0,en,red,red
197,255,0,en,pear,pear
255,0,83,en,red,red
255,0,52,en,red,red
198,0,255,en,purple,purple
255,0,99,en,dark magenta,dark magenta
255,78,0,en,burnt orange,burnt orange
84,255,0,en,lime green,lime
255,0,123,en,magenta,magenta
255,139,0,en,orange,orange
255,0,159,en,bright magenta,bright magenta
255,0,43,en,red,red
114,0,255,en,violet,violet
255,191,0,en,tangerine,tangerine
255,0,200,en,magenta,magenta
83,0,255,en,blue violet,blue-violet
223,255,0,en,day glow yellow,day glow yellow
255,0,228,en,hot pink,hot pink
34,255,0,en,bright green,bright green
230,255,0,en,yellow green,yellow green
255,242,0,en,yellow,yellow
228,0,255,en,grape,grape
255,107,0,en,burnt orange,burnt orange
176,255,0,en,light green,light green
255,179,0,en,light orange,light orange
255,0,150,en,purple,purple
255,0,93,en,pink,pink
239,255,0,en,yellow,yellow
255,159,0,en,orange,orange
255,129,0,en,orange,orange
255,0,234,en,purple,purple
255,191,0,en,yellow,yellow
255,0,44,en,pink,pink
255,107,0,en,orange,orange
255,218,0,en,yellow,yellow
142,255,0,en,green,green
226,255,0,en,yellow,yellow
230,0,255,en,purple,purple
255,0,80,en,pink,pink
255,0,181,en,pink,pink
255,0,139,en,pink,pink
255,70,0,en,orange,orange
126,255,0,en,green,green
93,0,255,en,purple,purple
171,0,255,en,purple,purple
255,147,0,en,ripe orange,ripe orange
201,255,0,en,lemon lime green,lemon lime green
255,0,153,en,hot pink,hot pink
61,0,255,en,evening blue,evening blue
137,255,0,en,bright green,bright green
238,255,0,en,lemon lime yellow,lemon lime yellow
255,0,46,en,true bright red,true bright red
255,0,243,en,fuchsia pink,fuchsia pink
255,0,71,en,red,red
255,71,0,en,firetruck red,firetruck red
125,255,0,en,true bright green,true bright green
255,0,91,en,raspberry,raspberry
255,202,0,en,orange yellow,orange yellow
132,0,255,en,periwrinkle,periwrinkle
255,0,140,en,raspberry,raspberry
255,213,0,en,canary yellow,canary yellow
255,172,0,en,orange yellow,orange yellow
165,0,255,en,purple,purple
255,0,180,en,hot pink,hot pink
255,117,0,en,ripe orange,ripe orange
255,140,0,en,orange,orange
255,54,0,en,red,red
119,0,255,en,purple,purple
255,0,160,en,pink,pink
255,201,0,en,yellow,yellow
255,0,37,en,pink,pink
255,178,0,en,yellow,yellow
184,255,0,en,green,green
76,255,0,en,green,green
255,228,0,en,yellow,yellow
255,0,61,en,pink,pink
255,0,134,en,purple,purple
255,0,238,en,purple,purple
255,0,103,en,pink,pink
255,0,254,en,pink,pink
255,250,0,en,yellow,yellow
255,117,0,en,orange,orange
221,255,0,en,yellow,yellow
255,0,190,en,pink,pink
64,0,255,en,blue,blue
255,114,0,en,orange,orange
255,0,126,en,magenta,magenta
255,211,0,en,yellow,yellow
255,0,0,en,red,red
255,158,0,en,orange,orange
132,255,0,en,green,green
177,255,0,en,green,green
255,128,0,en,orange,orange
255,0,199,en,magenta,magenta
255,0,70,en,red,red
255,0,88,en,red,red
254,255,0,en,yellow,yellow
191,255,0,en,green,green
255,0,169,en,magenta,magenta
170,0,255,en,purple,purple
117,0,255,en,purple,purple
230,0,255,en,magenta,magenta
255,0,226,en,magenta,magenta
255,0,17,en,red,red
255,241,0,en,yellow,yellow
255,0,202,en,pink,pink
255,126,0,en,orange,orange
255,162,0,en,light orange,light orange
85,0,255,en,purple,purple
222,255,0,en,yellow,yellow
255,0,156,en,pink,pink
59,255,0,en,green,green
255,238,0,en,yellow,yellow
255,198,0,en,yellow,yellow
255,0,212,en,pink,pink
255,115,0,en,orange,orange
177,0,255,en,purple,purple
151,0,255,en,purple,purple
255,243,0,en,yellow,yellow
232,0,255,en,purple,purple
255,0,73,en,red,red
255,0,129,en,red,red
255,0,97,en,red,red
172,255,0,en,green,green
255,0,25,en,red,red
255,24,0,en,red,red
113,0,255,en,indigo,indigo
255,228,0,en,yellow,yellow
255,48,0,en,orange,orange
133,255,0,en,yellow green,yellow green
217,255,0,en,yellow,yellow
235,255,0,en,yellow,yellow
255,0,110,en,pink,pink
255,102,0,en,orange,orange
255,0,11,en,red,red
255,0,231,en,pink,pink
245,0,255,en,pink,pink
255,0,209,en,pink,pink
255,0,150,en,pink,pink
117,255,0,en,green,green
181,0,255,en,purple,purple
255,175,0,en,orange,orange
255,0,68,en,red,red
255,212,0,en,yellow orange,yellow orange
255,149,0,en,orange,orange
255,0,133,en,pink,pink
236,255,0,en,yellow,yellow
255,205,0,en,orange,orange
255,0,163,en,pink,pink
255,0,24,en,red,red
255,0,197,en,pink,pink
130,255,0,en,green,green
255,0,62,en,red,red
229,255,0,en,yellow,yellow
255,74,0,en,red,red
255,151,0,en,orange,orange
243,0,255,en,pink,pink
64,0,255,en,blue,blue
255,164,0,en,orange,orange
255,0,104,en,red,red
215,0,255,en,purple,purple
255,0,233,en,pink,pink
255,0,125,en,pink,pink
108,0,255,en,indigo,indigo
255,90,0,en,orange,orange
255,229,0,en,yellow,yellow
139,255,0,en,green,green
255,177,0,en,orange,orange
152,255,0,en,lime green,lime
255,0,117,en,shocking pink,shocking pink
255,194,0,en,almost yellow orange,almost yellow orange
255,0,250,en,magenta,magenta
255,147,0,en,pumpkin,pumpkin
255,116,0,en,ruddy orange,ruddy orange
167,0,255,en,violet,violet
115,255,0,en,green apple,green apple
214,255,0,en,sickly yellow,sickly yellow
255,0,167,en,shocking pink,shocking pink
255,0,23,en,red,red
255,64,0,en,scarlet,scarlet
119,0,255,en,royal blue,royal blue
255,237,0,en,yellow,yellow
173,255,0,en,light green,light green
255,0,87,en,pink,pink
255,0,50,en,red,red
255,108,0,en,orange,orange
255,0,201,en,pink,pink
255,162,0,en,orange,orange
165,0,255,en,purple,purple
255,0,134,en,pink,pink
255,43,0,en,red,red
255,0,168,en,pink,pink
109,255,0,en,light green,light green
233,0,255,en,purple,purple
251,255,0,en,yellow,yellow
255,145,0,en,orange,orange
195,255,0,en,light green,light green
255,0,214,en,pink,pink
212,255,0,en,lime,lime
246,0,255,en,magenta,magenta
132,255,0,en,light green,light green
255,0,162,en,pink,pink
164,0,255,en,purple,purple
133,255,0,en,green,green
255,0,28,en,red,red
255,0,127,en,dark pink,dark pink
255,0,180,en,pink,pink
255,0,255,en,purple,purple
249,255,0,en,yellow,yellow
255,147,0,en,orange,orange
139,0,255,en,purple,purple
255,174,0,en,orange,orange
167,255,0,en,green,green
99,255,0,en,green,green
255,148,0,en,orange,orange
255,118,0,en,orange,orange
255,0,156,en,pink,pink
255,44,0,en,red,red
255,0,117,en,dark pink,dark pink
255,0,240,en,light purple,light purple
206,0,255,en,dark purple,dark purple
255,95,0,en,orange,orange
133,0,255,en,purple,purple
255,193,0,en,urine yellow,urine yellow
17,255,0,en,green,green
255,190,0,en,orange,orange
255,235,0,en,yellow,yellow
138,0,255,en,purple,purple
255,0,214,en,magenta,magenta
255,0,45,en,red,red
255,0,11,en,red,red
172,255,0,en,green,green
255,36,0,en,red,red
123,0,255,en,purple,purple
255,230,0,en,yellow,yellow
255,223,0,en,yellow,yellow
255,0,182,en,purple,purple
255,0,53,en,red,red
123,0,255,en,blue,blue
255,0,111,en,pink,pink
115,255,0,en,lime green,lime
255,253,0,en,yellow,yellow
255,237,0,en,yellow,yellow
255,130,0,en,orange,orange
127,0,255,en,purple,purple
108,0,255,en,purple,purple
255,225,0,en,yellow,yellow
255,43,0,en,red,red
255,0,142,en,pink,pink
255,0,206,en,purple,purple
255,0,2,en,red,red
255,85,0,en,orange,orange
108,255,0,en,green,green
203,255,0,en,yellow,yellow
253,0,255,en,purple,purple
255,105,0,en,orange,orange
83,255,0,en,green,green
255,0,57,en,red,red
255,0,233,en,pink,pink
227,255,0,en,yellow,yellow
182,0,255,en,purple,purple
255,120,0,en,orange,orange
255,0,70,en,red,red
255,174,0,en,light orange,light orange
255,0,163,en,bright purple,bright purple
255,0,183,en,purple,purple
255,228,0,en,yellow,yellow
136,255,0,en,bright green,bright green
85,255,0,en,neon,neon
255,177,0,en,yellow/orange,yelloworange
255,0,75,en,pink red,pink red
233,255,0,en,yellow,yellow
255,192,0,en,yellow/orange,yelloworange
255,0,132,en,deep pink,deep pink
255,85,0,en,brick orange,brick orange
255,149,0,en,dark orange,dark orange
255,55,0,en,red,red
255,0,112,en,pink,pink
122,255,0,en,green,green
255,0,99,en,pink,pink
255,131,0,en,orange,orange
255,153,0,en,orange,orange
255,0,218,en,purple,purple
255,234,0,en,yellow,yellow
255,64,0,en,red,red
255,210,0,en,yellow,yellow
233,255,0,en,yellow,yellow
255,0,75,en,pink,pink
175,0,255,en,purple,purple
229,0,255,en,pink,pink
255,207,0,en,yellow,yellow
255,136,0,en,orange,orange
180,255,0,en,green,green
250,255,0,en,yellow,yellow
255,0,50,en,red,red
255,0,170,en,pink,pink
241,0,255,en,purple,purple
255,224,0,en,yellow,yellow
255,0,137,en,pink,pink
255,40,0,en,red,red
105,0,255,en,purple,purple
255,0,27,en,red,red
255,136,0,en,orange,orange
62,0,255,en,dark blue,dark blue
95,255,0,en,lime,lime
255,0,59,en,red,red
255,0,117,en,pink,pink
255,0,9,en,red,red
255,0,220,en,bright pink,bright pink
255,0,35,en,red,red
175,255,0,en,yellow,yellow
224,255,0,en,yellow,yellow
200,0,255,en,purple,purple
255,92,0,en,orange,orange
231,255,0,en,yellow,yellow
255,0,250,en,pink,pink
255,195,0,en,orange,orange
255,0,169,en,pink,pink
255,223,0,en,yellow,yellow
255,0,226,en,pink,pink
255,119,0,en,dark orange,dark orange
255,189,0,en,dark yellow,dark yellow
255,174,0,en,light orange,light orange
255,0,95,en,dark pink,dark pink
126,0,255,en,dark purple,dark purple
255,17,0,en,red,red
255,55,0,en,dark orange,dark orange
255,232,0,en,yellow,yellow
255,0,136,en,fuchsia,fuchsia
85,255,0,en,green,green
255,247,0,en,light yellow,light yellow
255,87,0,en,orange,orange
255,0,41,en,red,red
255,0,192,en,pink,pink
255,0,164,en,pink,pink
251,255,0,en,yellow,yellow
255,0,99,en,red,red
255,184,0,en,orange,orange
255,169,0,en,orange,orange
255,148,0,en,orange,orange
255,0,114,en,pink,pink
85,0,255,en,blue,blue
236,255,0,en,yellow,yellow
255,0,35,en,red,red
255,0,169,en,dark pink,dark pink
255,44,0,en,red,red
255,0,217,en,fluorescent pink,fluorescent pink
91,0,255,en,marine blue,marine blue
255,0,134,en,dark pink,dark pink
255,0,83,en,red,red
255,160,0,en,orange,orange
255,0,245,en,pink,pink
164,0,255,en,purple,purple
255,0,62,en,raspberry,raspberry
255,0,148,en,magenta,magenta
255,83,0,en,burnt orange,burnt orange
255,188,0,en,mustard,mustard
255,170,0,en,mustard,mustard
189,255,0,en,lime green,lime
255,99,0,en,orange,orange
255,0,147,en,pink,pink
255,222,0,en,yellow,yellow
255,0,190,en,pink,pink
106,0,255,en,purple,purple
255,176,0,en,orange,orange
140,255,0,en,green,green
216,255,0,en,yellow,yellow
255,253,0,en,neon yellow,neon yellow
245,0,255,en,purple,purple
224,255,0,en,yellow,yellow
255,0,48,en,red,red
255,0,106,en,pink,pink
255,0,135,en,pink,pink
255,0,205,en,pink,pink
222,255,0,en,yellow,yellow
255,0,245,en,purple,purple
255,0,36,en,red,red
255,201,0,en,light orange,light orange
255,173,0,en,orange,orange
255,254,0,en,yellow,yellow
104,255,0,en,green,green
136,255,0,en,green,green
216,0,255,en,purple,purple
255,0,108,en,pink,pink
255,0,54,en,red,red
254,255,0,en,yellow,yellow
135,255,0,en,green,green
255,0,235,en,pink,pink
255,104,0,en,orange,orange
153,255,0,en,lime green,lime
255,78,0,en,deep orange,deep orange
105,0,255,en,dark blue,dark blue
255,0,206,en,magenta,magenta
255,0,37,en,red,red
255,0,88,en,pink red,pink red
84,0,255,en,dark blue,dark blue
255,225,0,en,yellow,yellow
171,0,255,en,purple,purple
224,255,0,en,yellow,yellow
255,0,61,en,red,red
255,0,159,en,pink,pink
81,255,0,en,green,green
255,111,0,en,dark orange,dark orange
255,0,80,en,red,red
255,0,245,en,purple,purple
255,130,0,en,orange,orange
255,0,172,en,pink,pink
255,0,201,en,dark pink,dark pink
255,0,247,en,purple,purple
229,255,0,en,yellow,yellow
255,158,0,en,light orange,light orange
138,0,255,en,violet,violet
255,0,227,en,pink,pink
223,255,0,en,yellow,yellow
255,126,0,en,orange,orange
255,0,203,en,fuchsia,fuchsia
255,0,57,en,red,red
255,161,0,en,orange,orange
255,16,0,en,red,red
142,0,255,en,purple,purple
255,0,200,en,pink,pink
255,0,33,en,red,red
255,203,0,en,yellow,yellow
190,0,255,en,purple,purple
224,0,255,en,pink,pink
255,0,5,en,red,red
239,0,255,en,lavender,lavender
255,0,113,en,pink,pink
255,0,245,en,light magenta,light magenta
189,0,255,en,purple,purple
171,255,0,en,lime green,lime
255,0,201,en,magenta,magenta
255,156,0,en,orange,orange
255,139,0,en,orange,orange
255,0,82,en,dark pink,dark pink
222,255,0,en,yellow very light green,yellow very light green
255,217,0,en,dark yellow,dark yellow
243,0,255,en,light purple,light purple
255,186,0,en,orange,orange
210,0,255,en,purple,purple
255,0,111,en,fuchsia,fuchsia
155,255,0,en,light green,light green
255,0,144,en,pink,pink
255,0,250,en,fluorescent pink,fluorescent pink
255,0,179,en,pink,pink
182,0,255,en,purple,purple
164,255,0,en,light green,light green
147,0,255,en,dark purple,dark purple
255,0,50,en,red,red
255,187,0,en,very light orange,very light orange
88,255,0,en,fluorescent green,fluorescent green
255,94,0,en,dark orange,dark orange
255,0,67,en,red,red
255,0,6,en,red,red
255,0,85,en,tomato pink,tomato pink
255,0,199,en,lavendar,lavendar
255,214,0,en,yellow,yellow
255,0,229,en,purple,purple
255,109,0,en,orange,orange
255,0,254,en,lavendar,lavendar
137,255,0,en,green,green
255,0,161,en,pink,pink
215,0,255,en,purple,purple
255,170,0,en,orange,orange
241,255,0,en,yelow,yelow
255,192,0,en,orange,orange
94,0,255,en,purple,purple
255,72,0,en,red,red
255,122,0,en,orange,orange
220,255,0,en,yellow,yellow
115,255,0,en,green,green
255,0,121,en,pink,pink
255,0,165,en,pink,pink
255,144,0,en,orange,orange
170,0,255,en,purple,purple
255,241,0,en,yellow,yellow
92,255,0,en,green,green
246,255,0,en,yellow 2,yellow 
255,0,73,en,red,red
255,155,0,en,orange,orange
255,0,189,en,pink,pink
255,0,14,en,red,red
255,0,100,en,pink red,pink red
255,119,0,en,darker orange,darker orange
255,193,0,en,dark goldy yellow,dark goldy yellow
140,0,255,en,purple,purple
167,255,0,en,slime green,slime green
255,0,252,en,pink 2,pink 
255,0,187,en,fuscia,fuscia
255,251,0,en,yellow,yellow
255,180,0,en,oragne,oragne
255,0,58,en,red,red
166,255,0,en,vivid green,vivid green
207,255,0,en,lime,lime
255,131,0,en,burnt orange,burnt orange
225,0,255,en,purple,purple
76,255,0,en,bright green,bright green
255,0,164,en,pink,pink
200,0,255,en,purple,purple
255,109,0,en,red orange,red orange
255,0,226,en,fuscia,fuscia
255,230,0,en,yellow,yellow
255,0,133,en,fuscia,fuscia
255,209,0,en,amber,amber
255,0,45,en,cherry,cherry
255,0,99,en,pink,pink
255,70,0,en,red orange,red orange
134,0,255,en,purple,purple
52,255,0,en,green,green
255,0,193,en,magenta,magenta
255,64,0,en,red,red
240,255,0,en,yellow,yellow
212,255,0,en,dirty yellow,dirty yellow
148,255,0,en,lime green,lime
255,0,211,en,magenta,magenta
232,0,255,en,lavender,lavender
115,255,0,en,lime,lime
255,0,209,en,orchid,orchid
255,170,0,en,tangerine,tangerine
255,0,237,en,berry,berry
255,0,142,en,magenta,magenta
255,0,99,en,raspberry,raspberry
234,0,255,en,violet,violet
255,126,0,en,bright orange,bright orange
255,0,13,en,red,red
255,25,0,en,red orange,red orange
255,244,0,en,yellow,yellow
255,0,147,en,plum berry,plum berry
212,255,0,en,highlighter yellow,highlighter yellow
166,0,255,en,purple,purple
142,0,255,en,indigo,indigo
180,255,0,en,peridot,peridot
255,0,61,en,ruby,ruby
255,202,0,en,mustard,mustard
255,215,0,en,dandelion,dandelion
255,98,0,en,orange red,orange-red
255,0,249,en,fuchsia,fuchsia
255,0,158,en,pink,pink
255,63,0,en,orange,orange
255,180,0,en,orange,orange
172,255,0,en,lime,lime
247,255,0,en,yellow,yellow
255,89,0,en,orange,orange
214,0,255,en,purple,purple
255,140,0,en,orange,orange
201,255,0,en,lime,lime
255,222,0,en,banana,banana
157,0,255,en,purple,purple
255,0,67,en,strawberry,strawberry
255,0,138,en,pink,pink
255,0,220,en,fuchsia,fuchsia
255,199,0,en,banana,banana
255,0,191,en,fuchsia,fuchsia
255,0,95,en,pink,pink
255,0,15,en,red,red
120,255,0,en,lime,lime
255,0,158,en,pink,pink
247,255,0,en,yellow,yellow
255,223,0,en,mustard,mustard
214,255,0,en,yellow,yellow
255,0,101,en,rose,rose
255,0,141,en,pink,pink
249,255,0,en,yellow,yellow
76,255,0,en,green,green
255,8,0,en,red,red
255,214,0,en,yellow,yellow
159,0,255,en,purple,purple
255,0,220,en,magenta,magenta
255,0,190,en,magenta,magenta
166,0,255,en,purple,purple
255,195,0,en,yellow,yellow
255,0,61,en,scarlet,scarlet
255,0,136,en,magenta,magenta
147,255,0,en,green,green
228,255,0,en,yellow,yellow
255,168,0,en,orange,orange
255,137,0,en,orange,orange
61,0,255,en,cerulean,cerulean
255,0,44,en,scarlet,scarlet
255,0,147,en,magenta,magenta
255,97,0,en,dark orange,dark orange
255,0,96,en,pink,pink
220,0,255,en,purple,purple
99,255,0,en,lime,lime
255,0,243,en,magenta,magenta
255,225,0,en,dandelion,dandelion
255,0,60,en,red pink,red pink
255,0,138,en,pink,pink
214,255,0,en,yellow,yellow
220,0,255,en,purple,purple
255,63,0,en,scarlet,scarlet
255,110,0,en,orange,orange
198,0,255,en,purple,purple
255,152,0,en,light orange,light orange
255,0,86,en,pink,pink
255,132,0,en,yellow orange,yellow orange
255,0,63,en,red,red
245,255,0,en,yellow,yellow
255,0,220,en,fuschia,fuschia
66,0,255,en,navy,navy
200,0,255,en,purple,purple
255,79,0,en,orange,orange
255,175,0,en,tangerine,tangerine
255,202,0,en,sun,sun
207,255,0,en,lime,lime
255,0,81,en,passion,passion
255,0,132,en,violet,violet
62,255,0,en,grass,grass
255,224,0,en,yellow,yellow
133,255,0,en,neon green,neon green
255,89,0,en,tangerine,tangerine
255,0,162,en,fuschia,fuschia
255,139,0,en,orange,orange
5,255,0,en,neon green,neon green
230,0,255,en,purple,purple
255,0,189,en,violet,violet
120,0,255,en,royal purple,royal purple
255,0,7,en,red,red
255,0,228,en,magenta,magenta
255,0,174,en,fuchia,fuchia
190,255,0,en,highlighter green,highlighter green
9,255,0,en,bright green,bright green
68,0,255,en,indigo,indigo
168,255,0,en,highlighter green,highlighter green
109,255,0,en,green,green
255,0,71,en,pink,pink
255,0,108,en,pink,pink
255,186,0,en,yellow,yellow
227,0,255,en,pinkish purple,pinkish purple
255,233,0,en,yellow,yellow
231,255,0,en,yellow,yellow
99,0,255,en,purple,purple
255,83,0,en,orange,orange
255,0,191,en,fuchisa,fuchisa
255,0,48,en,dark pink,dark pink
255,167,0,en,yellow,yellow
255,120,0,en,orange,orange
255,24,0,en,red,red
255,0,130,en,magenta,magenta
176,0,255,en,violet,violet
255,154,0,en,orange,orange
21,0,255,en,blue,blue
255,127,0,en,tang,tang
255,0,65,en,red,red
253,0,255,en,magenta,magenta
193,255,0,en,lime green,lime
157,0,255,en,violet,violet
255,0,227,en,magenta,magenta
255,0,177,en,magenta,magenta
255,40,0,en,red,red
172,255,0,en,lime green,lime
255,0,91,en,pink,pink
255,0,21,en,red,red
255,184,0,en,orange yellow,orange yellow
255,0,123,en,magenta,magenta
255,0,148,en,pink,pink
255,89,0,en,orange,orange
255,220,0,en,dark yellow,dark yellow
60,255,0,en,forest green,forest green
254,255,0,en,yellow,yellow
255,42,0,en,red,red
255,178,0,en,orange,orange
88,0,255,en,blue,blue
81,255,0,en,yellow green,yellow green
255,236,0,en,yellow,yellow
225,255,0,en,yellow,yellow
255,117,0,en,orange,orange
255,0,185,en,pink,pink
255,0,146,en,pink,pink
255,0,131,en,pink,pink
176,255,0,en,greenish yellow,greenish yellow
255,0,242,en,pinkish urple,pinkish urple
255,0,26,en,red,red
115,0,255,en,purple,purple
255,0,50,en,pinkish red,pinkish red
191,0,255,en,purple,purple
234,0,255,en,purple,purple
40,255,0,en,green,green
253,255,0,en,yellow,yellow
255,205,0,en,yellow,yellow
255,0,100,en,pink,pink
255,125,0,en,orange,orange
255,235,0,en,yellow,yellow
255,175,0,en,yellow orange,yellow orange
255,0,127,en,hot pink,hot pink
255,0,176,en,hot pink,hot pink
142,0,255,en,purple,purple
255,0,54,en,red tinted pink,red tinted pink
255,127,0,en,orange,orange
191,255,0,en,dirty yellow,dirty yellow
216,0,255,en,pink tinted purple,pink tinted purple
242,0,255,en,hot pink,hot pink
83,255,0,en,leaf green,leaf green
255,0,146,en,hot pink,hot pink
255,202,0,en,mustard yellow,mustard
255,246,0,en,yellow,yellow
255,0,40,en,soft red,soft red
182,255,0,en,green yellow,green yellow
255,116,0,en,orange,orange
255,0,103,en,pink,pink
255,0,236,en,purple tinted pink,purple tinted pink
255,0,173,en,pink,pink
203,0,255,en,purple,purple
246,255,0,en,yellow,yellow
255,0,5,en,red,red
72,255,0,en,green,green
255,127,0,en,orange,orange
255,234,0,en,yellow,yellow
255,35,0,en,red,red
255,0,132,en,pink,pink
255,153,0,en,orange,orange
255,0,221,en,purple,purple
255,0,201,en,purple,purple
255,0,56,en,red,red
255,104,0,en,orange,orange
210,255,0,en,yellow,yellow
181,255,0,en,lime,lime
104,0,255,en,purple,purple
223,0,255,en,pink,pink
255,0,83,en,red,red
255,184,0,en,orange,orange
255,250,0,en,lemon yellow,lemon yellow
199,255,0,en,lime green,lime
255,0,105,en,raspberry,raspberry
81,255,0,en,fluo green,fluo green
255,0,28,en,red,red
255,151,0,en,orange,orange
240,0,255,en,bright violet,bright violet
255,0,208,en,pink,pink
255,0,160,en,magneta,magneta
255,0,190,en,fuscia,fuscia
255,0,138,en,strawberry,strawberry
255,178,0,en,orange,orange
255,0,11,en,red,red
255,230,0,en,yellow,yellow
255,138,0,en,orange,orange
212,0,255,en,purple,purple
255,0,245,en,magenta,magenta
255,188,0,en,gold,gold
255,0,102,en,strawberry,strawberry
241,255,0,en,yellow,yellow
255,0,78,en,red,red
84,255,0,en,green,green
229,0,255,en,magenta,magenta
179,255,0,en,lime,lime
160,0,255,en,purple,purple
255,115,0,en,orange,orange
231,255,0,en,yello,yello
255,62,0,en,orange,orange
255,0,227,en,pink,pink
255,147,0,en,orange,orange
148,0,255,en,purple,purple
176,255,0,en,green,green
255,0,174,en,pink,pink
255,0,71,en,pink,pink
255,0,111,en,pink,pink
255,223,0,en,yellow,yellow
54,255,0,en,green,green
57,0,255,en,purple,purple
244,0,255,en,pink,pink
255,0,209,en,pink,pink
255,0,140,en,pink,pink
255,116,0,en,orange,orange
206,0,255,en,purple,purple
255,0,5,en,red,red
196,255,0,en,green,green
255,184,0,en,orange,orange
255,174,0,en,orange,orange
255,184,0,en,orange,orange
178,255,0,en,lime green,lime
255,179,0,en,orange,orange
255,130,0,en,tangerine,tangerine
255,0,133,en,pink,pink
131,255,0,en,neon green,neon green
255,238,0,en,yellow,yellow
255,0,229,en,purple,purple
255,0,53,en,red,red
214,0,255,en,purple,purple
255,0,202,en,pink,pink
251,0,255,en,fuchsia,fuchsia
255,67,0,en,red,red
138,0,255,en,purple,purple
255,0,18,en,red,red
255,247,0,en,yellow,yellow
255,0,152,en,fuchsia,fuchsia
205,255,0,en,ugly duck yellow,ugly duck yellow
255,113,0,en,orange,orange
255,144,0,en,orange,orange
255,0,145,en,pink,pink
255,0,60,en,red,red
255,0,252,en,purple,purple
111,255,0,en,green,green
255,0,181,en,magenta,magenta
255,198,0,en,yellow,yellow
255,0,116,en,pink,pink
255,0,90,en,magenta,magenta
255,161,0,en,orange,orange
255,213,0,en,yellow,yellow
255,0,45,en,red,red
194,255,0,en,yellow,yellow
32,0,255,en,blue,blue
255,79,0,en,rustic orange,rustic orange
255,248,0,en,yellow,yellow
133,0,255,en,periwinkle,periwinkle
166,0,255,en,lilac,lilac
255,93,0,en,orange,orange
146,255,0,en,green,green
255,0,224,en,magenta,magenta
255,255,0,en,yellow,yellow
175,0,255,en,puple,puple
255,0,122,en,hot pink,hot pink
56,0,255,en,dark purple,dark purple
255,0,247,en,magenta,magenta
180,255,0,en,greenish yellow,greenish yellow
255,0,78,en,pink,pink
255,0,170,en,pink,pink
255,158,0,en,yellow,yellow
255,0,205,en,pink,pink
255,76,0,en,orange,orange
255,144,0,en,yello,yello
255,215,0,en,yellow,yellow
255,0,36,en,red,red
255,199,0,en,yellow,yellow
255,97,0,en,orange,orange
83,255,0,en,green,green
133,0,255,en,purple,purple
255,0,244,en,purple,purple
224,255,0,en,yellow,yellow
255,0,99,en,pink,pink
255,166,0,en,orange,orange
255,0,78,en,red,red
255,0,31,en,red,red
255,0,123,en,fucshia,fucshia
255,29,0,en,red,red
255,0,188,en,pink,pink
255,82,0,en,red,red
255,245,0,en,yellow,yellow
255,229,0,en,yellow,yellow
48,255,0,en,lime green,lime
149,255,0,en,yellow green,yellow green
255,201,0,en,orange,orange
13,0,255,en,blue,blue
159,0,255,en,purple,purple
255,0,161,en,fuchia,fuchia
255,0,93,en,red,red
255,0,226,en,purple,purple
249,0,255,en,purple,purple
199,255,0,en,yellow,yellow
255,138,0,en,orange,orange
165,0,255,en,purple,purple
255,0,178,en,magenta,magenta
255,85,0,en,orange,orange
255,231,0,en,yellow,yellow
255,160,0,en,yellow orange,yellow orange
255,0,26,en,red,red
255,0,160,en,magenta,magenta
255,0,103,en,pink,pink
210,255,0,en,yellow green,yellow green
255,251,0,en,yellow,yellow
255,0,116,en,pink,pink
255,0,212,en,magenta,magenta
43,255,0,en,lime green,lime
255,121,0,en,orange,orange
149,255,0,en,yellow green,yellow green
207,0,255,en,magenta,magenta
255,0,71,en,dark pink,dark pink
237,0,255,en,magenta,magenta
255,206,0,en,mustard yellow,mustard
103,0,255,en,violet,violet
255,81,0,en,burnt orange,burnt orange
255,240,0,en,yellow,yellow
176,0,255,en,purple,purple
255,68,0,en,dark orange,dark orange
255,0,241,en,light purple,light purple
248,0,255,en,light purple,light purple
255,0,12,en,red,red
255,130,0,en,orange,orange
255,0,78,en,red,red
200,255,0,en,lime,lime
255,0,178,en,light purple,light purple
170,255,0,en,lime,lime
74,255,0,en,green,green
255,93,0,en,orange,orange
255,0,153,en,light purple,light purple
127,0,255,en,purple,purple
255,200,0,en,orange,orange
255,246,0,en,yellow,yellow
255,0,143,en,light purple,light purple
255,0,95,en,light purple,light purple
255,179,0,en,orange,orange
255,78,0,en,orange,orange
198,0,255,en,purple,purple
44,0,255,en,dark blue,dark blue
255,233,0,en,yellow,yellow
255,0,217,en,magenta,magenta
255,0,199,en,magenta,magenta
99,0,255,en,purple,purple
255,138,0,en,orange,orange
255,0,59,en,red,red
201,255,0,en,yellow green,yellow green
255,0,111,en,magenta,magenta
232,255,0,en,yellow,yellow
58,255,0,en,green,green
255,0,43,en,red,red
255,193,0,en,yellow,yellow
30,0,255,en,blue,blue
255,132,0,en,orange,orange
255,0,243,en,fuchsia,fuchsia
118,0,255,en,purple,purple
255,169,0,en,orange,orange
255,249,0,en,yellow,yellow
255,0,179,en,pink,pink
255,42,0,en,red,red
255,218,0,en,yellow,yellow
255,102,0,en,orange,orange
255,0,189,en,pink,pink
55,0,255,en,navy,navy
255,0,219,en,soft pink,soft pink
255,74,0,en,orange,orange
255,0,175,en,hot pink,hot pink
132,255,0,en,neon green,neon green
255,0,82,en,neon red,neon red
237,255,0,en,yellow,yellow
255,84,0,en,gator orange,gator orange
243,0,255,en,purple,purple
255,0,79,en,pinkish neon red,pinkish neon red
255,0,133,en,neon pink purple,neon pink purple
255,170,0,en,dull gold,dull gold
255,225,0,en,soviet yellow,soviet yellow
255,0,224,en,pink,pink
255,82,0,en,orange,orange
255,0,58,en,red,red
255,244,0,en,yellow,yellow
200,255,0,en,chartreuse,chartreuse
86,255,0,en,fluorescent green,fluorescent green
247,0,255,en,magenta,magenta
255,0,198,en,pink,pink
255,0,105,en,crimson,crimson
183,255,0,en,chartreuse,chartreuse
255,157,0,en,yellow orange,yellow orange
255,136,0,en,orange,orange
255,0,138,en,magenta,magenta
255,60,0,en,orange red,orange-red
208,0,255,en,red purple,red purple
255,0,35,en,red,red
69,0,255,en,dark blue,dark blue
135,0,255,en,purple,purple
255,0,147,en,magenta,magenta
255,213,0,en,yellow,yellow
255,204,0,en,orange yellow,orange yellow
255,88,0,en,orange,orange
195,0,255,en,purple,purple
255,68,0,en,dark orange,dark orange
64,0,255,en,dark blue,dark blue
255,0,122,en,pink,pink
255,0,82,en,red,red
255,163,0,en,dark yellow,dark yellow
255,254,0,en,light yellow,light yellow
255,231,0,en,yellow,yellow
255,0,251,en,hot pink,hot pink
255,0,152,en,fushia,fushia
255,0,61,en,red,red
255,0,21,en,red,red
255,0,204,en,hot pink,hot pink
130,0,255,en,purple,purple
255,0,216,en,hot pink,hot pink
95,255,0,en,light green,light green
255,191,0,en,light orange,light orange
255,133,0,en,dark orange,dark orange
204,255,0,en,chartreuse,chartreuse
183,255,0,en,chartreuse,chartreuse
126,255,0,en,green,green
255,0,222,en,magenta,magenta
156,0,255,en,purple,purple
255,174,0,en,mustard gold,mustard gold
255,0,46,en,red,red
255,140,0,en,dark mustard,dark mustard
255,81,0,en,red orange,red orange
156,255,0,en,chartreuse,chartreuse
218,255,0,en,puce,puce
255,57,0,en,orange red,orange-red
89,0,255,en,colbalt blue,colbalt blue
255,203,0,en,gold mustard,gold mustard
224,0,255,en,magenta,magenta
194,0,255,en,purple magenta,purple magenta
255,216,0,en,yellow gold,yellow gold
255,0,60,en,red,red
255,0,147,en,fuscia,fuscia
255,0,137,en,fuscia,fuscia
255,245,0,en,yellow,yellow
255,0,179,en,hot pink,hot pink
255,0,89,en,watermelon,watermelon
255,241,0,en,yelow,yelow
255,172,0,en,orange,orange
112,0,255,en,ultramarine blue,ultramarine blue
255,4,0,en,bright red,bright red
255,193,0,en,yellow ochre,yellow ochre
255,0,255,en,pink,pink
255,0,240,en,magenta?,magenta
28,255,0,en,yellow green,yellow green
255,0,48,en,orange red,orange-red
255,0,86,en,red,red
255,0,123,en,pink red,pink red
255,0,154,en,magenta,magenta
255,136,0,en,burnt orange,burnt orange
255,247,0,en,yellow,yellow
91,255,0,en,bright yellow green,bright yellow green
172,255,0,en,yellow green,yellow green
226,255,0,en,light yellow green,light yellow green
169,0,255,en,purple,purple
255,0,71,en,red,red
255,93,0,en,red orange,red orange
255,0,203,en,magenta,magenta
255,250,0,en,yellow,yellow
255,124,0,en,orange,orange
255,0,223,en,pink,pink
140,255,0,en,green,green
211,255,0,en,yellow green,yellow green
255,41,0,en,red,red
255,0,118,en,rose,rose
255,0,151,en,magenta,magenta
243,0,255,en,purple,purple
255,0,55,en,red,red
255,119,0,en,orange,orange
174,0,255,en,purple,purple
94,0,255,en,purple,purple
255,231,0,en,yellow,yellow
255,0,9,en,red,red
255,0,183,en,pink,pink
97,255,0,en,green,green
255,153,0,en,orange,orange
255,0,104,en,pink,pink
255,192,0,en,orange,orange
255,0,54,en,red,red
139,0,255,en,purple,purple
189,255,0,en,lime,lime
255,0,173,en,magenta,magenta
255,0,97,en,red,red
255,245,0,en,yellow,yellow
255,0,0,en,red,red
255,234,0,en,yellow,yellow
110,255,0,en,lime,lime
191,0,255,en,purple,purple
255,0,129,en,red,red
255,0,195,en,magenta,magenta
243,0,255,en,fuschia,fuschia
255,0,229,en,magenta,magenta
255,148,0,en,orange,orange
255,200,0,en,gold,gold
169,255,0,en,lime,lime
255,155,0,en,orange,orange
255,0,17,en,red,red
255,99,0,en,orange,orange
255,0,222,en,fuschia,fuschia
255,165,0,en,orange,orange
203,255,0,en,lime green,lime
140,0,255,en,purple,purple
255,247,0,en,yellow,yellow
255,0,143,en,pink,pink
255,0,248,en,orchid,orchid
255,0,140,en,pink,pink
255,230,0,en,yellow,yellow
255,0,206,en,pink,pink
101,255,0,en,green,green
255,0,62,en,red,red
255,142,0,en,orange,orange
255,102,0,en,dark orange,dark orange
255,105,0,en,red orange,red orange
148,0,255,en,violet,violet
255,0,143,en,magenta,magenta
125,255,0,en,lime green,lime
255,148,0,en,orange,orange
255,250,0,en,bright yellow,bright yellow
255,169,0,en,amber,amber
255,0,146,en,fuschia,fuschia
163,255,0,en,lime green,lime
255,0,97,en,carmine,carmine
255,0,218,en,pink,pink
255,0,254,en,orchid,orchid
255,0,50,en,crimson,crimson
255,0,45,en,cherry,cherry
255,203,0,en,honey,honey
189,0,255,en,violet,violet
255,78,0,en,pumpkin,pumpkin
194,255,0,en,lime green,lime
255,217,0,en,canary,canary
255,164,0,en,gold,gold
255,0,32,en,red,red
255,0,126,en,fushia,fushia
255,0,96,en,magenta,magenta
183,0,255,en,violet,violet
255,224,0,en,yellow,yellow
255,48,0,en,orange,orange
255,0,205,en,fushia,fushia
255,189,0,en,gold,gold
198,255,0,en,yellow green,yellow green
255,0,65,en,dark pink,dark pink
134,255,0,en,light green,light green
255,0,230,en,fushia,fushia
255,133,0,en,orange,orange
255,0,151,en,fushia,fushia
255,255,0,en,yellow,yellow
144,0,255,en,purple,purple
255,0,247,en,mauve,mauve
255,103,0,en,orange,orange
110,255,0,en,yellow green,yellow green
255,0,92,en,red,red
50,0,255,en,blue,blue
86,255,0,en,green,green
255,253,0,en,yellow,yellow
255,0,11,en,red,red
255,191,0,en,orange,orange
176,0,255,en,purple,purple
255,0,214,en,pink,pink
255,0,199,en,pink,pink
255,119,0,en,orange,orange
223,0,255,en,purple,purple
255,0,130,en,red,red
255,0,70,en,red,red
255,61,0,en,red,red
255,0,153,en,red,red
255,233,0,en,yellow,yellow
157,0,255,en,blue purple,blue purple
212,255,0,en,yellow green,yellow green
176,255,0,en,green,green
255,181,0,en,orange,orange
255,134,0,en,orange,orange
113,0,255,en,blue,blue
255,201,0,en,gold,gold
200,255,0,en,yellow green,yellow green
255,166,0,en,orange,orange
255,0,51,en,red,red
255,117,0,en,orange,orange
255,55,0,en,red orange,red orange
236,0,255,en,violet,violet
255,0,144,en,pink,pink
81,255,0,en,yellow green,yellow green
255,123,0,en,orange,orange
18,0,255,en,blue,blue
255,234,0,en,yellow,yellow
255,0,95,en,red,red
255,0,9,en,red orange,red orange
255,0,120,en,red,red
253,255,0,en,yellow,yellow
158,255,0,en,yellow green,yellow green
255,0,241,en,violet,violet
255,0,180,en,violet,violet
191,0,255,en,purple,purple
255,117,0,en,orange,orange
60,0,255,en,blue,blue
255,0,192,en,pink,pink
234,255,0,en,yellow,yellow
188,255,0,en,green,green
113,255,0,en,green,green
255,231,0,en,chrome yellow,chrome yellow
255,0,72,en,bright red,bright red
255,65,0,en,orange,orange
255,0,223,en,pink,pink
255,208,0,en,yellow,yellow
255,181,0,en,chrome yellow,chrome yellow
255,0,142,en,dark pink,dark pink
255,0,145,en,pink,pink
255,0,28,en,red,red
255,124,0,en,orange,orange
139,0,255,en,violet,violet
158,255,0,en,light green,light green
230,0,255,en,pink,pink
173,0,255,en,purple,purple
255,0,61,en,red,red
255,166,0,en,ochre,ochre
120,255,0,en,lime,lime
192,0,255,en,violet,violet
255,208,0,en,yellow,yellow
255,0,219,en,magenta,magenta
255,189,0,en,orange,orange
103,255,0,en,yellow green,yellow green
89,0,255,en,purple,purple
255,0,163,en,hot pink,hot pink
255,130,0,en,orange,orange
215,0,255,en,purple,purple
255,0,241,en,magenta,magenta
255,177,0,en,orange yellow,orange yellow
255,52,0,en,scarlet,scarlet
255,0,89,en,hot pink,hot pink
255,0,188,en,magenta,magenta
208,255,0,en,chartruese,chartruese
140,255,0,en,lime,lime
255,0,141,en,magenta,magenta
255,226,0,en,yellow,yellow
255,91,0,en,orange,orange
255,0,38,en,red,red
255,246,0,en,yellow,yellow
255,0,66,en,red,red
159,0,255,en,purple,purple
255,0,255,en,magenta,magenta
255,0,101,en,red,red
255,0,168,en,pink,pink
125,0,255,en,purple,purple
210,255,0,en,green,green
255,183,0,en,orange,orange
95,255,0,en,green,green
239,255,0,en,yellow,yellow
255,0,18,en,red,red
255,216,0,en,yellow,yellow
255,0,55,en,red,red
255,138,0,en,orange,orange
255,160,0,en,orange,orange
255,32,0,en,red,red
255,0,237,en,pink,pink
255,0,254,en,pink,pink
167,255,0,en,green,green
255,0,113,en,red,red
164,0,255,en,purple,purple
255,0,198,en,pink,pink
255,84,0,en,orange,orange
255,0,164,en,magenta,magenta
255,116,0,en,pumpkin orange,pumpkin orange
255,171,0,en,orange,orange
244,255,0,en,yellow,yellow
59,255,0,en,neon green,neon green
255,73,0,en,red orange,red orange
255,149,0,en,tan,tan
255,0,60,en,red,red
94,0,255,en,purple,purple
255,126,0,en,orange,orange
255,0,157,en,pink,pink
255,165,0,en,yellow,yellow
255,0,194,en,hot pink,hot pink
179,0,255,en,purple,purple
255,219,0,en,yellow,yellow
255,0,26,en,red,red
255,108,0,en,orange,orange
238,255,0,en,yelloe,yelloe
223,255,0,en,yellow,yellow
255,183,0,en,yellow orange,yellow orange
255,0,136,en,hot pink,hot pink
84,255,0,en,yellow green,yellow green
184,255,0,en,lime green,lime
255,80,0,en,orange,orange
255,0,85,en,pink,pink
239,0,255,en,purple,purple
255,0,218,en,purple,purple
255,0,228,en,pink,pink
255,182,0,en,yellow,yellow
181,0,255,en,purple,purple
255,0,135,en,magenta,magenta
255,122,0,en,orange,orange
255,0,59,en,red,red
255,201,0,en,yellow,yellow
255,0,193,en,pink,pink
218,255,0,en,highlighter yellow,highlighter yellow
52,0,255,en,navy blue,navy
255,0,154,en,pink,pink
255,0,86,en,red,red
134,0,255,en,purple,purple
255,72,0,en,red/orange,redorange
147,255,0,en,lime green,lime
255,93,0,en,orange,orange
252,255,0,en,highlighter yellow,highlighter yellow
255,228,0,en,yellow,yellow
93,255,0,en,green,green
255,0,255,en,pink,pink
255,0,23,en,red,red
71,255,0,en,green,green
227,0,255,en,purple,purple
255,86,0,en,scarlet,scarlet
143,255,0,en,yellow green,yellow green
255,124,0,en,orange,orange
255,0,137,en,pink,pink
255,38,0,en,red,red
255,0,38,en,red,red
140,0,255,en,vilet,vilet
255,67,0,en,orange,orange
255,0,254,en,purple,purple
255,249,0,en,yellow,yellow
255,0,80,en,red,red
255,0,219,en,purple,purple
97,255,0,en,green,green
219,0,255,en,violet purple,violet purple
188,255,0,en,yellow green,yellow green
142,255,0,en,light green,light green
255,0,186,en,pink violet,pink violet
146,0,255,en,purple,purple
255,0,138,en,pink,pink
255,219,0,en,yellow,yellow
255,0,59,en,magenta,magenta
255,161,0,en,orange,orange
255,186,0,en,yellow orange,yellow orange
156,0,255,en,purple,purple
131,255,0,en,neon green,neon green
232,0,255,en,purplish pink,purplish pink
74,0,255,en,purple,purple
255,216,0,en,yellow,yellow
141,255,0,en,light green,light green
255,0,240,en,pink,pink
255,0,87,en,red,red
255,0,188,en,neon pink,neon pink
255,37,0,en,red,red
255,212,0,en,mustard yellow,mustard
255,243,0,en,neon yellow,neon yellow
255,82,0,en,orange,orange
192,255,0,en,lime green,lime
202,0,255,en,violet purple,violet purple
121,255,0,en,neon green,neon green
255,0,219,en,pinkish purple,pinkish purple
69,0,255,en,blue,blue
255,101,0,en,orange,orange
255,0,45,en,red,red
255,133,0,en,light orange,light orange
255,0,228,en,pink,pink
255,0,171,en,hot pink,hot pink
134,0,255,en,purple,purple
255,0,113,en,megenta,megenta
255,0,83,en,salman,salman
128,255,0,en,green,green
174,0,255,en,purple,purple
255,0,97,en,pink,pink
255,104,0,en,orange,orange
255,195,0,en,yellow,yellow
255,181,0,en,yellow,yellow
255,0,166,en,pink,pink
104,255,0,en,yellow,yellow
229,0,255,en,light purple,light purple
255,0,129,en,pink,pink
255,0,57,en,hot pink,hot pink
179,0,255,en,purple,purple
202,255,0,en,green,green
255,151,0,en,orange,orange
106,255,0,en,green,green
214,255,0,en,green yellow,green yellow
255,107,0,en,red orange,red orange
207,0,255,en,purple,purple
255,246,0,en,yellow,yellow
88,0,255,en,dark purple,dark purple
145,255,0,en,light green,light green
255,0,45,en,red,red
255,0,138,en,pink,pink
255,41,0,en,red,red
255,0,86,en,dark pink,dark pink
255,199,0,en,yellow,yellow
255,236,0,en,yellow,yellow
255,0,150,en,pink,pink
197,255,0,en,lime green,lime
255,0,188,en,light violet,light violet
255,246,0,en,yellow,yellow
255,0,62,en,light purple,light purple
255,0,108,en,pink,pink
220,255,0,en,dandelion,dandelion
205,0,255,en,purple,purple
255,0,28,en,red,red
255,0,177,en,magenta,magenta
35,255,0,en,lime green,lime
255,0,226,en,fuchsia,fuchsia
255,0,163,en,fuchsia,fuchsia
255,245,0,en,yellow,yellow
69,0,255,en,navy blue,navy
211,0,255,en,purple,purple
255,193,0,en,orange,orange
255,0,246,en,pink,pink
255,165,0,en,orange,orange
255,0,214,en,pink,pink
255,177,0,en,orange,orange
184,255,0,en,green,green
255,99,0,en,orange,orange
90,255,0,en,green,green
255,0,126,en,pink,pink
255,42,0,en,red,red
38,255,0,en,green,green
255,0,155,en,pink,pink
255,137,0,en,orange,orange
255,0,237,en,pink,pink
255,203,0,en,green,green
255,0,107,en,pink,pink
255,177,0,en,yellow orange,yellow orange
255,0,44,en,greenish purple,greenish purple
255,0,178,en,pink,pink
255,0,74,en,fire red,fire red
255,0,175,en,pink,pink
172,255,0,en,lime green,lime
255,197,0,en,yellow,yellow
255,136,0,en,orang,orang
255,95,0,en,reddish orange,reddish orange
255,0,68,en,slightly pinkish red,slightly pinkish red
127,0,255,en,purple,purple
255,0,41,en,red,red
255,164,0,en,orangish yellow,orangish yellow
158,255,0,en,green,green
221,255,0,en,yellow,yellow
255,0,206,en,purple,purple
255,0,113,en,pink,pink
255,229,0,en,yellow,yellow
255,138,0,en,organ,organ
255,191,0,en,orange,orange
255,0,169,en,pink,pink
53,0,255,en,blue,blue
255,168,0,en,orange,orange
255,0,178,en,villiot,villiot
255,0,255,en,purple,purple
255,0,97,en,hot pink,hot pink
219,0,255,en,violet purple,violet purple
255,0,15,en,red,red
255,203,0,en,yellow orange,yellow orange
255,0,64,en,red orange,red orange
255,0,227,en,violet,violet
255,174,0,en,orange,orange
255,208,0,en,light yello,light yello
184,255,0,en,puke green,puke green
255,0,254,en,pink,pink
255,0,198,en,hot pink,hot pink
255,216,0,en,yello,yello
203,255,0,en,mustard,mustard
255,22,0,en,red,red
190,0,255,en,purple,purple
255,0,241,en,pink,pink
255,255,0,en,yellow,yellow
255,0,201,en,pink,pink
188,0,255,en,purple,purple
255,0,255,en,pink,pink
255,136,0,en,orange,orange
14,255,0,en,yellow,yellow
255,93,0,en,orange,orange
60,0,255,en,dark purple,dark purple
255,11,0,en,firey purple,firey purple
101,0,255,en,purple,purple
135,255,0,en,baby poop yellow,baby poop yellow
255,249,0,en,lime green,lime
255,216,0,en,green,green
255,6,0,en,red,red
40,0,255,en,blue,blue
255,0,139,en,light purple,light purple
204,0,255,en,light violet,light violet
133,0,255,en,violet,violet
255,182,0,en,tam,tam
255,0,231,en,light violet,light violet
255,92,0,en,tan,tan
255,118,0,en,orange,orange
255,0,80,en,red pink,red pink
248,0,255,en,mageta,mageta
196,0,255,en,purple,purple
255,0,169,en,hot pink,hot pink
255,216,0,en,yellow,yellow
141,255,0,en,green,green
255,0,27,en,red,red
255,0,190,en,hot pink,hot pink
146,0,255,en,purple,purple
189,255,0,en,green,green
255,222,0,en,yellow,yellow
255,138,0,en,orange,orange
255,0,57,en,pink,pink
255,110,0,en,orange,orange
67,255,0,en,green,green
255,0,186,en,pink,pink
255,148,0,en,orange,orange
255,254,0,en,yellow,yellow
36,255,0,en,green,green
145,0,255,en,purple,purple
219,0,255,en,purple,purple
255,197,0,en,orange,orange
255,0,80,en,pink,pink
213,0,255,en,purple,purple
255,0,159,en,pink,pink
230,255,0,en,yellow,yellow
255,228,0,en,mustard yellow,mustard
255,0,110,en,dark pink,dark pink
255,0,143,en,hot pink,hot pink
255,0,35,en,neon red,neon red
233,0,255,en,purple,purple
255,151,0,en,sun orange,sun orange
122,0,255,en,dark violet,dark violet
255,154,0,en,orange,orange
255,0,157,en,hot pink,hot pink
185,255,0,en,light green,light green
92,0,255,en,purple,purple
255,70,0,en,orange,orange
255,0,132,en,pink,pink
255,232,0,en,yellow,yellow
255,0,188,en,puple pink,puple pink
255,0,31,en,red,red
170,255,0,en,light green,light green
255,149,0,en,tam,tam
255,0,253,en,light violet,light violet
255,166,0,en,tam,tam
255,0,104,en,light purple,light purple
255,0,154,en,light purple,light purple
58,255,0,en,lime green,lime
255,228,0,en,yellow,yellow
255,172,0,en,orange,orange
246,255,0,en,yello,yello
113,255,0,en,puke green,puke green
255,0,80,en,magenta,magenta
255,151,0,en,orange,orange
255,0,125,en,hot pink,hot pink
27,255,0,en,green,green
143,0,255,en,purple,purple
255,173,0,en,orange,orange
44,255,0,en,green,green
255,145,0,en,orange,orange
152,255,0,en,light green,light green
255,0,115,en,pink,pink
255,212,0,en,yellow,yellow
255,0,63,en,red,red
255,102,0,en,dark orange,dark orange
186,255,0,en,green yellow,green yellow
255,0,85,en,violet red,violet red
255,0,240,en,light purple,light purple
255,12,0,en,red,red
255,201,0,en,orange,orange
248,255,0,en,yellow,yellow
255,0,224,en,purple,purple
255,0,252,en,purple,purple
83,255,0,en,green,green
255,30,0,en,orange,orange
255,0,62,en,pink,pink
255,230,0,en,yellow,yellow
255,0,5,en,red,red
255,0,121,en,pink,pink
255,105,0,en,orange,orange
255,63,0,en,red,red
118,255,0,en,light green,light green
255,248,0,en,yellow,yellow
142,0,255,en,light purple,light purple
166,0,255,en,purple,purple
255,0,169,en,pink,pink
206,255,0,en,yellow,yellow
255,209,0,en,yellow,yellow
234,255,0,en,yellow,yellow
255,178,0,en,yellow,yellow
140,255,0,en,green,green
255,131,0,en,orange,orange
255,140,0,en,orange,orange
255,236,0,en,yellow,yellow
255,190,0,en,burnt yellow,burnt yellow
255,0,238,en,fuscia,fuscia
247,0,255,en,purple,purple
255,0,112,en,hot pink,hot pink
255,81,0,en,burnt orange,burnt orange
255,0,11,en,red,red
255,0,82,en,pink,pink
255,0,75,en,hot pink,hot pink
255,243,0,en,yellow,yellow
255,100,0,en,orange,orange
255,169,0,en,yellow,yellow
169,0,255,en,purple,purple
255,103,0,en,orang,orang
255,226,0,en,yellow,yellow
255,200,0,en,gold,gold
151,255,0,en,lime green,lime
255,0,98,en,fuschsia,fuschsia
255,0,71,en,red,red
255,51,0,en,tomato red,tomato
255,0,142,en,magenta,magenta
159,0,255,en,purple,purple
255,0,225,en,fuschia,fuschia
255,0,163,en,hot pink,hot pink
28,255,0,en,bright green,bright green
43,0,255,en,navy blue,navy
198,0,255,en,purple,purple
219,255,0,en,lime green,lime
255,0,203,en,fuschia,fuschia
252,255,0,en,yellow,yellow
255,0,20,en,red,red
236,0,255,en,purple,purple
255,157,0,en,orange,orange
77,255,0,en,green,green
255,137,0,en,orange,orange
249,255,0,en,yellow,yellow
255,181,0,en,orange,orange
255,0,185,en,purple,purple
255,0,63,en,red,red
255,148,0,en,dark orange,dark orange
255,0,110,en,pink,pink
152,255,0,en,green,green
255,0,25,en,dark red,dark red
255,0,39,en,red,red
134,255,0,en,green,green
255,67,0,en,orange,orange
255,161,0,en,yellow,yellow
6,0,255,en,blue,blue
255,0,255,en,purple,purple
255,191,0,en,yellow,yellow
255,0,189,en,pink,pink
227,255,0,en,yellow,yellow
151,0,255,en,purple,purple
255,0,77,en,red,red
255,126,0,en,orange,orange
255,224,0,en,yellow,yellow
255,0,220,en,pink,pink
190,0,255,en,purple,purple
255,0,98,en,red,red
255,0,136,en,pink,pink
108,255,0,en,green,green
255,107,0,en,orange,orange
255,0,159,en,pink,pink
255,251,0,en,yellow,yellow
135,255,0,en,light green,light green
255,199,0,en,yellow,yellow
255,0,52,en,red,red
79,0,255,en,indigo,indigo
255,66,0,en,red orange,red orange
255,115,0,en,orange,orange
255,0,92,en,pink,pink
204,255,0,en,yellow green,yellow green
255,0,254,en,magenta,magenta
255,0,37,en,red,red
255,63,0,en,orange red,orange-red
255,232,0,en,yellow,yellow
255,0,78,en,light red,light red
255,0,163,en,magenta,magenta
203,0,255,en,purple,purple
230,255,0,en,yellow,yellow
255,0,180,en,pink,pink
255,76,0,en,red orange,red orange
255,0,52,en,red,red
255,160,0,en,orange,orange
104,255,0,en,neon green,neon green
255,213,0,en,yellow,yellow
251,0,255,en,purple,purple
255,202,0,en,yellow orange,yellow orange
161,255,0,en,green,green
100,0,255,en,indigo,indigo
255,0,117,en,pimk,pimk
172,0,255,en,purple,purple
255,212,0,en,yellow,yellow
177,0,255,en,purple,purple
67,255,0,en,light green,light green
255,0,134,en,pink,pink
145,0,255,en,purple,purple
255,155,0,en,orange,orange
255,0,151,en,pink,pink
255,152,0,en,orange,orange
198,255,0,en,green,green
254,0,255,en,purple,purple
255,252,0,en,yellow,yellow
255,0,63,en,red,red
126,255,0,en,green,green
255,138,0,en,orange,orange
255,0,180,en,pink,pink
255,0,222,en,pink,pink
255,0,130,en,pink,pink
163,255,0,en,yellow green,yellow green
184,0,255,en,purple,purple
255,0,160,en,pink,pink
255,0,21,en,red,red
126,0,255,en,violet,violet
255,0,194,en,pink,pink
255,150,0,en,orange,orange
255,0,61,en,red,red
250,255,0,en,yellow,yellow
255,0,86,en,reddish pink,reddish pink
167,255,0,en,lime,lime
255,0,142,en,dark pink,dark pink
248,255,0,en,neon yellow,neon yellow
255,0,41,en,red,red
255,228,0,en,yellow,yellow
255,0,206,en,pink,pink
255,0,242,en,magenta,magenta
255,130,0,en,orange,orange
255,0,57,en,red,red
255,246,0,en,yellow,yellow
255,194,0,en,orange,orange
255,0,238,en,magenta,magenta
255,218,0,en,yellow,yellow
255,164,0,en,orange,orange
255,0,175,en,magenta,magenta
255,0,103,en,pink,pink
255,146,0,en,orange,orange
255,0,22,en,red,red
238,255,0,en,yellow,yellow
174,0,255,en,purple,purple
255,0,219,en,pink,pink
255,180,0,en,orange,orange
150,255,0,en,green,green
4,0,255,en,blue,blue
255,167,0,en,orange,orange
255,224,0,en,yellow,yellow
255,0,207,en,magenta,magenta
255,87,0,en,red orange,red orange
255,0,156,en,neon pink,neon pink
255,0,251,en,purple,purple
255,0,67,en,red,red
195,255,0,en,green,green
255,253,0,en,yellow,yellow
255,72,0,en,red,red
255,157,0,en,orange,orange
255,253,0,en,yellow,yellow
255,0,81,en,red,red
255,101,0,en,orange,orange
255,121,0,en,orange,orange
255,0,101,en,red,red
255,196,0,en,yellow,yellow
255,0,181,en,pink,pink
255,0,172,en,pink,pink
142,0,255,en,purple,purple
255,221,0,en,yellow,yellow
255,0,36,en,red,red
143,0,255,en,purple,purple
255,175,0,en,orange,orange
255,0,93,en,red,red
155,255,0,en,green,green
240,0,255,en,purple,purple
255,0,216,en,pink,pink
255,0,89,en,geranium,geranium
184,0,255,en,purple,purple
255,158,0,en,yellow orange,yellow orange
255,0,194,en,hot pink,hot pink
62,255,0,en,neon green,neon green
255,110,0,en,dark orange,dark orange
255,1,0,en,red,red
255,0,91,en,pink,pink
215,0,255,en,purple,purple
255,0,164,en,hot pink,hot pink
255,0,218,en,fushia,fushia
255,153,0,en,orange,orange
255,194,0,en,yellow orange,yellow orange
255,0,188,en,hot pink,hot pink
255,0,78,en,red,red
255,144,0,en,orange,orange
53,255,0,en,neon green,neon green
255,0,68,en,red,red
227,0,255,en,light purple,light purple
137,255,0,en,like get green,like get green
255,163,0,en,orange,orange
255,0,33,en,red,red
233,0,255,en,purple,purple
255,214,0,en,yellow,yellow
255,120,0,en,dark orange,dark orange
148,255,0,en,light green,light green
255,0,61,en,red,red
255,0,240,en,magenta,magenta
165,0,255,en,purple,purple
255,123,0,en,orange,orange
255,0,57,en,red,red
255,184,0,en,orange,orange
255,0,253,en,purple,purple
248,255,0,en,yellow,yellow
142,255,0,en,green,green
227,255,0,en,yellow green,yellow green
255,0,142,en,pink,pink
255,237,0,en,yellow,yellow
255,39,0,en,red,red
255,102,0,en,orange,orange
82,0,255,en,dark blue,dark blue
152,0,255,en,purple,purple
255,247,0,en,yellow,yellow
255,0,216,en,magenta,magenta
255,0,75,en,pink red,pink red
255,82,0,en,rusty orange,rusty orange
255,0,227,en,magenta,magenta
255,0,132,en,hot pink,hot pink
255,155,0,en,yellow orange,yellow orange
255,189,0,en,yellow,yellow
255,0,147,en,hot pink,hot pink
216,255,0,en,yellow neon,yellow neon
59,0,255,en,dark blue,dark blue
255,0,174,en,hot pink,hot pink
238,255,0,en,yellow,yellow
95,0,255,en,dark purple,dark purple
255,189,0,en,yellow orange,yellow orange
255,0,129,en,geranium,geranium
189,255,0,en,green yellow,green yellow
255,0,117,en,magenta,magenta
255,64,0,en,reddish orange,reddish orange
255,86,0,en,dark orange,dark orange
255,254,0,en,yellow,yellow
255,0,225,en,purple,purple
170,0,255,en,purple,purple
255,0,88,en,red,red
255,147,0,en,orange,orange
255,0,162,en,magenta,magenta
237,255,0,en,yellow,yellow
229,0,255,en,purple,purple
95,255,0,en,lime green,lime
255,0,141,en,hot pink,hot pink
255,0,249,en,neon pink,neon pink
128,0,255,en,neon purple,neon purple
255,0,207,en,pink,pink
186,255,0,en,neon yellow,neon yellow
255,0,94,en,dark pink,dark pink
255,49,0,en,red orange,red orange
255,214,0,en,yellow,yellow
128,255,0,en,light green,light green
255,208,0,en,dark yellow,dark yellow
255,91,0,en,orange,orange
167,255,0,en,neon yellow,neon yellow
255,0,64,en,red,red
66,255,0,en,lime,lime
255,0,83,en,crimson,crimson
176,255,0,en,green yellow,green yellow
236,255,0,en,yellow,yellow
255,0,208,en,fuchsia,fuchsia
84,0,255,en,purple,purple
255,180,0,en,orange,orange
255,74,0,en,dark orange,dark orange
255,0,157,en,deep pink,deep pink
255,199,0,en,lighter orange,lighter orange
255,0,237,en,magenta,magenta
219,0,255,en,violet,violet
255,0,48,en,red,red
255,222,0,en,yellow orange,yellow orange
226,255,0,en,yellow green,yellow green
255,0,73,en,reddy pink,reddy pink
118,0,255,en,purple,purple
166,0,255,en,dark violet,dark violet
255,0,137,en,magenta,magenta
255,111,0,en,dark orange,dark orange
255,132,0,en,orange,orange
255,170,0,en,yellowed orange,yellowed orange
246,0,255,en,pinkish purple,pinkish purple
255,110,0,en,orange,orange
255,0,170,en,magenta,magenta
255,0,53,en,scarlet,scarlet
121,0,255,en,imperial violet,imperial violet
255,0,81,en,scarlet,scarlet
255,0,127,en,magenta,magenta
234,255,0,en,yellow,yellow
255,227,0,en,canary yellow,canary yellow
255,0,214,en,deep pink,deep pink
179,255,0,en,puke green,puke green
255,0,229,en,bright pinl,bright pinl
255,47,0,en,red orange,red orange
255,0,65,en,red,red
255,130,0,en,orange,orange
255,0,130,en,fushia,fushia
255,0,192,en,pink,pink
191,255,0,en,yellow,yellow
255,0,98,en,pink,pink
255,167,0,en,orange,orange
151,255,0,en,green,green
120,0,255,en,purple,purple
100,255,0,en,green,green
255,116,0,en,orange,orange
255,217,0,en,yellow,yellow
255,212,0,en,yellow orange,yellow orange
255,255,0,en,bright yellow,bright yellow
255,0,254,en,purple,purple
255,0,22,en,red,red
203,0,255,en,purple,purple
255,0,143,en,pink,pink
160,0,255,en,purple,purple
255,0,108,en,hot pink,hot pink
255,178,0,en,gold,gold
255,218,0,en,yellow,yellow
255,0,172,en,pink,pink
209,0,255,en,magenta,magenta
71,255,0,en,green,green
255,189,0,en,gold,gold
202,255,0,en,yellow green,yellow green
255,0,135,en,magenta,magenta
255,0,62,en,red,red
255,24,0,en,red,red
255,135,0,en,orange,orange
29,0,255,en,royal blue,royal blue
255,0,253,en,pink,pink
249,255,0,en,yellow,yellow
255,0,45,en,red,red
255,0,191,en,hot pink,hot pink
255,91,0,en,orange,orange
255,0,240,en,pink,pink
171,255,0,en,yellow green,yellow green
255,0,241,en,magenta,magenta
255,170,0,en,orange,orange
255,0,116,en,ruby red,ruby red
184,0,255,en,purple,purple
255,0,166,en,pink,pink
241,255,0,en,yellow,yellow
255,147,0,en,orange,orange
255,215,0,en,lemon yellow,lemon yellow
255,107,0,en,tangerine,tangerine
255,197,0,en,yellow,yellow
255,0,200,en,magenta,magenta
255,0,108,en,ruby red,ruby red
207,255,0,en,highlighter yellow,highlighter yellow
255,46,0,en,blood orange,blood orange
154,255,0,en,chartreuse,chartreuse
55,255,0,en,green,green
255,0,63,en,red,red
139,0,255,en,purple,purple
51,0,255,en,royal blue,royal blue
249,0,255,en,magenta,magenta
255,0,34,en,scarlet,scarlet
194,0,255,en,fuchsia,fuchsia
255,0,83,en,rose,rose
255,224,0,en,gold,gold
151,255,0,en,lime,lime
255,147,0,en,orange,orange
255,0,115,en,cerise,cerise
255,165,0,en,pumpkin,pumpkin
243,255,0,en,sunflower,sunflower
255,85,0,en,sienna,sienna
255,0,223,en,hot pink,hot pink
245,0,255,en,fuchsia,fuchsia
255,0,170,en,cerise,cerise
255,187,0,en,gold,gold
255,0,72,en,rose,rose
73,0,255,en,cobalt,cobalt
255,74,0,en,rust,rust
255,0,45,en,red,red
255,0,185,en,pink,pink
117,255,0,en,lime,lime
201,255,0,en,lemongrass,lemongrass
135,0,255,en,purple,purple
255,171,0,en,burnt orange,burnt orange
188,255,0,en,lime,lime
255,0,96,en,rose,rose
255,187,0,en,gold,gold
255,141,0,en,ochre,ochre
255,106,0,en,orange,orange
250,255,0,en,yellow,yellow
174,0,255,en,indigo,indigo
55,0,255,en,royal blue,royal blue
44,255,0,en,neon green,neon green
255,0,131,en,rose,rose
255,0,69,en,red,red
255,0,167,en,pink,pink
255,66,0,en,red,red
255,0,37,en,red,red
255,0,234,en,violet,violet
237,0,255,en,lavender,lavender
144,255,0,en,lime green,lime
255,216,0,en,gold,gold
255,0,202,en,pink,pink
150,0,255,en,purple,purple
255,0,102,en,magenta,magenta
214,255,0,en,yellow,yellow
235,0,255,en,violet,violet
255,0,174,en,pink,pink
167,255,0,en,chartruse,chartruse
255,112,0,en,oorange,oorange
209,0,255,en,violet,violet
255,0,205,en,red violet,red violet
255,0,26,en,red,red
255,209,0,en,sunflower,sunflower
255,120,0,en,orange,orange
255,0,115,en,magenta,magenta
255,233,0,en,yellow,yellow
96,0,255,en,indigo,indigo
255,25,0,en,red orange,red orange
255,0,225,en,red violet,red violet
235,255,0,en,yellow,yellow
255,0,54,en,magenta,magenta
255,179,0,en,yellow orange,yellow orange
129,255,0,en,yellow green,yellow green
255,0,251,en,purple,purple
152,255,0,en,green,green
255,0,174,en,pink,pink
255,0,219,en,purple,purple
36,255,0,en,green,green
255,0,128,en,pink,pink
255,72,0,en,red,red
54,255,0,en,green,green
208,255,0,en,green,green
255,133,0,en,orange,orange
255,159,0,en,orange,orange
255,239,0,en,yellow,yellow
250,255,0,en,yellow,yellow
117,0,255,en,purple,purple
211,0,255,en,purple,purple
255,0,81,en,red,red
255,0,59,en,red,red
255,101,0,en,orange,orange
255,0,180,en,pink,pink
255,0,35,en,red,red
255,185,0,en,orange,orange
71,0,255,en,blue,blue
207,0,255,en,purple,purple
255,0,99,en,pink red,pink red
255,0,168,en,pink,pink
255,170,0,en,orange,orange
255,0,54,en,red,red
113,255,0,en,green,green
255,0,177,en,pink,pink
239,0,255,en,purple,purple
141,255,0,en,green,green
255,226,0,en,yellow orange,yellow orange
252,255,0,en,yellow,yellow
255,0,244,en,pink,pink
141,0,255,en,purple,purple
255,130,0,en,orange,orange
255,76,0,en,orange red,orange-red
255,95,0,en,orange,orange
255,209,0,en,yellow orange,yellow orange
255,0,137,en,pink,pink
217,255,0,en,yellow green,yellow green
255,0,39,en,red,red
255,233,0,en,yellow,yellow
255,0,85,en,pinkish red,pinkish red
255,0,225,en,magenta,magenta
125,255,0,en,yellow green,yellow green
149,255,0,en,brighter yellow green,brighter yellow green
255,186,0,en,reddish yllow,reddish yllow
255,0,55,en,red,red
255,0,9,en,red,red
255,160,0,en,orangish yellow,orangish yellow
255,0,177,en,magenta,magenta
86,0,255,en,bluish violet,bluish violet
202,0,255,en,bright reddish violet,bright reddish violet
161,0,255,en,reddish violet,reddish violet
255,18,0,en,red,red
255,89,0,en,reddish orange,reddish orange
255,0,145,en,yellowish magenta,yellowish magenta
255,0,117,en,reddish magenta,reddish magenta
255,250,0,en,reddish yellow,reddish yellow
226,255,0,en,bluish yellow,bluish yellow
255,127,0,en,orange,orange
255,0,251,en,bluish magenta,bluish magenta
255,0,178,en,hot pink,hot pink
255,0,22,en,red,red
255,0,69,en,bright red,bright red
255,131,0,en,orange,orange
148,0,255,en,purple,purple
255,0,159,en,magenta,magenta
255,235,0,en,yellow,yellow
255,0,54,en,red,red
255,0,193,en,magenta,magenta
255,70,0,en,fire orange,fire orange
53,0,255,en,purple,purple
255,132,0,en,orange,orange
242,255,0,en,yellow,yellow
230,255,0,en,yellow,yellow
255,0,44,en,red,red
255,0,155,en,red,red
111,255,0,en,green,green
255,187,0,en,dandelion,dandelion
250,0,255,en,magenta,magenta
255,86,0,en,red,red
234,255,0,en,yellow,yellow
166,0,255,en,purple,purple
255,0,245,en,magenta,magenta
255,0,115,en,hot pink,hot pink
102,255,0,en,neon green,neon green
199,255,0,en,lime green,lime
255,152,0,en,orange,orange
255,173,0,en,orange,orange
255,98,0,en,orange,orange
255,206,0,en,yellow,yellow
255,0,85,en,red,red
255,0,222,en,purple,purple
167,255,0,en,green,green
234,0,255,en,purple,purple
172,0,255,en,purple,purple
255,0,140,en,red,red
160,0,255,en,purple,purple
255,232,0,en,yellow,yellow
151,255,0,en,green,green
255,50,0,en,red,red
255,0,110,en,magenta,magenta
255,0,183,en,magenta,magenta
159,255,0,en,lime green,lime
255,0,240,en,hot pink,hot pink
255,0,104,en,pink,pink
223,0,255,en,purple,purple
99,255,0,en,green,green
145,0,255,en,violet,violet
206,0,255,en,purple,purple
255,244,0,en,yellow,yellow
255,0,221,en,magenta,magenta
160,0,255,en,purple,purple
186,255,0,en,lime,lime
255,197,0,en,orange,orange
127,255,0,en,lime green,lime
255,0,244,en,fusia,fusia
255,0,37,en,red,red
206,0,255,en,fusia,fusia
242,255,0,en,yellow,yellow
145,255,0,en,green yellow,green yellow
223,0,255,en,fusia,fusia
97,255,0,en,lime green,lime
164,255,0,en,yellow green,yellow green
226,255,0,en,yellow,yellow
255,0,223,en,fusia,fusia
255,0,125,en,pink,pink
217,0,255,en,purple,purple
255,0,53,en,red,red
255,201,0,en,yellow,yellow
255,182,0,en,yellow orange,yellow orange
255,227,0,en,yellow,yellow
255,82,0,en,red orange,red orange
255,0,166,en,magenta,magenta
255,136,0,en,macaroni,macaroni
223,0,255,en,purple,purple
255,227,0,en,yellow,yellow
255,94,0,en,orange,orange
255,81,0,en,orange,orange
255,0,55,en,red,red
255,134,0,en,orange,orange
255,0,159,en,magenta,magenta
255,154,0,en,orange,orange
255,0,105,en,fusia,fusia
238,255,0,en,yellow,yellow
255,146,0,en,orange,orange
255,0,116,en,maroon,maroon
255,0,43,en,red,red
255,156,0,en,orange,orange
222,255,0,en,yellow,yellow
255,202,0,en,yellow orange,yellow orange
233,255,0,en,sunshine,sunshine
255,0,78,en,magenta,magenta
255,56,0,en,orange,orange
255,0,180,en,magenta,magenta
255,0,89,en,red,red
209,0,255,en,purple,purple
255,0,113,en,red,red
255,0,25,en,red,red
122,255,0,en,green,green
160,255,0,en,green,green
76,0,255,en,cobalt,cobalt
255,0,246,en,fusia,fusia
255,66,0,en,orange,orange
255,0,31,en,ews,ews
255,0,144,en,pink,pink
255,98,0,en,orange,orange
137,0,255,en,purple,purple
255,0,177,en,pink,pink
255,228,0,en,yellow,yellow
255,197,0,en,marigold,marigold
196,0,255,en,purple,purple
255,0,78,en,red,red
255,0,250,en,pink,pink
255,101,0,en,orange,orange
255,0,221,en,pink,pink
255,0,133,en,fuschia,fuschia
255,216,0,en,orange,orange
255,0,196,en,pink,pink
238,0,255,en,violet,violet
116,255,0,en,green,green
255,0,114,en,magenta,magenta
255,0,51,en,red,red
255,0,35,en,red,red
255,227,0,en,yellow,yellow
55,0,255,en,blue,blue
255,79,0,en,red orange,red orange
195,255,0,en,chartreuse,chartreuse
255,0,194,en,magenta,magenta
255,153,0,en,orange,orange
178,255,0,en,chartreuse,chartreuse
255,0,163,en,bright pink,bright pink
111,0,255,en,purple,purple
255,0,175,en,magenta,magenta
255,0,103,en,red,red
178,255,0,en,green,green
255,80,0,en,orange,orange
255,200,0,en,yellow,yellow
255,179,0,en,orange,orange
218,255,0,en,neon,neon
255,137,0,en,orange,orange
192,0,255,en,purple,purple
255,0,104,en,fuschia,fuschia
255,0,8,en,red,red
54,255,0,en,lime green,lime
255,128,0,en,orange,orange
240,255,0,en,yellow,yellow
255,0,159,en,hot pink,hot pink
255,0,251,en,fuschia,fuschia
255,0,187,en,magenta,magenta
97,0,255,en,indigo,indigo
255,0,93,en,red,red
233,255,0,en,yellow,yellow
255,0,60,en,red,red
255,182,0,en,marigold,marigold
72,0,255,en,navy,navy
255,150,0,en,orange,orange
192,0,255,en,violet,violet
255,0,34,en,red,red
255,236,0,en,yellow,yellow
255,96,0,en,red orange,red orange
255,0,232,en,hot pink,hot pink
99,255,0,en,lime green,lime
255,0,141,en,hot pink,hot pink
184,255,0,en,chartreuse,chartreuse
255,195,0,en,marigold,marigold
255,65,0,en,red,red
207,255,0,en,yellow,yellow
255,206,0,en,yellow,yellow
255,36,0,en,red,red
255,0,179,en,magenta,magenta
255,0,59,en,red,red
255,0,138,en,pink,pink
255,222,0,en,yellow,yellow
35,0,255,en,blue,blue
255,0,147,en,magenta,magenta
119,0,255,en,violet,violet
255,249,0,en,yellow,yellow
163,255,0,en,green,green
172,0,255,en,purple,purple
255,0,26,en,red,red
255,0,87,en,red,red
255,125,0,en,orange,orange
255,167,0,en,orange,orange
255,0,210,en,magenta,magenta
255,87,0,en,orange,orange
199,255,0,en,lime,lime
129,255,0,en,green,green
223,0,255,en,purple,purple
255,0,94,en,fusia pink,fusia pink
224,0,255,en,lavendar purple,lavendar purple
255,0,49,en,hot pink,hot pink
255,0,167,en,pink,pink
255,176,0,en,sunset yellow,sunset yellow
117,0,255,en,purple,purple
255,250,0,en,yellow,yellow
182,0,255,en,purple,purple
255,0,11,en,red,red
55,255,0,en,green,green
255,0,212,en,pink,pink
255,121,0,en,orange,orange
255,0,205,en,pink,pink
159,255,0,en,lime green,lime
255,197,0,en,yellow,yellow
255,0,140,en,pink,pink
255,213,0,en,yellow,yellow
255,105,0,en,orange,orange
203,255,0,en,lime green,lime
255,73,0,en,orange,orange
255,0,253,en,pink,pink
178,255,0,en,green,green
255,0,37,en,red,red
255,194,0,en,orange,orange
255,57,0,en,orange,orange
74,255,0,en,green,green
255,125,0,en,orange,orange
177,0,255,en,purple,purple
255,233,0,en,yellow,yellow
255,178,0,en,orange,orange
216,255,0,en,yellow,yellow
115,0,255,en,purple,purple
255,0,105,en,pink,pink
255,0,115,en,pink,pink
255,93,0,en,orange,orange
255,0,79,en,pink,pink
255,0,236,en,purple,purple
255,0,166,en,pink,pink
255,0,199,en,pink,pink
255,247,0,en,yellow,yellow
255,0,170,en,hot pink,hot pink
255,69,0,en,orange,orange
255,0,66,en,dark pink,dark pink
255,167,0,en,tangerine,tangerine
255,0,39,en,red,red
255,0,124,en,magenta,magenta
255,0,103,en,pink,pink
119,0,255,en,indigo,indigo
255,81,0,en,dark orange,dark orange
196,255,0,en,green yellow,green yellow
230,0,255,en,purple,purple
43,0,255,en,royal blue,royal blue
234,255,0,en,yellow,yellow
255,129,0,en,orange,orange
255,0,246,en,neon purple,neon purple
159,255,0,en,lime green,lime
255,234,0,en,yellow,yellow
255,0,200,en,magenta,magenta
193,0,255,en,purple,purple
255,192,0,en,yellow orange,yellow orange
114,255,0,en,light green,light green
137,0,255,en,purple,purple
255,196,0,en,gold,gold
255,0,7,en,red,red
33,0,255,en,blue,blue
44,255,0,en,green,green
220,255,0,en,yellow,yellow
255,176,0,en,gold,gold
255,0,252,en,violet,violet
255,0,208,en,violet,violet
255,229,0,en,yellow,yellow
255,0,122,en,pink,pink
181,255,0,en,green,green
236,255,0,en,yellow,yellow
255,0,159,en,purple,purple
255,131,0,en,gold,gold
255,52,0,en,red,red
186,0,255,en,purple,purple
255,0,234,en,violet,violet
255,108,0,en,orange,orange
255,0,72,en,pink,pink
255,0,105,en,pink,pink
255,0,96,en,pink,pink
255,0,76,en,hot pink,hot pink
255,0,214,en,magenta,magenta
136,255,0,en,lime,lime
16,255,0,en,neon green,neon green
226,0,255,en,violent,violent
255,0,4,en,red,red
255,155,0,en,tangerine,tangerine
166,0,255,en,purple,purple
255,0,182,en,fuschia,fuschia
159,0,255,en,violet,violet
255,0,155,en,magenta,magenta
255,143,0,en,papaya,papaya
255,0,78,en,red,red
255,155,0,en,orange,orange
255,0,126,en,purplish red,purplish red
215,255,0,en,greenish yellow,greenish yellow
255,0,192,en,magenta,magenta
255,212,0,en,mustard,mustard
210,0,255,en,purple,purple
255,238,0,en,yellow,yellow
155,255,0,en,light green,light green
255,248,0,en,yellow,yellow
255,121,0,en,orange,orange
255,0,5,en,red,red
255,0,157,en,magenta,magenta
255,0,227,en,pink,pink
255,48,0,en,brick red,brick red
251,0,255,en,magenta,magenta
139,0,255,en,purple,purple
255,0,92,en,brick red,brick red
112,255,0,en,lime green,lime
255,86,0,en,orange,orange
255,186,0,en,mustard,mustard
255,0,103,en,fuschia,fuschia
255,0,215,en,pink purple,pink purple
255,129,0,en,orange,orange
255,0,112,en,hot pink,hot pink
198,255,0,en,neon yellow,neon yellow
167,255,0,en,lime green,lime
26,255,0,en,bright green,bright green
255,62,0,en,burnt orange,burnt orange
114,255,0,en,lime green,lime
255,166,0,en,light orange,light orange
255,100,0,en,orange,orange
255,0,190,en,fuschia,fuschia
255,0,249,en,pink purple,pink purple
255,228,0,en,yellow,yellow
255,0,93,en,pink,pink
34,0,255,en,blue,blue
123,255,0,en,green,green
208,255,0,en,yellow,yellow
143,255,0,en,green,green
255,0,194,en,pink,pink
255,162,0,en,orange,orange
255,184,0,en,orange,orange
255,0,130,en,pink,pink
255,0,65,en,pink,pink
198,0,255,en,purple,purple
255,124,0,en,orange,orange
255,0,174,en,pink,pink
255,0,163,en,pink,pink
53,0,255,en,royal blue,royal blue
255,175,0,en,orange,orange
161,0,255,en,indigo,indigo
255,255,0,en,yellow,yellow
255,85,0,en,red,red
255,0,120,en,pink,pink
103,255,0,en,green,green
255,0,60,en,red,red
255,121,0,en,orange,orange
255,14,0,en,red,red
135,255,0,en,green,green
255,0,97,en,pink,pink
255,0,214,en,pink,pink
255,0,45,en,pinkish red,pinkish red
255,0,99,en,pink,pink
255,0,150,en,fushia,fushia
255,67,0,en,orange,orange
255,0,207,en,purple,purple
30,0,255,en,dark blue,dark blue
255,230,0,en,yellow,yellow
196,0,255,en,pupple,pupple
255,0,51,en,red,red
255,0,33,en,red,red
121,255,0,en,geeen,geeen
255,0,123,en,pupple,pupple
225,0,255,en,pupple,pupple
255,91,0,en,dark orange,dark orange
255,149,0,en,orange,orange
216,255,0,en,green,green
255,239,0,en,yellow,yellow
255,0,159,en,hot pink,hot pink
236,0,255,en,magenta,magenta
255,0,82,en,pink,pink
146,0,255,en,purple,purple
28,0,255,en,dark blue,dark blue
187,0,255,en,violet,violet
255,0,234,en,magenta,magenta
255,159,0,en,yellow orange,yellow orange
110,0,255,en,blue purple,blue purple
255,85,0,en,scarlet,scarlet
255,0,23,en,cherry red,cherry red
255,205,0,en,tangerine,tangerine
106,255,0,en,grass green,grass green
244,255,0,en,canary yellow,canary yellow
255,0,156,en,hot pink,hot pink
229,255,0,en,yellow,yellow
231,0,255,en,violet,violet
27,255,0,en,lime green,lime
255,68,0,en,red orange,red orange
86,0,255,en,royal blue,royal blue
255,0,112,en,fuschia,fuschia
215,255,0,en,green yellow,green yellow
68,255,0,en,lime green,lime
255,243,0,en,yellow,yellow
255,56,0,en,red,red
255,0,236,en,light purple,light purple
255,0,141,en,pink,pink
255,190,0,en,gold,gold
255,95,0,en,orange,orange
255,168,0,en,light orange,light orange
15,255,0,en,bright green,bright green
255,0,72,en,dark pink,dark pink
255,0,177,en,bright pink,bright pink
154,255,0,en,green,green
179,0,255,en,purple,purple
255,0,110,en,pink,pink
239,255,0,en,yellow,yellow
255,135,0,en,orange,orange
159,0,255,en,purple,purple
255,0,162,en,pink,pink
255,0,8,en,red,red
248,0,255,en,purple,purple
255,42,0,en,red,red
240,0,255,en,pink,pink
255,104,0,en,orange,orange
255,0,148,en,pink,pink
255,144,0,en,green,green
111,0,255,en,blue,blue
216,255,0,en,yellow,yellow
255,0,255,en,pink,pink
255,202,0,en,yellowy orange,yellowy orange
255,0,45,en,red,red
255,101,0,en,orange,orange
20,0,255,en,blue,blue
255,0,91,en,more redy pink,more redy pink
255,0,145,en,redy pink,redy pink
255,75,0,en,red,red
255,0,237,en,dark pink,dark pink
255,234,0,en,yellow,yellow
255,0,31,en,dark red,dark red
255,0,121,en,dark pink,dark pink
255,208,0,en,green,green
255,0,75,en,red,red
222,255,0,en,mustard yellow,mustard
255,0,152,en,fuchsia,fuchsia
255,80,0,en,red orange,red orange
255,0,200,en,pink,pink
116,255,0,en,grass green,grass green
255,0,244,en,purple,purple
255,239,0,en,yellow,yellow
255,0,125,en,pink,pink
255,114,0,en,orange,orange
138,255,0,en,light green,light green
52,0,255,en,dark blue,dark blue
255,251,0,en,yellow,yellow
255,0,52,en,red,red
235,0,255,en,purple,purple
255,0,18,en,red,red
92,0,255,en,blue purple,blue purple
255,202,0,en,saffron,saffron
255,180,0,en,light orange,light orange
201,0,255,en,purple,purple
255,133,0,en,orange,orange
255,0,106,en,pink,pink
255,0,103,en,magenta,magenta
255,198,0,en,goldenrod,goldenrod
142,0,255,en,violet,violet
255,51,0,en,red,red
255,0,19,en,red,red
81,0,255,en,royal blue,royal blue
255,0,75,en,dark hot pink,dark hot pink
170,255,0,en,granny smith appple green,granny smith appple green
174,0,255,en,purple,purple
81,255,0,en,spring green,spring green
255,144,0,en,orange,orange
255,178,0,en,goldenrod,goldenrod
255,250,0,en,yellow,yellow
255,0,170,en,magenta,magenta
255,234,0,en,goldenrod,goldenrod
207,255,0,en,spring green,spring green
255,0,202,en,violet,violet
255,0,212,en,violet,violet
255,0,126,en,magenta,magenta
10,255,0,en,yellow green,yellow green
255,0,247,en,violet,violet
255,236,0,en,yellow,yellow
255,249,0,en,yellow,yellow
205,0,255,en,purple,purple
255,0,182,en,pink,pink
255,90,0,en,orange,orange
255,20,0,en,red,red
217,255,0,en,green,green
255,205,0,en,yellow,yellow
255,0,106,en,pink,pink
255,0,52,en,red,red
255,144,0,en,orange,orange
157,255,0,en,green,green
255,0,241,en,purple,purple
255,0,163,en,pink,pink
73,0,255,en,blue,blue
255,0,120,en,pink,pink
255,0,29,en,red,red
255,0,247,en,pink,pink
255,153,0,en,orange,orange
145,0,255,en,purple,purple
115,255,0,en,green,green
255,216,0,en,yellow,yellow
255,0,77,en,red,red
255,164,0,en,orange,orange
255,196,0,en,yellow orange,yellow orange
156,255,0,en,lime,lime
255,0,141,en,magenta,magenta
160,0,255,en,purple,purple
255,0,85,en,hot pink,hot pink
255,0,220,en,magenta,magenta
40,255,0,en,bright green,bright green
113,255,0,en,lime green,lime
255,95,0,en,orange,orange
186,255,0,en,yellow green,yellow green
255,0,184,en,hot pink,hot pink
255,38,0,en,red,red
255,244,0,en,yellow,yellow
255,0,149,en,magenta,magenta
246,0,255,en,bubblegum pink,bubblegum pink
193,0,255,en,purple,purple
255,143,0,en,orange,orange
255,0,46,en,red,red
255,0,192,en,pink,pink
255,147,0,en,orange,orange
255,238,0,en,yellow,yellow
240,255,0,en,pale yellow,pale yellow
255,0,174,en,deep pink,deep pink
255,0,97,en,red pink,red pink
255,187,0,en,deep yellow,deep yellow
255,205,0,en,yellow,yellow
255,0,90,en,rose,rose
243,0,255,en,violet,violet
255,179,0,en,mustard yellow,mustard
255,0,24,en,brick red,brick red
255,0,149,en,flamingo pink,flamingo pink
255,86,0,en,orange,orange
255,0,116,en,pink,pink
255,75,0,en,burnt orange,burnt orange
249,255,0,en,yellow,yellow
255,0,57,en,lipstick red,lipstick red
255,0,219,en,fuchsia,fuchsia
255,179,0,en,orange,orange
236,0,255,en,purple,purple
255,147,0,en,orange,orange
255,0,242,en,purple,purple
159,255,0,en,lime,lime
255,252,0,en,yellow,yellow
255,223,0,en,yellow,yellow
191,0,255,en,purple,purple
255,0,116,en,pink,pink
52,0,255,en,dark ble,dark ble
255,0,172,en,pink,pink
52,255,0,en,lime,lime
255,103,0,en,orange,orange
145,0,255,en,purple,purple
255,0,27,en,crimson,crimson
255,69,0,en,orange,orange
255,0,177,en,pink,pink
255,0,91,en,pink,pink
255,0,53,en,red,red
193,255,0,en,lime,lime
255,189,0,en,orange,orange
255,0,83,en,hot pink,hot pink
255,199,0,en,ye4llow,yellow
255,0,239,en,light purple,light purple
255,0,158,en,fuschia,fuschia
123,255,0,en,neon green,neon green
255,177,0,en,dark yellow,dark yellow
45,0,255,en,royal blue,royal blue
255,135,0,en,orange,orange
255,0,188,en,fuschia,fuschia
255,243,0,en,yellow,yellow
228,0,255,en,neon purple,neon purple
255,0,117,en,hot pink,hot pink
118,0,255,en,purple,purple
255,0,11,en,red,red
202,0,255,en,neon purple,neon purple
255,35,0,en,red orange,red orange
255,110,0,en,orange,orange
255,0,78,en,hot pink,hot pink
151,255,0,en,light green,light green
250,255,0,en,bright yellow,bright yellow
229,255,0,en,green yellow,green yellow
255,0,107,en,rose,rose
255,160,0,en,yellow,yellow
216,0,255,en,fucsia,fucsia
255,0,72,en,red,red
160,255,0,en,light green,light green
255,0,115,en,rose,rose
255,198,0,en,yellow,yellow
255,2,0,en,red,red
51,0,255,en,purple blue,purple blue
248,0,255,en,fucsia,fucsia
213,255,0,en,light fluo green,light fluo green
75,255,0,en,green,green
255,0,48,en,red,red
115,0,255,en,purple,purple
255,237,0,en,yellow,yellow
255,0,200,en,fucsia,fucsia
255,145,0,en,orange,orange
250,255,0,en,lemon yellow,lemon yellow
255,0,154,en,pink,pink
255,90,0,en,dark orange,dark orange
255,0,218,en,fucsia,fucsia
255,0,181,en,pink,pink
255,0,26,en,red,red
255,0,151,en,pink,pink
255,95,0,en,orange,orange
255,252,0,en,yellow,yellow
255,0,57,en,pink,pink
225,0,255,en,magenta,magenta
255,0,177,en,hot pink,hot pink
255,0,143,en,pink,pink
255,250,0,en,yellow,yellow
255,0,153,en,pink,pink
132,255,0,en,neon green,neon green
255,151,0,en,orange,orange
255,207,0,en,mustard yellow,mustard
255,155,0,en,orange,orange
255,0,97,en,fuchsia,fuchsia
185,0,255,en,violet,violet
206,255,0,en,neon green,neon green
255,119,0,en,orange,orange
255,0,80,en,red pink,red pink
172,255,0,en,neon green,neon green
255,0,242,en,fuchsia,fuchsia
255,70,0,en,orange,orange
255,236,0,en,yellow,yellow
101,0,255,en,violet blue,violet-blue
255,0,44,en,red,red
87,0,255,en,navy blue,navy
199,255,0,en,green,green
255,102,0,en,orange,orange
255,0,39,en,red,red
255,244,0,en,yellow,yellow
255,0,100,en,pink,pink
255,0,76,en,pink,pink
255,192,0,en,yellow,yellow
255,0,142,en,purple,purple
255,0,255,en,purple,purple
255,79,0,en,orange,orange
255,148,0,en,orange,orange
255,227,0,en,yellow,yellow
191,0,255,en,purple,purple
107,0,255,en,purple,purple
173,255,0,en,green,green
255,170,0,en,yellow,yellow
55,0,255,en,blue,blue
255,0,192,en,pink,pink
255,0,173,en,pink,pink
112,255,0,en,green,green
255,0,245,en,pink,pink
255,0,221,en,hot pink,hot pink
255,0,125,en,cerise,cerise
255,118,0,en,orange,orange
228,0,255,en,magenta,magenta
4,255,0,en,green,green
171,0,255,en,purple,purple
90,255,0,en,light green,light green
160,255,0,en,yellow green,yellow green
255,124,0,en,orange,orange
255,0,151,en,pink,pink
196,255,0,en,lime green,lime
255,0,68,en,red,red
255,191,0,en,goldenrod,goldenrod
255,0,105,en,cerise,cerise
159,0,255,en,violet,violet
255,164,0,en,yellow orange,yellow orange
255,19,0,en,red,red
255,0,25,en,scarlet,scarlet
232,255,0,en,yellow,yellow
255,220,0,en,goldenrod,goldenrod
255,0,186,en,hot pink,hot pink
255,126,0,en,orange,orange
255,0,199,en,pink,pink
255,0,230,en,pink,pink
255,0,17,en,red,red
228,255,0,en,yellow,yellow
123,255,0,en,green,green
91,0,255,en,purple,purple
165,255,0,en,green,green
255,0,172,en,pink,pink
255,0,77,en,red,red
255,0,249,en,pink,pink
255,160,0,en,orange,orange
113,0,255,en,purple,purple
180,0,255,en,purple,purple
255,198,0,en,yellow,yellow
240,255,0,en,yellow,yellow
255,101,0,en,orange,orange
255,0,92,en,pink,pink
255,230,0,en,yellow,yellow
255,0,140,en,pink,pink
255,80,0,en,orange,orange
255,0,243,en,magenta,magenta
255,0,15,en,red,red
255,90,0,en,orange,orange
255,0,89,en,pink,pink
248,255,0,en,yellow,yellow
255,0,139,en,pink,pink
138,255,0,en,green,green
255,24,0,en,red,red
255,162,0,en,orange,orange
255,0,58,en,red,red
255,187,0,en,yellow,yellow
189,0,255,en,purple,purple
255,0,159,en,magenta,magenta
93,0,255,en,purple,purple
255,0,254,en,pink,pink
127,255,0,en,green,green
255,0,201,en,magenta,magenta
255,132,0,en,orange,orange
255,229,0,en,yellow,yellow
199,255,0,en,yellow,yellow
255,0,233,en,pink,pink
255,0,24,en,red,red
255,210,0,en,orange,orange
255,57,0,en,red,red
255,229,0,en,yellow,yellow
255,148,0,en,orange,orange
70,0,255,en,blue,blue
255,0,158,en,pink,pink
176,255,0,en,lime green,lime
209,255,0,en,green,green
102,255,0,en,green,green
255,0,188,en,pink,pink
255,0,135,en,pink,pink
255,0,50,en,red,red
234,0,255,en,violet,violet
185,0,255,en,purple,purple
244,255,0,en,yellow,yellow
255,0,108,en,pink,pink
255,161,0,en,orange,orange
148,0,255,en,purple,purple
255,118,0,en,orange,orange
251,255,0,en,yellow,yellow
255,0,31,en,red,red
255,84,0,en,orange,orange
179,255,0,en,lime green,lime
168,0,255,en,purple,purple
255,62,0,en,red orange,red orange
255,0,127,en,rose,rose
217,255,0,en,lime green,lime
7,255,0,en,green,green
255,230,0,en,dark yellow,dark yellow
254,0,255,en,pink,pink
255,166,0,en,orange,orange
92,0,255,en,blue,blue
83,255,0,en,lime green,lime
255,0,96,en,red,red
255,0,165,en,dark pink,dark pink
255,0,234,en,pink,pink
255,196,0,en,tangarine,tangarine
255,129,0,en,dark orange,dark orange
255,0,177,en,dark pink,dark pink
255,0,72,en,red,red
237,0,255,en,fuchia,fuchia
255,222,0,en,yellow,yellow
130,0,255,en,purple,purple
255,0,22,en,red,red
255,114,0,en,orange,orange
255,254,0,en,yellow,yellow
35,255,0,en,sea green,sea green
255,0,163,en,pinkish purple,pinkish purple
255,0,78,en,pinkish red,pinkish red
158,255,0,en,kinda green,kinda green
203,255,0,en,yellow green,yellow green
214,0,255,en,purple kinda,purple kinda
55,255,0,en,green,green
255,6,0,en,red,red
255,0,98,en,sliding ted,sliding ted
255,0,239,en,purples,purples
255,136,0,en,orange,orange
255,203,0,en,dark yellow,dark yellow
255,0,136,en,pink,pink
255,169,0,en,darker orange,darker orange
255,0,209,en,purples,purples
255,0,136,en,pink,pink
255,213,0,en,yellow,yellow
255,151,0,en,orange,orange
123,0,255,en,purple,purple
255,0,41,en,red,red
255,202,0,en,yellow,yellow
255,0,90,en,pink,pink
59,0,255,en,dark blue,dark blue
255,223,0,en,yellow,yellow
139,0,255,en,purple,purple
255,189,0,en,dark yellow,dark yellow
255,126,0,en,orange,orange
134,255,0,en,green,green
255,0,199,en,hot pink,hot pink
255,160,0,en,light orange,light orange
191,255,0,en,lime green,lime
255,78,0,en,red,red
254,255,0,en,yellow,yellow
221,0,255,en,pink,pink
255,148,0,en,orange,orange
182,255,0,en,green,green
55,0,255,en,blue,blue
216,0,255,en,purple,purple
208,255,0,en,lime green,lime
255,244,0,en,yellow,yellow
255,115,0,en,orange,orange
251,0,255,en,purple,purple
255,44,0,en,red,red
255,0,190,en,pink,pink
255,227,0,en,yellow,yellow
255,0,27,en,red,red
255,0,107,en,bubblegum pink,bubblegum pink
109,0,255,en,purple,purple
255,0,170,en,pink,pink
74,255,0,en,strong lime green,strong lime green
255,206,0,en,yellow,yellow
255,0,151,en,pink,pink
255,0,106,en,pink,pink
255,173,0,en,orange,orange
132,255,0,en,green,green
255,0,60,en,pink,pink
255,0,229,en,purple,purple
255,174,0,en,orange,orange
174,0,255,en,purple,purple
255,0,239,en,pink,pink
255,0,73,en,red,red
176,255,0,en,yellow,yellow
255,0,181,en,pink,pink
83,0,255,en,blue,blue
255,0,126,en,pink,pink
255,0,218,en,pink,pink
255,114,0,en,orange,orange
208,0,255,en,purple,purple
255,0,65,en,red,red
255,104,0,en,orange,orange
255,0,126,en,pink,pink
255,0,33,en,red,red
235,0,255,en,purple,purple
255,251,0,en,yellow,yellow
210,255,0,en,green,green
255,77,0,en,red orange,red orange
104,255,0,en,green,green
255,0,170,en,pink,pink
255,0,141,en,deep pink,deep pink
255,220,0,en,gold,gold
255,137,0,en,dark orange,dark orange
255,175,0,en,orange,orange
58,0,255,en,medium blue,medium blue
255,0,75,en,crimson,crimson
255,0,109,en,deep pink,deep pink
110,255,0,en,lawn green,lawn green
255,0,247,en,magenta,magenta
255,208,0,en,gold,gold
142,0,255,en,blue violet,blue-violet
255,239,0,en,yellow,yellow
255,0,175,en,fuchsia,fuchsia
255,0,34,en,poppy red,poppy red
255,201,0,en,golden,gold
107,0,255,en,blue purple,blue purple
255,153,0,en,golden orange,golden orange
207,0,255,en,purple,purple
255,112,0,en,dark orange,dark orange
255,125,0,en,orange,orange
255,0,77,en,pink poppy,pink poppy
219,255,0,en,bright yellow green,bright yellow green
255,63,0,en,scarlett,scarlett
255,0,136,en,bright pink,bright pink
150,255,0,en,mute bright green,mute bright green
132,255,0,en,light green,light green
220,0,255,en,electric purple,electric purple
255,0,225,en,fuchsia,fuchsia
255,250,0,en,yellow,yellow
255,0,192,en,pink,pink
255,129,0,en,orange,orange
255,0,171,en,pink,pink
132,0,255,en,purple,purple
255,0,80,en,red,red
175,255,0,en,green lemon,green lemon
255,166,0,en,light orange,light orange
255,0,128,en,magenta,magenta
255,0,84,en,red,red
255,220,0,en,yellow,yellow
255,0,225,en,pink,pink
255,0,39,en,dark red,dark red
251,0,255,en,pink,pink
255,81,0,en,orange,orange
236,255,0,en,lemon green,lemon green
255,0,183,en,magenta,magenta
124,255,0,en,green,green
255,116,0,en,orange,orange
214,255,0,en,lemon green,lemon green
185,0,255,en,purple,purple
85,0,255,en,dark purple,dark purple
255,199,0,en,dark yellow,dark yellow
207,0,255,en,purple,purple
220,255,0,en,light green,light green
255,135,0,en,orange,orange
255,0,116,en,hot pink,hot pink
160,255,0,en,light green,light green
255,42,0,en,red,red
255,220,0,en,tangerine,tangerine
115,255,0,en,light green,light green
250,255,0,en,yellow,yellow
255,0,106,en,pink,pink
255,0,45,en,red,red
255,0,246,en,pink,pink
255,0,195,en,pink,pink
255,0,245,en,pink,pink
255,0,79,en,red,red
255,203,0,en,orange,orange
131,0,255,en,blue,blue
255,118,0,en,orange,orange
255,177,0,en,orange,orange
255,0,172,en,pink,pink
255,229,0,en,warm yellow,warm yellow
255,78,0,en,red orange,red orange
255,0,102,en,magenta,magenta
255,0,45,en,cherry red,cherry red
255,0,240,en,bright violet,bright violet
255,199,0,en,warm yellow orange,warm yellow orange
221,255,0,en,bright yellow green,bright yellow green
178,255,0,en,lime green,lime
255,176,0,en,orange,orange
255,0,57,en,cherry red,cherry red
131,0,255,en,purple,purple
255,0,123,en,dark pink,dark pink
255,148,0,en,orange brown,orange brown
222,0,255,en,violet,violet
189,0,255,en,blue violet,blue-violet
255,0,150,en,pink,pink
255,105,0,en,orange,orange
255,0,186,en,pink purple,pink purple
235,255,0,en,highlighter yellow,highlighter yellow
128,255,0,en,acid green,acid green
194,255,0,en,neon yellow green,neon yellow green
199,0,255,en,bright purple,bright purple
42,0,255,en,vivid dark blue,vivid dark blue
255,147,0,en,tangarine,tangarine
255,0,61,en,red,red
105,0,255,en,bright medium blue,bright medium blue
83,255,0,en,neon green yellow,neon green yellow
255,0,95,en,dark rose pink,dark rose pink
255,0,251,en,medium neon purple,medium neon purple
141,255,0,en,neon yellow green,neon yellow green
255,0,123,en,dark pink,dark pink
255,0,218,en,bright purple,bright purple
255,225,0,en,dark yellow,dark yellow
255,64,0,en,blood orange,blood orange
240,255,0,en,neon medium yellow,neon medium yellow
255,0,18,en,bright red,bright red
255,0,201,en,magenta,magenta
255,0,152,en,pink rose red,pink rose red
255,175,0,en,dark mustard yellow,dark mustard yellow
255,198,0,en,disco yellow,disco yellow
255,84,0,en,orange red,orange-red
255,0,120,en,fuchsia,fuchsia
255,82,0,en,orange,orange
255,0,64,en,red,red
255,0,194,en,magenta,magenta
81,0,255,en,curulean,curulean
255,0,235,en,fuchsia,fuchsia
255,149,0,en,orange,orange
206,255,0,en,lime green,lime
221,0,255,en,purple,purple
203,0,255,en,purple,purple
255,0,35,en,red,red
110,255,0,en,lime green,lime
247,255,0,en,yellow,yellow
255,227,0,en,marigold,marigold
144,255,0,en,lime green,lime
255,180,0,en,gold,gold
96,0,255,en,purple,purple
255,68,0,en,rust,rust
255,0,158,en,magenta,magenta
255,212,0,en,gold,gold
255,0,85,en,hot pink,hot pink
152,255,0,en,lime,lime
178,0,255,en,violet,violet
255,0,31,en,red,red
223,0,255,en,purple,purple
255,100,0,en,orange,orange
255,28,0,en,blood orange,blood orange
104,255,0,en,green,green
255,0,191,en,pink,pink
187,255,0,en,lime,lime
255,0,149,en,pink,pink
255,0,225,en,purple,purple
106,0,255,en,purple,purple
239,255,0,en,yellow,yellow
255,0,134,en,pink,pink
255,0,96,en,pink,pink
255,237,0,en,yello,yello
255,185,0,en,orange,orange
255,163,0,en,orange,orange
255,141,0,en,orange,orange
255,0,50,en,red,red
255,0,246,en,magenta,magenta
255,149,0,en,orange,orange
197,255,0,en,yellow green,yellow green
255,185,0,en,yellow orange,yellow orange
255,0,64,en,red,red
255,228,0,en,yellow,yellow
255,0,154,en,magenta,magenta
255,0,195,en,light magenta,light magenta
111,255,0,en,green yellow,green yellow
134,0,255,en,purple,purple
255,0,6,en,red,red
255,0,242,en,violet magenta,violet magenta
255,35,0,en,red orange,red orange
255,0,123,en,red magenta,red magenta
255,158,0,en,yellow orange,yellow orange
191,0,255,en,magenta,magenta
255,95,0,en,orange,orange
240,255,0,en,light yellow,light yellow
167,255,0,en,green yellow yellow,green yellow yellow
255,0,102,en,light red,light red
255,129,0,en,orange,orange
255,61,0,en,red,red
255,219,0,en,yellow,yellow
125,0,255,en,purple,purple
255,181,0,en,tan,tan
232,255,0,en,yellow,yellow
255,104,0,en,orange red,orange-red
255,0,147,en,magenta,magenta
142,255,0,en,yellow green,yellow green
173,0,255,en,violet,violet
255,0,233,en,mangenta,mangenta
255,0,87,en,red,red
238,0,255,en,violet,violet
255,0,61,en,red,red
255,0,127,en,magenta,magenta
255,0,185,en,red violet,red violet
198,255,0,en,neon,neon
255,209,0,en,yellow brown,yellow brown
132,255,0,en,green,green
255,0,7,en,red,red
255,0,157,en,pink,pink
255,0,183,en,pink,pink
255,37,0,en,red,red
255,0,110,en,coral,coral
255,0,215,en,violet,violet
255,111,0,en,orange,orange
45,255,0,en,green,green
247,0,255,en,fusia,fusia
255,121,0,en,orange,orange
255,246,0,en,yellow,yellow
146,0,255,en,purple,purple
172,0,255,en,busia,busia
71,0,255,en,violet,violet
255,0,40,en,red,red
255,0,128,en,coral,coral
38,255,0,en,green,green
146,255,0,en,green,green
255,158,0,en,orange,orange
255,187,0,en,tan,tan
199,255,0,en,olive,olive
255,0,59,en,red,red
255,238,0,en,yellow,yellow
255,0,4,en,red,red
255,0,175,en,magenta,magenta
255,179,0,en,peach,peach
255,99,0,en,orange,orange
255,201,0,en,yellow,yellow
137,0,255,en,purple,purple
255,225,0,en,yellow,yellow
169,0,255,en,violet,violet
255,0,189,en,pink,pink
255,0,116,en,reddish pink,reddish pink
255,68,0,en,tomato red,tomato
255,134,0,en,orange,orange
255,0,78,en,corvette red,corvette red
201,255,0,en,lime green,lime
100,255,0,en,neon green,neon green
221,0,255,en,dark magenta,dark magenta
231,255,0,en,greenish yellow,greenish yellow
255,0,232,en,magenta,magenta
255,0,97,en,pinkish red,pinkish red
155,255,0,en,lime green,lime
82,255,0,en,bright green,bright green
255,136,0,en,orange,orange
162,255,0,en,yellow green,yellow green
255,0,42,en,red,red
255,95,0,en,orange,orange
255,224,0,en,dark yellow,dark yellow
255,65,0,en,orange red,orange-red
232,255,0,en,bright yellow,bright yellow
255,0,159,en,hot pink,hot pink
255,236,0,en,yellow,yellow
255,0,116,en,pink,pink
255,249,0,en,yellow,yellow
106,0,255,en,blue purple,blue purple
255,125,0,en,orange,orange
255,0,81,en,dark pink,dark pink
255,0,255,en,magenta,magenta
48,0,255,en,blue,blue
255,191,0,en,orange,orange
255,0,206,en,pink,pink
78,255,0,en,green,green
184,0,255,en,purple,purple
255,0,155,en,pink,pink
184,255,0,en,yellowish green,yellowish green
255,50,0,en,red,red
255,160,0,en,orange,orange
205,255,0,en,yellow green,yellow green
255,0,40,en,red,red
255,105,0,en,orange,orange
255,0,57,en,red,red
255,0,231,en,pink,pink
255,112,0,en,orange,orange
255,247,0,en,yellow,yellow
255,0,206,en,pink,pink
215,255,0,en,green,green
220,0,255,en,pink,pink
62,0,255,en,purple,purple
255,0,232,en,pink,pink
255,0,172,en,magenta,magenta
255,227,0,en,yellow,yellow
164,255,0,en,green,green
255,194,0,en,orang,orang
166,0,255,en,purple,purple
255,147,0,en,orange,orange
85,255,0,en,lime,lime
255,0,2,en,red,red
255,0,124,en,pink,pink
119,0,255,en,purple,purple
255,0,99,en,magenta,magenta
255,0,49,en,red,red
255,162,0,en,orange,orange
255,44,0,en,dark orange,dark orange
163,255,0,en,neon green,neon green
255,120,0,en,orange,orange
255,107,0,en,red orange,red orange
255,209,0,en,pumpkin,pumpkin
207,0,255,en,purple,purple
129,255,0,en,neon green,neon green
255,64,0,en,red,red
255,0,92,en,fuchsia,fuchsia
255,229,0,en,golden yellow,golden yellow
255,164,0,en,orange,orange
255,0,239,en,hot pink,hot pink
224,255,0,en,neon yellow,neon yellow
255,0,255,en,hot pink,hot pink
255,0,146,en,fuchsia,fuchsia
255,0,195,en,hot pink,hot pink
255,0,57,en,red,red
65,0,255,en,royal blue,royal blue
255,0,48,en,red,red
240,255,0,en,yellow,yellow
95,0,255,en,purple,purple
255,0,137,en,fuchsia,fuchsia
34,255,0,en,green,green
255,65,0,en,red,red
255,168,0,en,orange,orange
248,255,0,en,yellow,yellow
255,0,113,en,pink,pink
255,223,0,en,dark yellow,dark yellow
94,0,255,en,blue,blue
255,0,64,en,reddish,reddish
224,255,0,en,yellow,yellow
255,0,212,en,pink,pink
255,0,8,en,red,red
217,0,255,en,purple,purple
255,114,0,en,orange,orange
227,0,255,en,pink,pink
255,120,0,en,orange,orange
112,255,0,en,light green,light green
255,0,158,en,pink,pink
255,194,0,en,orange,orange
255,0,176,en,pink,pink
175,255,0,en,yellow,yellow
255,0,85,en,purple,purple
255,106,0,en,dark orange,dark orange
116,255,0,en,green,green
255,157,0,en,light orange,light orange
209,0,255,en,magenta,magenta
235,255,0,en,yellow green,yellow green
255,60,0,en,red orange,red orange
255,0,124,en,pink,pink
186,255,0,en,lime green,lime
255,0,57,en,red,red
255,0,208,en,pink,pink
255,200,0,en,gold,gold
224,0,255,en,magenta,magenta
255,0,172,en,hot pink,hot pink
255,221,0,en,yellow,yellow
255,132,0,en,orange,orange
255,0,221,en,magenta,magenta
146,255,0,en,lime green,lime
161,0,255,en,purple,purple
255,0,6,en,red,red
255,0,101,en,red,red
229,0,255,en,pink,pink
32,255,0,en,green,green
255,0,30,en,red,red
65,255,0,en,lime green,lime
221,255,0,en,greenish yellow,greenish yellow
90,0,255,en,purple,purple
255,0,50,en,dark red,dark red
255,187,0,en,yellow,yellow
255,0,116,en,pink,pink
255,0,167,en,pink,pink
255,140,0,en,orange,orange
232,255,0,en,yellow,yellow
134,255,0,en,green,green
255,171,0,en,orange,orange
255,221,0,en,yellow,yellow
138,0,255,en,purple,purple
255,0,214,en,pink,pink
255,65,0,en,orange,orange
255,0,182,en,pink,pink
255,96,0,en,orange,orange
166,0,255,en,purple,purple
255,0,97,en,pinkish red,pinkish red
237,0,255,en,purple,purple
172,255,0,en,chartreuse,chartreuse
255,0,219,en,magenta,magenta
83,255,0,en,lime green,lime
255,211,0,en,mustard,mustard
255,0,169,en,pink,pink
255,0,60,en,red,red
189,255,0,en,chartreuse,chartreuse
255,0,194,en,magenta,magenta
147,0,255,en,violet,violet
255,0,42,en,red,red
207,0,255,en,purple,purple
236,255,0,en,yellow,yellow
255,149,0,en,orange,orange
255,63,0,en,red orange,red orange
255,0,120,en,magenta,magenta
255,0,101,en,magenta,magenta
255,112,0,en,dark orange,dark orange
85,0,255,en,royal blue,royal blue
255,234,0,en,yellow,yellow
255,177,0,en,yellow orange,yellow orange
255,0,219,en,magenta,magenta
255,238,0,en,yellow,yellow
255,38,0,en,red,red
112,255,0,en,lime green,lime
126,0,255,en,purple,purple
222,0,255,en,bright purple,bright purple
255,127,0,en,orange,orange
255,204,0,en,mustard,mustard
255,0,170,en,magenta,magenta
255,0,99,en,red,red
26,255,0,en,green,green
255,0,72,en,red,red
69,0,255,en,blue,blue
230,255,0,en,yellow,yellow
237,255,0,en,yellow,yellow
255,0,40,en,red,red
173,255,0,en,lime green,lime
186,0,255,en,purple,purple
255,0,201,en,purple,purple
255,162,0,en,orange,orange
255,86,0,en,red orange,red orange
255,0,122,en,magenta,magenta
27,255,0,en,green,green
128,0,255,en,purple,purple
39,0,255,en,blue,blue
255,63,0,en,orange,orange
182,0,255,en,purple,purple
255,0,107,en,rose pink,rose
255,223,0,en,yellow,yellow
255,0,226,en,fuschia,fuschia
246,0,255,en,purple,purple
255,135,0,en,orange,orange
223,255,0,en,yellow,yellow
119,255,0,en,green,green
255,0,80,en,red,red
165,255,0,en,green,green
255,86,0,en,orange,orange
255,175,0,en,orange,orange
255,202,0,en,mustard,mustard
255,0,167,en,pink,pink
255,0,116,en,rose pink,rose
255,0,14,en,orange,orange
255,0,194,en,fuschia,fuschia
255,255,0,en,yellow,yellow
255,0,62,en,red,red
205,0,255,en,magenta,magenta
255,227,0,en,yellow,yellow
181,255,0,en,light green,light green
120,0,255,en,indigo,indigo
255,203,0,en,orange,orange
255,0,100,en,hot pink,hot pink
244,255,0,en,snot yellow,snot yellow
255,117,0,en,burnt orange,burnt orange
255,0,44,en,red,red
236,0,255,en,ms paint purple,ms paint purple
255,62,0,en,orangish red,orangish red
17,255,0,en,squished caterpillar green,squished caterpillar green
255,0,221,en,magenta,magenta
255,0,177,en,hot pink,hot pink
255,122,0,en,red orange,red orange
255,0,125,en,hot pink,hot pink
255,0,156,en,magenta,magenta
101,255,0,en,grass green,grass green
255,168,0,en,orange,orange
205,255,0,en,lime green,lime
255,214,0,en,yellow,yellow
255,0,145,en,pink,pink
255,0,182,en,purple,purple
255,201,0,en,orange,orange
255,0,98,en,pink,pink
164,255,0,en,yellow green,yellow green
255,0,245,en,purple,purple
255,0,58,en,red,red
255,178,0,en,orange,orange
152,0,255,en,lavender,lavender
228,0,255,en,purple,purple
249,255,0,en,yellow,yellow
188,255,0,en,yellow greem,yellow greem
216,0,255,en,purple,purple
255,151,0,en,red orange,red orange
255,0,138,en,pink,pink
109,255,0,en,yellow green,yellow green
255,0,24,en,red,red
255,56,0,en,red orange,red orange
255,114,0,en,orange,orange
89,0,255,en,purple,purple
255,120,0,en,orange,orange
249,255,0,en,yellow,yellow
33,0,255,en,violet,violet
255,0,231,en,purple,purple
255,213,0,en,yellow,yellow
255,109,0,en,red,red
255,0,130,en,pink,pink
249,255,0,en,yellow,yellow
155,255,0,en,green,green
222,255,0,en,lime,lime
255,192,0,en,orange,orange
255,235,0,en,yellow,yellow
255,0,65,en,crimson,crimson
255,164,0,en,orange,orange
255,0,252,en,magenta,magenta
255,0,225,en,pink,pink
255,4,0,en,red,red
255,0,11,en,red,red
255,0,81,en,crimson,crimson
148,0,255,en,purple,purple
255,139,0,en,orange,orange
255,0,182,en,pink,pink
117,255,0,en,light green,light green
198,0,255,en,magenta,magenta
255,0,170,en,light pink,light pink
255,53,0,en,red,red
100,0,255,en,royal purple,royal purple
255,0,220,en,neon purple,neon purple
255,0,110,en,magenta,magenta
91,255,0,en,neon green,neon green
208,0,255,en,purple,purple
255,0,59,en,red,red
255,0,203,en,fuchsia,fuchsia
255,186,0,en,light orange,light orange
255,0,146,en,magenta,magenta
255,162,0,en,orange,orange
255,124,0,en,orange,orange
255,107,0,en,brick,brick
242,255,0,en,canari,canari
255,243,0,en,yellow,yellow
241,0,255,en,purple,purple
255,0,122,en,magenta,magenta
255,0,4,en,red,red
255,232,0,en,yellow,yellow
255,0,88,en,scarlet,scarlet
233,255,0,en,highlighter,highlighter
255,190,0,en,yellow orange,yellow orange
107,255,0,en,neon green,neon green
255,0,54,en,red,red
104,0,255,en,indigo,indigo
238,0,255,en,indigo,indigo
255,49,0,en,red,red
187,0,255,en,purple,purple
255,0,140,en,fuchsia,fuchsia
65,0,255,en,royal blue,royal blue
180,255,0,en,booger green,booger green
255,0,154,en,fuchsia,fuchsia
255,0,243,en,pink purple,pink purple
255,0,176,en,hot pink,hot pink
255,177,0,en,light orange,light orange
255,146,0,en,orange,orange
198,255,0,en,highlighter,highlighter
255,0,36,en,red,red
255,90,0,en,red orange,red orange
255,203,0,en,gold,gold
222,0,255,en,purple,purple
226,255,0,en,yellow,yellow
255,133,0,en,orange,orange
255,168,0,en,orange yellow,orange yellow
255,0,167,en,fuscia,fuscia
241,255,0,en,other yellow,other yellow
255,0,75,en,hot pink,hot pink
255,0,100,en,fuscia,fuscia
116,255,0,en,yellow green,yellow green
255,0,120,en,light purple,light purple
255,96,0,en,orange,orange
255,0,29,en,red,red
255,239,0,en,gold,gold
187,0,255,en,fuscia,fuscia
139,255,0,en,yellow green,yellow green
255,27,0,en,red,red
109,0,255,en,purple,purple
255,0,194,en,indigo,indigo
255,0,211,en,indigo,indigo
70,0,255,en,dark blue,dark blue
255,0,224,en,light purple,light purple
255,0,147,en,pink,pink
231,0,255,en,purple,purple
255,123,0,en,orange,orange
255,100,0,en,dark orange,dark orange
102,0,255,en,violet,violet
49,255,0,en,green,green
255,170,0,en,orange,orange
255,0,33,en,red,red
137,255,0,en,light green,light green
255,0,199,en,purple,purple
255,207,0,en,light orange,light orange
255,50,0,en,red,red
255,0,95,en,dark red,dark red
203,0,255,en,purple,purple
207,255,0,en,light green,light green
255,239,0,en,dark yellow,dark yellow
255,248,0,en,yellow,yellow
255,0,25,en,red,red
188,0,255,en,voilet,voilet
255,52,0,en,orange red,orange-red
255,0,183,en,pink,pink
255,0,147,en,moderate pink,moderate pink
255,103,0,en,orange,orange
255,254,0,en,yellow,yellow
255,0,127,en,pink,pink
255,0,95,en,moderate pink,moderate pink
228,0,255,en,voilet,voilet
255,0,49,en,red,red
255,0,239,en,voilet,voilet
171,255,0,en,light green,light green
142,0,255,en,moderate voilet,moderate voilet
255,198,0,en,yellow,yellow
255,177,0,en,sandal yellow,sandal yellow
255,219,0,en,light yellow,light yellow
109,255,0,en,green,green
255,151,0,en,sandal yellow,sandal yellow
224,255,0,en,light yellow,light yellow
255,0,23,en,red,red
255,109,0,en,orange,orange
169,0,255,en,purple,purple
17,255,0,en,green,green
151,255,0,en,green,green
255,0,131,en,pink,pink
228,255,0,en,yellow,yellow
255,0,239,en,pink,pink
243,255,0,en,yellow,yellow
255,0,82,en,red,red
255,33,0,en,red,red
255,237,0,en,yellow,yellow
255,0,167,en,pink,pink
127,255,0,en,green,green
255,0,252,en,pink,pink
115,0,255,en,purple,purple
255,0,62,en,red,red
255,186,0,en,yellow,yellow
255,138,0,en,orange,orange
255,0,181,en,pink,pink
255,177,0,en,orange,orange
255,122,0,en,orange,orange
255,42,0,en,red,red
255,117,0,en,orange,orange
64,255,0,en,lime green,lime
255,0,55,en,cerise,cerise
255,0,131,en,cherry,cherry
175,0,255,en,magenta,magenta
255,208,0,en,yellow,yellow
121,0,255,en,purple,purple
255,0,103,en,rose,rose
255,0,215,en,rose,rose
238,0,255,en,fuschia,fuschia
255,0,196,en,fuschia,fuschia
255,0,36,en,red orange,red orange
181,255,0,en,chartreuse,chartreuse
255,0,166,en,fuschia,fuschia
196,255,0,en,chartreuse,chartreuse
255,245,0,en,yellow,yellow
255,157,0,en,orange,orange
255,243,0,en,yellow,yellow
90,0,255,en,violet,violet
155,0,255,en,purple,purple
71,255,0,en,lime green,lime
255,108,0,en,sunset orange,sunset orange
255,203,0,en,yellow,yellow
255,0,93,en,magenta,magenta
255,0,26,en,red,red
255,0,63,en,light red,light red
255,122,0,en,light orange,light orange
255,0,225,en,light pink,light pink
255,0,198,en,pink,pink
255,170,0,en,orange,orange
255,245,0,en,yellow,yellow
180,0,255,en,purple,purple
252,0,255,en,light pink,light pink
255,64,0,en,orange,orange
255,0,133,en,pink,pink
159,255,0,en,green yellow,green yellow
255,0,158,en,magenta,magenta
255,231,0,en,gold,gold
224,255,0,en,yellow green,yellow green
255,0,65,en,cherry red,cherry red
255,0,251,en,hot pink,hot pink
255,0,228,en,pink,pink
255,251,0,en,yellow,yellow
149,255,0,en,green,green
138,0,255,en,violet,violet
121,255,0,en,leafy green,leafy green
76,0,255,en,aqua,aqua
255,205,0,en,yellow orange,yellow orange
255,0,145,en,pink,pink
185,0,255,en,purple,purple
255,168,0,en,orange,orange
255,0,39,en,red,red
58,0,255,en,navy,navy
252,0,255,en,pink,pink
255,0,122,en,pink red,pink red
255,98,0,en,orange,orange
255,0,71,en,red,red
203,255,0,en,chartreuse,chartreuse
111,255,0,en,green,green
104,0,255,en,purple,purple
248,255,0,en,yellow,yellow
255,0,185,en,pink,pink
255,140,0,en,orange,orange
151,255,0,en,green,green
255,77,0,en,red orange,red orange
255,0,84,en,pink red,pink red
255,0,231,en,pink purple,pink purple
255,225,0,en,orange yellow,orange yellow
147,0,255,en,purple,purple
255,0,231,en,pink,pink
108,255,0,en,light green,light green
255,152,0,en,orange,orange
255,41,0,en,red,red
153,0,255,en,purple,purple
255,0,192,en,violet,violet
193,255,0,en,yellow green,yellow green
177,0,255,en,neon purple,neon purple
160,255,0,en,lime green,lime
255,251,0,en,yellow,yellow
255,0,80,en,magenta,magenta
255,46,0,en,red,red
255,145,0,en,orange,orange
255,0,100,en,magenta,magenta
255,0,8,en,fire engine red,fire engine red
255,0,255,en,violet,violet
255,0,243,en,violet,violet
255,0,133,en,hot pink,hot pink
255,110,0,en,orange,orange
255,180,0,en,yellow orange,yellow orange
255,0,166,en,violet,violet
255,238,0,en,yellow,yellow
255,199,0,en,orange,orange
130,255,0,en,lime green,lime
189,255,0,en,green,green
255,0,128,en,fuchsia,fuchsia
255,26,0,en,red,red
255,0,237,en,pink,pink
113,0,255,en,purple,purple
196,0,255,en,pink,pink
255,0,77,en,red,red
233,255,0,en,yellow,yellow
255,174,0,en,orange,orange
255,130,0,en,red orange,red orange
255,0,158,en,hot pink,hot pink
255,212,0,en,goldenrod,goldenrod
168,255,0,en,green yellow,green yellow
255,0,192,en,fuchsia,fuchsia
255,217,0,en,yellow,yellow
242,0,255,en,hot pink,hot pink
128,255,0,en,yellow green,yellow green
255,0,105,en,pinkish red,pinkish red
255,0,48,en,red,red
255,86,0,en,orange red,orange-red
255,0,26,en,red,red
255,63,0,en,red,red
255,0,136,en,pink,pink
172,255,0,en,yellow green,yellow green
255,0,145,en,pink,pink
255,232,0,en,yellow,yellow
255,191,0,en,orange,orange
255,0,107,en,rose,rose
255,124,0,en,dark orange,dark orange
255,0,243,en,light purple,light purple
120,255,0,en,green,green
255,0,251,en,light purple,light purple
255,249,0,en,yellow,yellow
255,116,0,en,dark orange,dark orange
255,0,191,en,pink,pink
255,175,0,en,yellow orange,yellow orange
198,255,0,en,yellow green,yellow green
190,0,255,en,purple,purple
67,0,255,en,dark blue,dark blue
113,0,255,en,blue purple,blue purple
255,0,73,en,red,red
255,214,0,en,yellow,yellow
160,255,0,en,pale green,pale green
255,104,0,en,orange,orange
129,0,255,en,purple,purple
255,219,0,en,yellow,yellow
255,153,0,en,burnt ochre,burnt ochre
255,75,0,en,orange,orange
141,255,0,en,lime,lime
255,0,27,en,red,red
241,0,255,en,pink,pink
255,144,0,en,ochre,ochre
192,255,0,en,lime,lime
255,0,63,en,red,red
174,0,255,en,purple,purple
255,188,0,en,ochre,ochre
255,0,196,en,pink,pink
255,0,156,en,dark rose,dark rose
255,0,93,en,rose,rose
93,255,0,en,apple green,apple green
255,0,227,en,pink,pink
247,255,0,en,lime yellow,lime yellow
255,0,132,en,dark rose,dark rose
255,111,0,en,dark ochre,dark ochre
136,0,255,en,purple,purple
255,0,129,en,hot pink,hot pink
255,0,21,en,red,red
255,171,0,en,orange,orange
141,0,255,en,purple,purple
255,204,0,en,dirty yellow,dirty yellow
94,255,0,en,lime green,lime
193,0,255,en,violet,violet
255,0,182,en,pink,pink
255,0,85,en,salmon pink,salmon
255,194,0,en,yellow orange,yellow orange
166,255,0,en,lime green,lime
228,255,0,en,yellow,yellow
127,0,255,en,purple,purple
255,0,247,en,darker pink,darker pink
255,227,0,en,gold,gold
255,0,113,en,fuschia,fuschia
255,76,0,en,orange red,orange-red
234,0,255,en,purple,purple
255,0,218,en,hot pink,hot pink
255,0,158,en,hot pink,hot pink
222,255,0,en,yellow,yellow
255,106,0,en,orange,orange
176,255,0,en,lime green,lime
255,55,0,en,orange red,orange-red
255,0,104,en,dark pink,dark pink
255,233,0,en,banana yellow,banana yellow
247,255,0,en,yellow,yellow
255,0,58,en,red,red
255,137,0,en,orange,orange
255,0,202,en,hot pink,hot pink
255,0,63,en,red pink,red pink
255,0,226,en,pink purple,pink purple
130,255,0,en,yellow green,yellow green
255,140,0,en,orange,orange
255,107,0,en,dark orange,dark orange
189,0,255,en,purple,purple
255,0,39,en,red,red
255,160,0,en,orange,orange
255,0,164,en,pink,pink
244,255,0,en,yellow,yellow
255,0,242,en,magenta,magenta
139,0,255,en,purple,purple
255,0,132,en,rose,rose
133,255,0,en,lime green,lime
255,0,70,en,red,red
255,0,167,en,pink,pink
255,74,0,en,red orange,red orange
255,189,0,en,orange,orange
200,255,0,en,yellow,yellow
255,0,116,en,dark pink,dark pink
158,0,255,en,purple,purple
144,255,0,en,grass green,grass green
255,175,0,en,orange,orange
255,0,152,en,pink,pink
61,255,0,en,ligh green,ligh green
255,60,0,en,red,red
255,0,208,en,indigo,indigo
248,0,255,en,violet,violet
192,0,255,en,purple,purple
252,255,0,en,yellow,yellow
255,119,0,en,orange,orange
255,217,0,en,yellow,yellow
255,0,237,en,indigo,indigo
255,0,82,en,dark pink,dark pink
255,94,0,en,orange,orange
255,184,0,en,orange yellow,orange yellow
255,0,27,en,red,red
255,0,71,en,dark pink,dark pink
255,0,186,en,magenta,magenta
134,255,0,en,light green,light green
255,155,0,en,orange,orange
255,242,0,en,yellow,yellow
255,0,172,en,fuscia,fuscia
255,0,154,en,pink,pink
255,0,43,en,red,red
137,0,255,en,purple,purple
255,0,54,en,red,red
255,0,122,en,pink,pink
226,255,0,en,yellow,yellow
255,158,0,en,orange,orange
64,255,0,en,green,green
255,194,0,en,yellow,yellow
255,75,0,en,red,red
255,124,0,en,orange,orange
246,0,255,en,pink,pink
39,255,0,en,green,green
255,253,0,en,yellow,yellow
255,243,0,en,yellow,yellow
255,99,0,en,orange,orange
255,0,180,en,pink,pink
255,0,101,en,pink,pink
135,255,0,en,green,green
206,0,255,en,purple,purple
255,0,217,en,pink,pink
255,0,252,en,neon pink,neon pink
255,86,0,en,orange,orange
255,0,62,en,pink red,pink red
255,0,92,en,fuschia,fuschia
91,255,0,en,lime green,lime
255,0,192,en,magenta,magenta
203,0,255,en,magenta,magenta
255,75,0,en,orange,orange
239,255,0,en,lemon yellow,lemon yellow
255,194,0,en,taxicab yellow,taxicab yellow
255,171,0,en,light orange,light orange
92,0,255,en,violet,violet
255,0,158,en,neon pink,neon pink
255,127,0,en,yellow orange,yellow orange
255,0,34,en,red,red
255,235,0,en,yellow,yellow
255,0,140,en,fuschia,fuschia
216,255,0,en,yellow green,yellow green
255,0,232,en,magenta,magenta
137,255,0,en,lime green,lime
255,106,0,en,orange,orange
255,224,0,en,yellow,yellow
255,0,202,en,purple,purple
170,0,255,en,indigo,indigo
255,0,51,en,red,red
66,255,0,en,light green,light green
255,0,105,en,pink,pink
255,147,0,en,orange,orange
255,18,0,en,red,red
160,255,0,en,green,green
255,0,121,en,pink,pink
255,0,213,en,purple,purple
199,255,0,en,green,green
211,0,255,en,purple,purple
126,0,255,en,indigo,indigo
255,0,201,en,purple,purple
255,201,0,en,yellow,yellow
255,161,0,en,orange,orange
255,0,161,en,purple,purple
255,0,101,en,pink,pink
255,0,61,en,red,red
255,253,0,en,yellow,yellow
255,108,0,en,orange,orange
255,233,0,en,yellow,yellow
86,255,0,en,green,green
238,0,255,en,purple,purple
255,0,48,en,red,red
255,131,0,en,orange,orange
106,255,0,en,green lightly,green lightly
251,0,255,en,parple,parple
255,189,0,en,yellow,yellow
255,0,92,en,pink lovely,pink lovely
156,255,0,en,green love,green love
255,156,0,en,yelloow,yelloow
152,255,0,en,kelley green,kelley green
190,255,0,en,yellow green,yellow green
236,255,0,en,yellow,yellow
134,0,255,en,violet,violet
255,177,0,en,orange,orange
255,0,229,en,magenta,magenta
255,0,204,en,pink,pink
255,0,79,en,coral,coral
255,193,0,en,yellow gold,yellow gold
247,0,255,en,bright purple,bright purple
255,0,94,en,hot pink,hot pink
255,44,0,en,scarlet,scarlet
255,132,0,en,deep orange,deep orange
255,0,161,en,pink,pink
255,0,41,en,red,red
255,0,141,en,hot pink,hot pink
255,93,0,en,orange,orange
255,240,0,en,yellow,yellow
41,255,0,en,light green,light green
171,0,255,en,bright purple,bright purple
255,0,97,en,red,red
255,46,0,en,orange,orange
255,0,220,en,magenta,magenta
255,0,147,en,pink,pink
255,212,0,en,yellow,yellow
255,0,247,en,magenta,magenta
255,238,0,en,yellow,yellow
152,0,255,en,purple,purple
255,0,203,en,magenta,magenta
255,164,0,en,orange,orange
237,255,0,en,yellow,yellow
162,255,0,en,green,green
205,0,255,en,violet,violet
74,0,255,en,blue,blue
255,0,63,en,red,red
255,0,47,en,red,red
101,255,0,en,green,green
255,0,118,en,pink,pink
255,109,0,en,orange,orange
255,142,0,en,orange,orange
216,255,0,en,yellow,yellow
69,0,255,en,dark blue,dark blue
255,0,45,en,red,red
255,0,177,en,pink,pink
255,18,0,en,blood red,blood red
255,167,0,en,pumpkin,pumpkin
255,215,0,en,yellow,yellow
197,0,255,en,plum,plum
145,255,0,en,green,green
225,0,255,en,magenta,magenta
255,0,168,en,pink,pink
255,0,98,en,blood red,blood red
255,203,0,en,yellow,yellow
107,0,255,en,purple,purple
255,0,133,en,red,red
201,255,0,en,lime green,lime
255,130,0,en,pumpkin,pumpkin
110,255,0,en,lime green,lime
232,255,0,en,yellow,yellow
255,0,75,en,blood red,blood red
255,0,224,en,magenta,magenta
255,112,0,en,pumkin,pumkin
255,0,29,en,red,red
255,196,0,en,sunkist orange,sunkist orange
255,0,171,en,fushia,fushia
255,141,0,en,oranag,oranag
121,0,255,en,violet,violet
255,0,76,en,pink,pink
255,154,0,en,brown orange,brown orange
255,0,90,en,red,red
209,255,0,en,lime yellow,lime yellow
255,0,233,en,magenta,magenta
234,0,255,en,fushia,fushia
255,0,185,en,pink purple,pink purple
255,63,0,en,red,red
166,255,0,en,yellow,yellow
197,0,255,en,purple,purple
238,255,0,en,mustard,mustard
115,255,0,en,lime green,lime
255,235,0,en,golf,golf
255,110,0,en,orange,orange
255,81,0,en,orange,orange
255,238,0,en,yellow,yellow
164,255,0,en,green,green
255,0,128,en,pink,pink
218,0,255,en,purple,purple
255,0,238,en,pink,pink
255,135,0,en,pumpkin,pumpkin
255,179,0,en,goldenrod,goldenrod
189,0,255,en,fuchia,fuchia
187,255,0,en,lime,lime
255,0,1,en,red,red
255,57,0,en,scarlet,scarlet
255,195,0,en,goldenrod,goldenrod
255,0,73,en,cherry,cherry
141,0,255,en,purple,purple
255,0,226,en,fuchia,fuchia
185,255,0,en,lime green,lime
255,0,165,en,hot pink,hot pink
105,255,0,en,neon green,neon green
255,0,107,en,cherry,cherry
255,0,248,en,fushia,fushia
255,107,0,en,pumpkin,pumpkin
77,0,255,en,blue,blue
242,255,0,en,yellow,yellow
255,242,0,en,yellow,yellow
255,0,121,en,cherry,cherry
255,0,209,en,hot pink,hot pink
255,66,0,en,dark orange,dark orange
249,0,255,en,pink,pink
255,116,0,en,orange,orange
255,204,0,en,goldenrod,goldenrod
193,0,255,en,warm purple,warm purple
255,0,168,en,pink,pink
255,0,105,en,persimmon,persimmon
154,0,255,en,cool purple,cool purple
255,216,0,en,saffron,saffron
203,255,0,en,chartreuse,chartreuse
148,255,0,en,grass,grass
224,0,255,en,warm purple,warm purple
248,255,0,en,yellow,yellow
255,57,0,en,tomato,tomato
255,0,116,en,persimmon,persimmon
255,142,0,en,orange,orange
255,179,0,en,yellow orange,yellow orange
255,0,236,en,cool magenta,cool magenta
255,0,185,en,rose,rose
255,0,44,en,persimmon,persimmon
255,96,0,en,burnt umber,burnt umber
255,0,72,en,persimmon,persimmon
255,255,0,en,yellow,yellow
255,0,115,en,pink,pink
171,0,255,en,purple,purple
255,205,0,en,yellow,yellow
255,0,94,en,pink,pink
255,157,0,en,orange,orange
255,0,68,en,red,red
169,255,0,en,green,green
255,230,0,en,yellow,yellow
111,255,0,en,green,green
255,146,0,en,orange,orange
255,117,0,en,orange,orange
10,255,0,en,green,green
255,0,0,en,red,red
255,0,207,en,pink,pink
255,0,43,en,red,red
145,0,255,en,purple,purple
195,255,0,en,yellow,yellow
255,0,249,en,pink,pink
255,0,169,en,pink,pink
80,0,255,en,blue,blue
255,0,214,en,pink,pink
255,33,0,en,red,red
255,0,140,en,pink,pink
224,255,0,en,yellow,yellow
140,0,255,en,purple,purple
255,95,0,en,orange,orange
255,0,198,en,pink,pink
255,255,0,en,yellow,yellow
255,0,100,en,pink,pink
255,0,153,en,pink,pink
255,0,232,en,pink,pink
255,0,51,en,red,red
72,255,0,en,toxic green,toxic green
255,0,28,en,red,red
255,0,247,en,pink,pink
255,152,0,en,orange,orange
255,167,0,en,orange,orange
255,202,0,en,yellow,yellow
255,217,0,en,yellow,yellow
163,255,0,en,light green,light green
163,0,255,en,purple,purple
255,0,230,en,pink,pink
255,0,195,en,pink,pink
235,255,0,en,yellow,yellow
202,255,0,en,yellow,yellow
222,0,255,en,pink,pink
255,0,50,en,red,red
255,124,0,en,orange,orange
255,177,0,en,yellow,yellow
158,0,255,en,purple,purple
101,255,0,en,green,green
255,219,0,en,yellow,yellow
255,43,0,en,red,red
255,0,80,en,pink,pink
255,0,161,en,pink,pink
255,0,40,en,red,red
165,255,0,en,green,green
178,0,255,en,purple,purple
255,0,132,en,pink,pink
255,186,0,en,yellow,yellow
255,89,0,en,orange,orange
63,0,255,en,blue,blue
200,255,0,en,yellow green,yellow green
255,0,80,en,red violet,red violet
255,190,0,en,dandilion,dandilion
255,0,134,en,fucshia,fucshia
255,0,189,en,magenta,magenta
255,0,243,en,purple pink,purple pink
151,255,0,en,green yellow,green yellow
255,218,0,en,golden yellow,golden yellow
255,178,0,en,orange yellow,orange yellow
255,0,145,en,fucshia,fucshia
255,116,0,en,orange,orange
120,255,0,en,light green,light green
143,0,255,en,grape,grape
255,0,82,en,red violet,red violet
255,0,43,en,red,red
255,146,0,en,orange yellow,orange yellow
228,0,255,en,purple,purple
232,255,0,en,yellow,yellow
184,0,255,en,purple,purple
255,14,0,en,red,red
255,0,195,en,radiant orchid,radiant orchid
189,255,0,en,chartreuse,chartreuse
255,196,0,en,orange,orange
255,0,102,en,magenta,magenta
255,175,0,en,orange,orange
255,0,23,en,red,red
162,0,255,en,lilac,lilac
255,0,137,en,radiant orchid,radiant orchid
255,218,0,en,goldenrod,goldenrod
148,255,0,en,chartreuse,chartreuse
91,0,255,en,blue violet,blue-violet
255,0,58,en,pomegranate,pomegranate
255,106,0,en,orange,orange
212,0,255,en,lilac,lilac
255,249,0,en,yellow,yellow
255,61,0,en,orange red,orange-red
242,0,255,en,fuschia,fuschia
255,0,150,en,magenta,magenta
18,255,0,en,spring green,spring green
255,0,227,en,puce,puce
255,128,0,en,orange,orange
79,255,0,en,leaf green,leaf green
255,235,0,en,yellow,yellow
211,255,0,en,gold,gold
255,0,70,en,magenta,magenta
56,255,0,en,lime green,lime
255,176,0,en,ochre,ochre
255,110,0,en,orange,orange
255,183,0,en,yellow orange,yellow orange
255,0,103,en,magenta,magenta
255,53,0,en,red,red
255,151,0,en,light orange,light orange
255,0,150,en,fushcia,fushcia
210,0,255,en,purple,purple
251,255,0,en,yellow,yellow
255,0,178,en,magenta,magenta
168,255,0,en,swamp green,swamp green
255,0,249,en,pink,pink
255,0,140,en,red pink,red pink
138,0,255,en,royal purple,royal purple
255,0,35,en,red,red
255,0,221,en,fushcia,fushcia
255,161,0,en,yellow ochre,yellow ochre
255,0,158,en,magenta,magenta
255,234,0,en,yellow,yellow
54,0,255,en,indigo,indigo
255,0,16,en,red,red
255,104,0,en,orange,orange
255,0,197,en,pinnk,pinnk
255,0,104,en,pink,pink
193,255,0,en,moss green,moss green
240,0,255,en,magenta,magenta
255,0,130,en,pink,pink
238,255,0,en,lemon yellow,lemon yellow
167,0,255,en,violet,violet
255,138,0,en,saffron,saffron
149,255,0,en,green,green
88,255,0,en,green,green
255,0,218,en,pink,pink
119,0,255,en,violet,violet
255,0,69,en,vermilion red,vermilion red
255,190,0,en,chrome yellow,chrome yellow
255,53,0,en,orange,orange
255,0,2,en,red,red
255,0,70,en,crimson,crimson
255,0,247,en,magenta,magenta
119,255,0,en,leaf green,leaf green
155,0,255,en,purple,purple
165,255,0,en,lime green,lime
255,0,111,en,cerise,cerise
248,255,0,en,yellow,yellow
255,114,0,en,orange,orange
255,205,0,en,mustard,mustard
255,0,230,en,fuschia,fuschia
255,0,140,en,magenta,magenta
255,142,0,en,ochre,ochre
255,62,0,en,tomato,tomato
255,239,0,en,yellow,yellow
255,181,0,en,mustard,mustard
255,0,181,en,fuschia,fuschia
255,0,145,en,cerise,cerise
197,255,0,en,lime green,lime
255,187,0,en,sunset orange,sunset orange
255,146,0,en,burnt orange,burnt orange
255,0,227,en,hot pink,hot pink
132,0,255,en,purple,purple
255,0,65,en,scarlet,scarlet
192,255,0,en,yellow green,yellow green
170,255,0,en,lime,lime
255,179,0,en,orange,orange
255,0,181,en,fuschia,fuschia
255,115,0,en,orange,orange
255,0,252,en,hot pink,hot pink
255,75,0,en,dark orange,dark orange
255,222,0,en,mustard,mustard
108,255,0,en,lime green,lime
134,0,255,en,purple,purple
255,0,88,en,dark pink,dark pink
255,0,251,en,bright purple,bright purple
255,0,31,en,red,red
255,82,0,en,orange,orange
83,255,0,en,light green,light green
255,0,116,en,pink,pink
251,255,0,en,yellow,yellow
255,0,211,en,pink,pink
255,79,0,en,red,red
163,255,0,en,light green,light green
255,0,163,en,pink,pink
255,0,55,en,red,red
255,191,0,en,light orange,light orange
255,234,0,en,yellow,yellow
255,0,181,en,pink,pink
191,0,255,en,purple,purple
255,143,0,en,dark orange,dark orange
209,255,0,en,yellow green,yellow green
255,165,0,en,orage,orage
158,255,0,en,chartreuse,chartreuse
199,0,255,en,purple,purple
255,195,0,en,golden yellow,golden yellow
255,58,0,en,orange red,orange-red
255,0,58,en,red,red
90,0,255,en,indigo,indigo
255,0,119,en,magenta,magenta
255,147,0,en,orange,orange
255,0,204,en,mulberry,mulberry
255,0,157,en,magenta,magenta
255,117,0,en,orange,orange
130,0,255,en,purple,purple
236,0,255,en,lavender,lavender
255,0,26,en,red,red
255,171,0,en,orange,orange
221,255,0,en,chartreuse,chartreuse
66,255,0,en,yellow green,yellow green
255,0,101,en,magenta,magenta
255,232,0,en,golden yellow,golden yellow
252,255,0,en,yellow,yellow
255,0,245,en,purple,purple
104,0,255,en,purple,purple
255,85,0,en,orange,orange
195,255,0,en,yellow,yellow
255,0,127,en,fuscia,fuscia
255,0,62,en,red,red
175,255,0,en,yellow,yellow
255,122,0,en,orange,orange
255,0,19,en,red,red
255,184,0,en,gold,gold
80,255,0,en,lime green,lime
255,159,0,en,orange,orange
206,0,255,en,purple,purple
252,255,0,en,yellow,yellow
255,0,92,en,fuscia,fuscia
255,0,178,en,bright purple,bright purple
245,0,255,en,bright purple,bright purple
255,0,219,en,bright purple,bright purple
255,0,165,en,fuscia,fuscia
255,238,0,en,yellow,yellow
255,9,0,en,red,red
255,32,0,en,vermilion,vermilion
255,199,0,en,mustard yellow,mustard
45,0,255,en,ultramarine blue,ultramarine blue
251,0,255,en,fuschia,fuschia
255,178,0,en,orange,orange
255,214,0,en,yellow,yellow
255,0,25,en,red,red
188,255,0,en,lime,lime
227,0,255,en,pink,pink
255,149,0,en,orange,orange
255,89,0,en,orange,orange
122,0,255,en,purple,purple
255,165,0,en,yellnge,yellnge
229,255,0,en,yellow,yellow
255,0,35,en,red,red
183,255,0,en,neon green,neon green
193,0,255,en,purple,purple
255,233,0,en,yellow,yellow
255,19,0,en,red,red
123,255,0,en,green,green
255,190,0,en,orange,orange
255,0,160,en,pink,pink
255,0,202,en,purple,purple
255,0,71,en,red,red
255,0,227,en,pink,pink
255,0,140,en,pink,pink
249,255,0,en,yellow,yellow
255,0,96,en,red,red
210,0,255,en,magenta,magenta
255,69,0,en,red,red
223,0,255,en,lighter magenta,lighter magenta
126,0,255,en,purple,purple
255,116,0,en,burnt orange,burnt orange
216,255,0,en,lime green,lime
255,0,122,en,pink,pink
255,142,0,en,orange,orange
251,255,0,en,yellow,yellow
255,198,0,en,yellow orange,yellow orange
255,0,51,en,red,red
255,160,0,en,orange,orange
162,255,0,en,lime green,lime
255,0,156,en,pink,pink
255,0,111,en,red pink,red pink
255,0,178,en,pink,pink
70,255,0,en,bright green,bright green
255,216,0,en,gold,gold
255,0,31,en,red,red
255,0,213,en,magenta,magenta
255,116,0,en,orange,orange
255,246,0,en,yellow,yellow
255,200,0,en,darker orange,darker orange
216,255,0,en,lighter yellow,lighter yellow
255,0,176,en,purpule,purpule
255,0,4,en,red,red
246,0,255,en,ligher purpule,ligher purpule
255,61,0,en,darker orange,darker orange
139,0,255,en,purple,purple
255,0,204,en,pink,pink
255,149,0,en,orange,orange
255,233,0,en,yellow,yellow
255,98,0,en,orange,orange
255,7,0,en,orange red,orange-red
255,166,0,en,light orange,light orange
211,255,0,en,yellow green,yellow green
219,0,255,en,bright purple,bright purple
255,0,155,en,hot pink,hot pink
123,255,0,en,neon green,neon green
255,0,239,en,magenta,magenta
255,0,93,en,hot pink,hot pink
251,255,0,en,yellow,yellow
255,188,0,en,sunset yellow,sunset yellow
255,0,120,en,pink,pink
195,0,255,en,purple,purple
173,255,0,en,neon green,neon green
255,0,52,en,pink red,pink red
255,0,186,en,pink,pink
255,0,75,en,red,red
255,145,0,en,orange,orange
255,0,108,en,pink,pink
255,159,0,en,orange,orange
255,77,0,en,orange,orange
255,231,0,en,yellow,yellow
255,199,0,en,yellow,yellow
255,0,139,en,pink,pink
93,0,255,en,purple,purple
252,255,0,en,yellow,yellow
134,255,0,en,green,green
255,0,222,en,pink,pink
197,0,255,en,purple,purple
95,255,0,en,green,green
255,106,0,en,orange,orange
255,242,0,en,yellow,yellow
255,0,199,en,magenta,magenta
123,0,255,en,purple,purple
255,0,41,en,red,red
95,255,0,en,green,green
255,64,0,en,orange red,orange-red
255,0,101,en,pink,pink
222,255,0,en,yellow,yellow
255,195,0,en,yellow orange,yellow orange
255,0,145,en,magenta,magenta
169,0,255,en,purple,purple
255,0,61,en,red pink,red pink
255,152,0,en,orange,orange
255,119,0,en,red orange,red orange
142,255,0,en,yellow green,yellow green
255,248,0,en,yellow,yellow
255,0,232,en,purple,purple
255,142,0,en,orange,orange
38,255,0,en,green,green
255,0,132,en,pink,pink
241,0,255,en,purple,purple
255,0,114,en,pink,pink
255,0,23,en,red,red
255,0,180,en,pink,pink
214,0,255,en,purple,purple
255,166,0,en,yellow,yellow
119,0,255,en,purple,purple
233,0,255,en,pink,pink
196,255,0,en,green,green
255,248,0,en,yellow,yellow
33,0,255,en,blue,blue
255,227,0,en,yellow,yellow
255,148,0,en,orange,orange
32,255,0,en,green,green
255,0,235,en,pink,pink
255,0,164,en,pink,pink
255,65,0,en,red,red
255,183,0,en,orange,orange
117,255,0,en,green,green
151,255,0,en,green,green
255,0,74,en,pink,pink
255,91,0,en,orange,orange
255,0,84,en,pink,pink
255,127,0,en,orange,orange
255,0,120,en,dark pink,dark pink
255,0,186,en,pink,pink
247,0,255,en,fushia,fushia
126,255,0,en,fluorescent light green,fluorescent light green
255,46,0,en,red,red
173,0,255,en,purple,purple
255,0,151,en,pink,pink
255,0,76,en,maroon,maroon
255,174,0,en,orange,orange
137,0,255,en,magenta,magenta
255,0,247,en,lavender,lavender
255,91,0,en,red orange,red orange
255,207,0,en,tangerine,tangerine
255,133,0,en,orange,orange
60,0,255,en,indigo,indigo
255,252,0,en,yellow,yellow
66,255,0,en,yellow green,yellow green
255,124,0,en,orange,orange
158,255,0,en,light green,light green
255,222,0,en,yellow,yellow
255,14,0,en,red,red
100,0,255,en,indigo,indigo
211,255,0,en,lime green,lime
220,0,255,en,violet,violet
255,0,47,en,red,red
255,0,174,en,fuschia,fuschia
255,0,90,en,magenta,magenta
118,255,0,en,lime green,lime
255,211,0,en,yellow,yellow
255,109,0,en,orange,orange
255,0,228,en,violet,violet
255,0,73,en,vermillion,vermillion
255,245,0,en,yellow,yellow
255,0,202,en,fuschia,fuschia
169,0,255,en,purple,purple
255,0,135,en,magenta,magenta
255,171,0,en,amber,amber
28,255,0,en,green,green
235,0,255,en,purple,purple
255,0,13,en,red,red
255,0,169,en,magenta,magenta
255,0,52,en,red,red
255,0,203,en,fuscia,fuscia
206,255,0,en,lime,lime
255,26,0,en,red,red
255,0,126,en,magenta,magenta
98,0,255,en,indigo,indigo
84,255,0,en,green,green
231,255,0,en,yellow,yellow
255,129,0,en,orange,orange
190,0,255,en,purple,purple
255,231,0,en,yellow,yellow
255,0,97,en,dark pink,dark pink
255,182,0,en,squash orange,squash orange
70,0,255,en,blue,blue
185,255,0,en,green,green
255,0,242,en,bright purple,bright purple
255,209,0,en,dark yellow,dark yellow
255,104,0,en,orange,orange
255,0,103,en,magenta,magenta
255,129,0,en,orange,orange
39,0,255,en,ultramarine,ultramarine
230,255,0,en,lemon yellow,lemon yellow
255,0,35,en,red,red
255,224,0,en,cadmium yellow,cadmium yellow
255,0,129,en,magenta,magenta
255,187,0,en,yellow orange,yellow orange
150,0,255,en,purple,purple
255,89,0,en,orange,orange
179,255,0,en,lime,lime
243,255,0,en,lemon yellow,lemon yellow
182,0,255,en,purple,purple
255,0,53,en,crimson,crimson
255,0,176,en,magenta,magenta
40,255,0,en,grass green,grass green
255,12,0,en,vermillion,vermillion
226,0,255,en,purple,purple
255,0,237,en,purple,purple
255,179,0,en,orange,orange
255,0,147,en,magenta,magenta
100,255,0,en,green,green
141,0,255,en,purple,purple
231,0,255,en,pink,pink
173,255,0,en,green,green
255,180,0,en,yellow,yellow
255,0,121,en,rose,rose
255,83,0,en,orange,orange
255,0,212,en,oink,oink
176,0,255,en,purple,purple
255,0,73,en,red,red
201,255,0,en,light green,light green
255,231,0,en,yellow,yellow
255,0,23,en,red,red
255,151,0,en,orange,orange
246,0,255,en,violet,violet
255,0,163,en,purple,purple
175,255,0,en,chartreuse,chartreuse
255,55,0,en,orange red,orange-red
255,221,0,en,yellow,yellow
255,0,124,en,pink,pink
255,0,107,en,pink,pink
255,160,0,en,orange,orange
255,255,0,en,yellow,yellow
219,255,0,en,yellow,yellow
255,204,0,en,orange,orange
255,0,30,en,pink,pink
188,0,255,en,purple,purple
255,0,73,en,pink,pink
255,0,240,en,purple,purple
255,0,189,en,purple,purple
255,111,0,en,orange,orange
85,255,0,en,green,green
121,0,255,en,purple,purple
255,0,118,en,hot pink,hot pink
245,0,255,en,purple,purple
197,255,0,en,yellow green,yellow green
255,255,0,en,yellow,yellow
255,0,91,en,fuschia,fuschia
255,0,31,en,red,red
255,106,0,en,orange,orange
255,208,0,en,golden yellow,golden yellow
255,0,72,en,carnelian,carnelian
131,0,255,en,purple,purple
255,64,0,en,red orange,red orange
255,0,169,en,pink,pink
255,0,223,en,pink,pink
174,255,0,en,yellow green,yellow green
255,136,0,en,light orange,light orange
255,242,0,en,yellow,yellow
255,167,0,en,yellow orange,yellow orange
103,255,0,en,green,green
255,0,190,en,pink,pink
206,0,255,en,purple,purple
255,0,216,en,pink,pink
196,0,255,en,purple,purple
115,0,255,en,indigo,indigo
255,0,185,en,darker pink?,darker pink
180,255,0,en,lime green,lime
252,255,0,en,yellow,yellow
41,255,0,en,green,green
255,229,0,en,yellow,yellow
255,0,175,en,pink,pink
255,80,0,en,dark orange,dark orange
188,255,0,en,lime green,lime
255,0,246,en,purple,purple
255,108,0,en,orange,orange
255,0,131,en,dark pink,dark pink
255,0,58,en,pale red,pale red
83,0,255,en,indigo blue,indigo blue
255,0,83,en,pink,pink
255,129,0,en,orange,orange
255,154,0,en,light orange,light orange
255,0,38,en,salmon,salmon
255,191,0,en,yellow,yellow
255,168,0,en,orange,orange
255,90,0,en,blood orange,blood orange
184,255,0,en,lime green,lime
255,0,107,en,warm pink,warm pink
255,58,0,en,red,red
255,0,20,en,red,red
255,0,178,en,magenta,magenta
255,0,148,en,pink,pink
255,0,73,en,redish pink,redish pink
253,0,255,en,purple,purple
113,0,255,en,blue,blue
255,137,0,en,orange,orange
255,213,0,en,yellow orange,yellow orange
70,255,0,en,green,green
253,255,0,en,yellow,yellow
220,255,0,en,mustard yellow,mustard
255,189,0,en,orange,orange
255,0,141,en,pink,pink
196,0,255,en,purple,purple
255,0,229,en,magenta,magenta
255,0,213,en,pink,pink
255,151,0,en,orange,orange
255,0,110,en,violet,violet
255,0,33,en,red,red
207,0,255,en,purple,purple
255,0,202,en,pink,pink
223,0,255,en,fusia,fusia
255,225,0,en,yellow,yellow
255,254,0,en,yellow,yellow
255,156,0,en,orange,orange
70,255,0,en,lime green,lime
255,33,0,en,red,red
255,0,56,en,red,red
255,0,158,en,pink,pink
255,0,135,en,rose pink,rose
255,114,0,en,orange,orange
138,255,0,en,lime green,lime
152,0,255,en,purple,purple
216,255,0,en,yellow green,yellow green
255,196,0,en,orange yellow,orange yellow
70,0,255,en,blue purple,blue purple
255,0,254,en,pink,pink
255,0,77,en,hot pink,hot pink
255,0,81,en,dark pink,dark pink
255,0,217,en,pink,pink
246,255,0,en,yellow,yellow
81,0,255,en,purple,purple
255,182,0,en,orange yellow,orange yellow
255,0,190,en,pink,pink
255,0,129,en,dark pink,dark pink
255,120,0,en,light orange,light orange
255,193,0,en,yellow,yellow
255,86,0,en,dark orange,dark orange
159,255,0,en,light green,light green
255,0,155,en,dark pink,dark pink
94,255,0,en,light green,light green
255,233,0,en,yellow,yellow
94,0,255,en,purple,purple
209,0,255,en,pink,pink
255,0,41,en,red,red
212,255,0,en,greenish yellow,greenish yellow
255,4,0,en,red,red
255,51,0,en,red,red
255,0,222,en,purple,purple
255,0,69,en,pink,pink
202,255,0,en,yellow,yellow
255,0,18,en,red,red
255,193,0,en,yellow,yellow
255,142,0,en,orange,orange
222,0,255,en,pink,pink
155,255,0,en,green,green
255,0,82,en,pink,pink
120,255,0,en,green,green
255,180,0,en,yellow,yellow
241,255,0,en,yelloq,yelloq
147,0,255,en,purple,purple
191,0,255,en,purple,purple
255,88,0,en,orange,orange
255,0,136,en,pink,pink
255,0,180,en,pink,pink
255,240,0,en,yellow,yellow
255,0,150,en,pink,pink
22,0,255,en,blue,blue
51,0,255,en,blue,blue
241,255,0,en,yellow,yellow
255,0,42,en,red,red
229,255,0,en,yellow,yellow
255,149,0,en,orange,orange
255,0,157,en,pink,pink
255,174,0,en,orange,orange
178,255,0,en,green,green
255,64,0,en,red,red
255,0,50,en,red,red
255,231,0,en,yellow,yellow
255,0,127,en,hot pink,hot pink
255,0,207,en,pink,pink
255,0,245,en,fuchsia purple,fuchsia purple
255,0,88,en,red,red
168,0,255,en,purple,purple
255,187,0,en,yellow,yellow
255,111,0,en,orange,orange
255,0,246,en,pink,pink
135,0,255,en,purple,purple
42,255,0,en,green,green
201,255,0,en,green,green
255,197,0,en,orange,orange
86,255,0,en,green,green
255,0,231,en,pink,pink
255,0,48,en,red,red
180,255,0,en,green,green
255,0,77,en,red,red
255,87,0,en,red,red
255,0,112,en,pink,pink
255,0,188,en,pink,pink
255,130,0,en,orange,orange
255,0,93,en,red,red
255,80,0,en,red,red
238,255,0,en,yellow,yellow
255,166,0,en,orange,orange
255,0,148,en,pink,pink
132,0,255,en,purple,purple
73,0,255,en,purple,purple
255,238,0,en,yellow,yellow
166,0,255,en,purple,purple
228,0,255,en,purple,purple
255,115,0,en,orange,orange
255,188,0,en,marigold,marigold
255,0,154,en,fuchsia,fuchsia
156,255,0,en,lime green,lime
255,0,135,en,salmon,salmon
255,139,0,en,auburn,auburn
255,0,245,en,magenta,magenta
255,0,66,en,red,red
190,0,255,en,violet,violet
196,255,0,en,lime,lime
255,246,0,en,yellow,yellow
255,0,203,en,magenta,magenta
45,255,0,en,neon green,neon green
255,36,0,en,red,red
139,0,255,en,purple,purple
255,0,251,en,magenta,magenta
255,178,0,en,marigold,marigold
255,227,0,en,yellow,yellow
255,0,32,en,red,red
255,0,97,en,red,red
158,0,255,en,purple,purple
255,0,29,en,red,red
255,0,152,en,pink,pink
172,0,255,en,purple,purple
255,205,0,en,yellow,yellow
255,0,105,en,pink,pink
255,223,0,en,yellow,yellow
255,180,0,en,yellow,yellow
40,255,0,en,green,green
53,255,0,en,green,green
255,147,0,en,orange,orange
255,0,126,en,pink,pink
255,248,0,en,yellow,yellow
242,0,255,en,purple,purple
87,0,255,en,purple,purple
255,0,179,en,pink,pink
255,110,0,en,orange,orange
155,255,0,en,green,green
255,0,59,en,red,red
255,0,242,en,purple,purple
213,255,0,en,yellow,yellow
255,35,0,en,red,red
255,0,42,en,red,red
152,0,255,en,purple,purple
255,0,74,en,orange,orange
255,0,88,en,burgundy,burgundy
255,68,0,en,orange,orange
255,0,137,en,red,red
255,0,219,en,hotpink,hotpink
255,211,0,en,darkyellow,darkyellow
201,255,0,en,lightyellow,lightyellow
255,0,186,en,purple,purple
255,242,0,en,yellow,yellow
255,110,0,en,red,red
182,255,0,en,lightgreen,lightgreen
255,147,0,en,yorange,yorange
255,0,250,en,purple,purple
255,170,0,en,orange,orange
255,0,173,en,red,red
214,0,255,en,purple,purple
251,255,0,en,myellow,myellow
68,255,0,en,greeni,greeni
255,148,0,en,red,red
51,0,255,en,blue,blue
255,0,223,en,magenta,magenta
255,111,0,en,red,red
255,241,0,en,yellow,yellow
255,197,0,en,yellow brown,yellow brown
244,255,0,en,yellow,yellow
255,154,0,en,orange,orange
209,255,0,en,green,green
255,71,0,en,red,red
255,0,76,en,red,red
255,0,195,en,magenta,magenta
173,255,0,en,green,green
100,0,255,en,blue,blue
255,0,32,en,red,red
255,0,85,en,red,red
255,0,127,en,red bluer,red bluer
255,0,145,en,magenta,magenta
172,0,255,en,dark purple,dark purple
115,255,0,en,green,green
255,0,251,en,light purple,light purple
176,255,0,en,lime green,lime
255,37,0,en,burnt orange,burnt orange
255,250,0,en,yellow,yellow
74,255,0,en,yellow/green,yellow-green
255,0,71,en,fuschia,fuschia
197,255,0,en,lime green,lime
34,0,255,en,navy blue,navy
255,0,33,en,red,red
171,0,255,en,dark purple,dark purple
255,0,233,en,purple,purple
255,153,0,en,mustard,mustard
232,0,255,en,medium purple,medium purple
255,0,87,en,magenta,magenta
255,108,0,en,burnt orange,burnt orange
255,0,123,en,fuschia,fuschia
255,0,166,en,raspberry,raspberry
255,0,182,en,raspberry,raspberry
109,0,255,en,purple,purple
255,142,0,en,mustard,mustard
255,185,0,en,sunflower,sunflower
255,220,0,en,yellow,yellow
255,190,0,en,burnt orange,burnt orange
255,241,0,en,yellow,yellow
255,138,0,en,orange,orange
255,161,0,en,orange,orange
255,0,249,en,fuschia,fuschia
255,0,14,en,red,red
255,0,112,en,scarlet,scarlet
83,0,255,en,dark blue,dark blue
255,0,202,en,pink,pink
155,255,0,en,lime green,lime
169,0,255,en,purple,purple
255,62,0,en,red,red
255,0,99,en,crimson,crimson
255,102,0,en,orange brown,orange brown
204,255,0,en,fluorescent green,fluorescent green
248,255,0,en,yellow,yellow
255,0,174,en,fuschia,fuschia
156,0,255,en,purple,purple
255,0,63,en,red,red
255,0,239,en,fuschia,fuschia
255,0,201,en,pink,pink
255,95,0,en,orange,orange
185,255,0,en,green,green
255,0,142,en,pink,pink
255,0,149,en,pink,pink
255,169,0,en,orange,orange
255,192,0,en,orange,orange
255,0,56,en,red,red
255,9,0,en,red,red
9,0,255,en,blue,blue
159,255,0,en,green,green
223,0,255,en,purple,purple
206,0,255,en,purple,purple
255,0,12,en,red,red
247,255,0,en,yellow,yellow
160,0,255,en,purple,purple
255,215,0,en,orange,orange
255,0,219,en,pick,pick
44,255,0,en,green,green
255,133,0,en,orange,orange
255,0,92,en,red,red
255,164,0,en,orange,orange
255,0,151,en,pink,pink
223,0,255,en,neon purple,neon purple
147,0,255,en,purple,purple
255,0,88,en,hot pink,hot pink
255,122,0,en,ochre,ochre
107,255,0,en,lime,lime
255,224,0,en,yellow,yellow
65,0,255,en,indigo,indigo
255,0,129,en,magenta,magenta
255,0,229,en,pink,pink
255,0,56,en,red,red
255,0,195,en,magenta,magenta
255,0,36,en,red,red
225,255,0,en,yellow green,yellow green
154,255,0,en,lime,lime
255,103,0,en,orange,orange
232,255,0,en,yellow,yellow
177,0,255,en,purple,purple
255,77,0,en,ochre,ochre
255,185,0,en,gold,gold
255,0,74,en,magenta,magenta
221,255,0,en,yellow,yellow
255,64,0,en,red,red
146,0,255,en,purple,purple
161,255,0,en,light green,light green
210,0,255,en,light purple,light purple
89,255,0,en,lime green,lime
255,0,203,en,pink,pink
255,210,0,en,orange,orange
255,0,141,en,pink,pink
255,103,0,en,orange,orange
255,0,6,en,red,red
255,0,83,en,magenta,magenta
255,222,0,en,yellow,yellow
255,163,0,en,light orange,light orange
53,0,255,en,dark blue,dark blue
255,0,158,en,pink,pink
230,255,0,en,yellow,yellow
255,0,20,en,red,red
210,0,255,en,purple,purple
255,104,0,en,orange,orange
255,0,248,en,pink,pink
201,255,0,en,green,green
255,0,254,en,pink,pink
255,131,0,en,orange,orange
240,255,0,en,yellow,yellow
255,0,244,en,pink,pink
255,0,154,en,pink,pink
111,255,0,en,green,green
255,0,113,en,hot pink,hot pink
255,128,0,en,orange,orange
255,221,0,en,yellow,yellow
95,0,255,en,indigo,indigo
255,196,0,en,orange,orange
255,156,0,en,orange,orange
150,255,0,en,green,green
255,0,236,en,pink,pink
255,0,71,en,red,red
255,0,198,en,pink,pink
255,0,89,en,red,red
255,56,0,en,red,red
126,0,255,en,purple,purple
255,0,153,en,pink,pink
29,0,255,en,royal blue,royal blue
255,0,190,en,magenta,magenta
255,0,57,en,scarlet,scarlet
255,106,0,en,burnt sienna,burnt sienna
238,255,0,en,yellow,yellow
255,223,0,en,sunshine yellow,sunshine yellow
255,0,123,en,pink,pink
255,181,0,en,tangerine,tangerine
255,0,88,en,rose,rose
255,0,238,en,purple,purple
213,0,255,en,lilac,lilac
255,43,0,en,red,red
255,0,31,en,red,red
241,0,255,en,light purple,light purple
146,255,0,en,lime green,lime
255,191,0,en,lighto range,lighto range
191,255,0,en,pear green,pear green
108,255,0,en,lime green,lime
255,124,0,en,peach,peach
31,255,0,en,bright green,bright green
255,245,0,en,yellow,yellow
255,0,175,en,pink,pink
255,0,34,en,red,red
255,0,111,en,mauve,mauve
78,255,0,en,lime green,lime
255,230,0,en,yellow,yellow
255,92,0,en,red orange,red orange
255,131,0,en,orange,orange
255,0,64,en,red,red
255,0,155,en,hot pink,hot pink
206,0,255,en,pink,pink
255,0,248,en,pink,pink
255,193,0,en,ochre,ochre
207,255,0,en,pale green,pale green
255,0,43,en,red,red
255,31,0,en,red,red
255,0,215,en,fuschia,fuschia
255,100,0,en,orange,orange
255,0,85,en,red,red
51,255,0,en,green,green
255,233,0,en,yellow,yellow
255,0,186,en,hot pink,hot pink
255,0,135,en,fuschia,fuschia
255,130,0,en,orange,orange
255,155,0,en,orange,orange
183,255,0,en,pale green,pale green
255,249,0,en,yelloe,yelloe
98,0,255,en,violet,violet
255,5,0,en,red,red
194,0,255,en,purple,purple
81,0,255,en,blue,blue
255,86,0,en,orange,orange
255,0,131,en,pink,pink
255,245,0,en,yellow,yellow
168,255,0,en,grreen,grreen
255,0,139,en,pink,pink
99,0,255,en,purple,purple
255,0,183,en,fuchsia,fuchsia
255,254,0,en,yellow,yellow
255,31,0,en,red,red
255,122,0,en,orange,orange
189,255,0,en,yellow,yellow
255,0,150,en,fuchsia,fuchsia
255,0,54,en,red,red
255,154,0,en,orange,orange
255,227,0,en,yellow,yellow
4,255,0,en,green,green
255,0,106,en,fuchsia,fuchsia
227,0,255,en,purple,purple
255,0,33,en,red,red
255,0,229,en,fuchsia,fuchsia
36,0,255,en,blue,blue
163,0,255,en,purple,purple
255,197,0,en,gold,gold
129,255,0,en,lime,lime
255,111,0,en,orange,orange
219,255,0,en,mustard,mustard
255,0,242,en,pinkish purple,pinkish purple
255,0,102,en,rose pink,rose
170,255,0,en,yellow green lime,yellow green lime
255,30,0,en,red,red
248,0,255,en,pinkish purple,pinkish purple
255,136,0,en,orange,orange
255,0,191,en,pink,pink
127,0,255,en,purple blue,purple blue
255,0,59,en,rose pink,rose
255,219,0,en,dirty yellow,dirty yellow
255,86,0,en,darker orange,darker orange
255,0,9,en,red,red
255,0,134,en,pink,pink
255,244,0,en,yellow,yellow
255,0,152,en,pink,pink
255,200,0,en,yellow,yellow
176,0,255,en,purple,purple
78,255,0,en,green,green
255,159,0,en,dark yellow orange,dark yellow orange
83,255,0,en,lime,lime
255,0,86,en,magenta,magenta
237,0,255,en,purple,purple
255,102,0,en,orange,orange
255,0,222,en,pink,pink
220,255,0,en,yellow,yellow
255,0,63,en,red,red
255,136,0,en,orange,orange
255,202,0,en,gold,gold
255,116,0,en,orange,orange
209,0,255,en,violet,violet
160,255,0,en,bright chartruse,bright chartruse
148,0,255,en,purple,purple
255,0,41,en,red,red
255,0,219,en,hot pink,hot pink
81,0,255,en,deep violet,deep violet
255,0,165,en,hot pink,hot pink
209,255,0,en,greenish yellow,greenish yellow
72,255,0,en,yellowish green,yellowish green
255,0,62,en,red,red
227,0,255,en,magenta,magenta
255,0,128,en,pink red,pink red
255,242,0,en,yellow,yellow
255,0,86,en,deep coral,deep coral
255,246,0,en,yellow,yellow
255,209,0,en,orange yellow,orange yellow
255,53,0,en,orange red,orange-red
255,134,0,en,orange,orange
255,153,0,en,light orange,light orange
255,0,199,en,hot pink,hot pink
136,255,0,en,lime green,lime
255,164,0,en,orange,orange
255,0,192,en,magenta,magenta
224,255,0,en,yellow,yellow
255,57,0,en,red,red
195,0,255,en,purple,purple
255,139,0,en,orange,orange
255,0,103,en,magenta,magenta
255,184,0,en,yellow ochre,yellow ochre
255,93,0,en,orange,orange
255,0,132,en,hot pink,hot pink
225,0,255,en,purple,purple
255,0,73,en,burgundy,burgundy
255,0,160,en,pink,pink
92,255,0,en,lime green,lime
136,0,255,en,purple,purple
255,238,0,en,yellow,yellow
255,0,23,en,red,red
248,255,0,en,yellow,yellow
255,0,235,en,magenta,magenta
255,0,92,en,raspberry,raspberry
255,170,0,en,orange,orange
245,255,0,en,yellow,yellow
255,108,0,en,dark orange,dark orange
209,255,0,en,lime green,lime
255,201,0,en,orange,orange
255,0,185,en,fusia,fusia
197,0,255,en,purple,purple
255,0,68,en,red,red
56,0,255,en,blue,blue
247,0,255,en,fusia,fusia
255,0,244,en,fusia,fusia
255,230,0,en,yellow,yellow
255,37,0,en,red,red
121,0,255,en,purple,purple
255,0,44,en,red,red
255,0,165,en,fusia,fusia
255,134,0,en,orange,orange
138,255,0,en,lime,lime
114,255,0,en,lime,lime
255,0,126,en,dark pink,dark pink
255,249,0,en,yellow,yellow
213,255,0,en,dew yellow,dew yellow
255,14,0,en,red,red
41,255,0,en,lime green,lime
220,0,255,en,purple,purple
255,0,196,en,hot pink,hot pink
255,98,0,en,sunrise orange,sunrise orange
255,0,230,en,majenta,majenta
255,135,0,en,orange,orange
169,0,255,en,purple,purple
255,0,42,en,red,red
255,0,215,en,pink,pink
140,255,0,en,green,green
255,74,0,en,red,red
255,158,0,en,orange,orange
247,0,255,en,pink purple,pink purple
255,0,136,en,pink,pink
255,0,81,en,red,red
200,255,0,en,lime green,lime
19,0,255,en,blue,blue
255,242,0,en,yellow,yellow
255,254,0,en,yellow,yellow
255,87,0,en,orange,orange
107,255,0,en,green,green
144,0,255,en,purple,purple
255,0,162,en,pink,pink
255,0,49,en,red,red
255,0,209,en,pink,pink
255,193,0,en,mustard,mustard
255,98,0,en,orange,orange
144,255,0,en,lime green,lime
255,0,3,en,red,red
255,0,53,en,maroon,maroon
255,123,0,en,light orange,light orange
255,0,92,en,violet,violet
255,28,0,en,red orange,red orange
255,0,20,en,red,red
184,255,0,en,greenyellow,green-yellow
217,255,0,en,greenyellow,green-yellow
185,0,255,en,purple,purple
255,28,0,en,red,red
255,176,0,en,orange,orange
255,197,0,en,orange,orange
255,0,200,en,pink,pink
255,134,0,en,orange,orange
255,254,0,en,yellow,yellow
255,0,105,en,redpink,redpink
120,0,255,en,purpleblue,purpleblue
255,215,0,en,orange,orange
255,0,172,en,pink,pink
97,255,0,en,green,green
255,118,0,en,orange,orange
255,0,245,en,pink,pink
255,0,116,en,redpink,redpink
234,0,255,en,purplepink,purplepink
255,0,72,en,red,red
73,255,0,en,lime green,lime
255,0,227,en,magenta,magenta
255,0,57,en,red,red
255,242,0,en,yellow,yellow
255,198,0,en,goldenrod,goldenrod
255,67,0,en,orange,orange
255,148,0,en,ochre,ochre
255,0,139,en,magenta,magenta
255,244,0,en,mustard yellow,mustard
255,117,0,en,brick orange,brick orange
110,0,255,en,colonial blue,colonial blue
221,0,255,en,violet,violet
127,0,255,en,violet,violet
255,0,154,en,magenta,magenta
67,0,255,en,indigo,indigo
255,0,140,en,fuchsia,fuchsia
255,61,0,en,dark orange,dark orange
255,0,89,en,magenta,magenta
255,251,0,en,bright yellow,bright yellow
255,0,33,en,red,red
255,0,205,en,fuchsia,fuchsia
207,0,255,en,purple,purple
255,0,219,en,hot pink,hot pink
255,203,0,en,golden yellow,golden yellow
255,98,0,en,orange,orange
255,180,0,en,yellow orange,yellow orange
255,0,72,en,crimson,crimson
255,122,0,en,orange,orange
255,217,0,en,golden yellow,golden yellow
219,0,255,en,light purple,light purple
149,255,0,en,lime green,lime
87,255,0,en,bright green,bright green
191,255,0,en,yellow green,yellow green
255,0,255,en,purple,purple
66,0,255,en,blue,blue
255,0,141,en,pink,pink
255,56,0,en,orange,orange
255,241,0,en,yellow,yellow
255,0,46,en,red,red
255,253,0,en,yellow,yellow
218,255,0,en,green,green
255,175,0,en,orange,orange
123,0,255,en,purple,purple
255,0,239,en,pink,pink
255,0,86,en,red,red
255,0,157,en,pink,pink
255,90,0,en,orange,orange
255,0,37,en,red,red
255,145,0,en,dark yellow,dark yellow
255,174,0,en,yellow,yellow
164,255,0,en,neon yellow,neon yellow
255,0,206,en,pink,pink
94,255,0,en,neon green,neon green
123,0,255,en,purple,purple
255,0,64,en,red,red
45,0,255,en,deep blue,deep blue
217,255,0,en,neon yellow,neon yellow
255,0,143,en,pink,pink
250,255,0,en,yellow,yellow
255,186,0,en,dirty yellow,dirty yellow
233,0,255,en,purple,purple
203,0,255,en,purple,purple
255,57,0,en,orange red,orange-red
255,0,125,en,pink,pink
255,0,239,en,purple,purple
255,0,97,en,pink,pink
255,232,0,en,yellow,yellow
255,0,178,en,pink,pink
255,0,231,en,neon pink,neon pink
239,0,255,en,magenta,magenta
162,255,0,en,gum green,gum green
255,249,0,en,yellow,yellow
255,0,80,en,red pink,red pink
255,0,132,en,bright pink,bright pink
198,0,255,en,neon purple,neon purple
255,65,0,en,orange,orange
255,0,17,en,red,red
255,0,97,en,pink,pink
255,0,48,en,red,red
255,87,0,en,orange,orange
176,0,255,en,purple,purple
255,255,0,en,yellow,yellow
41,0,255,en,electric blue,electric blue
255,0,167,en,electric pink,electric pink
255,0,50,en,crismon,crismon
255,0,217,en,pink,pink
255,0,255,en,bright pink,bright pink
255,185,0,en,yellow orange,yellow orange
124,255,0,en,bright green,bright green
114,255,0,en,neon green,neon green
119,0,255,en,neon purple,neon purple
255,0,107,en,pink,pink
221,255,0,en,greenish yellow,greenish yellow
255,80,0,en,orangy red,orangy red
255,0,119,en,rose pink,rose
255,142,0,en,dark orange,dark orange
255,240,0,en,sun yellow,sun yellow
255,161,0,en,light orange,light orange
67,0,255,en,blue,blue
222,255,0,en,yellow,yellow
255,142,0,en,orange,orange
255,96,0,en,red organge,red organge
180,255,0,en,yellow green,yellow green
163,0,255,en,bright purple,bright purple
255,219,0,en,yellow orange,yellow orange
255,156,0,en,orange,orange
39,255,0,en,bright green,bright green
227,255,0,en,chartreuse,chartreuse
255,173,0,en,light orange,light orange
96,255,0,en,kelly green,kelly green
91,0,255,en,purple,purple
255,0,238,en,fuschia,fuschia
255,0,100,en,bright red,bright red
255,108,0,en,orange,orange
255,37,0,en,red,red
255,137,0,en,orange,orange
255,0,4,en,red,red
180,0,255,en,purple,purple
255,213,0,en,yellow,yellow
255,0,161,en,hot pink,hot pink
255,193,0,en,mustard yellow,mustard
229,0,255,en,fuschia,fuschia
251,255,0,en,yellow,yellow
255,0,194,en,pink,pink
133,0,255,en,purple,purple
255,0,51,en,red,red
255,251,0,en,yellow,yellow
225,0,255,en,purple,purple
255,236,0,en,yellow,yellow
174,0,255,en,purple,purple
156,0,255,en,purple,purple
127,255,0,en,green,green
255,166,0,en,orange,orange
255,0,174,en,purple,purple
255,0,129,en,pink,pink
255,135,0,en,orange,orange
255,0,44,en,red,red
255,0,63,en,pink,pink
255,0,239,en,purple,purple
255,95,0,en,orange,orange
255,78,0,en,red,red
178,255,0,en,green,green
255,0,198,en,pink,pink
227,255,0,en,yellow,yellow
255,0,111,en,pink,pink
255,185,0,en,orange,orange
255,61,0,en,red,red
58,0,255,en,royal blue,royal blue
255,0,146,en,fuscia,fuscia
167,255,0,en,lime green,lime
255,128,0,en,orange,orange
255,0,244,en,magenta,magenta
180,255,0,en,yellow green,yellow green
255,0,192,en,fuchsia,fuchsia
255,162,0,en,orange,orange
255,66,0,en,red,red
255,97,0,en,orange red,orange-red
255,241,0,en,yellow,yellow
219,0,255,en,purple,purple
208,0,255,en,lavender,lavender
255,113,0,en,burnt orange,burnt orange
66,255,0,en,neon green,neon green
255,29,0,en,brick red,brick red
255,0,240,en,purple,purple
255,0,112,en,coral,coral
255,0,180,en,dark pinl,dark pinl
90,0,255,en,sea blue,sea blue
255,0,28,en,brick,brick
238,255,0,en,bananna,bananna
255,226,0,en,mustard,mustard
94,0,255,en,blue,blue
225,255,0,en,yellow,yellow
255,0,169,en,light purple,light purple
255,0,101,en,coral,coral
255,0,52,en,orange red,orange-red
232,0,255,en,lavender,lavender
255,132,0,en,orange,orange
255,190,0,en,mustard,mustard
255,168,0,en,burnt sand,burnt sand
167,255,0,en,banana green,banana green
255,0,118,en,dark pink,dark pink
187,0,255,en,purple,purple
131,0,255,en,dark purple,dark purple
255,0,186,en,pink,pink
159,255,0,en,green,green
255,0,241,en,purple,purple
255,0,155,en,pink,pink
217,255,0,en,yellow,yellow
122,255,0,en,green,green
255,0,248,en,purple,purple
255,102,0,en,orange,orange
255,0,109,en,pink,pink
255,123,0,en,orange,orange
255,76,0,en,orange red,orange-red
255,0,139,en,pink,pink
183,255,0,en,yellow green,yellow green
219,0,255,en,magenta,magenta
250,255,0,en,yellow,yellow
174,0,255,en,purple (bright),purple (bright)
255,193,0,en,yellow (almost mustard),yellow (almost mustard)
255,0,213,en,pink (bright),pink (bright)
255,167,0,en,goldenrod,goldenrod
123,255,0,en,green (bright/light),green (brightlight)
255,0,16,en,red,red
255,101,0,en,orange,orange
255,0,80,en,dark pint,dark pint
255,122,0,en,orange (slightly more yellow),orange (slightly more yellow)
190,255,0,en,yellow green,yellow green
255,0,200,en,pink (a little bright),pink (a little bright)
97,0,255,en,blue (with some purple),blue (with some purple)
255,0,101,en,pink (dark),pink (dark)
255,0,151,en,pink,pink
255,213,0,en,yellow (almost goldenrod),yellow (almost goldenrod)
30,0,255,en,blue,blue
137,255,0,en,green,green
198,0,255,en,purple,purple
136,0,255,en,purple,purple
255,0,103,en,pink,pink
96,255,0,en,green,green
255,43,0,en,red,red
255,0,143,en,pink,pink
255,0,219,en,pink,pink
255,114,0,en,orange,orange
255,0,22,en,red,red
255,121,0,en,orange,orange
255,232,0,en,yellow,yellow
255,0,130,en,pink,pink
255,0,187,en,pink,pink
255,188,0,en,oange,oange
255,0,65,en,red,red
204,255,0,en,green,green
255,169,0,en,orange,orange
248,255,0,en,yellow,yellow
255,0,247,en,pink,pink
255,0,140,en,pink,pink
167,255,0,en,yellow green,yellow green
255,53,0,en,red,red
255,243,0,en,yellow,yellow
60,255,0,en,green,green
255,109,0,en,orange,orange
255,136,0,en,orange,orange
255,163,0,en,orange,orange
255,0,93,en,pink,pink
255,0,16,en,red,red
255,0,178,en,pink,pink
255,232,0,en,yellow,yellow
255,0,170,en,pink,pink
222,0,255,en,purple,purple
192,0,255,en,purple,purple
97,0,255,en,violet,violet
255,0,58,en,red,red
194,255,0,en,yellow,yellow
255,206,0,en,gold,gold
255,0,234,en,pink,pink
255,0,177,en,pink,pink
255,0,64,en,red,red
255,0,41,en,red,red
211,0,255,en,purple,purple
66,0,255,en,blue,blue
255,252,0,en,yellow,yellow
255,191,0,en,orange,orange
255,253,0,en,yellow,yellow
255,0,188,en,fuchsia,fuchsia
147,255,0,en,lime,lime
255,23,0,en,cherry,cherry
169,0,255,en,purple,purple
86,255,0,en,green,green
245,255,0,en,yellow,yellow
255,93,0,en,rust,rust
255,225,0,en,yellow,yellow
255,187,0,en,orange,orange
255,0,235,en,magenta,magenta
115,0,255,en,purple,purple
255,0,68,en,pink,pink
255,163,0,en,mandarin,mandarin
255,0,118,en,magenta,magenta
255,146,0,en,orange,orange
255,27,0,en,red,red
177,255,0,en,green,green
229,255,0,en,yellow,yellow
255,0,197,en,magenta,magenta
253,0,255,en,magenta,magenta
255,0,33,en,red,red
12,0,255,en,blue,blue
255,0,108,en,pink,pink
255,0,251,en,magenta,magenta
134,0,255,en,purple,purple
255,112,0,en,orange,orange
205,255,0,en,lime green,lime
255,189,0,en,yello orange,yello orange
255,242,0,en,yellow,yellow
255,0,103,en,red,red
255,184,0,en,marigold,marigold
255,244,0,en,bright yellow,bright yellow
240,0,255,en,magenta,magenta
255,0,41,en,primary red,primary red
255,52,0,en,red orange,red orange
255,0,225,en,pink,pink
255,127,0,en,orange,orange
184,0,255,en,purple,purple
164,255,0,en,lime green,lime
255,0,196,en,pink,pink
255,0,91,en,coral,coral
196,255,0,en,lime green,lime
255,157,0,en,orange,orange
34,255,0,en,green,green
136,0,255,en,royal blue,royal blue
83,255,0,en,linen green,linen green
255,234,0,en,dandelion,dandelion
255,115,0,en,orange,orange
255,0,175,en,hot pink,hot pink
255,0,140,en,neon pink,neon pink
255,0,68,en,red pink,red pink
255,0,130,en,pink,pink
255,194,0,en,gold,gold
255,0,97,en,pink,pink
255,228,0,en,yellow,yellow
176,255,0,en,lime green,lime
202,0,255,en,purple,purple
255,119,0,en,orange,orange
242,0,255,en,magenta,magenta
255,0,67,en,red,red
255,0,35,en,red,red
255,78,0,en,red orange,red orange
255,167,0,en,orange,orange
255,0,199,en,pink,pink
186,0,255,en,purple,purple
255,121,0,en,orange,orange
255,0,172,en,pink,pink
182,255,0,en,yellow green,yellow green
255,0,183,en,pink,pink
67,0,255,en,royal blue,royal blue
255,51,0,en,red,red
255,0,143,en,pink,pink
231,255,0,en,yellow,yellow
255,0,2,en,red,red
255,0,52,en,dark red,dark red
44,255,0,en,green,green
255,218,0,en,mustard yellow,mustard
255,0,232,en,pink,pink
255,84,0,en,red orange,red orange
252,0,255,en,pink,pink
119,0,255,en,pale purple,pale purple
255,185,0,en,light orange,light orange
223,255,0,en,yellow,yellow
255,172,0,en,orange,orange
255,0,106,en,hot pink,hot pink
255,0,81,en,pink,pink
255,0,22,en,red,red
197,255,0,en,lime,lime
255,176,0,en,yellow,yellow
255,0,132,en,magenta,magenta
255,62,0,en,orange,orange
245,0,255,en,purple,purple
255,252,0,en,yellow,yellow
255,89,0,en,orange,orange
255,209,0,en,yellow,yellow
255,0,185,en,magenta,magenta
255,121,0,en,orange,orange
255,238,0,en,yellow,yellow
168,255,0,en,lime,lime
166,0,255,en,purple,purple
255,0,234,en,purple,purple
100,0,255,en,violet,violet
108,255,0,en,green,green
255,0,49,en,pink,pink
255,0,149,en,purple,purple
255,0,255,en,purple,purple
172,0,255,en,violet,violet
255,0,225,en,pink,pink
255,147,0,en,orange,orange
255,0,178,en,pink,pink
255,0,170,en,pink,pink
255,0,65,en,red,red
141,0,255,en,blue,blue
255,35,0,en,red,red
255,0,23,en,red,red
255,108,0,en,orange,orange
241,255,0,en,yellow,yellow
161,255,0,en,lightgreen,lightgreen
62,0,255,en,blue,blue
211,255,0,en,yellow,yellow
255,205,0,en,orange,orange
255,161,0,en,darkorange,darkorange
255,0,86,en,red,red
255,0,135,en,pink,pink
59,255,0,en,green,green
255,227,0,en,lightorange,lightorange
248,255,0,en,bright yellow,bright yellow
203,0,255,en,purple,purple
250,0,255,en,magenta,magenta
103,0,255,en,violet,violet
255,0,147,en,pink,pink
255,136,0,en,orange,orange
255,0,90,en,red,red
255,198,0,en,yellow orange,yellow orange
185,255,0,en,lime green,lime
61,255,0,en,green,green
255,227,0,en,yellow,yellow
255,172,0,en,orange,orange
255,91,0,en,sunset,sunset
255,0,120,en,deep pink,deep pink
255,47,0,en,red,red
60,0,255,en,blue violet,blue-violet
255,0,185,en,magenta,magenta
255,0,36,en,red,red
255,0,75,en,crimson,crimson
229,255,0,en,greenish yellow,greenish yellow
255,0,224,en,purple,purple
255,0,57,en,red,red
255,0,225,en,pink,pink
255,0,2,en,red,red
230,255,0,en,yellow,yellow
180,255,0,en,fuck if i know,fuck if i know
255,0,173,en,pink,pink
94,0,255,en,blue,blue
255,0,100,en,pink,pink
255,202,0,en,yellowish,yellowish
255,103,0,en,orange,orange
255,217,0,en,"a bit more yellow than the last one but meh. they're both yellow, it just feels wrong","a bit more yellow than the last one but meh they're both yellow, it just feels wrong"
255,153,0,en,orange,orange
69,255,0,en,green,green
255,246,0,en,now *this* is yellow,now this is yellow
255,16,0,en,red,red
205,0,255,en,purple,purple
255,0,140,en,fuchsia?,fuchsia
255,0,254,en,it's either pink or purple and either way i'm an idiot. i miss the yellows,it's either pink or purple and either way i'm an idiot i miss the yellows
255,123,0,en,orange,orange
255,0,180,en,pink,pink
255,0,248,en,purple pink,purple pink
255,0,18,en,red,red
255,0,215,en,pink,pink
255,165,0,en,orange,orange
255,214,0,en,yellow,yellow
179,0,255,en,purple,purple
93,255,0,en,grass green,grass green
236,255,0,en,sunflower yellow,sunflower yellow
255,107,0,en,orange,orange
255,202,0,en,sunshine yellow,sunshine yellow
255,33,0,en,brighter red,brighter red
255,0,58,en,red,red
220,255,0,en,lime yellow,lime yellow
71,0,255,en,night blue,night blue
255,0,164,en,pink pop,pink pop
255,130,0,en,organge,organge
255,0,82,en,old red,old red
178,255,0,en,lime,lime
255,0,137,en,hot pink,hot pink
155,0,255,en,baby purple,baby purple
255,0,206,en,barbie pink,barbie pink
255,0,142,en,pink,pink
255,0,97,en,cherry,cherry
104,255,0,en,light green,light green
255,89,0,en,orange,orange
255,67,0,en,vermilion,vermilion
156,255,0,en,lime green,lime
255,0,175,en,magenta,magenta
255,185,0,en,gold orange,gold orange
255,145,0,en,tangerine orange,tangerine orange
255,0,18,en,red,red
255,246,0,en,yellow,yellow
214,255,0,en,fluorescent,fluorescent
255,0,71,en,scarlet red,scarlet red
102,0,255,en,indigo,indigo
255,0,242,en,bubble gum pink,bubble gum pink
188,0,255,en,violet,violet
255,0,181,en,hot pink,hot pink
254,0,255,en,red violet,red violet
255,228,0,en,bumblebee yellow,bumblebee yellow
255,160,0,en,carrot yellow,carrot yellow
255,0,135,en,pink,pink
125,255,0,en,green,green
255,246,0,en,yellow,yellow
255,163,0,en,orange,orange
223,255,0,en,yellow,yellow
12,0,255,en,blue,blue
255,0,218,en,pink,pink
255,0,18,en,red,red
255,0,95,en,pink,pink
136,0,255,en,violet,violet
255,0,67,en,red,red
255,150,0,en,orange,orange
255,216,0,en,yellow,yellow
255,34,0,en,red,red
253,0,255,en,pink,pink
255,0,187,en,pink,pink
255,98,0,en,orange,orange
209,0,255,en,violet,violet
143,255,0,en,green,green
255,191,0,en,yellow,yellow
255,0,153,en,pink,pink
255,0,208,en,pink,pink
87,0,255,en,blue,blue
255,0,91,en,pink,pink
255,100,0,en,orange,orange
116,255,0,en,green,green
255,52,0,en,orange,orange
255,161,0,en,orange,orange
228,255,0,en,yellow,yellow
255,190,0,en,orange,orange
244,255,0,en,yellow,yellow
255,0,133,en,pink,pink
255,123,0,en,orange,orange
255,235,0,en,yellow,yellow
112,0,255,en,blue,blue
255,0,53,en,red,red
197,0,255,en,purple,purple
255,0,160,en,pink,pink
255,0,28,en,red,red
255,0,249,en,pink,pink
153,255,0,en,green,green
255,0,241,en,pink,pink
255,157,0,en,mandarin,mandarin
255,0,104,en,fushia,fushia
255,0,241,en,hot pink,hot pink
255,0,128,en,blush pink,blush
255,0,55,en,fire engine red,fire engine red
246,0,255,en,magenta,magenta
109,255,0,en,lime green,lime
255,232,0,en,yellow,yellow
255,0,177,en,hot pink,hot pink
255,79,0,en,fire engine red,fire engine red
125,0,255,en,violet,violet
255,127,0,en,orange,orange
195,0,255,en,magenta,magenta
215,255,0,en,yellow green,yellow green
255,247,0,en,lemon yellow,lemon yellow
133,255,0,en,bright green,bright green
255,0,27,en,red,red
91,0,255,en,periwinkle blue,periwinkle blue
255,201,0,en,mustard,mustard
255,0,160,en,fushia,fushia
255,88,0,en,burnt orange,burnt orange
255,179,0,en,orange,orange
255,0,169,en,pink,pink
255,218,0,en,yellow,yellow
213,255,0,en,neon yellow,neon yellow
255,0,86,en,red,red
255,254,0,en,yellow,yellow
255,0,4,en,bright red,bright red
198,0,255,en,purple,purple
255,77,0,en,orange,orange
112,255,0,en,green,green
95,0,255,en,bright blue,bright blue
255,0,65,en,maroon,maroon
37,255,0,en,green,green
147,255,0,en,neon green,neon green
255,0,210,en,purple,purple
255,191,0,en,yellow,yellow
255,122,0,en,orange,orange
39,0,255,en,dark blue,dark blue
255,0,132,en,pink,pink
255,0,216,en,pink,pink
255,95,0,en,dark orange,dark orange
255,0,246,en,purple,purple
234,255,0,en,yellow,yellow
229,255,0,en,yellow,yellow
255,0,42,en,red,red
255,207,0,en,dandelion,dandelion
255,0,66,en,red,red
255,0,85,en,raspberry,raspberry
255,0,122,en,magenta,magenta
255,79,0,en,red orange,red orange
174,0,255,en,purple,purple
155,255,0,en,lime green,lime
255,0,181,en,pink,pink
118,0,255,en,indigo,indigo
255,0,218,en,pink,pink
255,150,0,en,orange,orange
251,0,255,en,pink purple,pink purple
93,255,0,en,lime green,lime
255,0,157,en,magenta,magenta
255,173,0,en,orange,orange
255,221,0,en,yellow,yellow
255,91,0,en,orange red,orange-red
255,111,0,en,orange,orange
255,4,0,en,red,red
255,196,0,en,dandelion,dandelion
235,255,0,en,yellow,yellow
64,255,0,en,lime green,lime
255,0,48,en,red,red
169,255,0,en,yellow green,yellow green
255,0,123,en,magenta,magenta
190,255,0,en,neon yellow,neon yellow
174,0,255,en,bright purple,bright purple
255,0,150,en,hot pink,hot pink
255,0,95,en,red pink,red pink
238,0,255,en,neon purple,neon purple
138,0,255,en,blue purple,blue purple
255,0,229,en,magenta,magenta
255,0,199,en,hot pink,hot pink
255,181,0,en,dandelion,dandelion
255,0,79,en,red,red
255,218,0,en,golden,gold
255,133,0,en,orange,orange
255,0,6,en,red,red
255,0,149,en,magenta,magenta
161,255,0,en,green,green
109,0,255,en,purple,purple
255,23,0,en,red,red
190,0,255,en,purple,purple
202,255,0,en,green,green
131,255,0,en,green,green
255,0,112,en,magenta,magenta
255,163,0,en,orange,orange
255,241,0,en,yellow,yellow
255,0,60,en,red,red
255,109,0,en,orange,orange
255,245,0,en,yellow,yellow
255,0,237,en,magenta,magenta
255,0,95,en,pink,pink
255,189,0,en,orange,orange
255,136,0,en,orange,orange
255,0,181,en,magenta,magenta
223,0,255,en,purple,purple
255,0,230,en,purple,purple
102,255,0,en,green,green
255,156,0,en,orange,orange
255,216,0,en,yellow,yellow
255,0,32,en,red,red
255,116,0,en,orange,orange
255,142,0,en,orange,orange
255,0,141,en,purple,purple
207,0,255,en,purple,purple
255,247,0,en,yellow,yellow
255,0,191,en,pink,pink
173,255,0,en,green,green
255,207,0,en,orange,orange
191,255,0,en,green,green
255,78,0,en,orange,orange
90,0,255,en,blue,blue
255,0,63,en,red,red
255,0,84,en,red,red
96,0,255,en,blue,blue
255,0,152,en,pink,pink
251,0,255,en,purple,purple
43,0,255,en,blue,blue
255,249,0,en,yellow,yellow
255,221,0,en,goldenrod,goldenrod
255,48,0,en,red,red
255,0,137,en,fuscia,fuscia
202,255,0,en,yellow green,yellow green
255,186,0,en,orange,orange
98,0,255,en,blue,blue
255,0,7,en,red,red
162,255,0,en,lime green,lime
255,0,64,en,red,red
255,181,0,en,goldenrod,goldenrod
125,255,0,en,lime green,lime
255,0,86,en,red,red
255,0,169,en,fuscia,fuscia
255,96,0,en,orange,orange
255,128,0,en,burnt orange,burnt orange
255,0,183,en,pink,pink
255,0,219,en,fuscia,fuscia
188,0,255,en,purple,purple
227,0,255,en,violet,violet
215,0,255,en,purple,purple
134,255,0,en,green,green
255,0,143,en,pink,pink
255,98,0,en,orange,orange
209,255,0,en,lime green,lime
255,229,0,en,yellow,yellow
237,0,255,en,purple,purple
255,245,0,en,yellow,yellow
255,0,35,en,red,red
255,23,0,en,red,red
255,0,73,en,red,red
255,149,0,en,orange,orange
255,0,129,en,pink,pink
255,0,179,en,pink,pink
255,0,241,en,purple,purple
255,0,91,en,pink,pink
255,156,0,en,orange,orange
136,0,255,en,purple,purple
255,206,0,en,yellow,yellow
48,255,0,en,green,green
255,0,142,en,hot pink,hot pink
255,0,42,en,red,red
255,0,91,en,red,red
255,162,0,en,goldenrod,goldenrod
222,0,255,en,violet,violet
255,0,188,en,hot pink,hot pink
255,131,0,en,goldenrod,goldenrod
255,0,158,en,fuscia,fuscia
148,255,0,en,lime green,lime
90,255,0,en,lime green,lime
188,0,255,en,purple,purple
255,183,0,en,goldenrod,goldenrod
255,0,50,en,red,red
223,255,0,en,yellow,yellow
244,255,0,en,yellow,yellow
55,0,255,en,royal blue,royal blue
255,48,0,en,red,red
255,229,0,en,yellow,yellow
255,115,0,en,burnt orange,burnt orange
255,0,238,en,fucsia,fucsia
108,0,255,en,purple,purple
255,0,175,en,pink,pink
255,0,60,en,red,red
255,237,0,en,yellow,yellow
255,0,227,en,pink,pink
255,0,90,en,red,red
255,0,200,en,pink,pink
255,67,0,en,orange,orange
235,255,0,en,yellow,yellow
255,0,111,en,hot pink,hot pink
116,255,0,en,green,green
255,141,0,en,orange,orange
150,0,255,en,purple,purple
191,255,0,en,green,green
43,0,255,en,blue,blue
166,0,255,en,purple,purple
255,93,0,en,orange,orange
255,172,0,en,orange,orange
255,188,0,en,orange,orange
255,0,27,en,red,red
184,255,0,en,green,green
229,0,255,en,purple,purple
255,0,204,en,magenta,magenta
91,255,0,en,forest green,forest green
255,67,0,en,orange,orange
255,0,158,en,magenta,magenta
44,0,255,en,royal blue,royal blue
255,128,0,en,orange,orange
149,255,0,en,green,green
255,164,0,en,orange,orange
255,209,0,en,yellow,yellow
241,255,0,en,yellow,yellow
255,115,0,en,orange,orange
130,0,255,en,purple,purple
255,0,33,en,red,red
254,0,255,en,indigo,indigo
255,0,91,en,pink red,pink red
255,0,227,en,purple,purple
255,0,56,en,red,red
217,0,255,en,purple,purple
255,239,0,en,yellow,yellow
196,255,0,en,yellow,yellow
255,0,120,en,magenta,magenta
255,0,28,en,red,red
21,0,255,en,cobalt,cobalt
255,0,180,en,fuschia,fuschia
215,255,0,en,mucus green,mucus green
255,0,74,en,pink red,pink red
255,0,173,en,hot pink,hot pink
255,0,220,en,fuschia,fuschia
255,0,104,en,pink red,pink red
255,172,0,en,warm yellow,warm yellow
92,0,255,en,bluish purple,bluish purple
255,108,0,en,orange,orange
139,255,0,en,lime green,lime
238,0,255,en,flat fuschia,flat fuschia
255,205,0,en,light mustard,light mustard
255,29,0,en,red orange,red orange
255,220,0,en,matte yellow,matte yellow
91,255,0,en,neon green,neon green
255,0,139,en,hot pink,hot pink
255,141,0,en,muted orange,muted orange
189,0,255,en,medium purple,medium purple
255,24,0,en,red,red
255,160,0,en,orange,orange
255,0,217,en,pink,pink
255,150,0,en,orane,orane
255,0,57,en,red,red
124,0,255,en,purple,purple
255,0,98,en,red,red
255,0,148,en,pink,pink
255,0,112,en,reddish pink,reddish pink
255,0,197,en,pink,pink
243,255,0,en,yellow,yellow
255,219,0,en,gold,gold
255,0,18,en,red,red
134,255,0,en,bright green,bright green
255,206,0,en,orange,orange
255,0,97,en,magenta,magenta
255,195,0,en,dark yellow,dark yellow
58,255,0,en,green,green
162,255,0,en,light green,light green
255,60,0,en,orange,orange
255,0,155,en,pink,pink
239,255,0,en,lemon yellow,lemon yellow
255,229,0,en,yellow,yellow
253,255,0,en,yellow,yellow
161,255,0,en,yellow green,yellow green
255,0,92,en,pink,pink
255,0,201,en,puschia pink,puschia pink
196,0,255,en,violet,violet
120,255,0,en,yellow green,yellow green
115,0,255,en,violet,violet
255,171,0,en,brown,brown
255,0,31,en,red,red
255,210,0,en,yellow orange,yellow orange
255,0,152,en,dark pink,dark pink
255,125,0,en,orange,orange
255,0,49,en,light red,light red
71,255,0,en,green,green
255,0,209,en,magenta,magenta
232,0,255,en,purple,purple
255,0,115,en,red,red
255,251,0,en,yellow,yellow
255,0,242,en,purple,purple
65,0,255,en,dark blue,dark blue
255,111,0,en,orange,orange
255,0,43,en,red,red
255,80,0,en,red,red
255,143,0,en,orange,orange
168,0,255,en,purple,purple
165,255,0,en,green,green
255,0,101,en,red,red
255,180,0,en,gold,gold
255,217,0,en,gold,gold
223,255,0,en,yellow green,yellow green
255,0,54,en,red,red
255,0,173,en,purple,purple
113,0,255,en,purple,purple
255,201,0,en,gold,gold
255,141,0,en,orange,orange
246,0,255,en,fuscia,fuscia
164,255,0,en,lime green,lime
255,0,217,en,fuscia,fuscia
255,0,42,en,red,red
255,224,0,en,yellow,yellow
255,159,0,en,orange,orange
203,255,0,en,green,green
255,100,0,en,orange,orange
110,0,255,en,navy blue,navy
255,0,184,en,fuscia,fuscia
255,21,0,en,red,red
255,0,93,en,pink,pink
76,0,255,en,royal blue,royal blue
130,255,0,en,green,green
201,0,255,en,violet,violet
255,0,116,en,pink,pink
255,0,170,en,fuscia,fuscia
236,255,0,en,yellow,yellow
255,183,0,en,mustard,mustard
74,0,255,en,purple,purple
255,0,147,en,hot pink,hot pink
255,0,101,en,dark pink,dark pink
66,255,0,en,limegreen,lime
255,201,0,en,yellow/orange,yelloworange
255,83,0,en,orange,orange
255,129,0,en,orange,orange
255,98,0,en,dark orange,dark orange
255,0,10,en,red,red
255,162,0,en,light orange,light orange
255,252,0,en,yellow,yellow
255,0,37,en,red,red
255,0,73,en,berries,berries
255,160,0,en,orange,orange
194,0,255,en,bright purple,bright purple
255,4,0,en,red pepper,red pepper
255,183,0,en,yellow orange/ butternut,yellow orange butternut
255,0,96,en,red,red
255,0,236,en,light purple,light purple
255,0,146,en,magenta,magenta
255,0,76,en,red,red
255,0,252,en,light purple,light purple
184,0,255,en,purple,purple
255,0,226,en,fusia,fusia
255,0,95,en,berry,berry
220,0,255,en,neon purple,neon purple
255,0,162,en,pink lipstick,pink lipstick
255,0,128,en,magenta,magenta
255,124,0,en,organe,organe
255,255,0,en,highlight yellow,highlight yellow
255,0,142,en,hot pink,hot pink
174,255,0,en,yellow green,yellow green
255,0,240,en,pink,pink
190,0,255,en,light purple,light purple
221,0,255,en,pink purple,pink purple
255,0,176,en,dark pink,dark pink
255,0,36,en,red,red
255,234,0,en,yellow,yellow
255,52,0,en,scarlett,scarlett
255,208,0,en,golden rod,golden rod
105,255,0,en,lime,lime
255,0,177,en,pink,pink
222,255,0,en,yellow green,yellow green
145,0,255,en,purple,purple
255,0,113,en,magenta,magenta
161,255,0,en,light green,light green
255,0,57,en,pink red,pink red
112,0,255,en,pruple,pruple
255,216,0,en,yellow orange,yellow orange
210,255,0,en,yellow green,yellow green
255,78,0,en,red orange,red orange
255,162,0,en,orange,orange
255,233,0,en,yellow,yellow
255,126,0,en,orange,orange
126,0,255,en,purple,purple
255,0,180,en,hot pink,hot pink
224,255,0,en,yellow green,yellow green
255,252,0,en,sunshine,sunshine
255,104,0,en,burnt orange,burnt orange
255,0,89,en,pink,pink
255,73,0,en,orange,orange
255,0,64,en,red,red
255,0,226,en,magenta,magenta
255,119,0,en,burnt orange,burnt orange
93,255,0,en,neon green,neon green
255,254,0,en,yellow,yellow
150,0,255,en,purple,purple
255,0,192,en,magenta,magenta
255,0,160,en,pinkblue,pinkblue
215,0,255,en,purple,purple
255,234,0,en,yellow,yellow
255,186,0,en,yelloworange,yelloworange
246,0,255,en,magenta,magenta
255,129,0,en,orange,orange
255,0,6,en,red,red
54,0,255,en,blue,blue
255,0,129,en,pink,pink
255,170,0,en,orange,orange
216,255,0,en,lime green,lime
159,255,0,en,green,green
120,0,255,en,purple,purple
186,255,0,en,green,green
255,0,181,en,pink,pink
236,255,0,en,yellow,yellow
255,0,170,en,pink,pink
255,0,90,en,red,red
236,255,0,en,yellow,yellow
102,0,255,en,purple,purple
230,255,0,en,yellow,yellow
171,0,255,en,purple,purple
255,165,0,en,orange,orange
255,0,75,en,red,red
255,0,230,en,pink,pink
255,28,0,en,red,red
131,255,0,en,green,green
255,93,0,en,orange,orange
255,194,0,en,yellow,yellow
255,0,255,en,purple,purple
255,0,111,en,hotpink,hotpink
255,0,169,en,pink,pink
174,255,0,en,lime,lime
255,0,34,en,red,red
255,120,0,en,orange,orange
255,224,0,en,yellow,yellow
255,0,206,en,pink,pink
255,0,124,en,pink,pink
255,175,0,en,orange,orange
111,255,0,en,lime green,lime
255,221,0,en,yellow,yellow
255,137,0,en,dark orange,dark orange
255,191,0,en,orange,orange
255,0,119,en,pink,pink
255,0,187,en,magenta,magenta
144,0,255,en,purple,purple
255,0,54,en,red,red
165,255,0,en,neon green,neon green
195,0,255,en,royal purple,royal purple
214,255,0,en,mustard yellow,mustard
255,0,46,en,red,red
255,0,165,en,hot pink,hot pink
255,0,210,en,magenta,magenta
255,106,0,en,orange,orange
73,0,255,en,royal blue,royal blue
252,0,255,en,fucia,fucia
255,69,0,en,red orange,red orange
255,0,110,en,pinkish,pinkish
235,255,0,en,yellow,yellow
255,78,0,en,dark orange,dark orange
32,0,255,en,royal blue,royal blue
255,0,19,en,red,red
255,133,0,en,orange,orange
255,0,254,en,magenta,magenta
255,161,0,en,orange,orange
212,255,0,en,faded yellow,faded yellow
255,0,86,en,coral,coral
218,0,255,en,royal purple,royal purple
255,204,0,en,light orange,light orange
255,0,159,en,pink,pink
255,94,0,en,red orange,red orange
255,241,0,en,yellow orange,yellow orange
255,0,222,en,neon pink,neon pink
255,0,176,en,pink,pink
255,253,0,en,flat yellow,flat yellow
109,255,0,en,grass green,grass green
255,0,65,en,red,red
255,0,140,en,hot pink,hot pink
153,0,255,en,royal purple,royal purple
150,255,0,en,light green,light green
255,0,154,en,fushia,fushia
255,226,0,en,sunny,sunny
179,255,0,en,lime green,lime
187,255,0,en,yellow green,yellow green
255,21,0,en,crimson,crimson
255,212,0,en,warm yellow,warm yellow
255,76,0,en,red,red
136,0,255,en,purple,purple
238,255,0,en,yellow,yellow
230,0,255,en,magenta,magenta
255,0,183,en,pink,pink
255,200,0,en,yellow,yellow
255,0,57,en,red,red
255,234,0,en,yellow,yellow
221,255,0,en,yellow,yellow
255,118,0,en,orange,orange
215,0,255,en,purple,purple
255,0,34,en,red,red
255,150,0,en,orange,orange
138,255,0,en,green,green
255,170,0,en,orange,orange
50,255,0,en,green,green
255,0,101,en,red,red
255,0,164,en,pink,pink
255,0,114,en,pink,pink
255,0,221,en,pink,pink
255,0,63,en,red,red
255,0,101,en,pink,pink
255,59,0,en,orange,orange
255,242,0,en,yellow,yellow
31,0,255,en,blue,blue
194,0,255,en,purple,purple
255,0,224,en,purple,purple
255,141,0,en,orange,orange
207,255,0,en,yellow,yellow
243,0,255,en,purple,purple
255,0,46,en,red,red
255,0,118,en,pink,pink
115,255,0,en,green,green
183,255,0,en,yellow,yellow
255,189,0,en,orange,orange
255,0,208,en,pink,pink
255,158,0,en,orange,orange
134,0,255,en,violet,violet
255,244,0,en,yellow,yellow
255,107,0,en,orange,orange
255,0,174,en,pink,pink
255,247,0,en,yellow,yellow
255,196,0,en,orange,orange
255,0,206,en,hot pink,hot pink
255,21,0,en,red,red
255,0,238,en,fushia,fushia
152,0,255,en,purple,purple
202,255,0,en,mustard yellow,mustard
194,255,0,en,lime green,lime
255,109,0,en,red orange,red orange
168,255,0,en,lime green,lime
255,205,0,en,yellow orange,yellow orange
255,0,101,en,red pink,red pink
67,0,255,en,blue,blue
233,255,0,en,yellown,yellown
255,0,132,en,pink,pink
255,0,47,en,red,red
255,75,0,en,red orange,red orange
255,176,0,en,yellow orange,yellow orange
192,0,255,en,purple,purple
255,140,0,en,orange,orange
99,255,0,en,lime green,lime
97,0,255,en,indigo,indigo
255,0,61,en,red pink,red pink
255,237,0,en,yellow,yellow
255,0,165,en,magenta,magenta
255,0,200,en,pink,pink
255,0,229,en,pink purple,pink purple
193,0,255,en,purple,purple
255,0,177,en,magenta,magenta
224,255,0,en,lime green,lime
255,0,236,en,pinkish purple,pinkish purple
255,188,0,en,sunflower yellow,sunflower yellow
255,156,0,en,burnt yellow,burnt yellow
255,138,0,en,orange,orange
131,0,255,en,sharp purple,sharp purple
255,3,0,en,flame red,flame red
255,246,0,en,yellow,yellow
255,0,146,en,hot pink,hot pink
255,0,25,en,red!,red
255,97,0,en,hot cheeto red,hot cheeto red
255,0,66,en,lipstick red,lipstick red
255,0,131,en,deep pink,deep pink
55,255,0,en,brighter green,brighter green
255,0,84,en,desaturated red,desaturated red
239,0,255,en,immature purple,immature purple
155,255,0,en,grass green,grass green
255,240,0,en,sunglass yellow,sunglass yellow
255,0,44,en,red,red
9,255,0,en,green,green
159,0,255,en,purple,purple
255,0,70,en,red,red
255,234,0,en,yellow,yellow
255,163,0,en,orange,orange
135,255,0,en,green,green
255,0,129,en,pink,pink
255,150,0,en,orange,orange
214,0,255,en,purple,purple
231,255,0,en,yellow,yellow
255,64,0,en,red,red
255,212,0,en,yellow,yellow
255,0,84,en,red,red
255,0,199,en,pink,pink
229,255,0,en,yellow,yellow
235,0,255,en,purple,purple
46,255,0,en,green,green
255,0,214,en,pink,pink
255,100,0,en,orange,orange
255,0,163,en,pink,pink
253,0,255,en,fuscia,fuscia
232,255,0,en,yellow,yellow
255,137,0,en,orange,orange
191,0,255,en,violet,violet
255,204,0,en,yellow,yellow
255,170,0,en,gold,gold
255,0,28,en,red,red
190,255,0,en,green yellow,green yellow
255,96,0,en,burnt orange,burnt orange
255,0,197,en,pink,pink
100,255,0,en,green apple,green apple
184,255,0,en,yellow,yellow
255,0,148,en,pink,pink
255,0,99,en,hot pink,hot pink
255,81,0,en,burnt orange,burnt orange
255,238,0,en,yellow,yellow
150,0,255,en,purple,purple
255,0,72,en,pink,pink
255,0,231,en,pink,pink
255,0,131,en,pink,pink
255,59,0,en,burnt orange,burnt orange
255,95,0,en,orange,orange
255,0,129,en,fushia,fushia
241,0,255,en,purple,purple
255,0,80,en,dark pink,dark pink
255,213,0,en,dark yellow,dark yellow
255,0,16,en,red,red
199,255,0,en,lime green,lime
180,255,0,en,lime green,lime
86,255,0,en,green,green
236,255,0,en,yellow,yellow
255,159,0,en,orange,orange
135,0,255,en,purple,purple
255,0,192,en,pink,pink
255,0,211,en,fushia,fushia
255,187,0,en,yellow,yellow
255,0,168,en,dark pink,dark pink
215,0,255,en,purple,purple
65,0,255,en,dark blue,dark blue
255,143,0,en,orange,orange
255,0,94,en,brick red,brick red
48,255,0,en,lime green,lime
152,0,255,en,purple,purple
255,0,149,en,pink,pink
255,0,47,en,red,red
255,0,136,en,pink,pink
255,48,0,en,red,red
44,0,255,en,blue,blue
255,0,75,en,red,red
100,0,255,en,blue,blue
183,0,255,en,purple,purple
255,0,127,en,pink,pink
255,0,88,en,red,red
216,255,0,en,green,green
82,0,255,en,blue,blue
73,255,0,en,green,green
255,163,0,en,orange,orange
255,0,146,en,pink,pink
255,0,252,en,purple,purple
255,0,32,en,red,red
255,150,0,en,orange,orange
255,0,215,en,pink,pink
255,195,0,en,yellow,yellow
144,255,0,en,green,green
255,219,0,en,yellow,yellow
255,92,0,en,orange,orange
253,255,0,en,yellow,yellow
255,0,50,en,red,red
255,62,0,en,red,red
255,0,187,en,purple,purple
255,62,0,en,red,red
255,0,199,en,fuschia,fuschia
123,255,0,en,lime green,lime
255,241,0,en,yellow,yellow
255,0,227,en,fuschia,fuschia
123,0,255,en,purple,purple
255,113,0,en,burnt orange,burnt orange
255,0,68,en,ruby,ruby
242,255,0,en,yellow,yellow
255,0,45,en,dark pink,dark pink
255,171,0,en,mustard,mustard
78,0,255,en,blue,blue
255,145,0,en,orange,orange
255,190,0,en,mustard,mustard
198,255,0,en,parrot green,parrot green
255,0,89,en,ruby,ruby
222,0,255,en,violet,violet
217,0,255,en,violet,violet
255,0,114,en,pink,pink
149,255,0,en,parrot green,parrot green
255,0,153,en,fuschia,fuschia
255,164,0,en,orange,orange
255,0,115,en,hot pink,hot pink
255,230,0,en,yellow,yellow
65,255,0,en,green,green
255,0,192,en,pink,pink
255,0,93,en,hot oink,hot oink
255,211,0,en,dark yellow,dark yellow
255,156,0,en,orange,orange
185,255,0,en,lime,lime
195,0,255,en,purple,purple
255,220,0,en,yellow,yellow
255,253,0,en,yellow,yellow
255,0,190,en,magenta,magenta
255,0,134,en,pink,pink
255,95,0,en,dark orange,dark orange
255,2,0,en,red,red
136,0,255,en,purple,purple
255,0,28,en,red,red
255,210,0,en,yellow,yellow
255,0,66,en,pinkish red,pinkish red
59,0,255,en,indigo,indigo
255,0,234,en,fuscia,fuscia
255,130,0,en,orange,orange
89,255,0,en,lime,lime
255,0,251,en,magenta,magenta
255,0,174,en,pink,pink
255,0,105,en,pink,pink
215,255,0,en,yellow green,yellow green
255,175,0,en,orange,orange
255,232,0,en,yellow,yellow
255,0,36,en,red,red
71,255,0,en,green,green
255,211,0,en,curry yellow,curry yellow
255,163,0,en,orange,orange
255,0,255,en,pink purpel,pink purpel
132,0,255,en,purpel,purpel
255,0,133,en,pink,pink
255,142,0,en,orange,orange
40,0,255,en,dark blue,dark blue
255,0,102,en,red,red
255,0,223,en,purple,purple
255,0,157,en,pink,pink
255,116,0,en,orange,orange
201,0,255,en,purple,purple
215,255,0,en,yellow,yellow
239,255,0,en,yellow,yellow
193,0,255,en,purpel,purpel
255,0,76,en,light red,light red
255,17,0,en,red,red
155,255,0,en,lime green,lime
255,0,81,en,dark pink,dark pink
163,0,255,en,purple,purple
255,26,0,en,red,red
255,149,0,en,orange,orange
165,255,0,en,lime green,lime
255,0,131,en,pink,pink
255,0,201,en,purple,purple
255,0,77,en,red,red
252,0,255,en,purple,purple
255,0,15,en,tomato red,tomato
255,0,66,en,red pink,red pink
255,0,222,en,fushia,fushia
255,2,0,en,red,red
255,139,0,en,orange,orange
255,0,186,en,magenta,magenta
249,255,0,en,yellow,yellow
255,0,128,en,dark pink,dark pink
184,255,0,en,green yellow,green yellow
198,255,0,en,yellow green,yellow green
159,0,255,en,puple,puple
255,0,162,en,pink,pink
117,255,0,en,green,green
255,193,0,en,yellow,yellow
255,103,0,en,orange,orange
255,0,250,en,puple pink,puple pink
255,0,80,en,red pink,red pink
193,0,255,en,purple,purple
255,238,0,en,light yellow,light yellow
255,181,0,en,orange,orange
255,177,0,en,orange,orange
255,0,58,en,red,red
255,89,0,en,red orange,red orange
255,205,0,en,yellow orange,yellow orange
211,0,255,en,purple,purple
255,0,188,en,red pink,red pink
255,234,0,en,yellow,yellow
185,255,0,en,pea green,pea green
255,50,0,en,red,red
255,0,7,en,red,red
255,0,247,en,bright pink,bright pink
255,0,82,en,pick red,pick red
206,255,0,en,pea green,pea green
255,131,0,en,orange,orange
255,0,229,en,dark pink,dark pink
82,255,0,en,pea green,pea green
255,0,172,en,dark pink,dark pink
245,255,0,en,yellow,yellow
255,0,115,en,red pink,red pink
153,0,255,en,dark purple,dark purple
255,0,254,en,magenta,magenta
255,132,0,en,orange,orange
255,0,106,en,fuchsia pink,fuchsia pink
53,255,0,en,green,green
174,0,255,en,purple,purple
255,0,214,en,magenta,magenta
253,255,0,en,yellow,yellow
255,0,76,en,raspberry pink,raspberry pink
255,222,0,en,dark yellow,dark yellow
255,100,0,en,orange,orange
126,0,255,en,purple,purple
255,0,209,en,magenta,magenta
255,74,0,en,orange,orange
152,255,0,en,lime green,lime
208,255,0,en,yellow green,yellow green
255,0,160,en,magenta,magenta
255,195,0,en,yellow orange,yellow orange
255,0,27,en,red,red
255,176,0,en,darker yellow orange,darker yellow orange
255,0,113,en,pink,pink
30,0,255,en,deep blue,deep blue
255,228,0,en,yellow,yellow
255,0,184,en,fuschia,fuschia
255,197,0,en,yellow orange,yellow orange
149,255,0,en,light green,light green
255,0,86,en,hot pink,hot pink
255,0,162,en,pink,pink
239,0,255,en,magenta,magenta
176,0,255,en,purple,purple
255,133,0,en,orange,orange
255,0,122,en,hot pink,hot pink
255,0,3,en,red,red
255,153,0,en,orange,orange
208,255,0,en,yellow green,yellow green
255,0,199,en,fuscia,fuscia
91,0,255,en,purple,purple
255,0,97,en,red,red
255,141,0,en,orange,orange
199,255,0,en,lime green,lime
255,0,21,en,red,red
242,255,0,en,yellow,yellow
255,118,0,en,orange,orange
255,190,0,en,orange,orange
111,0,255,en,purple,purple
181,255,0,en,lime green,lime
255,29,0,en,red,red
186,0,255,en,purple,purple
255,176,0,en,orange,orange
255,239,0,en,yellow,yellow
255,0,59,en,red,red
255,0,112,en,red,red
46,255,0,en,green,green
255,0,211,en,fuscia,fuscia
255,0,147,en,red,red
228,0,255,en,purple,purple
255,0,242,en,bubble gum pink,bubble gum pink
206,0,255,en,purple,purple
247,0,255,en,pastel pinkish purple,pastel pinkish purple
255,0,88,en,pink,pink
255,200,0,en,yellow,yellow
255,0,75,en,dark bubble gum pink,dark bubble gum pink
143,0,255,en,violet,violet
54,255,0,en,neon green,neon green
56,0,255,en,royal blue,royal blue
255,0,45,en,red,red
189,255,0,en,green,green
255,0,168,en,dark pink,dark pink
255,0,141,en,pink,pink
255,48,0,en,red,red
244,255,0,en,yellowish green,yellowish green
255,116,0,en,orange,orange
255,162,0,en,bright orange,bright orange
172,255,0,en,green,green
255,229,0,en,sun yellow,sun yellow
255,0,198,en,pink,pink
255,126,0,en,orange,orange
255,133,0,en,orange,orange
255,246,0,en,yellow,yellow
210,255,0,en,yellow green,yellow green
255,0,109,en,fuschia,fuschia
255,22,0,en,red,red
255,0,19,en,red,red
255,0,244,en,magenta,magenta
180,0,255,en,purple,purple
255,220,0,en,yellow,yellow
130,0,255,en,blue purple,blue purple
255,0,133,en,fuschia,fuschia
255,0,207,en,magenta,magenta
255,165,0,en,pumpkin orange,pumpkin orange
255,108,0,en,burnt orange,burnt orange
255,0,167,en,fuschia,fuschia
232,0,255,en,hot purple,hot purple
49,255,0,en,neon green,neon green
255,199,0,en,yellow,yellow
147,255,0,en,bright green,bright green
255,0,56,en,red,red
255,226,0,en,yellow,yellow
255,153,0,en,orange,orange
184,255,0,en,gren,gren
255,0,103,en,pink,pink
255,76,0,en,orange,orange
255,0,212,en,pink,pink
223,0,255,en,purple,purple
255,0,76,en,red,red
210,255,0,en,lime,lime
255,200,0,en,mustard,mustard
255,134,0,en,ginger,ginger
167,0,255,en,purple,purple
93,255,0,en,green,green
147,0,255,en,purple,purple
242,255,0,en,yellow,yellow
255,0,152,en,cerise,cerise
255,0,129,en,cerise,cerise
255,112,0,en,orange,orange
255,0,33,en,red,red
255,0,207,en,pink,pink
255,0,175,en,saturated pink,saturated pink
255,0,207,en,pink,pink
2,0,255,en,deep blue,deep blue
255,246,0,en,yellow,yellow
255,0,103,en,hot pink,hot pink
255,123,0,en,orange,orange
255,0,213,en,pink,pink
255,240,0,en,yellow,yellow
255,178,0,en,pumpkin orange,pumpkin orange
255,118,0,en,orange,orange
255,188,0,en,gold,gold
140,255,0,en,grass green,grass green
255,0,247,en,pink,pink
255,0,158,en,voilet,voilet
254,255,0,en,yellow,yellow
10,255,0,en,green,green
145,0,255,en,pink,pink
255,0,191,en,voilet,voilet
255,0,55,en,ren,ren
255,0,15,en,red,red
206,0,255,en,voilet,voilet
138,255,0,en,green,green
255,218,0,en,yellow,yellow
255,0,122,en,red,red
255,0,94,en,red,red
95,255,0,en,green,green
255,199,0,en,yellow,yellow
255,0,210,en,voilet,voilet
226,255,0,en,yellow,yellow
255,48,0,en,red,red
255,98,0,en,voilet,voilet
255,149,0,en,yellow,yellow
255,156,0,en,yellow,yellow
252,0,255,en,pink,pink
221,0,255,en,neon purple,neon purple
255,141,0,en,orange,orange
255,0,148,en,pink,pink
255,0,97,en,dark pink,dark pink
255,0,137,en,pink,pink
71,255,0,en,neon green,neon green
255,228,0,en,yellow,yellow
116,0,255,en,purple,purple
255,0,186,en,pink,pink
252,0,255,en,magenta,magenta
123,255,0,en,medium green,medium green
255,253,0,en,yellow,yellow
255,209,0,en,gold,gold
162,255,0,en,light green,light green
255,0,133,en,pink,pink
255,94,0,en,orange,orange
255,0,236,en,magenta,magenta
255,48,0,en,orange,orange
255,0,22,en,red,red
255,224,0,en,yellow,yellow
255,0,10,en,red,red
255,0,61,en,light red,light red
198,0,255,en,neon purple,neon purple
255,76,0,en,dark orange,dark orange
231,255,0,en,neon yellow,neon yellow
255,0,109,en,pink,pink
255,0,58,en,red,red
255,0,155,en,magenta,magenta
255,152,0,en,mustard,mustard
255,0,190,en,purple/magenta,purplemagenta
195,0,255,en,purple,purple
207,255,0,en,neon green,neon green
255,173,0,en,mustard,mustard
147,0,255,en,purple,purple
255,202,0,en,dark yellow,dark yellow
174,255,0,en,neon yellow,neon yellow
255,0,214,en,bright pink,bright pink
32,255,0,en,neon green,neon green
206,255,0,en,neon yellow,neon yellow
255,172,0,en,dark yellow,dark yellow
50,0,255,en,dark blue,dark blue
255,87,0,en,dark orange,dark orange
178,255,0,en,green,green
255,183,0,en,gold,gold
255,0,90,en,pink,pink
255,0,223,en,light purple pink,light purple pink
255,0,179,en,dark purple pink,dark purple pink
83,0,255,en,dark blue,dark blue
178,0,255,en,dark purple,dark purple
236,0,255,en,light purple,light purple
255,246,0,en,yellow,yellow
255,163,0,en,orange,orange
255,239,0,en,yellow,yellow
255,116,0,en,orange,orange
214,0,255,en,purple,purple
69,255,0,en,green,green
255,49,0,en,red,red
255,0,95,en,pink,pink
255,0,203,en,purple,purple
138,255,0,en,green,green
255,0,127,en,pink,pink
255,0,28,en,red,red
197,255,0,en,green,green
255,184,0,en,orange,orange
255,0,155,en,pink,pink
255,0,217,en,pink,pink
255,0,52,en,red,red
106,0,255,en,blue,blue
240,255,0,en,yellow,yellow
255,124,0,en,orange,orange
246,0,255,en,purple,purple
255,213,0,en,yellow,yellow
255,0,249,en,pink,pink
255,68,0,en,red,red
255,0,205,en,pink,pink
117,0,255,en,purple,purple
80,255,0,en,green,green
161,255,0,en,green,green
255,149,0,en,orange,orange
255,0,36,en,red,red
208,0,255,en,purple,purple
255,0,96,en,pink,pink
255,183,0,en,orange,orange
255,249,0,en,yellow,yellow
255,0,49,en,red,red
255,0,242,en,pink,pink
230,255,0,en,yellow,yellow
255,0,159,en,pink,pink
255,0,164,en,magenta,magenta
47,255,0,en,green,green
255,0,63,en,red,red
188,0,255,en,purple,purple
255,0,191,en,fushia,fushia
255,94,0,en,orange,orange
255,247,0,en,yellow,yellow
255,226,0,en,yellow,yellow
175,255,0,en,like green,like green
255,0,100,en,red,red
242,0,255,en,purple,purple
255,135,0,en,orange,orange
255,72,0,en,orange,orange
255,180,0,en,mustard yellow,mustard
255,0,48,en,red,red
255,0,226,en,fuscha,fuscha
202,255,0,en,chartreuse,chartreuse
255,206,0,en,yellow,yellow
116,0,255,en,purple,purple
255,0,131,en,pink,pink
255,0,66,en,red,red
195,0,255,en,purple,purple
218,255,0,en,neon yellow,neon yellow
255,0,97,en,fuchsia,fuchsia
255,207,0,en,yellow,yellow
255,137,0,en,orange,orange
255,0,205,en,magenta,magenta
255,0,245,en,magenta,magenta
155,255,0,en,lime green,lime
154,0,255,en,purple,purple
90,255,0,en,light green,light green
255,174,0,en,orange,orange
255,64,0,en,red,red
255,0,118,en,fuchsia,fuchsia
255,0,35,en,red,red
255,225,0,en,yellow,yellow
255,89,0,en,orange,orange
255,0,175,en,fuchsia,fuchsia
231,0,255,en,magenta,magenta
243,255,0,en,neon yellow,neon yellow
55,255,0,en,green,green
255,129,0,en,orange,orange
255,0,71,en,red,red
255,177,0,en,orange,orange
178,255,0,en,lime,lime
255,219,0,en,yellow,yellow
255,77,0,en,orange,orange
255,0,28,en,red,red
209,0,255,en,purple,purple
255,0,116,en,cerise,cerise
255,0,155,en,pink,pink
255,0,188,en,pink,pink
255,0,219,en,violet,violet
255,254,0,en,yellow,yellow
221,0,255,en,purple,purple
216,255,0,en,yellow,yellow
255,0,108,en,pink,pink
161,0,255,en,purpl,purpl
255,185,0,en,orange,orange
255,92,0,en,orange,orange
255,134,0,en,orange,orange
255,90,0,en,rusty orange,rusty orange
43,0,255,en,royal blue,royal blue
159,255,0,en,lime green,lime
255,201,0,en,yellow,yellow
255,0,225,en,purple,purple
255,0,173,en,pink,pink
255,57,0,en,orange,orange
206,0,255,en,purple,purple
232,255,0,en,bright yellow,bright yellow
255,181,0,en,rusty yellow,rusty yellow
255,0,124,en,dark pink,dark pink
255,221,0,en,yellow,yellow
255,0,88,en,dark pink,dark pink
255,0,17,en,red,red
237,0,255,en,purple,purple
255,0,200,en,dark dink,dark dink
255,0,56,en,red,red
120,255,0,en,light green,light green
194,255,0,en,yellow,yellow
38,255,0,en,green,green
155,0,255,en,purple,purple
255,0,161,en,pink,pink
255,0,200,en,fusia,fusia
227,0,255,en,purple,purple
255,0,239,en,fusia,fusia
189,255,0,en,neon green,neon green
137,255,0,en,neon vreen,neon vreen
255,167,0,en,orange,orange
255,220,0,en,yellow,yellow
255,140,0,en,orange,orange
255,0,66,en,pink red,pink red
255,105,0,en,orange,orange
253,255,0,en,yellow,yellow
121,0,255,en,royal blue,royal blue
78,255,0,en,neon green,neon green
255,0,131,en,pink,pink
255,0,22,en,fire engine red,fire engine red
255,201,0,en,yellow,yellow
210,0,255,en,purple,purple
255,40,0,en,red,red
255,0,89,en,lipstick pink,lipstick pink
255,0,255,en,purple,purple
255,98,0,en,orange,orange
255,0,232,en,purple,purple
236,255,0,en,yellow,yellow
255,0,194,en,pink,pink
255,0,51,en,red,red
255,156,0,en,orange,orange
255,0,132,en,pink,pink
203,255,0,en,lemon,lemon
255,196,0,en,gold,gold
103,255,0,en,lime green,lime
154,255,0,en,lime green,lime
110,0,255,en,purple,purple
255,80,0,en,orange,orange
190,0,255,en,purple,purple
78,0,255,en,purple,purple
255,0,162,en,hot pink,hot pink
255,219,0,en,yellow,yellow
255,126,0,en,orange,orange
255,0,12,en,red,red
255,0,111,en,pink,pink
255,5,0,en,red,red
255,149,0,en,orange,orange
255,109,0,en,orange,orange
255,211,0,en,yellow,yellow
212,255,0,en,yellow,yellow
243,255,0,en,yellow,yellow
255,0,208,en,pink,pink
255,0,146,en,pink,pink
182,255,0,en,green,green
217,255,0,en,green,green
255,207,0,en,orange,orange
255,22,0,en,red,red
255,0,248,en,magenta,magenta
255,0,55,en,pink red,pink red
255,156,0,en,orange,orange
255,0,153,en,bright pink,bright pink
171,255,0,en,green,green
235,255,0,en,yellow,yellow
255,0,215,en,pink,pink
255,0,182,en,pink,pink
255,0,107,en,magenta,magenta
255,217,0,en,yellow,yellow
184,0,255,en,purple,purple
255,109,0,en,orange,orange
49,255,0,en,green,green
69,0,255,en,blue,blue
255,137,0,en,orange,orange
141,0,255,en,purple,purple
255,0,47,en,red,red
255,0,130,en,pink,pink
255,0,117,en,hot pink,hot pink
255,228,0,en,yellow,yellow
255,0,7,en,red,red
255,251,0,en,yellow,yellow
138,0,255,en,purple,purple
200,0,255,en,violet,violet
255,50,0,en,dark orange,dark orange
255,0,183,en,hot pink,hot pink
255,0,169,en,dark hot pink,dark hot pink
255,196,0,en,gold orange,gold orange
175,255,0,en,bright lime green,bright lime green
255,153,0,en,lightish orange,lightish orange
255,0,104,en,pink,pink
255,90,0,en,orange,orange
223,255,0,en,yellow green,yellow green
245,0,255,en,brightish violet,brightish violet
255,0,64,en,rose pink,rose
255,0,228,en,bright violet,bright violet
255,132,0,en,orange,orange
124,255,0,en,dark lime green,dark lime green
255,150,0,en,orange,orange
255,0,73,en,magenta,magenta
118,0,255,en,purple,purple
236,255,0,en,yellow,yellow
255,0,124,en,hot pink,hot pink
255,236,0,en,goldenrod,goldenrod
255,72,0,en,red orange,red orange
255,194,0,en,golden,gold
184,0,255,en,purple,purple
181,255,0,en,lime,lime
255,0,186,en,magenta,magenta
224,0,255,en,plum,plum
255,0,36,en,red,red
255,0,152,en,hot pink,hot pink
112,255,0,en,green,green
255,94,0,en,orange red,orange-red
255,0,211,en,pink,pink
255,160,0,en,goldenrod,goldenrod
255,0,96,en,hot pink,hot pink
210,255,0,en,lime,lime
255,234,0,en,yellow,yellow
255,0,222,en,magenta,magenta
255,161,0,en,light orange,light orange
255,0,119,en,light red,light red
233,0,255,en,purple,purple
255,22,0,en,red,red
255,0,148,en,pink,pink
255,206,0,en,dirty yellow,dirty yellow
255,133,0,en,orange,orange
255,246,0,en,yellow,yellow
211,0,255,en,magenta,magenta
255,0,75,en,red,red
255,0,28,en,light red,light red
255,96,0,en,orange,orange
255,0,83,en,red,red
216,255,0,en,yellow green,yellow green
133,0,255,en,purple,purple
156,255,0,en,light lime,light lime
255,0,180,en,pink,pink
106,255,0,en,lime,lime
255,115,0,en,orange,orange
255,0,252,en,purple,purple
255,250,0,en,yellow,yellow
255,173,0,en,orange,orange
255,0,168,en,pink,pink
255,0,223,en,pink,pink
121,255,0,en,green,green
255,135,0,en,orange,orange
255,0,26,en,light red,light red
117,255,0,en,green,green
156,255,0,en,yellow green,yellow green
139,0,255,en,purple,purple
255,171,0,en,orange,orange
255,2,0,en,red,red
255,0,53,en,light red,light red
255,220,0,en,light orange,light orange
255,142,0,en,orange,orange
209,255,0,en,yellow green,yellow green
251,255,0,en,yellow,yellow
206,0,255,en,magenta,magenta
68,0,255,en,dark purple,dark purple
255,127,0,en,orange,orange
255,0,198,en,pink,pink
255,246,0,en,yellow,yellow
255,0,86,en,pink,pink
255,0,32,en,red,red
255,234,0,en,yellow,yellow
255,0,223,en,pink,pink
155,0,255,en,purple,purple
255,0,249,en,pink,pink
191,255,0,en,yellow green,yellow green
165,255,0,en,green,green
255,0,166,en,pink,pink
115,255,0,en,green,green
255,0,131,en,pink,pink
255,0,71,en,red,red
255,177,0,en,orange,orange
255,77,0,en,orange,orange
255,202,0,en,yellow,yellow
255,111,0,en,orange,orange
64,0,255,en,blue,blue
194,0,255,en,purple,purple
255,0,179,en,fuschia,fuschia
164,255,0,en,light green,light green
82,255,0,en,green,green
255,157,0,en,orange,orange
255,125,0,en,dark orange,dark orange
255,0,215,en,hot pink,hot pink
255,198,0,en,yellow,yellow
255,52,0,en,red,red
255,242,0,en,yellow,yellow
211,255,0,en,light green,light green
255,0,61,en,hot red,hot red
255,0,22,en,red,red
92,0,255,en,blue purple,blue purple
255,0,164,en,magenta,magenta
255,0,122,en,hot pink,hot pink
255,184,0,en,mustard,mustard
233,0,255,en,light purple,light purple
95,255,0,en,neon green,neon green
255,176,0,en,mustard,mustard
197,255,0,en,neon green,neon green
212,0,255,en,purple,purple
255,0,244,en,mauve,mauve
255,62,0,en,red/orange,redorange
255,150,0,en,mustard,mustard
255,250,0,en,yellow,yellow
255,0,3,en,red,red
255,0,80,en,light red,light red
255,0,187,en,mauve,mauve
255,83,0,en,light orange,light orange
255,0,107,en,pink,pink
126,0,255,en,purple,purple
255,218,0,en,yellow,yellow
255,0,167,en,mauve,mauve
78,0,255,en,purple,purple
176,255,0,en,neon green,neon green
255,0,125,en,pink,pink
182,255,0,en,lime green,lime
255,229,0,en,danilion,danilion
200,255,0,en,light green,light green
255,251,0,en,yellow,yellow
255,0,127,en,magenta,magenta
255,0,212,en,hot pink,hot pink
158,0,255,en,purple,purple
255,0,176,en,pink,pink
100,255,0,en,green,green
255,0,154,en,hot pink,hot pink
177,0,255,en,purple,purple
240,0,255,en,magenta,magenta
255,168,0,en,orange,orange
43,0,255,en,blue,blue
255,97,0,en,orange,orange
255,0,15,en,red,red
255,0,118,en,fucia,fucia
255,0,200,en,light purple,light purple
255,55,0,en,blood orange,blood orange
207,255,0,en,yellow,yellow
139,255,0,en,puke green,puke green
171,0,255,en,purple,purple
255,0,94,en,hot pink,hot pink
255,245,0,en,yellow,yellow
193,255,0,en,yellow ochre,yellow ochre
255,0,181,en,pink,pink
146,255,0,en,green,green
255,0,254,en,dark pink,dark pink
255,120,0,en,orange,orange
255,106,0,en,red,red
255,212,0,en,warm yellow,warm yellow
255,0,149,en,warm pink,warm pink
158,0,255,en,purple,purple
255,0,191,en,purpley pink,purpley pink
255,110,0,en,orange,orange
184,255,0,en,lime,lime
255,162,0,en,gentle orange,gentle orange
209,255,0,en,limey yellow,limey yellow
240,0,255,en,purpley pink,purpley pink
204,0,255,en,purple,purple
255,0,41,en,red,red
255,45,0,en,red,red
72,0,255,en,electric blue,electric blue
255,0,222,en,pink,pink
242,255,0,en,yellow,yellow
255,0,120,en,bright pink,bright pink
255,0,69,en,red,red
255,0,95,en,pinkish red,pinkish red
255,150,0,en,orange,orange
255,242,0,en,yellow,yellow
123,255,0,en,lime green,lime
177,255,0,en,light green,light green
255,62,0,en,red,red
255,0,36,en,dark red,dark red
118,255,0,en,lime green,lime
255,0,79,en,pink,pink
255,109,0,en,orange,orange
255,0,209,en,pink,pink
255,0,120,en,pink,pink
144,255,0,en,neon green,neon green
142,0,255,en,purple,purple
255,59,0,en,scarlett,scarlett
12,255,0,en,lime green,lime
255,0,74,en,cherry red,cherry red
255,0,146,en,magenta,magenta
255,0,89,en,strawberry red,strawberry red
255,0,115,en,dark pink,dark pink
243,255,0,en,yellow,yellow
255,0,1,en,red,red
255,221,0,en,dandelion,dandelion
255,148,0,en,orange,orange
255,0,177,en,magenta,magenta
255,0,254,en,fuchsia,fuchsia
102,255,0,en,lime green,lime
213,255,0,en,chartreuse,chartreuse
255,167,0,en,orange,orange
255,84,0,en,burnt orange,burnt orange
204,0,255,en,purple,purple
255,197,0,en,mustard,mustard
255,0,221,en,magenta,magenta
255,0,52,en,red,red
255,251,0,en,yellow,yellow
255,64,0,en,red,red
255,0,206,en,pink,pink
255,93,0,en,orange,orange
255,200,0,en,yellow,yellow
255,182,0,en,orange,orange
188,0,255,en,violet,violet
123,255,0,en,green,green
255,134,0,en,orange,orange
162,255,0,en,lime,lime
87,0,255,en,dark blue,dark blue
255,0,151,en,bright pink,bright pink
255,224,0,en,yellow,yellow
230,0,255,en,magenta,magenta
255,0,10,en,true red,true red
255,199,0,en,orange orange,orange orange
255,109,0,en,orange red,orange-red
255,171,0,en,orange,orange
133,0,255,en,magenta,magenta
235,255,0,en,sick yellow,sick yellow
255,0,116,en,hot pink,hot pink
255,0,179,en,hot pink,hot pink
255,0,92,en,red,red
255,0,238,en,magenta,magenta
20,255,0,en,green,green
255,58,0,en,red,red
255,0,49,en,red,red
187,255,0,en,lime,lime
215,0,255,en,fucsia,fucsia
244,255,0,en,yellow,yellow
255,0,81,en,magenta,magenta
255,135,0,en,burnt orange,burnt orange
255,0,186,en,light purple,light purple
255,0,169,en,magenta,magenta
81,0,255,en,blue,blue
255,0,36,en,red,red
132,0,255,en,purple,purple
255,110,0,en,amber,amber
255,0,77,en,red purple,red purple
229,255,0,en,yellow,yellow
173,255,0,en,lime green,lime
255,185,0,en,dark yellow,dark yellow
126,255,0,en,neon green,neon green
255,223,0,en,yellow,yellow
255,0,119,en,light purple,light purple
255,0,217,en,magenta,magenta
255,78,0,en,burnt sienna,burnt sienna
248,0,255,en,electric purple,electric purple
255,174,0,en,dark yellow,dark yellow
255,0,93,en,hot pink,hot pink
255,84,0,en,orange,orange
217,255,0,en,neon yellow,neon yellow
255,0,230,en,magenta,magenta
52,255,0,en,neon green,neon green
255,124,0,en,orange,orange
237,0,255,en,magenta,magenta
144,255,0,en,spring green,spring green
255,69,0,en,red orange,red orange
255,0,133,en,hot pink,hot pink
255,163,0,en,tangerine,tangerine
255,0,163,en,hot pink,hot pink
255,0,200,en,hot pink,hot pink
212,0,255,en,neon purple,neon purple
236,255,0,en,yellow,yellow
255,0,32,en,red,red
255,224,0,en,marigold,marigold
255,0,62,en,red,red
255,204,0,en,gold,gold
158,0,255,en,purple,purple
255,0,138,en,pinkish,pinkish
255,0,213,en,something,something
255,251,0,en,yellow,yellow
67,0,255,en,blue,blue
255,208,0,en,gold,gold
255,131,0,en,orange,orange
201,255,0,en,yellow,yellow
175,0,255,en,purple,purple
255,0,74,en,red,red
255,0,23,en,red,red
255,0,91,en,pink,pink
255,0,194,en,pink,pink
96,0,255,en,blue,blue
228,0,255,en,purple,purple
255,74,0,en,orange,orange
255,156,0,en,orange,orange
255,0,166,en,pink,pink
255,215,0,en,yellow,yellow
255,104,0,en,orange,orange
156,255,0,en,green,green
88,255,0,en,green,green
255,0,206,en,magenta,magenta
215,255,0,en,yellow,yellow
255,110,0,en,orange,orange
255,0,91,en,fuchsia,fuchsia
255,146,0,en,tangerine,tangerine
218,0,255,en,magenta,magenta
255,212,0,en,gold,gold
79,255,0,en,lime green,lime
255,0,245,en,magenta,magenta
255,159,0,en,tangerine,tangerine
255,0,61,en,crimson,crimson
255,0,14,en,red,red
255,0,136,en,fuchsia,fuchsia
255,18,0,en,red,red
246,0,255,en,purple,purple
94,0,255,en,violet,violet
236,255,0,en,yellow,yellow
255,205,0,en,gold,gold
255,0,174,en,fuchsia,fuchsia
158,255,0,en,chartreuse,chartreuse
255,0,16,en,red,red
255,113,0,en,orange,orange
255,0,138,en,hot pink,hot pink
255,233,0,en,yellow,yellow
255,147,0,en,orange,orange
113,0,255,en,purple,purple
255,0,156,en,magenta,magenta
255,184,0,en,amber,amber
217,255,0,en,yellow green,yellow green
117,255,0,en,green,green
255,0,199,en,fuchsia,fuchsia
234,255,0,en,yellow,yellow
219,0,255,en,purple,purple
255,0,78,en,red,red
255,0,221,en,fuchsia,fuchsia
209,0,255,en,purple,purple
153,255,0,en,green,green
255,165,0,en,orange,orange
255,0,87,en,red,red
255,38,0,en,red,red
255,159,0,en,orange,orange
128,0,255,en,purple,purple
219,0,255,en,dark pink,dark pink
255,191,0,en,goldenrod,goldenrod
255,0,191,en,magenta,magenta
255,0,93,en,dark pink,dark pink
204,0,255,en,purple,purple
255,238,0,en,yellow,yellow
171,255,0,en,highlighter green,highlighter green
255,0,153,en,dark pink,dark pink
36,255,0,en,light green,light green
255,0,47,en,red,red
255,0,77,en,red pink,red pink
217,255,0,en,yellowgreen,yellow-green
255,247,0,en,yellow,yellow
125,255,0,en,lime green,lime
255,48,0,en,redorange,redorange
255,94,0,en,orange,orange
255,0,112,en,dark pink,dark pink
255,0,218,en,magenta,magenta
255,125,0,en,orange,orange
75,0,255,en,royal purple,royal purple
255,0,13,en,red,red
229,0,255,en,purple,purple
255,77,0,en,red,red
255,0,70,en,red,red
157,255,0,en,light green,light green
239,255,0,en,yellow,yellow
255,181,0,en,orange,orange
191,0,255,en,purple,purple
255,0,245,en,pink,pink
126,0,255,en,purple,purple
255,200,0,en,orange,orange
255,0,86,en,red,red
255,0,204,en,pink,pink
255,0,115,en,red,red
255,99,0,en,orange,orange
229,255,0,en,yellow,yellow
255,227,0,en,yellow,yellow
80,255,0,en,green,green
255,136,0,en,orange,orange
255,134,0,en,orange,orange
128,255,0,en,green,green
255,0,16,en,red,red
255,113,0,en,orange,orange
255,204,0,en,yellow,yellow
190,0,255,en,purple,purple
255,33,0,en,red,red
255,176,0,en,light orange,light orange
255,0,230,en,pink,pink
255,0,165,en,dark pink,dark pink
255,0,142,en,dark pink,dark pink
144,255,0,en,green,green
239,0,255,en,pink,pink
128,0,255,en,purple,purple
198,255,0,en,light green,light green
255,0,203,en,dark pink,dark pink
255,245,0,en,yellow,yellow
255,0,58,en,red,red
255,217,0,en,light orange,light orange
255,0,243,en,pink,pink
240,255,0,en,yellow,yellow
255,204,0,en,yellow,yellow
255,20,0,en,red,red
84,255,0,en,green,green
184,0,255,en,purple,purple
255,0,100,en,pink,pink
255,0,255,en,magenta,magenta
255,0,209,en,pink,pink
255,0,55,en,red,red
185,255,0,en,yellow green,yellow green
255,0,148,en,pink,pink
228,255,0,en,yellow,yellow
255,154,0,en,orange,orange
156,0,255,en,magenta,magenta
255,91,0,en,orange,orange
255,0,7,en,red,red
63,0,255,en,blue,blue
255,0,135,en,pink,pink
255,123,0,en,orange,orange
255,221,0,en,yellow,yellow
206,255,0,en,yellow,yellow
139,0,255,en,purple,purple
255,0,141,en,pink,pink
126,255,0,en,green,green
255,166,0,en,orange,orange
50,0,255,en,dark blue,dark blue
255,77,0,en,red,red
255,0,232,en,hot pink,hot pink
255,0,149,en,pink,pink
255,102,0,en,orange,orange
246,0,255,en,magenta,magenta
255,210,0,en,gold,gold
255,74,0,en,red orange,red orange
131,0,255,en,purple,purple
207,255,0,en,neon yellow,neon yellow
255,149,0,en,orange,orange
98,255,0,en,green,green
255,0,80,en,light red,light red
156,255,0,en,yellow green,yellow green
174,0,255,en,violet,violet
255,0,10,en,red,red
255,233,0,en,gold,gold
255,0,129,en,red,red
255,175,0,en,orange,orange
255,0,206,en,magenta,magenta
255,251,0,en,yellow,yellow
255,0,82,en,red,red
255,168,0,en,mandarin orange,mandarin orange
255,186,0,en,orange,orange
255,0,94,en,strawberry pink,strawberry pink
255,136,0,en,orange,orange
252,255,0,en,daisy yellow,daisy yellow
255,0,193,en,hot pink,hot pink
255,0,254,en,pink,pink
93,0,255,en,blue,blue
255,237,0,en,yellow,yellow
255,0,74,en,pink,pink
103,255,0,en,green,green
255,0,167,en,pink,pink
255,21,0,en,red,red
198,0,255,en,purple,purple
255,0,220,en,pink,pink
255,0,141,en,pink,pink
255,102,0,en,orange,orange
255,0,31,en,red,red
207,255,0,en,lime green,lime
184,255,0,en,lime green,lime
205,255,0,en,lime green,lime
255,186,0,en,ochre,ochre
255,0,247,en,magenta,magenta
255,170,0,en,orange,orange
255,0,139,en,puce,puce
142,0,255,en,violet,violet
255,142,0,en,orange,orange
255,0,235,en,magenta,magenta
255,13,0,en,scarlet,scarlet
255,238,0,en,yellow,yellow
165,0,255,en,purple,purple
255,0,66,en,raspberry red,raspberry red
255,0,19,en,red,red
252,255,0,en,yellow,yellow
179,255,0,en,apple green,apple green
255,0,144,en,puce,puce
255,102,0,en,burnt orange,burnt orange
255,0,198,en,puce,puce
65,0,255,en,royal blue,royal blue
255,0,96,en,raspberry red,raspberry red
110,255,0,en,lime green,lime
151,0,255,en,violet,violet
255,0,42,en,red,red
255,28,0,en,red,red
255,0,63,en,red,red
255,128,0,en,orange,orange
78,255,0,en,green,green
209,0,255,en,purple,purple
255,0,206,en,purple,purple
255,0,32,en,red,red
197,255,0,en,lime green,lime
255,189,0,en,orange,orange
255,161,0,en,orange,orange
255,0,224,en,purple,purple
255,140,0,en,orange,orange
87,255,0,en,lime green,lime
255,0,146,en,pink,pink
255,0,145,en,pink,pink
255,0,103,en,pink,pink
255,165,0,en,orange,orange
255,28,0,en,red,red
76,0,255,en,blue,blue
236,0,255,en,pink,pink
90,255,0,en,green,green
255,0,192,en,pink,pink
255,0,223,en,purple,purple
255,0,75,en,red,red
255,0,31,en,red,red
119,0,255,en,purple,purple
235,255,0,en,yellow,yellow
255,119,0,en,orange,orange
204,0,255,en,purple,purple
255,0,116,en,pink,pink
255,240,0,en,yellow,yellow
255,183,0,en,orange,orange
255,132,0,en,orange,orange
223,255,0,en,yellow,yellow
160,255,0,en,green,green
255,0,75,en,raspberry,raspberry
255,0,185,en,flamingo,flamingo
255,0,38,en,red,red
255,171,0,en,macaroni,macaroni
191,255,0,en,lime,lime
255,137,0,en,orange,orange
255,0,218,en,magenta,magenta
255,24,0,en,brick red,brick red
127,0,255,en,purple,purple
195,0,255,en,magenta,magenta
137,255,0,en,boogie,boogie
244,255,0,en,un mellow yellow,un mellow yellow
255,193,0,en,macaroni,macaroni
255,217,0,en,golden yellow,golden yellow
255,0,128,en,mauvelous,mauvelous
255,0,163,en,razzle dazzle rose,razzle dazzle rose
255,0,100,en,fuzzy wuzzy,fuzzy wuzzy
255,95,0,en,burnt orange,burnt orange
231,0,255,en,"almost, but not quite royal purple","almost, but not quite royal purple"
78,255,0,en,bright yellow green,bright yellow green
255,0,100,en,magenta,magenta
120,0,255,en,taki purple,taki purple
98,255,0,en,chartreuse,chartreuse
255,205,0,en,university yellow,university yellow
255,48,0,en,cherry red,cherry red
244,255,0,en,highlighter yellow,highlighter yellow
255,169,0,en,marigold,marigold
255,146,0,en,autumn,autumn
212,255,0,en,chartreuse,chartreuse
255,0,56,en,strawberry red,strawberry red
255,0,218,en,magenta,magenta
255,237,0,en,yellow,yellow
255,0,166,en,magenta,magenta
180,0,255,en,neon violet,neon violet
255,112,0,en,orange,orange
146,255,0,en,chartreuse,chartreuse
227,0,255,en,neon pink purple,neon pink purple
255,0,113,en,hot pink,hot pink
61,0,255,en,royal blue,royal blue
255,0,185,en,magenta,magenta
255,0,30,en,cherry red,cherry red
218,0,255,en,violet,violet
255,203,0,en,mustard yellow,mustard
66,0,255,en,deep blue,deep blue
150,0,255,en,indigo,indigo
244,255,0,en,lemon yellow,lemon yellow
255,0,133,en,hot pink,hot pink
255,0,16,en,bright red,bright red
255,0,234,en,neon pink,neon pink
255,94,0,en,hot orange,hot orange
255,0,101,en,cherry red,cherry red
249,0,255,en,fuchsia,fuchsia
141,255,0,en,neon lime,neon lime
255,0,146,en,hot pink,hot pink
255,0,181,en,neon pink,neon pink
104,255,0,en,neon green,neon green
255,0,68,en,red,red
255,36,0,en,red red,red red
255,224,0,en,medium yellow,medium yellow
191,255,0,en,citron,citron
255,155,0,en,fire orange,fire orange
255,134,0,en,dark orange,dark orange
255,0,29,en,red,red
255,44,0,en,red,red
255,0,54,en,red,red
253,0,255,en,purple,purple
255,155,0,en,orange,orange
255,0,84,en,magenta,magenta
255,0,118,en,magenta,magenta
199,0,255,en,purple,purple
255,0,144,en,pink,pink
255,138,0,en,orange,orange
71,255,0,en,lime green,lime
255,0,202,en,purple/pink,purplepink
255,213,0,en,yellow,yellow
144,255,0,en,lime green,lime
255,250,0,en,yellow,yellow
255,98,0,en,burnt orange,burnt orange
255,203,0,en,mustard,mustard
202,255,0,en,lime green,lime
128,0,255,en,purple,purple
255,0,239,en,purple,purple
167,0,255,en,purple,purple
255,0,168,en,pink,pink
113,0,255,en,blue,blue
136,255,0,en,green,green
193,255,0,en,lime green,lime
255,102,0,en,orange,orange
255,0,67,en,red,red
255,68,0,en,red orange,red orange
255,0,82,en,pink,pink
255,178,0,en,orange,orange
255,0,226,en,pink,pink
255,142,0,en,orange,orange
255,0,24,en,red,red
88,255,0,en,green,green
255,194,0,en,orange,orange
247,255,0,en,yellow,yellow
255,0,136,en,pink,pink
255,0,203,en,pink,pink
239,0,255,en,pink,pink
255,123,0,en,pumpkin orange,pumpkin orange
149,255,0,en,celery green,celery green
255,0,217,en,pink,pink
255,0,138,en,fushia,fushia
255,0,170,en,lipstick pink,lipstick pink
127,255,0,en,spring green,spring green
255,179,0,en,yellow orange,yellow orange
255,0,79,en,hot pink,hot pink
255,198,0,en,sunflower,sunflower
212,0,255,en,lilac,lilac
255,85,0,en,halloween orange,halloween orange
255,0,47,en,fingernail polish pink,fingernail polish pink
255,235,0,en,bright yellow,bright yellow
255,0,249,en,sunset pink,sunset pink
255,42,0,en,red orange,red orange
255,246,0,en,banana yellow,banana yellow
221,255,0,en,yellow,yellow
255,0,181,en,middle pink,middle pink
162,0,255,en,purple,purple
255,0,99,en,cupcake pink,cupcake pink
186,255,0,en,green yellow,green yellow
255,0,172,en,pink,pink
233,0,255,en,magenta,magenta
255,0,88,en,red,red
255,93,0,en,orange,orange
70,255,0,en,lime green,lime
255,201,0,en,gold,gold
255,0,45,en,brick red,brick red
255,0,235,en,magenta,magenta
27,255,0,en,green,green
255,0,77,en,red pink,red pink
255,70,0,en,red,red
71,0,255,en,lavander,lavander
255,167,0,en,orange,orange
255,254,0,en,yellow,yellow
97,0,255,en,deep blue,deep blue
255,142,0,en,orange,orange
218,0,255,en,purple,purple
255,0,209,en,magenta,magenta
168,255,0,en,lime,lime
255,227,0,en,gold,gold
206,0,255,en,violet,violet
255,189,0,en,light orange,light orange
255,151,0,en,orange,orange
255,0,139,en,pink,pink
255,40,0,en,red,red
255,169,0,en,mango,mango
68,0,255,en,dark blue,dark blue
225,255,0,en,yellow,yellow
255,229,0,en,mustard,mustard
255,0,228,en,bright pink,bright pink
253,0,255,en,pink,pink
255,0,69,en,red,red
114,0,255,en,purple,purple
255,0,17,en,red,red
255,255,0,en,yellow,yellow
255,101,0,en,orange,orange
129,255,0,en,green,green
255,0,157,en,pink,pink
255,0,104,en,pink,pink
176,255,0,en,yellowish green,yellowish green
255,0,178,en,pink,pink
255,0,205,en,magenta,magenta
255,3,0,en,red,red
255,157,0,en,orange,orange
255,202,0,en,yellow,yellow
212,0,255,en,purple,purple
153,0,255,en,purple,purple
226,0,255,en,magenta,magenta
255,229,0,en,yellow,yellow
255,0,228,en,pink,pink
255,0,2,en,red,red
255,121,0,en,orange,orange
255,0,60,en,red,red
255,0,134,en,pink,pink
193,255,0,en,green yellow,green yellow
234,255,0,en,yellow,yellow
255,0,152,en,pink,pink
255,93,0,en,orange,orange
255,0,107,en,brick red,brick red
104,255,0,en,lime green,lime
186,0,255,en,purple,purple
255,0,117,en,red,red
255,0,68,en,red,red
255,172,0,en,orange,orange
255,123,0,en,orange,orange
119,255,0,en,green,green
204,255,0,en,neon,neon
255,222,0,en,yellow orange,yellow orange
255,0,47,en,red,red
255,206,0,en,gold,gold
176,255,0,en,neon,neon
255,62,0,en,red,red
255,87,0,en,red,red
255,0,180,en,pink,pink
122,0,255,en,purple,purple
255,0,243,en,purple,purple
254,0,255,en,purple,purple
255,0,92,en,red,red
255,0,171,en,red,red
255,246,0,en,yellow,yellow
255,0,179,en,pink,pink
255,129,0,en,orange,orange
131,0,255,en,violet,violet
255,85,0,en,red orange,red orange
182,0,255,en,magenta,magenta
255,197,0,en,mustard yellow,mustard
255,39,0,en,red,red
225,255,0,en,lime,lime
255,0,53,en,red,red
255,0,47,en,red,red
160,255,0,en,green,green
255,0,111,en,pink,pink
26,0,255,en,royal blue,royal blue
255,0,91,en,red,red
249,255,0,en,yellow,yellow
255,0,244,en,magenta,magenta
227,0,255,en,violet,violet
255,0,169,en,pink,pink
45,255,0,en,neon green,neon green
255,177,0,en,orange,orange
255,193,0,en,dark yellow,dark yellow
255,0,82,en,dark pink,dark pink
254,255,0,en,yellow,yellow
255,0,135,en,hot pink,hot pink
213,0,255,en,purple,purple
255,157,0,en,dark yellow,dark yellow
255,0,74,en,pink,pink
255,0,223,en,pink,pink
255,0,40,en,red,red
255,0,252,en,magenta,magenta
255,0,182,en,pink,pink
79,0,255,en,dark blue,dark blue
255,58,0,en,orange,orange
132,0,255,en,purple,purple
255,0,160,en,pink,pink
255,119,0,en,orange,orange
255,238,0,en,yellow,yellow
176,255,0,en,gda,gda
130,255,0,en,gasg,gasg
255,140,0,en,asgsag,asgsag
225,255,0,en,agsg,agsg
255,0,45,en,red,red
164,255,0,en,lime green,lime
61,255,0,en,neon green,neon green
255,149,0,en,dark orange,dark orange
255,0,223,en,neon purple,neon purple
195,255,0,en,green yellow,green yellow
255,209,0,en,orange,orange
255,179,0,en,orange,orange
255,0,135,en,hot pink,hot pink
178,0,255,en,purple,purple
37,0,255,en,blue,blue
255,0,62,en,red,red
225,0,255,en,purple,purple
255,1,0,en,red,red
255,0,208,en,magenta,magenta
234,255,0,en,yellow,yellow
142,0,255,en,purple,purple
255,0,96,en,dark pink,dark pink
255,97,0,en,orange,orange
255,0,144,en,hot pink,hot pink
255,215,0,en,tangerine,tangerine
255,121,0,en,orange,orange
230,0,255,en,purple,purple
255,0,23,en,red,red
255,0,95,en,dark pink,dark pink
255,0,147,en,pink,pink
255,241,0,en,gold,gold
255,255,0,en,yellow,yellow
255,97,0,en,dark orange,dark orange
255,6,0,en,red,red
255,190,0,en,gold,gold
126,0,255,en,light indigo,light indigo
255,0,194,en,hot pink,hot pink
32,255,0,en,lime,lime
165,0,255,en,purple,purple
161,255,0,en,lime green,lime
255,0,128,en,hot pink,hot pink
113,255,0,en,bright green,bright green
255,0,52,en,red,red
195,255,0,en,puce,puce
255,172,0,en,orange,orange
255,0,224,en,pink,pink
255,197,0,en,red,red
255,224,0,en,red,red
217,0,255,en,yellow,yellow
255,0,207,en,orange,orange
204,255,0,en,violet,violet
255,150,0,en,red,red
255,0,242,en,orange,orange
197,0,255,en,magenta,magenta
255,0,159,en,hot pink,hot pink
255,228,0,en,yellow,yellow
232,255,0,en,lime yellow,lime yellow
95,0,255,en,indigo/purple,indigopurple
149,255,0,en,lime green,lime
255,169,0,en,tangerine orange,tangerine orange
110,255,0,en,lime green,lime
255,0,56,en,red,red
255,66,0,en,red orange,red orange
74,0,255,en,ocean blue,ocean blue
255,0,45,en,fire red,fire red
255,109,0,en,orange,orange
255,149,0,en,light orange,light orange
191,255,0,en,lime yellow,lime yellow
255,0,83,en,strawberry pink,strawberry pink
255,0,208,en,hot pink,hot pink
237,0,255,en,fuschia,fuschia
36,255,0,en,lime green,lime
255,190,0,en,tangerine orange,tangerine orange
255,0,141,en,pink,pink
255,0,215,en,hot pink,hot pink
255,204,0,en,goldenrod,goldenrod
255,153,0,en,tangerine,tangerine
255,145,0,en,pumpkin,pumpkin
255,0,128,en,hot pink,hot pink
255,0,46,en,fuschia,fuschia
255,113,0,en,orange,orange
255,0,89,en,magenta,magenta
90,0,255,en,blue,blue
126,255,0,en,green apple,green apple
205,255,0,en,charteuse,charteuse
133,0,255,en,violet,violet
255,0,54,en,red,red
237,255,0,en,yellow slightly green,yellow slightly green
212,0,255,en,purple,purple
171,255,0,en,lime,lime
255,0,205,en,magenta,magenta
255,72,0,en,burnt orange,burnt orange
255,0,159,en,dark bright-pink,dark bright-pink
248,0,255,en,purple,purple
255,233,0,en,yellow,yellow
255,0,224,en,purple pink,purple pink
255,0,95,en,magenta,magenta
255,0,156,en,pink,pink
255,149,0,en,orange,orange
255,178,0,en,light orange,light orange
255,0,79,en,red,red
255,0,208,en,pink,pink
110,0,255,en,royal blue,royal blue
173,0,255,en,purple,purple
255,234,0,en,yellow,yellow
255,201,0,en,marigold,marigold
219,0,255,en,magenta,magenta
255,0,120,en,hot pink,hot pink
164,255,0,en,lime green,lime
237,255,0,en,bright yellow,bright yellow
185,255,0,en,lime green,lime
255,57,0,en,red,red
255,108,0,en,burnt organ,burnt organ
33,255,0,en,bright green,bright green
255,0,232,en,pink,pink
255,0,7,en,red,red
85,255,0,en,bright green,bright green
255,103,0,en,burnt orange,burnt orange
255,0,84,en,raspberry red,raspberry red
255,0,255,en,magenta,magenta
31,0,255,en,blue,blue
102,0,255,en,indigo,indigo
167,0,255,en,purple,purple
158,255,0,en,safety green,safety green
255,0,194,en,magenta,magenta
255,216,0,en,yellow,yellow
255,73,0,en,red/orange,redorange
255,175,0,en,sunflower yellow,sunflower yellow
204,255,0,en,bright yello,bright yello
255,0,147,en,magenta,magenta
255,0,74,en,red,red
255,202,0,en,yellow,yellow
48,255,0,en,bright green,bright green
240,255,0,en,yellow,yellow
255,144,0,en,orange,orange
255,0,125,en,raspberry,raspberry
255,0,2,en,red,red
255,0,219,en,magenta,magenta
70,0,255,en,blue,blue
255,0,146,en,mauve,mauve
255,104,0,en,orange,orange
149,0,255,en,purple,purple
255,0,207,en,pink,pink
255,45,0,en,orange,orange
255,219,0,en,yellow,yellow
255,0,62,en,red,red
255,139,0,en,orane,orane
255,172,0,en,orange,orange
181,255,0,en,green,green
131,255,0,en,green,green
255,194,0,en,mustard,mustard
216,0,255,en,purple,purple
255,0,236,en,purple,purple
16,255,0,en,lime green,lime
255,0,251,en,purple,purple
255,0,129,en,pink,pink
255,0,85,en,mauve,mauve
227,255,0,en,yellow,yellow
252,255,0,en,mustard,mustard
255,0,32,en,red,red
255,0,138,en,magenta,magenta
255,212,0,en,gold,gold
255,0,88,en,hot pink,hot pink
165,255,0,en,lime green,lime
255,222,0,en,yellow,yellow
255,106,0,en,orange,orange
255,155,0,en,yellow orange,yellow orange
255,0,35,en,red,red
255,0,246,en,pink,pink
255,0,239,en,pink,pink
255,38,0,en,red,red
146,0,255,en,blue purple,blue purple
184,0,255,en,purple,purple
255,0,161,en,magenta,magenta
255,0,78,en,hot pink,hot pink
237,255,0,en,yellow,yellow
64,0,255,en,dark blue,dark blue
255,122,0,en,orange,orange
222,255,0,en,golden rod,golden rod
255,0,204,en,magenta,magenta
52,255,0,en,lime green,lime
255,242,0,en,yellow,yellow
255,0,113,en,magenta,magenta
253,0,255,en,violet,violet
255,0,93,en,dark pink,dark pink
255,155,0,en,golden yellow,golden yellow
238,255,0,en,light yellow,light yellow
255,0,165,en,purple,purple
255,69,0,en,orange,orange
188,255,0,en,lime green,lime
84,255,0,en,light green,light green
255,0,35,en,red,red
190,0,255,en,purple,purple
170,255,0,en,lime green,lime
255,136,0,en,orange,orange
255,0,56,en,dark pink,dark pink
255,113,0,en,orance,orance
104,0,255,en,purple,purple
255,0,222,en,violet,violet
255,0,186,en,magneta,magneta
255,185,0,en,golden yellow,golden yellow
255,0,155,en,pink,pink
255,158,0,en,pumpkin orange,pumpkin orange
255,0,255,en,hot pink,hot pink
59,255,0,en,bright green,bright green
173,255,0,en,light green,light green
220,255,0,en,puke green,puke green
72,0,255,en,navy blue,navy
255,0,241,en,magenta,magenta
255,240,0,en,yellow,yellow
255,0,203,en,magenta pink,magenta pink
255,0,81,en,pink red,pink red
255,0,50,en,red,red
255,134,0,en,light orange,light orange
255,117,0,en,jack o-lantern orange,jack o-lantern orange
255,0,116,en,pink,pink
124,0,255,en,purple,purple
255,255,0,en,yellow,yellow
255,0,9,en,red,red
255,79,0,en,dark orange,dark orange
205,0,255,en,violet,violet
255,189,0,en,yellow orange,yellow orange
255,0,151,en,pink,pink
255,0,142,en,pink,pink
255,0,211,en,purple,purple
205,255,0,en,yellow,yellow
255,0,16,en,red,red
255,0,206,en,purple,purple
53,0,255,en,blue,blue
255,215,0,en,yellow,yellow
185,255,0,en,green,green
255,114,0,en,orange,orange
255,161,0,en,dark yellow,dark yellow
202,0,255,en,purple,purple
255,210,0,en,yellow,yellow
255,0,76,en,pink,pink
226,0,255,en,purple,purple
127,255,0,en,green,green
255,37,0,en,red,red
244,255,0,en,yellow,yellow
255,0,105,en,pink,pink
115,0,255,en,purple,purple
255,143,0,en,orange,orange
191,255,0,en,green,green
255,86,0,en,red,red
255,0,238,en,fuschia,fuschia
255,0,105,en,red,red
255,160,0,en,orange,orange
255,142,0,en,orange,orange
41,0,255,en,blue,blue
255,196,0,en,orange,orange
255,255,0,en,yellow,yellow
255,0,190,en,pink,pink
200,0,255,en,purple,purple
115,255,0,en,green,green
255,0,252,en,fuschia,fuschia
255,55,0,en,red,red
255,0,120,en,red,red
96,0,255,en,blue,blue
255,227,0,en,yellow,yellow
255,0,147,en,pink,pink
177,255,0,en,green,green
255,0,72,en,red,red
255,0,2,en,red,red
255,0,122,en,hot pink,hot pink
255,246,0,en,yellow,yellow
255,0,168,en,magenta,magenta
255,208,0,en,orange,orange
255,0,32,en,red,red
255,95,0,en,bright orange,bright orange
255,0,94,en,hot pink,hot pink
195,0,255,en,purple,purple
255,121,0,en,orange,orange
197,255,0,en,neon yellow,neon yellow
255,0,185,en,magenta,magenta
255,0,240,en,magenta,magenta
255,219,0,en,dark yellow,dark yellow
220,0,255,en,darker magenta,darker magenta
133,255,0,en,neon green,neon green
255,0,80,en,hot red,hot red
106,0,255,en,purple,purple
255,156,0,en,orange,orange
89,255,0,en,lime,lime
255,55,0,en,blood orange,blood orange
255,237,0,en,yellow,yellow
206,255,0,en,lime,lime
203,0,255,en,purple,purple
255,0,33,en,red,red
54,255,0,en,green,green
232,0,255,en,violet,violet
157,255,0,en,lime,lime
255,76,0,en,red,red
255,0,233,en,bright purple,bright purple
255,0,179,en,dark pink,dark pink
255,163,0,en,light orange,light orange
255,100,0,en,orange,orange
255,0,81,en,pink red,pink red
162,0,255,en,violet,violet
255,211,0,en,dark yellow,dark yellow
255,142,0,en,light orange,light orange
255,0,134,en,dark pink,dark pink
246,255,0,en,bright yellow,bright yellow
255,0,71,en,pink red,pink red
255,0,149,en,dark pink,dark pink
255,0,36,en,red,red
255,0,177,en,hot pink,hot pink
255,0,255,en,light purple,light purple
255,238,0,en,yellow,yellow
255,179,0,en,light orange,light orange
255,0,211,en,magenta pink,magenta pink
255,0,132,en,pink,pink
255,0,166,en,magenta pink,magenta pink
194,0,255,en,purple,purple
255,146,0,en,orange,orange
255,0,102,en,hot pink,hot pink
103,0,255,en,indigo,indigo
231,255,0,en,yellow,yellow
255,70,0,en,red,red
199,255,0,en,yellow green,yellow green
182,255,0,en,light green,light green
255,210,0,en,light orange,light orange
255,0,61,en,violet red,violet red
255,118,0,en,orange,orange
120,255,0,en,lime green,lime
255,0,199,en,magenta,magenta
207,0,255,en,fusia,fusia
227,255,0,en,chartrueuse,chartrueuse
99,255,0,en,yellow green,yellow green
255,0,74,en,rose,rose
172,255,0,en,lime green,lime
255,152,0,en,yellow orange,yellow orange
101,0,255,en,purple,purple
255,0,213,en,magenta,magenta
255,58,0,en,red orange,red orange
255,0,20,en,red,red
255,0,105,en,hot pink,hot pink
255,96,0,en,orange,orange
255,0,138,en,hot pink,hot pink
76,0,255,en,purple,purple
255,171,0,en,goldenrod,goldenrod
255,214,0,en,yellow,yellow
255,248,0,en,highlighter yellow,highlighter yellow
255,0,146,en,magenta,magenta
223,0,255,en,fuscia,fuscia
255,208,0,en,dark yellow,dark yellow
255,190,0,en,orange,orange
255,142,0,en,orange,orange
255,0,83,en,red,red
255,0,36,en,red,red
255,219,0,en,yellow,yellow
234,255,0,en,yellow green,yellow green
167,255,0,en,neon green,neon green
255,53,0,en,red,red
255,0,224,en,hot pink,hot pink
255,0,201,en,hot pink,hot pink
255,94,0,en,orange,orange
60,255,0,en,neon green,neon green
255,179,0,en,orange,orange
238,0,255,en,neon purple,neon purple
255,0,151,en,pink,pink
106,0,255,en,purple,purple
186,255,0,en,neon green,neon green
255,0,142,en,pink,pink
75,0,255,en,purple,purple
194,0,255,en,purple,purple
255,0,52,en,red,red
188,255,0,en,lime,lime
255,0,143,en,magenta,magenta
255,0,80,en,red,red
255,82,0,en,tangerine,tangerine
255,0,193,en,fuschia,fuschia
241,255,0,en,butter,butter
185,255,0,en,chartreuse,chartreuse
255,10,0,en,rose,rose
255,0,147,en,raspberry,raspberry
255,0,109,en,ruby,ruby
255,130,0,en,tiger,tiger
255,199,0,en,corn,corn
17,0,255,en,blue,blue
255,0,225,en,magenta,magenta
255,180,0,en,apricot,apricot
255,231,0,en,corn,corn
115,0,255,en,violet,violet
255,0,27,en,red,red
127,255,0,en,lime,lime
185,0,255,en,purple,purple
255,0,148,en,pink,pink
255,195,0,en,yellow,yellow
255,60,0,en,red,red
255,134,0,en,orange,orange
255,152,0,en,orange,orange
255,0,197,en,hot pink,hot pink
240,0,255,en,pinkish purple,pinkish purple
255,112,0,en,orange,orange
255,0,61,en,red,red
233,255,0,en,yellow,yellow
106,0,255,en,dark purple,dark purple
150,255,0,en,light green,light green
164,0,255,en,purple,purple
255,0,42,en,red,red
255,0,217,en,pink,pink
186,255,0,en,bright green,bright green
124,255,0,en,green,green
255,0,113,en,red,red
255,232,0,en,yellow,yellow
255,0,109,en,red,red
255,0,241,en,bright purple,bright purple
199,0,255,en,purple,purple
255,0,127,en,raspberry,raspberry
244,255,0,en,yellow,yellow
255,215,0,en,gold,gold
255,0,251,en,bright purple,bright purple
255,0,159,en,electric purple,electric purple
255,0,17,en,red,red
255,0,79,en,raspberry,raspberry
255,0,82,en,raspberry,raspberry
117,255,0,en,elecrtic green,elecrtic green
255,154,0,en,orange,orange
255,210,0,en,mustard,mustard
255,218,0,en,yellow,yellow
191,0,255,en,purple,purple
255,0,167,en,pink,pink
255,120,0,en,orange,orange
255,0,252,en,pink,pink
255,252,0,en,yellow,yellow
116,0,255,en,purple,purple
255,0,43,en,red,red
255,0,139,en,pink,pink
255,0,81,en,red,red
255,0,70,en,red,red
255,115,0,en,orange,orange
255,0,233,en,pink,pink
130,255,0,en,green,green
198,255,0,en,lime,lime
255,41,0,en,red,red
172,255,0,en,lime,lime
255,0,200,en,pink,pink
255,231,0,en,goldenrod,goldenrod
244,255,0,en,yellow,yellow
6,0,255,en,blue,blue
232,0,255,en,magenta,magenta
63,255,0,en,lime green,lime
255,0,207,en,deep magenta,deep magenta
255,0,109,en,red,red
255,0,121,en,red,red
255,200,0,en,goldenrod,goldenrod
255,0,166,en,cranberry,cranberry
181,0,255,en,light purple,light purple
255,0,245,en,magenta,magenta
189,255,0,en,chartreuse,chartreuse
162,0,255,en,purple,purple
255,47,0,en,red,red
255,99,0,en,red orange,red orange
157,255,0,en,lime green,lime
255,0,80,en,red,red
255,163,0,en,orange,orange
255,137,0,en,deep orange,deep orange
40,255,0,en,lime green,lime
255,0,14,en,red,red
255,0,218,en,magenta,magenta
255,28,0,en,red,red
255,0,39,en,red,red
185,0,255,en,purple,purple
255,0,95,en,alizarin red,alizarin red
123,0,255,en,purple,purple
255,131,0,en,orange,orange
255,167,0,en,orange,orange
255,221,0,en,yellow,yellow
255,102,0,en,orange,orange
255,191,0,en,yellow,yellow
143,255,0,en,green,green
255,0,171,en,magenta,magenta
194,255,0,en,green,green
255,47,0,en,red,red
255,153,0,en,tangerine,tangerine
109,255,0,en,lime green,lime
255,0,203,en,hot pink,hot pink
193,0,255,en,purple,purple
255,243,0,en,yellow,yellow
255,104,0,en,orange,orange
162,255,0,en,lime green,lime
251,0,255,en,pink,pink
255,131,0,en,tangerine,tangerine
255,0,41,en,red,red
255,0,239,en,magenta,magenta
255,0,173,en,barbie,barbie
255,0,126,en,hot pink,hot pink
255,251,0,en,yellow,yellow
132,0,255,en,violet,violet
255,72,0,en,red,red
255,109,0,en,orange,orange
255,0,151,en,magenta,magenta
255,171,0,en,golden yellow,golden yellow
255,0,45,en,bright red,bright red
198,0,255,en,purpley magenta,purpley magenta
38,0,255,en,purple/blue,purpleblue
255,0,228,en,magenta,magenta
255,0,88,en,red,red
91,255,0,en,lime green,lime
255,183,0,en,golden yellow,golden yellow
255,0,68,en,cherry red,cherry red
255,0,251,en,magenta/tints of purple,magentatints of purple
255,231,0,en,yellow,yellow
255,148,0,en,orange,orange
255,0,182,en,magenta,magenta
255,0,115,en,red/hot pink,redhot pink
170,255,0,en,light neon green,light neon green
222,255,0,en,green/yellow,green-yellow
255,0,204,en,pink,pink
255,244,0,en,yellow,yellow
255,69,0,en,red,red
173,255,0,en,lime green,lime
255,215,0,en,light orange,light orange
255,177,0,en,orange,orange
255,209,0,en,light orange,light orange
211,0,255,en,purple,purple
255,96,0,en,red,red
128,0,255,en,violet,violet
255,0,112,en,reddish pink,reddish pink
255,0,250,en,pink,pink
255,0,224,en,pink,pink
100,255,0,en,green,green
48,0,255,en,blue,blue
255,133,0,en,orange,orange
255,0,171,en,pink,pink
255,0,80,en,red,red
255,0,10,en,red,red
255,0,106,en,reddish pink,reddish pink
210,255,0,en,lime yellow,lime yellow
255,0,85,en,res,res
255,0,153,en,pink,pink
255,0,53,en,red,red
255,209,0,en,yellowish orange,yellowish orange
255,242,0,en,lemon yellow,lemon yellow
28,0,255,en,dark blue,dark blue
255,0,195,en,pink,pink
255,0,13,en,red,red
127,255,0,en,neon green,neon green
255,144,0,en,pinky orange,pinky orange
218,255,0,en,yellowish green,yellowish green
255,173,0,en,yellowish orange,yellowish orange
255,110,0,en,reddish orange,reddish orange
124,0,255,en,purple,purple
255,0,243,en,pink,pink
255,81,0,en,reddish orange,reddish orange
255,250,0,en,yellow,yellow
221,0,255,en,purplish pink,purplish pink
178,255,0,en,yellowish green,yellowish green
255,0,127,en,dark pink,dark pink
188,0,255,en,purple,purple
125,0,255,en,purple,purple
255,0,184,en,pink,pink
255,0,152,en,red,red
255,231,0,en,yellow,yellow
233,0,255,en,purple,purple
251,255,0,en,yellow,yellow
134,255,0,en,green,green
255,0,7,en,red,red
47,0,255,en,blue,blue
255,75,0,en,red,red
255,142,0,en,orange,orange
255,181,0,en,orange,orange
255,0,102,en,red,red
255,82,0,en,red,red
192,0,255,en,purple,purple
255,0,128,en,red,red
255,0,64,en,red,red
255,190,0,en,orange,orange
204,255,0,en,green,green
255,0,216,en,purple,purple
57,255,0,en,green,green
255,71,0,en,red,red
49,255,0,en,neon green,neon green
152,0,255,en,purple,purple
202,255,0,en,yellow green,yellow green
255,82,0,en,orange,orange
142,255,0,en,bright green,bright green
255,0,247,en,pink,pink
255,0,172,en,bright pink,bright pink
241,255,0,en,yellow,yellow
255,211,0,en,orange yellow,orange yellow
255,137,0,en,oreange,oreange
255,0,90,en,hot pink,hot pink
255,0,188,en,bright pink,bright pink
255,0,217,en,pink,pink
255,223,0,en,mustard yellow,mustard
255,0,23,en,red,red
185,0,255,en,purple,purple
255,181,0,en,dark yellow,dark yellow
255,0,123,en,bright pink,bright pink
255,0,65,en,pink red,pink red
183,0,255,en,purple,purple
255,30,0,en,red,red
255,235,0,en,yellow,yellow
255,0,129,en,rose pink,rose
246,0,255,en,light purple,light purple
255,0,242,en,light purple,light purple
255,0,89,en,red,red
255,188,0,en,pumpkin orange,pumpkin orange
255,0,145,en,rose pink,rose
255,0,189,en,light purple,light purple
255,135,0,en,light orange,light orange
255,0,31,en,darker red,darker red
255,168,0,en,pumpkin orangel,pumpkin orangel
255,0,52,en,red,red
192,255,0,en,green yellow,green yellow
167,255,0,en,dark green yellow,dark green yellow
255,246,0,en,yellow,yellow
115,0,255,en,purple,purple
96,255,0,en,lime green,lime
255,0,128,en,pink,pink
70,0,255,en,indigo,indigo
163,0,255,en,purple,purple
255,0,239,en,magenta,magenta
229,255,0,en,yellow,yellow
229,0,255,en,purple,purple
255,0,95,en,pink,pink
255,144,0,en,orange,orange
255,78,0,en,red,red
164,0,255,en,purple,purple
255,253,0,en,yellow,yellow
255,0,73,en,pink,pink
158,255,0,en,green,green
255,0,198,en,magenta,magenta
255,233,0,en,yellow,yellow
255,86,0,en,orange,orange
255,0,176,en,magenta,magenta
255,0,26,en,red,red
255,177,0,en,yellow,yellow
87,255,0,en,green,green
255,196,0,en,yellow,yellow
255,180,0,en,mustard,mustard
255,0,159,en,magenta,magenta
220,0,255,en,red violet,red violet
180,255,0,en,neon lime,neon lime
255,30,0,en,red,red
204,0,255,en,orchid,orchid
157,0,255,en,purple,purple
233,255,0,en,neon yellow,neon yellow
255,0,204,en,fushia,fushia
255,0,42,en,blood red,blood red
255,237,0,en,yellow,yellow
255,0,124,en,rose,rose
255,0,62,en,dark red,dark red
84,0,255,en,dark blue,dark blue
255,138,0,en,rust,rust
255,183,0,en,puke,puke
255,102,0,en,coral,coral
255,0,97,en,red violet,red violet
57,255,0,en,bright gree,bright gree
185,255,0,en,lime,lime
255,0,74,en,fuscia,fuscia
255,231,0,en,yellow,yellow
255,0,130,en,hot pink,hot pink
255,0,243,en,magenta,magenta
175,0,255,en,purple,purple
147,0,255,en,purple,purple
148,255,0,en,light green,light green
248,255,0,en,yellow,yellow
255,101,0,en,burnt orange,burnt orange
204,255,0,en,yellow green,yellow green
93,255,0,en,electric green,electric green
255,0,179,en,hot pink,hot pink
255,139,0,en,orange,orange
255,79,0,en,burnt orange,burnt orange
255,152,0,en,orange,orange
255,0,41,en,scarlett,scarlett
255,206,0,en,yellow orange,yellow orange
255,0,151,en,hot pink,hot pink
221,0,255,en,purple,purple
255,0,98,en,fuscia,fuscia
255,69,0,en,red,red
255,189,0,en,orange,orange
227,255,0,en,lime green,lime
255,0,34,en,red,red
255,179,0,en,orange,orange
70,0,255,en,blue,blue
255,227,0,en,dark yellow,dark yellow
255,255,0,en,bright yellow,bright yellow
255,0,114,en,pink,pink
255,124,0,en,orange,orange
236,0,255,en,fuchsia,fuchsia
255,107,0,en,orange,orange
181,255,0,en,lime green,lime
126,0,255,en,purple,purple
255,0,227,en,bright pink,bright pink
255,0,49,en,red,red
255,0,164,en,pink,pink
255,0,200,en,bright pink,bright pink
255,0,86,en,red,red
123,255,0,en,lime green,lime
215,0,255,en,bright purple,bright purple
146,255,0,en,light green,light green
255,151,0,en,orange,orange
255,0,80,en,magenta,magenta
244,255,0,en,yellow,yellow
255,226,0,en,ochre,ochre
255,0,141,en,pink,pink
255,118,0,en,burnt orange,burnt orange
255,0,172,en,pink,pink
255,170,0,en,yellow orange,yellow orange
210,0,255,en,purple,purple
255,54,0,en,red orange,red orange
255,0,19,en,crimson,crimson
204,255,0,en,yellow green,yellow green
255,205,0,en,yellow ochre,yellow ochre
132,255,0,en,light green,light green
220,0,255,en,pink purple,pink purple
255,0,87,en,magenta,magenta
143,0,255,en,violet,violet
255,0,199,en,pink,pink
58,0,255,en,blue,blue
255,0,226,en,fuscia,fuscia
244,0,255,en,magenta,magenta
255,156,0,en,orange,orange
255,133,0,en,orange,orange
89,0,255,en,dark blue,dark blue
255,0,123,en,pink,pink
255,0,37,en,red,red
255,86,0,en,orange,orange
161,255,0,en,lime,lime
255,73,0,en,dark orange,dark orange
240,255,0,en,yellow,yellow
76,255,0,en,light green,light green
122,0,255,en,blue/purple,bluepurple
255,0,83,en,dark pink,dark pink
183,0,255,en,purple,purple
255,0,144,en,pink,pink
255,218,0,en,yellow,yellow
190,255,0,en,lime,lime
255,0,176,en,rose,rose
255,0,72,en,dark pink,dark pink
255,0,226,en,magenta,magenta
255,188,0,en,mustard,mustard
255,0,180,en,violet,violet
255,255,0,en,yellow,yellow
116,0,255,en,purple,purple
255,40,0,en,light red,light red
124,255,0,en,green,green
255,0,59,en,dark red,dark red
255,0,137,en,crimson,crimson
255,162,0,en,sick orange,sick orange
255,0,104,en,crimson,crimson
255,0,156,en,violet,violet
255,109,0,en,dark orange,dark orange
255,239,0,en,yellow,yellow
182,0,255,en,purple,purple
236,0,255,en,light violet,light violet
188,255,0,en,green,green
170,255,0,en,sick green,sick green
255,0,242,en,dark violet,dark violet
255,0,26,en,red,red
255,134,0,en,orange,orange
84,0,255,en,dark purple,dark purple
255,199,0,en,yellow skin,yellow skin
116,255,0,en,"lime, but more blue","lime, but more blue"
255,0,120,en,hot pink,hot pink
232,0,255,en,violet,violet
255,85,0,en,red orange,red orange
255,0,96,en,magenta,magenta
151,255,0,en,"lime, but more yellow","lime, but more yellow"
218,255,0,en,stale lemon yellow,stale lemon yellow
255,0,197,en,"pink, but purple undertones","pink, but purple undertones"
255,151,0,en,orange,orange
255,53,0,en,red orange,red orange
201,0,255,en,wisteria purple,wisteria purple
255,0,34,en,red,red
255,0,231,en,"purple, but pink undertones","purple, but pink undertones"
255,238,0,en,banana yellow,banana yellow
255,0,50,en,red,red
255,0,173,en,"pink, but purple undertones","pink, but purple undertones"
255,255,0,en,banana yellow,banana yellow
255,174,0,en,orange,orange
66,0,255,en,standard blue,standard blue
255,196,0,en,peach orange,peach orange
116,0,255,en,"blue, but with purple undertones","blue, but with purple undertones"
255,172,0,en,tangerine,tangerine
255,0,145,en,fuchsia,fuchsia
255,0,45,en,orange red,orange-red
255,0,247,en,magenta,magenta
255,0,103,en,pink red,pink red
255,0,131,en,dark pink,dark pink
108,255,0,en,neon yellow green,neon yellow green
255,0,117,en,pink,pink
255,64,0,en,red orange,red orange
255,0,250,en,fuchsia,fuchsia
34,255,0,en,neon green,neon green
255,0,207,en,magenta,magenta
255,146,0,en,orange,orange
217,0,255,en,purple,purple
123,0,255,en,indigo,indigo
255,0,110,en,fuchsia,fuchsia
255,184,0,en,yellow,yellow
255,0,181,en,hot pink,hot pink
248,0,255,en,pink,pink
255,80,0,en,orange,orange
91,255,0,en,neon green,neon green
243,255,0,en,bright yellow,bright yellow
255,0,175,en,fuchsia,fuchsia
255,0,59,en,red,red
209,255,0,en,neon yellow,neon yellow
196,0,255,en,purple,purple
255,221,0,en,yellow,yellow
255,0,31,en,red,red
255,0,115,en,fuchsia,fuchsia
255,169,0,en,ochre,ochre
255,146,0,en,ochre,ochre
255,0,241,en,hot pink,hot pink
255,107,0,en,orange,orange
139,255,0,en,neon green,neon green
94,0,255,en,purple,purple
255,208,0,en,yellow,yellow
180,0,255,en,purple,purple
255,0,200,en,pink,pink
150,255,0,en,green,green
214,255,0,en,green,green
255,213,0,en,yellow,yellow
107,0,255,en,purple,purple
255,59,0,en,red,red
255,0,160,en,pink,pink
244,0,255,en,purple,purple
255,174,0,en,orange,orange
255,255,0,en,yellow,yellow
255,0,133,en,pink,pink
255,0,18,en,red,red
255,124,0,en,orange,orange
255,0,94,en,red,red
52,255,0,en,green,green
255,0,52,en,red,red
255,90,0,en,orange,orange
255,0,212,en,pink,pink
253,255,0,en,yellow,yellow
123,255,0,en,pea green,pea green
255,0,221,en,fusia,fusia
216,0,255,en,purple,purple
219,0,255,en,lavender,lavender
255,0,119,en,magenta,magenta
255,110,0,en,orange,orange
255,0,134,en,pink,pink
255,0,177,en,purple,purple
159,255,0,en,green,green
255,0,23,en,red,red
248,0,255,en,purple,purple
255,76,0,en,orange,orange
255,0,106,en,pink,pink
110,255,0,en,green,green
255,0,222,en,purple,purple
255,0,151,en,purple,purple
255,0,66,en,red,red
255,175,0,en,yellow,yellow
232,255,0,en,yellow,yellow
219,255,0,en,yellow,yellow
115,0,255,en,purple,purple
93,0,255,en,blue,blue
255,124,0,en,orange,orange
255,221,0,en,yellow,yellow
255,0,82,en,red,red
255,0,191,en,purple,purple
193,255,0,en,yellow green,yellow green
255,81,0,en,orange,orange
210,0,255,en,purple,purple
255,211,0,en,yellow,yellow
255,219,0,en,yellow,yellow
255,143,0,en,orange,orange
255,0,160,en,magenta,magenta
255,0,58,en,red,red
255,176,0,en,orange,orange
174,255,0,en,yellow green,yellow green
255,185,0,en,orange,orange
255,0,3,en,red,red
255,72,0,en,red,red
255,0,156,en,magenta,magenta
255,168,0,en,tangerine,tangerine
255,190,0,en,marigold,marigold
185,0,255,en,violet,violet
255,0,204,en,bubblegum pink,bubblegum pink
255,215,0,en,sunflower,sunflower
120,255,0,en,neon green,neon green
255,0,99,en,strawberry,strawberry
255,0,137,en,pink,pink
221,0,255,en,fuchsia,fuchsia
188,255,0,en,chartreuse,chartreuse
255,91,0,en,orange,orange
138,255,0,en,lime green,lime
255,120,0,en,safety orange,safety orange
255,0,51,en,strawberry red,strawberry red
255,255,0,en,bright yellow,bright yellow
255,0,239,en,fuchsia,fuchsia
112,0,255,en,purple,purple
255,61,0,en,orange red,orange-red
255,0,41,en,red,red
255,0,158,en,pink,pink
255,107,0,en,orange,orange
255,0,78,en,bright red,bright red
255,20,0,en,red,red
255,0,30,en,red,red
213,0,255,en,purple,purple
85,0,255,en,blue,blue
228,255,0,en,yellow,yellow
242,0,255,en,magenta,magenta
255,196,0,en,goldenrod,goldenrod
255,0,203,en,hot pink,hot pink
255,0,81,en,bright red,bright red
68,255,0,en,green,green
255,0,114,en,bright pink,bright pink
255,0,227,en,hot pink,hot pink
114,0,255,en,purple,purple
255,241,0,en,yellow,yellow
158,255,0,en,lime green,lime
255,144,0,en,oranfe,oranfe
254,255,0,en,yellow,yellow
255,157,0,en,orange,orange
255,201,0,en,yellow,yellow
255,219,0,en,yellow,yellow
84,255,0,en,green,green
43,0,255,en,blue,blue
255,12,0,en,red,red
255,0,11,en,red,red
209,0,255,en,pink,pink
255,0,95,en,red,red
102,0,255,en,violet,violet
255,241,0,en,yellow,yellow
255,158,0,en,orange,orange
255,0,215,en,pink,pink
255,0,118,en,rose,rose
255,129,0,en,orange,orange
255,0,31,en,red,red
139,255,0,en,neon green,neon green
79,255,0,en,lime green,lime
255,115,0,en,burnt orange,burnt orange
255,0,58,en,scarlet,scarlet
200,255,0,en,yellow green,yellow green
233,255,0,en,highlighter yellow,highlighter yellow
255,199,0,en,orange,orange
255,48,0,en,brick,brick
255,0,202,en,magenta,magenta
213,0,255,en,pink purple,pink purple
71,0,255,en,violet,violet
255,0,94,en,red,red
252,0,255,en,magenta,magenta
255,0,162,en,hot pink,hot pink
255,75,0,en,red,red
255,0,159,en,pink,pink
255,0,47,en,red,red
255,0,67,en,red,red
255,179,0,en,yellow,yellow
255,110,0,en,orange,orange
255,250,0,en,yellow,yellow
255,195,0,en,yellow,yellow
175,255,0,en,green,green
255,0,110,en,pink,pink
205,255,0,en,green,green
195,0,255,en,purple,purple
238,0,255,en,pink,pink
96,0,255,en,blue,blue
255,228,0,en,yellow,yellow
255,132,0,en,orange,orange
255,0,125,en,pink,pink
255,0,178,en,pink,pink
255,0,223,en,pink,pink
113,255,0,en,green,green
255,0,102,en,grapefruit,grapefruit
255,72,0,en,tangerine,tangerine
185,255,0,en,chartreuse,chartreuse
87,255,0,en,spring green,spring green
255,0,151,en,magenta,magenta
255,0,232,en,magenta,magenta
255,0,194,en,magenta,magenta
222,0,255,en,purple,purple
201,0,255,en,purple,purple
255,178,0,en,marigold,marigold
255,0,58,en,grapefruit,grapefruit
255,190,0,en,marigold,marigold
255,250,0,en,sun yellow,sun yellow
222,255,0,en,lemon yellow,lemon yellow
255,226,0,en,goldenrod,goldenrod
130,0,255,en,royal blue,royal blue
255,0,138,en,magenta,magenta
255,121,0,en,tangerine,tangerine
255,178,0,en,gold,gold
255,147,0,en,orange,orange
255,115,0,en,orange,orange
255,184,0,en,yellow,yellow
255,0,235,en,magenta,magenta
255,0,108,en,berry,berry
255,0,251,en,magenta,magenta
255,0,154,en,pink,pink
255,0,2,en,red,red
201,255,0,en,chartreuse,chartreuse
248,255,0,en,yellow,yellow
255,216,0,en,yellow,yellow
118,0,255,en,purplo,purplo
183,0,255,en,purple,purple
169,255,0,en,lime,lime
130,255,0,en,lime,lime
255,0,116,en,pink,pink
255,0,188,en,pink,pink
255,77,0,en,dark orange,dark orange
255,0,57,en,red,red
255,0,66,en,dark red,dark red
234,255,0,en,yellow,yellow
255,0,0,en,red,red
255,83,0,en,darkorange,darkorange
255,132,0,en,orange,orange
215,255,0,en,dark yellow,dark yellow
255,164,0,en,light orange,light orange
255,0,109,en,pink,pink
255,0,237,en,purple,purple
182,0,255,en,purple,purple
15,0,255,en,blue,blue
255,0,251,en,pink,pink
255,0,202,en,purple,purple
183,255,0,en,yellow,yellow
162,0,255,en,purple,purple
255,201,0,en,orange,orange
255,0,155,en,pink,pink
255,0,38,en,red,red
255,227,0,en,orange,orange
64,255,0,en,green,green
255,0,116,en,dark red,dark red
235,255,0,en,yellow,yellow
255,0,242,en,pink,pink
255,0,253,en,pink,pink
172,0,255,en,purple,purple
255,0,172,en,pink,pink
255,49,0,en,orange,orange
255,0,110,en,pink,pink
255,96,0,en,orange,orange
255,173,0,en,orange,orange
255,0,25,en,red,red
191,255,0,en,lime,lime
255,0,177,en,pink,pink
255,0,80,en,red,red
34,255,0,en,green,green
161,255,0,en,lime,lime
255,0,116,en,pink,pink
255,209,0,en,yellow,yellow
107,255,0,en,green,green
255,215,0,en,yellow,yellow
129,0,255,en,violet,violet
255,123,0,en,orange,orange
236,0,255,en,magenta,magenta
242,255,0,en,yellow,yellow
255,0,41,en,red,red
44,255,0,en,lime green,lime
255,0,60,en,bright red,bright red
255,133,0,en,orange,orange
255,0,218,en,magenta,magenta
255,0,96,en,pink red,pink red
255,0,139,en,bluish red,bluish red
195,255,0,en,lime green,lime
255,46,0,en,red,red
255,193,0,en,orange yellow,orange yellow
217,0,255,en,purple,purple
181,255,0,en,neon green,neon green
255,0,161,en,pink,pink
255,119,0,en,orange,orange
159,0,255,en,purple,purple
255,202,0,en,yellow,yellow
255,46,0,en,red,red
52,0,255,en,blue,blue
255,166,0,en,orange,orange
255,0,188,en,hot pink,hot pink
180,0,255,en,purple,purple
232,0,255,en,pink,pink
121,255,0,en,neon green,neon green
229,255,0,en,yellow,yellow
255,0,72,en,red,red
255,0,122,en,pinkish red,pinkish red
142,255,0,en,green,green
255,130,0,en,orange,orange
255,0,224,en,pink,pink
255,251,0,en,yellow,yellow
255,0,43,en,red,red
255,213,0,en,puke,puke
255,0,94,en,redish,redish
255,0,28,en,red,red
197,255,0,en,neon yellow,neon yellow
216,0,255,en,purple,purple
255,166,0,en,orange,orange
255,202,0,en,yellow,yellow
255,0,227,en,magenta,magenta
255,216,0,en,yellow,yellow
255,0,141,en,dark magenta,dark magenta
120,0,255,en,violet,violet
255,0,106,en,fuchsia,fuchsia
255,0,70,en,fuchsia,fuchsia
233,255,0,en,neon yellow,neon yellow
255,66,0,en,scarlet,scarlet
130,255,0,en,neon green,neon green
255,0,144,en,fuchsia,fuchsia
255,0,252,en,magenta,magenta
255,0,176,en,magenta,magenta
255,109,0,en,orange,orange
175,255,0,en,yellow green,yellow green
84,0,255,en,violet,violet
255,151,0,en,light orange,light orange
255,77,0,en,coral,coral
255,0,74,en,alizarin crimson,alizarin crimson
92,255,0,en,lime,lime
255,0,227,en,magenta,magenta
255,251,0,en,yellow,yellow
255,0,25,en,red,red
134,0,255,en,periwinkle,periwinkle
255,193,0,en,tangerine,tangerine
255,219,0,en,yellow,yellow
255,0,112,en,magenta,magenta
255,0,146,en,pink,pink
255,162,0,en,orange,orange
147,255,0,en,neon gree,neon gree
252,0,255,en,fuschia,fuschia
230,255,0,en,canary yellow,canary yellow
255,122,0,en,orange,orange
255,0,92,en,alizarin crimson,alizarin crimson
255,88,0,en,coral,coral
39,255,0,en,green,green
255,0,180,en,fucshia,fucshia
69,0,255,en,aquamarine,aquamarine
184,0,255,en,purple,purple
255,196,0,en,yellow,yellow
255,0,203,en,pink,pink
125,255,0,en,green,green
255,0,81,en,red,red
193,255,0,en,lime green,lime
255,0,227,en,fuscia,fuscia
219,0,255,en,purple,purple
255,0,63,en,red,red
255,221,0,en,yellow,yellow
255,246,0,en,yellow,yellow
255,0,47,en,red,red
175,0,255,en,purple,purple
255,178,0,en,yellow orange,yellow orange
108,0,255,en,blue purple,blue purple
255,0,115,en,pinkish red,pinkish red
174,255,0,en,lime green,lime
255,122,0,en,orange,orange
255,58,0,en,red orange,red orange
255,114,0,en,orange,orange
255,0,156,en,fuscia,fuscia
255,0,158,en,pink,pink
74,255,0,en,green,green
255,111,0,en,orange,orange
255,135,0,en,orange,orange
255,188,0,en,yellow,yellow
255,0,181,en,pink,pink
255,176,0,en,orange,orange
255,0,91,en,pink,pink
255,0,67,en,red,red
198,0,255,en,purple,purple
255,215,0,en,yellow,yellow
188,255,0,en,green,green
255,73,0,en,red,red
255,0,232,en,purple,purple
246,255,0,en,yellow,yellow
160,0,255,en,purple,purple
255,0,119,en,pink,pink
255,0,16,en,red,red
183,255,0,en,green,green
255,0,255,en,purple,purple
255,0,209,en,pink,pink
136,0,255,en,purple,purple
255,215,0,en,yellow,yellow
213,0,255,en,purple,purple
255,0,231,en,pink,pink
255,152,0,en,orange,orange
255,124,0,en,orange,orange
255,0,153,en,pink,pink
255,89,0,en,blood orange,blood orange
255,0,53,en,red,red
255,168,0,en,orange,orange
255,254,0,en,yellow,yellow
255,220,0,en,yellow,yellow
162,255,0,en,lime green,lime
255,196,0,en,yellow,yellow
186,255,0,en,green,green
255,0,187,en,pink,pink
255,0,235,en,pink,pink
255,0,44,en,red,red
185,0,255,en,purple,purple
255,0,118,en,raspberry,raspberry
116,0,255,en,purple,purple
118,255,0,en,green,green
247,0,255,en,pink,pink
81,0,255,en,blue,blue
255,81,0,en,orange,orange
255,0,98,en,raspberry,raspberry
96,0,255,en,periwinkle,periwinkle
210,255,0,en,yellow,yellow
255,149,0,en,orange,orange
255,0,96,en,fuschia,fuschia
255,0,150,en,fuschia,fuschia
255,0,112,en,fuschia,fuschia
68,0,255,en,periwinkle,periwinkle
255,0,41,en,fuschia,fuschia
184,255,0,en,yellow,yellow
255,104,0,en,red orange,red orange
255,191,0,en,orange,orange
255,0,233,en,purple,purple
98,255,0,en,lime green,lime
240,0,255,en,purple,purple
255,0,177,en,purple,purple
255,173,0,en,orange,orange
235,255,0,en,yellow,yellow
255,0,70,en,red,red
255,239,0,en,yellow,yellow
255,64,0,en,red orange,red orange
184,0,255,en,purple,purple
174,0,255,en,violent,violent
191,255,0,en,yellow green,yellow green
255,164,0,en,rust orange,rust orange
255,0,105,en,hot pink,hot pink
255,0,244,en,purple,purple
255,0,129,en,pink,pink
255,0,73,en,red pink,red pink
134,0,255,en,blueish purple,blueish purple
255,0,163,en,hot pink,hot pink
238,0,255,en,violent,violent
242,255,0,en,yellow,yellow
120,255,0,en,light green,light green
255,67,0,en,red,red
255,0,190,en,light purple,light purple
255,0,19,en,red,red
255,141,0,en,orange,orange
255,188,0,en,light orange,light orange
255,100,0,en,rust orange,rust orange
255,0,108,en,reddish pink,reddish pink
255,109,0,en,orange,orange
255,0,195,en,pink,pink
131,0,255,en,blueish purple,blueish purple
255,0,9,en,red,red
255,0,154,en,dark pink,dark pink
169,0,255,en,purple,purple
26,255,0,en,florescent green,florescent green
255,254,0,en,yellow,yellow
255,148,0,en,orange,orange
90,255,0,en,fluorescent green,fluorescent green
255,0,217,en,pinkish purple,pinkish purple
55,0,255,en,blue,blue
255,223,0,en,dark yellow,dark yellow
215,255,0,en,yellow,yellow
255,164,0,en,orange,orange
255,187,0,en,light orange,light orange
239,0,255,en,pinkish purple,pinkish purple
255,0,126,en,reddish purple,reddish purple
158,255,0,en,fluorescent green,fluorescent green
255,10,0,en,red,red
255,0,80,en,purplish red,purplish red
255,0,130,en,red,red
255,207,0,en,yellow,yellow
255,0,187,en,pink,pink
191,255,0,en,lime,lime
28,0,255,en,blue,blue
247,0,255,en,purple,purple
255,0,55,en,red,red
170,255,0,en,lime,lime
255,142,0,en,orange,orange
255,0,232,en,pink,pink
235,255,0,en,yellow,yellow
255,0,161,en,magenta,magenta
255,0,42,en,red,red
255,231,0,en,yellow,yellow
255,170,0,en,orange,orange
255,115,0,en,orange,orange
122,255,0,en,green,green
207,0,255,en,purple,purple
255,0,81,en,red,red
95,0,255,en,blue,blue
255,27,0,en,red,red
255,110,0,en,orange,orange
255,0,79,en,red,red
255,0,8,en,red,red
255,121,0,en,orange,orange
227,255,0,en,yellow,yellow
255,15,0,en,red,red
235,0,255,en,light purple,light purple
255,226,0,en,yellow,yellow
255,153,0,en,orange,orange
255,0,149,en,magenta,magenta
192,0,255,en,purple,purple
255,0,236,en,pink,pink
255,95,0,en,orange,orange
124,255,0,en,green,green
255,0,114,en,magenta,magenta
255,0,98,en,magenta,magenta
255,126,0,en,orange,orange
255,0,195,en,pink,pink
179,255,0,en,light green,light green
255,251,0,en,yellow,yellow
255,0,48,en,red,red
255,70,0,en,orange,orange
255,220,0,en,yellow,yellow
26,255,0,en,neon green,neon green
255,0,57,en,red,red
255,153,0,en,orange,orange
255,211,0,en,yellow,yellow
255,210,0,en,dark yellow,dark yellow
137,0,255,en,deep purple,deep purple
205,255,0,en,yellow green,yellow green
255,0,76,en,red,red
255,0,125,en,fuschia,fuschia
168,255,0,en,neon green,neon green
255,0,192,en,magenta,magenta
255,142,0,en,orange,orange
255,111,0,en,orange,orange
99,0,255,en,purple,purple
255,78,0,en,orange red,orange-red
81,0,255,en,purple,purple
255,0,47,en,red,red
234,0,255,en,magenta purple,magenta purple
255,0,228,en,magenta,magenta
207,0,255,en,purple,purple
255,0,161,en,fuschia,fuschia
212,255,0,en,yellow,yellow
255,0,107,en,red,red
111,255,0,en,chartreuse,chartreuse
254,255,0,en,yellow,yellow
197,255,0,en,yellow green,yellow green
255,0,138,en,magenta,magenta
255,107,0,en,orange,orange
255,81,0,en,red,red
255,0,35,en,red,red
255,0,90,en,red,red
255,0,162,en,magenta,magenta
254,0,255,en,magenta,magenta
84,0,255,en,blue,blue
106,255,0,en,neon green,neon green
255,0,214,en,magenta,magenta
255,154,0,en,orange,orange
239,255,0,en,yellow,yellow
150,0,255,en,purple,purple
197,0,255,en,purple,purple
255,150,0,en,orange,orange
255,0,60,en,red,red
176,255,0,en,yellow green,yellow green
255,0,185,en,magenta,magenta
255,226,0,en,yellow,yellow
255,210,0,en,dark yellow,dark yellow
166,255,0,en,lime green,lime
255,24,0,en,red,red
255,206,0,en,orange,orange
235,255,0,en,yellow,yellow
255,0,250,en,magenta,magenta
255,0,102,en,pink,pink
255,0,67,en,red,red
220,255,0,en,neon green,neon green
255,0,126,en,hot pink,hot pink
100,0,255,en,royal blue,royal blue
255,95,0,en,dark orange,dark orange
191,0,255,en,royal purple,royal purple
255,219,0,en,mustard yellow,mustard
255,0,224,en,pink,pink
255,0,171,en,pink,pink
40,0,255,en,blue,blue
255,135,0,en,hot orange,hot orange
255,0,5,en,red,red
255,157,0,en,orange,orange
105,255,0,en,lime green,lime
255,0,207,en,hot pink,hot pink
255,0,138,en,magenta,magenta
155,0,255,en,purple,purple
243,0,255,en,pink,pink
173,255,0,en,lime,lime
255,0,10,en,red,red
255,118,0,en,orange,orange
167,0,255,en,purple,purple
255,216,0,en,yellow,yellow
255,12,0,en,red,red
255,147,0,en,orange,orange
255,0,75,en,pink,pink
191,255,0,en,lemon lime,lemon lime
255,159,0,en,orange,orange
255,0,163,en,purple,purple
110,255,0,en,lime green,lime
246,255,0,en,yelloq,yelloq
255,0,100,en,magenta,magenta
255,0,197,en,purple,purple
255,0,240,en,purple,purple
255,211,0,en,orange,orange
255,235,0,en,yellow,yellow
208,0,255,en,purple,purple
255,0,244,en,pink,pink
255,101,0,en,orange,orange
255,164,0,en,yellow,yellow
255,35,0,en,red,red
255,0,196,en,magenta,magenta
255,0,123,en,ruby red,ruby red
255,0,95,en,red,red
224,0,255,en,purple,purple
255,0,50,en,rose red,rose red
255,149,0,en,gold,gold
255,0,167,en,hot pink,hot pink
255,203,0,en,butter yellow,butter yellow
221,255,0,en,neon green,neon green
255,0,46,en,rose red,rose red
136,255,0,en,light green,light green
80,255,0,en,grass green,grass green
31,0,255,en,dark blue,dark blue
111,0,255,en,violet,violet
231,255,0,en,neon yellow,neon yellow
139,255,0,en,lime green,lime
255,147,0,en,dark orange,dark orange
196,0,255,en,purple,purple
255,176,0,en,light orange,light orange
230,255,0,en,yellow,yellow
255,0,117,en,dark pink,dark pink
255,0,9,en,red,red
255,0,100,en,dark pink,dark pink
255,0,255,en,purple,purple
255,221,0,en,yellow,yellow
255,0,150,en,pink,pink
255,0,230,en,purple,purple
84,0,255,en,blue,blue
57,255,0,en,lime green,lime
255,112,0,en,orange,orange
255,255,0,en,yellow,yellow
255,0,63,en,red,red
255,205,0,en,mustard yellow,mustard
255,23,0,en,red,red
154,0,255,en,purple,purple
255,0,197,en,purple,purple
133,255,0,en,yellow green,yellow green
255,166,0,en,orange,orange
255,0,67,en,hot pink,hot pink
255,191,0,en,yellow orange,yellow orange
255,76,0,en,red orange,red orange
255,131,0,en,orange,orange
74,255,0,en,lime green,lime
255,100,0,en,red orange,red orange
236,255,0,en,yellow,yellow
196,255,0,en,yellow green,yellow green
221,0,255,en,purple,purple
255,0,224,en,hot pink,hot pink
255,0,155,en,pink,pink
143,0,255,en,violet,violet
84,0,255,en,indigo,indigo
255,0,134,en,fascia,fascia
255,223,0,en,yellow,yellow
255,0,93,en,magenta,magenta
255,0,208,en,pink,pink
255,0,29,en,red,red
174,0,255,en,purple,purple
247,0,255,en,magenta,magenta
139,0,255,en,purple,purple
104,255,0,en,green,green
255,165,0,en,orange,orange
255,188,0,en,light orange,light orange
255,0,114,en,hot pink,hot pink
255,238,0,en,yellow,yellow
255,0,225,en,pink,pink
223,255,0,en,yellowish green,yellowish green
54,0,255,en,electric blue,electric blue
178,255,0,en,grass,grass
255,86,0,en,blood orange,blood orange
255,0,97,en,rose,rose
209,0,255,en,magenta,magenta
255,0,47,en,red,red
255,147,0,en,orange,orange
255,54,0,en,blood orange,blood orange
255,0,50,en,red,red
235,255,0,en,yellow,yellow
255,0,165,en,hot pink,hot pink
255,0,193,en,pink,pink
255,108,0,en,orange,orange
255,0,131,en,pink,pink
255,0,219,en,magenta,magenta
255,0,66,en,red,red
255,139,0,en,orange,orange
177,0,255,en,purple,purple
102,255,0,en,lime green,lime
255,200,0,en,yellow,yellow
138,255,0,en,green,green
231,255,0,en,neon yellow,neon yellow
211,255,0,en,yellow,yellow
255,179,0,en,orange,orange
255,50,0,en,red,red
234,0,255,en,purple,purple
255,231,0,en,yellow,yellow
118,0,255,en,purple,purple
255,0,24,en,red,red
255,0,167,en,magenta,magenta
255,0,87,en,red,red
255,0,209,en,pink,pink
255,70,0,en,pumpkin reddish orange,pumpkin reddish orange
210,0,255,en,magenta,magenta
150,0,255,en,reddish purple,reddish purple
255,176,0,en,ochre,ochre
255,0,95,en,dark reddish pink,dark reddish pink
255,132,0,en,yellowish orange,yellowish orange
255,0,227,en,bright purplish pink,bright purplish pink
248,255,0,en,yellow,yellow
255,0,155,en,slighly bluer version of hot pink,slighly bluer version of hot pink
215,255,0,en,tennis ball neon greenish yellow,tennis ball neon greenish yellow
229,0,255,en,magenta,magenta
255,0,133,en,hot pink,hot pink
41,255,0,en,bright green,bright green
255,210,0,en,medium yellow slightly brownish,medium yellow slightly brownish
255,0,32,en,red,red
255,240,0,en,yellow,yellow
169,255,0,en,lime green,lime
255,100,0,en,pumpkin reddish orange,pumpkin reddish orange
255,0,50,en,slightly bluer red,slightly bluer red
255,0,204,en,magenta,magenta
245,255,0,en,yellow,yellow
255,0,120,en,pink,pink
255,242,0,en,yelow,yelow
255,196,0,en,fire orange,fire orange
64,255,0,en,lime green,lime
255,0,251,en,magenta,magenta
255,132,0,en,oragne,oragne
255,105,0,en,orange,orange
188,255,0,en,yellow green,yellow green
184,0,255,en,purple,purple
255,0,175,en,pink,pink
255,0,36,en,red,red
255,174,0,en,orange,orange
163,0,255,en,purple,purple
138,255,0,en,lime green,lime
255,0,89,en,pink,pink
255,29,0,en,red,red
255,0,66,en,pink,pink
255,0,186,en,magenta,magenta
255,0,211,en,magenta,magenta
237,255,0,en,yellow,yellow
255,37,0,en,red,red
255,131,0,en,orange,orange
255,0,69,en,dark red,dark red
126,0,255,en,purple,purple
139,255,0,en,neon green,neon green
255,0,169,en,pink,pink
255,0,245,en,pink,pink
255,210,0,en,yellow orange,yellow orange
195,0,255,en,purple,purple
255,0,39,en,red,red
255,0,89,en,dark pink,dark pink
255,0,127,en,dark pink,dark pink
255,220,0,en,yellow,yellow
95,255,0,en,neon green,neon green
203,255,0,en,yellow green,yellow green
255,0,191,en,pink,pink
255,162,0,en,yellow orange,yellow orange
228,0,255,en,purple,purple
255,111,0,en,orange,orange
255,211,0,en,yellow,yellow
239,0,255,en,fuchsia,fuchsia
207,0,255,en,violet,violet
255,0,181,en,hot pink,hot pink
255,0,123,en,magenta,magenta
255,0,87,en,red,red
141,255,0,en,lime green,lime
255,0,63,en,red,red
255,0,43,en,red,red
243,255,0,en,yellow,yellow
255,76,0,en,dark orange,dark orange
118,255,0,en,lime green,lime
255,164,0,en,orange,orange
255,150,0,en,orange,orange
255,117,0,en,orange,orange
151,0,255,en,purple,purple
255,216,0,en,yellow,yellow
229,255,0,en,chartreuse,chartreuse
255,0,156,en,hot pink,hot pink
255,0,214,en,barbie pink,barbie pink
255,180,0,en,orange,orange
198,255,0,en,lime yellow,lime yellow
201,0,255,en,light purple,light purple
255,0,99,en,light red,light red
255,0,58,en,red,red
255,0,29,en,orange red,orange-red
255,187,0,en,orange,orange
255,0,178,en,pink,pink
255,0,114,en,red,red
155,0,255,en,purple,purple
239,255,0,en,yellow,yellow
255,92,0,en,orange,orange
255,0,157,en,pink,pink
104,255,0,en,lime green,lime
255,0,240,en,purple,purple
234,0,255,en,purple,purple
255,139,0,en,orange,orange
154,255,0,en,lime green,lime
255,50,0,en,orange,orange
255,222,0,en,yellow,yellow
255,0,190,en,hot pink,hot pink
255,243,0,en,yellow,yellow
159,255,0,en,lime green,lime
255,154,0,en,amber,amber
225,0,255,en,lavender,lavender
255,106,0,en,orange,orange
255,0,99,en,pinkish red,pinkish red
176,0,255,en,blurple,blurple
255,194,0,en,gold,gold
255,216,0,en,gold,gold
255,41,0,en,amber,amber
24,255,0,en,lime green,lime
65,0,255,en,blue,blue
255,0,62,en,red,red
255,121,0,en,orange,orange
255,0,146,en,hot pink,hot pink
94,255,0,en,lime green,lime
223,255,0,en,yellow,yellow
255,0,21,en,red,red
255,0,219,en,hot pink,hot pink
158,0,255,en,purple,purple
255,0,131,en,pinkish red,pinkish red
255,212,0,en,mustard,mustard
255,0,78,en,red pink,red pink
255,0,160,en,hot pink,hot pink
255,140,0,en,orange,orange
255,110,0,en,dark orange,dark orange
192,0,255,en,purple,purple
255,0,182,en,hot pink,hot pink
63,0,255,en,navy blue,navy
255,0,255,en,neon purple,neon purple
255,0,215,en,bright pink,bright pink
197,255,0,en,kelly green,kelly green
255,64,0,en,red orange,red orange
255,222,0,en,yellow,yellow
160,255,0,en,lime green,lime
248,255,0,en,bright yellow,bright yellow
78,255,0,en,neon green,neon green
255,0,124,en,hot pink,hot pink
125,0,255,en,royal purple,royal purple
255,168,0,en,orange,orange
255,0,20,en,red,red
255,0,100,en,dark pink,dark pink
255,139,0,en,orange,orange
255,179,0,en,light orange,light orange
255,0,218,en,dark pink,dark pink
255,0,101,en,red,red
142,0,255,en,purple,purple
193,255,0,en,green,green
255,251,0,en,yellow,yellow
150,255,0,en,green,green
255,0,128,en,pink,pink
69,0,255,en,dark blue,dark blue
255,0,34,en,red,red
255,198,0,en,yellow,yellow
222,0,255,en,purple,purple
113,255,0,en,green,green
255,0,50,en,red,red
255,114,0,en,orange,orange
255,225,0,en,yellow,yellow
255,0,152,en,pink,pink
194,0,255,en,purple,purple
255,0,202,en,dark pink,dark pink
255,58,0,en,red,red
226,0,255,en,orange,orange
255,0,236,en,orange,orange
255,208,0,en,orange,orange
255,0,169,en,orange,orange
255,174,0,en,orange,orange
229,255,0,en,orange,orange
255,0,87,en,orange,orange
255,0,29,en,red,red
134,0,255,en,purple,purple
255,197,0,en,yellow,yellow
255,0,192,en,pink,pink
255,0,240,en,purple pink,purple pink
255,123,0,en,orange,orange
255,0,164,en,pink,pink
255,250,0,en,yellow,yellow
255,156,0,en,orange,orange
255,0,69,en,red pink,red pink
255,99,0,en,orange,orange
255,0,121,en,dark pink,dark pink
180,0,255,en,purple,purple
144,255,0,en,neon green,neon green
218,255,0,en,green yellow,green yellow
255,53,0,en,orange red,orange-red
121,255,0,en,light green,light green
255,214,0,en,yellow,yellow
255,0,106,en,dark pink,dark pink
229,0,255,en,purple,purple
217,0,255,en,purpled,purpled
255,0,83,en,red,red
139,255,0,en,green,green
255,164,0,en,orange,orange
138,0,255,en,dark purple,dark purple
255,0,222,en,pink,pink
255,135,0,en,orange,orange
255,74,0,en,red,red
255,192,0,en,orange,orange
239,0,255,en,purple,purple
255,104,0,en,orange,orange
255,0,47,en,red,red
255,0,158,en,pink,pink
255,214,0,en,yellow,yellow
255,253,0,en,yellow,yellow
216,255,0,en,yellow,yellow
255,0,209,en,purple,purple
91,255,0,en,green,green
255,0,119,en,pink,pink
255,0,75,en,red,red
255,155,0,en,orange,orange
255,0,20,en,red,red
255,0,212,en,magenta,magenta
255,202,0,en,chrome yellow,chrome yellow
255,0,111,en,rose,rose
165,255,0,en,chartreuse,chartreuse
255,230,0,en,yellow,yellow
206,255,0,en,lime green,lime
255,126,0,en,dark orange,dark orange
255,0,209,en,hot pink,hot pink
82,255,0,en,yellowish green,yellowish green
102,0,255,en,violet,violet
255,0,132,en,rose,rose
199,0,255,en,purple,purple
254,0,255,en,fuchsia,fuchsia
255,0,70,en,crimson,crimson
255,101,0,en,dark orange,dark orange
255,18,0,en,scarlet,scarlet
255,253,0,en,yellow,yellow
255,0,162,en,magenta,magenta
66,0,255,en,indigo,indigo
255,0,145,en,pink,pink
255,0,117,en,pink,pink
255,25,0,en,red,red
183,255,0,en,lime green,lime
255,0,245,en,magenta,magenta
255,0,71,en,red,red
251,0,255,en,magenta,magenta
109,255,0,en,green,green
50,0,255,en,blue,blue
157,0,255,en,purple,purple
255,206,0,en,gold,gold
191,255,0,en,lime green,lime
255,0,92,en,red,red
255,133,0,en,orange,orange
202,0,255,en,purple,purple
255,219,0,en,gold,gold
255,0,16,en,red,red
255,166,0,en,orange,orange
255,82,0,en,orange,orange
253,255,0,en,yellow,yellow
255,0,192,en,pink,pink
255,0,63,en,red,red
255,0,183,en,magenta,magenta
119,255,0,en,lime,lime
255,0,149,en,magenta,magenta
162,0,255,en,violet,violet
255,160,0,en,orange,orange
179,255,0,en,lime,lime
229,0,255,en,violet,violet
255,0,142,en,dark magenta,dark magenta
255,0,229,en,magenta,magenta
255,0,6,en,red,red
255,208,0,en,golden yellow,golden yellow
213,0,255,en,violet,violet
255,93,0,en,orange,orange
255,0,87,en,red,red
255,238,0,en,yellow,yellow
255,67,0,en,red,red
227,255,0,en,chartruse,chartruse
255,128,0,en,orange,orange
90,0,255,en,purple,purple
255,252,0,en,yellow,yellow
255,0,18,en,red,red
255,141,0,en,orange,orange
255,0,60,en,red,red
64,255,0,en,green,green
255,115,0,en,orange,orange
228,255,0,en,yellow,yellow
143,0,255,en,purple,purple
255,0,107,en,red,red
237,255,0,en,yellow,yellow
255,0,213,en,pink,pink
81,0,255,en,purple,purple
164,0,255,en,magenta,magenta
255,69,0,en,red orange,red orange
243,0,255,en,pink,pink
255,0,128,en,hot pink,hot pink
255,227,0,en,yellow,yellow
255,154,0,en,orange,orange
145,255,0,en,lime green,lime
255,0,166,en,pink,pink
255,207,0,en,yellow,yellow
255,0,177,en,pink,pink
255,126,0,en,orange,orange
119,255,0,en,neon green,neon green
255,0,124,en,hot pink,hot pink
255,0,249,en,fuchsia,fuchsia
255,0,24,en,red,red
80,0,255,en,violet blue,violet-blue
162,255,0,en,neon green,neon green
215,0,255,en,hot pinky purple,hot pinky purple
255,115,0,en,orange,orange
255,0,177,en,neon pink,neon pink
246,255,0,en,neon yellow,neon yellow
255,208,0,en,neon yellow orange,neon yellow orange
128,0,255,en,violey,violey
255,0,244,en,hot pink,hot pink
255,0,54,en,red,red
255,218,0,en,yellow,yellow
255,0,158,en,hot pink,hot pink
255,0,81,en,red,red
194,255,0,en,neon yellow,neon yellow
255,153,0,en,orange,orange
255,0,0,en,red,red
145,0,255,en,purple,purple
255,144,0,en,orange,orange
255,0,206,en,"pink, magenta","pink, magenta"
112,255,0,en,"green, lime green","green, lime green"
198,0,255,en,"purple, light purple, pinkish purple","purple, light purple, pinkish purple"
255,0,150,en,"hot pink, fuschia","hot pink, fuschia"
255,255,0,en,yellow,yellow
229,255,0,en,fluorescent yellow,fluorescent yellow
255,0,33,en,vermillion,vermillion
255,0,80,en,pinkish red,pinkish red
255,62,0,en,red,red
255,114,0,en,orange,orange
255,0,224,en,hot pink,hot pink
255,207,0,en,"yellow, maize","yellow, maize"
255,176,0,en,orangish yellow,orangish yellow
255,0,128,en,fuschia,fuschia
134,255,0,en,lime green,lime
255,0,82,en,magenta,magenta
255,236,0,en,yellow,yellow
250,0,255,en,fuschia,fuschia
255,0,231,en,magenta,magenta
255,0,32,en,orange red,orange-red
255,0,185,en,hot pink,hot pink
255,177,0,en,mustard,mustard
255,0,61,en,pink red,pink red
120,0,255,en,purple,purple
255,125,0,en,orange,orange
255,233,0,en,yellow,yellow
255,98,0,en,deep orange,deep orange
255,0,153,en,hot pink,hot pink
149,255,0,en,lime green,lime
255,0,123,en,dark hot pink,dark hot pink
102,255,0,en,medium neon green,medium neon green
255,197,0,en,mustard,mustard
240,0,255,en,magenta,magenta
227,255,0,en,greener yellow,greener yellow
181,0,255,en,purple,purple
255,249,0,en,yellow,yellow
255,0,108,en,hot pink,hot pink
255,69,0,en,deep orange,deep orange
255,0,98,en,magenta,magenta
255,122,0,en,tangerine,tangerine
255,95,0,en,orange,orange
255,223,0,en,yellow,yellow
190,255,0,en,neon yellow,neon yellow
255,0,43,en,red,red
125,255,0,en,lime green,lime
255,0,134,en,magenta,magenta
255,0,148,en,hot pink,hot pink
113,0,255,en,purple,purple
255,175,0,en,mustard,mustard
255,56,0,en,red orange,red orange
213,0,255,en,hot pink,hot pink
255,204,0,en,mustard,mustard
255,245,0,en,yellow,yellow
62,0,255,en,midnight blue,midnight blue
179,255,0,en,yellow green,yellow green
244,0,255,en,magenta,magenta
255,0,107,en,pinkish red,pinkish red
255,226,0,en,yellow,yellow
109,255,0,en,lime green,lime
255,0,80,en,reddish pink,reddish pink
255,0,137,en,pink,pink
11,255,0,en,neon green,neon green
152,255,0,en,yellowish lime green,yellowish lime green
255,10,0,en,bright red,bright red
239,0,255,en,pink,pink
255,0,197,en,really pink,really pink
255,168,0,en,gold,gold
141,0,255,en,dark purple,dark purple
255,195,0,en,yellow,yellow
196,0,255,en,purple,purple
255,88,0,en,burnt orange,burnt orange
255,0,162,en,bright pink,bright pink
255,245,0,en,yellow,yellow
255,0,9,en,red,red
255,136,0,en,orange,orange
202,255,0,en,yellowish lime green,yellowish lime green
255,0,212,en,pink,pink
255,217,0,en,super sonic,super sonic
255,0,63,en,kunckles,kunckles
255,68,0,en,fire orange,fire orange
159,0,255,en,purple,purple
255,0,42,en,red,red
255,82,0,en,fire orange,fire orange
245,255,0,en,piss yellow,piss yellow
255,0,198,en,amy pink,amy pink
191,255,0,en,neon green,neon green
255,0,171,en,amy pink,amy pink
255,0,122,en,hot pink,hot pink
129,255,0,en,neon green,neon green
244,0,255,en,purple pink,purple pink
255,152,0,en,orange,orange
135,255,0,en,neon green,neon green
255,189,0,en,roo orange,roo orange
255,0,106,en,hot pink,hot pink
255,0,225,en,neon pink,neon pink
255,149,0,en,roo shirt orange,roo shirt orange
167,0,255,en,purple,purple
63,255,0,en,green,green
255,0,225,en,magenta,magenta
255,172,0,en,orange,orange
140,0,255,en,purple,purple
255,0,91,en,red,red
255,250,0,en,yellow,yellow
255,0,130,en,pink,pink
255,0,190,en,magenta,magenta
255,136,0,en,orange,orange
215,255,0,en,yellow,yellow
66,0,255,en,periwinkle,periwinkle
250,0,255,en,purple,purple
255,0,41,en,red,red
255,241,0,en,yellow,yellow
255,202,0,en,golden yellow,golden yellow
255,0,56,en,red,red
255,88,0,en,red orange,red orange
189,0,255,en,purple,purple
157,255,0,en,lime green,lime
255,77,0,en,red orange,red orange
255,0,145,en,magenta,magenta
255,0,128,en,magenta,magenta
255,189,0,en,orange,orange
133,255,0,en,lime,lime
255,255,0,en,yellow,yellow
255,0,163,en,pink,pink
243,0,255,en,violet,violet
255,138,0,en,orange,orange
255,223,0,en,yellow,yellow
255,109,0,en,burnt orange,burnt orange
194,0,255,en,purple,purple
255,173,0,en,gold,gold
255,40,0,en,ref,ref
255,0,21,en,red,red
255,0,217,en,pink,pink
255,0,74,en,red,red
255,0,191,en,pink,pink
255,0,90,en,magenta,magenta
113,255,0,en,electric green,electric green
86,0,255,en,royal blue,royal blue
134,0,255,en,purple,purple
219,255,0,en,fluorescent yellow,fluorescent yellow
255,0,33,en,tomato,tomato
255,134,0,en,orange,orange
255,117,0,en,blood orange,blood orange
255,0,155,en,magenta,magenta
255,194,0,en,honey,honey
255,51,0,en,red,red
122,0,255,en,purple,purple
255,0,242,en,magenta,magenta
255,240,0,en,golden,gold
208,255,0,en,lime,lime
53,255,0,en,grass,grass
255,162,0,en,tangerine,tangerine
255,0,205,en,burn my eyes,burn my eyes
255,0,80,en,rose,rose
255,0,118,en,rose,rose
255,251,0,en,highlighter,highlighter
206,0,255,en,lavender,lavender
255,0,248,en,magenta,magenta
116,255,0,en,lime green,lime
100,0,255,en,violet,violet
161,255,0,en,greenish yellow,greenish yellow
255,0,212,en,neon pink,neon pink
233,255,0,en,yellow,yellow
255,0,106,en,pink,pink
189,0,255,en,purple,purple
85,0,255,en,royal blue,royal blue
252,0,255,en,neon pink,neon pink
255,0,9,en,red,red
224,255,0,en,yellow,yellow
255,0,127,en,pink,pink
255,0,52,en,pink,pink
255,0,169,en,neon pink,neon pink
255,36,0,en,red,red
255,115,0,en,orange,orange
255,123,0,en,orange,orange
255,173,0,en,orangish yellow,orangish yellow
255,212,0,en,yellow,yellow
255,218,0,en,yellow,yellow
255,0,101,en,hot pink,hot pink
44,0,255,en,royal blue,royal blue
255,153,0,en,orange,orange
165,255,0,en,lime green,lime
237,0,255,en,purple,purple
107,0,255,en,purple,purple
108,255,0,en,lime green,lime
255,0,218,en,fuchsia,fuchsia
255,0,154,en,hot pink,hot pink
255,0,177,en,flamingo pink,flamingo pink
255,0,31,en,red,red
255,50,0,en,orange,orange
255,219,0,en,yellow,yellow
255,247,0,en,bright yellow,bright yellow
255,0,76,en,red,red
255,146,0,en,tangerine,tangerine
214,255,0,en,lime,lime
255,0,140,en,hot pink,hot pink
194,0,255,en,purple,purple
255,118,0,en,orange,orange
255,196,0,en,yellow,yellow
255,0,217,en,pink,pink
85,0,255,en,indigo,indigo
121,0,255,en,purple,purple
169,255,0,en,greenish yellow,greenish yellow
255,56,0,en,brown,brown
255,0,74,en,red,red
255,0,48,en,red,red
255,0,139,en,pink,pink
255,0,208,en,purple,purple
255,253,0,en,yellow,yellow
255,96,0,en,brown,brown
186,0,255,en,purple,purple
255,0,101,en,pink,pink
213,0,255,en,purple,purple
225,255,0,en,yellow green,yellow green
255,115,0,en,orange,orange
255,126,0,en,orange,orange
96,0,255,en,purple,purple
255,188,0,en,orange,orange
255,0,165,en,pink,pink
62,0,255,en,purple,purple
255,0,114,en,light red,light red
243,255,0,en,greenish yellow,greenish yellow
255,177,0,en,orange,orange
255,0,74,en,red,red
255,217,0,en,orangish yellow,orangish yellow
255,49,0,en,red,red
255,0,211,en,pink,pink
255,0,249,en,pink,pink
255,0,198,en,pink,pink
255,0,44,en,red,red
107,255,0,en,green,green
182,255,0,en,green,green
255,0,142,en,pink,pink
98,0,255,en,blue,blue
255,235,0,en,yellow,yellow
255,0,19,en,red,red
255,85,0,en,orange,orange
187,0,255,en,purple,purple
181,255,0,en,greenish yellow,greenish yellow
252,0,255,en,purple,purple
255,12,0,en,red,red
255,0,205,en,pink,pink
255,0,171,en,pink,pink
255,0,51,en,red,red
255,0,215,en,pink,pink
255,0,166,en,magenta,magenta
255,175,0,en,light orange,light orange
225,255,0,en,yellow,yellow
180,255,0,en,yellow greeen,yellow greeen
255,208,0,en,mustard,mustard
146,0,255,en,purple,purple
255,0,108,en,pink,pink
255,255,0,en,yellow,yellow
255,232,0,en,gold,gold
255,0,189,en,pink,pink
98,0,255,en,purple,purple
221,255,0,en,greenish yellow,greenish yellow
31,0,255,en,blue,blue
142,255,0,en,lime,lime
255,0,240,en,neon pink,neon pink
255,0,137,en,pink,pink
255,0,153,en,bright pink,bright pink
255,157,0,en,tangerine,tangerine
255,0,192,en,dark pink,dark pink
228,255,0,en,neon yellow,neon yellow
234,255,0,en,bright yellow,bright yellow
101,255,0,en,neon green,neon green
255,6,0,en,red,red
255,115,0,en,burn orange,burn orange
255,0,100,en,dark salmon,dark salmon
198,0,255,en,neon purple,neon purple
255,228,0,en,dark yellow,dark yellow
255,0,3,en,bright red,bright red
255,0,248,en,bright pink,bright pink
255,205,0,en,dark yellow,dark yellow
255,0,66,en,red,red
94,0,255,en,bright purple,bright purple
159,255,0,en,neon green,neon green
255,145,0,en,autumn,autumn
255,0,116,en,pink,pink
255,0,62,en,light red,light red
170,0,255,en,purple,purple
255,0,219,en,magenta,magenta
255,126,0,en,light orange,light orange
255,0,29,en,red,red
255,102,0,en,orange,orange
255,62,0,en,lightred,lightred
253,255,0,en,light yellow,light yellow
255,0,186,en,pink,pink
100,255,0,en,lime green,lime
255,235,0,en,banana,banana
255,0,249,en,magenta,magenta
255,0,119,en,dark pink,dark pink
82,0,255,en,dark blue,dark blue
255,203,0,en,mustard yellow,mustard
255,84,0,en,orange,orange
136,255,0,en,lime green,lime
255,58,0,en,red,red
238,0,255,en,purple,purple
255,242,0,en,yellow,yellow
255,0,234,en,dark pink,dark pink
255,153,0,en,orange,orange
255,0,147,en,pink,pink
255,0,6,en,bright red,bright red
255,0,53,en,red,red
255,152,0,en,orange,orange
204,0,255,en,purple,purple
243,255,0,en,yellow,yellow
52,255,0,en,lime green,lime
201,255,0,en,sickly yellow,sickly yellow
255,0,83,en,red,red
255,0,180,en,pink,pink
255,116,0,en,orange,orange
180,0,255,en,fuschia,fuschia
255,0,92,en,hibiscus,hibiscus
209,255,0,en,fluorescent yellow,fluorescent yellow
252,0,255,en,magenta,magenta
255,222,0,en,goldenrod,goldenrod
104,0,255,en,royal purple,royal purple
255,0,57,en,red,red
255,0,128,en,hot pink,hot pink
255,130,0,en,poppy,poppy
255,0,222,en,magenta,magenta
255,66,0,en,crimson,crimson
255,0,205,en,fuschia,fuschia
53,255,0,en,flourescent  green,flourescent green
255,0,174,en,dark hot pink,dark hot pink
255,204,0,en,goldenrod,goldenrod
255,179,0,en,light orange,light orange
168,255,0,en,lime green,lime
16,255,0,en,green,green
236,255,0,en,highlighter,highlighter
255,110,0,en,orange,orange
255,0,153,en,magenta,magenta
216,0,255,en,purple,purple
255,157,0,en,light orange,light orange
239,255,0,en,yellow,yellow
255,0,197,en,magenta,magenta
255,0,223,en,magenta,magenta
255,0,68,en,red,red
62,0,255,en,dark blue,dark blue
255,0,254,en,magenta,magenta
255,236,0,en,yellow,yellow
255,0,116,en,red,red
255,143,0,en,orange,orange
255,0,101,en,red,red
255,0,48,en,red,red
255,193,0,en,yellow,yellow
172,255,0,en,cactus green,cactus green
93,255,0,en,green,green
139,0,255,en,purple,purple
255,58,0,en,orange,orange
189,255,0,en,lime green,lime
70,255,0,en,lime green,lime
193,255,0,en,greenish yellow,greenish yellow
255,0,81,en,red,red
255,238,0,en,yellow,yellow
255,0,154,en,pink,pink
143,255,0,en,lime green,lime
255,0,121,en,rose,rose
242,255,0,en,yellow,yellow
255,0,24,en,red,red
255,38,0,en,scarlet,scarlet
255,0,184,en,magenta,magenta
161,0,255,en,purple,purple
255,0,250,en,fuchsia,fuchsia
255,177,0,en,light orange,light orange
255,0,220,en,magenta,magenta
255,83,0,en,sunset,sunset
255,0,75,en,red,red
255,198,0,en,sunflower,sunflower
255,138,0,en,orange,orange
209,0,255,en,violet,violet
255,189,0,en,goldenrod,goldenrod
255,0,53,en,crimson,crimson
255,0,202,en,pink,pink
149,255,0,en,yellow green,yellow green
200,255,0,en,acid green,acid green
255,0,216,en,barbie pink,barbie pink
181,0,255,en,pinkish purple,pinkish purple
255,0,6,en,red,red
255,251,0,en,yellow,yellow
255,0,147,en,vivid pink,vivid pink
255,90,0,en,orange,orange
230,0,255,en,fuschia,fuschia
132,255,0,en,leaf green,leaf green
255,128,0,en,orange,orange
255,164,0,en,light orange,light orange
114,0,255,en,violet,violet
255,240,0,en,yellow,yellow
255,0,85,en,cerise,cerise
255,60,0,en,red,red
255,0,131,en,hot pink,hot pink
253,0,255,en,magenta,magenta
255,0,32,en,red,red
105,255,0,en,neon green,neon green
204,0,255,en,purple,purple
255,171,0,en,yellow orange,yellow orange
255,0,124,en,pink,pink
255,103,0,en,orange,orange
255,0,237,en,pink,pink
255,30,0,en,red,red
255,195,0,en,tangerine,tangerine
255,0,210,en,pink,pink
197,255,0,en,green,green
255,0,89,en,dark pink,dark pink
171,255,0,en,green,green
255,138,0,en,orange,orange
255,0,160,en,pink,pink
161,0,255,en,purple,purple
255,0,51,en,red,red
245,255,0,en,yellow,yellow
26,255,0,en,green,green
255,226,0,en,yellow,yellow
255,0,100,en,hot pink,hot pink
225,0,255,en,purple,purple
206,255,0,en,highlighter yellow,highlighter yellow
255,0,140,en,pink,pink
255,0,17,en,red,red
207,0,255,en,purple,purple
255,149,0,en,orange,orange
255,0,211,en,pink,pink
255,114,0,en,orange,orange
255,0,189,en,pink,pink
159,0,255,en,purple,purple
255,65,0,en,red orange,red orange
255,180,0,en,mustard yellow,mustard
106,255,0,en,lime green,lime
255,0,159,en,pink,pink
255,210,0,en,yellow,yellow
255,243,0,en,bright yellow,bright yellow
255,231,0,en,bright yellow,bright yellow
255,0,69,en,red,red
158,255,0,en,lime green,lime
255,0,33,en,red,red
255,217,0,en,yellow,yellow
71,255,0,en,green,green
255,44,0,en,red,red
70,0,255,en,royal blue,royal blue
255,0,114,en,magenta,magenta
255,170,0,en,gold,gold
248,255,0,en,yell,yell
169,255,0,en,lime green,lime
255,0,208,en,hot pink,hot pink
223,0,255,en,purple,purple
196,255,0,en,yellow green,yellow green
255,0,231,en,magenta,magenta
255,133,0,en,orange,orange
205,0,255,en,purple,purple
118,0,255,en,purple,purple
255,0,90,en,red,red
255,0,153,en,magenta,magenta
255,203,0,en,gold,gold
255,0,55,en,red,red
255,84,0,en,burnt orange,burnt orange
204,0,204,en,purple,purple
204,0,136,en,magenta,magenta
204,0,30,en,dark red,dark red
204,60,0,en,mandarin orange,mandarin orange
204,129,0,en,mustard yellow,mustard
104,204,0,en,lime green,lime
166,0,204,en,lavender purple,lavender purple
204,0,158,en,pinkish purple,pinkish purple
131,204,0,en,lime green,lime
204,87,0,en,rusty orange,rusty orange
204,0,193,en,fluorescent purple,fluorescent purple
129,153,0,en,dark green apple,dark green apple
153,151,0,en,goldish yellow,goldish yellow
153,133,0,en,gold,gold
204,0,44,en,stop sign red,stop sign red
93,0,204,en,blueish purple,blueish purple
153,124,0,en,dark gold,dark gold
204,0,81,en,light red,light red
204,0,101,en,dark pink,dark pink
204,114,0,en,orange,orange
255,218,0,en,mustard yellow,mustard
155,255,0,en,lime green,lime
255,183,0,en,orange yellow,orange yellow
255,0,127,en,hot pink,hot pink
255,251,0,en,yellow,yellow
255,0,253,en,neon pink,neon pink
255,0,16,en,red,red
255,49,0,en,red orange,red orange
128,0,255,en,purple,purple
255,99,0,en,orange red,orange-red
255,0,169,en,hot pink,hot pink
191,255,0,en,neon lime green,neon lime green
214,0,255,en,light purple,light purple
121,255,0,en,neon green,neon green
255,0,105,en,bubble gum pink,bubble gum pink
255,172,0,en,kraft mac and cheese orange,kraft mac and cheese orange
255,0,53,en,red pink,red pink
255,0,207,en,neon pink,neon pink
255,137,0,en,fruit orange,fruit orange
255,0,239,en,pink,pink
255,25,0,en,red,red
246,255,0,en,yellow,yellow
255,0,92,en,pink,pink
142,0,255,en,purple,purple
203,255,0,en,lime,lime
86,0,255,en,blue,blue
255,113,0,en,orange,orange
255,151,0,en,orange,orange
255,0,19,en,red,red
255,0,120,en,pink,pink
206,0,255,en,purple,purple
133,255,0,en,light green,light green
255,0,62,en,red,red
255,216,0,en,light orange,light orange
255,0,166,en,pink,pink
185,255,0,en,chartreuse,chartreuse
255,195,0,en,orange,orange
255,0,16,en,red,red
197,255,0,en,chartreuse,chartreuse
243,0,255,en,purple,purple
255,0,187,en,magenta,magenta
14,255,0,en,green,green
255,103,0,en,orange,orange
249,255,0,en,yellow,yellow
255,227,0,en,yellow,yellow
126,255,0,en,green,green
255,58,0,en,red,red
255,0,96,en,magenta,magenta
255,0,117,en,magenta,magenta
215,0,255,en,purple,purple
255,0,159,en,magenta,magenta
255,181,0,en,orange,orange
255,138,0,en,orange,orange
152,0,255,en,violet,violet
255,0,226,en,purple,purple
255,0,55,en,red,red
255,58,0,en,red,red
255,232,0,en,yellow,yellow
159,255,0,en,lime,lime
255,162,0,en,orange,orange
255,149,0,en,orange,orange
93,255,0,en,lime green,lime
255,0,249,en,magenta,magenta
255,0,165,en,hot pink,hot pink
255,0,180,en,neon pink,neon pink
255,0,214,en,magenta,magenta
211,255,0,en,lemon lime,lemon lime
125,0,255,en,purple,purple
255,0,133,en,hot pink,hot pink
255,0,97,en,magenta,magenta
255,0,60,en,red,red
255,244,0,en,yellow,yellow
255,108,0,en,orange,orange
255,203,0,en,goldenrod yellow,goldenrod yellow
187,0,255,en,red violet,red violet
255,0,2,en,red,red
255,22,0,en,red,red
255,218,0,en,yellow,yellow
255,195,0,en,yellow,yellow
199,255,0,en,yellow,yellow
255,0,116,en,pink,pink
255,0,104,en,pink,pink
255,0,239,en,purple,purple
96,0,255,en,blue,blue
252,255,0,en,yellow,yellow
187,0,255,en,purple,purple
255,0,153,en,pink,pink
255,0,80,en,pink,pink
255,181,0,en,yellow,yellow
255,103,0,en,orange,orange
255,0,29,en,red,red
255,0,177,en,purple,purple
135,255,0,en,green,green
255,126,0,en,orange,orange
84,0,255,en,blue,blue
239,0,255,en,purple,purple
104,255,0,en,green,green
137,255,0,en,acid green,acid green
75,255,0,en,lime green,lime
255,0,210,en,fuschia,fuschia
255,0,140,en,hot pink,hot pink
255,226,0,en,yellow,yellow
248,0,255,en,magenta,magenta
193,0,255,en,purple,purple
140,0,255,en,royal purple,royal purple
255,0,164,en,hot pink,hot pink
255,0,71,en,red,red
255,0,103,en,lipstick pink,lipstick pink
200,255,0,en,acid green,acid green
255,83,0,en,red orange,red orange
255,173,0,en,orange,orange
255,253,0,en,lemon yellow,lemon yellow
255,0,240,en,magenta,magenta
255,0,10,en,red,red
255,77,0,en,red orange,red orange
255,194,0,en,gold,gold
255,132,0,en,orange,orange
234,0,255,en,magenta,magenta
255,0,72,en,salmon,salmon
205,255,0,en,chartreuse,chartreuse
255,0,29,en,red,red
255,251,0,en,yellow,yellow
255,179,0,en,orange,orange
255,233,0,en,yellow,yellow
164,255,0,en,chartreuse,chartreuse
255,44,0,en,red,red
152,0,255,en,purple,purple
255,0,217,en,magenta,magenta
255,0,101,en,salmon,salmon
213,0,255,en,fuchsia,fuchsia
255,0,144,en,hot pink,hot pink
255,137,0,en,orange,orange
255,0,183,en,hot pink,hot pink
255,0,133,en,pink,pink
255,193,0,en,yellow,yellow
125,255,0,en,chartreuse,chartreuse
255,111,0,en,burnt orange,burnt orange
255,0,117,en,fuscia,fuscia
255,0,233,en,magenta,magenta
255,0,189,en,neon pink,neon pink
74,0,255,en,royal blue,royal blue
255,223,0,en,mustard,mustard
234,255,0,en,neon yellow,neon yellow
255,0,151,en,hot pink,hot pink
121,255,0,en,lime green,lime
255,190,0,en,goldenrod,goldenrod
144,0,255,en,purple,purple
242,0,255,en,pink,pink
255,0,9,en,red,red
127,0,255,en,purple,purple
252,255,0,en,yellow,yellow
227,255,0,en,yellow,yellow
255,94,0,en,orange,orange
142,255,0,en,green,green
255,0,185,en,pink,pink
194,0,255,en,purple,purple
131,255,0,en,green,green
255,127,0,en,orange,orange
255,0,107,en,red,red
255,234,0,en,yellow,yellow
255,0,227,en,pink,pink
255,0,175,en,pink,pink
255,197,0,en,orange,orange
255,0,128,en,pink,pink
255,61,0,en,red,red
255,153,0,en,orange,orange
255,0,50,en,red,red
255,0,130,en,pink,pink
144,0,255,en,blue,blue
255,0,163,en,magenta,magenta
212,255,0,en,lime,lime
255,125,0,en,orange,orange
255,0,46,en,red,red
255,80,0,en,dark orange,dark orange
255,167,0,en,light orange,light orange
255,230,0,en,yellow,yellow
255,201,0,en,orange,orange
74,0,255,en,blue,blue
255,0,213,en,magenta,magenta
255,0,93,en,red,red
181,0,255,en,purple,purple
255,0,209,en,magenta,magenta
155,255,0,en,leaf green,leaf green
255,97,0,en,dark orange,dark orange
232,255,0,en,yellow,yellow
255,0,80,en,red,red
113,255,0,en,leaf green,leaf green
255,0,3,en,red,red
255,0,182,en,fuchsia,fuchsia
255,0,167,en,magenta,magenta
255,173,0,en,gold,gold
255,134,0,en,yellow orange,yellow orange
255,71,0,en,orange,orange
255,0,66,en,deep red,deep red
31,0,255,en,blue,blue
101,0,255,en,cobalt,cobalt
196,0,255,en,purple,purple
255,0,139,en,magenta,magenta
255,0,233,en,electric purple,electric purple
255,92,0,en,red orange,red orange
78,255,0,en,lime green,lime
255,235,0,en,gold,gold
255,0,89,en,blush,blush
255,191,0,en,dark gold,dark gold
255,255,0,en,yellow,yellow
197,255,0,en,chartreuse,chartreuse
175,255,0,en,chartreuse,chartreuse
255,164,0,en,orange,orange
255,243,0,en,yellow,yellow
255,105,0,en,orange,orange
255,73,0,en,orange,orange
255,0,201,en,pink,pink
255,0,74,en,red,red
91,0,255,en,blue,blue
127,0,255,en,purple,purple
255,0,147,en,pink,pink
255,0,120,en,pink,pink
255,138,0,en,orange,orange
255,0,85,en,red,red
220,0,255,en,purple,purple
145,255,0,en,green,green
255,205,0,en,yellow,yellow
255,0,234,en,pink,pink
189,0,255,en,purple,purple
255,0,7,en,red,red
53,255,0,en,green,green
212,255,0,en,green,green
241,255,0,en,yellow,yellow
255,73,0,en,orange,orange
255,152,0,en,tangerine,tangerine
255,0,16,en,red,red
255,0,67,en,red pink,red pink
121,0,255,en,purple,purple
255,0,229,en,magenta,magenta
255,0,161,en,hot pink,hot pink
255,0,188,en,pink,pink
255,229,0,en,yellow,yellow
211,0,255,en,magenta,magenta
255,144,0,en,orange,orange
255,118,0,en,orange,orange
84,255,0,en,neon green,neon green
255,0,78,en,red,red
255,173,0,en,light orange,light orange
255,250,0,en,yellow,yellow
255,138,0,en,orange,orange
184,255,0,en,lime green,lime
255,0,11,en,red,red
255,185,0,en,yellow,yellow
255,0,225,en,light purple,light purple
198,255,0,en,neon yellow,neon yellow
255,0,110,en,pink,pink
255,0,161,en,pink,pink
255,0,184,en,hot pink,hot pink
255,19,0,en,red,red
255,0,249,en,hot pink,hot pink
145,0,255,en,purple,purple
209,0,255,en,light purple,light purple
70,0,255,en,dark blue,dark blue
255,238,0,en,yellow,yellow
255,0,1,en,red,red
255,245,0,en,yellow,yellow
119,0,255,en,indigo,indigo
184,0,255,en,purple,purple
223,0,255,en,light purple,light purple
255,0,199,en,fuchsia,fuchsia
255,0,148,en,pink,pink
255,215,0,en,yellow,yellow
255,0,84,en,red,red
255,0,116,en,dark pink,dark pink
60,255,0,en,lime green,lime
255,187,0,en,light orange,light orange
255,149,0,en,orange,orange
152,255,0,en,chartreuse,chartreuse
255,0,220,en,fuchsia,fuchsia
255,84,0,en,blood orange,blood orange
255,177,0,en,orange,orange
255,19,0,en,red,red
229,255,0,en,yellow,yellow
255,0,66,en,punch,punch
107,255,0,en,neon green,neon green
255,141,0,en,orange,orange
255,226,0,en,mustard,mustard
164,0,255,en,violet,violet
188,255,0,en,lime,lime
169,255,0,en,lime,lime
57,0,255,en,blue,blue
255,193,0,en,orange,orange
255,114,0,en,tangerine,tangerine
255,0,115,en,magenta,magenta
255,0,32,en,red,red
255,245,0,en,yellow,yellow
238,0,255,en,fuchsia,fuchsia
255,0,110,en,wine,wine red
255,179,0,en,mustard,mustard
255,81,0,en,rust orange,rust orange
255,0,245,en,neon purple,neon purple
255,0,61,en,red,red
142,0,255,en,purple,purple
255,0,152,en,magenta,magenta
255,0,181,en,fushsia,fushsia
255,254,0,en,yellow,yellow
255,0,127,en,violet,violet
255,0,247,en,light blue,light blue
255,138,0,en,red,red
255,91,0,en,red,red
255,207,0,en,orange,orange
53,255,0,en,neon green,neon green
255,34,0,en,red,red
255,170,0,en,tangerine,tangerine
255,230,0,en,yellow,yellow
255,0,166,en,violet,violet
255,0,239,en,violet,violet
122,0,255,en,blue,blue
255,0,92,en,red,red
255,0,75,en,red,red
255,0,47,en,red,red
212,255,0,en,yellow,yellow
161,255,0,en,tangerine,tangerine
255,197,0,en,orange,orange
255,234,0,en,yellow,yellow
169,255,0,en,lemon green,lemon green
208,0,255,en,magenta,magenta
255,252,0,en,yellow,yellow
255,0,226,en,rubine red,rubine red
255,75,0,en,red,red
255,0,166,en,kandy,kandy
249,0,255,en,fucsia,fucsia
82,255,0,en,green,green
136,0,255,en,purple,purple
197,255,0,en,yellow green,yellow green
255,0,82,en,red,red
255,201,0,en,gold yellow,gold yellow
255,118,0,en,orange,orange
255,0,188,en,fucsia,fucsia
255,0,121,en,fucsia,fucsia
255,179,0,en,gold yellow,gold yellow
255,0,63,en,red,red
255,0,14,en,red,red
255,147,0,en,orange,orange
255,0,90,en,strawberry red,strawberry red
255,128,0,en,dark orange,dark orange
255,0,255,en,light pink,light pink
255,0,186,en,light purple,light purple
255,0,216,en,dark pink,dark pink
255,0,147,en,pink red,pink red
255,206,0,en,dark yellow,dark yellow
131,255,0,en,light green,light green
255,0,45,en,red,red
255,0,70,en,strawberry red,strawberry red
242,255,0,en,light yellow,light yellow
121,0,255,en,purple,purple
255,213,0,en,dark yellow,dark yellow
156,255,0,en,light green,light green
255,92,0,en,light brown orange,light brown orange
186,0,255,en,purple,purple
255,71,0,en,dark brown orange,dark brown orange
255,0,122,en,peach,peach
255,168,0,en,yellow orange,yellow orange
190,255,0,en,dark green lizard,dark green lizard
169,255,0,en,neon green,neon green
210,0,255,en,purple,purple
255,115,0,en,orange,orange
255,179,0,en,light orange,light orange
48,0,255,en,cobalt blue,cobalt blue
255,0,89,en,magenta,magenta
253,255,0,en,yellow,yellow
227,255,0,en,neon green,neon green
255,76,0,en,burnt orange,burnt orange
156,0,255,en,purple,purple
255,0,232,en,pink,pink
21,255,0,en,green,green
255,0,75,en,magenta,magenta
255,0,124,en,magenta,magenta
93,255,0,en,neon green,neon green
255,217,0,en,burnt yellow,burnt yellow
255,201,0,en,yellow,yellow
255,0,192,en,pink,pink
255,121,0,en,orange,orange
255,0,15,en,red,red
255,0,254,en,neon pink,neon pink
255,0,175,en,rose,rose
255,178,0,en,yellow orange,yellow orange
225,255,0,en,acid green,acid green
255,119,0,en,orange,orange
110,0,255,en,purple,purple
255,187,0,en,yellow orange,yellow orange
255,125,0,en,orange,orange
255,40,0,en,red orange,red orange
255,0,86,en,hot pink,hot pink
85,0,255,en,purple,purple
255,0,131,en,pink,pink
241,0,255,en,magenta,magenta
255,245,0,en,yellow,yellow
255,0,239,en,pink magenta,pink magenta
255,208,0,en,yellow,yellow
255,127,0,en,orange,orange
255,0,96,en,hot pink,hot pink
255,181,0,en,saturated tan,saturated tan
255,0,153,en,pink,pink
101,255,0,en,green,green
197,255,0,en,yellow green,yellow green
255,0,76,en,red,red
145,255,0,en,green yellow,green yellow
170,0,255,en,purple,purple
255,0,237,en,neon pink,neon pink
242,0,255,en,neon magenta,neon magenta
255,96,0,en,orange,orange
255,0,196,en,pink,pink
254,255,0,en,neon yellow,neon yellow
255,68,0,en,vermillion,vermillion
88,0,255,en,indigo,indigo
121,0,255,en,purple,purple
255,232,0,en,yellow,yellow
255,0,30,en,red,red
255,0,140,en,pink,pink
255,201,0,en,yellow,yellow
255,98,0,en,orange,orange
255,0,225,en,pink,pink
255,0,38,en,red,red
255,179,0,en,honey yellow,honey yellow
255,0,60,en,pink red,pink red
255,0,197,en,magenta,magenta
152,255,0,en,lime green,lime
145,0,255,en,dark purple,dark purple
218,0,255,en,light purple,light purple
72,0,255,en,midnight blue,midnight blue
221,255,0,en,neon yellow,neon yellow
255,0,117,en,redish pink,redish pink
255,0,149,en,pink,pink
229,0,255,en,magenta,magenta
255,0,111,en,redish pink,redish pink
238,255,0,en,neon yellow,neon yellow
255,219,0,en,mustard yellow,mustard
255,81,0,en,orange red,orange-red
255,149,0,en,orange,orange
128,255,0,en,green,green
255,0,97,en,fuchsia,fuchsia
255,74,0,en,vermillion,vermillion
73,0,255,en,indigo,indigo
255,110,0,en,persimmon,persimmon
238,255,0,en,chartreuse,chartreuse
255,180,0,en,clementine,clementine
139,255,0,en,lime green,lime
255,136,0,en,orange,orange
255,0,113,en,t mobile pink,t mobile pink
255,0,197,en,magenta,magenta
255,0,77,en,candy red,candy red
255,0,170,en,hot pink,hot pink
54,255,0,en,bright green,bright green
246,0,255,en,purplish magenta,purplish magenta
194,0,255,en,violet,violet
255,237,0,en,yellow,yellow
255,0,34,en,red,red
207,255,0,en,chartreuse,chartreuse
255,0,229,en,magenta,magenta
105,0,255,en,indigo,indigo
255,205,0,en,yellow,yellow
255,169,0,en,yellow orange,yellow orange
255,109,0,en,orange,orange
255,212,0,en,yellow,yellow
255,0,172,en,magenta,magenta
255,228,0,en,yellow,yellow
166,255,0,en,neon green,neon green
255,124,0,en,orange,orange
255,61,0,en,red,red
255,249,0,en,yellow,yellow
255,0,98,en,hot pink,hot pink
183,0,255,en,neon purple,neon purple
255,0,220,en,magenta,magenta
255,0,208,en,magenta,magenta
141,0,255,en,dark purple,dark purple
255,0,23,en,red,red
255,0,54,en,red,red
115,255,0,en,neon green,neon green
211,255,0,en,acid green,acid green
255,0,254,en,fuschia,fuschia
56,0,255,en,dark blue,dark blue
255,0,142,en,magenta,magenta
255,0,141,en,fuschia,fuschia
187,0,255,en,purple,purple
255,0,156,en,fuschia,fuschia
255,166,0,en,yellow ochre,yellow ochre
255,0,187,en,magenta hot pink,magenta hot pink
82,0,255,en,blue purple,blue purple
255,49,0,en,cadmium red,cadmium red
255,0,33,en,true red,true red
255,123,0,en,orange,orange
255,0,242,en,fuschia,fuschia
230,255,0,en,highlighter yellow,highlighter yellow
173,255,0,en,neon grass green,neon grass green
87,255,0,en,rgb green,rgb green
255,231,0,en,true yellow,true yellow
105,0,255,en,violet,violet
255,115,0,en,orange,orange
224,0,255,en,fuschia,fuschia
255,0,58,en,true red,true red
255,0,85,en,red leaning pink,red leaning pink
255,185,0,en,dark slightly orangey yellow,dark slightly orangey yellow
244,255,0,en,lemon yellow,lemon yellow
255,220,0,en,yellow,yellow
199,255,0,en,yellow green,yellow green
97,0,255,en,halloween purple,halloween purple
255,0,251,en,neon pink,neon pink
255,62,0,en,red,red
255,170,0,en,orange,orange
255,247,0,en,lemon yellow,lemon yellow
180,255,0,en,lime green,lime
255,0,246,en,magenta,magenta
255,72,0,en,orange red,orange-red
255,0,112,en,pink,pink
255,220,0,en,yellow,yellow
255,0,250,en,magenta,magenta
255,0,167,en,cerise,cerise
220,255,0,en,dirty yellow,dirty yellow
255,0,94,en,pink,pink
255,181,0,en,yellow,yellow
255,0,72,en,dark pink,dark pink
255,0,209,en,magenta,magenta
196,0,255,en,purple,purple
118,255,0,en,green,green
255,0,53,en,red,red
255,237,0,en,yellow,yellow
252,0,255,en,purple,purple
204,255,0,en,lime,lime
255,0,26,en,red,red
255,55,0,en,blood orange,blood orange
255,135,0,en,orange,orange
177,255,0,en,lime,lime
255,191,0,en,gold,gold
169,0,255,en,purple,purple
255,154,0,en,orange,orange
255,0,126,en,pink,pink
69,0,255,en,blue,blue
255,247,0,en,yellow,yellow
255,0,164,en,magenta,magenta
255,0,97,en,raspberry,raspberry
255,0,238,en,purple,purple
147,0,255,en,violet,violet
255,0,177,en,magenta,magenta
255,98,0,en,orange,orange
255,67,0,en,vermillion,vermillion
255,0,52,en,red,red
174,255,0,en,lime green,lime
255,0,144,en,magenta,magenta
255,103,0,en,burnt orange,burnt orange
255,155,0,en,tangerine,tangerine
224,0,255,en,magenta,magenta
20,0,255,en,royal blue,royal blue
241,255,0,en,yellow,yellow
255,0,144,en,pink,pink
230,255,0,en,yellow green,yellow green
255,93,0,en,orange,orange
255,50,0,en,crimson,crimson
255,0,177,en,fuchsia,fuchsia
255,176,0,en,gold,gold
255,0,75,en,red,red
192,0,255,en,magenta,magenta
255,0,90,en,reddish pink,reddish pink
255,0,27,en,red,red
137,255,0,en,lime green,lime
255,0,212,en,fuchsia,fuchsia
255,186,0,en,gold,gold
102,255,0,en,lime green,lime
255,120,0,en,orange,orange
255,0,135,en,fuchsia,fuchsia
255,230,0,en,golden yellow,golden yellow
106,0,255,en,purple,purple
52,0,255,en,dark blue,dark blue
255,0,237,en,fuchsia,fuchsia
204,0,255,en,violet red,violet red
255,0,152,en,pink,pink
255,0,109,en,hot pink,hot pink
158,255,0,en,neon yellow,neon yellow
255,210,0,en,yellow,yellow
137,0,255,en,purple,purple
248,0,255,en,fuchsia,fuchsia
255,0,67,en,red pink,red pink
227,255,0,en,neon yellow,neon yellow
255,102,0,en,orange,orange
118,255,0,en,neon green,neon green
255,0,43,en,deep pink,deep pink
255,240,0,en,golden yellow,golden yellow
255,30,0,en,red orange,red orange
255,0,112,en,hot pink,hot pink
255,160,0,en,yellow orange,yellow orange
255,136,0,en,golden orange,golden orange
255,0,180,en,neon pink,neon pink
255,255,0,en,neon yellow,neon yellow
255,251,0,en,yellow,yellow
31,255,0,en,green,green
137,0,255,en,violet,violet
255,0,192,en,magenta,magenta
255,0,243,en,pink violet,pink violet
191,255,0,en,yellow green,yellow green
255,0,148,en,magenta,magenta
255,107,0,en,orange,orange
101,255,0,en,lime green,lime
255,161,0,en,orange,orange
201,0,255,en,purple,purple
255,23,0,en,red,red
152,0,255,en,purple,purple
255,142,0,en,orange,orange
253,0,255,en,magenta,magenta
255,0,217,en,magenta,magenta
255,0,101,en,hot pink,hot pink
255,0,66,en,red,red
255,252,0,en,yellow,yellow
255,0,22,en,red,red
255,0,194,en,magenta,magenta
255,0,126,en,hot pink,hot pink
255,230,0,en,yellow,yellow
255,207,0,en,yellow,yellow
181,255,0,en,neon green,neon green
255,0,253,en,fuchsia,fuchsia
255,86,0,en,red,red
255,219,0,en,yellow,yellow
215,255,0,en,lime,lime
46,0,255,en,indigo,indigo
255,0,133,en,magenta,magenta
255,0,42,en,red,red
255,0,68,en,red,red
107,255,0,en,green,green
255,0,106,en,magenta,magenta
162,255,0,en,lime,lime
32,255,0,en,green,green
255,254,0,en,yellow,yellow
255,164,0,en,orange,orange
255,30,0,en,red,red
160,0,255,en,purple,purple
255,0,179,en,magenta,magenta
176,0,255,en,purple,purple
255,0,235,en,fuchsia,fuchsia
255,0,158,en,magenta,magenta
255,210,0,en,yellow,yellow
255,126,0,en,orange,orange
255,0,107,en,magenta,magenta
255,0,253,en,pink,pink
255,0,121,en,magenta,magenta
255,102,0,en,orange,orange
255,159,0,en,light orange,light orange
255,0,188,en,hot pink,hot pink
255,242,0,en,yellow,yellow
246,255,0,en,yellow,yellow
255,0,227,en,pink,pink
209,255,0,en,chartreuse,chartreuse
255,199,0,en,orange,orange
67,255,0,en,neon green,neon green
255,0,51,en,red,red
255,30,0,en,red,red
136,0,255,en,purple,purple
201,0,255,en,purple,purple
255,0,39,en,red,red
255,0,173,en,hot pink,hot pink
137,255,0,en,green,green
255,121,0,en,orange,orange
255,0,133,en,hot pink,hot pink
93,255,0,en,neon green,neon green
255,0,209,en,magenta,magenta
255,131,0,en,orange,orange
185,255,0,en,neon green,neon green
255,0,107,en,neon red,neon red
254,255,0,en,yellow,yellow
255,0,194,en,cool pink,cool pink
255,0,148,en,warm pink,warm pink
255,211,0,en,warm yellow,warm yellow
255,83,0,en,orange,orange
23,255,0,en,neon green,neon green
255,0,140,en,hot pink,hot pink
255,73,0,en,orange,orange
240,0,255,en,purple,purple
211,0,255,en,purple,purple
255,255,0,en,yellow,yellow
255,199,0,en,yellow,yellow
255,237,0,en,yellow,yellow
65,0,255,en,blue,blue
255,0,62,en,red,red
188,255,0,en,green,green
255,179,0,en,orange,orange
255,0,166,en,pink,pink
129,255,0,en,green,green
255,0,99,en,pink,pink
255,0,5,en,red,red
255,0,189,en,pink,pink
255,0,130,en,pink,pink
255,0,234,en,purple,purple
255,81,0,en,orange,orange
178,255,0,en,green,green
124,0,255,en,purple,purple
255,130,0,en,orange,orange
255,169,0,en,orange,orange
44,255,0,en,neon green,neon green
255,0,76,en,red,red
47,0,255,en,dark blue,dark blue
231,0,255,en,neon purple,neon purple
140,0,255,en,purple,purple
255,0,160,en,neon pink,neon pink
255,0,33,en,red,red
255,96,0,en,orange,orange
255,0,227,en,neon pink,neon pink
255,0,143,en,hot pink,hot pink
255,0,194,en,neon pink,neon pink
235,255,0,en,yellow,yellow
255,224,0,en,sunset yellow,sunset yellow
176,255,0,en,neon green,neon green
255,207,0,en,lemon,lemon
255,14,0,en,red,red
169,0,255,en,purple,purple
255,130,0,en,orange,orange
196,255,0,en,green,green
255,0,86,en,red,red
255,0,241,en,magenta,magenta
255,98,0,en,dark orange,dark orange
255,0,91,en,rose,rose
126,0,255,en,purple,purple
255,127,0,en,orange,orange
255,234,0,en,yellow,yellow
255,0,151,en,bright pink,bright pink
196,0,255,en,purple,purple
87,255,0,en,lime green,lime
255,0,128,en,hot pink,hot pink
211,255,0,en,yellow green,yellow green
18,0,255,en,dark blue,dark blue
226,0,255,en,magenta,magenta
255,184,0,en,orange,orange
255,0,72,en,red,red
255,247,0,en,yellow,yellow
255,0,17,en,red,red
136,255,0,en,lime green,lime
255,0,201,en,magenta,magenta
255,180,0,en,light orange,light orange
255,26,0,en,red,red
255,0,198,en,neon pink,neon pink
255,0,78,en,red,red
255,101,0,en,soft red,soft red
255,146,0,en,orange,orange
221,255,0,en,lime,lime
63,255,0,en,grass green,grass green
255,0,239,en,magenta,magenta
5,0,255,en,blue,blue
255,0,46,en,hot pink,hot pink
255,0,77,en,hot pink,hot pink
255,81,0,en,orange,orange
255,236,0,en,yellow,yellow
255,0,163,en,magenta,magenta
255,0,190,en,magenta,magenta
241,0,255,en,purple,purple
255,100,0,en,orange,orange
52,255,0,en,green,green
155,0,255,en,purple,purple
190,255,0,en,geenish yellow,geenish yellow
161,255,0,en,lime,lime
255,0,86,en,pink,pink
255,255,0,en,yellow,yellow
255,0,127,en,hot pink,hot pink
255,168,0,en,orange,orange
255,187,0,en,orange,orange
255,138,0,en,orange,orange
191,0,255,en,purple,purple
125,255,0,en,bright green,bright green
255,230,0,en,canary yellow,canary yellow
88,0,255,en,violet,violet
255,105,0,en,safety orange,safety orange
255,0,178,en,pink,pink
255,196,0,en,light orange,light orange
214,255,0,en,yellow green,yellow green
255,0,221,en,magenta,magenta
224,0,255,en,bright purple,bright purple
255,56,0,en,red orange,red orange
255,0,78,en,red,red
255,243,0,en,yellow,yellow
128,0,255,en,medium purple,medium purple
255,0,12,en,red,red
177,255,0,en,bright neon green,bright neon green
255,170,0,en,orange,orange
255,0,147,en,reddish pink,reddish pink
255,124,0,en,orange,orange
255,0,110,en,pinkish red,pinkish red
255,0,138,en,dark pink,dark pink
210,0,255,en,bright purple,bright purple
255,132,0,en,tangerine,tangerine
255,102,0,en,red orange,red orange
255,198,0,en,yellow orange,yellow orange
105,0,255,en,royal blue,royal blue
77,0,255,en,bright navy blue,bright navy blue
189,0,255,en,bright amethyst,bright amethyst
255,0,213,en,magenta,magenta
255,0,255,en,neon pinkish purple,neon pinkish purple
255,0,42,en,bright red,bright red
242,255,0,en,neon yellow,neon yellow
203,255,0,en,greenish yellow,greenish yellow
255,173,0,en,pumpkin,pumpkin
255,0,117,en,punch,punch
255,0,108,en,rose,rose
169,255,0,en,green yellow,green yellow
255,0,59,en,raspberry,raspberry
255,0,146,en,magenta,magenta
255,230,0,en,golden yellow,golden yellow
59,255,0,en,chartreuse green,chartreuse green
255,51,0,en,candy red,candy red
255,0,199,en,purple pink,purple pink
224,0,255,en,purple,purple
255,0,233,en,magenta,magenta
255,41,0,en,red orange,red orange
194,255,0,en,yellow green,yellow green
255,0,144,en,pink,pink
255,152,0,en,orange,orange
255,0,73,en,red,red
164,255,0,en,light green,light green
255,223,0,en,yellow,yellow
103,255,0,en,green,green
255,0,90,en,red violet,red violet
187,0,255,en,purple,purple
255,0,20,en,red,red
255,0,138,en,red violet,red violet
99,0,255,en,indigo,indigo
255,186,0,en,golden yellow,golden yellow
255,100,0,en,orange red,orange-red
255,132,0,en,orange,orange
255,246,0,en,yellow,yellow
255,0,186,en,magenta,magenta
255,0,198,en,fuchsia,fuchsia
184,255,0,en,lime,lime
129,0,255,en,magento,magento
206,0,255,en,purple,purple
255,231,0,en,lemon,lemon
255,185,0,en,dark yelloe,dark yelloe
255,154,0,en,orange,orange
255,0,233,en,magento,magento
255,130,0,en,orange,orange
255,78,0,en,burnt orange,burnt orange
255,0,118,en,magento,magento
255,0,173,en,magento,magento
97,255,0,en,lime green,lime
207,255,0,en,neon yellow,neon yellow
255,0,93,en,magenta red,magenta red
228,0,255,en,magenta,magenta
255,178,0,en,yellow orange,yellow orange
255,203,0,en,goldenrod,goldenrod
183,255,0,en,yellow green,yellow green
255,0,126,en,magenta pink,magenta pink
255,91,0,en,red orange,red orange
255,141,0,en,orange,orange
255,0,45,en,red,red
255,223,0,en,golden yellow,golden yellow
147,0,255,en,royal purple,royal purple
253,255,0,en,yellow,yellow
255,45,0,en,red,red
255,0,172,en,magenta pink,magenta pink
182,0,255,en,royal purple,royal purple
255,0,192,en,magenta,magenta
255,0,73,en,red,red
255,0,233,en,magenta,magenta
255,158,0,en,orange,orange
252,0,255,en,purple,purple
255,22,0,en,red,red
255,0,134,en,pink,pink
155,255,0,en,lime green,lime
255,0,89,en,salmon,salmon
84,255,0,en,light green,light green
255,0,233,en,pink,pink
255,0,75,en,red,red
170,0,255,en,purple,purple
186,255,0,en,lime green,lime
255,128,0,en,orange,orange
255,0,184,en,hot pink,hot pink
255,223,0,en,yellow,yellow
255,186,0,en,orange,orange
255,0,6,en,red,red
255,91,0,en,orange,orange
122,0,255,en,violet,violet
255,0,159,en,pink,pink
255,246,0,en,yellow,yellow
255,0,83,en,pink,pink
113,255,0,en,lime,lime
255,230,0,en,mango,mango
246,255,0,en,yellow,yellow
158,255,0,en,lime,lime
255,0,143,en,purpish,purpish
255,174,0,en,light orange,light orange
255,0,44,en,pink,pink
255,28,0,en,red orange,red orange
187,0,255,en,purple,purple
255,125,0,en,orange,orange
112,0,255,en,purple,purple
255,0,229,en,magenta,magenta
255,195,0,en,mango,mango
222,255,0,en,yellow,yellow
255,0,59,en,red,red
255,0,148,en,pink,pink
255,106,0,en,orange,orange
249,0,255,en,purple,purple
255,0,197,en,magenta,magenta
209,0,255,en,purple,purple
255,0,175,en,magenta,magenta
255,239,0,en,yellow,yellow
93,0,255,en,indigo,indigo
112,255,0,en,lime,lime
255,0,112,en,pink,pink
161,255,0,en,light green,light green
255,0,85,en,velvet,velvet
255,202,0,en,yellow,yellow
255,0,229,en,magenta,magenta
255,108,0,en,orange,orange
255,180,0,en,light orange,light orange
255,0,4,en,red,red
224,0,255,en,purple,purple
255,243,0,en,yellow,yellow
255,0,62,en,velvet,velvet
200,255,0,en,light green,light green
255,0,203,en,magenta,magenta
255,124,0,en,orange,orange
255,0,217,en,violet,violet
255,0,163,en,hot pink,hot pink
255,46,0,en,orange/red,orange-red
209,0,255,en,purple,purple
255,0,29,en,red,red
255,0,83,en,pink,pink
255,247,0,en,yellow,yellow
255,189,0,en,yellow,yellow
255,0,141,en,pinl,pinl
255,0,183,en,purple,purple
255,0,69,en,pink,pink
255,92,0,en,orange,orange
220,255,0,en,neon yellow,neon yellow
98,255,0,en,neon green,neon green
255,242,0,en,yellow,yellow
158,255,0,en,green,green
161,0,255,en,purple,purple
255,136,0,en,orange,orange
228,0,255,en,purple,purple
24,0,255,en,dark blue,dark blue
255,154,0,en,orange,orange
255,0,175,en,fuchsia,fuchsia
255,0,60,en,dark pink,dark pink
255,0,85,en,pink,pink
57,255,0,en,lime green,lime
255,0,238,en,neon purple,neon purple
255,93,0,en,orange,orange
255,166,0,en,yellow orange,yellow orange
205,255,0,en,neon yellow,neon yellow
142,0,255,en,blue purple,blue purple
255,128,0,en,orange,orange
255,0,190,en,fuchsia,fuchsia
255,197,0,en,golden yellow,golden yellow
247,255,0,en,yellow,yellow
255,0,116,en,pink,pink
255,239,0,en,yellow,yellow
176,255,0,en,yellow green,yellow green
224,0,255,en,fuchsia,fuchsia
255,0,14,en,red,red
255,73,0,en,orange,orange
214,0,255,en,fuchsia,fuchsia
255,170,0,en,orange,orange
200,255,0,en,yellowish green,yellowish green
255,148,0,en,orange,orange
255,0,39,en,red,red
255,193,0,en,orange,orange
255,214,0,en,yellow,yellow
255,0,167,en,pink,pink
23,255,0,en,green,green
210,0,255,en,purple,purple
255,0,224,en,pinkish purple,pinkish purple
255,0,122,en,pink,pink
128,0,255,en,blueish purple,blueish purple
255,0,204,en,pinkish purple,pinkish purple
137,255,0,en,light green,light green
255,0,124,en,pink,pink
255,0,1,en,red,red
255,215,0,en,yellowish orange,yellowish orange
213,255,0,en,greenish yellow,greenish yellow
140,0,255,en,violet,violet
165,0,255,en,purp,purp
255,182,0,en,orangish yellow,orangish yellow
255,240,0,en,yellow,yellow
255,161,0,en,orange,orange
255,0,17,en,red,red
255,0,171,en,magenta,magenta
255,142,0,en,orange,orange
50,0,255,en,bright blue,bright blue
170,255,0,en,greenish yellow,greenish yellow
222,0,255,en,voilet,voilet
100,255,0,en,lime,lime
255,0,70,en,pink,pink
255,47,0,en,reddish orange,reddish orange
255,0,107,en,dark pink,dark pink
205,255,0,en,lime yellow,lime yellow
255,0,117,en,magenta,magenta
255,247,0,en,yellow,yellow
255,0,214,en,purple,purple
255,115,0,en,orange,orange
255,0,194,en,purple,purple
255,211,0,en,yellow,yellow
255,0,184,en,pink,pink
247,0,255,en,purple,purple
255,175,0,en,orange,orange
255,0,128,en,pink,pink
223,0,255,en,purple,purple
255,107,0,en,orange red,orange-red
188,255,0,en,yellow green,yellow green
148,255,0,en,charteuse,charteuse
255,0,223,en,magenta,magenta
41,255,0,en,green,green
255,0,165,en,rose,rose
213,0,255,en,violet,violet
247,255,0,en,yellow,yellow
255,0,198,en,magenta,magenta
255,196,0,en,orange,orange
145,0,255,en,purple,purple
255,0,78,en,rose red,rose red
255,0,91,en,rose,rose
255,0,113,en,rose,rose
255,240,0,en,yellow,yellow
255,179,0,en,orange yellow,orange yellow
255,132,0,en,orange,orange
255,45,0,en,red,red
255,0,40,en,red,red
121,0,255,en,purple,purple
144,255,0,en,green,green
255,84,0,en,orange,orange
255,0,100,en,pink,pink
255,0,250,en,purple,purple
205,255,0,en,spring green,spring green
184,0,255,en,purple,purple
255,0,243,en,pink,pink
255,156,0,en,orange,orange
240,255,0,en,neon yellow,neon yellow
255,0,134,en,pink,pink
42,255,0,en,green,green
255,0,179,en,fushia,fushia
255,123,0,en,orange,orange
255,0,55,en,red,red
255,194,0,en,yellow,yellow
255,230,0,en,yellow,yellow
255,35,0,en,red,red
255,0,154,en,pink,pink
255,0,43,en,red,red
205,255,0,en,chartreuse,chartreuse
255,0,212,en,fuchsia,fuchsia
35,0,255,en,blue,blue
255,0,200,en,fuchsia,fuchsia
255,181,0,en,tangerine,tangerine
255,0,173,en,fuchsia,fuchsia
255,31,0,en,tomato,tomato
255,0,117,en,fuchsia,fuchsia
255,248,0,en,yellow,yellow
255,0,58,en,magenta,magenta
255,125,0,en,tangerine,tangerine
78,255,0,en,lime,lime
255,0,93,en,fuchsia,fuchsia
227,0,255,en,violet,violet
167,0,255,en,purple,purple
255,240,0,en,yellow,yellow
255,0,45,en,red,red
255,102,0,en,orange,orange
105,0,255,en,royal,royal
255,189,0,en,tangerine,tangerine
162,255,0,en,lime,lime
255,0,13,en,orange,orange
255,0,192,en,pink,pink
255,0,91,en,red,red
255,0,76,en,red,red
255,174,0,en,orange,orange
255,252,0,en,yellow,yellow
113,0,255,en,purple,purple
234,0,255,en,pink,pink
255,231,0,en,yellow,yellow
255,191,0,en,orange,orange
255,0,172,en,pink,pink
255,134,0,en,orange,orange
255,0,137,en,pink,pink
217,0,255,en,purple,purple
230,255,0,en,yellow,yellow
117,255,0,en,lime,lime
158,255,0,en,lime,lime
255,0,223,en,pink,pink
255,73,0,en,orange,orange
255,88,0,en,orange,orange
255,0,217,en,magnenta,magnenta
255,0,92,en,violet,violet
119,0,255,en,purple,purple
255,141,0,en,orange,orange
90,0,255,en,indigo,indigo
192,255,0,en,chartruse,chartruse
255,0,147,en,pink,pink
156,255,0,en,chartruse,chartruse
255,0,188,en,pink,pink
255,0,129,en,violet,violet
247,0,255,en,magnenta,magnenta
255,240,0,en,yellow,yellow
255,63,0,en,red,red
255,89,0,en,coral,coral
125,255,0,en,chartruse,chartruse
255,0,48,en,red,red
187,0,255,en,purple,purple
255,248,0,en,yellow,yellow
255,0,69,en,violet,violet
255,159,0,en,ocher,ocher
255,207,0,en,mustard,mustard
255,0,116,en,magenta,magenta
255,0,185,en,pink,pink
255,0,75,en,red,red
255,203,0,en,mustard yellow,mustard
255,247,0,en,pale yellow,pale yellow
211,255,0,en,lime green,lime
155,255,0,en,acid green,acid green
78,0,255,en,indigo,indigo
255,0,51,en,scarlet red,scarlet red
255,0,104,en,red,red
255,0,218,en,shocking purple,shocking purple
210,0,255,en,purple,purple
255,115,0,en,orange,orange
255,192,0,en,orange,orange
255,224,0,en,yellow,yellow
126,0,255,en,purple,purple
255,0,167,en,fushia,fushia
119,255,0,en,lime green,lime
255,171,0,en,orange,orange
255,244,0,en,yellow,yellow
255,27,0,en,red,red
255,0,246,en,shocking purple,shocking purple
234,255,0,en,yellow,yellow
255,135,0,en,orange,orange
255,0,184,en,pink,pink
193,0,255,en,purple,purple
255,243,0,en,yellow,yellow
132,0,255,en,blue,blue
255,109,0,en,orange,orange
255,0,163,en,pink,pink
255,0,59,en,red,red
255,0,98,en,orange red,orange-red
255,157,0,en,orange,orange
195,255,0,en,lime,lime
255,0,36,en,red,red
255,206,0,en,orange,orange
255,24,0,en,red,red
120,255,0,en,lime,lime
255,0,116,en,pink red,pink red
163,255,0,en,lime,lime
255,0,238,en,pink,pink
221,0,255,en,purple,purple
255,0,188,en,pink,pink
255,0,217,en,pink,pink
255,0,134,en,magenta,magenta
130,0,255,en,purple,purple
255,136,0,en,orange,orange
255,112,0,en,orange,orange
255,126,0,en,orange,orange
129,0,255,en,purple,purple
255,46,0,en,red,red
255,172,0,en,tangerine,tangerine
119,255,0,en,lime green,lime
255,0,114,en,fuchsia,fuchsia
255,0,162,en,magenta,magenta
255,0,52,en,red,red
147,255,0,en,lime green,lime
255,0,30,en,red,red
255,235,0,en,yellow,yellow
209,255,0,en,yellow green,yellow green
255,0,83,en,pale red,pale red
234,255,0,en,neon yellow,neon yellow
255,0,249,en,fuchsia,fuchsia
218,0,255,en,magenta,magenta
255,0,195,en,pink,pink
255,199,0,en,marigold,marigold
255,0,233,en,fuchsia,fuchsia
107,255,0,en,chartreuse,chartreuse
255,0,202,en,magenta,magenta
255,241,0,en,yellow,yellow
255,0,47,en,red,red
255,81,0,en,orange,orange
255,190,0,en,gold,gold
219,255,0,en,chartreuse,chartreuse
255,0,96,en,coral,coral
255,140,0,en,orange,orange
241,0,255,en,neon purple,neon purple
255,24,0,en,fire truck red,fire truck red
158,255,0,en,chartreuse,chartreuse
255,0,228,en,magenta,magenta
203,0,255,en,purple,purple
255,0,166,en,dark pink,dark pink
255,0,58,en,brick red,brick red
152,0,255,en,purple,purple
255,175,0,en,gold,gold
255,251,0,en,yellow,yellow
255,0,134,en,rouge,rouge
45,255,0,en,neon green,neon green
207,255,0,en,yellow green,yellow green
141,255,0,en,lime green,lime
255,243,0,en,yellow,yellow
255,96,0,en,orange,orange
255,0,155,en,magenta,magenta
150,0,255,en,purple,purple
255,0,196,en,magenta,magenta
255,178,0,en,goldenrod,goldenrod
255,209,0,en,marigold,marigold
255,77,0,en,orange,orange
255,0,223,en,fuschia,fuschia
255,0,100,en,salmon,salmon
225,0,255,en,light purple,light purple
255,248,0,en,yellow,yellow
255,0,51,en,scarlet,scarlet
255,0,119,en,hot pink,hot pink
255,121,0,en,tangerine,tangerine
213,0,255,en,dark light purple,dark light purple
255,0,8,en,red,red
255,32,0,en,red,red
249,255,0,en,yellow,yellow
255,0,246,en,neon purple,neon purple
255,208,0,en,orange,orange
255,0,101,en,hot pink,hot pink
145,255,0,en,lime green,lime
255,0,60,en,red pink,red pink
56,255,0,en,kelly green,kelly green
255,85,0,en,orange red,orange-red
223,0,255,en,neon purple,neon purple
255,140,0,en,orange,orange
255,153,0,en,tangerine,tangerine
130,0,255,en,purple,purple
207,0,255,en,neon purple,neon purple
255,216,0,en,yellowish orange,yellowish orange
38,0,255,en,royal,royal
255,0,136,en,dark pink,dark pink
255,0,163,en,hot pink,hot pink
187,255,0,en,lime,lime
255,0,23,en,red,red
255,0,191,en,neon pink,neon pink
255,170,0,en,orange,orange
255,150,0,en,dark orange,dark orange
189,255,0,en,yellow green,yellow green
255,245,0,en,yellow,yellow
255,215,0,en,dark yellow,dark yellow
255,0,179,en,bright pink,bright pink
255,0,5,en,bright red,bright red
255,0,107,en,pink red,pink red
156,255,0,en,dark yellow green,dark yellow green
93,0,255,en,purple,purple
255,89,0,en,red orange,red orange
255,207,0,en,dark yellow,dark yellow
255,0,165,en,pinkish red,pinkish red
255,0,120,en,red,red
255,0,78,en,red,red
255,80,0,en,dark orange,dark orange
255,0,225,en,dark pink,dark pink
82,255,0,en,green,green
187,0,255,en,purple,purple
255,255,0,en,yellow,yellow
254,0,255,en,magenta,magenta
166,0,255,en,purple,purple
93,255,0,en,lime,lime
255,236,0,en,yellow,yellow
255,0,97,en,crimson,crimson
255,54,0,en,orange red,orange-red
36,255,0,en,lime,lime
255,116,0,en,orange,orange
255,161,0,en,orange,orange
255,0,235,en,magenta,magenta
255,0,180,en,magenta,magenta
255,123,0,en,orange,orange
255,0,156,en,magenta,magenta
59,0,255,en,violet,violet
173,255,0,en,yellow green,yellow green
255,183,0,en,orange,orange
129,0,255,en,purple,purple
255,0,30,en,red,red
255,0,126,en,magenta,magenta
255,0,78,en,crimson,crimson
223,255,0,en,yellow,yellow
255,0,202,en,fuschia,fuschia
156,0,255,en,purple,purple
143,255,0,en,lime green,lime
255,0,244,en,fuschia,fuschia
253,255,0,en,yellow,yellow
255,85,0,en,orange,orange
177,0,255,en,purple,purple
255,0,83,en,magenta,magenta
196,255,0,en,neon yellow,neon yellow
255,230,0,en,yellow,yellow
255,3,0,en,red,red
255,0,139,en,fuschia,fuschia
255,209,0,en,yellow,yellow
255,0,36,en,red,red
255,176,0,en,orange,orange
226,0,255,en,purple,purple
255,0,79,en,red,red
255,0,168,en,pink,pink
255,137,0,en,orange,orange
68,255,0,en,green,green
255,139,0,en,orange,orange
255,0,33,en,red,red
255,0,187,en,pink,pink
208,0,255,en,purple,purple
35,255,0,en,green,green
255,169,0,en,orange,orange
255,0,103,en,red,red
235,255,0,en,yellow,yellow
255,0,122,en,pink,pink
255,93,0,en,orange,orange
126,0,255,en,purple,purple
255,211,0,en,yellow,yellow
107,255,0,en,green,green
186,255,0,en,green,green
255,0,239,en,pink,pink
224,0,255,en,magenta,magenta
117,0,255,en,purple,purple
255,142,0,en,orange,orange
191,0,255,en,purple,purple
255,0,210,en,pink,pink
255,0,43,en,red,red
68,0,255,en,blue,blue
255,0,120,en,pink,pink
255,217,0,en,goldenrod,goldenrod
255,76,0,en,red,red
208,255,0,en,yellow green,yellow green
243,255,0,en,yellow,yellow
255,0,218,en,magenta,magenta
255,0,76,en,red,red
255,0,171,en,magenta,magenta
255,0,82,en,red,red
83,255,0,en,lime green,lime
255,82,0,en,red,red
255,187,0,en,orange,orange
255,175,0,en,orange,orange
175,255,0,en,lime green,lime
255,0,119,en,magenta,magenta
255,0,201,en,pink,pink
255,166,0,en,pumpkin,pumpkin
255,247,0,en,yellow,yellow
255,0,79,en,red,red
161,0,255,en,purple,purple
255,0,143,en,dark pink,dark pink
255,100,0,en,orange,orange
255,0,44,en,red,red
255,0,228,en,pink,pink
255,52,0,en,red orange,red orange
229,255,0,en,yellow,yellow
151,255,0,en,yellow green,yellow green
87,255,0,en,lime green,lime
255,0,104,en,dark pink,dark pink
255,195,0,en,maize,maize
255,0,246,en,magenta,magenta
255,127,0,en,orange,orange
195,0,255,en,purple,purple
255,213,0,en,yellow,yellow
255,247,0,en,yellow,yellow
255,147,0,en,orange,orange
255,0,64,en,magenta,magenta
255,0,197,en,hot pink,hot pink
255,205,0,en,golden yellow,golden yellow
252,0,255,en,pink,pink
110,0,255,en,purple,purple
213,255,0,en,vermilion,vermilion
255,91,0,en,orange,orange
255,0,107,en,magenta,magenta
158,255,0,en,lime green,lime
255,0,16,en,red,red
119,255,0,en,lime green,lime
255,52,0,en,red,red
255,0,150,en,pink,pink
255,0,237,en,hot pink,hot pink
185,0,255,en,purple,purple
255,0,126,en,magenta,magenta
255,219,0,en,yellow,yellow
255,177,0,en,gold,gold
255,99,0,en,orange,orange
140,255,0,en,lime,lime
255,232,0,en,lemon,lemon
255,0,59,en,cherry red,cherry red
255,0,6,en,red,red
255,162,0,en,mandarine,mandarine
139,0,255,en,purple,purple
255,58,0,en,red orange,red orange
255,0,136,en,hot pink,hot pink
255,0,204,en,cool pink,cool pink
195,255,0,en,kiwi,kiwi
226,0,255,en,magenta,magenta
78,0,255,en,indigo,indigo
255,0,167,en,pink,pink
121,255,0,en,kiwi,kiwi
255,0,91,en,cool red,cool red
255,253,0,en,yellow,yellow
197,0,255,en,violet,violet
255,0,211,en,cool pink,cool pink
255,185,0,en,marigold,marigold
32,255,0,en,green,green
255,121,0,en,orange,orange
255,0,237,en,pinkish,pinkish
255,123,0,en,orange,orange
255,202,0,en,goldy yellow,goldy yellow
255,100,0,en,reddish orange,reddish orange
255,0,90,en,pinkish red,pinkish red
255,27,0,en,red,red
16,255,0,en,green,green
166,0,255,en,purple,purple
255,89,0,en,orange,orange
128,255,0,en,lime,lime
255,0,50,en,red,red
212,0,255,en,pink,pink
255,0,22,en,red,red
17,0,255,en,blue,blue
177,255,0,en,yellow green,yellow green
255,0,189,en,pink,pink
255,0,138,en,red pink,red pink
255,180,0,en,yellow,yellow
255,60,0,en,orange,orange
238,0,255,en,pink,pink
224,255,0,en,green brown,green brown
255,213,0,en,yellow,yellow
255,149,0,en,orange,orange
255,211,0,en,marigold,marigold
255,76,0,en,tangerine,tangerine
255,238,0,en,neon yellow,neon yellow
255,0,124,en,magenta,magenta
255,0,235,en,pink purple,pink purple
183,255,0,en,chartreuse,chartreuse
255,0,88,en,red pink,red pink
255,0,144,en,magenta,magenta
206,255,0,en,chartreuse,chartreuse
255,177,0,en,orange,orange
255,0,59,en,red,red
166,0,255,en,purple,purple
246,255,0,en,yellow,yellow
53,255,0,en,neon green,neon green
255,0,12,en,warm red,warm red
255,93,0,en,tangerine,tangerine
255,0,207,en,magenta,magenta
109,0,255,en,purple blue,purple blue
76,0,255,en,indigo,indigo
242,0,255,en,magenta,magenta
176,0,255,en,purple,purple
255,0,19,en,red,red
255,0,72,en,patel red,patel red
255,232,0,en,yellow,yellow
255,211,0,en,dark yellow,dark yellow
255,174,0,en,gold,gold
96,255,0,en,bright green,bright green
255,122,0,en,orange,orange
255,104,0,en,dark orange,dark orange
234,255,0,en,chartreuse,chartreuse
255,0,191,en,magenta,magenta
255,0,68,en,red,red
216,0,255,en,pink purple,pink purple
162,0,255,en,bright purple,bright purple
255,0,88,en,red,red
255,0,153,en,magenta,magenta
204,255,0,en,chartreuse,chartreuse
255,229,0,en,yellow,yellow
246,0,255,en,pink purple,pink purple
255,63,0,en,dark orange,dark orange
255,0,35,en,red orange,red orange
156,255,0,en,bright green,bright green
24,0,255,en,royal blue,royal blue
255,201,0,en,yellow,yellow
255,0,127,en,bright magenta,bright magenta
255,0,213,en,pink purple,pink purple
255,173,0,en,mustard yellow,mustard
255,0,131,en,fuchsia,fuchsia
106,0,255,en,lavender,lavender
255,107,0,en,orange,orange
255,0,42,en,red,red
255,162,0,en,yellow,yellow
255,70,0,en,slightly darker orange,slightly darker orange
80,0,255,en,blue,blue
157,255,0,en,green,green
255,0,83,en,red with a bit of pink,red with a bit of pink
255,205,0,en,yellow,yellow
255,0,58,en,red,red
244,0,255,en,violet?,violet
230,255,0,en,yellow,yellow
255,244,0,en,yellow (the yellow ones all look the same),yellow (the yellow ones all look the same)
255,0,152,en,purple red,purple red
209,0,255,en,purple,purple
255,0,240,en,purple with a bit more pink,purple with a bit more pink
255,146,0,en,yellowy orange,yellowy orange
82,255,0,en,green,green
255,214,0,en,yellow,yellow
255,0,191,en,violet or smth idk,violet or smth idk
182,255,0,en,lime green,lime
255,85,0,en,orange,orange
252,0,255,en,purple,purple
154,0,255,en,violet,violet
255,129,0,en,orange,orange
100,255,0,en,light green,light green
255,190,0,en,yellow orange,yellow orange
255,168,0,en,orange,orange
170,0,255,en,purple,purple
255,0,171,en,hot pink,hot pink
255,0,233,en,purple,purple
255,0,51,en,red,red
255,0,133,en,hot pink,hot pink
255,0,190,en,purple,purple
255,0,86,en,pink,pink
255,249,0,en,neon yellow,neon yellow
219,255,0,en,yellow,yellow
255,0,45,en,scarlet red,scarlet red
255,79,0,en,blood orange,blood orange
255,222,0,en,yellow,yellow
255,88,0,en,red orange,red orange
164,255,0,en,yellow green,yellow green
255,0,180,en,magenta,magenta
255,81,0,en,red orange,red orange
255,149,0,en,orange,orange
255,0,75,en,red,red
255,232,0,en,yellow,yellow
255,0,90,en,red,red
215,0,255,en,purple,purple
255,0,47,en,red,red
190,255,0,en,yellow green,yellow green
255,199,0,en,gold,gold
255,0,225,en,magenta,magenta
255,0,134,en,red,red
255,0,164,en,magenta,magenta
255,255,0,en,yellow,yellow
93,0,255,en,blue,blue
223,0,255,en,purple,purple
107,255,0,en,yellow green,yellow green
255,179,0,en,orange,orange
255,84,0,en,orange,orange
146,255,0,en,lime,lime
255,0,25,en,red,red
255,0,164,en,hot pink,hot pink
239,0,255,en,purple,purple
255,164,0,en,orange,orange
255,134,0,en,dark orange,dark orange
255,0,205,en,magenta,magenta
255,0,104,en,cherry red,cherry red
255,0,238,en,violet,violet
255,172,0,en,orange,orange
255,235,0,en,yellow,yellow
237,255,0,en,lemon,lemon
209,255,0,en,seafoam,seafoam
255,0,131,en,pink,pink
113,255,0,en,green,green
255,116,0,en,orange,orange
157,0,255,en,purple,purple
249,0,255,en,purple,purple
88,0,255,en,purple,purple
255,61,0,en,orange,orange
255,137,0,en,orange,orange
255,212,0,en,yellow,yellow
195,0,255,en,purple,purple
255,0,35,en,red,red
168,255,0,en,green,green
255,0,71,en,red,red
255,0,149,en,purple,purple
143,0,255,en,purple,purple
255,0,205,en,pink,pink
255,0,83,en,red,red
255,0,76,en,red,red
180,0,255,en,dark pink,dark pink
255,0,39,en,crimson,crimson
255,0,95,en,fuschia,fuschia
255,0,76,en,red pink,red pink
255,0,147,en,hot pink,hot pink
96,0,255,en,violet,violet
255,229,0,en,sunflower yellow,sunflower yellow
142,255,0,en,neon green,neon green
240,255,0,en,pale yellow,pale yellow
255,62,0,en,blood orange,blood orange
255,0,115,en,hot pink,hot pink
255,85,0,en,orange,orange
255,129,0,en,warm orange,warm orange
255,0,248,en,violet pink,violet pink
255,0,186,en,hot pink,hot pink
66,255,0,en,lime green,lime
255,178,0,en,mustard yellow,mustard
255,208,0,en,corn yellow,corn yellow
192,255,0,en,yellow green,yellow green
182,0,255,en,violet,violet
255,0,230,en,pink,pink
241,0,255,en,pink,pink
154,0,255,en,purple,purple
255,0,107,en,pink,pink
255,0,8,en,red,red
255,112,0,en,orange,orange
255,0,172,en,pink,pink
255,218,0,en,yellow,yellow
255,0,243,en,pink,pink
255,131,0,en,orange,orange
255,177,0,en,orange,orange
255,249,0,en,yellow,yellow
220,255,0,en,lime,lime
255,191,0,en,orange,orange
78,255,0,en,green,green
255,0,132,en,pink,pink
176,255,0,en,lime,lime
213,0,255,en,purple,purple
255,42,0,en,red,red
255,0,202,en,pink,pink
255,0,69,en,red,red
255,0,131,en,pink,pink
255,205,0,en,yellow,yellow
133,0,255,en,purple,purple
255,0,73,en,red,red
255,0,108,en,pink,pink
252,0,255,en,fushia,fushia
255,0,207,en,pink,pink
255,220,0,en,yellow,yellow
255,0,61,en,red,red
242,0,255,en,pink,pink
255,0,166,en,pink,pink
144,0,255,en,pruple,pruple
255,0,32,en,red,red
255,68,0,en,red,red
76,255,0,en,green,green
255,248,0,en,yellow,yellow
149,255,0,en,green,green
255,204,0,en,yellow,yellow
255,109,0,en,orange,orange
190,255,0,en,green,green
255,148,0,en,orange,orange
255,0,83,en,red,red
255,0,216,en,pink,pink
201,0,255,en,purple,purple
255,174,0,en,yellow,yellow
255,0,141,en,pink,pink
255,0,199,en,magenta,magenta
200,255,0,en,lime green,lime
255,76,0,en,red orange,red orange
255,126,0,en,orange,orange
255,251,0,en,yellow,yellow
255,161,0,en,orange,orange
89,0,255,en,blue,blue
255,0,145,en,magenta,magenta
255,0,117,en,magenta,magenta
255,116,0,en,orange,orange
255,0,83,en,pink,pink
255,0,57,en,pink,pink
255,200,0,en,yellow,yellow
255,0,41,en,pink,pink
97,0,255,en,violet,violet
255,229,0,en,yellow,yellow
224,0,255,en,purple,purple
99,255,0,en,lime green,lime
151,255,0,en,lime green,lime
255,0,214,en,purple,purple
214,0,255,en,purple,purple
169,0,255,en,light purple,light purple
77,0,255,en,dark blue,dark blue
109,0,255,en,dark purple,dark purple
255,118,0,en,burnt orange,burnt orange
255,228,0,en,mustard yellow,mustard
248,255,0,en,yellow,yellow
255,149,0,en,orange,orange
255,0,112,en,pink,pink
255,0,59,en,dark pink,dark pink
255,0,8,en,red,red
255,0,165,en,pink,pink
255,0,87,en,dark pink,dark pink
255,0,255,en,magenta,magenta
255,4,0,en,red,red
255,165,0,en,orange,orange
255,209,0,en,mustard yellow,mustard
174,255,0,en,lime green,lime
255,0,189,en,pink,pink
255,0,220,en,magenta,magenta
122,255,0,en,lime green,lime
193,255,0,en,lime green,lime
255,162,0,en,orange,orange
239,0,255,en,magenta,magenta
255,0,230,en,pink,pink
255,0,197,en,fusica,fusica
255,207,0,en,yellow,yellow
255,0,165,en,hot pink,hot pink
112,0,255,en,neon purple,neon purple
255,0,34,en,neon red,neon red
186,0,255,en,magenta,magenta
173,255,0,en,lime,lime
255,41,0,en,red,red
255,0,113,en,hot pink,hot pink
255,0,106,en,neon pink,neon pink
255,0,73,en,red,red
255,119,0,en,orange,orange
224,255,0,en,yellow green,yellow green
103,255,0,en,lime,lime
233,255,0,en,yellow green,yellow green
255,123,0,en,orange,orange
255,217,0,en,yellow,yellow
255,0,93,en,red,red
255,0,67,en,red,red
205,0,255,en,purple,purple
255,0,9,en,red,red
255,0,138,en,pink,pink
248,0,255,en,purple,purple
255,0,156,en,pink,pink
134,0,255,en,purple,purple
255,113,0,en,orange,orange
255,0,238,en,pink,pink
255,141,0,en,orange,orange
46,0,255,en,pink,pink
205,255,0,en,fluorescent yellow,fluorescent yellow
255,61,0,en,red,red
235,255,0,en,yellow,yellow
255,184,0,en,orange,orange
255,231,0,en,yellow,yellow
155,255,0,en,green,green
255,0,187,en,pink,pink
78,255,0,en,green,green
255,156,0,en,orange,orange
255,121,0,en,orange,orange
255,206,0,en,yellow,yellow
226,255,0,en,neon yellow,neon yellow
148,255,0,en,neon green,neon green
255,0,54,en,red,red
255,84,0,en,orange,orange
255,0,219,en,magnta,magnta
255,0,170,en,pink,pink
41,255,0,en,green,green
255,0,136,en,hot pink,hot pink
255,0,22,en,red,red
95,0,255,en,dark blue,dark blue
227,0,255,en,purple,purple
255,251,0,en,yellow,yellow
255,127,0,en,orange,orange
106,255,0,en,green,green
255,0,79,en,pink,pink
196,0,255,en,purple,purple
242,0,255,en,purple,purple
255,0,136,en,pink,pink
255,0,91,en,pink,pink
141,0,255,en,purple,purple
255,255,0,en,yellow,yellow
216,255,0,en,yellow,yellow
255,0,25,en,red,red
255,0,216,en,purple,purple
255,194,0,en,yellow,yellow
255,69,0,en,orange,orange
163,255,0,en,green,green
255,0,199,en,purple,purple
255,90,0,en,orange,orange
255,173,0,en,orange,orange
255,226,0,en,yellow,yellow
19,255,0,en,green,green
255,0,167,en,pink,pink
255,0,119,en,hot pink,hot pink
253,0,255,en,magenta,magenta
255,0,98,en,fuschia,fuschia
255,0,13,en,red,red
255,212,0,en,yellow,yellow
106,255,0,en,green,green
255,154,0,en,orange,orange
255,0,236,en,hot pink,hot pink
255,135,0,en,orange,orange
255,0,182,en,fuschia,fuschia
239,255,0,en,yellow,yellow
214,0,255,en,purple,purple
205,255,0,en,lime green,lime
183,255,0,en,lime green,lime
255,0,145,en,pink,pink
255,13,0,en,red,red
255,0,56,en,scarlet,scarlet
255,228,0,en,yellow,yellow
155,0,255,en,purple,purple
255,94,0,en,orange,orange
255,83,0,en,red,red
255,176,0,en,light orange,light orange
206,0,255,en,purple,purple
255,0,176,en,hot pink,hot pink
255,135,0,en,dark orange,dark orange
255,0,133,en,hot pink,hot pink
121,0,255,en,blue,blue
255,255,0,en,yellow,yellow
255,0,154,en,hot pink,hot pink
111,255,0,en,neon green,neon green
147,255,0,en,neon green,neon green
255,234,0,en,yellow,yellow
254,0,255,en,purple,purple
255,0,55,en,red,red
255,0,214,en,purple,purple
255,0,40,en,red,red
223,255,0,en,yellow,yellow
255,74,0,en,orange,orange
255,0,83,en,red,red
255,207,0,en,yellow,yellow
185,255,0,en,light green,light green
255,253,0,en,yellow,yellow
255,0,38,en,red,red
222,0,255,en,purple,purple
255,214,0,en,school bus yellow,school bus yellow
255,0,93,en,pink red,pink red
255,0,61,en,red,red
155,0,255,en,purple,purple
255,207,0,en,goldenrod,goldenrod
250,255,0,en,yellow,yellow
255,134,0,en,orange,orange
255,0,172,en,pink,pink
244,0,255,en,magenta,magenta
255,237,0,en,yellow,yellow
195,0,255,en,purple,purple
230,255,0,en,yellow,yellow
255,0,45,en,red,red
255,98,0,en,orange,orange
51,0,255,en,bkue,bkue
167,255,0,en,green,green
255,0,141,en,pink,pink
255,0,102,en,pink,pink
56,255,0,en,green,green
255,0,195,en,pink,pink
255,63,0,en,scarlet,scarlet
255,0,238,en,magenta,magenta
255,171,0,en,mustard,mustard
255,0,69,en,cherry red,cherry red
255,0,209,en,pink,pink
255,169,0,en,orange,orange
255,183,0,en,orange,orange
215,0,255,en,purple,purple
255,0,255,en,pinkish purple,pinkish purple
255,0,165,en,dark pink,dark pink
255,129,0,en,orange,orange
255,108,0,en,dark orange,dark orange
255,232,0,en,yellow,yellow
144,255,0,en,light green,light green
44,0,255,en,blue,blue
255,0,13,en,red,red
211,255,0,en,yellow green,yellow green
255,0,106,en,dark pink,dark pink
131,255,0,en,light green,light green
255,77,0,en,red,red
126,0,255,en,purple,purple
255,0,75,en,red,red
255,0,126,en,pink,pink
255,0,230,en,pinkish purple,pinkish purple
255,255,0,en,yellow,yellow
104,255,0,en,green,green
255,188,0,en,redishgreen,redishgreen
255,0,88,en,red,red
76,0,255,en,blue,blue
255,227,0,en,yellow,yellow
255,0,47,en,red,red
255,0,107,en,raspberry,raspberry
51,0,255,en,royal blue,royal blue
87,255,0,en,lime green,lime
255,0,120,en,raspberry,raspberry
157,0,255,en,purple,purple
255,0,225,en,magenta,magenta
255,0,55,en,red,red
255,0,185,en,magenta,magenta
255,177,0,en,goldenrod,goldenrod
255,0,162,en,fuschia,fuschia
255,90,0,en,orange,orange
255,0,247,en,purpley pink,purpley pink
246,255,0,en,yellow,yellow
227,255,0,en,greenish yellow,greenish yellow
255,42,0,en,red,red
255,204,0,en,yellowey orange,yellowey orange
182,255,0,en,lime green,lime
173,0,255,en,purple,purple
255,150,0,en,orange,orange
255,0,135,en,magenta,magenta
255,77,0,en,orange,orange
255,0,190,en,fuchsia,fuchsia
255,0,73,en,red,red
255,146,0,en,orange,orange
255,0,214,en,fuchsia,fuchsia
255,100,0,en,orange,orange
50,255,0,en,green,green
239,0,255,en,magenta,magenta
112,0,255,en,indigo,indigo
255,0,40,en,red,red
255,243,0,en,yellow,yellow
255,0,165,en,magenta,magenta
255,0,101,en,red,red
209,0,255,en,purple,purple
255,208,0,en,amber,amber
246,255,0,en,yellow,yellow
175,255,0,en,chartreuse,chartreuse
192,255,0,en,chartreuse,chartreuse
255,167,0,en,orange,orange
255,0,55,en,pink,pink
255,91,0,en,orange,orange
255,0,187,en,fuchsia,fuchsia
201,0,255,en,purple,purple
255,0,238,en,fuchsia,fuchsia
148,255,0,en,neon green,neon green
191,255,0,en,neon yellow,neon yellow
127,0,255,en,purple,purple
255,221,0,en,yellow,yellow
60,255,0,en,neon green,neon green
255,189,0,en,yellow,yellow
255,0,112,en,pink,pink
255,0,168,en,fuchsia,fuchsia
255,132,0,en,orange,orange
90,0,255,en,purple,purple
255,43,0,en,red,red
240,255,0,en,yellow,yellow
255,0,40,en,red,red
255,0,246,en,fuchsia,fuchsia
255,0,97,en,red,red
255,175,0,en,orange,orange
224,0,255,en,hot pink,hot pink
255,0,201,en,pink,pink
255,211,0,en,yellow,yellow
255,163,0,en,orange,orange
255,0,244,en,pink,pink
255,0,63,en,red,red
255,0,87,en,red,red
255,112,0,en,burnt orange,burnt orange
255,37,0,en,red,red
255,237,0,en,yellow,yellow
255,0,155,en,pink,pink
59,0,255,en,indigo,indigo
156,255,0,en,lime green,lime
138,0,255,en,purple,purple
255,0,140,en,pink,pink
252,255,0,en,yellow,yellow
255,0,32,en,red,red
109,255,0,en,lime,lime
199,255,0,en,green,green
176,0,255,en,purple,purple
255,141,0,en,burnt orange,burnt orange
194,0,255,en,purple,purple
255,0,72,en,red,red
255,118,0,en,orange,orange
255,80,0,en,red orange,red orange
255,0,191,en,pink,pink
255,0,215,en,hot pink,hot pink
255,0,121,en,pink,pink
255,0,95,en,red pink,red pink
160,0,255,en,purple,purple
252,255,0,en,yellow,yellow
255,0,251,en,fushia,fushia
255,0,48,en,red,red
179,255,0,en,lime green,lime
255,0,172,en,fushia,fushia
255,123,0,en,organge,organge
255,213,0,en,yellow,yellow
131,255,0,en,lime green,lime
215,255,0,en,fluorescent yellow,fluorescent yellow
255,187,0,en,yellow orange,yellow orange
255,168,0,en,yellow orange,yellow orange
255,0,131,en,pink,pink
62,255,0,en,neon green,neon green
156,255,0,en,light green,light green
255,142,0,en,orange,orange
130,0,255,en,purple,purple
78,0,255,en,dark blue,dark blue
225,0,255,en,violet,violet
255,186,0,en,mustard,mustard
255,0,231,en,pink,pink
255,0,32,en,red,red
217,255,0,en,yellow green,yellow green
255,70,0,en,orange red,orange-red
255,0,49,en,red,red
255,228,0,en,mustard,mustard
255,166,0,en,orange,orange
255,251,0,en,yellow,yellow
255,0,92,en,cherry red,cherry red
255,93,0,en,orange,orange
217,0,255,en,violet,violet
255,0,67,en,red,red
255,214,0,en,yellow,yellow
255,0,153,en,pink,pink
187,255,0,en,green,green
255,185,0,en,orange,orange
255,153,0,en,orange,orange
255,0,36,en,red,red
255,0,119,en,pink,pink
105,255,0,en,green,green
161,0,255,en,purple,purple
255,22,0,en,red,red
255,0,82,en,pink,pink
255,141,0,en,orange,orange
255,0,221,en,pink,pink
88,0,255,en,blue,blue
255,103,0,en,orange,orange
246,0,255,en,pink,pink
240,255,0,en,yellow,yellow
183,0,255,en,purple,purple
139,255,0,en,light green,light green
255,0,191,en,pink,pink
255,0,79,en,red,red
255,0,246,en,lighter pink,lighter pink
130,0,255,en,purple,purple
255,0,162,en,pink,pink
167,255,0,en,chartreuse,chartreuse
255,97,0,en,orange,orange
255,45,0,en,vermilion,vermilion
255,0,139,en,hot pink,hot pink
255,232,0,en,yellow,yellow
153,0,255,en,purple,purple
255,0,161,en,pink,pink
255,0,48,en,red,red
255,162,0,en,orange,orange
255,0,71,en,red,red
255,121,0,en,orange,orange
255,227,0,en,yellow,yellow
68,255,0,en,green,green
180,0,255,en,purple,purple
255,0,230,en,pink,pink
255,96,0,en,orange,orange
162,255,0,en,green,green
255,184,0,en,orange,orange
241,255,0,en,yellow,yellow
255,62,0,en,red,red
255,0,203,en,pink,pink
229,255,0,en,yellow,yellow
255,0,136,en,pink,pink
255,0,93,en,red,red
232,0,255,en,purple,purple
255,162,0,en,light orange,light orange
255,251,0,en,yellow,yellow
24,255,0,en,chartreuse,chartreuse
255,0,201,en,hot pink,hot pink
255,146,0,en,orange,orange
255,0,99,en,pinky red,pinky red
255,0,219,en,hot purple,hot purple
255,193,0,en,light orange,light orange
255,0,38,en,red,red
199,255,0,en,chartreuse,chartreuse
59,0,255,en,deep blue,deep blue
214,0,255,en,bright purple,bright purple
111,255,0,en,chartreuse,chartreuse
212,255,0,en,yellow green,yellow green
255,0,132,en,pink,pink
255,199,0,en,yellow orange,yellow orange
133,0,255,en,purple,purple
255,0,147,en,pink,pink
90,255,0,en,green,green
241,255,0,en,yellow,yellow
255,151,0,en,orange,orange
255,0,93,en,pink,pink
193,0,255,en,purple,purple
255,94,0,en,red orange,red orange
255,152,0,en,orange,orange
255,67,0,en,red,red
255,0,177,en,pink,pink
255,0,56,en,red,red
241,0,255,en,pink,pink
255,0,34,en,red,red
149,255,0,en,green,green
255,0,216,en,pink,pink
255,224,0,en,yellow,yellow
255,157,0,en,orange,orange
255,189,0,en,orange,orange
255,120,0,en,dark orange,dark orange
255,215,0,en,yellow,yellow
255,0,161,en,fuschia,fuschia
255,0,59,en,red,red
151,255,0,en,green,green
77,255,0,en,green,green
255,0,207,en,hpt pink,hpt pink
255,0,120,en,fuschia,fuschia
255,0,19,en,red,red
255,0,224,en,hot pink,hot pink
255,101,0,en,dark orange,dark orange
116,0,255,en,purple,purple
194,0,255,en,purple,purple
255,0,99,en,fuschia,fuschia
255,48,0,en,red,red
86,0,255,en,indigo,indigo
255,254,0,en,yellow,yellow
255,0,253,en,hot pink,hot pink
220,255,0,en,lime green,lime
255,139,0,en,carrot orange,carrot orange
255,163,0,en,goldenrod,goldenrod
255,0,96,en,orangeish hot pink,orangeish hot pink
255,0,188,en,hot pink,hot pink
255,242,0,en,yellow,yellow
255,0,249,en,magenta,magenta
255,0,31,en,red,red
255,212,0,en,"yellow (french's mustard yellow, which is not mustard yellow)","yellow (french's mustard yellow, which is not mustard yellow)"
198,255,0,en,"chartreuse, yellowish green","chartreuse, yellowish green"
255,115,0,en,pumpkin orange,pumpkin orange
117,255,0,en,leaf green,leaf green
143,0,255,en,medium purple,medium purple
255,0,56,en,cool blueish red,cool blueish red
255,0,114,en,fuchsia,fuchsia
177,0,255,en,pinkish purple,pinkish purple
255,52,0,en,scarlet,scarlet
255,0,173,en,magenta,magenta
255,251,0,en,cool yellow,cool yellow
147,255,0,en,"lime green, neon green, highlighter green","lime green, neon green, highlighter green"
255,0,230,en,heliotrope,heliotrope
255,0,6,en,red,red
255,0,240,en,pink,pink
255,132,0,en,orange,orange
178,255,0,en,green,green
255,26,0,en,red,red
130,255,0,en,neon green,neon green
255,188,0,en,mustard yellow,mustard
224,255,0,en,light green,light green
255,0,69,en,red,red
255,0,176,en,hot pink,hot pink
255,237,0,en,yellow,yellow
255,85,0,en,orange,orange
255,0,163,en,hot pink,hot pink
255,0,98,en,pink,pink
255,0,34,en,red,red
218,0,255,en,purple,purple
255,0,208,en,pink,pink
224,255,0,en,yellow,yellow
21,0,255,en,blue,blue
255,0,101,en,red,red
173,255,0,en,yellow green,yellow green
255,191,0,en,orange,orange
255,218,0,en,yellow,yellow
244,255,0,en,bright yellow,bright yellow
255,45,0,en,red,red
255,165,0,en,orange,orange
255,149,0,en,orange,orange
150,0,255,en,purple,purple
255,0,152,en,pink,pink
255,0,66,en,red,red
248,0,255,en,pink,pink
82,255,0,en,green,green
255,0,140,en,pink,pink
255,0,232,en,pink,pink
255,98,0,en,orange,orange
255,0,229,en,magenta,magenta
211,255,0,en,green,green
255,238,0,en,mustard,mustard
255,96,0,en,orange,orange
255,0,49,en,red,red
255,0,134,en,pink,pink
255,0,89,en,red,red
112,0,255,en,blueish purple,blueish purple
255,240,0,en,yellow,yellow
255,0,45,en,red,red
255,147,0,en,orange,orange
255,67,0,en,orange,orange
255,202,0,en,yellow,yellow
255,203,0,en,yellow,yellow
255,0,207,en,pink,pink
255,85,0,en,orange,orange
218,255,0,en,lime green,lime
102,0,255,en,dark blue,dark blue
172,255,0,en,green,green
255,231,0,en,yellow,yellow
255,0,108,en,pink,pink
255,201,0,en,gold,gold
201,255,0,en,light green,light green
255,0,247,en,violet,violet
44,255,0,en,green,green
255,0,49,en,red,red
255,164,0,en,orange,orange
206,0,255,en,purple,purple
255,0,103,en,red,red
255,0,208,en,pink,pink
255,198,0,en,orange,orange
255,0,45,en,red,red
255,42,0,en,red,red
243,0,255,en,purple pink,purple pink
255,24,0,en,red,red
245,255,0,en,yellow,yellow
255,129,0,en,orange,orange
202,0,255,en,purple,purple
255,108,0,en,orange,orange
255,121,0,en,orange,orange
36,0,255,en,dark blue,dark blue
255,0,240,en,pink purple,pink purple
245,255,0,en,yellow,yellow
255,0,149,en,pink,pink
255,60,0,en,orange red,orange-red
255,164,0,en,orange,orange
255,0,242,en,pink,pink
255,149,0,en,light orange,light orange
255,0,125,en,pink,pink
255,0,30,en,red,red
255,70,0,en,dark orange,dark orange
255,0,189,en,pink shok,pink shok
151,255,0,en,green,green
255,144,0,en,orange,orange
255,115,0,en,orange,orange
136,0,255,en,purple,purple
95,255,0,en,green,green
255,157,0,en,orange,orange
255,0,225,en,purple,purple
183,0,255,en,purple,purple
255,213,0,en,yellow,yellow
255,0,94,en,pink,pink
255,0,138,en,pink,pink
130,255,0,en,green,green
255,0,248,en,pink purple,pink purple
255,0,23,en,red,red
255,0,60,en,red,red
212,255,0,en,yellow,yellow
255,0,160,en,pink,pink
255,0,126,en,red,red
255,228,0,en,yellow,yellow
67,0,255,en,blue,blue
255,0,48,en,red,red
250,255,0,en,yellow,yellow
227,0,255,en,purple,purple
103,0,255,en,purpule,purpule
210,0,255,en,dark pink,dark pink
255,90,0,en,orange,orange
255,0,163,en,pink,pink
232,255,0,en,light yellow,light yellow
159,255,0,en,green,green
120,0,255,en,purple blue,purple blue
255,191,0,en,dark mustard,dark mustard
84,255,0,en,green,green
216,255,0,en,pee yellow,pee yellow
255,0,189,en,pink purple,pink purple
169,255,0,en,greenish yellow,greenish yellow
255,0,20,en,red,red
255,0,237,en,magenta,magenta
187,255,0,en,chartreuse,chartreuse
255,0,186,en,hot pink,hot pink
126,255,0,en,green,green
255,0,60,en,red,red
173,0,255,en,purple,purple
255,110,0,en,orange,orange
233,255,0,en,yellow green,yellow green
255,209,0,en,warm yellow,warm yellow
255,131,0,en,orange,orange
255,77,0,en,red,red
255,0,144,en,pink,pink
255,243,0,en,yellow,yellow
255,0,29,en,red,red
243,0,255,en,magenta,magenta
255,0,117,en,pink,pink
255,171,0,en,mustard yellow,mustard
159,0,255,en,purple,purple
255,0,88,en,red pink,red pink
159,255,0,en,lime green,lime
223,255,0,en,chartreuse,chartreuse
255,0,127,en,hot pink,hot pink
137,255,0,en,light green,light green
255,0,96,en,red (but a slightly pinkish red),red (but a slightly pinkish red)
150,0,255,en,purple,purple
255,163,0,en,orange,orange
255,141,0,en,orange,orange
255,0,238,en,magenta,magenta
98,255,0,en,bright green,bright green
255,198,0,en,goldenrod,goldenrod
202,0,255,en,purple,purple
255,231,0,en,yellow,yellow
255,0,185,en,magenta,magenta
255,0,21,en,red,red
255,116,0,en,orange,orange
242,255,0,en,yellow,yellow
255,0,75,en,red,red
255,0,254,en,magenta,magenta
255,73,0,en,orange,orange
255,0,177,en,pink,pink
108,255,0,en,chartreuse,chartreuse
255,223,0,en,yellow,yellow
149,0,255,en,purple,purple
91,0,255,en,dark purple,dark purple
148,255,0,en,lime green,lime
255,0,160,en,magenta,magenta
255,61,0,en,red,red
255,0,132,en,pink,pink
255,0,232,en,fuchsia,fuchsia
219,0,255,en,purple,purple
195,255,0,en,lime green,lime
255,180,0,en,orange,orange
255,193,0,en,ochre,ochre
255,0,40,en,red,red
191,0,255,en,purple,purple
255,137,0,en,burnt orange,burnt orange
255,91,0,en,red,red
255,0,74,en,hot red,hot red
255,253,0,en,yellow,yellow
255,0,108,en,reddish pink,reddish pink
133,0,255,en,purple,purple
255,227,0,en,yellow,yellow
255,101,0,en,orange,orange
255,0,110,en,deep pink,deep pink
255,164,0,en,orange,orange
180,0,255,en,purple,purple
230,255,0,en,greenish yellow,greenish yellow
255,0,163,en,deep pink,deep pink
255,202,0,en,golden orange,golden orange
255,0,132,en,deep pink,deep pink
255,48,0,en,orange red,orange-red
157,255,0,en,lime green,lime
255,0,255,en,light purple,light purple
116,255,0,en,lime green,lime
255,0,35,en,red,red
255,126,0,en,orange,orange
255,0,229,en,light purple,light purple
255,0,210,en,light purple,light purple
31,255,0,en,light green,light green
255,0,57,en,red,red
241,255,0,en,yellow,yellow
145,0,255,en,purple,purple
255,0,48,en,red,red
255,84,0,en,orange,orange
255,0,145,en,fuschia,fuschia
239,0,255,en,magenta,magenta
75,255,0,en,green,green
255,0,101,en,fuschia,fuschia
81,0,255,en,purple,purple
154,0,255,en,purple,purple
255,223,0,en,yellow,yellow
209,0,255,en,purple,purple
166,255,0,en,green,green
255,0,228,en,pink,pink
255,0,205,en,pink,pink
255,0,147,en,pink,pink
255,26,0,en,orange,orange
255,138,0,en,orange,orange
255,180,0,en,yellow,yellow
255,0,138,en,pink,pink
255,0,46,en,red,red
234,255,0,en,yellow green,yellow green
255,0,59,en,red,red
229,0,255,en,pink,pink
255,199,0,en,mustard,mustard
203,255,0,en,green,green
255,103,0,en,orange,orange
92,0,255,en,violet,violet
255,0,179,en,hot pink/neon pink,hot pinkneon pink
229,0,255,en,fuschia,fuschia
178,255,0,en,lime/neon green,limeneon green
255,0,110,en,hot pink,hot pink
255,0,138,en,barbie pink,barbie pink
255,201,0,en,mustard yellow,mustard
220,255,0,en,yellow green,yellow green
255,0,37,en,firehouse red,firehouse red
255,65,0,en,red orange,red orange
178,0,255,en,bright purple,bright purple
255,93,0,en,orange,orange
255,0,218,en,barbie pink neon pink hot pink,barbie pink neon pink hot pink
255,0,152,en,bright/hot pink,brighthot pink
129,255,0,en,neon green,neon green
255,225,0,en,yellow,yellow
255,144,0,en,orange,orange
255,173,0,en,yellow orange,yellow orange
255,0,50,en,red leaning a little fuchsia ??,red leaning a little fuchsia 
255,246,0,en,yellow,yellow
255,188,0,en,light orange,light orange
241,255,0,en,yellow,yellow
255,0,45,en,red,red
255,0,84,en,red,red
255,83,0,en,dark orange,dark orange
255,0,246,en,purple,purple
255,141,0,en,orange,orange
255,176,0,en,light orange,light orange
51,0,255,en,dark blue,dark blue
255,0,229,en,light purple,light purple
160,0,255,en,purple,purple
255,0,130,en,magenta,magenta
255,81,0,en,red orange,red orange
94,255,0,en,green,green
156,255,0,en,green,green
180,0,255,en,purple,purple
210,255,0,en,yellow,yellow
255,226,0,en,dark yellow,dark yellow
255,0,58,en,red,red
255,0,160,en,pink,pink
255,0,196,en,magenta,magenta
126,0,255,en,purple,purple
255,160,0,en,oeange,oeange
91,255,0,en,green,green
255,0,160,en,magenta,magenta
184,255,0,en,green,green
255,0,247,en,pink,pink
255,0,68,en,red,red
252,255,0,en,yellow,yellow
255,0,85,en,hot pink,hot pink
255,163,0,en,orange,orange
255,93,0,en,neon orange,neon orange
255,250,0,en,yellow,yellow
221,0,255,en,fuchsia,fuchsia
255,213,0,en,golden yellow,golden yellow
255,32,0,en,red,red
206,0,255,en,purple,purple
255,0,207,en,pink,pink
255,201,0,en,golden yellow,golden yellow
205,255,0,en,yellow green,yellow green
255,0,75,en,red,red
255,0,119,en,hot pink,hot pink
255,0,212,en,bright pink,bright pink
161,0,255,en,neon purple,neon purple
162,255,0,en,lime green,lime
60,255,0,en,green,green
255,0,173,en,hot pink,hot pink
255,147,0,en,orange,orange
255,0,25,en,red,red
255,238,0,en,yellow,yellow
255,0,184,en,fuschia,fuschia
255,0,130,en,magenta,magenta
255,0,58,en,red,red
255,0,228,en,purple,purple
160,255,0,en,light green,light green
56,0,255,en,deep blue,deep blue
72,255,0,en,electric green,electric green
255,226,0,en,yellow,yellow
255,0,71,en,red,red
255,0,230,en,pink,pink
83,0,255,en,violet,violet
78,255,0,en,light green,light green
255,0,122,en,hot pink,hot pink
154,0,255,en,purple,purple
255,153,0,en,orange,orange
34,255,0,en,green,green
255,194,0,en,yellow,yellow
219,0,255,en,purple,purple
255,0,166,en,pink,pink
255,0,46,en,red,red
255,0,200,en,pink,pink
255,96,0,en,orange,orange
199,0,255,en,purple,purple
255,139,0,en,orange,orange
255,248,0,en,yellow,yellow
151,255,0,en,green,green
255,63,0,en,orange,orange
255,0,87,en,red,red
211,255,0,en,green,green
255,247,0,en,yellow,yellow
255,79,0,en,orange,orange
255,0,42,en,red,red
255,0,143,en,magenta,magenta
255,0,191,en,pink,pink
189,255,0,en,neon green,neon green
255,125,0,en,orange,orange
147,255,0,en,neon green,neon green
255,0,255,en,magenta,magenta
89,0,255,en,purple,purple
101,0,255,en,purple,purple
255,0,83,en,fuchsia,fuchsia
255,0,125,en,pink,pink
255,215,0,en,yellow,yellow
107,255,0,en,green,green
204,0,255,en,magenta,magenta
255,0,211,en,magenta,magenta
255,115,0,en,orange,orange
255,199,0,en,yellow,yellow
255,163,0,en,orange,orange
180,0,255,en,purple,purple
255,0,204,en,pink,pink
226,255,0,en,yellow,yellow
255,128,0,en,orange,orange
238,0,255,en,magenta,magenta
168,255,0,en,yellow green,yellow green
122,255,0,en,green,green
255,0,48,en,red,red
255,224,0,en,gold,gold
255,101,0,en,orange red,orange-red
255,0,229,en,pink,pink
255,180,0,en,light orange,light orange
255,0,113,en,rose,rose
255,0,154,en,pink,pink
255,209,0,en,gold,gold
255,0,52,en,red,red
255,46,0,en,red,red
85,0,255,en,royal blue,royal blue
231,255,0,en,yellow,yellow
129,0,255,en,blue purple,blue purple
169,0,255,en,purple,purple
255,0,54,en,red,red
243,255,0,en,yellow,yellow
224,255,0,en,green yellow,green yellow
255,235,0,en,orange yellow,orange yellow
114,0,255,en,purple,purple
255,212,0,en,orange yellow,orange yellow
255,0,126,en,magenta,magenta
97,255,0,en,yellowish green,yellowish green
255,0,146,en,pink,pink
255,0,179,en,fuchsia,fuchsia
255,92,0,en,orange,orange
255,0,29,en,red,red
219,0,255,en,purple,purple
255,161,0,en,orange,orange
255,6,0,en,red,red
255,131,0,en,orange,orange
255,0,224,en,purpleish pink,purpleish pink
255,0,96,en,pinkish red,pinkish red
161,255,0,en,lemon green,lemon green
255,95,0,en,orange,orange
255,215,0,en,dark yellow,dark yellow
119,0,255,en,purple,purple
212,0,255,en,fuchsia,fuchsia
255,163,0,en,orange,orange
255,0,60,en,red,red
255,201,0,en,yellow orange,yellow orange
215,255,0,en,neon green,neon green
243,255,0,en,yellow,yellow
255,255,0,en,yellow,yellow
255,0,97,en,hot pink,hot pink
255,103,0,en,orange,orange
255,37,0,en,red,red
120,0,255,en,purple,purple
255,242,0,en,sunflower yellow,sunflower yellow
255,161,0,en,orange,orange
255,0,235,en,magenta,magenta
95,255,0,en,neon green,neon green
255,0,135,en,hot pink,hot pink
255,147,0,en,orange,orange
239,0,255,en,magenta,magenta
255,0,147,en,hot pink,hot pink
255,0,78,en,red,red
255,193,0,en,orange,orange
255,0,6,en,red,red
166,255,0,en,green,green
182,0,255,en,purple,purple
255,0,200,en,pink,pink
79,0,255,en,blue,blue
192,255,0,en,green,green
209,255,0,en,lime green,lime
154,0,255,en,purple,purple
255,0,186,en,magenta,magenta
255,0,80,en,red,red
183,255,0,en,green,green
177,0,255,en,purple,purple
255,249,0,en,yellow,yellow
255,0,253,en,purple,purple
42,0,255,en,blue,blue
255,179,0,en,orange,orange
255,0,115,en,hot pink,hot pink
255,0,171,en,magenta,magenta
255,0,46,en,red,red
255,97,0,en,orange,orange
255,184,0,en,yellow orange,yellow orange
255,55,0,en,red,red
255,145,0,en,orange,orange
255,241,0,en,yellow,yellow
255,0,239,en,purple,purple
84,255,0,en,green,green
255,0,86,en,magenta,magenta
255,0,76,en,red,red
255,0,32,en,red,red
255,209,0,en,yellow,yellow
255,0,201,en,purple,purple
255,173,0,en,orange,orange
255,240,0,en,yellow,yellow
255,9,0,en,red,red
241,255,0,en,yellow,yellow
255,0,219,en,purple,purple
216,255,0,en,yellow,yellow
255,0,147,en,purple,purple
255,0,105,en,purple,purple
255,104,0,en,orange,orange
113,0,255,en,purple,purple
229,0,255,en,purple,purple
255,0,129,en,pink,pink
49,255,0,en,green,green
255,129,0,en,orange,orange
183,0,255,en,purple,purple
178,255,0,en,green,green
53,0,255,en,blue,blue
255,0,2,en,red,red
225,0,255,en,magenta,magenta
227,255,0,en,neon green,neon green
255,210,0,en,yellow,yellow
255,177,0,en,yellow,yellow
124,0,255,en,purple,purple
255,0,197,en,pink,pink
134,255,0,en,neon green,neon green
51,255,0,en,neon green,neon green
255,0,79,en,cherry,cherry
255,21,0,en,red,red
255,108,0,en,rust,rust
255,0,231,en,hot pink,hot pink
169,0,255,en,purple,purple
255,233,0,en,yellow,yellow
78,0,255,en,indigo,indigo
255,246,0,en,yellow,yellow
255,144,0,en,orange,orange
255,0,158,en,pink,pink
255,0,108,en,pink,pink
255,0,125,en,raspberry,raspberry
255,0,177,en,pink,pink
159,255,0,en,green yellow,green yellow
255,0,81,en,reddish link,reddish link
255,0,140,en,chartreuse,chartreuse
255,0,250,en,purply pink,purply pink
240,255,0,en,yellow,yellow
255,103,0,en,orange,orange
180,0,255,en,purple,purple
138,0,255,en,people,people
255,188,0,en,orange yellow,orange yellow
122,255,0,en,neon green,neon green
255,0,19,en,red,red
255,224,0,en,yellow,yellow
206,255,0,en,yellowy green,yellowy green
255,170,0,en,orange,orange
255,0,148,en,link,link
255,122,0,en,orange,orange
255,0,52,en,red,red
255,75,0,en,red orange,red orange
255,0,239,en,pink purple,pink purple
169,255,0,en,yellow green,yellow green
255,136,0,en,orange,orange
195,255,0,en,chartreuse,chartreuse
255,53,0,en,red,red
245,255,0,en,yellow,yellow
255,0,92,en,magenta,magenta
255,221,0,en,yellow,yellow
255,0,49,en,red,red
255,0,175,en,pink,pink
255,0,35,en,red,red
61,255,0,en,bright green,bright green
255,0,229,en,neon pink,neon pink
255,163,0,en,orange,orange
255,115,0,en,orange,orange
255,0,179,en,pink,pink
212,0,255,en,purple,purple
255,0,248,en,bright pink,bright pink
255,0,137,en,magenta,magenta
148,0,255,en,purple,purple
255,190,0,en,gold,gold
255,0,92,en,magenta,magenta
147,255,0,en,lime,lime
187,255,0,en,chartreuse,chartreuse
87,255,0,en,bright green,bright green
255,187,0,en,goldenrod,goldenrod
206,0,255,en,purple,purple
234,255,0,en,neon yellow,neon yellow
255,123,0,en,orange,orange
255,0,220,en,magenta,magenta
255,175,0,en,goldenrod,goldenrod
255,0,197,en,hot pink,hot pink
228,0,255,en,violet,violet
255,0,142,en,deep coral,deep coral
255,88,0,en,dark orange,dark orange
255,63,0,en,scarlet,scarlet
94,0,255,en,purple,purple
255,0,167,en,magenta,magenta
255,0,46,en,scarlet,scarlet
255,227,0,en,yellow,yellow
255,0,55,en,red,red
151,255,0,en,lime green,lime
255,115,0,en,orange,orange
255,0,30,en,red,red
255,238,0,en,yellow,yellow
41,255,0,en,light green,light green
237,255,0,en,greenish yellow,greenish yellow
255,0,196,en,hot pink,hot pink
255,0,253,en,magenta,magenta
255,81,0,en,orangish red,orangish red
255,196,0,en,mustard,mustard
255,159,0,en,orange,orange
189,0,255,en,purple,purple
255,0,162,en,fucsia,fucsia
255,0,109,en,pomegranate,pomegranate
255,136,0,en,orange,orange
213,255,0,en,greenish yellow,greenish yellow
255,0,244,en,magenta,magenta
255,0,123,en,pomegranate,pomegranate
255,0,64,en,red,red
142,0,255,en,purple,purple
220,0,255,en,magenta,magenta
255,0,159,en,pink,pink
255,0,236,en,neon pink,neon pink
255,0,206,en,bright pink,bright pink
255,82,0,en,orange,orange
117,0,255,en,purple,purple
255,0,131,en,hot pink,hot pink
255,0,32,en,red,red
164,255,0,en,neon leaf green,neon leaf green
255,48,0,en,tomato,tomato
205,0,255,en,magenta,magenta
255,227,0,en,yellow,yellow
87,255,0,en,leaf green,leaf green
255,0,81,en,pink,pink
255,137,0,en,pumpkin,pumpkin
255,0,75,en,dark pink,dark pink
255,168,0,en,orange,orange
11,0,255,en,blue,blue
201,255,0,en,yellow green,yellow green
237,255,0,en,bright yellow,bright yellow
255,189,0,en,tangerine,tangerine
200,0,255,en,magenta,magenta
53,255,0,en,neon green,neon green
255,136,0,en,orange,orange
255,0,12,en,red,red
172,255,0,en,pea green,pea green
255,164,0,en,orange,orange
255,0,198,en,hot pink,hot pink
255,0,105,en,raspberry,raspberry
255,0,142,en,vivid pink,vivid pink
243,0,255,en,magenta,magenta
255,0,219,en,vivid pink,vivid pink
255,0,59,en,red,red
116,0,255,en,bright purple,bright purple
208,255,0,en,yellow green,yellow green
255,25,0,en,red,red
255,0,152,en,magenta,magenta
255,229,0,en,yellow,yellow
231,255,0,en,yellow green,yellow green
255,184,0,en,faded orange,faded orange
255,114,0,en,orange,orange
255,200,0,en,tangerine,tangerine
151,255,0,en,lime green,lime
255,36,0,en,ruby red,ruby red
255,0,224,en,magenta,magenta
255,0,120,en,barbie pink,barbie pink
255,0,108,en,hot pink,hot pink
255,168,0,en,orange,orange
76,255,0,en,green,green
217,255,0,en,chartreuse,chartreuse
255,0,160,en,barbie pink,barbie pink
190,0,255,en,purple,purple
96,0,255,en,indigo,indigo
248,0,255,en,magenta,magenta
255,0,48,en,firetruck red,firetruck red
74,0,255,en,royal blue,royal blue
255,0,71,en,rose red,rose red
255,99,0,en,orange,orange
255,0,189,en,pink,pink
255,152,0,en,tangerine,tangerine
233,255,0,en,chartreuse,chartreuse
255,224,0,en,yellow,yellow
218,255,0,en,lime,lime
255,0,69,en,red,red
255,221,0,en,yellow,yellow
238,255,0,en,yellow,yellow
255,0,148,en,magenta,magenta
183,255,0,en,gree,gree
255,29,0,en,red,red
77,255,0,en,green,green
152,0,255,en,purple,purple
255,0,20,en,red,red
255,184,0,en,golden yellow,golden yellow
255,0,102,en,salmon,salmon
255,0,126,en,pink,pink
247,0,255,en,fuschia,fuschia
255,0,184,en,magenta,magenta
255,144,0,en,yellow orange,yellow orange
165,0,255,en,purple,purple
255,101,0,en,orange,orange
71,0,255,en,blue,blue
255,156,0,en,orange,orange
255,0,245,en,pink,pink
255,85,0,en,orange,orange
245,255,0,en,yellow,yellow
255,75,0,en,orange,orange
255,0,125,en,pink,pink
255,0,240,en,pink,pink
255,224,0,en,yellow,yellow
124,0,255,en,purple,purple
201,0,255,en,purple,purple
117,255,0,en,green,green
255,155,0,en,orange,orange
240,0,255,en,purple,purple
207,255,0,en,green,green
139,255,0,en,green,green
255,0,94,en,pink,pink
84,255,0,en,neon green,neon green
255,210,0,en,yellow,yellow
14,255,0,en,neon green,neon green
255,0,178,en,bright pink,bright pink
255,0,136,en,hot pink,hot pink
255,129,0,en,orange,orange
255,0,153,en,pink,pink
255,164,0,en,orange,orange
180,255,0,en,lime green,lime
255,223,0,en,yellow,yellow
250,0,255,en,pink,pink
136,0,255,en,purple,purple
80,0,255,en,purple blue,purple blue
255,87,0,en,orange,orange
255,245,0,en,neon yellow,neon yellow
255,0,75,en,hot pink,hot pink
255,0,91,en,hot pink,hot pink
255,0,239,en,neon purple pink,neon purple pink
212,0,255,en,neon purple,neon purple
200,255,0,en,neon green,neon green
255,48,0,en,orange red,orange-red
255,0,45,en,red,red
255,228,0,en,yellow,yellow
149,0,255,en,purple,purple
255,0,144,en,pink,pink
255,0,100,en,red,red
150,255,0,en,lime green,lime
255,0,183,en,pink,pink
255,196,0,en,orange,orange
255,0,48,en,red,red
255,125,0,en,orange,orange
255,43,0,en,red,red
242,255,0,en,yellow,yellow
25,255,0,en,green,green
74,255,0,en,green,green
255,0,216,en,pink,pink
255,0,129,en,rose,rose
255,0,60,en,red,red
184,0,255,en,purple,purple
255,99,0,en,orange,orange
217,255,0,en,yellow,yellow
255,162,0,en,orange,orange
224,0,255,en,purple,purple
255,0,175,en,fuschia,fuschia
188,255,0,en,yellow green,yellow green
182,0,255,en,royal purple,royal purple
255,0,20,en,red,red
144,255,0,en,lime green,lime
255,138,0,en,orange,orange
7,255,0,en,neon green,neon green
225,0,255,en,royal purple,royal purple
255,197,0,en,goldenrod,goldenrod
255,0,242,en,purple pink,purple pink
255,0,95,en,saffron,saffron
114,0,255,en,purple,purple
17,0,255,en,azure,azure
236,255,0,en,neon yellow,neon yellow
255,222,0,en,goldenrod,goldenrod
255,0,128,en,magenta,magenta
255,117,0,en,orange,orange
112,255,0,en,neon green,neon green
255,0,206,en,fuschia,fuschia
255,0,62,en,red,red
255,0,77,en,magenta,magenta
255,67,0,en,magenta,magenta
255,0,158,en,magenta,magenta
255,0,21,en,magenta,magenta
184,0,255,en,violet,violet
97,0,255,en,purple,purple
62,255,0,en,green,green
255,113,0,en,orange,orange
193,255,0,en,pale green,pale green
133,255,0,en,light green,light green
255,0,212,en,pink,pink
255,199,0,en,hello,hello
255,226,0,en,medium yellow,medium yellow
255,0,108,en,dark orange,dark orange
255,0,182,en,dark pink,dark pink
255,245,0,en,light yellow,light yellow
255,0,254,en,pink,pink
255,0,117,en,red,red
255,140,0,en,orange,orange
255,172,0,en,light orange,light orange
136,255,0,en,neon green,neon green
255,0,128,en,pink,pink
197,255,0,en,lime green,lime
255,249,0,en,yellow,yellow
171,0,255,en,purple,purple
255,0,234,en,fuchsia,fuchsia
255,0,28,en,red,red
255,0,110,en,pink,pink
255,132,0,en,orange,orange
255,206,0,en,warm yellow,warm yellow
132,255,0,en,green,green
255,0,200,en,fuchsia,fuchsia
255,238,0,en,bright yellow,bright yellow
255,216,0,en,yellow orange,yellow orange
255,0,147,en,pink,pink
255,148,0,en,orange,orange
255,0,101,en,reddish pink,reddish pink
124,255,0,en,lime green,lime
255,154,0,en,orange,orange
255,0,73,en,pale red,pale red
255,0,26,en,red,red
255,0,179,en,magenta,magenta
206,255,0,en,green yellow,green yellow
255,0,214,en,old rose,old rose
250,0,255,en,magenta,magenta
255,250,0,en,yellow,yellow
210,0,255,en,purple,purple
115,0,255,en,deep purple,deep purple
163,255,0,en,lime green,lime
255,56,0,en,red orange,red orange
255,100,0,en,orange,orange
255,0,116,en,deep pink,deep pink
255,189,0,en,yello,yello
255,0,73,en,pink,pink
255,0,254,en,purple,purple
255,0,106,en,pink,pink
255,0,116,en,pink,pink
255,23,0,en,orange,orange
255,0,44,en,red,red
255,0,177,en,pink,pink
242,255,0,en,yellow,yellow
255,0,16,en,red,red
221,0,255,en,magenta,magenta
224,255,0,en,neon yellow,neon yellow
255,0,80,en,fushicia,fushicia
255,0,218,en,pink,pink
97,0,255,en,purple,purple
255,144,0,en,orange,orange
176,255,0,en,olive green,olive
255,0,221,en,purple,purple
255,0,39,en,red,red
255,0,136,en,pink,pink
255,107,0,en,orange,orange
255,0,92,en,pink,pink
255,138,0,en,saffron,saffron
105,0,255,en,violet,violet
255,189,0,en,golden,gold
255,0,149,en,fuchsia,fuchsia
255,79,0,en,vermillion,vermillion
255,0,35,en,red,red
252,255,0,en,yellow,yellow
255,0,62,en,red,red
178,0,255,en,royal purple,royal purple
255,0,199,en,fuchsia,fuchsia
255,0,235,en,magenta,magenta
255,158,0,en,golden,gold
131,255,0,en,lime green,lime
235,0,255,en,purple,purple
215,255,0,en,chartreuse,chartreuse
87,0,255,en,royal,royal
255,0,142,en,fuchsia,fuchsia
255,150,0,en,orange,orange
255,111,0,en,pumpkin orange,pumpkin orange
255,219,0,en,yellow,yellow
141,255,0,en,chartreuse,chartreuse
255,0,96,en,bright pink,bright pink
255,47,0,en,red,red
220,0,255,en,purple,purple
255,157,0,en,orange,orange
135,255,0,en,lime,lime
127,0,255,en,purple,purple
255,99,0,en,burnt orange,burnt orange
255,147,0,en,orange,orange
126,255,0,en,lime green,lime
255,0,202,en,magenta,magenta
164,255,0,en,green,green
255,0,38,en,red,red
255,0,155,en,magenta,magenta
155,0,255,en,purple,purple
255,0,123,en,hot pink,hot pink
255,40,0,en,orange red,orange-red
255,0,179,en,pink,pink
193,255,0,en,neon green,neon green
255,169,0,en,orange,orange
50,0,255,en,dark blue,dark blue
255,0,53,en,red,red
255,241,0,en,yellow,yellow
255,0,251,en,magenta,magenta
255,0,214,en,magenta,magenta
93,255,0,en,neon green,neon green
246,255,0,en,chartreuse,chartreuse
255,206,0,en,sunflower yellow,sunflower yellow
255,122,0,en,orange,orange
255,0,81,en,ruby,ruby
178,0,255,en,purple,purple
255,103,0,en,orange,orange
255,205,0,en,gold,gold
255,172,0,en,orange,orange
212,0,255,en,fuchsia,fuchsia
255,0,74,en,berry,berry
83,0,255,en,cobalt,cobalt
233,255,0,en,canary,canary
163,255,0,en,neon green,neon green
255,0,175,en,fuschia,fuschia
255,0,126,en,hot pink,hot pink
255,109,0,en,orange,orange
255,61,0,en,scarlet,scarlet
255,0,101,en,berry,berry
152,0,255,en,blurple,blurple
255,0,202,en,hot pink,hot pink
205,255,0,en,canary,canary
87,255,0,en,lime green,lime
255,219,0,en,yellow,yellow
255,129,0,en,orange,orange
255,0,220,en,bright pink,bright pink
255,0,43,en,red,red
144,0,255,en,purple,purple
255,0,99,en,fuschia,fuschia
255,32,0,en,red,red
255,0,39,en,red,red
255,0,205,en,fuschia,fuschia
255,96,0,en,orange,orange
255,0,118,en,hot pink,hot pink
255,0,57,en,red,red
255,200,0,en,goldenrod,goldenrod
255,127,0,en,orange,orange
116,255,0,en,grass green,grass green
255,0,226,en,fuschia,fuschia
176,255,0,en,chartreuse,chartreuse
255,155,0,en,orange,orange
241,0,255,en,fuschia,fuschia
215,0,255,en,reddish purple,reddish purple
222,255,0,en,greenish yellow,greenish yellow
255,0,167,en,fuschia,fuschia
233,255,0,en,sickly yellow,sickly yellow
255,213,0,en,light orange,light orange
255,0,125,en,pink,pink
146,255,0,en,lime,lime
140,0,255,en,violet,violet
255,0,18,en,red,red
230,255,0,en,yellow green,yellow green
255,0,89,en,red,red
255,0,248,en,magenta,magenta
255,85,0,en,orange,orange
145,0,255,en,purple,purple
255,0,166,en,hot pink,hot pink
143,255,0,en,neon green,neon green
255,230,0,en,yellow,yellow
255,208,0,en,dandelion yellow,dandelion yellow
255,0,83,en,red,red
255,0,188,en,magenta,magenta
235,255,0,en,yellow,yellow
179,0,255,en,magenta,magenta
255,72,0,en,red,red
114,255,0,en,green,green
255,0,197,en,pink,pink
255,0,241,en,pink,pink
255,0,168,en,pink,pink
255,0,77,en,red,red
255,212,0,en,gold,gold
255,236,0,en,yellow,yellow
255,156,0,en,orange,orange
255,143,0,en,orange,orange
255,0,235,en,magenta,magenta
255,115,0,en,orange,orange
248,255,0,en,highlighter yellow,highlighter yellow
200,255,0,en,lime,lime
255,0,36,en,red,red
255,159,0,en,orange,orange
196,0,255,en,amethyst,amethyst
120,255,0,en,neon green,neon green
255,0,50,en,red,red
255,77,0,en,dark orange,dark orange
255,0,120,en,hot pink,hot pink
255,124,0,en,orange,orange
255,0,246,en,magenta,magenta
255,0,26,en,red orange,red orange
255,0,174,en,pink,pink
255,0,62,en,red,red
131,255,0,en,lime green,lime
255,0,202,en,pink,pink
77,0,255,en,dark blue,dark blue
255,0,115,en,red pink,red pink
255,240,0,en,yellow,yellow
255,152,0,en,orange,orange
255,0,218,en,magenta,magenta
255,142,0,en,orange,orange
241,255,0,en,yellow,yellow
187,255,0,en,yellow green,yellow green
97,0,255,en,blue,blue
255,0,251,en,purple,purple
255,26,0,en,red,red
144,255,0,en,yellow green,yellow green
218,0,255,en,purple,purple
255,206,0,en,yellow,yellow
255,85,0,en,red orange,red orange
255,0,98,en,light red,light red
121,0,255,en,purple,purple
225,255,0,en,yellow,yellow
255,49,0,en,red orange,red orange
255,141,0,en,orange,orange
255,0,148,en,megenta,megenta
255,154,0,en,neon orange,neon orange
195,0,255,en,purple,purple
255,116,0,en,oranger,oranger
255,0,54,en,red,red
255,0,138,en,pink,pink
255,0,93,en,hot pink,hot pink
79,0,255,en,dark blue,dark blue
255,0,211,en,magenta,magenta
255,241,0,en,yellow,yellow
255,0,48,en,red,red
255,194,0,en,orange,orange
245,0,255,en,purple,purple
158,255,0,en,green yellow,green yellow
255,0,181,en,pink,pink
60,255,0,en,green,green
237,255,0,en,yellow,yellow
255,238,0,en,yellow,yellow
72,255,0,en,lime,lime
255,0,80,en,rose,rose
255,0,223,en,magenta,magenta
255,247,0,en,lemon,lemon
255,0,101,en,pink,pink
255,205,0,en,golden yellow,golden yellow
255,0,29,en,red,red
255,118,0,en,orange,orange
255,0,209,en,pink,pink
255,0,39,en,red,red
255,161,0,en,orange,orange
102,0,255,en,purple,purple
255,0,51,en,red,red
255,220,0,en,yellow,yellow
255,0,233,en,pink,pink
255,0,165,en,pink,pink
236,0,255,en,purple,purple
212,0,255,en,purple,purple
229,255,0,en,yellow,yellow
255,21,0,en,red,red
103,255,0,en,green,green
255,0,128,en,pink,pink
255,0,109,en,pink,pink
255,196,0,en,yellow,yellow
255,244,0,en,yellow,yellow
137,255,0,en,green,green
255,129,0,en,orange,orange
255,0,124,en,hot pink,hot pink
172,0,255,en,bright purple,bright purple
72,255,0,en,lime green,lime
255,178,0,en,marigold,marigold
148,0,255,en,purple,purple
255,65,0,en,dark orange,dark orange
41,0,255,en,dark blue,dark blue
134,255,0,en,lime green,lime
255,106,0,en,dark orange,dark orange
255,200,0,en,dark yellow,dark yellow
255,0,152,en,magenta,magenta
250,255,0,en,yellow,yellow
255,0,212,en,hot pink,hot pink
255,215,0,en,orange yellow,orange yellow
255,0,95,en,dark pink,dark pink
255,0,16,en,red,red
255,0,209,en,hot pink,hot pink
255,0,66,en,red,red
200,255,0,en,chartreuse,chartreuse
248,0,255,en,magenta,magenta
255,125,0,en,orange,orange
255,188,0,en,goldenrod,goldenrod
255,0,120,en,hot pink,hot pink
144,0,255,en,purple,purple
237,0,255,en,fuchsia,fuchsia
176,255,0,en,chartreuse,chartreuse
255,0,9,en,red,red
255,92,0,en,orange,orange
226,255,0,en,hansa yellow,hansa yellow
255,230,0,en,cadmium yellow,cadmium yellow
255,0,162,en,hot pink,hot pink
255,47,0,en,cadmium red,cadmium red
255,0,194,en,fuchsia,fuchsia
255,154,0,en,orange,orange
54,255,0,en,green,green
255,0,99,en,cool red/ crimson,cool red crimson
255,0,213,en,magenta,magenta
231,255,0,en,chartrues,chartrues
255,143,0,en,orange,orange
255,0,62,en,red,red
193,0,255,en,fuchsia,fuchsia
255,0,148,en,pink,pink
141,0,255,en,purple,purple
255,171,0,en,orange,orange
255,0,9,en,red,red
255,190,0,en,orange,orange
194,0,255,en,purple,purple
255,39,0,en,red,red
255,73,0,en,scarlet,scarlet
255,185,0,en,orange,orange
94,255,0,en,green,green
255,245,0,en,yellow,yellow
255,0,128,en,hot pink,hot pink
175,0,255,en,purple,purple
255,0,80,en,red pink,red pink
195,255,0,en,yellow green,yellow green
255,0,48,en,red,red
58,0,255,en,blue violet,blue-violet
236,0,255,en,magenta,magenta
255,0,191,en,hot pink,hot pink
247,0,255,en,magenta,magenta
128,255,0,en,lime green,lime
233,255,0,en,bright yellow,bright yellow
255,151,0,en,orange,orange
255,220,0,en,yellow,yellow
186,0,255,en,purple,purple
255,82,0,en,red orange,red orange
255,191,0,en,yellow orange,yellow orange
130,0,255,en,violet,violet
255,159,0,en,orange,orange
255,115,0,en,dark orange,dark orange
255,216,0,en,yellow,yellow
145,0,255,en,purple,purple
255,0,242,en,neon pink,neon pink
255,0,110,en,red pink,red pink
255,132,0,en,orange,orange
255,0,155,en,hot pink,hot pink
143,255,0,en,lime green,lime
255,0,87,en,red,red
242,255,0,en,light green,light green
255,134,0,en,orange,orange
255,0,167,en,pink,pink
255,0,208,en,pink,pink
217,0,255,en,pink,pink
145,0,255,en,bright pink,bright pink
255,0,73,en,red,red
226,255,0,en,light green,light green
255,89,0,en,red orange,red orange
255,0,46,en,red,red
107,255,0,en,neon green,neon green
255,220,0,en,weird yellow,weird yellow
255,27,0,en,red,red
255,0,126,en,dark pink,dark pink
255,202,0,en,chickpea tan,chickpea tan
255,165,0,en,light orange,light orange
255,0,221,en,pink,pink
151,255,0,en,neon green,neon green
243,0,255,en,pink,pink
132,255,0,en,neon green,neon green
255,0,26,en,red,red
255,0,85,en,dark pink,dark pink
255,79,0,en,orange,orange
197,255,0,en,yellow green,yellow green
141,0,255,en,purple,purple
255,0,138,en,pink,pink
198,0,255,en,pink purple,pink purple
255,93,0,en,orange red,orange-red
255,0,66,en,red,red
255,0,209,en,pink,pink
234,0,255,en,pink purple,pink purple
255,0,168,en,pink,pink
255,209,0,en,cadmium,cadmium
113,255,0,en,neon green,neon green
255,238,0,en,daffodil yellow,daffodil yellow
100,0,255,en,violet,violet
255,0,82,en,hot pink,hot pink
255,0,63,en,scarlet,scarlet
255,142,0,en,orange,orange
255,168,0,en,dusty orange,dusty orange
255,39,0,en,vermilion,vermilion
255,0,44,en,crimson,crimson
197,0,255,en,purple,purple
69,0,255,en,cobalt,cobalt
255,0,255,en,magenta,magenta
255,0,123,en,hot pink,hot pink
255,97,0,en,orange,orange
220,255,0,en,neon yellow,neon yellow
255,0,192,en,magenta pink,magenta pink
255,0,233,en,magenta,magenta
232,255,0,en,neon yellow,neon yellow
255,0,171,en,hot pink,hot pink
255,228,0,en,yellow,yellow
76,0,255,en,purple,purple
255,0,146,en,dark pink or raspberry,dark pink or raspberry
255,0,64,en,red,red
86,255,0,en,bright green,bright green
255,114,0,en,orange,orange
167,255,0,en,yellowish green,yellowish green
202,0,255,en,purple,purple
114,0,255,en,dark purple,dark purple
255,0,108,en,dark pink or raspberry,dark pink or raspberry
190,255,0,en,yellowish green,yellowish green
255,133,0,en,orange,orange
236,0,255,en,light purple,light purple
255,35,0,en,red,red
255,0,180,en,raspberry or dark pink,raspberry or dark pink
255,0,21,en,red,red
245,255,0,en,yellow,yellow
255,0,131,en,fuchsia,fuchsia
255,0,211,en,hot pink,hot pink
255,167,0,en,yellow orange,yellow orange
255,209,0,en,school bus yellow,school bus yellow
255,0,100,en,magenta,magenta
255,0,43,en,red,red
224,255,0,en,chartreuse,chartreuse
255,255,0,en,yellow,yellow
180,0,255,en,purple,purple
74,0,255,en,dark blue,dark blue
255,0,209,en,pink,pink
132,255,0,en,green,green
255,76,0,en,red,red
255,0,174,en,pink,pink
255,0,238,en,pink,pink
255,0,127,en,pink,pink
113,0,255,en,indigo,indigo
255,209,0,en,golden yellow,golden yellow
255,241,0,en,yellow,yellow
255,113,0,en,orange red,orange-red
255,0,61,en,red pink,red pink
226,0,255,en,purple,purple
255,140,0,en,orange,orange
255,181,0,en,yellow orange,yellow orange
161,255,0,en,green,green
255,0,24,en,red,red
255,0,212,en,magenta,magenta
255,16,0,en,red,red
165,255,0,en,lime green,lime
70,255,0,en,green,green
255,121,0,en,orange,orange
198,255,0,en,yellow green,yellow green
193,0,255,en,purple,purple
255,0,163,en,hot pink,hot pink
7,0,255,en,blue,blue
255,0,141,en,magenta,magenta
255,205,0,en,golden yellow,golden yellow
255,0,198,en,hot pink,hot pink
255,160,0,en,yellow orange,yellow orange
255,0,105,en,reddish pink,reddish pink
255,219,0,en,yellow,yellow
255,114,0,en,orange,orange
253,0,255,en,magenta,magenta
249,255,0,en,neon yellow,neon yellow
143,0,255,en,royal purple,royal purple
255,0,62,en,red,red
129,0,255,en,purple,purple
49,0,255,en,ultramarine blue,ultramarine blue
255,0,217,en,magenta,magenta
227,0,255,en,fuscia,fuscia
98,0,255,en,violet,violet
255,182,0,en,marigold yellow,marigold yellow
255,102,0,en,orange,orange
255,0,206,en,neon pink,neon pink
255,0,160,en,pink,pink
238,0,255,en,pink,pink
255,69,0,en,orange,orange
255,0,100,en,pink,pink
140,0,255,en,purple,purple
255,238,0,en,yellow,yellow
255,126,0,en,orange,orange
248,255,0,en,yellow,yellow
255,0,82,en,red,red
28,255,0,en,green,green
255,206,0,en,yellow,yellow
235,255,0,en,yellow,yellow
255,142,0,en,orange,orange
174,0,255,en,purple,purple
133,255,0,en,green,green
48,0,255,en,blurple,blurple
255,251,0,en,highlighter,highlighter
255,228,0,en,yellow,yellow
251,0,255,en,hot pink,hot pink
255,169,0,en,tangerine,tangerine
132,0,255,en,purple,purple
216,255,0,en,tennis ball,tennis ball
192,0,255,en,magenta,magenta
255,126,0,en,orange,orange
41,255,0,en,lime,lime
255,0,174,en,hot pink,hot pink
106,0,255,en,purple,purple
255,0,166,en,hot pink,hot pink
168,0,255,en,violet,violet
255,0,209,en,fuchsia,fuchsia
27,0,255,en,blurple,blurple
255,88,0,en,orange,orange
255,195,0,en,yellow,yellow
255,54,0,en,red,red
255,142,0,en,tangerine,tangerine
255,0,50,en,red,red
226,0,255,en,magenta,magenta
255,0,111,en,hot pink,hot pink
170,255,0,en,lime green,lime
255,220,0,en,yellow,yellow
236,0,255,en,pinkish purple,pinkish purple
56,0,255,en,blue,blue
82,255,0,en,lime green,lime
220,0,255,en,purple,purple
195,255,0,en,green maybe charteuse,green maybe charteuse
255,0,223,en,pink,pink
255,0,149,en,magenta,magenta
89,0,255,en,purple,purple
185,255,0,en,lime green,lime
255,249,0,en,yellow,yellow
255,0,186,en,pink,pink
255,0,70,en,red,red
255,136,0,en,burnt orange,burnt orange
255,153,0,en,orange,orange
193,0,255,en,purple,purple
255,185,0,en,orange,orange
255,68,0,en,red orange,red orange
161,0,255,en,purple,purple
255,0,122,en,pink,pink
128,0,255,en,purple,purple
255,202,0,en,yellow,yellow
255,0,77,en,dirty pink,dirty pink
164,255,0,en,lemon,lemon
228,0,255,en,fuksi,fuksi
255,0,117,en,rose pink,rose
132,0,255,en,violet,violet
255,253,0,en,yellow,yellow
255,12,0,en,orange red,orange-red
255,145,0,en,dark yellow,dark yellow
226,255,0,en,yellow,yellow
255,174,0,en,dark yellow,dark yellow
255,127,0,en,orange,orange
35,255,0,en,light green,light green
23,0,255,en,dark blue,dark blue
57,0,255,en,light dark blue,light dark blue
255,110,0,en,orange red,orange-red
232,0,255,en,fuksi,fuksi
255,0,231,en,light violet,light violet
169,0,255,en,violet,violet
81,0,255,en,violet blue,violet-blue
255,213,0,en,yellow,yellow
255,216,0,en,light yellow,light yellow
255,0,137,en,orange pink,orange pink
142,0,255,en,violet,violet
255,0,186,en,dirt pink,dirt pink
