r,g,b,lang_code,gpt_raw,gpt_norm,gpt_min,gemini_raw,gemini_norm,gemini_min
34,101,29,ko,초록색,초록,초록,진녹색,진녹,진녹
36,115,212,ko,파랑,파랑,파랑,파란색,파랑,파랑
212,81,59,ko,주황색,주황,주황,다홍색,다홍,다홍
124,252,25,ko,연두색,연두,연두,연두색,연두,연두
91,57,190,ko,보라색,보라,보라,보라색,보라,보라
47,171,196,ko,청록색,청록,청록,청록색,청록,청록
201,79,178,ko,보라색,보라,보라,자주색,자주,자주
12,91,167,ko,파란색,파랑,파랑,파란색,파랑,파랑
150,198,18,ko,연두색,연두,연두,연두색,연두,연두
237,222,44,ko,노란색,노랑,노랑,노란색,노랑,노랑
103,26,75,ko,자주색,자주,자주,자주색,자주,자주
97,165,9,ko,연두색,연두,연두,연두색,연두,연두
248,141,27,ko,주황색,주황,주황,주황색,주황,주황
54,209,222,ko,청록색,청록,청록,청록색,청록,청록
22,15,174,ko,파랑,파랑,파랑,파랑,파랑,파랑
58,158,161,ko,청록색,청록,청록,청록색,청록,청록
171,72,163,ko,보라색,보라,보라,자주색,자주,자주
160,206,20,ko,연두색,연두,연두,연두색,연두,연두
213,202,221,ko,라벤더그레이,라벤더그레이,라벤더그레이,연보라색,연보라,연보라
163,68,21,ko,주황색,주황,주황,테라코타색,테라코타,테라코타
162,246,227,ko,민트색,민트,민트,민트색,민트,민트
36,12,225,ko,보라색,보라,보라,파란색,파랑,파랑
208,103,199,ko,보라색,보라,보라,보라색,보라,보라
23,191,84,ko,초록색,초록,초록,초록색,초록,초록
111,210,101,ko,연두색,연두,연두,연두색,연두,연두
126,48,184,ko,보라색,보라,보라,보라색,보라,보라
207,52,152,ko,분홍색,분홍,분홍,마젠타,마젠타,마젠타
25,17,46,ko,남색,남,남,짙은 보라색,짙은 보라,짙은보라
215,170,117,ko,베이지,베이지,베이지,황토색,황토,황토
30,136,141,ko,청록색,청록,청록,청록색,청록,청록
147,211,65,ko,연두색,연두,연두,연두색,연두,연두
167,191,91,ko,연두색,연두,연두,연두색,연두,연두
71,51,93,ko,보라색,보라,보라,가지색,가지,가지
107,17,117,ko,보라색,보라,보라,보라색,보라,보라
216,29,3,ko,빨간색,빨강,빨강,빨강,빨강,빨강
156,76,187,ko,보라색,보라,보라,보라색,보라,보라
229,51,5,ko,주황색,주황,주황,주황색,주황,주황
203,0,155,ko,자주색,자주,자주,마젠타,마젠타,마젠타
131,13,10,ko,빨간색,빨강,빨강,암적색,암적,암적
8,24,79,ko,남색,남,남,남색,남,남
167,170,139,ko,카키색,카키,카키,쑥색,쑥,쑥
64,75,190,ko,파랑,파랑,파랑,남색,남,남
107,252,64,ko,연두색,연두,연두,연두색,연두,연두
31,158,190,ko,청록색,청록,청록,청록색,청록,청록
198,187,239,ko,연보라,연보라,연보라,라벤더,라벤더,라벤더
102,107,245,ko,파란색,파랑,파랑,청보라색,청보라,청보라
113,191,79,ko,연두색,연두,연두,라임색,라임,라임
45,18,14,ko,갈색,갈,갈,고동색,고동,고동
197,77,139,ko,분홍색,분홍,분홍,자홍색,자홍,자홍
119,254,180,ko,연두색,연두,연두,민트색,민트,민트
206,121,56,ko,주황색,주황,주황,벽돌색,벽돌,벽돌
112,215,67,ko,연두색,연두,연두,연두색,연두,연두
94,126,59,ko,올리브색,올리브,올리브,올리브색,올리브,올리브
6,197,85,ko,초록색,초록,초록,초록색,초록,초록
100,209,246,ko,하늘색,하늘,하늘,하늘색,하늘,하늘
50,83,5,ko,초록색,초록,초록,어두운 녹색,어두운 녹,어두운녹
195,195,236,ko,연보라색,연보라,연보라,연보라색,연보라,연보라
159,29,137,ko,보라색,보라,보라,자주색,자주,자주
233,87,28,ko,주황색,주황,주황,주황색,주황,주황
43,87,62,ko,초록색,초록,초록,진초록,진초록,진초록
172,180,163,ko,연두색,연두,연두,쑥색,쑥,쑥
41,181,51,ko,초록색,초록,초록,초록색,초록,초록
42,73,107,ko,파란색,파랑,파랑,남색,남,남
191,221,176,ko,연두색,연두,연두,연두색,연두,연두
122,60,67,ko,갈색,갈,갈,와인색,와인,와인
231,126,14,ko,주황색,주황,주황,주황색,주황,주황
219,35,215,ko,보라색,보라,보라,마젠타,마젠타,마젠타
105,20,85,ko,자주색,자주,자주,자주색,자주,자주
116,74,202,ko,보라색,보라,보라,보라색,보라,보라
176,67,123,ko,자주색,자주,자주,자주색,자주,자주
51,158,95,ko,초록색,초록,초록,초록색,초록,초록
223,215,111,ko,노란색,노랑,노랑,연노란색,연노랑,연노랑
208,17,178,ko,자홍색,자홍,자홍,마젠타,마젠타,마젠타
65,77,147,ko,남색,남,남,남색,남,남
78,142,101,ko,초록색,초록,초록,청록색,청록,청록
135,76,7,ko,갈색,갈,갈,황갈색,황갈,황갈
21,73,161,ko,파란색,파랑,파랑,로얄 블루,로얄 블루,로얄블루
182,19,54,ko,빨강,빨강,빨강,크림슨,크림슨,크림슨
234,254,54,ko,노란색,노랑,노랑,노란색,노랑,노랑
96,42,27,ko,갈색,갈,갈,밤색,밤,밤
165,244,192,ko,연두색,연두,연두,연초록색,연초록,연초록
177,24,144,ko,보라색,보라,보라,자주색,자주,자주
218,90,254,ko,보라색,보라,보라,보라색,보라,보라
185,216,189,ko,연두색,연두,연두,연두색,연두,연두
2,12,4,ko,검정,검정,검정,검정,검정,검정
137,196,108,ko,연두색,연두,연두,풀색,풀,풀
195,105,132,ko,분홍색,분홍,분홍,장미색,장미,장미
102,133,141,ko,청록색,청록,청록,청회색,청회,청회
127,15,51,ko,자주색,자주,자주,버건디색,버건디,버건디
160,67,208,ko,보라색,보라,보라,보라색,보라,보라
167,229,232,ko,하늘색,하늘,하늘,하늘색,하늘,하늘
18,226,215,ko,청록색,청록,청록,청록색,청록,청록
142,154,113,ko,연두색,연두,연두,올리브 그린,올리브 그린,올리브그린
181,139,0,ko,머스타드색,머스타드,머스타드,겨자색,겨자,겨자
63,3,45,ko,자주색,자주,자주,가지색,가지,가지
3,229,199,ko,청록색,청록,청록,청록색,청록,청록
101,179,15,ko,연두색,연두,연두,라임색,라임,라임
102,66,102,ko,보라색,보라,보라,진보라색,진보라,진보라
149,253,108,ko,연두색,연두,연두,연두색,연두,연두
79,215,220,ko,청록색,청록,청록,청록색,청록,청록
181,233,91,ko,연두색,연두,연두,연두색,연두,연두
86,178,85,ko,초록색,초록,초록,초록색,초록,초록
143,211,198,ko,민트색,민트,민트,민트색,민트,민트
197,43,196,ko,자주색,자주,자주,자홍색,자홍,자홍
177,210,120,ko,연두색,연두,연두,연두색,연두,연두
205,32,35,ko,빨강,빨강,빨강,빨간색,빨강,빨강
198,120,174,ko,보라색,보라,보라,자주색,자주,자주
66,194,113,ko,초록색,초록,초록,초록색,초록,초록
178,67,134,ko,보라색,보라,보라,자주색,자주,자주
165,185,29,ko,연두색,연두,연두,연두색,연두,연두
85,78,2,ko,올리브색,올리브,올리브,국방색,국방,국방
108,61,10,ko,갈색,갈,갈,고동색,고동,고동
34,92,81,ko,청록색,청록,청록,짙은 청록색,짙은 청록,짙은청록
254,188,48,ko,주황색,주황,주황,주황색,주황,주황
82,199,171,ko,민트색,민트,민트,청록색,청록,청록
44,134,19,ko,초록색,초록,초록,녹색,녹,녹
113,188,106,ko,연두색,연두,연두,초록색,초록,초록
146,125,26,ko,올리브색,올리브,올리브,올리브 그린,올리브 그린,올리브그린
213,172,48,ko,노란색,노랑,노랑,겨자색,겨자,겨자
75,39,241,ko,보라색,보라,보라,울트라마린,울트라마린,울트라마린
207,194,188,ko,연회색,연회,연회,토프,토프,토프
0,73,169,ko,파란색,파랑,파랑,파란색,파랑,파랑
94,171,12,ko,연두색,연두,연두,연두색,연두,연두
239,191,48,ko,노란색,노랑,노랑,황금색,황금,황금
118,197,199,ko,청록색,청록,청록,아쿠아색,아쿠아,아쿠아
75,121,154,ko,청록색,청록,청록,회청색,회청,회청
248,142,239,ko,분홍색,분홍,분홍,분홍색,분홍,분홍
92,12,52,ko,버건디,버건디,버건디,자주색,자주,자주
153,19,218,ko,보라색,보라,보라,보라색,보라,보라
235,231,249,ko,연보라,연보라,연보라,연보라색,연보라,연보라
5,40,66,ko,남색,남,남,감청색,감청,감청
108,227,51,ko,연두색,연두,연두,연두색,연두,연두
142,113,71,ko,갈색,갈,갈,황갈색,황갈,황갈
234,140,230,ko,분홍색,분홍,분홍,분홍색,분홍,분홍
217,109,118,ko,분홍색,분홍,분홍,장미색,장미,장미
154,81,223,ko,보라색,보라,보라,보라색,보라,보라
252,246,45,ko,노란색,노랑,노랑,노란색,노랑,노랑
109,168,220,ko,하늘색,하늘,하늘,파란색,파랑,파랑
226,144,65,ko,주황색,주황,주황,황토색,황토,황토
57,152,75,ko,초록색,초록,초록,초록색,초록,초록
106,185,178,ko,청록색,청록,청록,청록색,청록,청록
186,59,0,ko,주황색,주황,주황,벽돌색,벽돌,벽돌
7,186,189,ko,청록색,청록,청록,청록색,청록,청록
176,120,89,ko,갈색,갈,갈,적갈색,적갈,적갈
90,54,76,ko,자주색,자주,자주,자주색,자주,자주
96,30,120,ko,보라색,보라,보라,보라색,보라,보라
192,77,56,ko,주황색,주황,주황,벽돌색,벽돌,벽돌
124,64,158,ko,보라색,보라,보라,보라색,보라,보라
233,17,146,ko,분홍색,분홍,분홍,마젠타,마젠타,마젠타
100,233,2,ko,연두색,연두,연두,라임색,라임,라임
108,87,130,ko,보라색,보라,보라,회보라색,회보라,회보라
103,80,47,ko,갈색,갈,갈,밤색,밤,밤
229,68,147,ko,분홍색,분홍,분홍,핫핑크,핫핑크,핫핑크
189,75,233,ko,보라색,보라,보라,보라색,보라,보라
249,7,219,ko,자홍색,자홍,자홍,마젠타색,마젠타,마젠타
59,94,23,ko,초록색,초록,초록,국방색,국방,국방
113,42,91,ko,자주색,자주,자주,자주색,자주,자주
211,200,191,ko,베이지,베이지,베이지,연회색,연회,연회
121,157,32,ko,초록색,초록,초록,올리브색,올리브,올리브
160,239,32,ko,연두색,연두,연두,연두색,연두,연두
24,163,169,ko,청록색,청록,청록,청록색,청록,청록
127,60,188,ko,보라색,보라,보라,보라색,보라,보라
48,180,111,ko,초록색,초록,초록,초록색,초록,초록
29,66,230,ko,파란색,파랑,파랑,파란색,파랑,파랑
165,61,97,ko,자주색,자주,자주,자주색,자주,자주
152,157,232,ko,연보라색,연보라,연보라,연보라색,연보라,연보라
170,85,112,ko,자주색,자주,자주,말린 장미색,말린 장미,말린장미
121,126,4,ko,올리브색,올리브,올리브,올리브색,올리브,올리브
252,173,234,ko,분홍색,분홍,분홍,분홍색,분홍,분홍
174,147,84,ko,카키색,카키,카키,황갈색,황갈,황갈
103,250,83,ko,연두색,연두,연두,연두색,연두,연두
147,11,163,ko,보라색,보라,보라,보라색,보라,보라
42,136,184,ko,하늘색,하늘,하늘,파란색,파랑,파랑
149,117,175,ko,보라색,보라,보라,보라색,보라,보라
149,219,41,ko,연두색,연두,연두,연두색,연두,연두
130,20,77,ko,자주색,자주,자주,자주색,자주,자주
212,74,51,ko,주황색,주황,주황,적갈색,적갈,적갈
15,9,60,ko,남색,남,남,남색,남,남
136,71,123,ko,보라색,보라,보라,보라색,보라,보라
200,194,69,ko,노란색,노랑,노랑,연두색,연두,연두
228,56,232,ko,보라색,보라,보라,마젠타,마젠타,마젠타
224,209,101,ko,노란색,노랑,노랑,머스타드색,머스타드,머스타드
45,122,192,ko,파란색,파랑,파랑,파란색,파랑,파랑
120,33,59,ko,자주색,자주,자주,자주색,자주,자주
223,1,61,ko,빨간색,빨강,빨강,자홍색,자홍,자홍
186,53,130,ko,분홍색,분홍,분홍,자주색,자주,자주
189,106,156,ko,분홍색,분홍,분홍,자홍색,자홍,자홍
74,208,151,ko,민트색,민트,민트,민트색,민트,민트
26,183,212,ko,하늘색,하늘,하늘,터키색,터키,터키
2,171,152,ko,청록색,청록,청록,청록색,청록,청록
17,35,158,ko,파랑,파랑,파랑,파란색,파랑,파랑
185,188,7,ko,노란색,노랑,노랑,연두색,연두,연두
68,198,203,ko,청록색,청록,청록,터키색,터키,터키
20,234,125,ko,초록색,초록,초록,초록색,초록,초록
51,226,145,ko,초록색,초록,초록,연두색,연두,연두
213,103,56,ko,주황색,주황,주황,벽돌색,벽돌,벽돌
217,33,80,ko,분홍색,분홍,분홍,진홍색,진홍,진홍
175,233,122,ko,연두색,연두,연두,연두색,연두,연두
121,246,245,ko,청록색,청록,청록,아쿠아색,아쿠아,아쿠아
81,200,58,ko,연두색,연두,연두,라임색,라임,라임
104,213,211,ko,민트색,민트,민트,청록색,청록,청록
158,180,204,ko,파란색,파랑,파랑,회청색,회청,회청
22,204,183,ko,청록색,청록,청록,청록색,청록,청록
233,48,47,ko,빨강,빨강,빨강,빨강,빨강,빨강
251,65,190,ko,분홍색,분홍,분홍,핫핑크,핫핑크,핫핑크
204,196,108,ko,카키색,카키,카키,올리브색,올리브,올리브
195,222,30,ko,연두색,연두,연두,연두색,연두,연두
200,118,141,ko,분홍색,분홍,분홍,말린 장미색,말린 장미,말린장미
76,138,182,ko,파란색,파랑,파랑,파란색,파랑,파랑
195,11,226,ko,자홍색,자홍,자홍,자주색,자주,자주
239,164,18,ko,주황색,주황,주황,주황색,주황,주황
92,228,228,ko,민트색,민트,민트,청록색,청록,청록
21,7,214,ko,파란색,파랑,파랑,파란색,파랑,파랑
227,148,164,ko,분홍색,분홍,분홍,분홍색,분홍,분홍
152,212,37,ko,연두색,연두,연두,연두색,연두,연두
34,160,243,ko,파란색,파랑,파랑,파란색,파랑,파랑
127,17,171,ko,보라색,보라,보라,보라색,보라,보라
9,16,115,ko,남색,남,남,남색,남,남
115,239,47,ko,연두색,연두,연두,연두색,연두,연두
58,208,73,ko,초록색,초록,초록,라임색,라임,라임
224,124,2,ko,주황색,주황,주황,주황색,주황,주황
28,129,107,ko,청록색,청록,청록,청록색,청록,청록
239,187,12,ko,노란색,노랑,노랑,황금색,황금,황금
50,40,128,ko,보라색,보라,보라,남보라색,남보라,남보라
2,22,20,ko,청록색,청록,청록,어두운 녹색,어두운 녹,어두운녹
31,212,4,ko,초록색,초록,초록,초록색,초록,초록
97,109,167,ko,남색,남,남,청자색,청자,청자
17,191,94,ko,초록색,초록,초록,초록,초록,초록
50,1,165,ko,보라색,보라,보라,파란색,파랑,파랑
179,91,66,ko,갈색,갈,갈,벽돌색,벽돌,벽돌
71,57,68,ko,보라색,보라,보라,자주색,자주,자주
146,73,147,ko,보라색,보라,보라,보라색,보라,보라
131,178,232,ko,하늘색,하늘,하늘,하늘색,하늘,하늘
82,133,250,ko,파란색,파랑,파랑,파란색,파랑,파랑
78,211,168,ko,민트색,민트,민트,청록색,청록,청록
20,64,243,ko,파란색,파랑,파랑,파란색,파랑,파랑
241,93,206,ko,분홍색,분홍,분홍,분홍,분홍,분홍
43,141,204,ko,파랑,파랑,파랑,파란색,파랑,파랑
220,43,149,ko,분홍색,분홍,분홍,핫핑크,핫핑크,핫핑크
222,69,206,ko,자홍색,자홍,자홍,자홍색,자홍,자홍
36,190,147,ko,청록색,청록,청록,청록색,청록,청록
239,125,186,ko,분홍색,분홍,분홍,분홍색,분홍,분홍
152,222,94,ko,연두색,연두,연두,연두색,연두,연두
107,48,80,ko,자주색,자주,자주,자주색,자주,자주
230,109,34,ko,주황색,주황,주황,주황색,주황,주황
29,196,120,ko,초록색,초록,초록,초록,초록,초록
28,90,204,ko,파란색,파랑,파랑,파란색,파랑,파랑
7,249,157,ko,민트색,민트,민트,청록색,청록,청록
208,145,189,ko,분홍색,분홍,분홍,자주색,자주,자주
11,27,215,ko,파랑,파랑,파랑,파랑,파랑,파랑
26,140,125,ko,청록색,청록,청록,청록색,청록,청록
29,124,52,ko,초록색,초록,초록,녹색,녹,녹
68,220,144,ko,연두색,연두,연두,민트색,민트,민트
49,91,92,ko,청록색,청록,청록,짙은 청록색,짙은 청록,짙은청록
102,81,167,ko,보라색,보라,보라,보라색,보라,보라
110,195,199,ko,청록색,청록,청록,청록색,청록,청록
212,191,25,ko,노란색,노랑,노랑,황금색,황금,황금
247,16,101,ko,분홍색,분홍,분홍,진분홍,진분홍,진분홍
172,93,173,ko,보라색,보라,보라,자주색,자주,자주
38,197,7,ko,초록색,초록,초록,초록색,초록,초록
126,142,133,ko,회색,회,회,옥색,옥,옥
26,77,112,ko,청록색,청록,청록,진한 파란색,진 파랑,진파랑
144,36,149,ko,보라색,보라,보라,보라색,보라,보라
79,207,184,ko,민트색,민트,민트,청록색,청록,청록
21,96,225,ko,파랑,파랑,파랑,파랑,파랑,파랑
14,60,38,ko,초록색,초록,초록,진초록색,진초록,진초록
189,154,145,ko,분홍색,분홍,분홍,말린장미색,말린장미,말린장미
190,208,230,ko,연한 파란색,연 파랑,연파랑,하늘색,하늘,하늘
44,225,209,ko,청록색,청록,청록,청록색,청록,청록
201,120,185,ko,분홍색,분홍,분홍,자주색,자주,자주
223,103,42,ko,주황색,주황,주황,주황색,주황,주황
112,205,200,ko,청록색,청록,청록,터키옥색,터키옥,터키옥
212,239,113,ko,연두색,연두,연두,연두색,연두,연두
161,48,50,ko,적갈색,적갈,적갈,버건디,버건디,버건디
139,134,207,ko,연보라,연보라,연보라,보라색,보라,보라
253,252,208,ko,연노랑,연노랑,연노랑,연노랑,연노랑,연노랑
92,180,225,ko,하늘색,하늘,하늘,하늘색,하늘,하늘
7,142,224,ko,파랑,파랑,파랑,파란색,파랑,파랑
157,185,186,ko,민트색,민트,민트,회청색,회청,회청
46,59,87,ko,남색,남,남,남색,남,남
81,228,69,ko,연두색,연두,연두,라임색,라임,라임
37,26,99,ko,남색,남,남,남색,남,남
111,7,141,ko,보라색,보라,보라,보라색,보라,보라
207,26,66,ko,빨강,빨강,빨강,진홍색,진홍,진홍
154,101,24,ko,갈색,갈,갈,갈색,갈,갈
54,45,159,ko,파란색,파랑,파랑,남색,남,남
28,130,223,ko,파란색,파랑,파랑,파란색,파랑,파랑
50,161,225,ko,하늘색,하늘,하늘,파란색,파랑,파랑
78,125,192,ko,파랑,파랑,파랑,파란색,파랑,파랑
241,13,160,ko,자홍색,자홍,자홍,핫핑크,핫핑크,핫핑크
26,49,3,ko,짙은 초록색,짙은 초록,짙은초록,국방색,국방,국방
212,47,80,ko,빨강,빨강,빨강,자홍색,자홍,자홍
227,29,188,ko,자홍색,자홍,자홍,마젠타,마젠타,마젠타
162,250,35,ko,연두색,연두,연두,연두색,연두,연두
59,97,226,ko,파란색,파랑,파랑,파란색,파랑,파랑
71,230,114,ko,초록색,초록,초록,연두색,연두,연두
109,192,250,ko,하늘색,하늘,하늘,하늘색,하늘,하늘
15,118,227,ko,파란색,파랑,파랑,파란색,파랑,파랑
229,46,94,ko,분홍색,분홍,분홍,핫핑크,핫핑크,핫핑크
135,93,153,ko,보라색,보라,보라,보라색,보라,보라
185,255,113,ko,연두색,연두,연두,연두색,연두,연두
230,200,43,ko,노란색,노랑,노랑,노란색,노랑,노랑
96,110,228,ko,파란색,파랑,파랑,파란색,파랑,파랑
196,138,36,ko,주황색,주황,주황,황토색,황토,황토
219,16,216,ko,자홍색,자홍,자홍,마젠타,마젠타,마젠타
188,222,220,ko,연한 청록색,연 청록,연청록,하늘색,하늘,하늘
235,63,136,ko,분홍색,분홍,분홍,핫핑크,핫핑크,핫핑크
125,98,96,ko,회갈색,회갈,회갈,팥색,팥,팥
194,11,180,ko,자홍색,자홍,자홍,자주색,자주,자주
96,80,245,ko,보라색,보라,보라,파란색,파랑,파랑
8,76,109,ko,청록색,청록,청록,청록색,청록,청록
148,148,224,ko,연보라,연보라,연보라,남보라색,남보라,남보라
152,99,244,ko,보라색,보라,보라,보라색,보라,보라
196,28,203,ko,자주색,자주,자주,마젠타,마젠타,마젠타
109,45,50,ko,적갈색,적갈,적갈,자주색,자주,자주
173,246,240,ko,민트색,민트,민트,하늘색,하늘,하늘
83,100,152,ko,남색,남,남,군청색,군청,군청
26,23,201,ko,파란색,파랑,파랑,파란색,파랑,파랑
114,138,251,ko,하늘색,하늘,하늘,제비꽃색,제비꽃,제비꽃
216,243,208,ko,연두색,연두,연두,연두색,연두,연두
178,84,139,ko,분홍색,분홍,분홍,자주색,자주,자주
135,177,251,ko,하늘색,하늘,하늘,하늘색,하늘,하늘
100,136,196,ko,파란색,파랑,파랑,파란색,파랑,파랑
166,188,252,ko,하늘색,하늘,하늘,연하늘색,연하늘,연하늘
236,252,151,ko,연두색,연두,연두,연노란색,연노랑,연노랑
54,111,164,ko,파란색,파랑,파랑,파란색,파랑,파랑
54,141,67,ko,초록색,초록,초록,초록색,초록,초록
139,220,26,ko,연두색,연두,연두,연두색,연두,연두
159,99,131,ko,분홍색,분홍,분홍,자주색,자주,자주
82,86,43,ko,올리브색,올리브,올리브,올리브색,올리브,올리브
69,58,233,ko,보라색,보라,보라,군청색,군청,군청
176,19,62,ko,적갈색,적갈,적갈,진홍색,진홍,진홍
85,140,159,ko,청록색,청록,청록,청회색,청회,청회
105,249,21,ko,연두색,연두,연두,연두색,연두,연두
185,25,234,ko,보라색,보라,보라,보라색,보라,보라
40,47,66,ko,남색,남,남,남색,남,남
223,79,19,ko,주황색,주황,주황,주황색,주황,주황
168,103,89,ko,분홍갈색,분홍갈,분홍갈,벽돌색,벽돌,벽돌
183,254,50,ko,연두색,연두,연두,라임색,라임,라임
151,232,249,ko,하늘색,하늘,하늘,하늘색,하늘,하늘
154,215,14,ko,연두색,연두,연두,연두색,연두,연두
104,36,230,ko,보라색,보라,보라,보라색,보라,보라
93,246,99,ko,연두색,연두,연두,연두색,연두,연두
108,38,8,ko,갈색,갈,갈,고동색,고동,고동
140,163,239,ko,연파랑,연파랑,연파랑,보랏빛 파랑,보랏빛 파랑,보랏빛파랑
62,142,126,ko,청록색,청록,청록,청록색,청록,청록
1,84,74,ko,청록색,청록,청록,청록색,청록,청록
71,195,57,ko,초록색,초록,초록,연두색,연두,연두
51,207,168,ko,민트색,민트,민트,청록색,청록,청록
206,135,205,ko,보라색,보라,보라,연보라색,연보라,연보라
85,130,104,ko,초록색,초록,초록,쑥색,쑥,쑥
122,124,53,ko,카키색,카키,카키,올리브색,올리브,올리브
121,50,198,ko,보라색,보라,보라,보라색,보라,보라
152,4,154,ko,자주색,자주,자주,보라색,보라,보라
113,218,125,ko,연두색,연두,연두,연두색,연두,연두
198,84,53,ko,주황색,주황,주황,벽돌색,벽돌,벽돌
189,194,8,ko,황록색,황록,황록,연두색,연두,연두
244,16,64,ko,빨강,빨강,빨강,핫핑크,핫핑크,핫핑크
189,73,186,ko,보라색,보라,보라,자주색,자주,자주
179,117,184,ko,보라색,보라,보라,보라색,보라,보라
106,47,37,ko,갈색,갈,갈,밤색,밤,밤
121,18,218,ko,보라색,보라,보라,보라색,보라,보라
20,104,163,ko,파란색,파랑,파랑,파란색,파랑,파랑
191,77,240,ko,보라색,보라,보라,보라색,보라,보라
29,199,175,ko,청록색,청록,청록,청록,청록,청록
49,232,123,ko,초록색,초록,초록,초록색,초록,초록
6,76,190,ko,파랑,파랑,파랑,로얄블루,로얄블루,로얄블루
125,89,188,ko,보라색,보라,보라,보라색,보라,보라
213,241,134,ko,연두색,연두,연두,연두색,연두,연두
70,93,70,ko,녹색,녹,녹,국방색,국방,국방
217,192,203,ko,연분홍,연분홍,연분홍,말린 장미색,말린 장미,말린장미
97,144,115,ko,초록색,초록,초록,쑥색,쑥,쑥
106,84,151,ko,보라색,보라,보라,보라색,보라,보라
85,163,215,ko,하늘색,하늘,하늘,하늘색,하늘,하늘
54,99,58,ko,초록색,초록,초록,국방색,국방,국방
156,252,208,ko,연두색,연두,연두,민트색,민트,민트
59,212,108,ko,초록색,초록,초록,라임색,라임,라임
196,83,27,ko,주황색,주황,주황,벽돌색,벽돌,벽돌
141,242,1,ko,연두색,연두,연두,라임색,라임,라임
17,44,232,ko,파란색,파랑,파랑,선명한 파란색,선명한 파랑,선명한파랑
59,152,109,ko,초록색,초록,초록,짙은 초록색,짙은 초록,짙은초록
67,237,205,ko,민트색,민트,민트,청록색,청록,청록
224,154,60,ko,주황색,주황,주황,황토색,황토,황토
108,188,236,ko,하늘색,하늘,하늘,하늘색,하늘,하늘
46,63,241,ko,파랑,파랑,파랑,파란색,파랑,파랑
245,19,69,ko,빨강,빨강,빨강,진홍색,진홍,진홍
1,94,134,ko,청록색,청록,청록,청록색,청록,청록
137,251,216,ko,민트색,민트,민트,민트색,민트,민트
113,143,60,ko,연두색,연두,연두,올리브 그린,올리브 그린,올리브그린
154,20,24,ko,빨강,빨강,빨강,버건디,버건디,버건디
48,189,121,ko,초록색,초록,초록,초록색,초록,초록
146,41,156,ko,보라색,보라,보라,보라색,보라,보라
62,128,170,ko,파란색,파랑,파랑,파란색,파랑,파랑
174,211,216,ko,하늘색,하늘,하늘,하늘색,하늘,하늘
218,17,108,ko,분홍색,분홍,분홍,마젠타색,마젠타,마젠타
226,118,28,ko,주황색,주황,주황,주황색,주황,주황
38,240,123,ko,연두색,연두,연두,초록색,초록,초록
64,144,181,ko,청록색,청록,청록,청록색,청록,청록
203,207,45,ko,노란색,노랑,노랑,연두색,연두,연두
137,255,36,ko,연두색,연두,연두,연두색,연두,연두
73,255,44,ko,연두색,연두,연두,초록색,초록,초록
2,117,156,ko,청록색,청록,청록,청록색,청록,청록
25,106,187,ko,파란색,파랑,파랑,파란색,파랑,파랑
131,220,0,ko,연두색,연두,연두,연두색,연두,연두
58,189,157,ko,청록색,청록,청록,터키색,터키,터키
201,200,127,ko,카키색,카키,카키,연두색,연두,연두
159,248,234,ko,민트색,민트,민트,민트색,민트,민트
61,111,36,ko,초록색,초록,초록,국방색,국방,국방
44,115,98,ko,청록색,청록,청록,청록색,청록,청록
112,135,118,ko,카키색,카키,카키,쑥색,쑥,쑥
129,44,181,ko,보라색,보라,보라,보라색,보라,보라
120,9,93,ko,자주색,자주,자주,자주색,자주,자주
54,162,105,ko,초록색,초록,초록,녹색,녹,녹
234,202,60,ko,노랑,노랑,노랑,은행잎색,은행잎,은행잎
223,123,226,ko,분홍색,분홍,분홍,보라색,보라,보라
187,168,147,ko,베이지,베이지,베이지,회갈색,회갈,회갈
139,230,28,ko,연두색,연두,연두,라임색,라임,라임
60,114,7,ko,초록색,초록,초록,올리브색,올리브,올리브
87,146,157,ko,청록색,청록,청록,청록색,청록,청록
235,121,94,ko,주황색,주황,주황,코랄색,코랄,코랄
160,28,22,ko,빨간색,빨강,빨강,빨간색,빨강,빨강
124,126,249,ko,보라색,보라,보라,청보라색,청보라,청보라
231,157,178,ko,분홍색,분홍,분홍,분홍색,분홍,분홍
159,209,71,ko,연두색,연두,연두,연두색,연두,연두
138,75,32,ko,갈색,갈,갈,밤색,밤,밤
140,246,22,ko,연두색,연두,연두,연두색,연두,연두
29,128,199,ko,파랑,파랑,파랑,로얄블루,로얄블루,로얄블루
17,189,134,ko,청록색,청록,청록,초록색,초록,초록
133,140,144,ko,회색,회,회,회색,회,회
16,108,88,ko,청록색,청록,청록,청록색,청록,청록
143,218,246,ko,하늘색,하늘,하늘,하늘색,하늘,하늘
253,18,42,ko,빨강,빨강,빨강,빨강,빨강,빨강
74,61,122,ko,보라색,보라,보라,가지색,가지,가지
39,4,138,ko,보라색,보라,보라,보라색,보라,보라
166,96,184,ko,보라색,보라,보라,보라색,보라,보라
101,194,192,ko,민트색,민트,민트,청록색,청록,청록
113,232,235,ko,하늘색,하늘,하늘,청록색,청록,청록
186,30,138,ko,자홍색,자홍,자홍,마젠타,마젠타,마젠타
5,10,104,ko,짙은 파랑,짙은 파랑,짙은파랑,남색,남,남
234,38,106,ko,분홍색,분홍,분홍,핫핑크,핫핑크,핫핑크
173,40,139,ko,자주색,자주,자주,자주색,자주,자주
108,222,8,ko,연두색,연두,연두,연두색,연두,연두
252,174,184,ko,연분홍,연분홍,연분홍,분홍,분홍,분홍
43,78,74,ko,청록색,청록,청록,짙은 청록색,짙은 청록,짙은청록
51,232,115,ko,초록색,초록,초록,연두색,연두,연두
83,207,13,ko,연두색,연두,연두,초록색,초록,초록
182,158,121,ko,베이지,베이지,베이지,베이지,베이지,베이지
177,141,32,ko,금색,금,금,머스타드색,머스타드,머스타드
212,136,164,ko,분홍색,분홍,분홍,분홍,분홍,분홍
3,2,240,ko,파랑,파랑,파랑,파란색,파랑,파랑
1,60,46,ko,청록색,청록,청록,어두운 녹색,어두운 녹,어두운녹
229,234,3,ko,노랑,노랑,노랑,노란색,노랑,노랑
122,14,102,ko,자주색,자주,자주,자주색,자주,자주
144,0,174,ko,보라색,보라,보라,보라색,보라,보라
36,221,40,ko,연두색,연두,연두,초록색,초록,초록
231,172,153,ko,살구색,살구,살구,살구색,살구,살구
115,29,165,ko,보라색,보라,보라,보라색,보라,보라
119,181,192,ko,청록색,청록,청록,청록색,청록,청록
211,202,125,ko,카키색,카키,카키,겨자색,겨자,겨자
11,15,43,ko,남색,남,남,남색,남,남
45,105,27,ko,초록색,초록,초록,짙은 녹색,짙은 녹,짙은녹
120,7,98,ko,자주색,자주,자주,진보라색,진보라,진보라
127,147,169,ko,회청색,회청,회청,청회색,청회,청회
174,53,200,ko,보라색,보라,보라,보라색,보라,보라
66,183,184,ko,청록색,청록,청록,청록색,청록,청록
17,48,198,ko,파랑,파랑,파랑,파랑,파랑,파랑
95,75,22,ko,갈색,갈,갈,올리브색,올리브,올리브
66,10,166,ko,보라색,보라,보라,보라색,보라,보라
119,193,231,ko,하늘색,하늘,하늘,하늘색,하늘,하늘
50,175,247,ko,하늘색,하늘,하늘,하늘색,하늘,하늘
115,207,22,ko,연두색,연두,연두,연두색,연두,연두
248,74,230,ko,분홍색,분홍,분홍,자홍색,자홍,자홍
126,225,16,ko,연두색,연두,연두,연두색,연두,연두
142,198,200,ko,청록색,청록,청록,아쿠아색,아쿠아,아쿠아
170,167,166,ko,회색,회,회,베이지 그레이,베이지 그레이,베이지그레이
109,182,203,ko,하늘색,하늘,하늘,하늘색,하늘,하늘
133,179,204,ko,하늘색,하늘,하늘,하늘색,하늘,하늘
244,160,30,ko,주황색,주황,주황,주황색,주황,주황
221,89,72,ko,주황색,주황,주황,다홍색,다홍,다홍
213,11,140,ko,마젠타,마젠타,마젠타,핫핑크,핫핑크,핫핑크
164,25,46,ko,빨강,빨강,빨강,버건디색,버건디,버건디
85,155,222,ko,하늘색,하늘,하늘,파란색,파랑,파랑
218,208,77,ko,노란색,노랑,노랑,겨자색,겨자,겨자
196,114,206,ko,보라색,보라,보라,자주색,자주,자주
2,251,224,ko,청록색,청록,청록,청록색,청록,청록
57,164,31,ko,초록색,초록,초록,초록색,초록,초록
74,64,168,ko,보라색,보라,보라,보라색,보라,보라
240,250,208,ko,연한 연두색,연 연두,연연두,연두색,연두,연두
174,57,13,ko,주황색,주황,주황,벽돌색,벽돌,벽돌
79,161,8,ko,초록색,초록,초록,연두색,연두,연두
4,200,251,ko,하늘색,하늘,하늘,파랑,파랑,파랑
151,230,31,ko,연두색,연두,연두,연두색,연두,연두
189,149,115,ko,갈색,갈,갈,카멜색,카멜,카멜
3,63,54,ko,청록색,청록,청록,청록색,청록,청록
190,180,197,ko,연보라색,연보라,연보라,연보라색,연보라,연보라
71,81,165,ko,파란색,파랑,파랑,남보라색,남보라,남보라
34,115,199,ko,파란색,파랑,파랑,파란색,파랑,파랑
76,29,97,ko,보라색,보라,보라,가지색,가지,가지
132,26,123,ko,보라색,보라,보라,자주색,자주,자주
119,229,178,ko,민트색,민트,민트,민트색,민트,민트
23,87,184,ko,파랑,파랑,파랑,파란색,파랑,파랑
145,16,134,ko,보라색,보라,보라,자주색,자주,자주
24,41,4,ko,짙은 초록색,짙은 초록,짙은초록,짙은 초록색,짙은 초록,짙은초록
161,198,116,ko,연두색,연두,연두,연두색,연두,연두
72,24,207,ko,보라색,보라,보라,보라색,보라,보라
91,42,55,ko,자주색,자주,자주,와인색,와인,와인
14,105,236,ko,파란색,파랑,파랑,파랑,파랑,파랑
116,158,101,ko,연두색,연두,연두,이끼색,이끼,이끼
152,147,12,ko,올리브색,올리브,올리브,올리브색,올리브,올리브
239,237,90,ko,노란색,노랑,노랑,노란색,노랑,노랑
71,240,69,ko,연두색,연두,연두,연두색,연두,연두
17,141,209,ko,파란색,파랑,파랑,파란색,파랑,파랑
28,62,23,ko,초록색,초록,초록,짙은 녹색,짙은 녹,짙은녹
117,166,134,ko,연두색,연두,연두,쑥색,쑥,쑥
41,109,228,ko,파란색,파랑,파랑,로열 블루,로열 블루,로열블루
232,189,38,ko,노란색,노랑,노랑,겨자색,겨자,겨자
52,83,163,ko,파란색,파랑,파랑,파란색,파랑,파랑
212,170,71,ko,머스타드색,머스타드,머스타드,머스타드색,머스타드,머스타드
219,4,173,ko,자홍색,자홍,자홍,자주,자주,자주
176,128,54,ko,갈색,갈,갈,황토색,황토,황토
118,223,234,ko,하늘색,하늘,하늘,하늘색,하늘,하늘
199,61,43,ko,빨간색,빨강,빨강,벽돌색,벽돌,벽돌
17,49,191,ko,파란색,파랑,파랑,파랑,파랑,파랑
207,63,221,ko,보라색,보라,보라,자주색,자주,자주
196,185,255,ko,연보라,연보라,연보라,연보라색,연보라,연보라
247,153,131,ko,살구색,살구,살구,산호색,산호,산호
219,230,205,ko,연두색,연두,연두,연녹색,연녹,연녹
247,196,184,ko,연분홍,연분홍,연분홍,살구색,살구,살구
211,90,43,ko,주황색,주황,주황,벽돌색,벽돌,벽돌
242,164,92,ko,주황색,주황,주황,살구색,살구,살구
54,80,56,ko,진녹색,진녹,진녹,국방색,국방,국방
117,47,105,ko,보라색,보라,보라,보라색,보라,보라
166,222,28,ko,연두색,연두,연두,연두색,연두,연두
139,179,71,ko,연두색,연두,연두,연두색,연두,연두
50,122,74,ko,초록색,초록,초록,숲색,숲,숲
49,60,187,ko,파란색,파랑,파랑,로얄블루,로얄블루,로얄블루
38,209,71,ko,연두색,연두,연두,초록색,초록,초록
181,8,230,ko,보라색,보라,보라,보라색,보라,보라
160,98,5,ko,갈색,갈,갈,고동색,고동,고동
13,13,112,ko,남색,남,남,남색,남,남
23,58,125,ko,파란색,파랑,파랑,남색,남,남
155,245,252,ko,하늘색,하늘,하늘,하늘색,하늘,하늘
86,108,204,ko,파란색,파랑,파랑,군청색,군청,군청
50,185,33,ko,초록색,초록,초록,초록색,초록,초록
158,227,235,ko,하늘색,하늘,하늘,하늘색,하늘,하늘
101,89,151,ko,보라색,보라,보라,남보라색,남보라,남보라
218,183,8,ko,노란색,노랑,노랑,겨자색,겨자,겨자
71,192,107,ko,초록색,초록,초록,초록,초록,초록
126,109,245,ko,보라색,보라,보라,보라색,보라,보라
252,232,2,ko,노란색,노랑,노랑,노란색,노랑,노랑
146,159,3,ko,올리브색,올리브,올리브,올리브색,올리브,올리브
142,164,15,ko,연두색,연두,연두,올리브색,올리브,올리브
242,134,199,ko,분홍색,분홍,분홍,분홍색,분홍,분홍
64,133,208,ko,파란색,파랑,파랑,파란색,파랑,파랑
221,76,198,ko,자홍색,자홍,자홍,자주,자주,자주
123,254,102,ko,연두색,연두,연두,라임색,라임,라임
105,50,171,ko,보라색,보라,보라,보라색,보라,보라
148,91,76,ko,갈색,갈,갈,적갈색,적갈,적갈
113,17,85,ko,자주색,자주,자주,자주색,자주,자주
188,132,75,ko,갈색,갈,갈,황토색,황토,황토
185,130,46,ko,갈색,갈,갈,황토색,황토,황토
116,94,249,ko,보라색,보라,보라,보라색,보라,보라
144,253,4,ko,연두색,연두,연두,연두색,연두,연두
128,175,218,ko,하늘색,하늘,하늘,하늘색,하늘,하늘
113,206,91,ko,연두색,연두,연두,연두색,연두,연두
235,41,149,ko,분홍색,분홍,분홍,핫핑크,핫핑크,핫핑크
167,107,131,ko,자주빛 붉은색,자주빛 붉은,자주빛붉은,모브색,모브,모브
192,149,0,ko,금색,금,금,겨자색,겨자,겨자
140,18,189,ko,보라색,보라,보라,보라색,보라,보라
121,212,230,ko,하늘색,하늘,하늘,하늘색,하늘,하늘
134,64,194,ko,보라색,보라,보라,보라색,보라,보라
222,180,183,ko,분홍색,분홍,분홍,인디핑크,인디핑크,인디핑크
169,47,186,ko,보라색,보라,보라,보라색,보라,보라
32,244,38,ko,초록색,초록,초록,라임색,라임,라임
138,250,84,ko,연두색,연두,연두,연두색,연두,연두
37,233,238,ko,청록색,청록,청록,아쿠아색,아쿠아,아쿠아
191,212,77,ko,연두색,연두,연두,연두색,연두,연두
21,2,187,ko,파란색,파랑,파랑,파란색,파랑,파랑
32,59,77,ko,남색,남,남,네이비색,네이비,네이비
28,90,253,ko,파란색,파랑,파랑,파란색,파랑,파랑
153,229,203,ko,민트색,민트,민트,민트색,민트,민트
160,105,120,ko,자주빛 분홍색,자주빛 분홍,자주빛분홍,말린 장미색,말린 장미,말린장미
9,219,87,ko,연두색,연두,연두,초록색,초록,초록
91,120,54,ko,올리브색,올리브,올리브,올리브색,올리브,올리브
243,26,220,ko,자홍색,자홍,자홍,자주색,자주,자주
176,3,192,ko,보라색,보라,보라,보라색,보라,보라
195,36,214,ko,보라색,보라,보라,보라색,보라,보라
254,23,16,ko,빨강,빨강,빨강,빨간색,빨강,빨강
94,218,74,ko,연두색,연두,연두,라임색,라임,라임
151,113,172,ko,보라색,보라,보라,보라색,보라,보라
107,78,140,ko,보라색,보라,보라,보라색,보라,보라
222,233,85,ko,연두색,연두,연두,연두색,연두,연두
38,224,130,ko,초록색,초록,초록,초록색,초록,초록
189,184,212,ko,연보라색,연보라,연보라,연보라색,연보라,연보라
59,182,150,ko,청록색,청록,청록,청록색,청록,청록
182,113,61,ko,갈색,갈,갈,벽돌색,벽돌,벽돌
171,126,53,ko,갈색,갈,갈,황금색,황금,황금
81,109,228,ko,파란색,파랑,파랑,파란색,파랑,파랑
46,200,187,ko,청록색,청록,청록,청록색,청록,청록
86,200,20,ko,연두색,연두,연두,연두색,연두,연두
5,91,44,ko,초록색,초록,초록,짙은 녹색,짙은 녹,짙은녹
10,210,214,ko,청록색,청록,청록,청록색,청록,청록
146,42,252,ko,보라색,보라,보라,보라색,보라,보라
223,117,132,ko,분홍색,분홍,분홍,핑크,핑크,핑크
167,167,118,ko,카키색,카키,카키,올리브색,올리브,올리브
114,109,207,ko,보라색,보라,보라,보라색,보라,보라
68,117,69,ko,초록색,초록,초록,초록,초록,초록
143,62,107,ko,자주색,자주,자주,자주색,자주,자주
181,5,150,ko,자주색,자주,자주,마젠타,마젠타,마젠타
245,41,223,ko,분홍색,분홍,분홍,마젠타,마젠타,마젠타
142,137,230,ko,연보라,연보라,연보라,연보라색,연보라,연보라
22,83,98,ko,청록색,청록,청록,청록색,청록,청록
138,104,96,ko,갈색,갈,갈,밤색,밤,밤
222,65,38,ko,빨강,빨강,빨강,다홍색,다홍,다홍
94,141,10,ko,초록색,초록,초록,올리브색,올리브,올리브
11,239,225,ko,청록색,청록,청록,청록색,청록,청록
239,63,36,ko,빨간색,빨강,빨강,다홍색,다홍,다홍
147,155,8,ko,올리브색,올리브,올리브,올리브색,올리브,올리브
58,18,235,ko,보라색,보라,보라,파란색,파랑,파랑
173,193,225,ko,하늘색,하늘,하늘,하늘색,하늘,하늘
249,241,175,ko,연노랑,연노랑,연노랑,연노랑,연노랑,연노랑
217,38,30,ko,빨강,빨강,빨강,빨간색,빨강,빨강
188,31,77,ko,자주색,자주,자주,자홍색,자홍,자홍
193,166,33,ko,겨자색,겨자,겨자,겨자색,겨자,겨자
172,152,11,ko,올리브색,올리브,올리브,황록색,황록,황록
75,101,139,ko,파란색,파랑,파랑,청회색,청회,청회
35,178,114,ko,초록색,초록,초록,초록,초록,초록
4,179,149,ko,청록색,청록,청록,청록색,청록,청록
94,56,208,ko,보라색,보라,보라,보라색,보라,보라
24,214,197,ko,청록색,청록,청록,청록색,청록,청록
200,185,153,ko,베이지색,베이지,베이지,베이지,베이지,베이지
10,150,223,ko,파랑,파랑,파랑,파란색,파랑,파랑
166,196,19,ko,연두색,연두,연두,연두색,연두,연두
122,5,23,ko,버건디,버건디,버건디,자주색,자주,자주
233,63,125,ko,분홍색,분홍,분홍,핫핑크,핫핑크,핫핑크
232,160,214,ko,분홍색,분홍,분홍,분홍색,분홍,분홍
94,225,190,ko,민트색,민트,민트,청록색,청록,청록
65,173,65,ko,초록색,초록,초록,초록색,초록,초록
41,204,12,ko,초록색,초록,초록,초록색,초록,초록
95,65,106,ko,보라색,보라,보라,보라색,보라,보라
202,2,80,ko,자홍색,자홍,자홍,핫핑크,핫핑크,핫핑크
156,27,38,ko,진빨강,진빨강,진빨강,적색,적,적
28,251,160,ko,민트색,민트,민트,청록색,청록,청록
247,58,238,ko,자홍색,자홍,자홍,마젠타,마젠타,마젠타
36,230,66,ko,초록색,초록,초록,연두색,연두,연두
220,173,209,ko,연보라색,연보라,연보라,연보라색,연보라,연보라
243,19,253,ko,자홍색,자홍,자홍,마젠타,마젠타,마젠타
205,144,88,ko,주황색,주황,주황,황토색,황토,황토
42,96,56,ko,초록색,초록,초록,초록색,초록,초록
1,182,76,ko,초록색,초록,초록,초록색,초록,초록
221,62,147,ko,분홍색,분홍,분홍,핫핑크색,핫핑크,핫핑크
96,89,243,ko,보라색,보라,보라,청보라색,청보라,청보라
225,193,48,ko,노란색,노랑,노랑,겨자색,겨자,겨자
136,141,180,ko,연보라색,연보라,연보라,남보라색,남보라,남보라
193,217,93,ko,연두색,연두,연두,연두색,연두,연두
218,186,114,ko,베이지,베이지,베이지,황토색,황토,황토
135,179,178,ko,청록색,청록,청록,옥색,옥,옥
171,206,243,ko,하늘색,하늘,하늘,하늘색,하늘,하늘
20,92,87,ko,청록색,청록,청록,청록색,청록,청록
179,166,216,ko,연보라색,연보라,연보라,연보라색,연보라,연보라
64,223,48,ko,초록색,초록,초록,연두색,연두,연두
212,42,159,ko,자홍색,자홍,자홍,자홍색,자홍,자홍
42,40,87,ko,남색,남,남,짙은 보라색,짙은 보라,짙은보라
23,207,42,ko,초록색,초록,초록,초록색,초록,초록
125,239,66,ko,연두색,연두,연두,연두색,연두,연두
106,191,125,ko,연두색,연두,연두,초록색,초록,초록
110,216,1,ko,연두색,연두,연두,연두색,연두,연두
55,148,114,ko,청록색,청록,청록,청록색,청록,청록
180,114,45,ko,갈색,갈,갈,밤색,밤,밤
227,102,9,ko,주황색,주황,주황,주황,주황,주황
161,100,163,ko,보라색,보라,보라,보라색,보라,보라
48,25,87,ko,보라색,보라,보라,남보라색,남보라,남보라
100,10,233,ko,보라색,보라,보라,보라색,보라,보라
149,221,91,ko,연두색,연두,연두,연두색,연두,연두
144,98,153,ko,보라색,보라,보라,보라색,보라,보라
182,145,215,ko,보라색,보라,보라,연보라,연보라,연보라
169,146,20,ko,올리브색,올리브,올리브,올리브색,올리브,올리브
197,241,211,ko,연두색,연두,연두,민트색,민트,민트
21,251,25,ko,연두색,연두,연두,초록색,초록,초록
124,190,167,ko,민트색,민트,민트,민트색,민트,민트
164,170,57,ko,올리브색,올리브,올리브,올리브색,올리브,올리브
196,45,84,ko,분홍색,분홍,분홍,자홍색,자홍,자홍
64,104,25,ko,초록색,초록,초록,국방색,국방,국방
118,34,254,ko,보라색,보라,보라,보라색,보라,보라
42,54,110,ko,남색,남,남,남색,남,남
83,79,174,ko,보라색,보라,보라,보라색,보라,보라
124,55,154,ko,보라색,보라,보라,보라색,보라,보라
8,8,202,ko,파랑,파랑,파랑,파랑,파랑,파랑
220,219,129,ko,노란색,노랑,노랑,연노란색,연노랑,연노랑
3,54,146,ko,파랑,파랑,파랑,파랑,파랑,파랑
80,45,220,ko,보라색,보라,보라,청보라색,청보라,청보라
125,171,220,ko,파란색,파랑,파랑,하늘색,하늘,하늘
119,23,58,ko,버건디,버건디,버건디,버건디,버건디,버건디
236,116,95,ko,코랄 ,코랄,코랄,코랄색,코랄,코랄
175,191,45,ko,연두색,연두,연두,연두색,연두,연두
71,32,140,ko,보라색,보라,보라,보라색,보라,보라
210,219,50,ko,노란색,노랑,노랑,연두색,연두,연두
17,196,150,ko,초록색,초록,초록,청록색,청록,청록
9,68,130,ko,파란색,파랑,파랑,파란색,파랑,파랑
187,151,125,ko,베이지색,베이지,베이지,코코아색,코코아,코코아
123,87,23,ko,갈색,갈,갈,갈색,갈,갈
175,221,131,ko,연두색,연두,연두,연두색,연두,연두
107,50,10,ko,갈색,갈,갈,갈색,갈,갈
173,61,12,ko,주황색,주황,주황,적갈색,적갈,적갈
25,106,137,ko,청록색,청록,청록,청록색,청록,청록
99,238,22,ko,연두색,연두,연두,라임색,라임,라임
158,3,43,ko,자주색,자주,자주,짙은 빨간색,짙은 빨강,짙은빨강
253,3,178,ko,자홍색,자홍,자홍,핫핑크색,핫핑크,핫핑크
140,226,211,ko,민트색,민트,민트,민트색,민트,민트
70,45,63,ko,자주색,자주,자주,진보라색,진보라,진보라
78,152,134,ko,청록색,청록,청록,청록색,청록,청록
236,214,31,ko,노란색,노랑,노랑,노랑,노랑,노랑
128,130,106,ko,카키색,카키,카키,국방색,국방,국방
182,182,114,ko,카키색,카키,카키,올리브색,올리브,올리브
162,66,21,ko,갈색,갈,갈,벽돌색,벽돌,벽돌
111,16,97,ko,자주색,자주,자주,보라색,보라,보라
74,48,78,ko,보라색,보라,보라,보라색,보라,보라
71,51,24,ko,갈색,갈,갈,갈색,갈,갈
132,212,203,ko,민트색,민트,민트,민트색,민트,민트
152,200,41,ko,연두색,연두,연두,연두색,연두,연두
110,107,32,ko,카키색,카키,카키,올리브색,올리브,올리브
102,241,142,ko,연두색,연두,연두,민트색,민트,민트
217,104,197,ko,분홍색,분홍,분홍,자주색,자주,자주
150,224,100,ko,연두색,연두,연두,연두색,연두,연두
141,213,69,ko,연두색,연두,연두,연두색,연두,연두
175,145,108,ko,베이지,베이지,베이지,모래색,모래,모래
111,65,29,ko,갈색,갈,갈,고동색,고동,고동
63,188,165,ko,민트색,민트,민트,청록색,청록,청록
116,180,232,ko,하늘색,하늘,하늘,하늘색,하늘,하늘
85,252,137,ko,초록색,초록,초록,연두색,연두,연두
226,120,103,ko,코랄,코랄,코랄,산호색,산호,산호
174,98,85,ko,살몬핑크,살몬핑크,살몬핑크,테라코타,테라코타,테라코타
155,15,126,ko,보라색,보라,보라,마젠타,마젠타,마젠타
38,193,19,ko,초록색,초록,초록,초록색,초록,초록
148,14,17,ko,빨간색,빨강,빨강,적갈색,적갈,적갈
201,53,157,ko,분홍색,분홍,분홍,마젠타,마젠타,마젠타
19,134,187,ko,파랑,파랑,파랑,파란색,파랑,파랑
191,98,188,ko,보라색,보라,보라,연보라색,연보라,연보라
189,109,120,ko,분홍색,분홍,분홍,말린 장미색,말린 장미,말린장미
13,8,109,ko,남색,남,남,남색,남,남
177,131,89,ko,갈색,갈,갈,황갈색,황갈,황갈
6,222,111,ko,연두색,연두,연두,초록색,초록,초록
0,76,173,ko,파란색,파랑,파랑,파란색,파랑,파랑
15,113,219,ko,파란색,파랑,파랑,파란색,파랑,파랑
65,45,73,ko,보라색,보라,보라,진보라색,진보라,진보라
229,46,244,ko,보라색,보라,보라,자홍색,자홍,자홍
16,168,10,ko,초록색,초록,초록,초록색,초록,초록
76,141,88,ko,초록색,초록,초록,초록색,초록,초록
64,123,227,ko,파란색,파랑,파랑,로얄블루,로얄블루,로얄블루
164,21,192,ko,보라색,보라,보라,보라색,보라,보라
34,74,227,ko,파랑,파랑,파랑,파란색,파랑,파랑
159,242,52,ko,연두색,연두,연두,라임색,라임,라임
16,31,151,ko,파랑,파랑,파랑,파란색,파랑,파랑
236,115,61,ko,주황색,주황,주황,주황색,주황,주황
230,130,11,ko,주황색,주황,주황,주황색,주황,주황
231,105,3,ko,주황색,주황,주황,주황색,주황,주황
216,129,22,ko,주황색,주황,주황,주황색,주황,주황
13,80,100,ko,청록색,청록,청록,짙은 청록색,짙은 청록,짙은청록
155,181,201,ko,회청색,회청,회청,청회색,청회,청회
159,82,70,ko,갈색,갈,갈,벽돌색,벽돌,벽돌
105,146,120,ko,초록색,초록,초록,세이지 그린,세이지 그린,세이지그린
251,223,31,ko,노란색,노랑,노랑,노란색,노랑,노랑
241,160,39,ko,주황색,주황,주황,주황색,주황,주황
186,165,93,ko,카키색,카키,카키,겨자색,겨자,겨자
173,35,254,ko,보라색,보라,보라,보라색,보라,보라
152,239,56,ko,연두색,연두,연두,연두색,연두,연두
150,106,132,ko,보라색,보라,보라,모브,모브,모브
113,121,248,ko,보라색,보라,보라,파란색,파랑,파랑
239,134,93,ko,살구색,살구,살구,주황,주황,주황
56,1,66,ko,보라색,보라,보라,짙은 보라색,짙은 보라,짙은보라
30,36,166,ko,파란색,파랑,파랑,파란색,파랑,파랑
162,166,231,ko,연보라색,연보라,연보라,연보라색,연보라,연보라
118,217,175,ko,민트색,민트,민트,민트색,민트,민트
23,13,128,ko,남색,남,남,남색,남,남
254,61,26,ko,주황색,주황,주황,다홍색,다홍,다홍
37,247,9,ko,연두색,연두,연두,라임색,라임,라임
45,250,50,ko,연두색,연두,연두,연두색,연두,연두
198,93,43,ko,주황색,주황,주황,황토색,황토,황토
33,210,234,ko,청록색,청록,청록,청록색,청록,청록
227,182,145,ko,살구색,살구,살구,살구색,살구,살구
123,98,212,ko,보라색,보라,보라,보라색,보라,보라
44,2,17,ko,자주색,자주,자주,자주색,자주,자주
202,126,249,ko,보라색,보라,보라,보라색,보라,보라
31,204,132,ko,초록색,초록,초록,에메랄드색,에메랄드,에메랄드
31,200,177,ko,청록색,청록,청록,청록색,청록,청록
160,33,41,ko,빨강,빨강,빨강,버건디,버건디,버건디
172,177,209,ko,연보라색,연보라,연보라,라벤더색,라벤더,라벤더
153,242,151,ko,연두색,연두,연두,연두색,연두,연두
70,146,242,ko,파란색,파랑,파랑,파란색,파랑,파랑
97,163,231,ko,하늘색,하늘,하늘,하늘색,하늘,하늘
66,17,65,ko,보라색,보라,보라,자주색,자주,자주
61,208,193,ko,청록색,청록,청록,청록색,청록,청록
91,34,23,ko,갈색,갈,갈,적갈색,적갈,적갈
177,254,187,ko,연두색,연두,연두,연두색,연두,연두
248,126,61,ko,주황색,주황,주황,주황색,주황,주황
65,40,163,ko,보라색,보라,보라,보라색,보라,보라
85,182,131,ko,초록색,초록,초록,초록색,초록,초록
100,81,95,ko,회갈색,회갈,회갈,회보라색,회보라,회보라
118,183,225,ko,하늘색,하늘,하늘,하늘색,하늘,하늘
145,206,138,ko,연두색,연두,연두,연두색,연두,연두
45,118,25,ko,초록색,초록,초록,숲색,숲,숲
204,184,20,ko,노란색,노랑,노랑,황금색,황금,황금
8,135,30,ko,초록색,초록,초록,초록,초록,초록
20,87,37,ko,초록색,초록,초록,진초록,진초록,진초록
82,215,231,ko,청록색,청록,청록,청록색,청록,청록
45,21,202,ko,파란색,파랑,파랑,로열 블루,로열 블루,로열블루
196,19,15,ko,빨간색,빨강,빨강,빨강,빨강,빨강
167,178,48,ko,올리브색,올리브,올리브,올리브색,올리브,올리브
121,84,184,ko,보라색,보라,보라,보라색,보라,보라
74,8,213,ko,보라색,보라,보라,보라색,보라,보라
90,9,110,ko,보라색,보라,보라,진보라색,진보라,진보라
35,172,157,ko,청록색,청록,청록,청록색,청록,청록
255,26,135,ko,분홍색,분홍,분홍,핫핑크,핫핑크,핫핑크
244,42,10,ko,빨강,빨강,빨강,빨간색,빨강,빨강
127,210,177,ko,민트색,민트,민트,민트색,민트,민트
105,249,170,ko,연두색,연두,연두,민트색,민트,민트
155,170,198,ko,연한 파란색,연 파랑,연파랑,청회색,청회,청회
5,171,22,ko,초록색,초록,초록,초록,초록,초록
163,85,250,ko,보라색,보라,보라,보라색,보라,보라
71,187,223,ko,하늘색,하늘,하늘,하늘색,하늘,하늘
113,135,195,ko,파란색,파랑,파랑,회청색,회청,회청
245,226,1,ko,노란색,노랑,노랑,노란색,노랑,노랑
172,253,64,ko,연두색,연두,연두,라임색,라임,라임
229,193,70,ko,노란색,노랑,노랑,겨자색,겨자,겨자
190,199,166,ko,연두색,연두,연두,회록색,회록,회록
153,91,250,ko,보라색,보라,보라,보라색,보라,보라
73,190,76,ko,초록색,초록,초록,초록색,초록,초록
18,50,179,ko,파란색,파랑,파랑,파란색,파랑,파랑
73,151,190,ko,하늘색,하늘,하늘,파란색,파랑,파랑
197,125,47,ko,주황색,주황,주황,주황 갈색,주황 갈,주황갈
169,129,0,ko,황금색,황금,황금,황갈색,황갈,황갈
214,46,188,ko,보라색,보라,보라,자주,자주,자주
173,253,58,ko,연두색,연두,연두,연두색,연두,연두
7,33,123,ko,파랑,파랑,파랑,짙은 파랑,짙은 파랑,짙은파랑
194,225,138,ko,연두색,연두,연두,연두색,연두,연두
51,225,187,ko,민트색,민트,민트,청록색,청록,청록
109,202,250,ko,하늘색,하늘,하늘,하늘색,하늘,하늘
50,221,25,ko,초록색,초록,초록,초록,초록,초록
143,98,158,ko,보라색,보라,보라,보라색,보라,보라
206,0,226,ko,보라색,보라,보라,자주색,자주,자주
127,142,215,ko,연보라색,연보라,연보라,블루바이올렛,블루바이올렛,블루바이올렛
5,244,235,ko,청록색,청록,청록,청록색,청록,청록
143,15,146,ko,보라색,보라,보라,보라색,보라,보라
194,149,15,ko,노란색,노랑,노랑,황금색,황금,황금
92,32,253,ko,보라색,보라,보라,보라색,보라,보라
229,241,24,ko,노란색,노랑,노랑,노란색,노랑,노랑
222,237,55,ko,연두색,연두,연두,라임색,라임,라임
100,74,185,ko,보라색,보라,보라,보라색,보라,보라
233,52,236,ko,보라색,보라,보라,마젠타색,마젠타,마젠타
134,224,37,ko,연두색,연두,연두,라임색,라임,라임
123,41,112,ko,보라색,보라,보라,보라색,보라,보라
22,221,40,ko,초록색,초록,초록,형광 초록색,형광 초록,형광초록
1,145,227,ko,파란색,파랑,파랑,파란색,파랑,파랑
132,32,240,ko,보라색,보라,보라,보라색,보라,보라
220,71,186,ko,자홍색,자홍,자홍,자홍색,자홍,자홍
214,45,57,ko,빨강,빨강,빨강,빨강,빨강,빨강
35,114,66,ko,초록색,초록,초록,초록색,초록,초록
47,73,227,ko,파란색,파랑,파랑,파란색,파랑,파랑
251,52,216,ko,분홍색,분홍,분홍,자홍색,자홍,자홍
187,251,170,ko,연두색,연두,연두,연두색,연두,연두
89,0,132,ko,보라색,보라,보라,보라색,보라,보라
98,45,194,ko,보라색,보라,보라,보라색,보라,보라
29,34,249,ko,파란색,파랑,파랑,파란색,파랑,파랑
175,41,87,ko,자주색,자주,자주,자주색,자주,자주
134,218,61,ko,연두색,연두,연두,연두색,연두,연두
113,194,218,ko,하늘색,하늘,하늘,하늘색,하늘,하늘
21,4,65,ko,보라색,보라,보라,진한 보라색,진 보라,진보라
6,208,237,ko,청록색,청록,청록,아쿠아 블루,아쿠아 블루,아쿠아블루
47,152,91,ko,초록색,초록,초록,초록색,초록,초록
90,138,171,ko,파란색,파랑,파랑,청회색,청회,청회
42,95,19,ko,초록색,초록,초록,짙은 녹색,짙은 녹,짙은녹
43,236,186,ko,민트색,민트,민트,청록색,청록,청록
158,98,15,ko,갈색,갈,갈,황갈색,황갈,황갈
130,88,237,ko,보라색,보라,보라,보라색,보라,보라
18,127,167,ko,청록색,청록,청록,청록색,청록,청록
235,120,129,ko,분홍색,분홍,분홍,산호색,산호,산호
86,213,109,ko,연두색,연두,연두,연두색,연두,연두
182,231,252,ko,하늘색,하늘,하늘,하늘색,하늘,하늘
149,195,193,ko,민트색,민트,민트,청록색,청록,청록
132,222,6,ko,연두색,연두,연두,연두색,연두,연두
223,226,76,ko,노란색,노랑,노랑,연두색,연두,연두
12,211,107,ko,초록색,초록,초록,초록,초록,초록
159,242,95,ko,연두색,연두,연두,연두색,연두,연두
23,112,68,ko,초록색,초록,초록,초록색,초록,초록
0,25,150,ko,파란색,파랑,파랑,남색,남,남
9,144,128,ko,청록색,청록,청록,청록색,청록,청록
33,156,113,ko,청록색,청록,청록,초록색,초록,초록
142,129,79,ko,카키색,카키,카키,국방색,국방,국방
159,47,124,ko,보라색,보라,보라,자주색,자주,자주
196,220,162,ko,연두색,연두,연두,연두색,연두,연두
11,125,236,ko,파랑,파랑,파랑,파랑,파랑,파랑
4,8,84,ko,남색,남,남,남색,남,남
144,245,19,ko,연두색,연두,연두,라임색,라임,라임
29,94,129,ko,청록색,청록,청록,청록색,청록,청록
61,13,103,ko,보라색,보라,보라,보라색,보라,보라
63,211,105,ko,연두색,연두,연두,초록색,초록,초록
107,67,102,ko,보라색,보라,보라,자주색,자주,자주
100,228,133,ko,연두색,연두,연두,연두색,연두,연두
157,155,73,ko,올리브색,올리브,올리브,올리브색,올리브,올리브
129,22,113,ko,보라색,보라,보라,보라색,보라,보라
92,160,83,ko,초록색,초록,초록,초록색,초록,초록
115,38,165,ko,보라색,보라,보라,보라색,보라,보라
235,241,108,ko,연두색,연두,연두,연노란색,연노랑,연노랑
201,215,161,ko,연두색,연두,연두,올리브색,올리브,올리브
67,138,104,ko,초록색,초록,초록,청록색,청록,청록
239,27,128,ko,분홍색,분홍,분홍,핫핑크,핫핑크,핫핑크
134,64,34,ko,갈색,갈,갈,밤색,밤,밤
61,27,228,ko,파랑,파랑,파랑,청보라색,청보라,청보라
14,148,155,ko,청록색,청록,청록,청록색,청록,청록
42,89,105,ko,청록색,청록,청록,청록색,청록,청록
145,159,224,ko,연보라색,연보라,연보라,연하늘색,연하늘,연하늘
93,105,112,ko,회색,회,회,청회색,청회,청회
209,175,50,ko,노란색,노랑,노랑,겨자색,겨자,겨자
225,93,74,ko,주황색,주황,주황,다홍색,다홍,다홍
175,189,93,ko,연두색,연두,연두,올리브색,올리브,올리브
126,184,26,ko,연두색,연두,연두,연두색,연두,연두
136,154,18,ko,연두색,연두,연두,올리브 그린,올리브 그린,올리브그린
39,198,251,ko,하늘색,하늘,하늘,하늘색,하늘,하늘
20,204,75,ko,초록색,초록,초록,초록색,초록,초록
39,118,25,ko,초록색,초록,초록,짙은 녹색,짙은 녹,짙은녹
40,109,132,ko,청록색,청록,청록,청록색,청록,청록
33,208,52,ko,초록색,초록,초록,초록색,초록,초록
43,142,41,ko,초록색,초록,초록,초록색,초록,초록
96,75,35,ko,갈색,갈,갈,갈색,갈,갈
131,189,162,ko,민트색,민트,민트,민트색,민트,민트
213,150,116,ko,살구색,살구,살구,벽돌색,벽돌,벽돌
97,71,170,ko,보라색,보라,보라,보라색,보라,보라
92,223,232,ko,청록색,청록,청록,청록색,청록,청록
148,124,170,ko,보라색,보라,보라,보라색,보라,보라
120,9,92,ko,자주색,자주,자주,자주색,자주,자주
201,128,80,ko,주황색,주황,주황,황토색,황토,황토
44,136,70,ko,초록색,초록,초록,초록색,초록,초록
192,253,20,ko,연두색,연두,연두,형광 연두색,형광 연두,형광연두
31,244,19,ko,초록색,초록,초록,초록색,초록,초록
157,194,134,ko,연두색,연두,연두,쑥색,쑥,쑥
34,105,19,ko,초록색,초록,초록,녹색,녹,녹
30,150,131,ko,청록색,청록,청록,청록색,청록,청록
133,125,33,ko,카키색,카키,카키,올리브색,올리브,올리브
57,204,20,ko,초록색,초록,초록,연두색,연두,연두
14,20,47,ko,남색,남,남,남색,남,남
179,242,8,ko,연두색,연두,연두,연두색,연두,연두
56,111,32,ko,초록색,초록,초록,진한 초록색,진 초록,진초록
243,26,66,ko,빨강,빨강,빨강,진홍색,진홍,진홍
223,29,155,ko,분홍색,분홍,분홍,자홍색,자홍,자홍
75,146,170,ko,청록색,청록,청록,청록색,청록,청록
29,233,10,ko,연두색,연두,연두,초록색,초록,초록
172,92,108,ko,자주색,자주,자주,말린 장미색,말린 장미,말린장미
179,181,219,ko,연보라색,연보라,연보라,연보라색,연보라,연보라
253,234,6,ko,노랑,노랑,노랑,노란색,노랑,노랑
137,104,242,ko,보라색,보라,보라,보라색,보라,보라
16,236,225,ko,청록색,청록,청록,청록색,청록,청록
192,241,178,ko,연두색,연두,연두,연두색,연두,연두
167,85,167,ko,보라색,보라,보라,보라색,보라,보라
203,67,58,ko,빨강,빨강,빨강,벽돌색,벽돌,벽돌
121,168,130,ko,초록색,초록,초록,쑥색,쑥,쑥
132,149,96,ko,카키색,카키,카키,국방색,국방,국방
33,161,254,ko,파랑,파랑,파랑,하늘색,하늘,하늘
187,76,77,ko,빨간색,빨강,빨강,적갈색,적갈,적갈
2,60,83,ko,청록색,청록,청록,청록색,청록,청록
5,27,144,ko,파란색,파랑,파랑,파란색,파랑,파랑
1,164,192,ko,청록색,청록,청록,청록색,청록,청록
87,141,46,ko,초록색,초록,초록,국방색,국방,국방
187,220,90,ko,연두색,연두,연두,라임색,라임,라임
208,67,188,ko,보라색,보라,보라,마젠타색,마젠타,마젠타
17,214,23,ko,연두색,연두,연두,초록색,초록,초록
80,212,82,ko,초록색,초록,초록,연두색,연두,연두
162,144,184,ko,연보라색,연보라,연보라,보라색,보라,보라
184,28,140,ko,자홍색,자홍,자홍,마젠타,마젠타,마젠타
102,250,14,ko,연두색,연두,연두,라임색,라임,라임
243,213,134,ko,연노랑,연노랑,연노랑,밝은 노란색,밝은 노랑,밝은노랑
172,144,219,ko,연보라색,연보라,연보라,보라색,보라,보라
186,58,126,ko,자홍색,자홍,자홍,마젠타,마젠타,마젠타
132,130,92,ko,카키색,카키,카키,올리브색,올리브,올리브
164,195,187,ko,민트색,민트,민트,민트색,민트,민트
122,1,33,ko,버건디,버건디,버건디,진홍색,진홍,진홍
238,74,204,ko,분홍색,분홍,분홍,핫핑크,핫핑크,핫핑크
196,7,43,ko,빨강,빨강,빨강,빨강,빨강,빨강
162,99,38,ko,갈색,갈,갈,황토색,황토,황토
12,214,217,ko,청록색,청록,청록,청록색,청록,청록
103,105,17,ko,올리브색,올리브,올리브,올리브색,올리브,올리브
184,121,112,ko,분홍색,분홍,분홍,벽돌색,벽돌,벽돌
27,143,122,ko,청록색,청록,청록,청록색,청록,청록
73,51,22,ko,갈색,갈,갈,갈색,갈,갈
137,213,201,ko,민트색,민트,민트,민트색,민트,민트
15,170,163,ko,청록색,청록,청록,터키옥색,터키옥,터키옥
116,148,125,ko,연두색,연두,연두,국방색,국방,국방
14,168,42,ko,초록색,초록,초록,초록색,초록,초록
171,32,61,ko,빨강,빨강,빨강,진홍색,진홍,진홍
18,158,0,ko,초록색,초록,초록,초록색,초록,초록
4,217,32,ko,초록색,초록,초록,초록색,초록,초록
22,253,135,ko,초록색,초록,초록,에메랄드색,에메랄드,에메랄드
35,11,105,ko,보라색,보라,보라,남보라색,남보라,남보라
163,152,100,ko,카키색,카키,카키,카키색,카키,카키
21,60,133,ko,파란색,파랑,파랑,로얄 블루,로얄 블루,로얄블루
240,84,110,ko,분홍색,분홍,분홍,자홍색,자홍,자홍
252,37,66,ko,빨강,빨강,빨강,빨강,빨강,빨강
99,180,58,ko,연두색,연두,연두,연두색,연두,연두
202,73,184,ko,보라색,보라,보라,마젠타색,마젠타,마젠타
75,51,248,ko,보라색,보라,보라,보라색,보라,보라
96,49,226,ko,보라색,보라,보라,보라색,보라,보라
123,62,224,ko,보라색,보라,보라,보라색,보라,보라
48,102,211,ko,파란색,파랑,파랑,로얄 블루,로얄 블루,로얄블루
3,237,72,ko,초록색,초록,초록,초록,초록,초록
160,119,56,ko,갈색,갈,갈,캐러멜색,캐러멜,캐러멜
98,12,183,ko,보라색,보라,보라,보라색,보라,보라
175,20,143,ko,자주색,자주,자주,자주색,자주,자주
158,194,56,ko,연두색,연두,연두,연두색,연두,연두
124,25,236,ko,보라색,보라,보라,보라색,보라,보라
220,167,167,ko,연분홍,연분홍,연분홍,인디언 핑크,인디언 핑크,인디언핑크
170,128,42,ko,갈색,갈,갈,황토색,황토,황토
159,136,35,ko,겨자색,겨자,겨자,겨자색,겨자,겨자
249,210,255,ko,연분홍,연분홍,연분홍,연보라색,연보라,연보라
126,15,145,ko,보라색,보라,보라,보라색,보라,보라
168,34,71,ko,자주색,자주,자주,자주색,자주,자주
86,93,128,ko,남색,남,남,청회색,청회,청회
164,237,117,ko,연두색,연두,연두,연두색,연두,연두
249,179,170,ko,연분홍,연분홍,연분홍,연어색,연어,연어
228,221,27,ko,노랑,노랑,노랑,노란색,노랑,노랑
226,12,251,ko,자홍색,자홍,자홍,마젠타,마젠타,마젠타
242,242,80,ko,노란색,노랑,노랑,노란색,노랑,노랑
20,21,226,ko,파란색,파랑,파랑,파란색,파랑,파랑
114,75,201,ko,보라색,보라,보라,보라색,보라,보라
40,238,159,ko,민트색,민트,민트,민트색,민트,민트
53,47,184,ko,보라색,보라,보라,남색,남,남
48,102,17,ko,초록색,초록,초록,진녹색,진녹,진녹
39,3,203,ko,파랑,파랑,파랑,파란색,파랑,파랑
206,113,203,ko,보라색,보라,보라,자주색,자주,자주
11,97,18,ko,초록색,초록,초록,초록,초록,초록
180,135,22,ko,겨자색,겨자,겨자,겨자색,겨자,겨자
148,155,166,ko,회색,회,회,회색,회,회
12,239,161,ko,민트색,민트,민트,청록색,청록,청록
78,4,143,ko,보라색,보라,보라,보라색,보라,보라
173,66,224,ko,보라색,보라,보라,보라색,보라,보라
206,201,56,ko,노란색,노랑,노랑,연두색,연두,연두
9,109,97,ko,청록색,청록,청록,청록색,청록,청록
224,27,253,ko,보라색,보라,보라,마젠타색,마젠타,마젠타
68,210,106,ko,연두색,연두,연두,연두색,연두,연두
202,10,30,ko,빨강,빨강,빨강,빨간색,빨강,빨강
251,129,187,ko,분홍색,분홍,분홍,핫핑크,핫핑크,핫핑크
54,125,124,ko,청록색,청록,청록,청록색,청록,청록
202,40,124,ko,자홍색,자홍,자홍,진분홍색,진분홍,진분홍
153,33,113,ko,자주색,자주,자주,자주색,자주,자주
58,245,251,ko,청록색,청록,청록,시안색,시안,시안
58,151,41,ko,초록색,초록,초록,초록색,초록,초록
239,167,135,ko,연어색,연어,연어,살구색,살구,살구
168,153,194,ko,연보라색,연보라,연보라,라벤더색,라벤더,라벤더
29,194,245,ko,하늘색,하늘,하늘,파란색,파랑,파랑
51,150,121,ko,청록색,청록,청록,청록색,청록,청록
98,160,157,ko,청록색,청록,청록,청록색,청록,청록
249,166,155,ko,살구색,살구,살구,복숭아색,복숭아,복숭아
172,208,88,ko,연두색,연두,연두,연두색,연두,연두
5,64,75,ko,청록색,청록,청록,청록색,청록,청록
12,232,150,ko,민트색,민트,민트,민트색,민트,민트
71,119,182,ko,파랑,파랑,파랑,로얄블루,로얄블루,로얄블루
175,176,11,ko,올리브색,올리브,올리브,연두색,연두,연두
90,116,156,ko,파란색,파랑,파랑,청회색,청회,청회
121,44,242,ko,보라색,보라,보라,보라색,보라,보라
40,122,94,ko,청록색,청록,청록,진초록색,진초록,진초록
190,234,182,ko,연두색,연두,연두,연두색,연두,연두
163,61,217,ko,보라색,보라,보라,보라색,보라,보라
137,197,234,ko,하늘색,하늘,하늘,하늘색,하늘,하늘
168,252,65,ko,연두색,연두,연두,라임색,라임,라임
171,197,167,ko,연두색,연두,연두,쑥색,쑥,쑥
240,48,141,ko,분홍색,분홍,분홍,진분홍,진분홍,진분홍
32,117,161,ko,파란색,파랑,파랑,짙은 파란색,짙은 파랑,짙은파랑
193,114,136,ko,분홍색,분홍,분홍,말린 장미색,말린 장미,말린장미
3,180,79,ko,초록색,초록,초록,초록색,초록,초록
142,86,214,ko,보라색,보라,보라,보라색,보라,보라
90,186,147,ko,민트색,민트,민트,청록색,청록,청록
203,194,244,ko,연보라,연보라,연보라,연보라색,연보라,연보라
104,51,55,ko,적갈색,적갈,적갈,자주색,자주,자주
252,155,77,ko,주황색,주황,주황,주황색,주황,주황
0,190,139,ko,청록색,청록,청록,청록색,청록,청록
201,50,21,ko,빨간색,빨강,빨강,주홍색,주홍,주홍
119,192,189,ko,청록색,청록,청록,민트색,민트,민트
212,221,83,ko,노란색,노랑,노랑,연두색,연두,연두
63,137,178,ko,파란색,파랑,파랑,청색,청,청
6,227,153,ko,청록색,청록,청록,청록색,청록,청록
119,9,246,ko,보라색,보라,보라,보라색,보라,보라
189,6,29,ko,빨강,빨강,빨강,빨강,빨강,빨강
149,184,30,ko,연두색,연두,연두,라임색,라임,라임
181,234,9,ko,연두색,연두,연두,라임색,라임,라임
87,46,87,ko,자주색,자주,자주,보라색,보라,보라
0,36,36,ko,청록색,청록,청록,짙은 청록색,짙은 청록,짙은청록
153,14,163,ko,보라색,보라,보라,보라색,보라,보라
146,247,61,ko,연두색,연두,연두,라임색,라임,라임
125,48,108,ko,보라색,보라,보라,자주색,자주,자주
51,89,91,ko,청록색,청록,청록,청록색,청록,청록
150,200,161,ko,연두색,연두,연두,민트색,민트,민트
117,232,137,ko,연두색,연두,연두,연두색,연두,연두
138,152,132,ko,회색,회,회,쑥색,쑥,쑥
188,96,201,ko,보라색,보라,보라,보라색,보라,보라
199,170,0,ko,노란색,노랑,노랑,겨자색,겨자,겨자
55,113,252,ko,파랑,파랑,파랑,파란색,파랑,파랑
94,160,49,ko,초록색,초록,초록,초록색,초록,초록
47,193,51,ko,초록색,초록,초록,초록색,초록,초록
123,25,202,ko,보라색,보라,보라,보라색,보라,보라
230,187,75,ko,노랑,노랑,노랑,겨자색,겨자,겨자
121,34,96,ko,보라색,보라,보라,보라색,보라,보라
227,192,147,ko,베이지,베이지,베이지,베이지,베이지,베이지
115,90,199,ko,보라색,보라,보라,보라색,보라,보라
176,183,12,ko,노란색,노랑,노랑,연두색,연두,연두
164,234,133,ko,연두색,연두,연두,연두색,연두,연두
220,169,105,ko,베이지,베이지,베이지,황토색,황토,황토
113,15,46,ko,자주색,자주,자주,버건디,버건디,버건디
8,150,226,ko,파란색,파랑,파랑,파란색,파랑,파랑
176,201,122,ko,연두색,연두,연두,연두색,연두,연두
79,14,130,ko,보라색,보라,보라,보라색,보라,보라
184,250,135,ko,연두색,연두,연두,연두색,연두,연두
120,223,191,ko,민트색,민트,민트,민트색,민트,민트
63,4,93,ko,보라색,보라,보라,보라색,보라,보라
205,40,244,ko,보라색,보라,보라,자홍색,자홍,자홍
199,138,194,ko,분홍색,분홍,분홍,라벤더색,라벤더,라벤더
167,80,8,ko,주황색,주황,주황,적갈색,적갈,적갈
67,12,219,ko,보라색,보라,보라,파란색,파랑,파랑
192,11,13,ko,빨강,빨강,빨강,빨간색,빨강,빨강
232,35,35,ko,빨강,빨강,빨강,빨간색,빨강,빨강
168,169,51,ko,올리브색,올리브,올리브,올리브색,올리브,올리브
209,181,5,ko,노란색,노랑,노랑,황금색,황금,황금
26,228,38,ko,초록색,초록,초록,라임색,라임,라임
209,103,220,ko,보라색,보라,보라,보라색,보라,보라
11,87,153,ko,파랑,파랑,파랑,파란색,파랑,파랑
28,37,130,ko,남색,남,남,남색,남,남
224,148,68,ko,주황색,주황,주황,주황색,주황,주황
114,227,134,ko,연두색,연두,연두,연두색,연두,연두
180,238,67,ko,연두색,연두,연두,라임색,라임,라임
235,236,147,ko,연노랑,연노랑,연노랑,연노란색,연노랑,연노랑
4,16,84,ko,남색,남,남,남색,남,남
116,31,104,ko,보라색,보라,보라,보라색,보라,보라
188,47,190,ko,보라색,보라,보라,자주색,자주,자주
172,193,95,ko,연두색,연두,연두,연두색,연두,연두
113,175,116,ko,연두색,연두,연두,연두색,연두,연두
118,224,2,ko,연두색,연두,연두,연두색,연두,연두
216,2,239,ko,자홍색,자홍,자홍,마젠타,마젠타,마젠타
168,5,8,ko,빨간색,빨강,빨강,빨간색,빨강,빨강
180,117,59,ko,갈색,갈,갈,카멜색,카멜,카멜
14,31,17,ko,짙은 초록색,짙은 초록,짙은초록,짙은 녹색,짙은 녹,짙은녹
166,229,119,ko,연두색,연두,연두,연두색,연두,연두
124,241,86,ko,연두색,연두,연두,연두색,연두,연두
168,201,250,ko,하늘색,하늘,하늘,하늘색,하늘,하늘
232,82,255,ko,보라색,보라,보라,자홍색,자홍,자홍
208,14,94,ko,분홍색,분홍,분홍,자주색,자주,자주
247,237,83,ko,노란색,노랑,노랑,노란색,노랑,노랑
121,11,12,ko,적갈색,적갈,적갈,빨간색,빨강,빨강
98,29,88,ko,보라색,보라,보라,보라색,보라,보라
146,119,249,ko,보라색,보라,보라,보라색,보라,보라
31,69,184,ko,파랑,파랑,파랑,파란색,파랑,파랑
31,132,170,ko,파랑,파랑,파랑,청록색,청록,청록
142,35,53,ko,빨간색,빨강,빨강,버건디색,버건디,버건디
212,254,172,ko,연두색,연두,연두,연두색,연두,연두
224,4,23,ko,빨강,빨강,빨강,빨강,빨강,빨강
230,181,119,ko,베이지,베이지,베이지,황토색,황토,황토
150,198,212,ko,하늘색,하늘,하늘,하늘색,하늘,하늘
226,238,248,ko,하늘색,하늘,하늘,연하늘색,연하늘,연하늘
86,151,115,ko,청록색,청록,청록,초록색,초록,초록
248,159,87,ko,주황색,주황,주황,주황색,주황,주황
111,243,167,ko,연두색,연두,연두,민트색,민트,민트
102,112,46,ko,올리브색,올리브,올리브,올리브색,올리브,올리브
203,96,49,ko,주황색,주황,주황,벽돌색,벽돌,벽돌
74,81,195,ko,보라색,보라,보라,청보라색,청보라,청보라
148,245,39,ko,연두색,연두,연두,연두색,연두,연두
54,194,3,ko,초록색,초록,초록,초록색,초록,초록
73,209,138,ko,초록색,초록,초록,민트색,민트,민트
219,175,19,ko,노란색,노랑,노랑,황금색,황금,황금
136,49,164,ko,보라색,보라,보라,보라색,보라,보라
220,106,18,ko,주황색,주황,주황,주황색,주황,주황
164,48,84,ko,자주색,자주,자주,자주색,자주,자주
32,192,2,ko,초록색,초록,초록,연두색,연두,연두
37,157,57,ko,초록색,초록,초록,초록색,초록,초록
65,82,1,ko,올리브색,올리브,올리브,올리브색,올리브,올리브
14,227,41,ko,연두색,연두,연두,초록색,초록,초록
84,85,181,ko,보라색,보라,보라,남보라색,남보라,남보라
77,41,82,ko,보라색,보라,보라,자주색,자주,자주
208,186,251,ko,연보라색,연보라,연보라,연보라색,연보라,연보라
186,19,201,ko,보라색,보라,보라,보라색,보라,보라
98,24,57,ko,자주색,자주,자주,버건디,버건디,버건디
133,25,121,ko,보라색,보라,보라,보라색,보라,보라
253,183,45,ko,주황색,주황,주황,주황색,주황,주황
79,57,228,ko,보라색,보라,보라,보라색,보라,보라
94,176,37,ko,초록색,초록,초록,연두색,연두,연두
57,69,201,ko,파랑,파랑,파랑,로얄 블루,로얄 블루,로얄블루
236,100,222,ko,분홍색,분홍,분홍,자주색,자주,자주
37,53,173,ko,파란색,파랑,파랑,파란색,파랑,파랑
6,48,160,ko,파란색,파랑,파랑,남색,남,남
186,106,46,ko,주황색,주황,주황,테라코타,테라코타,테라코타
107,173,53,ko,초록색,초록,초록,초록색,초록,초록
232,121,103,ko,살몬색,살몬,살몬,산호색,산호,산호
197,82,229,ko,보라색,보라,보라,보라색,보라,보라
167,209,37,ko,연두색,연두,연두,연두색,연두,연두
222,126,22,ko,주황색,주황,주황,주황색,주황,주황
240,51,82,ko,분홍색,분홍,분홍,빨간색,빨강,빨강
48,41,47,ko,검정색,검정,검정,회색,회,회
34,37,251,ko,파란색,파랑,파랑,파란색,파랑,파랑
32,248,174,ko,민트색,민트,민트,청록색,청록,청록
58,75,207,ko,파랑,파랑,파랑,파란색,파랑,파랑
174,164,197,ko,라벤더,라벤더,라벤더,연보라색,연보라,연보라
232,127,19,ko,주황색,주황,주황,주황색,주황,주황
18,112,188,ko,파란색,파랑,파랑,파란색,파랑,파랑
223,96,236,ko,보라색,보라,보라,마젠타색,마젠타,마젠타
18,144,150,ko,청록색,청록,청록,청록색,청록,청록
218,62,177,ko,자홍색,자홍,자홍,자홍색,자홍,자홍
120,124,230,ko,보라색,보라,보라,청보라색,청보라,청보라
157,176,117,ko,연두색,연두,연두,올리브색,올리브,올리브
157,206,215,ko,하늘색,하늘,하늘,하늘색,하늘,하늘
103,114,20,ko,올리브색,올리브,올리브,올리브색,올리브,올리브
1,83,122,ko,청록색,청록,청록,진한 파란색,진 파랑,진파랑
5,237,254,ko,청록색,청록,청록,청록색,청록,청록
120,249,154,ko,연두색,연두,연두,연두색,연두,연두
145,134,107,ko,카키색,카키,카키,회갈색,회갈,회갈
176,30,148,ko,보라색,보라,보라,자주색,자주,자주
216,65,251,ko,보라색,보라,보라,자주색,자주,자주
185,168,57,ko,올리브색,올리브,올리브,겨자색,겨자,겨자
202,137,81,ko,주황색,주황,주황,테라코타색,테라코타,테라코타
75,1,200,ko,보라색,보라,보라,보라색,보라,보라
236,79,187,ko,분홍색,분홍,분홍,자홍색,자홍,자홍
200,25,127,ko,자홍색,자홍,자홍,자홍색,자홍,자홍
9,220,219,ko,청록색,청록,청록,청록색,청록,청록
82,85,55,ko,카키색,카키,카키,올리브색,올리브,올리브
204,164,103,ko,베이지,베이지,베이지,황갈색,황갈,황갈
189,83,29,ko,주황색,주황,주황,적갈색,적갈,적갈
141,154,136,ko,회녹색,회녹,회녹,쑥색,쑥,쑥
119,70,64,ko,갈색,갈,갈,적갈색,적갈,적갈
129,73,80,ko,자주색,자주,자주,자주색,자주,자주
118,78,143,ko,보라색,보라,보라,보라색,보라,보라
31,117,93,ko,청록색,청록,청록,짙은 녹색,짙은 녹,짙은녹
21,52,116,ko,남색,남,남,짙은 파란색,짙은 파랑,짙은파랑
220,72,145,ko,분홍색,분홍,분홍,마젠타,마젠타,마젠타
129,188,128,ko,연두색,연두,연두,녹색,녹,녹
8,122,251,ko,파란색,파랑,파랑,파란색,파랑,파랑
70,43,83,ko,보라색,보라,보라,자색,자,자
219,145,160,ko,분홍색,분홍,분홍,말린 장미색,말린 장미,말린장미
122,254,93,ko,연두색,연두,연두,연두색,연두,연두
96,136,137,ko,청록색,청록,청록,청록색,청록,청록
175,9,36,ko,빨강,빨강,빨강,빨강,빨강,빨강
247,228,82,ko,노란색,노랑,노랑,노란색,노랑,노랑
93,229,86,ko,연두색,연두,연두,라임색,라임,라임
238,239,43,ko,노란색,노랑,노랑,노란색,노랑,노랑
214,180,91,ko,연노랑,연노랑,연노랑,황토색,황토,황토
101,186,237,ko,하늘색,하늘,하늘,하늘색,하늘,하늘
200,37,20,ko,빨강,빨강,빨강,빨간색,빨강,빨강
78,51,157,ko,보라색,보라,보라,보라색,보라,보라
13,189,28,ko,초록색,초록,초록,초록,초록,초록
120,152,194,ko,파란색,파랑,파랑,스틸블루,스틸블루,스틸블루
224,176,177,ko,연분홍,연분홍,연분홍,말린 장미색,말린 장미,말린장미
237,180,129,ko,살구색,살구,살구,살구색,살구,살구
185,87,32,ko,주황색,주황,주황,적갈색,적갈,적갈
124,12,204,ko,보라색,보라,보라,보라색,보라,보라
186,175,232,ko,연보라,연보라,연보라,연보라색,연보라,연보라
134,3,249,ko,보라색,보라,보라,보라색,보라,보라
12,212,142,ko,초록색,초록,초록,청록색,청록,청록
116,3,5,ko,적갈색,적갈,적갈,버건디색,버건디,버건디
176,172,192,ko,회색,회,회,라벤더색,라벤더,라벤더
65,244,159,ko,민트그린,민트그린,민트그린,민트색,민트,민트
154,224,40,ko,연두색,연두,연두,라임색,라임,라임
122,72,186,ko,보라색,보라,보라,보라색,보라,보라
67,213,192,ko,민트색,민트,민트,터콰이즈색,터콰이즈,터콰이즈
51,152,91,ko,초록색,초록,초록,초록,초록,초록
61,225,36,ko,연두색,연두,연두,초록색,초록,초록
203,225,15,ko,노란색,노랑,노랑,라임색,라임,라임
0,35,90,ko,남색,남,남,남색,남,남
170,27,33,ko,빨강,빨강,빨강,빨강,빨강,빨강
168,149,27,ko,올리브색,올리브,올리브,황금색,황금,황금
230,119,9,ko,주황색,주황,주황,주황색,주황,주황
156,200,74,ko,연두색,연두,연두,연두색,연두,연두
15,185,206,ko,청록색,청록,청록,터키색,터키,터키
86,108,143,ko,파란색,파랑,파랑,청회색,청회,청회
138,235,241,ko,하늘색,하늘,하늘,하늘색,하늘,하늘
254,37,104,ko,분홍색,분홍,분홍,핫핑크,핫핑크,핫핑크
38,108,112,ko,청록색,청록,청록,청록색,청록,청록
56,168,213,ko,하늘색,하늘,하늘,하늘색,하늘,하늘
159,184,136,ko,연두색,연두,연두,쑥색,쑥,쑥
32,170,248,ko,하늘색,하늘,하늘,코발트 블루,코발트 블루,코발트블루
188,199,202,ko,회색,회,회,청회색,청회,청회
50,223,35,ko,초록색,초록,초록,라임색,라임,라임
88,158,105,ko,초록색,초록,초록,초록색,초록,초록
107,54,157,ko,보라색,보라,보라,보라색,보라,보라
248,95,116,ko,코랄핑크,코랄핑크,코랄핑크,산호색,산호,산호
242,42,128,ko,분홍색,분홍,분홍,핫핑크,핫핑크,핫핑크
245,1,161,ko,자홍색,자홍,자홍,마젠타,마젠타,마젠타
126,198,226,ko,하늘색,하늘,하늘,하늘색,하늘,하늘
208,74,225,ko,보라색,보라,보라,보라색,보라,보라
205,111,109,ko,분홍색,분홍,분홍,팥죽색,팥죽,팥죽
25,36,31,ko,짙은 초록색,짙은 초록,짙은초록,짙은 초록,짙은 초록,짙은초록
137,14,59,ko,자주색,자주,자주,버건디색,버건디,버건디
1,86,225,ko,파랑,파랑,파랑,파란색,파랑,파랑
114,118,126,ko,회색,회,회,회색,회,회
244,0,71,ko,분홍색,분홍,분홍,진분홍,진분홍,진분홍
222,146,99,ko,주황색,주황,주황,테라코타색,테라코타,테라코타
36,191,207,ko,청록색,청록,청록,청록색,청록,청록
199,69,148,ko,분홍색,분홍,분홍,마젠타,마젠타,마젠타
197,32,88,ko,진홍색,진홍,진홍,진분홍색,진분홍,진분홍
182,90,189,ko,보라색,보라,보라,보라색,보라,보라
243,147,13,ko,주황색,주황,주황,주황색,주황,주황
108,215,200,ko,민트색,민트,민트,터키색,터키,터키
2,89,200,ko,파란색,파랑,파랑,파란색,파랑,파랑
177,145,242,ko,보라색,보라,보라,라벤더색,라벤더,라벤더
254,147,17,ko,주황색,주황,주황,주황색,주황,주황
148,14,130,ko,자주색,자주,자주,보라색,보라,보라
143,248,198,ko,민트색,민트,민트,민트색,민트,민트
208,21,80,ko,빨간색,빨강,빨강,핫핑크,핫핑크,핫핑크
101,77,30,ko,갈색,갈,갈,짙은 갈색,짙은 갈,짙은갈
156,81,64,ko,갈색,갈,갈,테라코타,테라코타,테라코타
157,103,251,ko,보라색,보라,보라,보라색,보라,보라
186,51,0,ko,주황색,주황,주황,벽돌색,벽돌,벽돌
107,193,111,ko,연두색,연두,연두,초록색,초록,초록
67,171,216,ko,하늘색,하늘,하늘,하늘색,하늘,하늘
110,166,91,ko,초록색,초록,초록,올리브색,올리브,올리브
130,25,105,ko,자주색,자주,자주,자주색,자주,자주
157,55,23,ko,주황색,주황,주황,벽돌색,벽돌,벽돌
102,96,147,ko,보라색,보라,보라,보라색,보라,보라
236,255,88,ko,연두색,연두,연두,레몬색,레몬,레몬
126,76,231,ko,보라색,보라,보라,보라색,보라,보라
169,74,97,ko,자주빛 붉은색,자주빛 붉은,자주빛붉은,장미색,장미,장미
248,140,24,ko,주황색,주황,주황,주황색,주황,주황
232,146,76,ko,주황색,주황,주황,주황색,주황,주황
253,138,173,ko,분홍색,분홍,분홍,분홍색,분홍,분홍
97,246,19,ko,연두색,연두,연두,라임색,라임,라임
100,101,221,ko,보라색,보라,보라,남색,남,남
85,141,42,ko,초록색,초록,초록,녹색,녹,녹
22,63,194,ko,파랑,파랑,파랑,파란색,파랑,파랑
131,32,218,ko,보라색,보라,보라,보라색,보라,보라
52,146,87,ko,초록색,초록,초록,초록색,초록,초록
118,178,164,ko,청록색,청록,청록,청록색,청록,청록
153,227,139,ko,연두색,연두,연두,연두색,연두,연두
25,84,102,ko,청록색,청록,청록,청록색,청록,청록
232,240,165,ko,연두색,연두,연두,연노란색,연노랑,연노랑
177,53,146,ko,자주색,자주,자주,자주색,자주,자주
201,190,202,ko,연보라,연보라,연보라,라벤더색,라벤더,라벤더
106,87,54,ko,갈색,갈,갈,갈색,갈,갈
46,128,5,ko,초록색,초록,초록,초록색,초록,초록
238,11,208,ko,자홍색,자홍,자홍,자홍색,자홍,자홍
55,81,23,ko,초록색,초록,초록,국방색,국방,국방
164,9,120,ko,자주색,자주,자주,자홍색,자홍,자홍
72,32,254,ko,보라색,보라,보라,청보라색,청보라,청보라
79,213,176,ko,민트색,민트,민트,민트색,민트,민트
243,225,36,ko,노란색,노랑,노랑,노란색,노랑,노랑
122,82,20,ko,갈색,갈,갈,갈색,갈,갈
124,197,122,ko,연두색,연두,연두,초록색,초록,초록
185,26,23,ko,빨강,빨강,빨강,빨간색,빨강,빨강
159,146,124,ko,베이지,베이지,베이지,토프색,토프,토프
85,170,125,ko,초록색,초록,초록,초록색,초록,초록
105,201,237,ko,하늘색,하늘,하늘,하늘색,하늘,하늘
250,125,207,ko,분홍색,분홍,분홍,분홍색,분홍,분홍
17,252,191,ko,청록색,청록,청록,청록색,청록,청록
244,213,181,ko,살구색,살구,살구,살구색,살구,살구
185,63,120,ko,분홍색,분홍,분홍,자주색,자주,자주
54,118,146,ko,청록색,청록,청록,청록색,청록,청록
61,75,25,ko,올리브색,올리브,올리브,올리브색,올리브,올리브
39,97,221,ko,파란색,파랑,파랑,파란색,파랑,파랑
85,111,33,ko,올리브색,올리브,올리브,올리브색,올리브,올리브
229,204,151,ko,베이지,베이지,베이지,베이지,베이지,베이지
2,116,126,ko,청록색,청록,청록,청록색,청록,청록
211,177,175,ko,연분홍,연분홍,연분홍,말린 장미색,말린 장미,말린장미
147,166,238,ko,연한 파란색,연 파랑,연파랑,라벤더색,라벤더,라벤더
89,229,147,ko,연두색,연두,연두,연두색,연두,연두
61,157,170,ko,청록색,청록,청록,청록색,청록,청록
43,146,166,ko,청록색,청록,청록,청록색,청록,청록
167,194,152,ko,연두색,연두,연두,연녹색,연녹,연녹
142,133,223,ko,연보라,연보라,연보라,라벤더색,라벤더,라벤더
123,252,62,ko,연두색,연두,연두,연두색,연두,연두
106,178,136,ko,연두색,연두,연두,민트색,민트,민트
191,91,105,ko,분홍색,분홍,분홍,말린 장미색,말린 장미,말린장미
108,223,16,ko,연두색,연두,연두,형광 연두색,형광 연두,형광연두
135,78,187,ko,보라색,보라,보라,보라색,보라,보라
84,34,117,ko,보라색,보라,보라,보라색,보라,보라
78,166,127,ko,초록색,초록,초록,초록색,초록,초록
26,222,38,ko,연두색,연두,연두,초록색,초록,초록
106,114,231,ko,파랑,파랑,파랑,보라색,보라,보라
52,192,89,ko,초록색,초록,초록,초록색,초록,초록
200,31,96,ko,진홍색,진홍,진홍,진분홍색,진분홍,진분홍
25,75,243,ko,파란색,파랑,파랑,파란색,파랑,파랑
254,128,117,ko,코랄핑크,코랄핑크,코랄핑크,다홍색,다홍,다홍
88,238,195,ko,민트색,민트,민트,민트색,민트,민트
118,13,91,ko,자주색,자주,자주,보라색,보라,보라
53,6,193,ko,보라색,보라,보라,진한 보라색,진 보라,진보라
153,98,18,ko,갈색,갈,갈,밤색,밤,밤
236,116,81,ko,주황색,주황,주황,다홍색,다홍,다홍
21,92,126,ko,청록색,청록,청록,청록색,청록,청록
140,230,144,ko,연두색,연두,연두,연두색,연두,연두
29,136,51,ko,초록색,초록,초록,초록,초록,초록
247,210,63,ko,노란색,노랑,노랑,노란색,노랑,노랑
107,161,140,ko,청록색,청록,청록,청록색,청록,청록
142,33,48,ko,적갈색,적갈,적갈,버건디색,버건디,버건디
131,42,96,ko,자주색,자주,자주,자주색,자주,자주
251,129,117,ko,코랄핑크,코랄핑크,코랄핑크,산호색,산호,산호
59,87,0,ko,올리브색,올리브,올리브,올리브색,올리브,올리브
215,17,181,ko,자홍색,자홍,자홍,마젠타,마젠타,마젠타
7,177,14,ko,초록색,초록,초록,초록색,초록,초록
164,97,25,ko,갈색,갈,갈,테라코타,테라코타,테라코타
3,65,119,ko,파란색,파랑,파랑,파란색,파랑,파랑
132,162,125,ko,연두색,연두,연두,올리브색,올리브,올리브
249,104,63,ko,주황색,주황,주황,산호색,산호,산호
152,205,62,ko,연두색,연두,연두,연두색,연두,연두
55,244,98,ko,초록색,초록,초록,연두색,연두,연두
254,250,101,ko,노란색,노랑,노랑,연노란색,연노랑,연노랑
185,227,226,ko,하늘색,하늘,하늘,민트색,민트,민트
195,105,23,ko,주황색,주황,주황,벽돌색,벽돌,벽돌
41,204,61,ko,초록색,초록,초록,초록색,초록,초록
93,10,9,ko,적갈색,적갈,적갈,적갈색,적갈,적갈
85,225,248,ko,하늘색,하늘,하늘,하늘색,하늘,하늘
116,5,175,ko,보라색,보라,보라,보라색,보라,보라
129,53,1,ko,갈색,갈,갈,갈색,갈,갈
236,14,223,ko,마젠타,마젠타,마젠타,마젠타,마젠타,마젠타
35,123,30,ko,초록색,초록,초록,초록,초록,초록
80,194,177,ko,청록색,청록,청록,청록색,청록,청록
226,221,175,ko,연노랑,연노랑,연노랑,크림색,크림,크림
49,42,172,ko,파랑,파랑,파랑,군청색,군청,군청
162,129,248,ko,보라색,보라,보라,보라색,보라,보라
173,57,239,ko,보라색,보라,보라,보라색,보라,보라
89,233,10,ko,연두색,연두,연두,연두색,연두,연두
119,65,130,ko,보라색,보라,보라,보라색,보라,보라
76,56,24,ko,갈색,갈,갈,갈색,갈,갈
217,241,86,ko,연두색,연두,연두,연두색,연두,연두
215,20,29,ko,빨간색,빨강,빨강,빨간색,빨강,빨강
187,12,240,ko,보라색,보라,보라,자주색,자주,자주
182,149,254,ko,연보라,연보라,연보라,라일락색,라일락,라일락
6,70,91,ko,청록색,청록,청록,청록색,청록,청록
65,169,240,ko,파란색,파랑,파랑,파란색,파랑,파랑
65,63,9,ko,올리브색,올리브,올리브,국방색,국방,국방
203,154,37,ko,황금색,황금,황금,겨자색,겨자,겨자
227,148,46,ko,주황색,주황,주황,짙은 주황색,짙은 주황,짙은주황
52,252,76,ko,초록색,초록,초록,초록색,초록,초록
200,73,208,ko,보라색,보라,보라,자주색,자주,자주
147,113,86,ko,갈색,갈,갈,갈색,갈,갈
26,234,97,ko,연두색,연두,연두,초록색,초록,초록
121,51,185,ko,보라색,보라,보라,보라색,보라,보라
225,198,61,ko,노랑,노랑,노랑,황금색,황금,황금
84,119,90,ko,초록색,초록,초록,국방색,국방,국방
164,31,13,ko,빨강,빨강,빨강,벽돌색,벽돌,벽돌
87,44,136,ko,보라색,보라,보라,보라색,보라,보라
219,149,46,ko,주황색,주황,주황,겨자색,겨자,겨자
75,29,216,ko,보라색,보라,보라,제비꽃색,제비꽃,제비꽃
213,52,141,ko,분홍색,분홍,분홍,마젠타,마젠타,마젠타
113,229,162,ko,연두색,연두,연두,연두색,연두,연두
135,166,220,ko,하늘색,하늘,하늘,파란색,파랑,파랑
225,223,154,ko,연한 노랑,연 노랑,연노랑,크림색,크림,크림
215,79,160,ko,분홍색,분홍,분홍,핑크,핑크,핑크
67,240,68,ko,연두색,연두,연두,연두색,연두,연두
165,4,249,ko,보라색,보라,보라,보라색,보라,보라
28,108,8,ko,초록색,초록,초록,짙은 초록,짙은 초록,짙은초록
99,174,214,ko,하늘색,하늘,하늘,하늘색,하늘,하늘
122,212,24,ko,연두색,연두,연두,연두색,연두,연두
38,86,122,ko,파란색,파랑,파랑,남색,남,남
43,145,154,ko,청록색,청록,청록,터키옥색,터키옥,터키옥
51,222,10,ko,연두색,연두,연두,초록색,초록,초록
164,243,172,ko,연두색,연두,연두,연두색,연두,연두
104,205,235,ko,하늘색,하늘,하늘,하늘색,하늘,하늘
169,22,5,ko,빨강,빨강,빨강,벽돌색,벽돌,벽돌
31,216,149,ko,민트색,민트,민트,에메랄드 그린,에메랄드 그린,에메랄드그린
77,50,78,ko,자주색,자주,자주,보라색,보라,보라
191,129,111,ko,분홍색,분홍,분홍,말린 장미색,말린 장미,말린장미
77,177,39,ko,초록색,초록,초록,연두색,연두,연두
9,39,139,ko,파란색,파랑,파랑,파란색,파랑,파랑
12,241,56,ko,연두색,연두,연두,형광 초록색,형광 초록,형광초록
66,239,148,ko,연두색,연두,연두,민트색,민트,민트
218,37,181,ko,분홍색,분홍,분홍,마젠타,마젠타,마젠타
254,121,206,ko,분홍색,분홍,분홍,핫핑크,핫핑크,핫핑크
185,57,37,ko,주황색,주황,주황,벽돌색,벽돌,벽돌
139,118,210,ko,보라색,보라,보라,보라색,보라,보라
194,133,190,ko,보라색,보라,보라,라벤더색,라벤더,라벤더
55,225,187,ko,민트색,민트,민트,터키색,터키,터키
123,114,225,ko,보라색,보라,보라,보라색,보라,보라
130,53,213,ko,보라색,보라,보라,보라색,보라,보라
225,67,164,ko,분홍색,분홍,분홍,핫핑크,핫핑크,핫핑크
153,150,218,ko,보라색,보라,보라,연보라색,연보라,연보라
194,95,59,ko,주황색,주황,주황,벽돌색,벽돌,벽돌
119,43,224,ko,보라색,보라,보라,보라색,보라,보라
232,64,191,ko,분홍색,분홍,분홍,마젠타,마젠타,마젠타
226,152,201,ko,분홍색,분홍,분홍,핑크,핑크,핑크
216,27,214,ko,자홍색,자홍,자홍,마젠타,마젠타,마젠타
197,196,31,ko,노란색,노랑,노랑,연두색,연두,연두
241,108,108,ko,분홍색,분홍,분홍,산호색,산호,산호
144,48,191,ko,보라색,보라,보라,보라색,보라,보라
193,169,201,ko,연보라,연보라,연보라,연보라색,연보라,연보라
44,40,30,ko,짙은 갈색,짙은 갈,짙은갈,국방색,국방,국방
244,81,102,ko,코랄핑크,코랄핑크,코랄핑크,빨강,빨강,빨강
5,77,231,ko,파란색,파랑,파랑,파란색,파랑,파랑
178,158,160,ko,분홍빛 회색,분홍빛 회,분홍빛회,모브색,모브,모브
209,131,148,ko,분홍색,분홍,분홍,분홍,분홍,분홍
4,244,45,ko,초록색,초록,초록,초록색,초록,초록
108,211,33,ko,연두색,연두,연두,연두색,연두,연두
197,65,23,ko,주황색,주황,주황,벽돌색,벽돌,벽돌
136,43,77,ko,자주색,자주,자주,자주,자주,자주
68,192,75,ko,초록색,초록,초록,초록,초록,초록
207,192,87,ko,카키색,카키,카키,겨자색,겨자,겨자
106,244,69,ko,연두색,연두,연두,연두색,연두,연두
177,83,135,ko,자주색,자주,자주,자홍색,자홍,자홍
81,13,86,ko,보라색,보라,보라,포도색,포도,포도
158,109,178,ko,보라색,보라,보라,보라색,보라,보라
147,119,251,ko,보라색,보라,보라,보라색,보라,보라
236,97,229,ko,보라색,보라,보라,분홍색,분홍,분홍
97,145,218,ko,파란색,파랑,파랑,파란색,파랑,파랑
67,8,69,ko,보라색,보라,보라,자색,자,자
65,185,35,ko,초록색,초록,초록,연두색,연두,연두
106,234,84,ko,연두색,연두,연두,연두색,연두,연두
253,220,154,ko,연노랑,연노랑,연노랑,살구색,살구,살구
227,14,57,ko,빨강,빨강,빨강,빨간색,빨강,빨강
173,193,211,ko,하늘색,하늘,하늘,하늘색,하늘,하늘
213,194,161,ko,베이지,베이지,베이지,베이지,베이지,베이지
253,202,120,ko,주황색,주황,주황,살구색,살구,살구
145,10,198,ko,보라색,보라,보라,보라색,보라,보라
221,21,33,ko,빨강,빨강,빨강,빨간색,빨강,빨강
154,163,123,ko,카키색,카키,카키,올리브색,올리브,올리브
224,10,74,ko,분홍색,분홍,분홍,마젠타,마젠타,마젠타
127,98,70,ko,갈색,갈,갈,초콜릿색,초콜릿,초콜릿
130,216,202,ko,민트색,민트,민트,청록색,청록,청록
164,47,91,ko,자주색,자주,자주,자주색,자주,자주
132,24,47,ko,자주색,자주,자주,버건디색,버건디,버건디
72,27,39,ko,자주색,자주,자주,와인색,와인,와인
210,231,202,ko,연두색,연두,연두,연두색,연두,연두
84,90,213,ko,보라색,보라,보라,로열블루,로열블루,로열블루
55,45,224,ko,파랑,파랑,파랑,파란색,파랑,파랑
167,105,96,ko,갈색,갈,갈,벽돌색,벽돌,벽돌
203,182,52,ko,노란색,노랑,노랑,겨자색,겨자,겨자
152,219,154,ko,연두색,연두,연두,연두색,연두,연두
100,213,159,ko,민트색,민트,민트,민트색,민트,민트
99,192,70,ko,초록색,초록,초록,연두색,연두,연두
185,153,16,ko,노란색,노랑,노랑,겨자색,겨자,겨자
132,46,134,ko,보라색,보라,보라,자주색,자주,자주
139,187,219,ko,하늘색,하늘,하늘,하늘색,하늘,하늘
148,40,14,ko,갈색,갈,갈,벽돌색,벽돌,벽돌
139,240,45,ko,연두색,연두,연두,연두색,연두,연두
225,60,211,ko,자홍색,자홍,자홍,자주색,자주,자주
173,3,3,ko,빨강,빨강,빨강,빨강,빨강,빨강
129,201,163,ko,연두색,연두,연두,민트색,민트,민트
152,234,144,ko,연두색,연두,연두,연두색,연두,연두
200,45,71,ko,빨강,빨강,빨강,진홍색,진홍,진홍
85,3,189,ko,보라색,보라,보라,보라색,보라,보라
172,59,22,ko,주황색,주황,주황,벽돌색,벽돌,벽돌
234,96,97,ko,빨간색,빨강,빨강,다홍색,다홍,다홍
182,45,204,ko,보라색,보라,보라,자주색,자주,자주
254,151,26,ko,주황색,주황,주황,주황색,주황,주황
23,6,130,ko,파랑,파랑,파랑,남색,남,남
73,233,158,ko,민트초록,민트초록,민트초록,민트색,민트,민트
211,21,243,ko,보라색,보라,보라,자주색,자주,자주
0,49,27,ko,짙은 초록색,짙은 초록,짙은초록,진녹색,진녹,진녹
246,213,63,ko,노란색,노랑,노랑,노란색,노랑,노랑
219,115,242,ko,보라색,보라,보라,보라색,보라,보라
52,106,171,ko,파란색,파랑,파랑,파란색,파랑,파랑
179,105,36,ko,주황색,주황,주황,황토색,황토,황토
211,4,133,ko,분홍색,분홍,분홍,마젠타,마젠타,마젠타
195,185,49,ko,노란색,노랑,노랑,겨자색,겨자,겨자
183,129,181,ko,보라색,보라,보라,보라색,보라,보라
24,70,238,ko,파랑,파랑,파랑,파랑,파랑,파랑
145,22,244,ko,보라색,보라,보라,보라색,보라,보라
98,229,116,ko,연두색,연두,연두,초록색,초록,초록
171,139,79,ko,황갈색,황갈,황갈,황갈색,황갈,황갈
8,29,76,ko,남색,남,남,남색,남,남
179,185,239,ko,연보라색,연보라,연보라,연보라색,연보라,연보라
118,70,0,ko,갈색,갈,갈,갈색,갈,갈
208,67,71,ko,빨강,빨강,빨강,벽돌색,벽돌,벽돌
228,23,197,ko,분홍색,분홍,분홍,마젠타색,마젠타,마젠타
144,160,206,ko,파란색,파랑,파랑,라벤더색,라벤더,라벤더
129,38,173,ko,보라색,보라,보라,보라색,보라,보라
219,222,202,ko,연두색,연두,연두,회녹색,회녹,회녹
42,10,72,ko,보라색,보라,보라,보라색,보라,보라
190,64,176,ko,보라색,보라,보라,자주색,자주,자주
135,229,99,ko,연두색,연두,연두,연두색,연두,연두
79,31,189,ko,보라색,보라,보라,보라색,보라,보라
86,89,22,ko,올리브색,올리브,올리브,국방색,국방,국방
185,58,35,ko,적갈색,적갈,적갈,적갈색,적갈,적갈
115,173,206,ko,하늘색,하늘,하늘,청색,청,청
242,244,105,ko,노란색,노랑,노랑,연노란색,연노랑,연노랑
242,0,82,ko,분홍색,분홍,분홍,핫핑크,핫핑크,핫핑크
53,24,173,ko,보라색,보라,보라,보라색,보라,보라
61,162,147,ko,청록색,청록,청록,청록색,청록,청록
250,169,9,ko,주황색,주황,주황,주황색,주황,주황
240,11,1,ko,빨강,빨강,빨강,빨강,빨강,빨강
125,209,242,ko,하늘색,하늘,하늘,하늘색,하늘,하늘
13,156,213,ko,하늘색,하늘,하늘,코발트블루,코발트블루,코발트블루
229,219,32,ko,노란색,노랑,노랑,노란색,노랑,노랑
144,37,107,ko,자주색,자주,자주,자주색,자주,자주
220,199,240,ko,연보라색,연보라,연보라,연보라,연보라,연보라
222,53,12,ko,주황색,주황,주황,다홍색,다홍,다홍
155,156,73,ko,카키색,카키,카키,올리브색,올리브,올리브
65,58,146,ko,보라색,보라,보라,보라색,보라,보라
186,159,189,ko,연보라색,연보라,연보라,연보라색,연보라,연보라
164,236,240,ko,하늘색,하늘,하늘,하늘색,하늘,하늘
114,230,81,ko,연두색,연두,연두,연두색,연두,연두
55,6,209,ko,보라색,보라,보라,청보라색,청보라,청보라
7,196,121,ko,초록색,초록,초록,초록색,초록,초록
161,13,220,ko,보라색,보라,보라,보라색,보라,보라
237,79,145,ko,분홍색,분홍,분홍,핫핑크,핫핑크,핫핑크
48,168,140,ko,청록색,청록,청록,청록색,청록,청록
70,211,15,ko,초록색,초록,초록,연두색,연두,연두
112,51,217,ko,보라색,보라,보라,보라색,보라,보라
57,176,14,ko,초록색,초록,초록,초록,초록,초록
6,231,34,ko,초록색,초록,초록,초록색,초록,초록
197,103,113,ko,분홍색,분홍,분홍,인디언 핑크,인디언 핑크,인디언핑크
151,162,88,ko,올리브그린,올리브그린,올리브그린,올리브색,올리브,올리브
155,228,3,ko,연두색,연두,연두,연두색,연두,연두
216,60,53,ko,빨강,빨강,빨강,빨간색,빨강,빨강
156,144,66,ko,카키색,카키,카키,올리브색,올리브,올리브
106,125,216,ko,파란색,파랑,파랑,파란색,파랑,파랑
116,76,218,ko,보라색,보라,보라,보라색,보라,보라
239,142,5,ko,주황색,주황,주황,주황색,주황,주황
18,196,129,ko,초록색,초록,초록,초록색,초록,초록
108,125,170,ko,파란색,파랑,파랑,청회색,청회,청회
84,196,160,ko,민트그린,민트그린,민트그린,청록색,청록,청록
133,190,121,ko,연두색,연두,연두,세이지색,세이지,세이지
214,20,196,ko,자홍색,자홍,자홍,자주색,자주,자주
102,169,218,ko,하늘색,하늘,하늘,파랑,파랑,파랑
53,136,149,ko,청록색,청록,청록,청록색,청록,청록
79,193,110,ko,초록색,초록,초록,초록색,초록,초록
108,82,140,ko,보라색,보라,보라,보라색,보라,보라
67,64,124,ko,보라색,보라,보라,가지색,가지,가지
17,179,53,ko,초록색,초록,초록,초록색,초록,초록
23,115,249,ko,파란색,파랑,파랑,코발트 블루,코발트 블루,코발트블루
226,205,198,ko,연분홍,연분홍,연분홍,연분홍색,연분홍,연분홍
204,24,139,ko,자홍색,자홍,자홍,마젠타,마젠타,마젠타
27,196,118,ko,연두색,연두,연두,에메랄드 그린,에메랄드 그린,에메랄드그린
111,38,145,ko,보라색,보라,보라,보라색,보라,보라
226,109,160,ko,분홍색,분홍,분홍,핑크,핑크,핑크
253,150,155,ko,분홍색,분홍,분홍,분홍색,분홍,분홍
199,154,145,ko,분홍색,분홍,분홍,말린 장미색,말린 장미,말린장미
111,194,74,ko,연두색,연두,연두,연두색,연두,연두
12,102,126,ko,청록색,청록,청록,청록색,청록,청록
32,38,101,ko,남색,남,남,진한 파란색,진 파랑,진파랑
95,68,249,ko,보라색,보라,보라,남보라색,남보라,남보라
151,4,196,ko,보라색,보라,보라,보라색,보라,보라
175,37,191,ko,보라색,보라,보라,보라색,보라,보라
143,99,130,ko,보라색,보라,보라,모브색,모브,모브
87,105,49,ko,올리브그린,올리브그린,올리브그린,올리브 그린,올리브 그린,올리브그린
111,9,85,ko,자주색,자주,자주,보라색,보라,보라
11,244,181,ko,청록색,청록,청록,아쿠아색,아쿠아,아쿠아
97,203,22,ko,연두색,연두,연두,연두색,연두,연두
151,71,30,ko,갈색,갈,갈,밤색,밤,밤
218,144,123,ko,살구색,살구,살구,살구색,살구,살구
240,156,171,ko,분홍색,분홍,분홍,분홍색,분홍,분홍
176,245,51,ko,연두색,연두,연두,연두색,연두,연두
162,66,2,ko,주황색,주황,주황,적갈색,적갈,적갈
82,229,71,ko,연두색,연두,연두,연두색,연두,연두
15,74,38,ko,초록색,초록,초록,짙은 청록색,짙은 청록,짙은청록
45,5,56,ko,보라색,보라,보라,진보라색,진보라,진보라
183,132,89,ko,갈색,갈,갈,갈색,갈,갈
33,254,165,ko,민트색,민트,민트,민트색,민트,민트
70,127,57,ko,초록색,초록,초록,녹색,녹,녹
252,11,242,ko,분홍색,분홍,분홍,마젠타,마젠타,마젠타
74,215,155,ko,민트색,민트,민트,민트색,민트,민트
79,61,209,ko,보라색,보라,보라,청보라색,청보라,청보라
208,133,118,ko,살몬색,살몬,살몬,말린 장미색,말린 장미,말린장미
75,202,84,ko,연두색,연두,연두,초록색,초록,초록
202,139,249,ko,연보라,연보라,연보라,연보라색,연보라,연보라
132,84,31,ko,갈색,갈,갈,초콜릿색,초콜릿,초콜릿
183,118,106,ko,연갈색,연갈,연갈,벽돌색,벽돌,벽돌
88,5,221,ko,보라색,보라,보라,보라색,보라,보라
201,141,33,ko,주황색,주황,주황,황토색,황토,황토
58,19,230,ko,보라색,보라,보라,로열블루,로열블루,로열블루
144,140,15,ko,올리브색,올리브,올리브,올리브색,올리브,올리브
224,202,188,ko,연한 베이지,연 베이지,연베이지,핑크 베이지,핑크 베이지,핑크베이지
3,232,221,ko,청록색,청록,청록,청록색,청록,청록
94,17,10,ko,적갈색,적갈,적갈,적갈색,적갈,적갈
120,237,142,ko,연두색,연두,연두,연두색,연두,연두
213,180,201,ko,연분홍,연분홍,연분홍,연보라색,연보라,연보라
24,75,57,ko,초록색,초록,초록,진녹색,진녹,진녹
142,169,248,ko,파란색,파랑,파랑,하늘색,하늘,하늘
99,167,250,ko,파란색,파랑,파랑,하늘색,하늘,하늘
125,91,34,ko,갈색,갈,갈,밤색,밤,밤
190,40,119,ko,분홍색,분홍,분홍,자홍색,자홍,자홍
226,152,12,ko,주황색,주황,주황,호박색,호박,호박
233,114,13,ko,주황색,주황,주황,주황색,주황,주황
164,103,95,ko,분홍색,분홍,분홍,적갈색,적갈,적갈
9,221,134,ko,초록색,초록,초록,초록색,초록,초록
209,255,43,ko,연두색,연두,연두,라임색,라임,라임
42,26,9,ko,갈색,갈,갈,어두운 갈색,어두운 갈,어두운갈
69,134,76,ko,초록색,초록,초록,진녹색,진녹,진녹
240,221,121,ko,노랑,노랑,노랑,연노란색,연노랑,연노랑
142,67,117,ko,자주색,자주,자주,자주색,자주,자주
123,148,144,ko,회녹색,회녹,회녹,청록색,청록,청록
5,182,46,ko,초록색,초록,초록,초록색,초록,초록
15,15,241,ko,파란색,파랑,파랑,파란색,파랑,파랑
74,88,255,ko,파란색,파랑,파랑,로얄블루,로얄블루,로얄블루
30,134,49,ko,초록색,초록,초록,초록색,초록,초록
148,205,150,ko,연두색,연두,연두,연두색,연두,연두
176,245,206,ko,연두색,연두,연두,민트색,민트,민트
225,248,140,ko,연두색,연두,연두,연두색,연두,연두
11,60,35,ko,초록색,초록,초록,짙은 녹색,짙은 녹,짙은녹
91,22,123,ko,보라색,보라,보라,보라색,보라,보라
211,189,37,ko,노란색,노랑,노랑,머스타드색,머스타드,머스타드
222,244,147,ko,연두색,연두,연두,연두색,연두,연두
127,64,89,ko,자주색,자주,자주,버건디,버건디,버건디
162,146,74,ko,카키색,카키,카키,카키색,카키,카키
42,197,218,ko,청록색,청록,청록,하늘색,하늘,하늘
16,250,178,ko,청록색,청록,청록,청록색,청록,청록
200,86,162,ko,분홍색,분홍,분홍,자주색,자주,자주
137,196,141,ko,연두색,연두,연두,쑥색,쑥,쑥
61,206,213,ko,청록색,청록,청록,터키색,터키,터키
233,42,27,ko,빨강,빨강,빨강,빨간색,빨강,빨강
36,23,210,ko,파란색,파랑,파랑,파란색,파랑,파랑
50,141,70,ko,초록색,초록,초록,초록색,초록,초록
186,27,69,ko,빨강,빨강,빨강,자홍색,자홍,자홍
122,109,173,ko,보라색,보라,보라,보라색,보라,보라
135,143,200,ko,연보라색,연보라,연보라,청보라색,청보라,청보라
118,28,48,ko,자주색,자주,자주,버건디,버건디,버건디
138,221,31,ko,연두색,연두,연두,연두색,연두,연두
18,176,133,ko,민트색,민트,민트,청록색,청록,청록
45,30,48,ko,보라색,보라,보라,가지색,가지,가지
172,46,50,ko,빨강,빨강,빨강,벽돌색,벽돌,벽돌
131,85,53,ko,갈색,갈,갈,밤색,밤,밤
136,188,130,ko,연두색,연두,연두,연녹색,연녹,연녹
141,163,253,ko,파란색,파랑,파랑,하늘색,하늘,하늘
30,142,48,ko,초록색,초록,초록,초록색,초록,초록
175,197,182,ko,연녹색,연녹,연녹,쑥색,쑥,쑥
79,186,238,ko,하늘색,하늘,하늘,하늘색,하늘,하늘
20,139,119,ko,청록색,청록,청록,청록색,청록,청록
2,203,20,ko,초록색,초록,초록,초록색,초록,초록
217,36,253,ko,보라색,보라,보라,마젠타색,마젠타,마젠타
45,156,232,ko,파란색,파랑,파랑,파란색,파랑,파랑
222,175,30,ko,노란색,노랑,노랑,겨자색,겨자,겨자
229,91,73,ko,주황색,주황,주황,다홍,다홍,다홍
148,126,66,ko,카키색,카키,카키,올리브색,올리브,올리브
20,200,233,ko,청록색,청록,청록,하늘색,하늘,하늘
101,253,173,ko,민트색,민트,민트,연두색,연두,연두
69,249,65,ko,연두색,연두,연두,초록색,초록,초록
80,226,63,ko,초록색,초록,초록,라임색,라임,라임
158,6,187,ko,보라색,보라,보라,보라색,보라,보라
117,124,40,ko,올리브색,올리브,올리브,올리브색,올리브,올리브
3,39,210,ko,파랑,파랑,파랑,파란색,파랑,파랑
204,18,41,ko,빨강,빨강,빨강,빨강,빨강,빨강
171,192,29,ko,연두색,연두,연두,연두색,연두,연두
240,122,27,ko,주황색,주황,주황,주황색,주황,주황
251,205,116,ko,주황색,주황,주황,살구색,살구,살구
112,74,228,ko,보라색,보라,보라,보라색,보라,보라
177,189,196,ko,회색,회,회,청회색,청회,청회
178,66,245,ko,보라색,보라,보라,보라색,보라,보라
176,20,102,ko,자주색,자주,자주,자주색,자주,자주
68,88,152,ko,파란색,파랑,파랑,파란색,파랑,파랑
229,140,129,ko,연분홍,연분홍,연분홍,산호색,산호,산호
51,219,192,ko,청록색,청록,청록,터키옥색,터키옥,터키옥
222,159,150,ko,분홍색,분홍,분홍,연어색,연어,연어
192,59,192,ko,보라색,보라,보라,자주색,자주,자주
39,169,26,ko,초록색,초록,초록,초록,초록,초록
22,17,137,ko,파란색,파랑,파랑,남색,남,남
151,113,240,ko,보라색,보라,보라,보라색,보라,보라
82,102,155,ko,청회색,청회,청회,청보라색,청보라,청보라
229,162,19,ko,주황색,주황,주황,황금색,황금,황금
211,206,40,ko,노란색,노랑,노랑,연두색,연두,연두
4,111,70,ko,초록색,초록,초록,짙은 녹색,짙은 녹,짙은녹
91,40,118,ko,보라색,보라,보라,보라색,보라,보라
153,119,132,ko,분홍색,분홍,분홍,모브색,모브,모브
253,38,205,ko,분홍색,분홍,분홍,핫핑크,핫핑크,핫핑크
113,80,193,ko,보라색,보라,보라,보라색,보라,보라
60,15,170,ko,보라색,보라,보라,남보라색,남보라,남보라
144,202,187,ko,민트색,민트,민트,민트색,민트,민트
141,207,44,ko,연두색,연두,연두,연두색,연두,연두
247,37,210,ko,분홍색,분홍,분홍,자홍색,자홍,자홍
44,168,159,ko,청록색,청록,청록,청록색,청록,청록
232,34,28,ko,빨강,빨강,빨강,빨간색,빨강,빨강
42,56,175,ko,파랑,파랑,파랑,진한 파랑,진 파랑,진파랑
25,209,11,ko,초록색,초록,초록,연두색,연두,연두
247,140,37,ko,주황색,주황,주황,주황색,주황,주황
72,200,83,ko,초록색,초록,초록,녹색,녹,녹
41,187,102,ko,초록색,초록,초록,초록색,초록,초록
41,6,245,ko,파란색,파랑,파랑,파란색,파랑,파랑
226,100,84,ko,주황색,주황,주황,다홍색,다홍,다홍
172,15,6,ko,빨강,빨강,빨강,빨간색,빨강,빨강
128,17,60,ko,자주색,자주,자주,버건디색,버건디,버건디
147,66,173,ko,보라색,보라,보라,보라색,보라,보라
96,231,35,ko,연두색,연두,연두,연두색,연두,연두
147,225,52,ko,연두색,연두,연두,연두색,연두,연두
0,127,62,ko,초록색,초록,초록,초록,초록,초록
0,37,165,ko,파란색,파랑,파랑,파란색,파랑,파랑
191,168,31,ko,겨자색,겨자,겨자,올리브색,올리브,올리브
185,18,106,ko,자홍색,자홍,자홍,마젠타,마젠타,마젠타
243,206,7,ko,노란색,노랑,노랑,노란색,노랑,노랑
75,59,170,ko,보라색,보라,보라,진보라색,진보라,진보라
101,198,237,ko,하늘색,하늘,하늘,하늘색,하늘,하늘
41,246,39,ko,연두색,연두,연두,초록색,초록,초록
218,127,160,ko,분홍색,분홍,분홍,분홍색,분홍,분홍
187,99,165,ko,자주색,자주,자주,자주색,자주,자주
238,211,82,ko,노랑,노랑,노랑,머스타드색,머스타드,머스타드
53,76,243,ko,파란색,파랑,파랑,파랑,파랑,파랑
185,137,207,ko,보라색,보라,보라,보라색,보라,보라
241,22,174,ko,분홍색,분홍,분홍,마젠타,마젠타,마젠타
102,179,181,ko,청록색,청록,청록,청록색,청록,청록
242,77,23,ko,주황색,주황,주황,주황색,주황,주황
65,146,8,ko,초록색,초록,초록,초록색,초록,초록
190,170,96,ko,카키색,카키,카키,카키색,카키,카키
131,62,24,ko,갈색,갈,갈,고동색,고동,고동
21,235,247,ko,청록색,청록,청록,청록색,청록,청록
202,85,125,ko,분홍색,분홍,분홍,자홍색,자홍,자홍
245,193,26,ko,노란색,노랑,노랑,노랑,노랑,노랑
60,12,11,ko,갈색,갈,갈,적갈색,적갈,적갈
53,35,212,ko,파랑,파랑,파랑,군청색,군청,군청
231,152,169,ko,분홍색,분홍,분홍,분홍색,분홍,분홍
224,50,97,ko,분홍색,분홍,분홍,자홍색,자홍,자홍
86,149,68,ko,초록색,초록,초록,풀색,풀,풀
20,224,164,ko,민트색,민트,민트,청록색,청록,청록
54,100,33,ko,초록색,초록,초록,초록색,초록,초록
20,167,85,ko,초록색,초록,초록,초록,초록,초록
2,132,179,ko,파란색,파랑,파랑,파란색,파랑,파랑
161,193,228,ko,하늘색,하늘,하늘,하늘색,하늘,하늘
229,243,196,ko,연두색,연두,연두,연두색,연두,연두
6,244,192,ko,청록색,청록,청록,터키색,터키,터키
66,226,166,ko,민트색,민트,민트,민트색,민트,민트
242,251,58,ko,노란색,노랑,노랑,노랑,노랑,노랑
212,236,1,ko,연두색,연두,연두,연두색,연두,연두
155,119,58,ko,갈색,갈,갈,황토색,황토,황토
10,211,244,ko,청록색,청록,청록,하늘색,하늘,하늘
123,47,209,ko,보라색,보라,보라,보라색,보라,보라
80,98,73,ko,올리브색,올리브,올리브,국방색,국방,국방
226,77,38,ko,주황색,주황,주황,주황색,주황,주황
245,221,0,ko,노란색,노랑,노랑,노란색,노랑,노랑
21,166,231,ko,하늘색,하늘,하늘,파란색,파랑,파랑
23,51,168,ko,파란색,파랑,파랑,파란색,파랑,파랑
137,62,8,ko,갈색,갈,갈,적갈색,적갈,적갈
94,183,65,ko,초록색,초록,초록,초록,초록,초록
83,7,11,ko,자주색,자주,자주,버건디,버건디,버건디
203,101,13,ko,주황색,주황,주황,황토색,황토,황토
1,7,130,ko,파랑,파랑,파랑,남색,남,남
75,167,210,ko,하늘색,하늘,하늘,하늘색,하늘,하늘
71,132,58,ko,초록색,초록,초록,초록색,초록,초록
33,99,245,ko,파란색,파랑,파랑,파란색,파랑,파랑
196,108,108,ko,분홍색,분홍,분홍,팥색,팥,팥
42,78,178,ko,파란색,파랑,파랑,파란색,파랑,파랑
4,95,227,ko,파란색,파랑,파랑,파란색,파랑,파랑
65,119,106,ko,청록색,청록,청록,청록색,청록,청록
108,23,9,ko,적갈색,적갈,적갈,갈색,갈,갈
37,3,95,ko,보라색,보라,보라,보라색,보라,보라
25,183,164,ko,청록색,청록,청록,청록색,청록,청록
152,73,184,ko,보라색,보라,보라,보라색,보라,보라
225,129,172,ko,분홍색,분홍,분홍,분홍색,분홍,분홍
10,36,126,ko,파랑,파랑,파랑,남색,남,남
216,117,212,ko,연보라,연보라,연보라,자홍색,자홍,자홍
8,144,38,ko,초록색,초록,초록,초록색,초록,초록
190,94,145,ko,분홍색,분홍,분홍,자주색,자주,자주
221,26,144,ko,분홍색,분홍,분홍,핫핑크,핫핑크,핫핑크
157,63,160,ko,보라색,보라,보라,보라색,보라,보라
19,145,62,ko,초록색,초록,초록,초록색,초록,초록
5,18,5,ko,검정색,검정,검정,검정,검정,검정
155,109,199,ko,보라색,보라,보라,보라색,보라,보라
0,62,160,ko,파란색,파랑,파랑,파란색,파랑,파랑
65,124,91,ko,초록색,초록,초록,진초록색,진초록,진초록
250,233,212,ko,베이지,베이지,베이지,베이지색,베이지,베이지
140,110,220,ko,보라색,보라,보라,보라색,보라,보라
207,176,38,ko,노란색,노랑,노랑,머스타드색,머스타드,머스타드
126,65,205,ko,보라색,보라,보라,보라색,보라,보라
114,184,239,ko,하늘색,하늘,하늘,하늘색,하늘,하늘
96,30,117,ko,보라색,보라,보라,보라색,보라,보라
112,219,162,ko,연두색,연두,연두,초록색,초록,초록
39,129,15,ko,초록색,초록,초록,초록,초록,초록
196,161,39,ko,겨자색,겨자,겨자,겨자색,겨자,겨자
202,251,61,ko,라임색,라임,라임,연두색,연두,연두
238,137,112,ko,살구색,살구,살구,산호색,산호,산호
27,45,209,ko,파랑,파랑,파랑,파란색,파랑,파랑
164,100,158,ko,보라색,보라,보라,보라색,보라,보라
246,245,50,ko,노란색,노랑,노랑,노란색,노랑,노랑
134,248,51,ko,연두색,연두,연두,라임색,라임,라임
33,114,113,ko,청록색,청록,청록,청록,청록,청록
196,42,175,ko,분홍색,분홍,분홍,자주색,자주,자주
34,14,123,ko,보라색,보라,보라,진보라색,진보라,진보라
8,178,83,ko,초록색,초록,초록,초록색,초록,초록
165,68,220,ko,보라색,보라,보라,보라색,보라,보라
244,39,22,ko,빨간색,빨강,빨강,빨간색,빨강,빨강
191,175,193,ko,연보라색,연보라,연보라,라벤더색,라벤더,라벤더
70,97,51,ko,올리브그린,올리브그린,올리브그린,국방색,국방,국방
36,116,23,ko,초록색,초록,초록,짙은 녹색,짙은 녹,짙은녹
49,212,62,ko,초록색,초록,초록,초록색,초록,초록
243,128,69,ko,주황색,주황,주황,주황색,주황,주황
57,63,20,ko,올리브색,올리브,올리브,올리브색,올리브,올리브
143,133,112,ko,베이지,베이지,베이지,회갈색,회갈,회갈
185,135,222,ko,보라색,보라,보라,보라색,보라,보라
86,217,172,ko,민트색,민트,민트,민트색,민트,민트
100,94,124,ko,보라색,보라,보라,회보라색,회보라,회보라
209,13,22,ko,빨강,빨강,빨강,빨간색,빨강,빨강
189,99,87,ko,연갈색,연갈,연갈,적갈색,적갈,적갈
102,223,230,ko,청록색,청록,청록,하늘색,하늘,하늘
113,93,141,ko,보라색,보라,보라,회보라색,회보라,회보라
198,53,128,ko,자홍색,자홍,자홍,진홍색,진홍,진홍
56,182,211,ko,청록색,청록,청록,하늘색,하늘,하늘
153,45,81,ko,자주색,자주,자주,자주색,자주,자주
208,107,1,ko,주황색,주황,주황,주황색,주황,주황
252,227,187,ko,살구색,살구,살구,살구색,살구,살구
125,14,212,ko,보라색,보라,보라,보라색,보라,보라
132,217,223,ko,하늘색,하늘,하늘,터키색,터키,터키
75,96,51,ko,올리브색,올리브,올리브,올리브색,올리브,올리브
102,238,232,ko,민트색,민트,민트,청록색,청록,청록
231,28,50,ko,빨강,빨강,빨강,빨강,빨강,빨강
79,148,197,ko,하늘색,하늘,하늘,파란색,파랑,파랑
111,72,220,ko,보라색,보라,보라,보라색,보라,보라
81,24,184,ko,보라색,보라,보라,남보라색,남보라,남보라
75,51,76,ko,보라색,보라,보라,가지색,가지,가지
158,147,203,ko,보라색,보라,보라,보라색,보라,보라
11,191,89,ko,초록색,초록,초록,초록색,초록,초록
49,251,130,ko,연두색,연두,연두,연두색,연두,연두
230,1,83,ko,분홍색,분홍,분홍,핫핑크,핫핑크,핫핑크
197,238,30,ko,연두색,연두,연두,라임색,라임,라임
209,231,240,ko,하늘색,하늘,하늘,하늘색,하늘,하늘
33,227,219,ko,청록색,청록,청록,터쿼이즈,터쿼이즈,터쿼이즈
196,148,180,ko,연보라색,연보라,연보라,라벤더색,라벤더,라벤더
125,178,54,ko,연두색,연두,연두,연두색,연두,연두
70,218,252,ko,하늘색,하늘,하늘,하늘색,하늘,하늘
139,37,52,ko,자주색,자주,자주,버건디,버건디,버건디
50,196,243,ko,하늘색,하늘,하늘,하늘색,하늘,하늘
244,94,72,ko,주황색,주황,주황,다홍색,다홍,다홍
68,130,243,ko,파랑,파랑,파랑,파란색,파랑,파랑
255,89,153,ko,분홍색,분홍,분홍,핫핑크,핫핑크,핫핑크
114,230,62,ko,연두색,연두,연두,연두색,연두,연두
236,177,138,ko,살구색,살구,살구,연어색,연어,연어
1,159,221,ko,하늘색,하늘,하늘,파란색,파랑,파랑
147,230,222,ko,민트색,민트,민트,민트색,민트,민트
23,146,2,ko,초록색,초록,초록,초록색,초록,초록
213,106,194,ko,분홍색,분홍,분홍,자주색,자주,자주
58,116,241,ko,파란색,파랑,파랑,파란색,파랑,파랑
70,22,215,ko,보라색,보라,보라,보라색,보라,보라
86,59,109,ko,보라색,보라,보라,보라색,보라,보라
200,115,44,ko,주황색,주황,주황,적갈색,적갈,적갈
253,140,169,ko,분홍색,분홍,분홍,분홍색,분홍,분홍
40,62,234,ko,파란색,파랑,파랑,파란색,파랑,파랑
110,83,184,ko,보라색,보라,보라,보라색,보라,보라
160,83,51,ko,갈색,갈,갈,테라코타,테라코타,테라코타
16,2,23,ko,보라색,보라,보라,가지색,가지,가지
26,20,237,ko,파란색,파랑,파랑,파란색,파랑,파랑
75,226,251,ko,하늘색,하늘,하늘,하늘색,하늘,하늘
236,210,139,ko,노랑,노랑,노랑,연노란색,연노랑,연노랑
212,103,253,ko,보라색,보라,보라,보라색,보라,보라
225,101,201,ko,분홍색,분홍,분홍,분홍색,분홍,분홍
224,122,144,ko,분홍색,분홍,분홍,분홍색,분홍,분홍
26,76,248,ko,파란색,파랑,파랑,파랑,파랑,파랑
15,116,143,ko,청록색,청록,청록,청록색,청록,청록
228,93,192,ko,분홍색,분홍,분홍,분홍색,분홍,분홍
58,208,21,ko,초록색,초록,초록,연두색,연두,연두
60,80,252,ko,파란색,파랑,파랑,파란색,파랑,파랑
208,217,198,ko,연녹색,연녹,연녹,민트색,민트,민트
203,44,30,ko,빨강,빨강,빨강,빨간색,빨강,빨강
72,15,106,ko,보라색,보라,보라,진보라색,진보라,진보라
86,18,242,ko,보라색,보라,보라,보라색,보라,보라
3,231,235,ko,청록색,청록,청록,청록색,청록,청록
84,194,162,ko,민트그린,민트그린,민트그린,청록색,청록,청록
54,47,195,ko,파란색,파랑,파랑,로얄블루,로얄블루,로얄블루
116,0,81,ko,자주색,자주,자주,자주색,자주,자주
218,143,81,ko,주황색,주황,주황,황토색,황토,황토
63,3,181,ko,보라색,보라,보라,보라색,보라,보라
251,214,167,ko,살구색,살구,살구,살구색,살구,살구
104,122,40,ko,올리브색,올리브,올리브,카키색,카키,카키
241,104,252,ko,분홍색,분홍,분홍,자주색,자주,자주
241,157,180,ko,분홍색,분홍,분홍,핑크,핑크,핑크
21,165,136,ko,청록색,청록,청록,청록색,청록,청록
216,249,255,ko,하늘색,하늘,하늘,하늘색,하늘,하늘
133,238,206,ko,민트색,민트,민트,민트색,민트,민트
65,12,195,ko,보라색,보라,보라,남보라색,남보라,남보라
131,128,211,ko,보라색,보라,보라,보라색,보라,보라
219,195,78,ko,노란색,노랑,노랑,황금색,황금,황금
147,98,224,ko,보라색,보라,보라,보라색,보라,보라
130,174,105,ko,연두색,연두,연두,올리브색,올리브,올리브
52,179,9,ko,초록색,초록,초록,초록색,초록,초록
77,188,173,ko,청록색,청록,청록,청록색,청록,청록
177,193,183,ko,연회색,연회,연회,녹회색,녹회,녹회
152,67,6,ko,주황색,주황,주황,벽돌색,벽돌,벽돌
159,172,66,ko,올리브색,올리브,올리브,황록색,황록,황록
92,151,66,ko,초록색,초록,초록,풀색,풀,풀
55,47,182,ko,파란색,파랑,파랑,군청색,군청,군청
170,245,161,ko,연두색,연두,연두,연두색,연두,연두
253,10,92,ko,분홍색,분홍,분홍,핫핑크,핫핑크,핫핑크
2,197,184,ko,청록색,청록,청록,청록색,청록,청록
174,43,149,ko,보라색,보라,보라,자주색,자주,자주
70,162,93,ko,초록색,초록,초록,초록색,초록,초록
148,171,228,ko,연보라색,연보라,연보라,담청색,담청,담청
204,102,101,ko,분홍색,분홍,분홍,말린 장미색,말린 장미,말린장미
127,24,78,ko,자주색,자주,자주,자주색,자주,자주
40,148,220,ko,파란색,파랑,파랑,파란색,파랑,파랑
252,145,153,ko,연분홍,연분홍,연분홍,분홍색,분홍,분홍
207,26,237,ko,보라색,보라,보라,자주색,자주,자주
57,241,82,ko,초록색,초록,초록,라임색,라임,라임
4,255,112,ko,초록색,초록,초록,초록,초록,초록
181,193,14,ko,연두색,연두,연두,연두색,연두,연두
74,118,29,ko,초록색,초록,초록,올리브색,올리브,올리브
88,230,247,ko,하늘색,하늘,하늘,하늘색,하늘,하늘
193,252,191,ko,연두색,연두,연두,연두색,연두,연두
108,212,81,ko,연두색,연두,연두,라임색,라임,라임
62,194,94,ko,초록색,초록,초록,초록색,초록,초록
231,141,6,ko,주황색,주황,주황,주황색,주황,주황
0,229,48,ko,연두색,연두,연두,초록색,초록,초록
24,249,247,ko,청록색,청록,청록,시안,시안,시안
219,46,14,ko,빨강,빨강,빨강,다홍색,다홍,다홍
23,189,2,ko,초록색,초록,초록,초록색,초록,초록
55,186,30,ko,초록색,초록,초록,초록색,초록,초록
243,185,106,ko,주황색,주황,주황,살구색,살구,살구
49,15,212,ko,파란색,파랑,파랑,파란색,파랑,파랑
153,89,226,ko,보라색,보라,보라,보라색,보라,보라
83,174,111,ko,초록색,초록,초록,풀색,풀,풀
32,125,120,ko,청록색,청록,청록,청록색,청록,청록
96,15,0,ko,갈색,갈,갈,마호가니색,마호가니,마호가니
227,198,37,ko,노랑,노랑,노랑,노란색,노랑,노랑
50,136,248,ko,파란색,파랑,파랑,파란색,파랑,파랑
147,194,130,ko,연두색,연두,연두,초록색,초록,초록
178,181,205,ko,연보라색,연보라,연보라,라벤더색,라벤더,라벤더
174,58,122,ko,자주색,자주,자주,자주색,자주,자주
160,245,15,ko,연두색,연두,연두,연두색,연두,연두
84,195,64,ko,연두색,연두,연두,연두색,연두,연두
185,47,197,ko,보라색,보라,보라,보라색,보라,보라
238,110,176,ko,분홍색,분홍,분홍,핫핑크,핫핑크,핫핑크
225,152,42,ko,주황색,주황,주황,주황색,주황,주황
157,104,208,ko,보라색,보라,보라,보라색,보라,보라
24,90,203,ko,파란색,파랑,파랑,파란색,파랑,파랑
170,186,207,ko,회청색,회청,회청,청회색,청회,청회
127,42,130,ko,보라색,보라,보라,보라색,보라,보라
75,187,42,ko,연두색,연두,연두,풀색,풀,풀
233,194,97,ko,노랑,노랑,노랑,황토색,황토,황토
130,214,36,ko,연두색,연두,연두,연두색,연두,연두
130,131,53,ko,올리브색,올리브,올리브,올리브색,올리브,올리브
164,228,71,ko,연두색,연두,연두,연두색,연두,연두
1,59,162,ko,파란색,파랑,파랑,파란색,파랑,파랑
55,213,240,ko,하늘색,하늘,하늘,하늘색,하늘,하늘
80,254,90,ko,연두색,연두,연두,연두색,연두,연두
1,96,151,ko,파랑,파랑,파랑,파란색,파랑,파랑
218,6,161,ko,자홍색,자홍,자홍,자주,자주,자주
217,48,3,ko,주황색,주황,주황,다홍,다홍,다홍
124,227,207,ko,민트색,민트,민트,민트색,민트,민트
89,169,177,ko,청록색,청록,청록,청록색,청록,청록
251,227,126,ko,연노랑,연노랑,연노랑,연노란색,연노랑,연노랑
228,175,225,ko,연보라,연보라,연보라,연보라색,연보라,연보라
207,9,184,ko,자홍색,자홍,자홍,마젠타,마젠타,마젠타
42,114,194,ko,파랑,파랑,파랑,파란색,파랑,파랑
109,152,247,ko,하늘색,하늘,하늘,하늘색,하늘,하늘
27,33,155,ko,파란색,파랑,파랑,남색,남,남
182,39,195,ko,보라색,보라,보라,보라색,보라,보라
123,91,57,ko,갈색,갈,갈,갈색,갈,갈
214,56,186,ko,자주색,자주,자주,마젠타,마젠타,마젠타
171,75,182,ko,보라색,보라,보라,보라색,보라,보라
168,51,209,ko,보라색,보라,보라,보라색,보라,보라
118,141,104,ko,올리브색,올리브,올리브,올리브색,올리브,올리브
98,244,66,ko,연두색,연두,연두,연두색,연두,연두
131,233,83,ko,연두색,연두,연두,연두색,연두,연두
166,215,149,ko,연두색,연두,연두,연두색,연두,연두
220,21,131,ko,분홍색,분홍,분홍,자홍색,자홍,자홍
52,150,140,ko,청록색,청록,청록,청록색,청록,청록
115,240,179,ko,연두색,연두,연두,민트색,민트,민트
16,188,218,ko,하늘색,하늘,하늘,아쿠아색,아쿠아,아쿠아
191,46,181,ko,자주색,자주,자주,보라색,보라,보라
196,237,45,ko,라임색,라임,라임,연두색,연두,연두
166,114,200,ko,보라색,보라,보라,보라색,보라,보라
58,86,224,ko,파란색,파랑,파랑,파랑,파랑,파랑
126,162,129,ko,연두색,연두,연두,쑥색,쑥,쑥
10,1,243,ko,파란색,파랑,파랑,파란색,파랑,파랑
39,91,138,ko,파란색,파랑,파랑,짙은 파란색,짙은 파랑,짙은파랑
15,4,140,ko,파란색,파랑,파랑,남색,남,남
39,160,91,ko,초록색,초록,초록,초록색,초록,초록
204,23,235,ko,보라색,보라,보라,자주색,자주,자주
62,223,146,ko,초록색,초록,초록,민트색,민트,민트
198,216,8,ko,노란색,노랑,노랑,라임색,라임,라임
111,74,190,ko,보라색,보라,보라,보라색,보라,보라
167,102,129,ko,분홍색,분홍,분홍,말린 장미색,말린 장미,말린장미
187,2,36,ko,빨강,빨강,빨강,빨간색,빨강,빨강
109,28,27,ko,짙은 적갈색,짙은 적갈,짙은적갈,와인색,와인,와인
107,18,220,ko,보라색,보라,보라,보라색,보라,보라
244,135,254,ko,분홍색,분홍,분홍,분홍색,분홍,분홍
24,158,12,ko,초록색,초록,초록,초록,초록,초록
159,215,9,ko,연두색,연두,연두,라임색,라임,라임
228,253,214,ko,연두색,연두,연두,연두색,연두,연두
234,119,30,ko,주황색,주황,주황,주황색,주황,주황
204,133,117,ko,살구색,살구,살구,말린 장미색,말린 장미,말린장미
100,134,110,ko,회녹색,회녹,회녹,쑥색,쑥,쑥
56,95,228,ko,파랑,파랑,파랑,파란색,파랑,파랑
0,31,78,ko,남색,남,남,남색,남,남
250,79,217,ko,분홍색,분홍,분홍,핑크,핑크,핑크
12,204,204,ko,청록색,청록,청록,청록색,청록,청록
207,101,69,ko,주황색,주황,주황,주황색,주황,주황
147,2,19,ko,빨간색,빨강,빨강,버건디,버건디,버건디
20,57,177,ko,파랑,파랑,파랑,파란색,파랑,파랑
116,89,0,ko,겨자색,겨자,겨자,황갈색,황갈,황갈
12,206,214,ko,청록색,청록,청록,청록색,청록,청록
233,175,200,ko,연분홍,연분홍,연분홍,분홍색,분홍,분홍
14,61,87,ko,청록색,청록,청록,남색,남,남
128,87,67,ko,갈색,갈,갈,밤색,밤,밤
108,168,57,ko,초록색,초록,초록,초록색,초록,초록
26,154,4,ko,초록색,초록,초록,초록,초록,초록
253,54,1,ko,주황색,주황,주황,주황색,주황,주황
163,85,94,ko,장밋빛 갈색,장밋빛 갈,장밋빛갈,말린 장미색,말린 장미,말린장미
119,25,190,ko,보라색,보라,보라,보라색,보라,보라
239,7,87,ko,분홍색,분홍,분홍,마젠타,마젠타,마젠타
55,225,13,ko,연두색,연두,연두,연두색,연두,연두
39,176,184,ko,청록색,청록,청록,청록색,청록,청록
208,33,124,ko,분홍색,분홍,분홍,마젠타,마젠타,마젠타
223,233,227,ko,연한 회색,연 회,연회,옅은 회색,옅은 회,옅은회
140,155,129,ko,연녹색,연녹,연녹,세이지색,세이지,세이지
83,24,199,ko,보라색,보라,보라,보라색,보라,보라
57,97,32,ko,초록색,초록,초록,올리브색,올리브,올리브
211,58,77,ko,빨강,빨강,빨강,자홍색,자홍,자홍
47,72,251,ko,파란색,파랑,파랑,파란색,파랑,파랑
34,248,148,ko,민트색,민트,민트,형광 초록색,형광 초록,형광초록
148,130,117,ko,회갈색,회갈,회갈,회갈색,회갈,회갈
220,83,116,ko,분홍색,분홍,분홍,핑크,핑크,핑크
94,108,205,ko,보라색,보라,보라,군청색,군청,군청
226,200,105,ko,노란색,노랑,노랑,머스타드색,머스타드,머스타드
146,102,0,ko,갈색,갈,갈,황갈색,황갈,황갈
175,180,16,ko,올리브색,올리브,올리브,올리브색,올리브,올리브
19,189,4,ko,초록색,초록,초록,초록색,초록,초록
121,230,93,ko,연두색,연두,연두,연두색,연두,연두
162,59,129,ko,자주색,자주,자주,자주색,자주,자주
16,219,145,ko,민트색,민트,민트,초록색,초록,초록
100,222,130,ko,연두색,연두,연두,연두색,연두,연두
33,172,231,ko,하늘색,하늘,하늘,파란색,파랑,파랑
95,228,227,ko,청록색,청록,청록,청록색,청록,청록
235,195,107,ko,노란색,노랑,노랑,머스타드색,머스타드,머스타드
122,163,152,ko,청록색,청록,청록,옥색,옥,옥
88,18,201,ko,보라색,보라,보라,보라색,보라,보라
16,51,235,ko,파란색,파랑,파랑,파란색,파랑,파랑
122,48,252,ko,보라색,보라,보라,보라색,보라,보라
47,242,52,ko,초록색,초록,초록,라임색,라임,라임
249,97,9,ko,주황색,주황,주황,주황색,주황,주황
24,204,70,ko,초록색,초록,초록,형광 초록색,형광 초록,형광초록
136,186,178,ko,민트색,민트,민트,청록색,청록,청록
120,223,25,ko,연두색,연두,연두,연두색,연두,연두
38,1,201,ko,보라색,보라,보라,파랑,파랑,파랑
137,254,231,ko,민트색,민트,민트,터키색,터키,터키
49,197,107,ko,초록색,초록,초록,초록색,초록,초록
125,147,147,ko,회색,회,회,청록색,청록,청록
54,219,209,ko,청록색,청록,청록,청록색,청록,청록
44,24,162,ko,파랑,파랑,파랑,남색,남,남
103,7,69,ko,자주색,자주,자주,가지색,가지,가지
93,64,229,ko,보라색,보라,보라,남보라색,남보라,남보라
94,195,216,ko,하늘색,하늘,하늘,하늘색,하늘,하늘
222,150,131,ko,살구색,살구,살구,코랄색,코랄,코랄
9,165,108,ko,초록색,초록,초록,청록색,청록,청록
241,179,41,ko,노란색,노랑,노랑,귤색,귤,귤
171,168,133,ko,카키색,카키,카키,올리브색,올리브,올리브
55,229,82,ko,초록색,초록,초록,초록,초록,초록
70,20,32,ko,자주색,자주,자주,버건디색,버건디,버건디
174,66,67,ko,적갈색,적갈,적갈,벽돌색,벽돌,벽돌
188,201,96,ko,연두색,연두,연두,연두색,연두,연두
77,203,31,ko,초록색,초록,초록,초록색,초록,초록
249,138,230,ko,분홍색,분홍,분홍,분홍색,분홍,분홍
170,160,141,ko,베이지색,베이지,베이지,회갈색,회갈,회갈
177,22,195,ko,보라색,보라,보라,보라색,보라,보라
51,252,153,ko,초록색,초록,초록,형광 초록색,형광 초록,형광초록
129,249,76,ko,연두색,연두,연두,연두색,연두,연두
186,229,221,ko,민트색,민트,민트,민트색,민트,민트
245,75,41,ko,주황색,주황,주황,다홍색,다홍,다홍
173,101,86,ko,갈색,갈,갈,적갈색,적갈,적갈
109,69,251,ko,보라색,보라,보라,보라색,보라,보라
96,124,33,ko,연두색,연두,연두,올리브색,올리브,올리브
163,193,50,ko,연두색,연두,연두,연두색,연두,연두
122,103,46,ko,올리브색,올리브,올리브,카키색,카키,카키
119,77,151,ko,보라색,보라,보라,보라색,보라,보라
236,96,170,ko,분홍색,분홍,분홍,핑크,핑크,핑크
61,20,152,ko,보라색,보라,보라,진보라색,진보라,진보라
234,62,26,ko,주황색,주황,주황,다홍,다홍,다홍
3,212,191,ko,청록색,청록,청록,청록색,청록,청록
22,223,52,ko,연두색,연두,연두,초록색,초록,초록
153,161,208,ko,연보라색,연보라,연보라,라벤더색,라벤더,라벤더
108,235,248,ko,하늘색,하늘,하늘,하늘색,하늘,하늘
146,89,82,ko,갈색,갈,갈,테라코타,테라코타,테라코타
244,156,156,ko,분홍색,분홍,분홍,분홍,분홍,분홍
52,17,241,ko,파란색,파랑,파랑,파란색,파랑,파랑
111,229,173,ko,민트색,민트,민트,민트색,민트,민트
181,245,131,ko,연두색,연두,연두,연두색,연두,연두
131,123,37,ko,올리브색,올리브,올리브,올리브색,올리브,올리브
89,95,98,ko,회색,회,회,차콜 그레이,차콜 그레이,차콜그레이
61,15,2,ko,갈색,갈,갈,고동색,고동,고동
70,75,201,ko,파랑,파랑,파랑,로열블루,로열블루,로열블루
21,187,53,ko,초록색,초록,초록,초록색,초록,초록
61,53,69,ko,보라색,보라,보라,가지색,가지,가지
66,130,189,ko,파랑,파랑,파랑,파란색,파랑,파랑
236,166,141,ko,살구색,살구,살구,살구색,살구,살구
125,125,204,ko,연보라색,연보라,연보라,보라색,보라,보라
88,199,120,ko,연두색,연두,연두,초록색,초록,초록
47,33,97,ko,보라색,보라,보라,남보라색,남보라,남보라
153,239,129,ko,연두색,연두,연두,연두색,연두,연두
175,104,212,ko,보라색,보라,보라,보라색,보라,보라
99,110,216,ko,보라색,보라,보라,군청색,군청,군청
63,193,78,ko,초록색,초록,초록,라임색,라임,라임
1,255,46,ko,초록색,초록,초록,초록색,초록,초록
15,165,67,ko,초록색,초록,초록,초록색,초록,초록
2,140,128,ko,청록색,청록,청록,청록색,청록,청록
163,24,80,ko,자주색,자주,자주,자주색,자주,자주
187,142,127,ko,연갈색,연갈,연갈,테라코타,테라코타,테라코타
87,83,186,ko,보라색,보라,보라,남색,남,남
83,215,112,ko,연두색,연두,연두,초록색,초록,초록
196,124,201,ko,보라색,보라,보라,자주색,자주,자주
119,137,152,ko,회색,회,회,청회색,청회,청회
13,201,238,ko,하늘색,하늘,하늘,시안,시안,시안
73,69,46,ko,올리브색,올리브,올리브,국방색,국방,국방
241,183,194,ko,연분홍,연분홍,연분홍,연분홍색,연분홍,연분홍
147,6,239,ko,보라색,보라,보라,보라색,보라,보라
188,224,178,ko,연두색,연두,연두,연두색,연두,연두
4,68,236,ko,파랑,파랑,파랑,파란색,파랑,파랑
181,150,102,ko,베이지,베이지,베이지,황토색,황토,황토
224,100,222,ko,분홍색,분홍,분홍,마젠타,마젠타,마젠타
144,141,240,ko,연보라색,연보라,연보라,연보라색,연보라,연보라
150,123,239,ko,보라색,보라,보라,보라색,보라,보라
149,222,34,ko,연두색,연두,연두,연두색,연두,연두
48,208,145,ko,민트색,민트,민트,초록색,초록,초록
165,203,166,ko,연두색,연두,연두,세이지색,세이지,세이지
97,232,54,ko,연두색,연두,연두,연두색,연두,연두
93,67,241,ko,보라색,보라,보라,청보라색,청보라,청보라
244,169,18,ko,주황색,주황,주황,주황색,주황,주황
222,139,199,ko,연분홍,연분홍,연분홍,핑크색,핑크,핑크
108,131,23,ko,연두색,연두,연두,올리브색,올리브,올리브
168,217,14,ko,연두색,연두,연두,연두색,연두,연두
30,82,16,ko,진녹색,진녹,진녹,짙은 녹색,짙은 녹,짙은녹
198,13,235,ko,보라색,보라,보라,자주색,자주,자주
223,95,118,ko,코랄핑크,코랄핑크,코랄핑크,장미색,장미,장미
119,204,93,ko,연두색,연두,연두,연두색,연두,연두
183,131,135,ko,분홍색,분홍,분홍,말린 장미색,말린 장미,말린장미
38,177,73,ko,초록색,초록,초록,초록색,초록,초록
157,42,244,ko,보라색,보라,보라,보라색,보라,보라
222,34,18,ko,빨강,빨강,빨강,빨간색,빨강,빨강
223,255,21,ko,라임색,라임,라임,라임색,라임,라임
89,82,226,ko,보라색,보라,보라,청보라,청보라,청보라
102,186,92,ko,초록색,초록,초록,초록색,초록,초록
23,166,33,ko,초록색,초록,초록,초록색,초록,초록
11,137,223,ko,파란색,파랑,파랑,하늘색,하늘,하늘
117,63,93,ko,보라색,보라,보라,자주색,자주,자주
158,174,229,ko,연보라색,연보라,연보라,라벤더색,라벤더,라벤더
239,161,199,ko,분홍색,분홍,분홍,분홍색,분홍,분홍
108,186,249,ko,하늘색,하늘,하늘,하늘색,하늘,하늘
206,91,103,ko,분홍색,분홍,분홍,장미색,장미,장미
74,53,243,ko,보라색,보라,보라,청보라색,청보라,청보라
234,117,148,ko,분홍색,분홍,분홍,핑크,핑크,핑크
12,92,82,ko,청록색,청록,청록,청록색,청록,청록
52,84,178,ko,파랑,파랑,파랑,로얄 블루,로얄 블루,로얄블루
153,51,40,ko,적갈색,적갈,적갈,벽돌색,벽돌,벽돌
226,254,222,ko,연두색,연두,연두,민트색,민트,민트
102,125,255,ko,파란색,파랑,파랑,청자색,청자,청자
160,52,160,ko,보라색,보라,보라,보라색,보라,보라
87,141,88,ko,초록색,초록,초록,국방색,국방,국방
119,56,153,ko,보라색,보라,보라,보라색,보라,보라
188,7,167,ko,보라색,보라,보라,마젠타,마젠타,마젠타
161,21,81,ko,자홍색,자홍,자홍,자주색,자주,자주
210,200,122,ko,카키색,카키,카키,올리브색,올리브,올리브
113,254,182,ko,민트색,민트,민트,민트색,민트,민트
6,244,125,ko,초록색,초록,초록,형광 초록색,형광 초록,형광초록
210,45,6,ko,주황색,주황,주황,빨간색,빨강,빨강
244,221,30,ko,노란색,노랑,노랑,노란색,노랑,노랑
94,3,153,ko,보라색,보라,보라,보라색,보라,보라
186,226,62,ko,연두색,연두,연두,연두색,연두,연두
8,227,207,ko,청록색,청록,청록,청록색,청록,청록
16,103,185,ko,파랑,파랑,파랑,파란색,파랑,파랑
222,155,37,ko,주황색,주황,주황,황토색,황토,황토
6,64,245,ko,파랑,파랑,파랑,파란색,파랑,파랑
245,63,96,ko,분홍색,분홍,분홍,진분홍,진분홍,진분홍
171,243,123,ko,연두색,연두,연두,연두색,연두,연두
65,88,79,ko,청록색,청록,청록,짙은 녹회색,짙은 녹회,짙은녹회
42,140,148,ko,청록색,청록,청록,청록색,청록,청록
222,226,140,ko,연노랑,연노랑,연노랑,연두색,연두,연두
25,247,211,ko,청록색,청록,청록,청록색,청록,청록
247,250,21,ko,노란색,노랑,노랑,노랑,노랑,노랑
59,210,116,ko,초록색,초록,초록,초록색,초록,초록
182,43,103,ko,자주색,자주,자주,자홍색,자홍,자홍
144,203,67,ko,연두색,연두,연두,연두색,연두,연두
33,52,179,ko,파란색,파랑,파랑,로얄 블루,로얄 블루,로얄블루
217,4,109,ko,자홍색,자홍,자홍,핫핑크색,핫핑크,핫핑크
143,78,86,ko,분홍색,분홍,분홍,말린 장미색,말린 장미,말린장미
85,171,223,ko,하늘색,하늘,하늘,하늘색,하늘,하늘
123,251,39,ko,연두색,연두,연두,연두색,연두,연두
31,245,202,ko,청록색,청록,청록,청록색,청록,청록
240,207,228,ko,연분홍,연분홍,연분홍,연분홍,연분홍,연분홍
194,127,92,ko,살구색,살구,살구,황토색,황토,황토
63,127,17,ko,초록색,초록,초록,초록색,초록,초록
114,2,15,ko,짙은 빨간색,짙은 빨강,짙은빨강,자주색,자주,자주
95,139,62,ko,초록색,초록,초록,올리브색,올리브,올리브
166,187,76,ko,연두색,연두,연두,연두색,연두,연두
29,14,35,ko,보라색,보라,보라,가지색,가지,가지
161,250,87,ko,연두색,연두,연두,연두색,연두,연두
219,246,185,ko,연두색,연두,연두,연두색,연두,연두
67,160,48,ko,초록색,초록,초록,초록색,초록,초록
38,76,56,ko,초록색,초록,초록,짙은 녹색,짙은 녹,짙은녹
184,235,66,ko,연두색,연두,연두,연두색,연두,연두
22,128,183,ko,파란색,파랑,파랑,파란색,파랑,파랑
6,120,207,ko,파란색,파랑,파랑,파란색,파랑,파랑
28,112,157,ko,파란색,파랑,파랑,짙은 파란색,짙은 파랑,짙은파랑
28,157,95,ko,초록색,초록,초록,초록색,초록,초록
21,109,30,ko,초록색,초록,초록,초록색,초록,초록
39,201,184,ko,청록색,청록,청록,청록색,청록,청록
95,249,139,ko,연두색,연두,연두,연두색,연두,연두
118,247,188,ko,민트색,민트,민트,민트색,민트,민트
153,239,38,ko,연두색,연두,연두,연두색,연두,연두
116,210,44,ko,연두색,연두,연두,연두색,연두,연두
222,145,183,ko,분홍색,분홍,분홍,분홍색,분홍,분홍
53,195,5,ko,연두색,연두,연두,연두색,연두,연두
175,1,148,ko,자홍색,자홍,자홍,자홍색,자홍,자홍
27,34,186,ko,파란색,파랑,파랑,파란색,파랑,파랑
194,252,40,ko,연두색,연두,연두,라임색,라임,라임
186,245,158,ko,연두색,연두,연두,연두색,연두,연두
3,14,136,ko,파랑,파랑,파랑,파란색,파랑,파랑
64,192,109,ko,초록색,초록,초록,초록색,초록,초록
238,141,125,ko,살몬색,살몬,살몬,살구색,살구,살구
237,95,9,ko,주황색,주황,주황,주황색,주황,주황
239,53,22,ko,빨강,빨강,빨강,빨간색,빨강,빨강
129,205,105,ko,연두색,연두,연두,연두색,연두,연두
154,191,47,ko,연두색,연두,연두,연두색,연두,연두
241,177,141,ko,살구색,살구,살구,살구색,살구,살구
236,101,149,ko,분홍색,분홍,분홍,분홍색,분홍,분홍
225,17,81,ko,분홍색,분홍,분홍,핫핑크,핫핑크,핫핑크
14,15,82,ko,남색,남,남,남색,남,남
65,91,77,ko,초록색,초록,초록,짙은 초록색,짙은 초록,짙은초록
51,57,129,ko,남색,남,남,남색,남,남
203,249,134,ko,연두색,연두,연두,연두색,연두,연두
110,127,62,ko,올리브색,올리브,올리브,올리브색,올리브,올리브
22,17,48,ko,남색,남,남,남색,남,남
131,219,117,ko,연두색,연두,연두,연두색,연두,연두
233,216,17,ko,노란색,노랑,노랑,노란색,노랑,노랑
208,11,9,ko,빨강,빨강,빨강,빨강,빨강,빨강
220,251,19,ko,연두색,연두,연두,형광 노란색,형광 노랑,형광노랑
237,190,161,ko,살구색,살구,살구,살구색,살구,살구
187,54,83,ko,분홍색,분홍,분홍,진홍색,진홍,진홍
32,90,113,ko,청록색,청록,청록,청록색,청록,청록
185,74,165,ko,보라색,보라,보라,자주색,자주,자주
8,111,24,ko,초록색,초록,초록,초록,초록,초록
68,88,100,ko,청회색,청회,청회,회청색,회청,회청
176,98,200,ko,보라색,보라,보라,보라색,보라,보라
211,220,177,ko,연두색,연두,연두,연두색,연두,연두
0,7,222,ko,파랑,파랑,파랑,파란색,파랑,파랑
12,184,192,ko,청록색,청록,청록,터키색,터키,터키
180,211,73,ko,연두색,연두,연두,연두색,연두,연두
32,5,251,ko,파란색,파랑,파랑,파란색,파랑,파랑
11,140,160,ko,청록색,청록,청록,청록색,청록,청록
153,147,205,ko,보라색,보라,보라,라벤더색,라벤더,라벤더
34,97,185,ko,파란색,파랑,파랑,파란색,파랑,파랑
224,254,70,ko,연두색,연두,연두,연두색,연두,연두
37,110,161,ko,파랑,파랑,파랑,파란색,파랑,파랑
253,5,202,ko,자홍색,자홍,자홍,마젠타,마젠타,마젠타
127,57,20,ko,갈색,갈,갈,밤색,밤,밤
237,237,85,ko,노란색,노랑,노랑,연노란색,연노랑,연노랑
255,101,22,ko,주황색,주황,주황,주황색,주황,주황
207,9,169,ko,자주색,자주,자주,마젠타,마젠타,마젠타
4,240,134,ko,초록색,초록,초록,에메랄드 그린,에메랄드 그린,에메랄드그린
54,99,98,ko,청록색,청록,청록,청록색,청록,청록
185,83,181,ko,보라색,보라,보라,보라색,보라,보라
130,213,142,ko,연두색,연두,연두,민트색,민트,민트
28,100,159,ko,파랑,파랑,파랑,파란색,파랑,파랑
148,95,26,ko,갈색,갈,갈,밤색,밤,밤
182,61,66,ko,빨강,빨강,빨강,적갈색,적갈,적갈
137,230,18,ko,연두색,연두,연두,라임색,라임,라임
8,188,154,ko,청록색,청록,청록,청록,청록,청록
213,224,221,ko,연한 회색,연 회,연회,담회색,담회,담회
22,32,183,ko,파랑,파랑,파랑,파란색,파랑,파랑
86,212,244,ko,하늘색,하늘,하늘,하늘색,하늘,하늘
44,71,141,ko,파란색,파랑,파랑,군청색,군청,군청
222,201,152,ko,베이지,베이지,베이지,황토색,황토,황토
51,28,79,ko,보라색,보라,보라,가지색,가지,가지
113,28,120,ko,보라색,보라,보라,자주색,자주,자주
125,53,218,ko,보라색,보라,보라,보라색,보라,보라
227,172,61,ko,노란색,노랑,노랑,겨자색,겨자,겨자
105,34,225,ko,보라색,보라,보라,보라색,보라,보라
41,78,99,ko,청록색,청록,청록,진한 청록색,진 청록,진청록
89,115,246,ko,파란색,파랑,파랑,로열 블루,로열 블루,로열블루
71,147,47,ko,초록색,초록,초록,초록색,초록,초록
14,170,68,ko,초록색,초록,초록,초록색,초록,초록
206,33,144,ko,마젠타,마젠타,마젠타,마젠타,마젠타,마젠타
52,220,222,ko,청록색,청록,청록,아쿠아색,아쿠아,아쿠아
190,219,168,ko,연두색,연두,연두,연녹색,연녹,연녹
96,104,154,ko,보라색,보라,보라,청회색,청회,청회
18,131,103,ko,청록색,청록,청록,청록색,청록,청록
199,156,107,ko,베이지색,베이지,베이지,황토색,황토,황토
169,5,225,ko,보라색,보라,보라,보라색,보라,보라
114,78,63,ko,갈색,갈,갈,밤색,밤,밤
113,90,47,ko,갈색,갈,갈,카키색,카키,카키
205,121,87,ko,주황색,주황,주황,황토색,황토,황토
118,125,34,ko,올리브색,올리브,올리브,올리브 그린,올리브 그린,올리브그린
197,81,109,ko,분홍색,분홍,분홍,진분홍색,진분홍,진분홍
73,113,170,ko,파란색,파랑,파랑,짙은 파란색,짙은 파랑,짙은파랑
108,202,69,ko,연두색,연두,연두,연두색,연두,연두
242,155,172,ko,분홍색,분홍,분홍,분홍색,분홍,분홍
218,58,224,ko,자주색,자주,자주,자홍색,자홍,자홍
67,42,101,ko,보라색,보라,보라,보라색,보라,보라
213,223,119,ko,연두색,연두,연두,연두색,연두,연두
5,156,210,ko,하늘색,하늘,하늘,파란색,파랑,파랑
74,192,34,ko,연두색,연두,연두,연두색,연두,연두
247,82,195,ko,분홍색,분홍,분홍,핫핑크,핫핑크,핫핑크
13,95,198,ko,파랑,파랑,파랑,파랑,파랑,파랑
216,233,228,ko,민트색,민트,민트,아쿠아마린,아쿠아마린,아쿠아마린
175,139,92,ko,갈색,갈,갈,카멜색,카멜,카멜
219,84,135,ko,분홍색,분홍,분홍,핫핑크,핫핑크,핫핑크
133,202,105,ko,연두색,연두,연두,연두색,연두,연두
111,37,126,ko,보라색,보라,보라,진보라색,진보라,진보라
53,239,197,ko,청록색,청록,청록,청록색,청록,청록
66,108,79,ko,초록색,초록,초록,진초록색,진초록,진초록
234,208,42,ko,노란색,노랑,노랑,노란색,노랑,노랑
4,26,155,ko,파랑,파랑,파랑,남색,남,남
217,216,29,ko,노란색,노랑,노랑,개나리색,개나리,개나리
68,167,22,ko,초록색,초록,초록,초록색,초록,초록
192,1,182,ko,자홍색,자홍,자홍,마젠타,마젠타,마젠타
212,63,175,ko,분홍색,분홍,분홍,자홍색,자홍,자홍
151,193,118,ko,연두색,연두,연두,연초록색,연초록,연초록
15,9,92,ko,남색,남,남,감청색,감청,감청
67,104,168,ko,파랑,파랑,파랑,파란색,파랑,파랑
0,48,204,ko,파란색,파랑,파랑,파란색,파랑,파랑
24,143,38,ko,초록색,초록,초록,초록색,초록,초록
93,44,71,ko,자주색,자주,자주,자주색,자주,자주
153,16,128,ko,보라색,보라,보라,자주색,자주,자주
59,238,52,ko,초록색,초록,초록,연두색,연두,연두
104,44,227,ko,보라색,보라,보라,보라색,보라,보라
26,124,184,ko,파란색,파랑,파랑,파랑,파랑,파랑
133,61,94,ko,자주색,자주,자주,자주색,자주,자주
219,125,168,ko,분홍색,분홍,분홍,핑크,핑크,핑크
145,229,103,ko,연두색,연두,연두,연두색,연두,연두
15,69,66,ko,청록색,청록,청록,청록색,청록,청록
10,94,233,ko,파랑,파랑,파랑,파란색,파랑,파랑
209,232,174,ko,연두색,연두,연두,연두색,연두,연두
156,199,161,ko,연두색,연두,연두,연쑥색,연쑥,연쑥
228,119,106,ko,살구색,살구,살구,다홍색,다홍,다홍
163,35,20,ko,적갈색,적갈,적갈,벽돌색,벽돌,벽돌
198,236,40,ko,연두색,연두,연두,연두색,연두,연두
126,124,111,ko,회색,회,회,회갈색,회갈,회갈
126,45,30,ko,갈색,갈,갈,적갈색,적갈,적갈
11,59,109,ko,남색,남,남,남색,남,남
81,179,14,ko,초록색,초록,초록,연두색,연두,연두
106,144,212,ko,파랑,파랑,파랑,파란색,파랑,파랑
119,97,161,ko,보라색,보라,보라,보라색,보라,보라
58,128,50,ko,초록색,초록,초록,숲색,숲,숲
245,96,245,ko,보라색,보라,보라,자주색,자주,자주
209,222,13,ko,노란색,노랑,노랑,연두색,연두,연두
99,159,19,ko,초록색,초록,초록,초록색,초록,초록
25,106,16,ko,초록색,초록,초록,녹색,녹,녹
51,54,122,ko,보라색,보라,보라,네이비,네이비,네이비
220,146,132,ko,살몬핑크,살몬핑크,살몬핑크,연어색,연어,연어
229,216,190,ko,베이지,베이지,베이지,베이지,베이지,베이지
219,34,26,ko,빨간색,빨강,빨강,빨강,빨강,빨강
148,24,144,ko,보라색,보라,보라,자주색,자주,자주
198,220,6,ko,노란색,노랑,노랑,연두색,연두,연두
225,245,73,ko,연두색,연두,연두,라임색,라임,라임
100,148,20,ko,초록색,초록,초록,올리브색,올리브,올리브
112,214,21,ko,연두색,연두,연두,라임색,라임,라임
101,124,28,ko,올리브색,올리브,올리브,올리브색,올리브,올리브
234,230,167,ko,연노랑,연노랑,연노랑,연노란색,연노랑,연노랑
58,144,127,ko,청록색,청록,청록,청록색,청록,청록
47,56,200,ko,파란색,파랑,파랑,파란색,파랑,파랑
31,57,255,ko,파랑,파랑,파랑,파란색,파랑,파랑
242,127,53,ko,주황색,주황,주황,주황색,주황,주황
178,45,157,ko,보라색,보라,보라,자주색,자주,자주
237,97,216,ko,분홍색,분홍,분홍,핫핑크,핫핑크,핫핑크
165,234,236,ko,하늘색,하늘,하늘,하늘색,하늘,하늘
121,48,241,ko,보라색,보라,보라,보라색,보라,보라
194,64,40,ko,주황색,주황,주황,벽돌색,벽돌,벽돌
110,62,11,ko,갈색,갈,갈,갈색,갈,갈
126,106,72,ko,갈색,갈,갈,카키색,카키,카키
138,139,137,ko,회색,회,회,회색,회,회
230,192,77,ko,노란색,노랑,노랑,황금색,황금,황금
110,38,36,ko,갈색,갈,갈,적갈색,적갈,적갈
252,135,218,ko,분홍색,분홍,분홍,분홍,분홍,분홍
51,161,124,ko,초록색,초록,초록,청록색,청록,청록
205,115,206,ko,보라색,보라,보라,보라색,보라,보라
21,150,203,ko,파랑,파랑,파랑,파란색,파랑,파랑
232,141,93,ko,살구색,살구,살구,산호색,산호,산호
33,74,65,ko,청록색,청록,청록,어두운 녹색,어두운 녹,어두운녹
172,7,216,ko,보라색,보라,보라,보라색,보라,보라
212,158,57,ko,금색,금,금,겨자색,겨자,겨자
115,45,216,ko,보라색,보라,보라,보라색,보라,보라
101,34,118,ko,보라색,보라,보라,보라색,보라,보라
2,181,65,ko,초록색,초록,초록,초록색,초록,초록
139,73,220,ko,보라색,보라,보라,보라색,보라,보라
93,247,239,ko,청록색,청록,청록,아쿠아색,아쿠아,아쿠아
48,168,149,ko,청록색,청록,청록,청록색,청록,청록
146,86,107,ko,자주색,자주,자주,말린 장미색,말린 장미,말린장미
232,238,47,ko,노란색,노랑,노랑,노란색,노랑,노랑
255,159,205,ko,분홍색,분홍,분홍,분홍색,분홍,분홍
85,32,22,ko,갈색,갈,갈,적갈색,적갈,적갈
154,148,43,ko,올리브색,올리브,올리브,올리브색,올리브,올리브
242,109,108,ko,살몬색,살몬,살몬,코랄,코랄,코랄
254,53,245,ko,분홍색,분홍,분홍,마젠타색,마젠타,마젠타
5,202,2,ko,연두색,연두,연두,초록색,초록,초록
109,192,138,ko,초록색,초록,초록,초록색,초록,초록
121,78,202,ko,보라색,보라,보라,보라색,보라,보라
57,115,154,ko,파란색,파랑,파랑,파란색,파랑,파랑
215,118,230,ko,보라색,보라,보라,보라색,보라,보라
163,191,213,ko,하늘색,하늘,하늘,하늘색,하늘,하늘
102,66,187,ko,보라색,보라,보라,보라색,보라,보라
227,102,90,ko,코랄색,코랄,코랄,테라코타색,테라코타,테라코타
144,223,194,ko,민트색,민트,민트,민트색,민트,민트
211,177,159,ko,베이지색,베이지,베이지,말린 장미색,말린 장미,말린장미
121,181,144,ko,연두색,연두,연두,민트색,민트,민트
4,154,80,ko,초록색,초록,초록,초록색,초록,초록
79,73,79,ko,회색,회,회,보랏빛 회색,보랏빛 회,보랏빛회
166,48,18,ko,적갈색,적갈,적갈,밤색,밤,밤
145,1,101,ko,자주색,자주,자주,자주색,자주,자주
37,140,198,ko,파란색,파랑,파랑,파란색,파랑,파랑
212,169,29,ko,노란색,노랑,노랑,황금색,황금,황금
226,59,172,ko,분홍색,분홍,분홍,핑크,핑크,핑크
234,116,85,ko,주황색,주황,주황,다홍,다홍,다홍
233,114,151,ko,분홍색,분홍,분홍,분홍색,분홍,분홍
146,54,153,ko,보라색,보라,보라,보라색,보라,보라
255,130,224,ko,분홍색,분홍,분홍,분홍색,분홍,분홍
221,45,210,ko,자홍색,자홍,자홍,자홍색,자홍,자홍
139,61,122,ko,보라색,보라,보라,자주색,자주,자주
64,251,135,ko,연두색,연두,연두,라임색,라임,라임
191,23,85,ko,진홍색,진홍,진홍,자홍색,자홍,자홍
72,55,127,ko,보라색,보라,보라,남보라색,남보라,남보라
144,39,158,ko,보라색,보라,보라,보라색,보라,보라
233,117,174,ko,분홍색,분홍,분홍,핫핑크,핫핑크,핫핑크
179,243,28,ko,연두색,연두,연두,라임색,라임,라임
139,169,19,ko,올리브색,올리브,올리브,연두색,연두,연두
13,206,108,ko,초록색,초록,초록,에메랄드색,에메랄드,에메랄드
55,206,85,ko,연두색,연두,연두,초록색,초록,초록
242,62,174,ko,분홍색,분홍,분홍,자홍색,자홍,자홍
116,46,209,ko,보라색,보라,보라,보라색,보라,보라
115,235,131,ko,연두색,연두,연두,연두색,연두,연두
35,7,187,ko,보라색,보라,보라,파란색,파랑,파랑
1,142,61,ko,초록색,초록,초록,초록색,초록,초록
124,15,66,ko,자주색,자주,자주,자주색,자주,자주
72,123,209,ko,파랑,파랑,파랑,파란색,파랑,파랑
106,190,153,ko,민트색,민트,민트,민트색,민트,민트
229,22,163,ko,분홍색,분홍,분홍,마젠타,마젠타,마젠타
195,109,36,ko,주황색,주황,주황,황토색,황토,황토
122,111,195,ko,보라색,보라,보라,보라색,보라,보라
120,224,182,ko,민트그린,민트그린,민트그린,민트색,민트,민트
37,149,165,ko,청록색,청록,청록,청록색,청록,청록
168,194,209,ko,연한 파란색,연 파랑,연파랑,연한 파란색,연 파랑,연파랑
231,222,3,ko,노란색,노랑,노랑,노란색,노랑,노랑
158,225,199,ko,민트그린,민트그린,민트그린,민트색,민트,민트
158,61,47,ko,갈색,갈,갈,적갈색,적갈,적갈
191,119,114,ko,분홍색,분홍,분홍,팥색,팥,팥
39,40,55,ko,남색,남,남,짙은 남색,짙은 남,짙은남
174,199,78,ko,연두색,연두,연두,연두색,연두,연두
50,187,63,ko,초록색,초록,초록,초록색,초록,초록
79,1,205,ko,보라색,보라,보라,보라색,보라,보라
222,9,109,ko,분홍색,분홍,분홍,핫핑크,핫핑크,핫핑크
114,139,194,ko,파란색,파랑,파랑,파란색,파랑,파랑
22,70,74,ko,청록색,청록,청록,청록색,청록,청록
48,5,57,ko,보라색,보라,보라,보라색,보라,보라
185,237,107,ko,연두색,연두,연두,연두색,연두,연두
151,253,55,ko,연두색,연두,연두,라임색,라임,라임
220,223,49,ko,노란색,노랑,노랑,연두색,연두,연두
170,184,59,ko,연두색,연두,연두,연두색,연두,연두
217,198,84,ko,노란색,노랑,노랑,겨자색,겨자,겨자
130,56,2,ko,갈색,갈,갈,적갈색,적갈,적갈
91,236,174,ko,민트색,민트,민트,민트색,민트,민트
70,209,68,ko,초록색,초록,초록,라임색,라임,라임
0,16,177,ko,파란색,파랑,파랑,파랑,파랑,파랑
98,111,54,ko,올리브색,올리브,올리브,올리브색,올리브,올리브
232,124,155,ko,분홍색,분홍,분홍,분홍색,분홍,분홍
97,91,92,ko,회색,회,회,회갈색,회갈,회갈
167,43,94,ko,자주색,자주,자주,자홍색,자홍,자홍
131,201,14,ko,연두색,연두,연두,연두색,연두,연두
113,201,68,ko,연두색,연두,연두,라임색,라임,라임
62,156,72,ko,초록색,초록,초록,초록색,초록,초록
123,137,90,ko,카키색,카키,카키,카키색,카키,카키
230,121,178,ko,분홍색,분홍,분홍,분홍,분홍,분홍
105,243,78,ko,연두색,연두,연두,연두색,연두,연두
227,23,97,ko,분홍색,분홍,분홍,마젠타,마젠타,마젠타
87,60,48,ko,갈색,갈,갈,갈색,갈,갈
244,251,112,ko,노란색,노랑,노랑,연노란색,연노랑,연노랑
95,203,241,ko,하늘색,하늘,하늘,하늘색,하늘,하늘
246,136,3,ko,주황색,주황,주황,주황색,주황,주황
111,202,37,ko,연두색,연두,연두,라임색,라임,라임
118,146,105,ko,카키색,카키,카키,쑥색,쑥,쑥
182,155,104,ko,베이지색,베이지,베이지,황토색,황토,황토
79,252,23,ko,연두색,연두,연두,형광 초록색,형광 초록,형광초록
176,216,215,ko,연한 하늘색,연 하늘,연하늘,민트색,민트,민트
162,197,131,ko,연두색,연두,연두,연녹색,연녹,연녹
157,148,134,ko,베이지,베이지,베이지,회갈색,회갈,회갈
201,200,144,ko,카키색,카키,카키,쑥색,쑥,쑥
216,121,230,ko,연보라,연보라,연보라,보라색,보라,보라
100,8,101,ko,보라색,보라,보라,보라색,보라,보라
171,169,34,ko,노란색,노랑,노랑,연두색,연두,연두
135,35,92,ko,자주색,자주,자주,자주색,자주,자주
81,163,8,ko,연두색,연두,연두,초록색,초록,초록
41,79,124,ko,파란색,파랑,파랑,파란색,파랑,파랑
111,127,94,ko,회녹색,회녹,회녹,올리브색,올리브,올리브
142,130,143,ko,회색,회,회,모브색,모브,모브
218,4,20,ko,빨강,빨강,빨강,빨강,빨강,빨강
218,15,70,ko,빨강,빨강,빨강,진홍색,진홍,진홍
101,175,128,ko,초록색,초록,초록,민트색,민트,민트
157,2,97,ko,자주색,자주,자주,자주색,자주,자주
29,77,92,ko,청록색,청록,청록,짙은 청록색,짙은 청록,짙은청록
132,18,130,ko,보라색,보라,보라,보라색,보라,보라
89,204,223,ko,하늘색,하늘,하늘,하늘색,하늘,하늘
108,83,78,ko,갈색,갈,갈,고동색,고동,고동
218,2,20,ko,빨강,빨강,빨강,빨간색,빨강,빨강
49,182,180,ko,청록색,청록,청록,청록색,청록,청록
80,114,229,ko,파란색,파랑,파랑,파란색,파랑,파랑
148,91,108,ko,자주색,자주,자주,말린 장미색,말린 장미,말린장미
19,169,121,ko,초록색,초록,초록,초록색,초록,초록
238,145,174,ko,분홍색,분홍,분홍,핑크,핑크,핑크
25,133,252,ko,파랑,파랑,파랑,파랑,파랑,파랑
199,221,229,ko,연하늘색,연하늘,연하늘,하늘색,하늘,하늘
59,37,15,ko,갈색,갈,갈,고동색,고동,고동
193,252,66,ko,연두색,연두,연두,연두색,연두,연두
23,87,163,ko,파랑,파랑,파랑,파랑,파랑,파랑
177,11,58,ko,진홍색,진홍,진홍,진홍색,진홍,진홍
169,46,149,ko,보라색,보라,보라,자주색,자주,자주
238,211,246,ko,연보라,연보라,연보라,연보라색,연보라,연보라
192,249,214,ko,민트색,민트,민트,민트색,민트,민트
66,95,3,ko,올리브색,올리브,올리브,올리브색,올리브,올리브
64,85,232,ko,파란색,파랑,파랑,로얄블루,로얄블루,로얄블루
92,149,64,ko,초록색,초록,초록,올리브색,올리브,올리브
128,8,243,ko,보라색,보라,보라,보라색,보라,보라
95,215,49,ko,연두색,연두,연두,라임색,라임,라임
109,40,230,ko,보라색,보라,보라,보라색,보라,보라
103,42,186,ko,보라색,보라,보라,보라색,보라,보라
224,6,248,ko,자주색,자주,자주,자주색,자주,자주
166,164,18,ko,올리브색,올리브,올리브,올리브색,올리브,올리브
11,225,199,ko,청록색,청록,청록,청록색,청록,청록
131,123,127,ko,회색,회,회,토프색,토프,토프
15,186,152,ko,청록색,청록,청록,청록색,청록,청록
50,28,27,ko,갈색,갈,갈,고동색,고동,고동
170,1,25,ko,빨강,빨강,빨강,빨간색,빨강,빨강
121,33,173,ko,보라색,보라,보라,보라색,보라,보라
45,237,0,ko,연두색,연두,연두,형광 초록색,형광 초록,형광초록
168,181,251,ko,연보라색,연보라,연보라,하늘색,하늘,하늘
136,90,211,ko,보라색,보라,보라,보라색,보라,보라
123,95,52,ko,갈색,갈,갈,갈색,갈,갈
220,140,149,ko,연분홍,연분홍,연분홍,분홍색,분홍,분홍
30,123,67,ko,초록색,초록,초록,진초록색,진초록,진초록
237,251,217,ko,연두색,연두,연두,연두색,연두,연두
110,103,43,ko,올리브색,올리브,올리브,올리브색,올리브,올리브
130,232,0,ko,연두색,연두,연두,연두색,연두,연두
86,19,67,ko,자주색,자주,자주,자주색,자주,자주
120,215,139,ko,연두색,연두,연두,연두색,연두,연두
76,94,210,ko,파랑,파랑,파랑,로얄블루,로얄블루,로얄블루
69,198,123,ko,초록색,초록,초록,초록색,초록,초록
227,199,46,ko,노란색,노랑,노랑,황금색,황금,황금
228,91,232,ko,보라색,보라,보라,자홍색,자홍,자홍
119,87,62,ko,갈색,갈,갈,갈색,갈,갈
183,91,98,ko,분홍색,분홍,분홍,팥색,팥,팥
71,136,80,ko,초록색,초록,초록,짙은 초록색,짙은 초록,짙은초록
86,17,96,ko,보라색,보라,보라,보라색,보라,보라
220,125,44,ko,주황색,주황,주황,주황색,주황,주황
92,103,67,ko,카키색,카키,카키,국방색,국방,국방
28,100,51,ko,초록색,초록,초록,진초록색,진초록,진초록
26,76,192,ko,파란색,파랑,파랑,파란색,파랑,파랑
223,234,133,ko,연두색,연두,연두,연두색,연두,연두
69,219,69,ko,초록색,초록,초록,연두색,연두,연두
56,245,12,ko,연두색,연두,연두,초록색,초록,초록
236,151,220,ko,분홍색,분홍,분홍,분홍색,분홍,분홍
146,63,143,ko,보라색,보라,보라,자주색,자주,자주
44,244,181,ko,민트색,민트,민트,민트색,민트,민트
26,50,3,ko,초록색,초록,초록,짙은 녹색,짙은 녹,짙은녹
201,228,243,ko,하늘색,하늘,하늘,하늘색,하늘,하늘
223,151,198,ko,분홍색,분홍,분홍,분홍색,분홍,분홍
233,169,120,ko,살구색,살구,살구,살구색,살구,살구
121,128,211,ko,보라색,보라,보라,연보라,연보라,연보라
83,70,224,ko,보라색,보라,보라,보라색,보라,보라
114,214,6,ko,연두색,연두,연두,연두색,연두,연두
239,228,104,ko,노란색,노랑,노랑,노란색,노랑,노랑
246,209,192,ko,살구색,살구,살구,살구색,살구,살구
250,58,172,ko,분홍색,분홍,분홍,핫핑크,핫핑크,핫핑크
194,101,96,ko,분홍색,분홍,분홍,적갈색,적갈,적갈
96,244,52,ko,연두색,연두,연두,연두색,연두,연두
223,194,72,ko,노란색,노랑,노랑,겨자색,겨자,겨자
152,45,62,ko,자주색,자주,자주,버건디,버건디,버건디
76,165,183,ko,청록색,청록,청록,청록색,청록,청록
46,94,238,ko,파란색,파랑,파랑,파란색,파랑,파랑
242,85,19,ko,주황색,주황,주황,주황색,주황,주황
185,46,106,ko,자홍색,자홍,자홍,자주색,자주,자주
172,69,115,ko,분홍색,분홍,분홍,자주색,자주,자주
173,153,66,ko,올리브색,올리브,올리브,겨자색,겨자,겨자
150,57,168,ko,보라색,보라,보라,보라색,보라,보라
93,82,9,ko,올리브색,올리브,올리브,올리브색,올리브,올리브
83,74,109,ko,보라색,보라,보라,보라색,보라,보라
97,23,126,ko,보라색,보라,보라,보라색,보라,보라
174,229,183,ko,연두색,연두,연두,연두색,연두,연두
95,104,40,ko,카키색,카키,카키,올리브색,올리브,올리브
146,153,72,ko,올리브색,올리브,올리브,올리브색,올리브,올리브
223,251,36,ko,형광노랑,형광노랑,형광노랑,형광 노랑,형광 노랑,형광노랑
203,67,173,ko,분홍색,분홍,분홍,마젠타,마젠타,마젠타
118,11,79,ko,자주색,자주,자주,자주색,자주,자주
74,148,76,ko,초록색,초록,초록,초록,초록,초록
63,61,211,ko,보라색,보라,보라,코발트 블루,코발트 블루,코발트블루
217,170,202,ko,연분홍,연분홍,연분홍,연보라색,연보라,연보라
192,9,231,ko,보라색,보라,보라,보라색,보라,보라
75,95,187,ko,파랑,파랑,파랑,파란색,파랑,파랑
21,169,131,ko,청록색,청록,청록,청록색,청록,청록
158,27,65,ko,자주색,자주,자주,와인색,와인,와인
172,172,51,ko,올리브색,올리브,올리브,올리브색,올리브,올리브
75,53,3,ko,갈색,갈,갈,고동색,고동,고동
66,23,127,ko,보라색,보라,보라,보라색,보라,보라
232,10,97,ko,분홍색,분홍,분홍,자홍색,자홍,자홍
116,87,217,ko,보라색,보라,보라,보라색,보라,보라
219,33,216,ko,보라색,보라,보라,마젠타,마젠타,마젠타
217,93,95,ko,분홍색,분홍,분홍,코랄색,코랄,코랄
109,229,196,ko,민트색,민트,민트,민트색,민트,민트
52,132,18,ko,초록색,초록,초록,초록,초록,초록
155,8,123,ko,자주색,자주,자주,자주색,자주,자주
91,7,195,ko,보라색,보라,보라,보라색,보라,보라
231,19,106,ko,분홍색,분홍,분홍,마젠타색,마젠타,마젠타
138,218,1,ko,연두색,연두,연두,연두색,연두,연두
216,53,101,ko,분홍색,분홍,분홍,자홍색,자홍,자홍
165,250,154,ko,연두색,연두,연두,연두색,연두,연두
120,137,57,ko,카키색,카키,카키,올리브색,올리브,올리브
183,233,195,ko,연두색,연두,연두,연두색,연두,연두
219,184,168,ko,연분홍색,연분홍,연분홍,살구색,살구,살구
230,114,199,ko,분홍색,분홍,분홍,분홍색,분홍,분홍
102,64,221,ko,보라색,보라,보라,보라색,보라,보라
13,47,197,ko,파란색,파랑,파랑,파랑,파랑,파랑
222,178,155,ko,살구색,살구,살구,살구색,살구,살구
251,220,12,ko,노랑,노랑,노랑,노란색,노랑,노랑
177,159,28,ko,올리브색,올리브,올리브,겨자색,겨자,겨자
229,105,192,ko,분홍색,분홍,분홍,핫핑크,핫핑크,핫핑크
137,241,195,ko,연두색,연두,연두,민트색,민트,민트
172,164,231,ko,연보라색,연보라,연보라,연보라색,연보라,연보라
38,160,248,ko,하늘색,하늘,하늘,파란색,파랑,파랑
142,208,39,ko,연두색,연두,연두,연두색,연두,연두
111,70,86,ko,자주색,자주,자주,자주색,자주,자주
76,123,52,ko,초록색,초록,초록,올리브색,올리브,올리브
5,194,106,ko,초록색,초록,초록,초록색,초록,초록
219,185,9,ko,노란색,노랑,노랑,황색,황,황
149,1,143,ko,보라색,보라,보라,자주색,자주,자주
139,20,231,ko,보라색,보라,보라,보라색,보라,보라
167,210,217,ko,하늘색,하늘,하늘,하늘색,하늘,하늘
74,188,49,ko,초록색,초록,초록,연두색,연두,연두
194,124,35,ko,주황색,주황,주황,황토색,황토,황토
232,69,220,ko,보라색,보라,보라,자주색,자주,자주
30,102,13,ko,초록색,초록,초록,녹색,녹,녹
169,195,92,ko,연두색,연두,연두,연두색,연두,연두
41,20,153,ko,보라색,보라,보라,군청색,군청,군청
159,56,52,ko,적갈색,적갈,적갈,벽돌색,벽돌,벽돌
121,134,67,ko,올리브색,올리브,올리브,올리브색,올리브,올리브
99,37,162,ko,보라색,보라,보라,보라색,보라,보라
33,162,155,ko,청록색,청록,청록,청록색,청록,청록
238,156,147,ko,연분홍,연분홍,연분홍,코랄색,코랄,코랄
205,17,250,ko,보라색,보라,보라,자홍색,자홍,자홍
182,178,15,ko,노랑,노랑,노랑,황록색,황록,황록
51,175,193,ko,청록색,청록,청록,청록색,청록,청록
96,200,188,ko,청록색,청록,청록,터키색,터키,터키
39,176,147,ko,청록색,청록,청록,청록색,청록,청록
160,234,221,ko,민트색,민트,민트,민트색,민트,민트
146,197,205,ko,연한 청록색,연 청록,연청록,연하늘색,연하늘,연하늘
200,135,217,ko,보라색,보라,보라,연보라색,연보라,연보라
201,117,122,ko,분홍색,분홍,분홍,말린 장미색,말린 장미,말린장미
55,154,18,ko,초록색,초록,초록,초록색,초록,초록
18,40,252,ko,파란색,파랑,파랑,파란색,파랑,파랑
213,217,23,ko,노랑,노랑,노랑,황록색,황록,황록
176,220,158,ko,연두색,연두,연두,연두색,연두,연두
157,148,81,ko,카키색,카키,카키,올리브색,올리브,올리브
241,77,163,ko,분홍색,분홍,분홍,핫핑크색,핫핑크,핫핑크
135,12,37,ko,자주색,자주,자주,버건디,버건디,버건디
115,52,1,ko,갈색,갈,갈,갈색,갈,갈
51,39,94,ko,보라색,보라,보라,진보라색,진보라,진보라
168,90,252,ko,보라색,보라,보라,보라색,보라,보라
74,181,70,ko,초록색,초록,초록,초록색,초록,초록
206,104,75,ko,주황색,주황,주황,벽돌색,벽돌,벽돌
205,251,121,ko,연두색,연두,연두,라임색,라임,라임
134,200,179,ko,민트색,민트,민트,민트색,민트,민트
14,212,189,ko,청록색,청록,청록,청록색,청록,청록
137,221,107,ko,연두색,연두,연두,연두색,연두,연두
12,46,60,ko,청록색,청록,청록,진청록색,진청록,진청록
20,249,34,ko,형광초록,형광초록,형광초록,초록색,초록,초록
30,36,194,ko,파랑,파랑,파랑,파란색,파랑,파랑
12,176,65,ko,초록색,초록,초록,초록,초록,초록
98,72,182,ko,보라색,보라,보라,보라색,보라,보라
177,26,192,ko,보라색,보라,보라,보라색,보라,보라
185,240,30,ko,연두색,연두,연두,라임색,라임,라임
207,30,71,ko,빨강,빨강,빨강,진분홍,진분홍,진분홍
134,108,113,ko,회갈색,회갈,회갈,팥색,팥,팥
12,126,94,ko,청록색,청록,청록,청록색,청록,청록
160,107,2,ko,갈색,갈,갈,금갈색,금갈,금갈
181,203,136,ko,연두색,연두,연두,연두색,연두,연두
26,192,55,ko,초록색,초록,초록,초록색,초록,초록
17,117,221,ko,파랑,파랑,파랑,파란색,파랑,파랑
21,91,25,ko,초록색,초록,초록,짙은 녹색,짙은 녹,짙은녹
64,41,142,ko,보라색,보라,보라,보라색,보라,보라
72,63,144,ko,보라색,보라,보라,보라색,보라,보라
163,169,68,ko,올리브색,올리브,올리브,올리브색,올리브,올리브
243,68,4,ko,주황색,주황,주황,주황색,주황,주황
21,217,223,ko,청록색,청록,청록,청록색,청록,청록
113,143,29,ko,올리브색,올리브,올리브,올리브색,올리브,올리브
128,116,72,ko,카키색,카키,카키,카키색,카키,카키
227,249,28,ko,노란색,노랑,노랑,노란색,노랑,노랑
169,234,76,ko,연두색,연두,연두,연두색,연두,연두
170,252,21,ko,연두색,연두,연두,라임색,라임,라임
167,91,129,ko,자주색,자주,자주,자주색,자주,자주
249,162,149,ko,연분홍,연분홍,연분홍,연어색,연어,연어
190,143,12,ko,금색,금,금,겨자색,겨자,겨자
200,190,220,ko,연보라색,연보라,연보라,연보라색,연보라,연보라
82,70,35,ko,카키색,카키,카키,국방색,국방,국방
102,233,60,ko,연두색,연두,연두,연두색,연두,연두
205,42,222,ko,자주색,자주,자주,자주색,자주,자주
96,56,144,ko,보라색,보라,보라,보라색,보라,보라
25,11,191,ko,파란색,파랑,파랑,로열블루,로열블루,로열블루
217,64,236,ko,보라색,보라,보라,자주색,자주,자주
200,158,146,ko,분홍색,분홍,분홍,말린 장미색,말린 장미,말린장미
39,110,154,ko,파랑,파랑,파랑,파란색,파랑,파랑
80,129,102,ko,초록색,초록,초록,녹색,녹,녹
248,91,80,ko,빨강,빨강,빨강,산호색,산호,산호
208,173,242,ko,연보라,연보라,연보라,연보라색,연보라,연보라
6,130,61,ko,초록색,초록,초록,풀색,풀,풀
223,153,174,ko,분홍색,분홍,분홍,분홍,분홍,분홍
69,30,153,ko,보라색,보라,보라,보라색,보라,보라
205,74,223,ko,보라색,보라,보라,보라색,보라,보라
0,82,46,ko,진녹색,진녹,진녹,숲 초록색,숲 초록,숲초록
40,219,109,ko,연두색,연두,연두,초록,초록,초록
77,137,233,ko,파란색,파랑,파랑,로얄블루,로얄블루,로얄블루
172,148,148,ko,연분홍,연분홍,연분홍,팥색,팥,팥
159,177,140,ko,연두색,연두,연두,쑥색,쑥,쑥
23,110,203,ko,파랑,파랑,파랑,파란색,파랑,파랑
250,167,187,ko,분홍색,분홍,분홍,분홍색,분홍,분홍
117,3,129,ko,보라색,보라,보라,보라색,보라,보라
49,23,216,ko,파란색,파랑,파랑,파랑,파랑,파랑
18,1,170,ko,파랑,파랑,파랑,파란색,파랑,파랑
90,24,230,ko,보라색,보라,보라,보라색,보라,보라
13,102,236,ko,파란색,파랑,파랑,파란색,파랑,파랑
189,60,196,ko,보라색,보라,보라,보라색,보라,보라
174,149,79,ko,카키색,카키,카키,황토색,황토,황토
65,58,153,ko,보라색,보라,보라,가지색,가지,가지
141,217,25,ko,연두색,연두,연두,연두색,연두,연두
85,79,65,ko,갈색,갈,갈,카키색,카키,카키
166,131,36,ko,황토색,황토,황토,황갈색,황갈,황갈
114,17,191,ko,보라색,보라,보라,보라색,보라,보라
10,95,70,ko,청록색,청록,청록,진초록,진초록,진초록
253,53,124,ko,분홍색,분홍,분홍,핫핑크,핫핑크,핫핑크
126,148,249,ko,파란색,파랑,파랑,밝은 파란색,밝은 파랑,밝은파랑
180,223,70,ko,연두색,연두,연두,연두색,연두,연두
138,53,73,ko,자주색,자주,자주,버건디색,버건디,버건디
61,130,72,ko,초록색,초록,초록,숲색,숲,숲
1,207,58,ko,초록색,초록,초록,초록색,초록,초록
40,192,50,ko,초록색,초록,초록,라임색,라임,라임
53,207,70,ko,초록색,초록,초록,초록색,초록,초록
180,183,9,ko,노란색,노랑,노랑,연두색,연두,연두
96,15,236,ko,보라색,보라,보라,보라색,보라,보라
45,187,57,ko,초록색,초록,초록,초록색,초록,초록
141,194,82,ko,연두색,연두,연두,연두색,연두,연두
237,238,111,ko,연두색,연두,연두,연노란색,연노랑,연노랑
213,30,166,ko,자홍색,자홍,자홍,자홍색,자홍,자홍
218,127,232,ko,연보라,연보라,연보라,보라색,보라,보라
94,5,188,ko,보라색,보라,보라,보라색,보라,보라
123,194,106,ko,연두색,연두,연두,연두색,연두,연두
230,235,208,ko,연두색,연두,연두,옅은 노란색,옅은 노랑,옅은노랑
119,211,149,ko,연두색,연두,연두,민트색,민트,민트
210,20,31,ko,빨강,빨강,빨강,빨간색,빨강,빨강
179,194,174,ko,연두색,연두,연두,세이지 그린,세이지 그린,세이지그린
118,32,187,ko,보라색,보라,보라,보라색,보라,보라
127,62,47,ko,갈색,갈,갈,밤색,밤,밤
55,67,228,ko,파란색,파랑,파랑,로열블루,로열블루,로열블루
66,71,233,ko,파란색,파랑,파랑,파랑,파랑,파랑
136,54,168,ko,보라색,보라,보라,보라색,보라,보라
92,79,68,ko,갈색,갈,갈,회갈색,회갈,회갈
180,215,230,ko,하늘색,하늘,하늘,하늘색,하늘,하늘
232,213,248,ko,연보라색,연보라,연보라,연보라,연보라,연보라
205,122,153,ko,분홍색,분홍,분홍,분홍색,분홍,분홍
178,151,84,ko,카키색,카키,카키,황토색,황토,황토
226,177,140,ko,살구색,살구,살구,살색,살,살
158,254,38,ko,연두색,연두,연두,라임색,라임,라임
116,3,187,ko,보라색,보라,보라,보라색,보라,보라
5,149,162,ko,청록색,청록,청록,청록색,청록,청록
69,222,169,ko,민트색,민트,민트,민트색,민트,민트
20,191,54,ko,초록색,초록,초록,초록색,초록,초록
124,47,207,ko,보라색,보라,보라,보라색,보라,보라
210,209,113,ko,연두색,연두,연두,연두색,연두,연두
69,50,91,ko,보라색,보라,보라,짙은 보라색,짙은 보라,짙은보라
100,124,24,ko,올리브색,올리브,올리브,올리브색,올리브,올리브
43,82,239,ko,파랑,파랑,파랑,파란색,파랑,파랑
135,235,176,ko,민트색,민트,민트,민트색,민트,민트
57,174,34,ko,초록색,초록,초록,초록,초록,초록
167,38,214,ko,보라색,보라,보라,보라색,보라,보라
76,140,70,ko,초록색,초록,초록,국방색,국방,국방
133,153,100,ko,연두색,연두,연두,올리브색,올리브,올리브
121,92,50,ko,갈색,갈,갈,갈색,갈,갈
56,103,114,ko,청록색,청록,청록,청록색,청록,청록
28,0,218,ko,파란색,파랑,파랑,파란색,파랑,파랑
206,193,83,ko,노란색,노랑,노랑,겨자색,겨자,겨자
168,117,237,ko,보라색,보라,보라,보라색,보라,보라
104,88,154,ko,보라색,보라,보라,보라색,보라,보라
229,111,223,ko,분홍색,분홍,분홍,마젠타색,마젠타,마젠타
68,60,19,ko,카키색,카키,카키,올리브 그린,올리브 그린,올리브그린
182,5,205,ko,보라색,보라,보라,보라색,보라,보라
246,79,101,ko,분홍색,분홍,분홍,산호색,산호,산호
88,161,186,ko,하늘색,하늘,하늘,청록색,청록,청록
113,7,82,ko,자주색,자주,자주,자주색,자주,자주
185,124,124,ko,분홍색,분홍,분홍,말린 장미색,말린 장미,말린장미
228,19,138,ko,분홍색,분홍,분홍,자홍색,자홍,자홍
184,233,157,ko,연두색,연두,연두,연두색,연두,연두
182,107,126,ko,분홍색,분홍,분홍,말린 장미색,말린 장미,말린장미
228,24,157,ko,분홍색,분홍,분홍,마젠타색,마젠타,마젠타
247,92,70,ko,주황색,주황,주황,다홍색,다홍,다홍
78,25,12,ko,갈색,갈,갈,밤색,밤,밤
237,96,98,ko,분홍색,분홍,분홍,빨강,빨강,빨강
171,110,184,ko,보라색,보라,보라,보라색,보라,보라
30,190,168,ko,청록색,청록,청록,청록색,청록,청록
168,93,102,ko,분홍색,분홍,분홍,팥죽색,팥죽,팥죽
196,181,176,ko,회색,회,회,모브,모브,모브
143,38,24,ko,적갈색,적갈,적갈,적갈색,적갈,적갈
59,49,32,ko,갈색,갈,갈,고동색,고동,고동
107,24,22,ko,적갈색,적갈,적갈,버건디,버건디,버건디
25,241,246,ko,청록색,청록,청록,청록색,청록,청록
21,0,165,ko,파란색,파랑,파랑,파랑,파랑,파랑
197,91,183,ko,보라색,보라,보라,자주색,자주,자주
232,13,240,ko,자홍색,자홍,자홍,마젠타,마젠타,마젠타
34,115,150,ko,청록색,청록,청록,청록색,청록,청록
197,217,46,ko,연두색,연두,연두,연두색,연두,연두
205,247,82,ko,연두색,연두,연두,라임색,라임,라임
64,9,42,ko,자주색,자주,자주,버건디색,버건디,버건디
143,26,195,ko,보라색,보라,보라,보라색,보라,보라
175,89,96,ko,연분홍,연분홍,연분홍,말린 장미색,말린 장미,말린장미
96,155,32,ko,연두색,연두,연두,초록색,초록,초록
100,221,235,ko,하늘색,하늘,하늘,하늘색,하늘,하늘
237,59,205,ko,분홍색,분홍,분홍,자홍색,자홍,자홍
35,239,56,ko,연두색,연두,연두,초록색,초록,초록
147,204,4,ko,연두색,연두,연두,라임색,라임,라임
162,59,222,ko,보라색,보라,보라,보라색,보라,보라
177,137,34,ko,겨자색,겨자,겨자,머스타드색,머스타드,머스타드
16,216,134,ko,초록색,초록,초록,연두색,연두,연두
168,229,89,ko,연두색,연두,연두,연두색,연두,연두
60,196,115,ko,초록색,초록,초록,연두색,연두,연두
132,240,9,ko,연두색,연두,연두,연두색,연두,연두
118,148,16,ko,올리브색,올리브,올리브,연두색,연두,연두
108,206,217,ko,하늘색,하늘,하늘,하늘색,하늘,하늘
100,80,203,ko,보라색,보라,보라,보라색,보라,보라
245,213,53,ko,노란색,노랑,노랑,노란색,노랑,노랑
130,195,234,ko,하늘색,하늘,하늘,하늘색,하늘,하늘
221,45,74,ko,빨강,빨강,빨강,자홍색,자홍,자홍
197,141,99,ko,갈색,갈,갈,황토색,황토,황토
79,75,118,ko,보라색,보라,보라,남보라색,남보라,남보라
151,152,190,ko,보라색,보라,보라,회보라색,회보라,회보라
46,36,71,ko,보라색,보라,보라,남보라색,남보라,남보라
132,51,71,ko,자주색,자주,자주,버건디,버건디,버건디
174,107,239,ko,보라색,보라,보라,보라색,보라,보라
202,234,24,ko,연두색,연두,연두,라임색,라임,라임
114,27,51,ko,자주색,자주,자주,자주색,자주,자주
60,101,228,ko,파란색,파랑,파랑,파란색,파랑,파랑
76,124,220,ko,파란색,파랑,파랑,로얄블루,로얄블루,로얄블루
118,212,63,ko,연두색,연두,연두,연두색,연두,연두
236,41,80,ko,분홍색,분홍,분홍,자주색,자주,자주
205,9,70,ko,빨간색,빨강,빨강,진홍색,진홍,진홍
128,19,238,ko,보라색,보라,보라,보라색,보라,보라
130,201,64,ko,연두색,연두,연두,라임색,라임,라임
61,130,68,ko,초록색,초록,초록,짙은 초록색,짙은 초록,짙은초록
192,247,129,ko,연두색,연두,연두,연두색,연두,연두
214,1,247,ko,자주색,자주,자주,마젠타,마젠타,마젠타
79,132,151,ko,청록색,청록,청록,청록색,청록,청록
109,13,32,ko,와인색,와인,와인,버건디,버건디,버건디
37,13,255,ko,파란색,파랑,파랑,파란색,파랑,파랑
106,117,172,ko,보라색,보라,보라,청보라색,청보라,청보라
46,49,35,ko,짙은 올리브색,짙은 올리브,짙은올리브,국방색,국방,국방
2,135,78,ko,초록색,초록,초록,초록색,초록,초록
78,156,244,ko,파랑,파랑,파랑,하늘색,하늘,하늘
12,191,146,ko,청록색,청록,청록,청록색,청록,청록
3,224,144,ko,청록색,청록,청록,초록,초록,초록
41,125,90,ko,초록색,초록,초록,청록색,청록,청록
122,149,223,ko,파랑,파랑,파랑,파란색,파랑,파랑
168,81,8,ko,주황색,주황,주황,밤색,밤,밤
197,13,70,ko,자주색,자주,자주,진홍색,진홍,진홍
214,52,29,ko,빨강,빨강,빨강,다홍,다홍,다홍
202,14,238,ko,보라색,보라,보라,자주색,자주,자주
188,212,217,ko,하늘색,하늘,하늘,청회색,청회,청회
221,179,224,ko,연보라,연보라,연보라,연보라색,연보라,연보라
139,189,130,ko,연두색,연두,연두,풀색,풀,풀
85,94,106,ko,회색,회,회,청회색,청회,청회
96,18,236,ko,보라색,보라,보라,보라색,보라,보라
243,114,33,ko,주황색,주황,주황,주황색,주황,주황
176,24,139,ko,자홍색,자홍,자홍,자주색,자주,자주
232,241,87,ko,연두색,연두,연두,노란색,노랑,노랑
53,125,0,ko,녹색,녹,녹,녹색,녹,녹
113,230,48,ko,연두색,연두,연두,라임색,라임,라임
166,201,100,ko,연두색,연두,연두,연두색,연두,연두
94,235,177,ko,민트색,민트,민트,민트색,민트,민트
11,52,133,ko,파란색,파랑,파랑,파란색,파랑,파랑
139,123,199,ko,보라색,보라,보라,보라색,보라,보라
66,252,71,ko,초록색,초록,초록,라임색,라임,라임
89,32,50,ko,자주색,자주,자주,와인색,와인,와인
225,203,69,ko,노란색,노랑,노랑,겨자색,겨자,겨자
247,53,62,ko,빨간색,빨강,빨강,빨간색,빨강,빨강
22,9,25,ko,검정색,검정,검정,가지색,가지,가지
155,190,53,ko,연두색,연두,연두,연두색,연두,연두
102,1,34,ko,자주색,자주,자주,버건디색,버건디,버건디
148,125,93,ko,베이지색,베이지,베이지,황토색,황토,황토
5,226,164,ko,민트색,민트,민트,청록색,청록,청록
98,94,69,ko,카키색,카키,카키,올리브색,올리브,올리브
242,182,198,ko,연분홍,연분홍,연분홍,분홍색,분홍,분홍
163,87,56,ko,갈색,갈,갈,테라코타색,테라코타,테라코타
20,104,58,ko,초록색,초록,초록,짙은 녹색,짙은 녹,짙은녹
51,246,45,ko,초록색,초록,초록,초록색,초록,초록
228,45,216,ko,자홍색,자홍,자홍,마젠타,마젠타,마젠타
138,17,89,ko,자주색,자주,자주,자주색,자주,자주
9,87,237,ko,파랑,파랑,파랑,파랑,파랑,파랑
126,207,220,ko,하늘색,하늘,하늘,하늘색,하늘,하늘
166,196,234,ko,하늘색,하늘,하늘,하늘색,하늘,하늘
246,211,174,ko,살구색,살구,살구,연한 살구색,연 살구,연살구
190,234,155,ko,연두색,연두,연두,연두색,연두,연두
220,106,156,ko,분홍색,분홍,분홍,분홍색,분홍,분홍
176,250,160,ko,연두색,연두,연두,연두색,연두,연두
85,171,240,ko,하늘색,하늘,하늘,하늘색,하늘,하늘
36,42,212,ko,파란색,파랑,파랑,파란색,파랑,파랑
29,139,24,ko,초록색,초록,초록,초록색,초록,초록
252,23,67,ko,분홍색,분홍,분홍,빨간색,빨강,빨강
213,198,176,ko,베이지,베이지,베이지,베이지,베이지,베이지
235,198,204,ko,연분홍,연분홍,연분홍,분홍색,분홍,분홍
69,195,182,ko,청록색,청록,청록,터키옥색,터키옥,터키옥
47,181,163,ko,청록색,청록,청록,청록색,청록,청록
144,68,84,ko,자주색,자주,자주,팥색,팥,팥
94,14,91,ko,보라색,보라,보라,자주색,자주,자주
149,47,253,ko,보라색,보라,보라,보라색,보라,보라
211,247,100,ko,연두색,연두,연두,연두색,연두,연두
29,138,161,ko,청록색,청록,청록,청록색,청록,청록
200,245,167,ko,연두색,연두,연두,연두색,연두,연두
232,207,59,ko,노란색,노랑,노랑,개나리색,개나리,개나리
150,125,219,ko,보라색,보라,보라,보라색,보라,보라
21,223,144,ko,청록색,청록,청록,초록색,초록,초록
140,162,35,ko,연두색,연두,연두,올리브색,올리브,올리브
100,27,239,ko,보라색,보라,보라,보라색,보라,보라
54,46,136,ko,보라색,보라,보라,남보라색,남보라,남보라
200,55,153,ko,보라색,보라,보라,자홍색,자홍,자홍
57,216,99,ko,초록색,초록,초록,초록색,초록,초록
42,129,108,ko,청록색,청록,청록,청록색,청록,청록
163,75,202,ko,보라색,보라,보라,보라색,보라,보라
31,111,125,ko,청록색,청록,청록,청록색,청록,청록
219,54,114,ko,분홍색,분홍,분홍,핫핑크,핫핑크,핫핑크
153,124,37,ko,카키색,카키,카키,황갈색,황갈,황갈
70,249,137,ko,연두색,연두,연두,연두색,연두,연두
195,101,7,ko,주황색,주황,주황,주황색,주황,주황
151,201,82,ko,연두색,연두,연두,연두색,연두,연두
88,229,176,ko,민트색,민트,민트,민트색,민트,민트
237,248,89,ko,연두색,연두,연두,노란색,노랑,노랑
146,80,57,ko,갈색,갈,갈,적갈색,적갈,적갈
253,44,17,ko,빨강,빨강,빨강,빨간색,빨강,빨강
28,217,49,ko,연두색,연두,연두,연두색,연두,연두
119,76,71,ko,갈색,갈,갈,고동색,고동,고동
16,117,26,ko,초록색,초록,초록,초록색,초록,초록
78,200,252,ko,하늘색,하늘,하늘,하늘색,하늘,하늘
128,105,255,ko,보라색,보라,보라,보라색,보라,보라
210,49,16,ko,주황색,주황,주황,다홍색,다홍,다홍
158,116,223,ko,보라색,보라,보라,보라색,보라,보라
4,65,208,ko,파란색,파랑,파랑,파란색,파랑,파랑
82,240,247,ko,하늘색,하늘,하늘,아쿠아색,아쿠아,아쿠아
222,82,218,ko,보라색,보라,보라,자홍색,자홍,자홍
191,74,204,ko,보라색,보라,보라,보라색,보라,보라
34,231,39,ko,초록색,초록,초록,연두색,연두,연두
247,18,163,ko,분홍색,분홍,분홍,핫핑크,핫핑크,핫핑크
4,145,155,ko,청록색,청록,청록,청록색,청록,청록
60,72,247,ko,파란색,파랑,파랑,파란색,파랑,파랑
87,129,89,ko,초록색,초록,초록,국방색,국방,국방
153,32,50,ko,자주색,자주,자주,와인색,와인,와인
59,224,3,ko,연두색,연두,연두,연두색,연두,연두
146,46,162,ko,보라색,보라,보라,보라색,보라,보라
193,67,252,ko,보라색,보라,보라,보라색,보라,보라
37,27,61,ko,보라색,보라,보라,짙은 보라색,짙은 보라,짙은보라
111,118,38,ko,올리브색,올리브,올리브,올리브색,올리브,올리브
215,145,233,ko,연보라색,연보라,연보라,연보라색,연보라,연보라
205,18,52,ko,빨간색,빨강,빨강,빨강,빨강,빨강
253,239,44,ko,노란색,노랑,노랑,노란색,노랑,노랑
40,178,62,ko,초록색,초록,초록,초록색,초록,초록
104,151,95,ko,초록색,초록,초록,쑥색,쑥,쑥
143,0,206,ko,보라색,보라,보라,보라색,보라,보라
51,190,151,ko,청록색,청록,청록,청록색,청록,청록
209,146,115,ko,살구색,살구,살구,황토색,황토,황토
75,136,202,ko,파란색,파랑,파랑,파랑,파랑,파랑
137,195,17,ko,연두색,연두,연두,연두색,연두,연두
174,121,201,ko,보라색,보라,보라,보라색,보라,보라
194,97,133,ko,분홍색,분홍,분홍,장미색,장미,장미
32,143,100,ko,초록색,초록,초록,초록색,초록,초록
227,130,57,ko,주황색,주황,주황,주황색,주황,주황
55,206,175,ko,청록색,청록,청록,청록색,청록,청록
54,41,36,ko,갈색,갈,갈,고동색,고동,고동
236,175,98,ko,주황색,주황,주황,살구색,살구,살구
155,67,115,ko,자주색,자주,자주,자주색,자주,자주
125,11,143,ko,보라색,보라,보라,보라색,보라,보라
168,3,1,ko,빨간색,빨강,빨강,빨강,빨강,빨강
32,101,184,ko,파랑,파랑,파랑,파란색,파랑,파랑
104,71,70,ko,갈색,갈,갈,적갈색,적갈,적갈
10,47,222,ko,파란색,파랑,파랑,파란색,파랑,파랑
14,249,3,ko,초록색,초록,초록,초록색,초록,초록
137,36,72,ko,자주색,자주,자주,버건디,버건디,버건디
48,159,133,ko,청록색,청록,청록,청록색,청록,청록
254,217,189,ko,살구색,살구,살구,살구색,살구,살구
218,100,35,ko,주황색,주황,주황,주황색,주황,주황
115,220,164,ko,연두색,연두,연두,민트색,민트,민트
53,127,246,ko,파란색,파랑,파랑,파란색,파랑,파랑
103,160,19,ko,연두색,연두,연두,풀색,풀,풀
122,54,14,ko,갈색,갈,갈,적갈색,적갈,적갈
202,62,139,ko,분홍색,분홍,분홍,자홍색,자홍,자홍
20,124,78,ko,초록색,초록,초록,녹색,녹,녹
217,254,242,ko,연두색,연두,연두,민트색,민트,민트
87,77,206,ko,보라색,보라,보라,청보라색,청보라,청보라
48,129,38,ko,초록색,초록,초록,초록,초록,초록
31,96,140,ko,파란색,파랑,파랑,파란색,파랑,파랑
3,174,98,ko,초록색,초록,초록,초록,초록,초록
7,131,238,ko,파랑,파랑,파랑,파란색,파랑,파랑
43,162,237,ko,파랑,파랑,파랑,파란색,파랑,파랑
50,133,246,ko,파랑,파랑,파랑,파란색,파랑,파랑
119,190,165,ko,민트그린,민트그린,민트그린,청록색,청록,청록
140,85,238,ko,보라색,보라,보라,보라색,보라,보라
225,131,197,ko,분홍색,분홍,분홍,분홍색,분홍,분홍
89,0,117,ko,보라색,보라,보라,보라색,보라,보라
245,48,156,ko,분홍색,분홍,분홍,핫핑크,핫핑크,핫핑크
51,20,245,ko,파란색,파랑,파랑,파란색,파랑,파랑
11,218,58,ko,초록색,초록,초록,초록색,초록,초록
85,20,89,ko,보라색,보라,보라,보라색,보라,보라
5,174,64,ko,초록색,초록,초록,초록색,초록,초록
98,253,174,ko,민트색,민트,민트,민트색,민트,민트
192,116,53,ko,주황색,주황,주황,황토색,황토,황토
35,135,233,ko,파랑,파랑,파랑,파란색,파랑,파랑
242,188,94,ko,주황색,주황,주황,살구색,살구,살구
238,114,178,ko,분홍색,분홍,분홍,핫핑크,핫핑크,핫핑크
61,114,244,ko,파랑,파랑,파랑,파란색,파랑,파랑
77,90,223,ko,파란색,파랑,파랑,코발트 블루,코발트 블루,코발트블루
27,67,156,ko,파란색,파랑,파랑,파랑,파랑,파랑
191,86,21,ko,주황색,주황,주황,적갈색,적갈,적갈
72,69,119,ko,보라색,보라,보라,남보라색,남보라,남보라
103,96,170,ko,보라색,보라,보라,보라색,보라,보라
14,11,51,ko,남색,남,남,남색,남,남
212,170,182,ko,분홍색,분홍,분홍,말린 장미색,말린 장미,말린장미
227,64,128,ko,분홍색,분홍,분홍,핫핑크,핫핑크,핫핑크
81,11,20,ko,자주색,자주,자주,버건디,버건디,버건디
65,50,38,ko,갈색,갈,갈,고동색,고동,고동
170,21,121,ko,자주색,자주,자주,마젠타색,마젠타,마젠타
168,74,177,ko,보라색,보라,보라,자주색,자주,자주
98,139,220,ko,파란색,파랑,파랑,파란색,파랑,파랑
108,98,182,ko,보라색,보라,보라,보라색,보라,보라
198,230,25,ko,연두색,연두,연두,연두색,연두,연두
245,167,40,ko,주황색,주황,주황,주황색,주황,주황
146,83,42,ko,갈색,갈,갈,갈색,갈,갈
118,239,251,ko,하늘색,하늘,하늘,하늘색,하늘,하늘
221,167,85,ko,황토색,황토,황토,황토색,황토,황토
58,62,71,ko,회색,회,회,청회색,청회,청회
25,168,41,ko,초록색,초록,초록,초록,초록,초록
167,246,7,ko,연두색,연두,연두,라임색,라임,라임
233,43,244,ko,자주색,자주,자주,마젠타,마젠타,마젠타
4,202,110,ko,초록색,초록,초록,초록색,초록,초록
211,121,229,ko,보라색,보라,보라,보라색,보라,보라
131,151,130,ko,카키색,카키,카키,세이지 그린,세이지 그린,세이지그린
0,202,115,ko,초록색,초록,초록,초록색,초록,초록
140,134,4,ko,올리브색,올리브,올리브,올리브색,올리브,올리브
38,20,152,ko,파란색,파랑,파랑,남색,남,남
22,190,59,ko,초록색,초록,초록,초록색,초록,초록
48,246,167,ko,민트색,민트,민트,에메랄드색,에메랄드,에메랄드
68,19,226,ko,보라색,보라,보라,파란색,파랑,파랑
150,206,94,ko,연두색,연두,연두,연두색,연두,연두
172,75,255,ko,보라색,보라,보라,보라색,보라,보라
40,56,190,ko,파란색,파랑,파랑,로얄블루,로얄블루,로얄블루
219,45,17,ko,빨간색,빨강,빨강,빨강,빨강,빨강
185,29,44,ko,빨강,빨강,빨강,빨간색,빨강,빨강
58,163,213,ko,하늘색,하늘,하늘,파란색,파랑,파랑
222,52,244,ko,보라색,보라,보라,마젠타색,마젠타,마젠타
224,160,65,ko,주황색,주황,주황,황토색,황토,황토
131,142,34,ko,올리브색,올리브,올리브,올리브색,올리브,올리브
200,95,117,ko,분홍색,분홍,분홍,장미색,장미,장미
11,120,72,ko,초록색,초록,초록,초록색,초록,초록
20,51,83,ko,남색,남,남,남색,남,남
87,19,125,ko,보라색,보라,보라,자주색,자주,자주
237,159,110,ko,살구색,살구,살구,복숭아색,복숭아,복숭아
170,134,30,ko,금색,금,금,겨자색,겨자,겨자
219,91,147,ko,분홍색,분홍,분홍,분홍색,분홍,분홍
116,29,98,ko,보라색,보라,보라,자주색,자주,자주
31,5,57,ko,보라색,보라,보라,보라색,보라,보라
108,168,138,ko,초록색,초록,초록,옥색,옥,옥
148,136,211,ko,연보라색,연보라,연보라,보라색,보라,보라
162,121,217,ko,보라색,보라,보라,보라색,보라,보라
93,149,171,ko,청록색,청록,청록,청회색,청회,청회
103,104,119,ko,회색,회,회,청회색,청회,청회
224,71,29,ko,주황색,주황,주황,주황색,주황,주황
38,240,202,ko,청록색,청록,청록,청록색,청록,청록
29,233,219,ko,청록색,청록,청록,청록색,청록,청록
249,226,146,ko,연노랑,연노랑,연노랑,연노란색,연노랑,연노랑
251,156,8,ko,주황색,주황,주황,주황색,주황,주황
180,61,84,ko,적갈색,적갈,적갈,와인색,와인,와인
177,123,64,ko,갈색,갈,갈,카라멜색,카라멜,카라멜
84,62,49,ko,갈색,갈,갈,고동색,고동,고동
195,76,216,ko,보라색,보라,보라,보라색,보라,보라
48,66,99,ko,남색,남,남,남색,남,남
68,212,154,ko,민트색,민트,민트,민트색,민트,민트
150,88,153,ko,보라색,보라,보라,보라색,보라,보라
208,45,250,ko,보라색,보라,보라,자주색,자주,자주
237,123,159,ko,분홍색,분홍,분홍,분홍색,분홍,분홍
207,165,20,ko,금색,금,금,황금색,황금,황금
177,107,89,ko,갈색,갈,갈,벽돌색,벽돌,벽돌
254,56,228,ko,분홍색,분홍,분홍,마젠타,마젠타,마젠타
62,55,33,ko,카키색,카키,카키,올리브색,올리브,올리브
233,124,154,ko,분홍색,분홍,분홍,분홍색,분홍,분홍
51,171,233,ko,하늘색,하늘,하늘,하늘색,하늘,하늘
156,83,63,ko,갈색,갈,갈,테라코타색,테라코타,테라코타
243,101,188,ko,분홍색,분홍,분홍,분홍색,분홍,분홍
27,210,238,ko,하늘색,하늘,하늘,하늘색,하늘,하늘
57,114,28,ko,초록색,초록,초록,짙은 초록색,짙은 초록,짙은초록
0,50,216,ko,파란색,파랑,파랑,파란색,파랑,파랑
168,5,127,ko,자주색,자주,자주,자주색,자주,자주
153,90,25,ko,갈색,갈,갈,벽돌색,벽돌,벽돌
154,246,146,ko,연두색,연두,연두,연두색,연두,연두
219,48,19,ko,주황색,주황,주황,빨간색,빨강,빨강
203,139,172,ko,분홍색,분홍,분홍,진달래색,진달래,진달래
234,102,226,ko,분홍색,분홍,분홍,자홍색,자홍,자홍
50,79,216,ko,파란색,파랑,파랑,파란색,파랑,파랑
250,113,6,ko,주황색,주황,주황,주황색,주황,주황
22,131,75,ko,초록색,초록,초록,초록색,초록,초록
7,39,95,ko,남색,남,남,남색,남,남
31,139,135,ko,청록색,청록,청록,청록색,청록,청록
178,208,48,ko,연두색,연두,연두,연두색,연두,연두
91,190,0,ko,연두색,연두,연두,연두색,연두,연두
56,48,118,ko,보라색,보라,보라,자주색,자주,자주
28,150,155,ko,청록색,청록,청록,청록색,청록,청록
157,116,19,ko,황토색,황토,황토,황토색,황토,황토
17,202,234,ko,하늘색,하늘,하늘,하늘색,하늘,하늘
100,195,252,ko,하늘색,하늘,하늘,하늘색,하늘,하늘
238,129,27,ko,주황색,주황,주황,주황색,주황,주황
8,227,85,ko,초록색,초록,초록,초록색,초록,초록
51,206,20,ko,초록색,초록,초록,초록,초록,초록
141,107,28,ko,갈색,갈,갈,황갈색,황갈,황갈
216,167,62,ko,황금색,황금,황금,겨자색,겨자,겨자
226,147,199,ko,분홍색,분홍,분홍,분홍,분홍,분홍
249,53,202,ko,분홍색,분홍,분홍,마젠타,마젠타,마젠타
33,239,3,ko,연두색,연두,연두,형광 초록,형광 초록,형광초록
211,246,110,ko,연두색,연두,연두,연두색,연두,연두
27,57,180,ko,파란색,파랑,파랑,파란색,파랑,파랑
30,65,18,ko,초록색,초록,초록,진초록색,진초록,진초록
53,157,171,ko,청록색,청록,청록,청록색,청록,청록
131,142,36,ko,올리브색,올리브,올리브,국방색,국방,국방
167,91,206,ko,보라색,보라,보라,보라색,보라,보라
40,143,27,ko,초록색,초록,초록,초록색,초록,초록
104,78,142,ko,보라색,보라,보라,보라색,보라,보라
168,129,136,ko,분홍색,분홍,분홍,말린 장미색,말린 장미,말린장미
105,248,141,ko,연두색,연두,연두,연두색,연두,연두
95,68,59,ko,갈색,갈,갈,갈색,갈,갈
220,167,211,ko,연분홍,연분홍,연분홍,연보라색,연보라,연보라
135,236,46,ko,연두색,연두,연두,연두색,연두,연두
187,49,125,ko,자홍색,자홍,자홍,자홍색,자홍,자홍
187,211,153,ko,연두색,연두,연두,연두색,연두,연두
111,27,3,ko,갈색,갈,갈,적갈색,적갈,적갈
169,165,161,ko,회색,회,회,회갈색,회갈,회갈
66,246,230,ko,청록색,청록,청록,청록색,청록,청록
76,75,250,ko,파랑,파랑,파랑,파란색,파랑,파랑
196,206,214,ko,회색,회,회,청회색,청회,청회
229,19,1,ko,빨간색,빨강,빨강,빨강,빨강,빨강
236,39,222,ko,자홍색,자홍,자홍,핫핑크,핫핑크,핫핑크
166,200,249,ko,하늘색,하늘,하늘,하늘색,하늘,하늘
21,8,28,ko,보라색,보라,보라,검은색,검정,검정
87,91,253,ko,파란색,파랑,파랑,청보라색,청보라,청보라
161,195,107,ko,연두색,연두,연두,연두색,연두,연두
169,73,180,ko,보라색,보라,보라,보라색,보라,보라
239,146,162,ko,분홍색,분홍,분홍,핑크,핑크,핑크
18,188,24,ko,초록색,초록,초록,초록색,초록,초록
139,67,140,ko,보라색,보라,보라,보라색,보라,보라
117,169,207,ko,하늘색,하늘,하늘,하늘색,하늘,하늘
60,125,133,ko,청록색,청록,청록,청록색,청록,청록
77,80,71,ko,회색,회,회,먹색,먹,먹
238,93,129,ko,분홍색,분홍,분홍,분홍색,분홍,분홍
139,163,235,ko,연하늘색,연하늘,연하늘,하늘색,하늘,하늘
91,89,3,ko,올리브색,올리브,올리브,올리브색,올리브,올리브
164,212,51,ko,연두색,연두,연두,연두색,연두,연두
220,29,26,ko,빨강,빨강,빨강,빨강,빨강,빨강
28,191,192,ko,청록색,청록,청록,터키색,터키,터키
32,207,140,ko,청록색,청록,청록,청록색,청록,청록
7,216,40,ko,초록색,초록,초록,라임색,라임,라임
196,52,61,ko,빨간색,빨강,빨강,빨간색,빨강,빨강
234,189,221,ko,연분홍,연분홍,연분홍,연보라색,연보라,연보라
115,72,104,ko,자주색,자주,자주,자주색,자주,자주
65,163,98,ko,초록색,초록,초록,초록색,초록,초록
104,39,48,ko,자주색,자주,자주,와인색,와인,와인
144,80,252,ko,보라색,보라,보라,보라색,보라,보라
187,194,155,ko,카키색,카키,카키,회녹색,회녹,회녹
111,159,33,ko,연두색,연두,연두,올리브색,올리브,올리브
48,226,95,ko,초록색,초록,초록,라임색,라임,라임
104,218,101,ko,연두색,연두,연두,연두색,연두,연두
89,91,166,ko,보라색,보라,보라,보라색,보라,보라
207,43,204,ko,자주색,자주,자주,자홍색,자홍,자홍
55,92,231,ko,파란색,파랑,파랑,파란색,파랑,파랑
95,37,24,ko,갈색,갈,갈,고동색,고동,고동
182,239,147,ko,연두색,연두,연두,연두색,연두,연두
132,94,91,ko,갈색,갈,갈,밤색,밤,밤
232,104,188,ko,분홍색,분홍,분홍,핑크색,핑크,핑크
74,11,7,ko,짙은 적갈색,짙은 적갈,짙은적갈,버건디,버건디,버건디
115,168,154,ko,청록색,청록,청록,청록색,청록,청록
113,21,112,ko,보라색,보라,보라,보라색,보라,보라
251,165,188,ko,분홍색,분홍,분홍,분홍색,분홍,분홍
242,64,0,ko,주황색,주황,주황,주황색,주황,주황
47,203,80,ko,초록색,초록,초록,초록색,초록,초록
25,78,220,ko,파란색,파랑,파랑,파란색,파랑,파랑
248,163,22,ko,주황색,주황,주황,주황색,주황,주황
120,132,111,ko,회녹색,회녹,회녹,올리브색,올리브,올리브
182,227,127,ko,연두색,연두,연두,연두색,연두,연두
139,171,137,ko,초록색,초록,초록,연두색,연두,연두
55,209,38,ko,초록색,초록,초록,연두색,연두,연두
121,141,107,ko,카키색,카키,카키,올리브색,올리브,올리브
23,168,175,ko,청록색,청록,청록,청록색,청록,청록
228,76,151,ko,분홍색,분홍,분홍,핫핑크,핫핑크,핫핑크
88,189,171,ko,청록색,청록,청록,청록색,청록,청록
135,227,51,ko,연두색,연두,연두,연두색,연두,연두
24,75,206,ko,파란색,파랑,파랑,파란색,파랑,파랑
20,145,251,ko,파란색,파랑,파랑,파란색,파랑,파랑
115,58,113,ko,보라색,보라,보라,가지색,가지,가지
49,176,26,ko,초록색,초록,초록,연두색,연두,연두
213,202,5,ko,노란색,노랑,노랑,노란색,노랑,노랑
8,52,155,ko,파란색,파랑,파랑,파란색,파랑,파랑
173,200,35,ko,연두색,연두,연두,연두색,연두,연두
239,156,178,ko,분홍색,분홍,분홍,분홍색,분홍,분홍
80,51,16,ko,갈색,갈,갈,갈색,갈,갈
196,85,130,ko,분홍색,분홍,분홍,자홍색,자홍,자홍
238,17,76,ko,분홍색,분홍,분홍,마젠타,마젠타,마젠타
88,60,194,ko,보라색,보라,보라,보라색,보라,보라
235,182,102,ko,연노랑,연노랑,연노랑,황토색,황토,황토
9,121,51,ko,초록색,초록,초록,초록,초록,초록
132,23,88,ko,자주색,자주,자주,자주색,자주,자주
239,49,42,ko,빨강,빨강,빨강,빨강,빨강,빨강
16,77,168,ko,파랑,파랑,파랑,파란색,파랑,파랑
14,24,235,ko,파란색,파랑,파랑,파란색,파랑,파랑
125,227,160,ko,연두색,연두,연두,연두색,연두,연두
32,39,182,ko,파란색,파랑,파랑,파란색,파랑,파랑
150,110,64,ko,갈색,갈,갈,갈색,갈,갈
230,54,203,ko,자홍색,자홍,자홍,자홍색,자홍,자홍
31,36,193,ko,파란색,파랑,파랑,파란색,파랑,파랑
54,27,250,ko,보라색,보라,보라,파란색,파랑,파랑
219,198,92,ko,노랑,노랑,노랑,겨자색,겨자,겨자
40,194,252,ko,하늘색,하늘,하늘,하늘색,하늘,하늘
143,144,96,ko,카키색,카키,카키,올리브색,올리브,올리브
234,80,192,ko,분홍색,분홍,분홍,자주색,자주,자주
85,23,155,ko,보라색,보라,보라,보라색,보라,보라
46,143,255,ko,파란색,파랑,파랑,파란색,파랑,파랑
46,19,181,ko,파랑,파랑,파랑,남색,남,남
178,76,247,ko,보라색,보라,보라,보라색,보라,보라
6,27,66,ko,남색,남,남,남색,남,남
211,176,34,ko,노란색,노랑,노랑,황금색,황금,황금
98,8,189,ko,보라색,보라,보라,보라색,보라,보라
67,118,12,ko,초록색,초록,초록,올리브색,올리브,올리브
221,149,169,ko,분홍색,분홍,분홍,분홍색,분홍,분홍
66,28,70,ko,보라색,보라,보라,진보라색,진보라,진보라
238,212,212,ko,연분홍,연분홍,연분홍,연분홍색,연분홍,연분홍
80,58,46,ko,갈색,갈,갈,갈색,갈,갈
225,247,95,ko,연두색,연두,연두,연두색,연두,연두
152,187,2,ko,연두색,연두,연두,연두색,연두,연두
140,85,7,ko,갈색,갈,갈,갈색,갈,갈
185,220,83,ko,연두색,연두,연두,연두색,연두,연두
61,94,213,ko,파란색,파랑,파랑,코발트블루,코발트블루,코발트블루
243,212,30,ko,노란색,노랑,노랑,노란색,노랑,노랑
227,39,230,ko,자홍색,자홍,자홍,마젠타,마젠타,마젠타
95,171,56,ko,초록색,초록,초록,연두색,연두,연두
183,128,111,ko,분홍빛 갈색,분홍빛 갈,분홍빛갈,벽돌색,벽돌,벽돌
148,23,100,ko,자주색,자주,자주,자주색,자주,자주
253,249,214,ko,연노랑,연노랑,연노랑,미색,미,미
36,164,4,ko,초록색,초록,초록,초록색,초록,초록
213,231,40,ko,연두색,연두,연두,연두색,연두,연두
72,106,113,ko,청록색,청록,청록,짙은 청록색,짙은 청록,짙은청록
182,165,91,ko,카키색,카키,카키,겨자색,겨자,겨자
142,49,147,ko,보라색,보라,보라,보라색,보라,보라
3,7,85,ko,남색,남,남,네이비색,네이비,네이비
70,112,167,ko,파란색,파랑,파랑,파란색,파랑,파랑
249,194,82,ko,주황색,주황,주황,주황색,주황,주황
201,88,219,ko,보라색,보라,보라,보라색,보라,보라
3,236,127,ko,청록색,청록,청록,초록색,초록,초록
172,120,24,ko,갈색,갈,갈,황토색,황토,황토
126,158,252,ko,파란색,파랑,파랑,청보라색,청보라,청보라
41,230,58,ko,초록색,초록,초록,연두색,연두,연두
152,243,232,ko,민트색,민트,민트,민트색,민트,민트
62,109,79,ko,초록색,초록,초록,짙은 초록,짙은 초록,짙은초록
56,210,0,ko,초록색,초록,초록,초록색,초록,초록
105,193,57,ko,초록색,초록,초록,연두색,연두,연두
193,242,106,ko,연두색,연두,연두,연두색,연두,연두
176,112,8,ko,주황색,주황,주황,브론즈색,브론즈,브론즈
64,48,230,ko,보라색,보라,보라,청보라색,청보라,청보라
164,235,253,ko,하늘색,하늘,하늘,하늘색,하늘,하늘
43,142,245,ko,파란색,파랑,파랑,파란색,파랑,파랑
182,48,82,ko,자주색,자주,자주,자홍색,자홍,자홍
66,195,27,ko,초록색,초록,초록,연두색,연두,연두
160,67,143,ko,보라색,보라,보라,자주색,자주,자주
110,201,156,ko,연두색,연두,연두,민트색,민트,민트
93,82,251,ko,보라색,보라,보라,청보라색,청보라,청보라
40,188,167,ko,청록색,청록,청록,청록색,청록,청록
2,176,114,ko,초록색,초록,초록,초록색,초록,초록
244,33,110,ko,분홍색,분홍,분홍,핫핑크,핫핑크,핫핑크
114,18,44,ko,자주색,자주,자주,버건디색,버건디,버건디
158,34,222,ko,보라색,보라,보라,보라색,보라,보라
167,163,144,ko,카키색,카키,카키,카키색,카키,카키
88,130,125,ko,청록색,청록,청록,청록색,청록,청록
169,112,253,ko,보라색,보라,보라,보라색,보라,보라
225,148,178,ko,분홍색,분홍,분홍,분홍색,분홍,분홍
196,11,167,ko,마젠타,마젠타,마젠타,마젠타,마젠타,마젠타
211,147,236,ko,연보라색,연보라,연보라,연보라색,연보라,연보라
123,43,93,ko,자주색,자주,자주,자주색,자주,자주
6,170,161,ko,청록색,청록,청록,청록색,청록,청록
15,97,200,ko,파랑,파랑,파랑,파란색,파랑,파랑
179,120,87,ko,갈색,갈,갈,황토색,황토,황토
179,42,252,ko,보라색,보라,보라,보라색,보라,보라
98,221,200,ko,민트색,민트,민트,청록색,청록,청록
58,86,8,ko,올리브색,올리브,올리브,국방색,국방,국방
160,105,254,ko,보라색,보라,보라,보라색,보라,보라
74,254,60,ko,초록색,초록,초록,라임색,라임,라임
35,13,150,ko,보라색,보라,보라,군청색,군청,군청
27,106,252,ko,파란색,파랑,파랑,파랑,파랑,파랑
191,111,81,ko,주황색,주황,주황,테라코타,테라코타,테라코타
82,26,194,ko,보라색,보라,보라,보라색,보라,보라
70,193,230,ko,하늘색,하늘,하늘,파란색,파랑,파랑
34,196,36,ko,초록색,초록,초록,초록색,초록,초록
228,202,135,ko,베이지,베이지,베이지,황토색,황토,황토
115,229,133,ko,연두색,연두,연두,연두색,연두,연두
95,175,1,ko,연두색,연두,연두,연두색,연두,연두
201,47,169,ko,자주색,자주,자주,자홍색,자홍,자홍
195,229,87,ko,연두색,연두,연두,연두색,연두,연두
252,165,82,ko,주황색,주황,주황,주황색,주황,주황
97,101,166,ko,보라색,보라,보라,보라색,보라,보라
82,44,116,ko,보라색,보라,보라,보라색,보라,보라
113,45,140,ko,보라색,보라,보라,보라색,보라,보라
148,157,164,ko,회색,회,회,회청색,회청,회청
111,160,136,ko,연두색,연두,연두,청록색,청록,청록
183,214,86,ko,연두색,연두,연두,연두색,연두,연두
161,87,253,ko,보라색,보라,보라,보라색,보라,보라
94,207,126,ko,연두색,연두,연두,초록색,초록,초록
85,15,103,ko,보라색,보라,보라,보라색,보라,보라
204,86,9,ko,주황색,주황,주황,테라코타색,테라코타,테라코타
170,216,235,ko,하늘색,하늘,하늘,하늘색,하늘,하늘
152,255,167,ko,연두색,연두,연두,연두색,연두,연두
158,165,86,ko,올리브색,올리브,올리브,올리브색,올리브,올리브
126,71,21,ko,갈색,갈,갈,밤색,밤,밤
130,31,160,ko,보라색,보라,보라,보라색,보라,보라
71,96,99,ko,회색,회,회,청록색,청록,청록
33,131,117,ko,청록색,청록,청록,청록색,청록,청록
231,239,30,ko,노란색,노랑,노랑,레몬색,레몬,레몬
117,86,141,ko,보라색,보라,보라,보라색,보라,보라
195,35,197,ko,자주색,자주,자주,자홍색,자홍,자홍
99,32,65,ko,자주색,자주,자주,자주색,자주,자주
206,201,226,ko,라벤더,라벤더,라벤더,연보라색,연보라,연보라
198,129,238,ko,보라색,보라,보라,연보라색,연보라,연보라
253,70,138,ko,분홍색,분홍,분홍,핫핑크,핫핑크,핫핑크
238,210,253,ko,연보라,연보라,연보라,연보라색,연보라,연보라
15,201,32,ko,초록색,초록,초록,초록색,초록,초록
202,37,106,ko,분홍색,분홍,분홍,핫핑크,핫핑크,핫핑크
167,34,184,ko,보라색,보라,보라,보라색,보라,보라
83,203,163,ko,민트색,민트,민트,민트색,민트,민트
219,165,36,ko,노란색,노랑,노랑,황금색,황금,황금
40,51,201,ko,파란색,파랑,파랑,군청색,군청,군청
146,25,117,ko,자주색,자주,자주,자주색,자주,자주
174,153,2,ko,올리브색,올리브,올리브,올리브색,올리브,올리브
29,151,113,ko,초록색,초록,초록,청록색,청록,청록
19,86,144,ko,파랑,파랑,파랑,파란색,파랑,파랑
50,28,169,ko,보라색,보라,보라,남색,남,남
80,229,175,ko,민트색,민트,민트,민트색,민트,민트
108,178,45,ko,연두색,연두,연두,연두색,연두,연두
28,104,133,ko,청록색,청록,청록,청록색,청록,청록
202,146,161,ko,분홍색,분홍,분홍,말린 장미색,말린 장미,말린장미
97,100,158,ko,보라색,보라,보라,남보라색,남보라,남보라
83,165,253,ko,파란색,파랑,파랑,파란색,파랑,파랑
107,167,169,ko,청록색,청록,청록,청록색,청록,청록
158,229,188,ko,연두색,연두,연두,민트색,민트,민트
166,108,87,ko,갈색,갈,갈,벽돌색,벽돌,벽돌
166,165,47,ko,올리브색,올리브,올리브,올리브색,올리브,올리브
47,76,254,ko,파란색,파랑,파랑,파란색,파랑,파랑
181,232,222,ko,민트색,민트,민트,민트색,민트,민트
8,113,28,ko,초록색,초록,초록,초록색,초록,초록
59,245,26,ko,연두색,연두,연두,라임색,라임,라임
30,249,38,ko,초록색,초록,초록,라임색,라임,라임
29,17,67,ko,보라색,보라,보라,남색,남,남
120,168,9,ko,연두색,연두,연두,연두색,연두,연두
50,114,175,ko,파란색,파랑,파랑,파랑색,파랑,파랑
248,237,60,ko,노란색,노랑,노랑,노란색,노랑,노랑
172,46,214,ko,보라색,보라,보라,보라색,보라,보라
154,240,43,ko,연두색,연두,연두,라임색,라임,라임
114,188,238,ko,하늘색,하늘,하늘,하늘색,하늘,하늘
126,47,174,ko,보라색,보라,보라,보라색,보라,보라
73,181,29,ko,초록색,초록,초록,풀색,풀,풀
216,144,110,ko,살구색,살구,살구,테라코타색,테라코타,테라코타
47,18,251,ko,파란색,파랑,파랑,파란색,파랑,파랑
185,178,170,ko,회색,회,회,그레이지,그레이지,그레이지
213,37,237,ko,보라색,보라,보라,자홍색,자홍,자홍
234,176,92,ko,주황색,주황,주황,황토색,황토,황토
254,220,101,ko,노란색,노랑,노랑,연노란색,연노랑,연노랑
60,247,206,ko,청록색,청록,청록,민트색,민트,민트
228,39,217,ko,자홍색,자홍,자홍,마젠타,마젠타,마젠타
107,186,205,ko,하늘색,하늘,하늘,하늘색,하늘,하늘
253,234,239,ko,연한 분홍색,연 분홍,연분홍,연분홍색,연분홍,연분홍
149,250,151,ko,연두색,연두,연두,민트색,민트,민트
170,9,230,ko,보라색,보라,보라,보라색,보라,보라
181,129,110,ko,분홍색,분홍,분홍,말린 장미색,말린 장미,말린장미
139,182,64,ko,연두색,연두,연두,연두색,연두,연두
231,228,64,ko,노란색,노랑,노랑,노란색,노랑,노랑
154,193,51,ko,연두색,연두,연두,연두색,연두,연두
102,27,120,ko,보라색,보라,보라,보라색,보라,보라
119,23,91,ko,자주색,자주,자주,자주색,자주,자주
212,103,236,ko,보라색,보라,보라,자주색,자주,자주
102,214,79,ko,연두색,연두,연두,연두색,연두,연두
154,0,45,ko,진홍색,진홍,진홍,심홍색,심홍,심홍
33,255,250,ko,청록색,청록,청록,청록색,청록,청록
132,189,130,ko,연두색,연두,연두,초록색,초록,초록
254,116,42,ko,주황색,주황,주황,주황색,주황,주황
129,106,156,ko,보라색,보라,보라,보라색,보라,보라
143,53,86,ko,자주색,자주,자주,자주색,자주,자주
96,124,223,ko,파란색,파랑,파랑,파란색,파랑,파랑
130,128,108,ko,회색,회,회,카키색,카키,카키
59,130,57,ko,초록색,초록,초록,숲색,숲,숲
52,36,28,ko,갈색,갈,갈,고동색,고동,고동
45,40,77,ko,남색,남,남,자색,자,자
75,164,68,ko,초록색,초록,초록,초록색,초록,초록
78,254,13,ko,연두색,연두,연두,연두색,연두,연두
203,216,160,ko,연두색,연두,연두,연두색,연두,연두
186,31,108,ko,자주색,자주,자주,자홍색,자홍,자홍
206,165,88,ko,황토색,황토,황토,겨자색,겨자,겨자
213,142,64,ko,주황색,주황,주황,황토색,황토,황토
114,172,9,ko,연두색,연두,연두,연두색,연두,연두
158,220,249,ko,하늘색,하늘,하늘,하늘색,하늘,하늘
182,70,219,ko,보라색,보라,보라,보라색,보라,보라
151,252,84,ko,연두색,연두,연두,연두색,연두,연두
87,215,166,ko,민트색,민트,민트,민트색,민트,민트
174,168,222,ko,연보라,연보라,연보라,연보라색,연보라,연보라
1,163,220,ko,파랑,파랑,파랑,파란색,파랑,파랑
47,0,251,ko,파란색,파랑,파랑,파란색,파랑,파랑
110,79,150,ko,보라색,보라,보라,보라색,보라,보라
56,214,223,ko,청록색,청록,청록,터키색,터키,터키
184,168,128,ko,카키색,카키,카키,황갈색,황갈,황갈
88,119,103,ko,회녹색,회녹,회녹,회청록색,회청록,회청록
155,114,146,ko,보라색,보라,보라,자주색,자주,자주
218,143,117,ko,살구색,살구,살구,살구색,살구,살구
91,95,23,ko,올리브색,올리브,올리브,올리브색,올리브,올리브
29,252,41,ko,연두색,연두,연두,초록색,초록,초록
77,188,100,ko,초록색,초록,초록,초록,초록,초록
239,185,212,ko,분홍색,분홍,분홍,분홍색,분홍,분홍
126,66,156,ko,보라색,보라,보라,보라색,보라,보라
20,251,36,ko,연두색,연두,연두,초록색,초록,초록
108,93,206,ko,보라색,보라,보라,보라색,보라,보라
26,100,53,ko,초록색,초록,초록,짙은 초록,짙은 초록,짙은초록
94,238,189,ko,민트색,민트,민트,민트색,민트,민트
88,41,40,ko,갈색,갈,갈,자주색,자주,자주
122,74,23,ko,갈색,갈,갈,밤색,밤,밤
201,124,224,ko,보라색,보라,보라,보라색,보라,보라
228,117,101,ko,주황색,주황,주황,산호색,산호,산호
46,200,225,ko,청록색,청록,청록,하늘색,하늘,하늘
228,212,93,ko,노란색,노랑,노랑,겨자색,겨자,겨자
151,207,25,ko,연두색,연두,연두,라임색,라임,라임
123,5,135,ko,보라색,보라,보라,보라색,보라,보라
136,137,89,ko,카키색,카키,카키,올리브색,올리브,올리브
254,106,77,ko,코랄색,코랄,코랄,다홍색,다홍,다홍
222,189,141,ko,베이지,베이지,베이지,베이지색,베이지,베이지
4,99,238,ko,파란색,파랑,파랑,파란색,파랑,파랑
145,205,73,ko,연두색,연두,연두,연두색,연두,연두
160,155,125,ko,카키색,카키,카키,쑥색,쑥,쑥
242,12,114,ko,분홍색,분홍,분홍,진분홍,진분홍,진분홍
195,196,54,ko,노란색,노랑,노랑,연두색,연두,연두
96,11,138,ko,보라색,보라,보라,보라색,보라,보라
62,41,130,ko,보라색,보라,보라,남보라색,남보라,남보라
80,0,55,ko,보라색,보라,보라,자주색,자주,자주
111,13,34,ko,자주색,자주,자주,버건디색,버건디,버건디
168,5,61,ko,자홍색,자홍,자홍,자주색,자주,자주
7,232,22,ko,연두색,연두,연두,초록색,초록,초록
154,246,224,ko,민트색,민트,민트,민트색,민트,민트
223,151,249,ko,연보라,연보라,연보라,연보라색,연보라,연보라
147,14,204,ko,보라색,보라,보라,보라색,보라,보라
82,93,150,ko,남색,남,남,청보라색,청보라,청보라
38,241,156,ko,민트색,민트,민트,민트색,민트,민트
10,86,180,ko,파란색,파랑,파랑,파란색,파랑,파랑
255,151,210,ko,분홍색,분홍,분홍,핑크색,핑크,핑크
243,237,251,ko,연보라,연보라,연보라,연보라,연보라,연보라
30,29,7,ko,검은색,검정,검정,국방색,국방,국방
154,150,240,ko,연보라색,연보라,연보라,라벤더,라벤더,라벤더
211,228,224,ko,민트색,민트,민트,민트색,민트,민트
188,1,2,ko,빨강,빨강,빨강,빨강,빨강,빨강
185,165,18,ko,노란색,노랑,노랑,황록색,황록,황록
214,195,239,ko,연보라,연보라,연보라,라벤더색,라벤더,라벤더
147,97,87,ko,갈색,갈,갈,팥색,팥,팥
184,226,192,ko,연두색,연두,연두,연두색,연두,연두
100,247,148,ko,연두색,연두,연두,민트색,민트,민트
86,186,223,ko,하늘색,하늘,하늘,하늘색,하늘,하늘
252,151,255,ko,분홍색,분홍,분홍,핑크,핑크,핑크
158,197,59,ko,연두색,연두,연두,연두색,연두,연두
163,168,37,ko,올리브색,올리브,올리브,올리브색,올리브,올리브
130,73,107,ko,보라색,보라,보라,자주색,자주,자주
32,68,245,ko,파랑,파랑,파랑,일렉트릭 블루,일렉트릭 블루,일렉트릭블루
133,138,19,ko,올리브색,올리브,올리브,올리브색,올리브,올리브
237,64,0,ko,주황색,주황,주황,주황색,주황,주황
122,155,125,ko,초록색,초록,초록,쑥색,쑥,쑥
230,78,156,ko,분홍색,분홍,분홍,핫핑크색,핫핑크,핫핑크
195,182,65,ko,노란색,노랑,노랑,올리브색,올리브,올리브
237,37,172,ko,분홍색,분홍,분홍,핫핑크,핫핑크,핫핑크
155,224,183,ko,연두색,연두,연두,연두색,연두,연두
207,163,23,ko,노란색,노랑,노랑,겨자색,겨자,겨자
129,114,165,ko,보라색,보라,보라,보라색,보라,보라
180,71,142,ko,자주색,자주,자주,자홍색,자홍,자홍
178,2,242,ko,보라색,보라,보라,보라색,보라,보라
108,3,18,ko,버건디,버건디,버건디,버건디,버건디,버건디
32,224,218,ko,청록색,청록,청록,청록색,청록,청록
176,66,134,ko,보라색,보라,보라,자주색,자주,자주
91,12,4,ko,적갈색,적갈,적갈,고동색,고동,고동
83,239,54,ko,연두색,연두,연두,라임색,라임,라임
126,7,132,ko,보라색,보라,보라,보라색,보라,보라
43,124,79,ko,초록색,초록,초록,짙은 녹색,짙은 녹,짙은녹
98,84,29,ko,올리브색,올리브,올리브,올리브색,올리브,올리브
184,102,221,ko,보라색,보라,보라,보라색,보라,보라
0,217,84,ko,초록색,초록,초록,초록색,초록,초록
167,84,44,ko,갈색,갈,갈,황토색,황토,황토
207,232,234,ko,연한 하늘색,연 하늘,연하늘,연하늘색,연하늘,연하늘
221,55,132,ko,분홍색,분홍,분홍,핫핑크,핫핑크,핫핑크
227,147,43,ko,주황색,주황,주황,주황색,주황,주황
243,81,203,ko,분홍색,분홍,분홍,분홍색,분홍,분홍
4,252,227,ko,청록색,청록,청록,청록색,청록,청록
124,196,179,ko,민트색,민트,민트,민트색,민트,민트
17,88,23,ko,초록색,초록,초록,짙은 녹색,짙은 녹,짙은녹
89,180,30,ko,초록색,초록,초록,연두색,연두,연두
126,206,91,ko,연두색,연두,연두,연두색,연두,연두
234,124,171,ko,분홍색,분홍,분홍,분홍색,분홍,분홍
13,90,104,ko,청록색,청록,청록,청록색,청록,청록
84,144,143,ko,청록색,청록,청록,청록색,청록,청록
65,203,140,ko,민트색,민트,민트,초록색,초록,초록
5,29,39,ko,청록색,청록,청록,짙은 남색,짙은 남,짙은남
40,251,150,ko,민트색,민트,민트,에메랄드색,에메랄드,에메랄드
208,223,210,ko,연한 회색빛 초록색,연 회색빛 초록,연회색빛초록,민트색,민트,민트
213,37,236,ko,자홍색,자홍,자홍,자주색,자주,자주
79,24,219,ko,보라색,보라,보라,남보라색,남보라,남보라
207,78,62,ko,주황색,주황,주황,벽돌색,벽돌,벽돌
194,66,124,ko,자홍색,자홍,자홍,마젠타,마젠타,마젠타
116,31,162,ko,보라색,보라,보라,보라색,보라,보라
11,146,118,ko,청록색,청록,청록,청록색,청록,청록
161,241,178,ko,연두색,연두,연두,연두색,연두,연두
80,161,120,ko,연두색,연두,연두,비취색,비취,비취
122,138,109,ko,올리브색,올리브,올리브,올리브색,올리브,올리브
210,142,1,ko,주황색,주황,주황,황금색,황금,황금
67,186,154,ko,민트색,민트,민트,청록색,청록,청록
115,154,136,ko,청록색,청록,청록,청록색,청록,청록
171,86,219,ko,보라색,보라,보라,보라색,보라,보라
4,244,214,ko,청록색,청록,청록,청록색,청록,청록
50,229,116,ko,연두색,연두,연두,초록색,초록,초록
147,124,118,ko,회갈색,회갈,회갈,토프색,토프,토프
109,28,233,ko,보라색,보라,보라,보라색,보라,보라
229,144,197,ko,분홍색,분홍,분홍,핑크,핑크,핑크
234,108,181,ko,분홍색,분홍,분홍,분홍색,분홍,분홍
6,154,155,ko,청록색,청록,청록,청록색,청록,청록
238,61,111,ko,분홍색,분홍,분홍,핫핑크,핫핑크,핫핑크
235,141,213,ko,분홍색,분홍,분홍,핑크,핑크,핑크
16,197,165,ko,민트색,민트,민트,청록색,청록,청록
47,236,223,ko,청록색,청록,청록,청록색,청록,청록
2,144,44,ko,초록색,초록,초록,초록색,초록,초록
209,51,53,ko,빨강,빨강,빨강,빨강,빨강,빨강
82,191,183,ko,청록색,청록,청록,청록색,청록,청록
13,199,210,ko,청록색,청록,청록,청록색,청록,청록
212,208,27,ko,노란색,노랑,노랑,연두색,연두,연두
13,131,169,ko,청록색,청록,청록,청록색,청록,청록
146,23,168,ko,보라색,보라,보라,보라색,보라,보라
52,142,233,ko,파란색,파랑,파랑,파란색,파랑,파랑
85,114,60,ko,올리브색,올리브,올리브,국방색,국방,국방
184,198,28,ko,황록색,황록,황록,연두색,연두,연두
118,146,101,ko,올리브그린,올리브그린,올리브그린,쑥색,쑥,쑥
130,114,255,ko,보라색,보라,보라,보라색,보라,보라
173,169,138,ko,카키색,카키,카키,카키,카키,카키
229,164,188,ko,분홍색,분홍,분홍,핑크,핑크,핑크
241,44,129,ko,분홍색,분홍,분홍,핫핑크,핫핑크,핫핑크
157,217,33,ko,연두색,연두,연두,연두색,연두,연두
11,150,11,ko,초록색,초록,초록,초록색,초록,초록
137,103,223,ko,보라색,보라,보라,보라색,보라,보라
93,86,106,ko,회색,회,회,회보라색,회보라,회보라
157,54,121,ko,자주색,자주,자주,자주색,자주,자주
3,147,20,ko,초록색,초록,초록,초록색,초록,초록
242,215,219,ko,연분홍,연분홍,연분홍,연한 분홍색,연 분홍,연분홍
80,232,50,ko,연두색,연두,연두,연두색,연두,연두
226,55,1,ko,주황색,주황,주황,주황색,주황,주황
15,4,194,ko,파랑,파랑,파랑,파란색,파랑,파랑
176,107,78,ko,갈색,갈,갈,벽돌색,벽돌,벽돌
252,22,116,ko,분홍색,분홍,분홍,핫핑크,핫핑크,핫핑크
175,189,162,ko,연두색,연두,연두,쑥색,쑥,쑥
94,105,25,ko,올리브색,올리브,올리브,올리브색,올리브,올리브
3,170,237,ko,하늘색,하늘,하늘,하늘색,하늘,하늘
101,190,85,ko,연두색,연두,연두,연두색,연두,연두
3,194,221,ko,하늘색,하늘,하늘,청록색,청록,청록
16,66,6,ko,초록색,초록,초록,짙은 녹색,짙은 녹,짙은녹
26,59,149,ko,파란색,파랑,파랑,짙은 파란색,짙은 파랑,짙은파랑
50,1,233,ko,보라색,보라,보라,파란색,파랑,파랑
184,18,92,ko,자홍색,자홍,자홍,자홍색,자홍,자홍
137,215,175,ko,연두색,연두,연두,민트색,민트,민트
95,75,76,ko,갈색,갈,갈,말린 장미색,말린 장미,말린장미
136,95,52,ko,갈색,갈,갈,갈색,갈,갈
66,89,157,ko,파랑,파랑,파랑,로얄블루,로얄블루,로얄블루
185,186,18,ko,노란색,노랑,노랑,연두색,연두,연두
179,220,139,ko,연두색,연두,연두,연두색,연두,연두
16,215,75,ko,초록색,초록,초록,초록색,초록,초록
1,253,53,ko,연두색,연두,연두,초록색,초록,초록
87,243,190,ko,민트색,민트,민트,민트색,민트,민트
223,16,116,ko,분홍색,분홍,분홍,마젠타색,마젠타,마젠타
184,109,191,ko,보라색,보라,보라,보라색,보라,보라
231,150,161,ko,분홍색,분홍,분홍,분홍색,분홍,분홍
218,163,199,ko,연분홍,연분홍,연분홍,분홍,분홍,분홍
9,7,206,ko,파란색,파랑,파랑,파란색,파랑,파랑
89,22,40,ko,자주색,자주,자주,버건디색,버건디,버건디
120,225,3,ko,연두색,연두,연두,연두색,연두,연두
189,45,110,ko,자홍색,자홍,자홍,자홍색,자홍,자홍
31,201,231,ko,청록색,청록,청록,파란색,파랑,파랑
20,95,211,ko,파란색,파랑,파랑,파란색,파랑,파랑
58,198,35,ko,초록색,초록,초록,초록색,초록,초록
210,169,34,ko,노란색,노랑,노랑,겨자색,겨자,겨자
192,215,41,ko,연두색,연두,연두,연두색,연두,연두
0,204,75,ko,초록색,초록,초록,초록색,초록,초록
157,203,96,ko,연두색,연두,연두,연두색,연두,연두
149,51,52,ko,갈색,갈,갈,와인색,와인,와인
221,174,235,ko,연보라,연보라,연보라,연보라색,연보라,연보라
220,231,137,ko,연두색,연두,연두,연두색,연두,연두
146,107,191,ko,보라색,보라,보라,보라색,보라,보라
43,158,18,ko,초록색,초록,초록,초록색,초록,초록
97,185,185,ko,청록색,청록,청록,청록색,청록,청록
147,213,210,ko,민트색,민트,민트,아쿠아색,아쿠아,아쿠아
116,34,126,ko,보라색,보라,보라,포도색,포도,포도
250,227,218,ko,연분홍,연분홍,연분홍,살구색,살구,살구
124,17,24,ko,적갈색,적갈,적갈,와인색,와인,와인
26,212,7,ko,초록색,초록,초록,초록색,초록,초록
30,62,120,ko,파란색,파랑,파랑,남색,남,남
147,98,134,ko,보라색,보라,보라,탁한 보라색,탁한 보라,탁한보라
244,146,164,ko,분홍색,분홍,분홍,분홍색,분홍,분홍
3,212,255,ko,하늘색,하늘,하늘,청록색,청록,청록
217,116,187,ko,분홍색,분홍,분홍,분홍색,분홍,분홍
73,43,14,ko,갈색,갈,갈,갈색,갈,갈
104,57,3,ko,갈색,갈,갈,고동색,고동,고동
95,17,152,ko,보라색,보라,보라,보라색,보라,보라
79,95,86,ko,회색,회,회,국방색,국방,국방
164,67,70,ko,적갈색,적갈,적갈,벽돌색,벽돌,벽돌
43,171,134,ko,청록색,청록,청록,청록색,청록,청록
43,227,212,ko,민트색,민트,민트,청록색,청록,청록
152,155,141,ko,회색,회,회,카키색,카키,카키
58,30,150,ko,보라색,보라,보라,보라색,보라,보라
169,124,17,ko,황토색,황토,황토,황금색,황금,황금
20,78,179,ko,파랑,파랑,파랑,파란색,파랑,파랑
188,75,192,ko,보라색,보라,보라,보라색,보라,보라
47,231,104,ko,연두색,연두,연두,초록,초록,초록
85,103,105,ko,회청색,회청,회청,짙은 청록색,짙은 청록,짙은청록
1,20,118,ko,파란색,파랑,파랑,남색,남,남
192,89,5,ko,주황색,주황,주황,짙은 주황색,짙은 주황,짙은주황
203,75,117,ko,분홍색,분홍,분홍,진분홍,진분홍,진분홍
38,205,250,ko,하늘색,하늘,하늘,하늘색,하늘,하늘
178,141,197,ko,보라색,보라,보라,보라색,보라,보라
169,28,220,ko,보라색,보라,보라,보라색,보라,보라
119,36,243,ko,보라색,보라,보라,보라색,보라,보라
115,105,127,ko,회색,회,회,회보라색,회보라,회보라
165,107,135,ko,분홍색,분홍,분홍,모브색,모브,모브
201,198,217,ko,연보라색,연보라,연보라,연보라,연보라,연보라
209,114,253,ko,보라색,보라,보라,밝은 보라색,밝은 보라,밝은보라
220,152,225,ko,연보라,연보라,연보라,연보라색,연보라,연보라
250,189,148,ko,살구색,살구,살구,복숭아색,복숭아,복숭아
119,132,203,ko,퍼플,퍼플,퍼플,청보라색,청보라,청보라
118,164,255,ko,파란색,파랑,파랑,하늘색,하늘,하늘
121,194,179,ko,청록색,청록,청록,민트색,민트,민트
165,43,195,ko,보라색,보라,보라,보라색,보라,보라
22,66,179,ko,파란색,파랑,파랑,로얄블루,로얄블루,로얄블루
82,98,178,ko,푸른색,푸른,푸른,파란색,파랑,파랑
50,108,141,ko,파란색,파랑,파랑,청록색,청록,청록
100,255,47,ko,연두색,연두,연두,연두색,연두,연두
86,192,188,ko,청록색,청록,청록,청록색,청록,청록
78,5,35,ko,자주색,자주,자주,버건디,버건디,버건디
179,208,191,ko,연두색,연두,연두,민트색,민트,민트
90,18,143,ko,보라색,보라,보라,보라색,보라,보라
122,123,36,ko,올리브색,올리브,올리브,올리브 그린,올리브 그린,올리브그린
145,222,46,ko,연두색,연두,연두,연두색,연두,연두
179,175,255,ko,연보라,연보라,연보라,라벤더색,라벤더,라벤더
47,116,147,ko,청록색,청록,청록,어두운 청록색,어두운 청록,어두운청록
43,169,135,ko,청록색,청록,청록,청록색,청록,청록
23,7,126,ko,남색,남,남,남색,남,남
24,68,113,ko,파랑,파랑,파랑,남색,남,남
6,224,35,ko,연두색,연두,연두,초록색,초록,초록
186,226,152,ko,연두색,연두,연두,연두색,연두,연두
188,138,253,ko,보라색,보라,보라,연보라색,연보라,연보라
79,2,217,ko,보라색,보라,보라,보라색,보라,보라
63,20,202,ko,보라색,보라,보라,보라색,보라,보라
112,214,179,ko,민트색,민트,민트,민트색,민트,민트
23,180,187,ko,청록색,청록,청록,청록색,청록,청록
70,246,153,ko,민트초록,민트초록,민트초록,민트색,민트,민트
241,165,33,ko,주황색,주황,주황,주황색,주황,주황
189,98,8,ko,주황색,주황,주황,고동색,고동,고동
228,33,48,ko,빨강,빨강,빨강,빨간색,빨강,빨강
121,111,55,ko,카키색,카키,카키,올리브색,올리브,올리브
76,133,52,ko,초록색,초록,초록,짙은 초록색,짙은 초록,짙은초록
73,234,190,ko,민트색,민트,민트,터콰이즈색,터콰이즈,터콰이즈
224,91,178,ko,분홍색,분홍,분홍,핫핑크색,핫핑크,핫핑크
120,164,167,ko,청록색,청록,청록,청록색,청록,청록
178,217,188,ko,연두색,연두,연두,민트색,민트,민트
29,40,236,ko,파란색,파랑,파랑,파란색,파랑,파랑
194,72,18,ko,주황색,주황,주황,벽돌색,벽돌,벽돌
231,144,219,ko,연분홍,연분홍,연분홍,분홍색,분홍,분홍
117,205,61,ko,연두색,연두,연두,연두색,연두,연두
23,149,76,ko,초록색,초록,초록,초록색,초록,초록
193,99,0,ko,주황색,주황,주황,짙은 주황색,짙은 주황,짙은주황
182,116,249,ko,보라색,보라,보라,보라색,보라,보라
46,231,31,ko,초록색,초록,초록,라임색,라임,라임
26,226,249,ko,청록색,청록,청록,아쿠아색,아쿠아,아쿠아
122,2,168,ko,보라색,보라,보라,보라색,보라,보라
10,199,74,ko,초록색,초록,초록,초록,초록,초록
63,195,73,ko,초록색,초록,초록,초록색,초록,초록
192,123,28,ko,주황색,주황,주황,호박색,호박,호박
77,251,113,ko,연두색,연두,연두,밝은 초록색,밝은 초록,밝은초록
59,181,64,ko,초록색,초록,초록,초록색,초록,초록
145,127,36,ko,올리브색,올리브,올리브,올리브색,올리브,올리브
150,118,195,ko,보라색,보라,보라,보라색,보라,보라
210,159,16,ko,황금색,황금,황금,황금색,황금,황금
13,144,251,ko,파란색,파랑,파랑,파란색,파랑,파랑
208,193,165,ko,베이지,베이지,베이지,베이지,베이지,베이지
220,235,97,ko,연두색,연두,연두,연두색,연두,연두
90,11,114,ko,보라색,보라,보라,보라색,보라,보라
88,212,64,ko,연두색,연두,연두,라임색,라임,라임
229,155,129,ko,살구색,살구,살구,살구색,살구,살구
114,226,181,ko,민트색,민트,민트,민트색,민트,민트
240,213,153,ko,베이지,베이지,베이지,미색,미,미
9,58,53,ko,청록색,청록,청록,청록색,청록,청록
21,177,244,ko,파란색,파랑,파랑,파란색,파랑,파랑
95,188,254,ko,하늘색,하늘,하늘,하늘색,하늘,하늘
90,79,140,ko,보라색,보라,보라,보라색,보라,보라
29,255,233,ko,청록색,청록,청록,청록색,청록,청록
221,88,11,ko,주황색,주황,주황,주황색,주황,주황
145,169,199,ko,연한 파란색,연 파랑,연파랑,회청색,회청,회청
88,130,223,ko,파란색,파랑,파랑,로열블루,로열블루,로열블루
162,194,226,ko,하늘색,하늘,하늘,하늘색,하늘,하늘
126,111,94,ko,회갈색,회갈,회갈,회갈색,회갈,회갈
171,83,141,ko,자주색,자주,자주,자주색,자주,자주
62,220,232,ko,청록색,청록,청록,청록색,청록,청록
162,155,167,ko,회색,회,회,라벤더색,라벤더,라벤더
141,208,48,ko,연두색,연두,연두,연두색,연두,연두
19,172,164,ko,청록색,청록,청록,청록색,청록,청록
176,167,202,ko,연보라색,연보라,연보라,라벤더색,라벤더,라벤더
198,83,46,ko,주황색,주황,주황,벽돌색,벽돌,벽돌
102,168,32,ko,연두색,연두,연두,연두색,연두,연두
68,58,6,ko,갈색,갈,갈,국방색,국방,국방
215,129,126,ko,분홍색,분홍,분홍,산호색,산호,산호
7,237,152,ko,청록색,청록,청록,에메랄드색,에메랄드,에메랄드
227,188,9,ko,노란색,노랑,노랑,노란색,노랑,노랑
249,143,57,ko,주황색,주황,주황,주황색,주황,주황
110,133,180,ko,파란색,파랑,파랑,회청색,회청,회청
109,64,215,ko,보라색,보라,보라,보라색,보라,보라
217,99,5,ko,주황색,주황,주황,주황색,주황,주황
172,247,50,ko,연두색,연두,연두,형광 연두색,형광 연두,형광연두
43,196,20,ko,연두색,연두,연두,초록색,초록,초록
224,24,143,ko,분홍색,분홍,분홍,자홍,자홍,자홍
237,212,161,ko,베이지,베이지,베이지,베이지,베이지,베이지
201,63,146,ko,분홍색,분홍,분홍,자주색,자주,자주
121,150,6,ko,올리브색,올리브,올리브,풀색,풀,풀
24,129,250,ko,파란색,파랑,파랑,로얄블루,로얄블루,로얄블루
102,218,114,ko,연두색,연두,연두,연두색,연두,연두
250,114,104,ko,코랄핑크,코랄핑크,코랄핑크,산호색,산호,산호
112,138,78,ko,연두색,연두,연두,올리브색,올리브,올리브
170,112,232,ko,보라색,보라,보라,보라색,보라,보라
119,246,52,ko,연두색,연두,연두,연두색,연두,연두
84,57,138,ko,보라색,보라,보라,보라색,보라,보라
55,103,174,ko,파랑,파랑,파랑,파란색,파랑,파랑
147,189,156,ko,연두색,연두,연두,쑥색,쑥,쑥
245,212,20,ko,노란색,노랑,노랑,노란색,노랑,노랑
248,188,221,ko,연분홍,연분홍,연분홍,분홍색,분홍,분홍
243,114,80,ko,주황색,주황,주황,다홍색,다홍,다홍
124,110,106,ko,회갈색,회갈,회갈,회갈색,회갈,회갈
253,198,81,ko,주황색,주황,주황,살구색,살구,살구
120,158,114,ko,연두색,연두,연두,쑥색,쑥,쑥
85,187,124,ko,연두색,연두,연두,초록색,초록,초록
113,73,180,ko,보라색,보라,보라,보라색,보라,보라
48,78,75,ko,청록색,청록,청록,청록색,청록,청록
240,240,44,ko,노란색,노랑,노랑,노란색,노랑,노랑
39,30,111,ko,남색,남,남,남색,남,남
149,206,189,ko,민트색,민트,민트,민트색,민트,민트
150,229,112,ko,연두색,연두,연두,연두색,연두,연두
197,226,98,ko,연두색,연두,연두,연두색,연두,연두
188,150,58,ko,겨자색,겨자,겨자,겨자색,겨자,겨자
232,146,112,ko,살구색,살구,살구,살구색,살구,살구
212,36,189,ko,자주색,자주,자주,마젠타색,마젠타,마젠타
191,226,102,ko,연두색,연두,연두,연두색,연두,연두
190,225,35,ko,연두색,연두,연두,라임색,라임,라임
229,145,59,ko,주황색,주황,주황,주황색,주황,주황
18,148,57,ko,초록색,초록,초록,초록색,초록,초록
38,254,37,ko,형광초록,형광초록,형광초록,초록색,초록,초록
171,78,217,ko,보라색,보라,보라,보라색,보라,보라
247,243,54,ko,노란색,노랑,노랑,노란색,노랑,노랑
52,98,77,ko,초록색,초록,초록,진초록,진초록,진초록
150,156,125,ko,카키색,카키,카키,세이지색,세이지,세이지
227,186,124,ko,베이지,베이지,베이지,황토색,황토,황토
149,6,133,ko,보라색,보라,보라,보라색,보라,보라
198,151,157,ko,분홍색,분홍,분홍,인디핑크,인디핑크,인디핑크
116,18,241,ko,보라색,보라,보라,보라색,보라,보라
65,218,1,ko,초록색,초록,초록,초록,초록,초록
38,208,60,ko,연두색,연두,연두,초록색,초록,초록
131,2,116,ko,자주색,자주,자주,보라색,보라,보라
12,228,63,ko,연두색,연두,연두,연두색,연두,연두
32,110,221,ko,파란색,파랑,파랑,파란색,파랑,파랑
92,2,92,ko,보라색,보라,보라,보라색,보라,보라
20,61,149,ko,파란색,파랑,파랑,군청색,군청,군청
251,68,185,ko,분홍색,분홍,분홍,핫핑크색,핫핑크,핫핑크
26,113,250,ko,파랑,파랑,파랑,파란색,파랑,파랑
77,16,45,ko,자주색,자주,자주,자주색,자주,자주
246,16,164,ko,분홍색,분홍,분홍,자홍색,자홍,자홍
255,178,142,ko,살몬색,살몬,살몬,살구색,살구,살구
50,177,71,ko,초록색,초록,초록,초록색,초록,초록
199,43,93,ko,분홍색,분홍,분홍,마젠타,마젠타,마젠타
115,128,232,ko,파란색,파랑,파랑,청보라색,청보라,청보라
126,42,49,ko,자주색,자주,자주,버건디,버건디,버건디
99,92,1,ko,올리브색,올리브,올리브,올리브색,올리브,올리브
152,69,82,ko,적갈색,적갈,적갈,팥색,팥,팥
42,255,78,ko,초록색,초록,초록,초록색,초록,초록
129,146,96,ko,올리브그린,올리브그린,올리브그린,올리브색,올리브,올리브
50,100,19,ko,초록색,초록,초록,국방색,국방,국방
151,213,104,ko,연두색,연두,연두,연두색,연두,연두
148,139,171,ko,보라색,보라,보라,라벤더색,라벤더,라벤더
141,117,14,ko,카키,카키,카키,올리브색,올리브,올리브
147,79,157,ko,보라색,보라,보라,보라색,보라,보라
9,89,107,ko,청록색,청록,청록,청록색,청록,청록
118,151,83,ko,연두색,연두,연두,올리브색,올리브,올리브
11,30,80,ko,남색,남,남,남색,남,남
199,56,168,ko,보라색,보라,보라,자홍색,자홍,자홍
51,249,33,ko,초록색,초록,초록,라임색,라임,라임
176,184,5,ko,노란색,노랑,노랑,황록색,황록,황록
206,174,228,ko,연보라,연보라,연보라,연보라색,연보라,연보라
156,131,245,ko,보라색,보라,보라,보라색,보라,보라
181,12,141,ko,자주색,자주,자주,자주색,자주,자주
245,83,63,ko,주황색,주황,주황,주황색,주황,주황
169,204,245,ko,하늘색,하늘,하늘,하늘색,하늘,하늘
185,173,132,ko,베이지,베이지,베이지,카키색,카키,카키
39,241,89,ko,초록색,초록,초록,초록색,초록,초록
72,5,53,ko,보라색,보라,보라,자주색,자주,자주
28,191,207,ko,청록색,청록,청록,하늘색,하늘,하늘
33,183,20,ko,초록색,초록,초록,연두색,연두,연두
205,98,254,ko,보라색,보라,보라,보라색,보라,보라
198,18,221,ko,보라색,보라,보라,자주색,자주,자주
236,133,250,ko,분홍색,분홍,분홍,자주색,자주,자주
172,101,220,ko,보라색,보라,보라,보라색,보라,보라
207,160,118,ko,살구색,살구,살구,황토색,황토,황토
198,12,105,ko,분홍색,분홍,분홍,자홍색,자홍,자홍
160,210,33,ko,연두색,연두,연두,연두색,연두,연두
93,125,232,ko,파랑,파랑,파랑,파란색,파랑,파랑
143,96,61,ko,갈색,갈,갈,밤색,밤,밤
166,44,44,ko,빨강,빨강,빨강,붉은색,붉은,붉은
63,50,14,ko,갈색,갈,갈,짙은 갈색,짙은 갈,짙은갈
119,233,202,ko,민트색,민트,민트,민트색,민트,민트
22,242,89,ko,연두색,연두,연두,초록색,초록,초록
77,77,209,ko,보라색,보라,보라,남색,남,남
120,171,190,ko,하늘색,하늘,하늘,청회색,청회,청회
105,84,54,ko,갈색,갈,갈,갈색,갈,갈
146,40,227,ko,보라색,보라,보라,보라색,보라,보라
86,1,200,ko,보라색,보라,보라,보라색,보라,보라
27,225,207,ko,청록색,청록,청록,청록색,청록,청록
232,31,226,ko,자홍색,자홍,자홍,자홍색,자홍,자홍
186,153,10,ko,겨자색,겨자,겨자,겨자색,겨자,겨자
241,49,123,ko,분홍색,분홍,분홍,핫핑크,핫핑크,핫핑크
211,164,8,ko,노란색,노랑,노랑,겨자색,겨자,겨자
26,121,44,ko,초록색,초록,초록,초록색,초록,초록
124,219,168,ko,연두색,연두,연두,민트색,민트,민트
25,192,235,ko,하늘색,하늘,하늘,하늘색,하늘,하늘
71,97,134,ko,청회색,청회,청회,청회색,청회,청회
64,149,208,ko,파란색,파랑,파랑,파란색,파랑,파랑
231,153,162,ko,분홍색,분홍,분홍,분홍,분홍,분홍
76,96,215,ko,파란색,파랑,파랑,로얄블루,로얄블루,로얄블루
192,223,243,ko,하늘색,하늘,하늘,하늘색,하늘,하늘
228,252,183,ko,연두색,연두,연두,연두색,연두,연두
204,14,99,ko,분홍색,분홍,분홍,자홍색,자홍,자홍
167,127,27,ko,황금색,황금,황금,머스타드색,머스타드,머스타드
38,38,54,ko,짙은 남색,짙은 남,짙은남,남보라색,남보라,남보라
210,146,90,ko,주황색,주황,주황,황토색,황토,황토
237,1,198,ko,자홍색,자홍,자홍,마젠타,마젠타,마젠타
94,22,49,ko,자주색,자주,자주,버건디색,버건디,버건디
108,126,223,ko,파란색,파랑,파랑,청보라색,청보라,청보라
46,91,164,ko,파란색,파랑,파랑,파란색,파랑,파랑
111,42,132,ko,보라색,보라,보라,자주색,자주,자주
180,101,148,ko,분홍색,분홍,분홍,자주색,자주,자주
246,231,44,ko,노란색,노랑,노랑,노란색,노랑,노랑
9,73,62,ko,청록색,청록,청록,진초록색,진초록,진초록
44,154,81,ko,초록색,초록,초록,초록색,초록,초록
9,216,13,ko,연두색,연두,연두,초록색,초록,초록
170,132,78,ko,갈색,갈,갈,황토색,황토,황토
34,252,172,ko,청록색,청록,청록,민트색,민트,민트
81,122,120,ko,청록색,청록,청록,청록색,청록,청록
92,234,71,ko,연두색,연두,연두,라임색,라임,라임
32,92,22,ko,초록색,초록,초록,짙은 초록색,짙은 초록,짙은초록
224,19,211,ko,자홍색,자홍,자홍,마젠타,마젠타,마젠타
63,25,58,ko,보라색,보라,보라,자주색,자주,자주
123,229,244,ko,하늘색,하늘,하늘,하늘색,하늘,하늘
90,30,156,ko,보라색,보라,보라,보라색,보라,보라
163,36,194,ko,보라색,보라,보라,보라색,보라,보라
228,28,96,ko,분홍색,분홍,분홍,핫핑크,핫핑크,핫핑크
51,157,170,ko,청록색,청록,청록,청록색,청록,청록
169,190,199,ko,연한 하늘색,연 하늘,연하늘,회청색,회청,회청
162,237,212,ko,민트색,민트,민트,민트색,민트,민트
131,148,137,ko,회색,회,회,쑥색,쑥,쑥
28,221,189,ko,민트색,민트,민트,청록색,청록,청록
30,115,142,ko,청록색,청록,청록,청록색,청록,청록
40,164,64,ko,초록색,초록,초록,초록색,초록,초록
218,195,162,ko,베이지,베이지,베이지,베이지색,베이지,베이지
160,44,42,ko,적갈색,적갈,적갈,벽돌색,벽돌,벽돌
95,55,104,ko,보라색,보라,보라,보라색,보라,보라
170,215,49,ko,연두색,연두,연두,연두색,연두,연두
4,29,132,ko,파란색,파랑,파랑,파란색,파랑,파랑
219,33,8,ko,빨강,빨강,빨강,빨간색,빨강,빨강
249,230,76,ko,노란색,노랑,노랑,노란색,노랑,노랑
9,165,82,ko,초록색,초록,초록,초록색,초록,초록
6,102,198,ko,파랑,파랑,파랑,파란색,파랑,파랑
156,29,137,ko,보라색,보라,보라,자주색,자주,자주
55,189,66,ko,초록색,초록,초록,초록색,초록,초록
81,218,111,ko,연두색,연두,연두,풀색,풀,풀
131,5,51,ko,자주색,자주,자주,버건디,버건디,버건디
248,33,162,ko,분홍색,분홍,분홍,자주색,자주,자주
94,119,168,ko,파랑,파랑,파랑,청회색,청회,청회
16,127,142,ko,청록색,청록,청록,청록색,청록,청록
17,190,217,ko,청록색,청록,청록,청록색,청록,청록
34,102,8,ko,초록색,초록,초록,녹색,녹,녹
11,182,171,ko,청록색,청록,청록,청록색,청록,청록
229,137,114,ko,살구색,살구,살구,산호색,산호,산호
66,24,151,ko,보라색,보라,보라,보라색,보라,보라
93,106,96,ko,회색,회,회,녹회색,녹회,녹회
137,172,11,ko,연두색,연두,연두,연두색,연두,연두
205,110,230,ko,보라색,보라,보라,보라색,보라,보라
205,26,225,ko,보라색,보라,보라,마젠타,마젠타,마젠타
83,58,177,ko,보라색,보라,보라,보라색,보라,보라
161,11,189,ko,보라색,보라,보라,보라색,보라,보라
128,17,114,ko,보라색,보라,보라,자주색,자주,자주
18,9,194,ko,파란색,파랑,파랑,파란색,파랑,파랑
181,115,233,ko,보라색,보라,보라,보라색,보라,보라
119,95,148,ko,보라색,보라,보라,보라색,보라,보라
184,238,113,ko,연두색,연두,연두,연두색,연두,연두
36,56,74,ko,남색,남,남,남색,남,남
45,106,34,ko,초록색,초록,초록,짙은 초록색,짙은 초록,짙은초록
225,242,195,ko,연두색,연두,연두,연두색,연두,연두
87,234,29,ko,초록색,초록,초록,라임색,라임,라임
255,214,37,ko,노란색,노랑,노랑,노란색,노랑,노랑
149,169,154,ko,회녹색,회녹,회녹,녹회색,녹회,녹회
33,133,62,ko,초록색,초록,초록,초록색,초록,초록
64,144,144,ko,청록색,청록,청록,청록색,청록,청록
23,22,124,ko,남색,남,남,남색,남,남
113,142,141,ko,청록색,청록,청록,청록색,청록,청록
253,254,94,ko,노란색,노랑,노랑,노란색,노랑,노랑
230,156,186,ko,분홍색,분홍,분홍,분홍색,분홍,분홍
216,220,176,ko,연두색,연두,연두,연두색,연두,연두
73,22,64,ko,자주색,자주,자주,가지색,가지,가지
107,100,195,ko,보라색,보라,보라,보라색,보라,보라
94,16,228,ko,보라색,보라,보라,보라색,보라,보라
7,237,31,ko,초록색,초록,초록,초록색,초록,초록
40,141,121,ko,청록색,청록,청록,청록색,청록,청록
47,151,182,ko,청록색,청록,청록,청록색,청록,청록
30,164,64,ko,초록색,초록,초록,초록색,초록,초록
53,219,223,ko,청록색,청록,청록,청록색,청록,청록
231,70,92,ko,빨강,빨강,빨강,자주색,자주,자주
184,100,78,ko,갈색,갈,갈,테라코타색,테라코타,테라코타
34,116,166,ko,파란색,파랑,파랑,진한 파란색,진 파랑,진파랑
243,179,169,ko,살구색,살구,살구,살구색,살구,살구
42,123,41,ko,초록색,초록,초록,초록색,초록,초록
234,178,42,ko,노란색,노랑,노랑,황금색,황금,황금
87,172,234,ko,하늘색,하늘,하늘,파란색,파랑,파랑
204,2,39,ko,빨강,빨강,빨강,빨강,빨강,빨강
112,194,155,ko,민트색,민트,민트,민트색,민트,민트
71,249,68,ko,초록색,초록,초록,연두색,연두,연두
200,74,191,ko,보라색,보라,보라,자주색,자주,자주
45,163,77,ko,초록색,초록,초록,초록색,초록,초록
202,105,133,ko,분홍색,분홍,분홍,장밋빛,장밋빛,장밋빛
236,26,59,ko,빨강,빨강,빨강,빨강,빨강,빨강
107,18,255,ko,보라색,보라,보라,보라색,보라,보라
236,223,179,ko,베이지,베이지,베이지,크림색,크림,크림
19,147,182,ko,청록색,청록,청록,청록색,청록,청록
24,13,121,ko,남색,남,남,남색,남,남
65,185,187,ko,청록색,청록,청록,청록색,청록,청록
198,12,72,ko,빨강,빨강,빨강,자홍색,자홍,자홍
189,208,131,ko,연두색,연두,연두,연두색,연두,연두
79,197,2,ko,연두색,연두,연두,연두색,연두,연두
255,108,34,ko,주황색,주황,주황,주황색,주황,주황
237,237,34,ko,노란색,노랑,노랑,노란색,노랑,노랑
37,160,107,ko,초록색,초록,초록,풀색,풀,풀
226,124,5,ko,주황색,주황,주황,주황색,주황,주황
195,229,172,ko,연두색,연두,연두,연두색,연두,연두
87,143,46,ko,초록색,초록,초록,초록색,초록,초록
196,10,218,ko,자주색,자주,자주,마젠타,마젠타,마젠타
26,30,133,ko,남색,남,남,진한 파란색,진 파랑,진파랑
18,48,184,ko,파랑,파랑,파랑,파란색,파랑,파랑
188,35,18,ko,빨강,빨강,빨강,빨간색,빨강,빨강
26,136,0,ko,초록색,초록,초록,초록색,초록,초록
55,244,168,ko,민트색,민트,민트,민트색,민트,민트
15,244,180,ko,민트색,민트,민트,청록색,청록,청록
60,69,152,ko,파란색,파랑,파랑,남색,남,남
195,101,57,ko,주황색,주황,주황,테라코타색,테라코타,테라코타
18,193,252,ko,하늘색,하늘,하늘,파란색,파랑,파랑
142,39,170,ko,보라색,보라,보라,보라색,보라,보라
105,161,82,ko,연두색,연두,연두,올리브색,올리브,올리브
102,207,103,ko,연두색,연두,연두,연두색,연두,연두
178,162,120,ko,베이지색,베이지,베이지,카키색,카키,카키
253,143,44,ko,주황색,주황,주황,주황색,주황,주황
170,115,98,ko,갈색,갈,갈,벽돌색,벽돌,벽돌
37,86,87,ko,청록색,청록,청록,짙은 청록색,짙은 청록,짙은청록
112,66,35,ko,갈색,갈,갈,갈색,갈,갈
192,160,3,ko,노랑,노랑,노랑,머스타드색,머스타드,머스타드
185,184,10,ko,올리브색,올리브,올리브,황록색,황록,황록
70,20,147,ko,보라색,보라,보라,보라색,보라,보라
156,83,246,ko,보라색,보라,보라,보라색,보라,보라
106,225,171,ko,민트색,민트,민트,민트색,민트,민트
213,188,242,ko,연보라,연보라,연보라,연보라색,연보라,연보라
4,115,56,ko,초록색,초록,초록,진녹색,진녹,진녹
98,80,43,ko,갈색,갈,갈,올리브색,올리브,올리브
39,169,171,ko,청록색,청록,청록,청록색,청록,청록
106,224,5,ko,연두색,연두,연두,라임색,라임,라임
108,60,75,ko,보라색,보라,보라,버건디색,버건디,버건디
218,130,61,ko,주황색,주황,주황,테라코타,테라코타,테라코타
111,72,97,ko,자주색,자주,자주,회보라색,회보라,회보라
61,231,48,ko,연두색,연두,연두,초록색,초록,초록
44,78,116,ko,남색,남,남,남색,남,남
231,185,42,ko,노란색,노랑,노랑,황금색,황금,황금
138,168,0,ko,연두색,연두,연두,올리브색,올리브,올리브
183,142,190,ko,연보라색,연보라,연보라,연보라색,연보라,연보라
233,192,37,ko,노란색,노랑,노랑,노란색,노랑,노랑
213,159,208,ko,분홍색,분홍,분홍,라벤더색,라벤더,라벤더
210,22,180,ko,자홍색,자홍,자홍,자홍색,자홍,자홍
246,139,201,ko,분홍색,분홍,분홍,분홍,분홍,분홍
28,64,194,ko,파란색,파랑,파랑,파랑,파랑,파랑
119,237,125,ko,연두색,연두,연두,연두색,연두,연두
219,144,250,ko,보라색,보라,보라,연보라색,연보라,연보라
144,132,196,ko,연보라,연보라,연보라,보라색,보라,보라
89,215,121,ko,연두색,연두,연두,연두색,연두,연두
141,212,79,ko,연두색,연두,연두,연두,연두,연두
174,186,115,ko,연두색,연두,연두,올리브색,올리브,올리브
220,45,218,ko,마젠타,마젠타,마젠타,자주색,자주,자주
175,139,117,ko,베이지색,베이지,베이지,테라코타색,테라코타,테라코타
8,197,106,ko,초록색,초록,초록,초록색,초록,초록
31,194,48,ko,초록색,초록,초록,초록색,초록,초록
41,234,59,ko,초록색,초록,초록,연두색,연두,연두
122,72,25,ko,갈색,갈,갈,밤색,밤,밤
199,107,88,ko,주황색,주황,주황,테라코타,테라코타,테라코타
160,101,67,ko,갈색,갈,갈,적갈색,적갈,적갈
170,29,145,ko,보라색,보라,보라,자주색,자주,자주
250,106,50,ko,주황색,주황,주황,주황색,주황,주황
72,248,2,ko,연두색,연두,연두,형광 초록색,형광 초록,형광초록
221,187,250,ko,연보라,연보라,연보라,연보라색,연보라,연보라
249,173,179,ko,연분홍,연분홍,연분홍,연분홍색,연분홍,연분홍
117,245,234,ko,민트색,민트,민트,청록색,청록,청록
129,142,62,ko,올리브색,올리브,올리브,올리브색,올리브,올리브
26,184,15,ko,초록색,초록,초록,초록색,초록,초록
31,54,245,ko,파란색,파랑,파랑,파란색,파랑,파랑
169,17,250,ko,보라색,보라,보라,보라색,보라,보라
224,239,79,ko,연두색,연두,연두,라임색,라임,라임
53,135,7,ko,초록색,초록,초록,초록색,초록,초록
75,27,219,ko,보라색,보라,보라,보라색,보라,보라
31,203,56,ko,초록색,초록,초록,라임색,라임,라임
56,237,175,ko,민트색,민트,민트,청록색,청록,청록
68,211,154,ko,연두색,연두,연두,민트색,민트,민트
243,153,124,ko,살구색,살구,살구,살구색,살구,살구
17,0,218,ko,파랑,파랑,파랑,파란색,파랑,파랑
164,147,120,ko,베이지색,베이지,베이지,회갈색,회갈,회갈
106,62,157,ko,보라색,보라,보라,보라색,보라,보라
169,89,34,ko,주황색,주황,주황,녹슨 색,녹슨 ,녹슨
221,151,183,ko,분홍색,분홍,분홍,분홍색,분홍,분홍
145,133,57,ko,카키색,카키,카키,올리브색,올리브,올리브
72,71,146,ko,보라색,보라,보라,보라색,보라,보라
2,246,211,ko,청록색,청록,청록,시안색,시안,시안
92,101,152,ko,보라색,보라,보라,청보라색,청보라,청보라
246,216,35,ko,노란색,노랑,노랑,노란색,노랑,노랑
86,126,144,ko,청록색,청록,청록,청회색,청회,청회
13,109,84,ko,청록색,청록,청록,짙은 녹색,짙은 녹,짙은녹
92,237,120,ko,연두색,연두,연두,초록색,초록,초록
56,127,250,ko,파랑,파랑,파랑,파랑,파랑,파랑
80,95,165,ko,파랑,파랑,파랑,청보라색,청보라,청보라
86,29,107,ko,보라색,보라,보라,보라색,보라,보라
182,231,246,ko,하늘색,하늘,하늘,하늘색,하늘,하늘
134,0,4,ko,빨강,빨강,빨강,진홍색,진홍,진홍
152,158,60,ko,올리브색,올리브,올리브,올리브색,올리브,올리브
71,237,203,ko,청록색,청록,청록,청록색,청록,청록
42,148,122,ko,청록색,청록,청록,청록색,청록,청록
101,122,77,ko,카키색,카키,카키,올리브색,올리브,올리브
50,226,169,ko,민트색,민트,민트,민트색,민트,민트
152,249,179,ko,연두색,연두,연두,연두색,연두,연두
79,158,210,ko,하늘색,하늘,하늘,파란색,파랑,파랑
119,80,215,ko,보라색,보라,보라,보라색,보라,보라
182,64,221,ko,보라색,보라,보라,보라색,보라,보라
250,159,56,ko,주황색,주황,주황,주황색,주황,주황
185,86,204,ko,보라색,보라,보라,보라색,보라,보라
147,210,83,ko,연두색,연두,연두,연두색,연두,연두
213,178,235,ko,연보라,연보라,연보라,연보라색,연보라,연보라
225,58,173,ko,분홍색,분홍,분홍,마젠타색,마젠타,마젠타
105,167,78,ko,연두색,연두,연두,초록색,초록,초록
87,41,108,ko,보라색,보라,보라,짙은 보라색,짙은 보라,짙은보라
90,13,46,ko,자주색,자주,자주,버건디,버건디,버건디
15,232,123,ko,초록색,초록,초록,초록색,초록,초록
137,155,222,ko,연보라색,연보라,연보라,연보라색,연보라,연보라
114,136,73,ko,올리브색,올리브,올리브,올리브색,올리브,올리브
246,133,172,ko,분홍색,분홍,분홍,분홍색,분홍,분홍
62,158,151,ko,청록색,청록,청록,청록색,청록,청록
21,151,146,ko,청록색,청록,청록,청록색,청록,청록
134,205,240,ko,하늘색,하늘,하늘,하늘색,하늘,하늘
104,111,4,ko,카키색,카키,카키,국방색,국방,국방
248,104,98,ko,코랄색,코랄,코랄,산호색,산호,산호
184,59,236,ko,보라색,보라,보라,보라색,보라,보라
62,49,201,ko,보라색,보라,보라,보랏빛 파랑,보랏빛 파랑,보랏빛파랑
76,75,189,ko,보라색,보라,보라,남색,남,남
97,191,115,ko,연두색,연두,연두,초록,초록,초록
119,153,130,ko,연두색,연두,연두,쑥색,쑥,쑥
161,116,176,ko,보라색,보라,보라,보라색,보라,보라
113,238,87,ko,연두색,연두,연두,연두색,연두,연두
10,167,6,ko,초록색,초록,초록,초록색,초록,초록
122,240,93,ko,연두색,연두,연두,연두색,연두,연두
182,230,93,ko,연두색,연두,연두,연두색,연두,연두
84,253,217,ko,청록색,청록,청록,민트색,민트,민트
88,12,163,ko,보라색,보라,보라,보라색,보라,보라
52,209,144,ko,민트색,민트,민트,민트색,민트,민트
223,222,226,ko,연회색,연회,연회,연보라색,연보라,연보라
167,90,162,ko,보라색,보라,보라,보라색,보라,보라
176,130,188,ko,보라색,보라,보라,보라색,보라,보라
90,36,111,ko,보라색,보라,보라,보라색,보라,보라
24,92,68,ko,청록색,청록,청록,짙은 녹색,짙은 녹,짙은녹
40,136,66,ko,초록색,초록,초록,초록색,초록,초록
29,102,17,ko,초록색,초록,초록,진녹색,진녹,진녹
241,102,102,ko,코랄색,코랄,코랄,산호색,산호,산호
32,191,102,ko,초록색,초록,초록,초록색,초록,초록
165,1,174,ko,보라색,보라,보라,보라색,보라,보라
232,169,152,ko,살구색,살구,살구,살구색,살구,살구
30,237,209,ko,민트색,민트,민트,청록색,청록,청록
25,93,182,ko,파란색,파랑,파랑,파란색,파랑,파랑
101,81,35,ko,갈색,갈,갈,카키색,카키,카키
98,241,73,ko,연두색,연두,연두,연두색,연두,연두
182,119,183,ko,보라색,보라,보라,보라색,보라,보라
138,172,58,ko,연두색,연두,연두,올리브색,올리브,올리브
206,114,209,ko,보라색,보라,보라,보라색,보라,보라
70,145,115,ko,초록색,초록,초록,청록색,청록,청록
223,0,103,ko,분홍색,분홍,분홍,자홍색,자홍,자홍
229,171,157,ko,분홍색,분홍,분홍,살구색,살구,살구
141,138,196,ko,보라색,보라,보라,라벤더색,라벤더,라벤더
89,68,139,ko,보라색,보라,보라,보라색,보라,보라
83,134,13,ko,초록색,초록,초록,올리브색,올리브,올리브
15,152,197,ko,청록색,청록,청록,파랑,파랑,파랑
255,237,2,ko,노란색,노랑,노랑,노란색,노랑,노랑
30,187,128,ko,초록색,초록,초록,초록색,초록,초록
130,149,85,ko,연두색,연두,연두,올리브색,올리브,올리브
131,248,143,ko,연두색,연두,연두,연두색,연두,연두
34,164,191,ko,청록색,청록,청록,청록색,청록,청록
190,199,79,ko,연두색,연두,연두,연두색,연두,연두
136,38,160,ko,보라색,보라,보라,보라색,보라,보라
166,91,179,ko,보라색,보라,보라,자주색,자주,자주
167,111,55,ko,갈색,갈,갈,황토색,황토,황토
26,231,227,ko,청록색,청록,청록,청록색,청록,청록
159,196,243,ko,하늘색,하늘,하늘,하늘색,하늘,하늘
151,224,192,ko,민트색,민트,민트,민트색,민트,민트
167,114,174,ko,보라색,보라,보라,보라색,보라,보라
168,41,50,ko,빨강,빨강,빨강,적갈색,적갈,적갈
162,33,3,ko,갈색,갈,갈,벽돌색,벽돌,벽돌
233,22,120,ko,분홍색,분홍,분홍,핫핑크,핫핑크,핫핑크
75,124,67,ko,초록색,초록,초록,초록색,초록,초록
193,36,155,ko,자주색,자주,자주,자홍색,자홍,자홍
180,67,22,ko,주황색,주황,주황,벽돌색,벽돌,벽돌
35,87,217,ko,파란색,파랑,파랑,파란색,파랑,파랑
138,203,58,ko,연두색,연두,연두,연두색,연두,연두
12,120,47,ko,초록색,초록,초록,초록색,초록,초록
218,50,120,ko,분홍색,분홍,분홍,핫핑크,핫핑크,핫핑크
214,27,251,ko,보라색,보라,보라,자주색,자주,자주
16,180,121,ko,청록색,청록,청록,초록색,초록,초록
94,221,111,ko,연두색,연두,연두,연두색,연두,연두
159,115,194,ko,보라색,보라,보라,보라색,보라,보라
100,246,243,ko,청록색,청록,청록,아쿠아색,아쿠아,아쿠아
81,27,154,ko,보라색,보라,보라,보라색,보라,보라
114,10,128,ko,보라색,보라,보라,보라색,보라,보라
154,25,184,ko,보라색,보라,보라,보라색,보라,보라
1,248,156,ko,청록색,청록,청록,청록색,청록,청록
241,11,28,ko,빨강,빨강,빨강,빨간색,빨강,빨강
190,100,107,ko,분홍색,분홍,분홍,말린 장미색,말린 장미,말린장미
154,71,49,ko,갈색,갈,갈,적갈색,적갈,적갈
76,86,56,ko,올리브색,올리브,올리브,올리브 그린,올리브 그린,올리브그린
96,239,205,ko,민트색,민트,민트,민트색,민트,민트
42,31,126,ko,남색,남,남,남색,남,남
19,82,63,ko,청록색,청록,청록,진녹색,진녹,진녹
8,57,180,ko,파란색,파랑,파랑,로열 블루,로열 블루,로열블루
2,113,113,ko,청록색,청록,청록,청록색,청록,청록
225,171,83,ko,주황색,주황,주황,겨자색,겨자,겨자
145,210,185,ko,민트색,민트,민트,민트색,민트,민트
207,190,72,ko,노란색,노랑,노랑,겨자색,겨자,겨자
50,14,67,ko,보라색,보라,보라,보라색,보라,보라
211,77,251,ko,보라색,보라,보라,자주색,자주,자주
177,16,95,ko,자주색,자주,자주,마젠타색,마젠타,마젠타
207,82,100,ko,분홍색,분홍,분홍,자주색,자주,자주
84,72,28,ko,카키색,카키,카키,올리브색,올리브,올리브
127,146,106,ko,올리브색,올리브,올리브,쑥색,쑥,쑥
234,54,209,ko,자주분홍,자주분홍,자주분홍,자홍색,자홍,자홍
254,244,161,ko,연노랑,연노랑,연노랑,연노랑,연노랑,연노랑
18,112,123,ko,청록색,청록,청록,청록색,청록,청록
112,198,164,ko,민트색,민트,민트,민트색,민트,민트
110,37,34,ko,갈색,갈,갈,밤색,밤,밤
25,234,222,ko,청록색,청록,청록,청록색,청록,청록
75,23,76,ko,보라색,보라,보라,진보라색,진보라,진보라
96,90,145,ko,보라색,보라,보라,보라색,보라,보라
234,132,205,ko,분홍색,분홍,분홍,분홍색,분홍,분홍
95,138,239,ko,파랑,파랑,파랑,코발트블루,코발트블루,코발트블루
233,57,53,ko,빨강,빨강,빨강,빨간색,빨강,빨강
16,3,81,ko,남색,남,남,남색,남,남
115,111,66,ko,올리브색,올리브,올리브,국방색,국방,국방
71,108,156,ko,파란색,파랑,파랑,파란색,파랑,파랑
67,34,115,ko,보라색,보라,보라,진보라색,진보라,진보라
244,143,115,ko,살구색,살구,살구,산호색,산호,산호
48,100,240,ko,파란색,파랑,파랑,파란색,파랑,파랑
149,73,47,ko,갈색,갈,갈,적갈색,적갈,적갈
65,92,238,ko,파랑,파랑,파랑,파랑,파랑,파랑
30,234,42,ko,초록색,초록,초록,초록색,초록,초록
210,60,127,ko,분홍색,분홍,분홍,핫핑크색,핫핑크,핫핑크
109,217,81,ko,연두색,연두,연두,연두색,연두,연두
97,120,74,ko,카키색,카키,카키,카키색,카키,카키
172,162,101,ko,카키색,카키,카키,올리브색,올리브,올리브
86,184,12,ko,연두색,연두,연두,라임색,라임,라임
239,239,93,ko,노란색,노랑,노랑,노란색,노랑,노랑
225,0,83,ko,진홍색,진홍,진홍,핫핑크,핫핑크,핫핑크
69,236,65,ko,연두색,연두,연두,연두색,연두,연두
193,54,139,ko,자홍색,자홍,자홍,마젠타색,마젠타,마젠타
236,255,99,ko,연두색,연두,연두,밝은 노란색,밝은 노랑,밝은노랑
69,30,142,ko,보라색,보라,보라,보라색,보라,보라
63,28,181,ko,보라색,보라,보라,진보라색,진보라,진보라
14,235,13,ko,연두색,연두,연두,초록색,초록,초록
42,41,113,ko,보라색,보라,보라,남색,남,남
162,70,115,ko,자주색,자주,자주,자주색,자주,자주
19,89,81,ko,청록색,청록,청록,청록색,청록,청록
239,235,111,ko,노란색,노랑,노랑,연노란색,연노랑,연노랑
201,54,68,ko,빨강,빨강,빨강,진홍색,진홍,진홍
121,48,197,ko,보라색,보라,보라,보라색,보라,보라
132,214,38,ko,연두색,연두,연두,연두색,연두,연두
174,18,155,ko,보라색,보라,보라,자주색,자주,자주
71,236,85,ko,연두색,연두,연두,연두색,연두,연두
39,23,126,ko,보라색,보라,보라,남색,남,남
180,107,235,ko,보라색,보라,보라,보라색,보라,보라
139,174,207,ko,파란색,파랑,파랑,하늘색,하늘,하늘
75,55,37,ko,갈색,갈,갈,짙은 갈색,짙은 갈,짙은갈
147,93,231,ko,보라색,보라,보라,보라색,보라,보라
99,152,208,ko,파란색,파랑,파랑,파란색,파랑,파랑
187,107,186,ko,보라색,보라,보라,자주색,자주,자주
38,140,207,ko,파랑,파랑,파랑,파란색,파랑,파랑
39,131,35,ko,초록색,초록,초록,녹색,녹,녹
203,236,73,ko,연두색,연두,연두,연두색,연두,연두
175,142,82,ko,갈색,갈,갈,황갈색,황갈,황갈
199,149,95,ko,갈색,갈,갈,황토색,황토,황토
217,246,88,ko,연두색,연두,연두,연두색,연두,연두
159,91,53,ko,갈색,갈,갈,벽돌색,벽돌,벽돌
68,148,10,ko,연두색,연두,연두,초록색,초록,초록
146,192,252,ko,하늘색,하늘,하늘,하늘색,하늘,하늘
57,59,71,ko,회색,회,회,청회색,청회,청회
144,172,151,ko,회녹색,회녹,회녹,회녹색,회녹,회녹
152,190,95,ko,연두색,연두,연두,올리브색,올리브,올리브
69,228,50,ko,초록색,초록,초록,연두색,연두,연두
71,51,154,ko,보라색,보라,보라,보라색,보라,보라
58,171,38,ko,초록색,초록,초록,초록,초록,초록
201,91,5,ko,주황색,주황,주황,주황색,주황,주황
136,189,94,ko,연두색,연두,연두,연두색,연두,연두
64,194,116,ko,초록색,초록,초록,초록색,초록,초록
155,92,8,ko,갈색,갈,갈,황토색,황토,황토
212,240,196,ko,연두색,연두,연두,연두색,연두,연두
233,222,74,ko,노란색,노랑,노랑,노란색,노랑,노랑
182,66,245,ko,보라색,보라,보라,보라색,보라,보라
70,99,205,ko,파란색,파랑,파랑,파란색,파랑,파랑
191,253,227,ko,연두색,연두,연두,민트색,민트,민트
33,116,135,ko,청록색,청록,청록,청록색,청록,청록
28,55,198,ko,파란색,파랑,파랑,파란색,파랑,파랑
114,141,197,ko,파란색,파랑,파랑,청보라색,청보라,청보라
196,241,24,ko,연두색,연두,연두,라임색,라임,라임
219,209,240,ko,연보라,연보라,연보라,연보라색,연보라,연보라
145,225,247,ko,하늘색,하늘,하늘,하늘색,하늘,하늘
27,24,51,ko,남색,남,남,진남색,진남,진남
153,37,73,ko,자주색,자주,자주,자주색,자주,자주
251,104,184,ko,분홍색,분홍,분홍,핫핑크,핫핑크,핫핑크
228,84,46,ko,주황색,주황,주황,다홍색,다홍,다홍
220,227,166,ko,연두색,연두,연두,연두색,연두,연두
56,40,192,ko,보라색,보라,보라,청보라색,청보라,청보라
223,205,39,ko,노란색,노랑,노랑,머스타드색,머스타드,머스타드
88,113,58,ko,올리브색,올리브,올리브,올리브색,올리브,올리브
108,29,69,ko,자주색,자주,자주,자주색,자주,자주
77,39,160,ko,보라색,보라,보라,보라색,보라,보라
187,223,89,ko,연두색,연두,연두,연두색,연두,연두
201,10,159,ko,자홍색,자홍,자홍,자홍색,자홍,자홍
215,164,79,ko,황토색,황토,황토,황토색,황토,황토
115,147,108,ko,연두색,연두,연두,쑥색,쑥,쑥
221,106,38,ko,주황색,주황,주황,주황색,주황,주황
141,239,211,ko,민트색,민트,민트,민트색,민트,민트
240,60,112,ko,분홍색,분홍,분홍,핑크색,핑크,핑크
129,98,197,ko,보라색,보라,보라,보라색,보라,보라
87,164,239,ko,하늘색,하늘,하늘,파란색,파랑,파랑
114,111,67,ko,카키색,카키,카키,올리브색,올리브,올리브
222,159,223,ko,연보라색,연보라,연보라,연보라색,연보라,연보라
185,86,34,ko,주황색,주황,주황,테라코타,테라코타,테라코타
61,249,118,ko,연두색,연두,연두,연두색,연두,연두
255,35,34,ko,빨강,빨강,빨강,빨간색,빨강,빨강
103,147,219,ko,파란색,파랑,파랑,코발트블루,코발트블루,코발트블루
162,159,114,ko,카키색,카키,카키,국방색,국방,국방
70,124,30,ko,초록색,초록,초록,짙은 초록색,짙은 초록,짙은초록
159,96,45,ko,갈색,갈,갈,황토색,황토,황토
165,142,18,ko,겨자색,겨자,겨자,겨자색,겨자,겨자
253,34,39,ko,빨간색,빨강,빨강,빨간색,빨강,빨강
14,48,194,ko,파란색,파랑,파랑,파란색,파랑,파랑
244,10,229,ko,자홍색,자홍,자홍,마젠타,마젠타,마젠타
241,179,123,ko,살구색,살구,살구,살구색,살구,살구
171,2,132,ko,자주색,자주,자주,자주색,자주,자주
66,254,128,ko,연두색,연두,연두,라임색,라임,라임
17,137,81,ko,초록색,초록,초록,초록,초록,초록
223,237,157,ko,연두색,연두,연두,연두색,연두,연두
65,136,184,ko,파란색,파랑,파랑,파란색,파랑,파랑
156,184,163,ko,연두색,연두,연두,쑥색,쑥,쑥
160,34,191,ko,보라색,보라,보라,보라색,보라,보라
158,32,33,ko,빨강,빨강,빨강,와인색,와인,와인
161,225,21,ko,연두색,연두,연두,연두색,연두,연두
19,109,122,ko,청록색,청록,청록,청록색,청록,청록
224,199,193,ko,연분홍,연분홍,연분홍,말린 장미색,말린 장미,말린장미
17,17,247,ko,파란색,파랑,파랑,파란색,파랑,파랑
82,125,203,ko,파랑,파랑,파랑,파란색,파랑,파랑
140,203,138,ko,연두색,연두,연두,연초록색,연초록,연초록
55,10,31,ko,자주색,자주,자주,버건디,버건디,버건디
119,233,2,ko,연두색,연두,연두,연두색,연두,연두
157,70,37,ko,갈색,갈,갈,적갈색,적갈,적갈
159,38,1,ko,주황색,주황,주황,벽돌색,벽돌,벽돌
156,230,1,ko,연두색,연두,연두,연두색,연두,연두
243,142,122,ko,살몬색,살몬,살몬,코랄색,코랄,코랄
13,1,152,ko,파란색,파랑,파랑,진한 파란색,진 파랑,진파랑
191,149,167,ko,분홍색,분홍,분홍,말린 장미색,말린 장미,말린장미
18,5,97,ko,남색,남,남,남색,남,남
213,165,97,ko,베이지,베이지,베이지,황토색,황토,황토
196,130,56,ko,주황색,주황,주황,황토색,황토,황토
111,1,188,ko,보라색,보라,보라,보라색,보라,보라
58,64,45,ko,카키색,카키,카키,올리브색,올리브,올리브
92,119,144,ko,슬레이트블루,슬레이트블루,슬레이트블루,짙은 청회색,짙은 청회,짙은청회
235,146,167,ko,분홍색,분홍,분홍,분홍색,분홍,분홍
180,250,130,ko,연두색,연두,연두,연두색,연두,연두
177,47,172,ko,보라색,보라,보라,자주색,자주,자주
112,110,185,ko,보라색,보라,보라,남보라색,남보라,남보라
251,68,75,ko,빨강,빨강,빨강,빨강,빨강,빨강
65,102,117,ko,청록색,청록,청록,청회색,청회,청회
132,179,184,ko,청록색,청록,청록,틸,틸,틸
204,254,172,ko,연두색,연두,연두,연두색,연두,연두
159,245,117,ko,연두색,연두,연두,연두색,연두,연두
161,72,167,ko,보라색,보라,보라,보라색,보라,보라
243,162,196,ko,분홍색,분홍,분홍,핑크,핑크,핑크
156,37,236,ko,보라색,보라,보라,보라색,보라,보라
2,216,69,ko,초록색,초록,초록,연두색,연두,연두
79,224,151,ko,민트색,민트,민트,청록색,청록,청록
112,68,211,ko,보라색,보라,보라,보라색,보라,보라
106,26,221,ko,보라색,보라,보라,보라색,보라,보라
33,210,151,ko,민트색,민트,민트,청록색,청록,청록
124,207,113,ko,연두색,연두,연두,연두색,연두,연두
128,217,154,ko,연두색,연두,연두,민트색,민트,민트
49,94,61,ko,초록색,초록,초록,초록색,초록,초록
58,189,177,ko,청록색,청록,청록,청록색,청록,청록
163,208,160,ko,연두색,연두,연두,연두색,연두,연두
228,109,161,ko,분홍색,분홍,분홍,분홍색,분홍,분홍
130,197,183,ko,민트색,민트,민트,민트색,민트,민트
176,200,226,ko,연한 파란색,연 파랑,연파랑,하늘색,하늘,하늘
40,173,200,ko,청록색,청록,청록,청록색,청록,청록
232,25,64,ko,빨강,빨강,빨강,빨강,빨강,빨강
39,160,67,ko,초록색,초록,초록,초록색,초록,초록
152,229,36,ko,연두색,연두,연두,연두색,연두,연두
213,14,10,ko,빨강,빨강,빨강,빨간색,빨강,빨강
90,97,7,ko,올리브색,올리브,올리브,국방색,국방,국방
189,79,125,ko,분홍색,분홍,분홍,자주색,자주,자주
145,160,224,ko,연보라색,연보라,연보라,페리윙클색,페리윙클,페리윙클
114,187,113,ko,초록색,초록,초록,풀색,풀,풀
189,48,84,ko,자홍색,자홍,자홍,진홍색,진홍,진홍
128,220,104,ko,연두색,연두,연두,연두색,연두,연두
138,148,149,ko,회색,회,회,청회색,청회,청회
244,41,218,ko,분홍색,분홍,분홍,자홍색,자홍,자홍
141,169,180,ko,청회색,청회,청회,청회색,청회,청회
190,51,16,ko,주황색,주황,주황,벽돌색,벽돌,벽돌
115,214,221,ko,민트색,민트,민트,하늘색,하늘,하늘
81,105,221,ko,파란색,파랑,파랑,로얄블루,로얄블루,로얄블루
107,251,194,ko,민트색,민트,민트,민트색,민트,민트
229,151,214,ko,연분홍,연분홍,연분홍,분홍색,분홍,분홍
20,251,21,ko,연두색,연두,연두,초록,초록,초록
115,116,222,ko,보라색,보라,보라,보라색,보라,보라
65,170,231,ko,하늘색,하늘,하늘,파란색,파랑,파랑
82,61,84,ko,보라색,보라,보라,자주색,자주,자주
227,244,251,ko,하늘색,하늘,하늘,하늘색,하늘,하늘
238,22,249,ko,자홍색,자홍,자홍,자홍색,자홍,자홍
238,247,88,ko,노란색,노랑,노랑,노란색,노랑,노랑
16,242,63,ko,초록색,초록,초록,초록색,초록,초록
54,65,10,ko,올리브색,올리브,올리브,국방색,국방,국방
42,209,89,ko,초록색,초록,초록,초록색,초록,초록
104,169,93,ko,초록색,초록,초록,초록색,초록,초록
184,37,211,ko,보라색,보라,보라,보라색,보라,보라
200,243,183,ko,연두색,연두,연두,연두색,연두,연두
224,101,83,ko,코랄,코랄,코랄,다홍색,다홍,다홍
38,208,129,ko,초록색,초록,초록,초록색,초록,초록
209,74,35,ko,주황색,주황,주황,다홍색,다홍,다홍
82,245,0,ko,연두색,연두,연두,형광 초록색,형광 초록,형광초록
87,244,50,ko,초록색,초록,초록,라임색,라임,라임
76,50,232,ko,보라색,보라,보라,청보라색,청보라,청보라
228,131,208,ko,분홍색,분홍,분홍,핫핑크,핫핑크,핫핑크
243,59,171,ko,분홍색,분홍,분홍,자홍색,자홍,자홍
21,120,45,ko,초록색,초록,초록,초록색,초록,초록
30,3,150,ko,파랑,파랑,파랑,군청색,군청,군청
84,155,206,ko,파랑,파랑,파랑,파란색,파랑,파랑
161,197,216,ko,하늘색,하늘,하늘,하늘색,하늘,하늘
26,157,250,ko,파랑,파랑,파랑,파란색,파랑,파랑
42,229,59,ko,초록색,초록,초록,초록색,초록,초록
2,42,105,ko,파란색,파랑,파랑,남색,남,남
59,249,204,ko,민트색,민트,민트,청록색,청록,청록
251,79,86,ko,빨간색,빨강,빨강,코랄,코랄,코랄
133,183,193,ko,청록색,청록,청록,옥색,옥,옥
218,9,2,ko,빨간색,빨강,빨강,빨간색,빨강,빨강
80,52,242,ko,보라색,보라,보라,보라색,보라,보라
85,100,171,ko,보라색,보라,보라,제비꽃색,제비꽃,제비꽃
203,230,107,ko,연두색,연두,연두,연두색,연두,연두
195,206,90,ko,연두색,연두,연두,연두색,연두,연두
239,181,139,ko,살구색,살구,살구,살구색,살구,살구
157,236,132,ko,연두색,연두,연두,연두색,연두,연두
13,198,21,ko,초록색,초록,초록,초록색,초록,초록
164,7,236,ko,보라색,보라,보라,보라색,보라,보라
166,234,159,ko,연두색,연두,연두,민트색,민트,민트
159,126,114,ko,갈색,갈,갈,말린 장미색,말린 장미,말린장미
222,251,208,ko,연두색,연두,연두,연두색,연두,연두
157,226,190,ko,민트색,민트,민트,민트색,민트,민트
205,34,106,ko,분홍색,분홍,분홍,자주색,자주,자주
210,235,152,ko,연두색,연두,연두,연두색,연두,연두
24,161,9,ko,초록색,초록,초록,초록색,초록,초록
159,49,65,ko,자주색,자주,자주,와인색,와인,와인
134,22,99,ko,자주색,자주,자주,자주색,자주,자주
147,111,191,ko,보라색,보라,보라,보라색,보라,보라
5,177,175,ko,청록색,청록,청록,청록색,청록,청록
51,251,231,ko,민트색,민트,민트,청록색,청록,청록
252,204,42,ko,노란색,노랑,노랑,노란색,노랑,노랑
237,103,148,ko,분홍색,분홍,분홍,분홍색,분홍,분홍
50,148,151,ko,청록색,청록,청록,청록색,청록,청록
216,106,89,ko,살구색,살구,살구,테라코타,테라코타,테라코타
232,60,3,ko,주황색,주황,주황,주황색,주황,주황
45,140,124,ko,청록색,청록,청록,청록색,청록,청록
208,103,148,ko,분홍색,분홍,분홍,핫핑크,핫핑크,핫핑크
198,64,27,ko,주황색,주황,주황,감색,감,감
172,81,38,ko,주황색,주황,주황,적갈색,적갈,적갈
25,27,217,ko,파랑,파랑,파랑,로얄블루,로얄블루,로얄블루
135,16,66,ko,자주색,자주,자주,자주,자주,자주
181,8,201,ko,보라색,보라,보라,보라색,보라,보라
228,155,212,ko,분홍색,분홍,분홍,분홍색,분홍,분홍
252,196,162,ko,살구색,살구,살구,살구색,살구,살구
173,103,160,ko,보라색,보라,보라,자두색,자두,자두
248,213,67,ko,노란색,노랑,노랑,노란색,노랑,노랑
68,93,42,ko,초록색,초록,초록,짙은 녹색,짙은 녹,짙은녹
244,69,109,ko,분홍색,분홍,분홍,자홍색,자홍,자홍
137,134,102,ko,올리브색,올리브,올리브,카키색,카키,카키
139,215,204,ko,민트색,민트,민트,터키옥색,터키옥,터키옥
145,148,164,ko,회색,회,회,회보라색,회보라,회보라
12,151,235,ko,파랑,파랑,파랑,파란색,파랑,파랑
160,106,31,ko,갈색,갈,갈,갈색,갈,갈
227,118,88,ko,살몬색,살몬,살몬,산호색,산호,산호
126,161,11,ko,연두색,연두,연두,올리브색,올리브,올리브
135,196,26,ko,연두색,연두,연두,연두색,연두,연두
191,18,135,ko,자홍색,자홍,자홍,자주색,자주,자주
122,244,112,ko,연두색,연두,연두,연두색,연두,연두
66,65,83,ko,짙은 회색,짙은 회,짙은회,남색,남,남
197,173,245,ko,연보라,연보라,연보라,연보라색,연보라,연보라
176,97,136,ko,자주색,자주,자주,자홍색,자홍,자홍
186,35,250,ko,보라색,보라,보라,보라색,보라,보라
12,10,81,ko,남색,남,남,남색,남,남
90,3,147,ko,보라색,보라,보라,보라색,보라,보라
26,80,90,ko,청록색,청록,청록,진청록색,진청록,진청록
240,167,28,ko,주황색,주황,주황,주황색,주황,주황
110,157,28,ko,초록색,초록,초록,올리브색,올리브,올리브
35,141,178,ko,청록색,청록,청록,청록색,청록,청록
142,172,230,ko,연한 파란색,연 파랑,연파랑,하늘색,하늘,하늘
249,170,188,ko,분홍색,분홍,분홍,분홍색,분홍,분홍
178,112,112,ko,분홍색,분홍,분홍,말린 장미색,말린 장미,말린장미
146,252,37,ko,형광 연두색,형광 연두,형광연두,연두색,연두,연두
55,5,13,ko,자주색,자주,자주,버건디,버건디,버건디
91,244,255,ko,하늘색,하늘,하늘,청록색,청록,청록
174,67,149,ko,자주색,자주,자주,자주색,자주,자주
211,235,231,ko,민트색,민트,민트,물색,물,물
32,160,16,ko,초록색,초록,초록,초록색,초록,초록
192,48,72,ko,빨간색,빨강,빨강,선홍색,선홍,선홍
30,17,163,ko,파란색,파랑,파랑,파랑,파랑,파랑
65,224,60,ko,연두색,연두,연두,연두색,연두,연두
50,74,81,ko,청록색,청록,청록,청록색,청록,청록
204,22,244,ko,보라색,보라,보라,보라색,보라,보라
162,227,15,ko,연두색,연두,연두,라임색,라임,라임
12,94,57,ko,초록색,초록,초록,짙은 초록,짙은 초록,짙은초록
199,173,41,ko,노란색,노랑,노랑,겨자색,겨자,겨자
183,76,120,ko,분홍색,분홍,분홍,자주색,자주,자주
8,172,120,ko,초록색,초록,초록,청록색,청록,청록
254,76,11,ko,주황색,주황,주황,주황색,주황,주황
182,21,227,ko,보라색,보라,보라,보라색,보라,보라
45,37,230,ko,파랑,파랑,파랑,파란색,파랑,파랑
76,211,12,ko,연두색,연두,연두,라임색,라임,라임
180,247,45,ko,연두색,연두,연두,라임색,라임,라임
41,104,197,ko,파랑,파랑,파랑,파란색,파랑,파랑
89,106,201,ko,파란색,파랑,파랑,청보라색,청보라,청보라
164,136,217,ko,보라색,보라,보라,보라색,보라,보라
60,137,46,ko,초록색,초록,초록,초록색,초록,초록
254,151,177,ko,분홍색,분홍,분홍,분홍색,분홍,분홍
59,179,234,ko,하늘색,하늘,하늘,파란색,파랑,파랑
253,4,24,ko,빨강,빨강,빨강,빨간색,빨강,빨강
62,160,77,ko,초록색,초록,초록,초록색,초록,초록
187,26,32,ko,빨강,빨강,빨강,빨간색,빨강,빨강
148,112,233,ko,보라색,보라,보라,보라색,보라,보라
127,250,125,ko,연두색,연두,연두,연두색,연두,연두
147,120,179,ko,보라색,보라,보라,보라색,보라,보라
70,249,235,ko,청록색,청록,청록,청록색,청록,청록
21,69,29,ko,초록색,초록,초록,짙은 녹색,짙은 녹,짙은녹
38,210,242,ko,하늘색,하늘,하늘,하늘색,하늘,하늘
214,27,185,ko,자홍색,자홍,자홍,자홍색,자홍,자홍
141,16,66,ko,자주색,자주,자주,자주색,자주,자주
99,255,45,ko,연두색,연두,연두,연두색,연두,연두
218,115,173,ko,분홍색,분홍,분홍,핫핑크,핫핑크,핫핑크
79,56,23,ko,갈색,갈,갈,갈색,갈,갈
247,11,91,ko,분홍색,분홍,분홍,핫핑크,핫핑크,핫핑크
8,35,82,ko,남색,남,남,남색,남,남
254,115,221,ko,분홍색,분홍,분홍,분홍색,분홍,분홍
161,223,207,ko,민트색,민트,민트,민트색,민트,민트
116,236,20,ko,연두색,연두,연두,연두색,연두,연두
85,6,186,ko,보라색,보라,보라,보라색,보라,보라
50,144,56,ko,초록색,초록,초록,초록색,초록,초록
50,22,239,ko,파랑,파랑,파랑,파란색,파랑,파랑
182,176,39,ko,올리브색,올리브,올리브,올리브색,올리브,올리브
57,60,74,ko,짙은 회색,짙은 회,짙은회,청회색,청회,청회
36,167,67,ko,초록색,초록,초록,초록색,초록,초록
72,45,230,ko,보라색,보라,보라,제비꽃색,제비꽃,제비꽃
111,24,152,ko,보라색,보라,보라,보라색,보라,보라
175,16,10,ko,빨강,빨강,빨강,빨간색,빨강,빨강
32,230,151,ko,민트색,민트,민트,에메랄드색,에메랄드,에메랄드
106,162,189,ko,하늘색,하늘,하늘,청회색,청회,청회
105,137,154,ko,청회색,청회,청회,청회색,청회,청회
233,43,12,ko,빨강,빨강,빨강,다홍색,다홍,다홍
9,43,160,ko,파랑,파랑,파랑,파란색,파랑,파랑
189,225,119,ko,연두색,연두,연두,연두색,연두,연두
135,161,33,ko,연두색,연두,연두,올리브색,올리브,올리브
200,44,143,ko,자홍색,자홍,자홍,자주색,자주,자주
116,156,71,ko,연두색,연두,연두,올리브색,올리브,올리브
178,30,75,ko,자주색,자주,자주,자주색,자주,자주
120,138,157,ko,회색,회,회,회청색,회청,회청
131,222,208,ko,민트색,민트,민트,민트색,민트,민트
89,12,162,ko,보라색,보라,보라,보라색,보라,보라
129,227,26,ko,연두색,연두,연두,연두색,연두,연두
243,74,182,ko,분홍색,분홍,분홍,핫핑크색,핫핑크,핫핑크
251,131,181,ko,분홍색,분홍,분홍,핑크색,핑크,핑크
190,6,201,ko,자주색,자주,자주,마젠타,마젠타,마젠타
234,140,212,ko,분홍색,분홍,분홍,분홍색,분홍,분홍
54,248,5,ko,연두색,연두,연두,초록색,초록,초록
51,147,215,ko,파랑,파랑,파랑,파란색,파랑,파랑
228,139,119,ko,살몬색,살몬,살몬,코랄색,코랄,코랄
156,76,40,ko,갈색,갈,갈,적갈색,적갈,적갈
23,37,222,ko,파랑,파랑,파랑,파란색,파랑,파랑
112,161,88,ko,연두색,연두,연두,올리브색,올리브,올리브
128,56,213,ko,보라색,보라,보라,보라색,보라,보라
135,27,212,ko,보라색,보라,보라,보라색,보라,보라
169,192,64,ko,연두색,연두,연두,라임색,라임,라임
176,135,105,ko,베이지색,베이지,베이지,황토색,황토,황토
213,248,227,ko,연두색,연두,연두,민트색,민트,민트
14,197,128,ko,청록색,청록,청록,에메랄드 그린,에메랄드 그린,에메랄드그린
192,195,21,ko,노란색,노랑,노랑,연두색,연두,연두
224,136,213,ko,분홍색,분홍,분홍,연보라색,연보라,연보라
73,113,56,ko,초록색,초록,초록,국방색,국방,국방
192,38,62,ko,빨강,빨강,빨강,빨간색,빨강,빨강
216,202,169,ko,베이지,베이지,베이지,베이지,베이지,베이지
148,124,103,ko,갈색,갈,갈,토프색,토프,토프
207,145,16,ko,주황색,주황,주황,겨자색,겨자,겨자
13,90,23,ko,초록색,초록,초록,초록색,초록,초록
155,95,207,ko,보라색,보라,보라,보라색,보라,보라
134,127,177,ko,보라색,보라,보라,보라색,보라,보라
103,237,242,ko,청록색,청록,청록,청록색,청록,청록
157,145,52,ko,올리브색,올리브,올리브,올리브색,올리브,올리브
131,184,9,ko,초록색,초록,초록,연두색,연두,연두
155,74,55,ko,갈색,갈,갈,적갈색,적갈,적갈
136,115,60,ko,올리브색,올리브,올리브,카키색,카키,카키
160,111,41,ko,갈색,갈,갈,카멜색,카멜,카멜
224,223,165,ko,연노랑,연노랑,연노랑,연두색,연두,연두
64,243,253,ko,청록색,청록,청록,아쿠아색,아쿠아,아쿠아
10,133,45,ko,초록색,초록,초록,초록색,초록,초록
69,175,114,ko,초록색,초록,초록,초록색,초록,초록
125,10,52,ko,자주색,자주,자주,버건디,버건디,버건디
155,2,19,ko,빨강,빨강,빨강,빨강,빨강,빨강
115,25,112,ko,보라색,보라,보라,보라색,보라,보라
139,160,41,ko,올리브색,올리브,올리브,올리브색,올리브,올리브
63,186,167,ko,청록색,청록,청록,청록색,청록,청록
113,92,232,ko,보라색,보라,보라,남보라색,남보라,남보라
63,60,231,ko,파랑,파랑,파랑,군청색,군청,군청
128,106,216,ko,보라색,보라,보라,보라색,보라,보라
142,245,94,ko,연두색,연두,연두,연두색,연두,연두
198,32,213,ko,보라색,보라,보라,마젠타,마젠타,마젠타
163,249,21,ko,연두색,연두,연두,연두색,연두,연두
139,166,211,ko,하늘색,하늘,하늘,하늘색,하늘,하늘
129,78,240,ko,보라색,보라,보라,보라색,보라,보라
168,221,13,ko,연두색,연두,연두,연두색,연두,연두
231,171,110,ko,주황색,주황,주황,살구색,살구,살구
158,71,33,ko,주황색,주황,주황,벽돌색,벽돌,벽돌
151,228,61,ko,연두색,연두,연두,연두색,연두,연두
105,64,129,ko,보라색,보라,보라,보라색,보라,보라
136,203,2,ko,연두색,연두,연두,연두색,연두,연두
80,103,98,ko,청록색,청록,청록,회녹색,회녹,회녹
191,48,232,ko,보라색,보라,보라,보라색,보라,보라
158,190,88,ko,연두색,연두,연두,풀색,풀,풀
102,194,227,ko,하늘색,하늘,하늘,하늘색,하늘,하늘
48,0,216,ko,보라색,보라,보라,파랑,파랑,파랑
10,132,134,ko,청록색,청록,청록,청록색,청록,청록
23,25,160,ko,파란색,파랑,파랑,남색,남,남
31,104,28,ko,초록색,초록,초록,진초록색,진초록,진초록
140,2,113,ko,보라색,보라,보라,보라색,보라,보라
206,212,240,ko,연한 보라색,연 보라,연보라,연보라색,연보라,연보라
193,192,75,ko,올리브색,올리브,올리브,올리브색,올리브,올리브
194,105,53,ko,주황색,주황,주황,적갈색,적갈,적갈
64,228,1,ko,형광초록,형광초록,형광초록,라임색,라임,라임
177,242,146,ko,연두색,연두,연두,연두색,연두,연두
118,35,247,ko,보라색,보라,보라,보라색,보라,보라
49,60,150,ko,남색,남,남,군청색,군청,군청
205,15,176,ko,자홍색,자홍,자홍,마젠타,마젠타,마젠타
160,69,54,ko,갈색,갈,갈,적갈색,적갈,적갈
43,98,92,ko,청록색,청록,청록,짙은 청록색,짙은 청록,짙은청록
79,115,140,ko,회청색,회청,회청,청회색,청회,청회
210,68,137,ko,분홍색,분홍,분홍,자주색,자주,자주
246,16,146,ko,분홍색,분홍,분홍,핑크,핑크,핑크
190,251,211,ko,연두색,연두,연두,민트색,민트,민트
211,170,175,ko,연분홍,연분홍,연분홍,인디핑크,인디핑크,인디핑크
135,155,123,ko,카키색,카키,카키,세이지색,세이지,세이지
243,84,139,ko,분홍색,분홍,분홍,핫핑크,핫핑크,핫핑크
224,131,72,ko,주황색,주황,주황,주황색,주황,주황
31,9,162,ko,남색,남,남,파란색,파랑,파랑
206,60,199,ko,자홍색,자홍,자홍,마젠타,마젠타,마젠타
173,169,40,ko,올리브색,올리브,올리브,올리브색,올리브,올리브
227,84,240,ko,보라색,보라,보라,자주색,자주,자주
190,192,61,ko,황록색,황록,황록,연두색,연두,연두
254,26,49,ko,빨간색,빨강,빨강,빨강,빨강,빨강
88,241,171,ko,연두색,연두,연두,연두색,연두,연두
59,72,247,ko,파란색,파랑,파랑,파란색,파랑,파랑
20,21,110,ko,파란색,파랑,파랑,남색,남,남
87,37,228,ko,보라색,보라,보라,보라색,보라,보라
92,26,108,ko,보라색,보라,보라,자주색,자주,자주
174,137,32,ko,황토색,황토,황토,황금색,황금,황금
50,17,108,ko,보라색,보라,보라,보라색,보라,보라
161,127,74,ko,갈색,갈,갈,황토색,황토,황토
105,99,88,ko,회갈색,회갈,회갈,짙은 회갈색,짙은 회갈,짙은회갈
3,149,74,ko,초록색,초록,초록,초록색,초록,초록
64,126,248,ko,파란색,파랑,파랑,파랑,파랑,파랑
134,118,237,ko,보라색,보라,보라,라벤더색,라벤더,라벤더
130,76,102,ko,보라색,보라,보라,자주색,자주,자주
248,61,148,ko,분홍색,분홍,분홍,핫핑크색,핫핑크,핫핑크
1,28,152,ko,파란색,파랑,파랑,파란색,파랑,파랑
144,26,81,ko,자주색,자주,자주,자주색,자주,자주
64,214,168,ko,민트색,민트,민트,민트색,민트,민트
231,119,253,ko,보라색,보라,보라,연보라색,연보라,연보라
91,10,85,ko,보라색,보라,보라,자주색,자주,자주
113,78,229,ko,보라색,보라,보라,보라색,보라,보라
170,143,188,ko,보라색,보라,보라,보라색,보라,보라
187,26,207,ko,보라색,보라,보라,자주색,자주,자주
168,160,7,ko,올리브색,올리브,올리브,올리브색,올리브,올리브
14,107,186,ko,파랑,파랑,파랑,파란색,파랑,파랑
193,133,211,ko,보라색,보라,보라,연보라색,연보라,연보라
137,162,27,ko,연두색,연두,연두,올리브색,올리브,올리브
252,52,45,ko,빨강,빨강,빨강,빨강,빨강,빨강
35,15,226,ko,파랑,파랑,파랑,파란색,파랑,파랑
129,237,82,ko,연두색,연두,연두,연두색,연두,연두
54,85,117,ko,파란색,파랑,파랑,회청색,회청,회청
142,253,155,ko,연두색,연두,연두,연두색,연두,연두
31,152,37,ko,초록색,초록,초록,초록,초록,초록
147,201,130,ko,연두색,연두,연두,연두색,연두,연두
133,75,184,ko,보라색,보라,보라,보라색,보라,보라
25,73,150,ko,파란색,파랑,파랑,진한 파란색,진 파랑,진파랑
215,136,154,ko,연분홍,연분홍,연분홍,분홍색,분홍,분홍
210,240,220,ko,연두색,연두,연두,민트색,민트,민트
48,3,56,ko,자주색,자주,자주,보라색,보라,보라
95,217,35,ko,연두색,연두,연두,연두색,연두,연두
121,88,38,ko,갈색,갈,갈,갈색,갈,갈
165,112,232,ko,보라색,보라,보라,보라색,보라,보라
91,167,49,ko,초록색,초록,초록,초록색,초록,초록
134,156,67,ko,연두색,연두,연두,올리브색,올리브,올리브
42,14,149,ko,보라색,보라,보라,보라색,보라,보라
85,36,87,ko,보라색,보라,보라,가지색,가지,가지
206,229,18,ko,노랑,노랑,노랑,연두색,연두,연두
126,184,101,ko,연두색,연두,연두,쑥색,쑥,쑥
142,249,89,ko,연두색,연두,연두,연두색,연두,연두
0,0,127,ko,파란색,파랑,파랑,남색,남,남
236,241,245,ko,연회색,연회,연회,연한 하늘색,연 하늘,연하늘
30,105,27,ko,초록색,초록,초록,진초록색,진초록,진초록
63,124,220,ko,파란색,파랑,파랑,로열블루,로열블루,로열블루
252,27,121,ko,분홍색,분홍,분홍,핫핑크,핫핑크,핫핑크
69,111,15,ko,초록색,초록,초록,올리브색,올리브,올리브
170,190,107,ko,연두색,연두,연두,올리브색,올리브,올리브
121,88,104,ko,자주색,자주,자주,자주색,자주,자주
200,39,73,ko,빨강,빨강,빨강,진홍색,진홍,진홍
5,84,45,ko,초록색,초록,초록,초록색,초록,초록
83,73,243,ko,보라색,보라,보라,청보라색,청보라,청보라
15,212,46,ko,초록색,초록,초록,초록색,초록,초록
235,2,62,ko,빨강,빨강,빨강,핫핑크,핫핑크,핫핑크
50,64,153,ko,파란색,파랑,파랑,군청색,군청,군청
202,146,139,ko,분홍색,분홍,분홍,말린 장미색,말린 장미,말린장미
46,75,105,ko,남색,남,남,남색,남,남
230,7,106,ko,분홍색,분홍,분홍,핫핑크,핫핑크,핫핑크
241,116,48,ko,주황색,주황,주황,주황색,주황,주황
87,240,114,ko,연두색,연두,연두,연두색,연두,연두
25,83,132,ko,파란색,파랑,파랑,파란색,파랑,파랑
128,60,202,ko,보라색,보라,보라,보라색,보라,보라
254,241,101,ko,노란색,노랑,노랑,노란색,노랑,노랑
94,252,193,ko,민트색,민트,민트,민트색,민트,민트
65,150,8,ko,초록색,초록,초록,초록색,초록,초록
40,75,187,ko,파랑,파랑,파랑,파랑,파랑,파랑
162,188,221,ko,하늘색,하늘,하늘,하늘색,하늘,하늘
53,136,20,ko,초록색,초록,초록,초록,초록,초록
161,117,224,ko,보라색,보라,보라,보라색,보라,보라
91,59,178,ko,보라색,보라,보라,보라색,보라,보라
162,222,109,ko,연두색,연두,연두,연두색,연두,연두
222,54,158,ko,분홍색,분홍,분홍,마젠타,마젠타,마젠타
224,85,133,ko,분홍색,분홍,분홍,핫핑크,핫핑크,핫핑크
53,152,230,ko,파란색,파랑,파랑,파랑,파랑,파랑
62,80,138,ko,남색,남,남,남색,남,남
67,142,26,ko,초록색,초록,초록,초록색,초록,초록
114,227,118,ko,연두색,연두,연두,연두색,연두,연두
135,141,102,ko,카키색,카키,카키,올리브색,올리브,올리브
224,229,11,ko,노란색,노랑,노랑,노란색,노랑,노랑
8,122,39,ko,초록색,초록,초록,초록색,초록,초록
57,114,89,ko,초록색,초록,초록,청록색,청록,청록
158,162,200,ko,연보라색,연보라,연보라,연보라색,연보라,연보라
5,119,2,ko,초록색,초록,초록,초록,초록,초록
47,162,183,ko,청록색,청록,청록,청록색,청록,청록
178,211,36,ko,연두색,연두,연두,연두색,연두,연두
171,160,204,ko,연보라,연보라,연보라,연보라색,연보라,연보라
107,243,14,ko,연두색,연두,연두,연두색,연두,연두
243,211,199,ko,연분홍,연분홍,연분홍,살구색,살구,살구
37,114,78,ko,초록색,초록,초록,짙은 초록색,짙은 초록,짙은초록
196,93,107,ko,분홍색,분홍,분홍,말린 장미색,말린 장미,말린장미
120,121,21,ko,올리브색,올리브,올리브,올리브색,올리브,올리브
208,7,233,ko,자주색,자주,자주,자주색,자주,자주
58,62,121,ko,보라색,보라,보라,남색,남,남
68,64,157,ko,보라색,보라,보라,남보라색,남보라,남보라
210,231,21,ko,노란색,노랑,노랑,연두색,연두,연두
111,25,46,ko,자주색,자주,자주,버건디색,버건디,버건디
25,152,35,ko,초록색,초록,초록,초록색,초록,초록
252,154,217,ko,분홍색,분홍,분홍,분홍색,분홍,분홍
27,89,61,ko,초록색,초록,초록,진녹색,진녹,진녹
119,169,126,ko,초록색,초록,초록,쑥색,쑥,쑥
162,65,137,ko,자주색,자주,자주,자주색,자주,자주
192,211,160,ko,연두색,연두,연두,연두색,연두,연두
125,107,92,ko,회갈색,회갈,회갈,갈색,갈,갈
107,174,15,ko,연두색,연두,연두,연두색,연두,연두
8,190,199,ko,청록색,청록,청록,청록색,청록,청록
166,247,229,ko,민트색,민트,민트,아쿠아색,아쿠아,아쿠아
248,255,111,ko,노란색,노랑,노랑,연노란색,연노랑,연노랑
61,132,69,ko,초록색,초록,초록,짙은 녹색,짙은 녹,짙은녹
91,237,164,ko,민트색,민트,민트,연두색,연두,연두
18,167,196,ko,청록색,청록,청록,청록색,청록,청록
115,117,153,ko,보라색,보라,보라,회보라색,회보라,회보라
42,147,206,ko,파랑,파랑,파랑,파란색,파랑,파랑
189,18,232,ko,보라색,보라,보라,자주색,자주,자주
81,4,72,ko,보라색,보라,보라,자주색,자주,자주
73,200,125,ko,초록색,초록,초록,초록색,초록,초록
212,207,80,ko,노란색,노랑,노랑,연두색,연두,연두
74,168,83,ko,초록색,초록,초록,초록색,초록,초록
209,45,144,ko,분홍색,분홍,분홍,자홍색,자홍,자홍
59,234,230,ko,터키석색,터키석,터키석,청록색,청록,청록
160,155,154,ko,회색,회,회,회색,회,회
102,42,188,ko,보라색,보라,보라,보라색,보라,보라
206,15,144,ko,자홍색,자홍,자홍,마젠타,마젠타,마젠타
168,188,163,ko,연두색,연두,연두,쑥색,쑥,쑥
51,253,227,ko,청록색,청록,청록,청록색,청록,청록
10,245,17,ko,초록색,초록,초록,초록색,초록,초록
231,165,248,ko,연보라색,연보라,연보라,연보라색,연보라,연보라
221,162,190,ko,분홍색,분홍,분홍,분홍색,분홍,분홍
207,171,98,ko,황토색,황토,황토,황토색,황토,황토
246,46,118,ko,분홍색,분홍,분홍,핫핑크,핫핑크,핫핑크
238,165,201,ko,분홍색,분홍,분홍,핑크색,핑크,핑크
99,73,253,ko,보라색,보라,보라,청보라색,청보라,청보라
196,205,104,ko,연두색,연두,연두,연두색,연두,연두
173,236,172,ko,연두색,연두,연두,연두색,연두,연두
37,221,246,ko,청록색,청록,청록,하늘색,하늘,하늘
53,102,35,ko,초록색,초록,초록,진초록,진초록,진초록
218,205,161,ko,카키색,카키,카키,베이지색,베이지,베이지
161,19,251,ko,보라색,보라,보라,보라색,보라,보라
244,178,243,ko,연분홍,연분홍,연분홍,연보라,연보라,연보라
56,216,11,ko,초록색,초록,초록,초록색,초록,초록
47,97,100,ko,청록색,청록,청록,청록색,청록,청록
92,164,17,ko,초록색,초록,초록,초록,초록,초록
93,186,69,ko,연두색,연두,연두,초록색,초록,초록
88,58,218,ko,보라색,보라,보라,보라색,보라,보라
115,159,92,ko,연두색,연두,연두,올리브색,올리브,올리브
126,87,202,ko,보라색,보라,보라,보라색,보라,보라
118,184,57,ko,연두색,연두,연두,연두색,연두,연두
88,81,106,ko,회색,회,회,회보라색,회보라,회보라
183,246,19,ko,연두색,연두,연두,라임색,라임,라임
24,247,125,ko,연두색,연두,연두,라임색,라임,라임
177,37,17,ko,빨간색,빨강,빨강,빨간색,빨강,빨강
211,174,156,ko,살구색,살구,살구,말린 장미색,말린 장미,말린장미
240,230,160,ko,연노랑,연노랑,연노랑,연노란색,연노랑,연노랑
87,198,151,ko,민트색,민트,민트,민트색,민트,민트
185,48,28,ko,빨강,빨강,빨강,벽돌색,벽돌,벽돌
77,211,163,ko,민트색,민트,민트,민트색,민트,민트
201,94,253,ko,보라색,보라,보라,보라색,보라,보라
1,192,128,ko,초록색,초록,초록,초록색,초록,초록
61,41,122,ko,보라색,보라,보라,보라색,보라,보라
231,171,130,ko,살구색,살구,살구,살구색,살구,살구
253,96,86,ko,코랄,코랄,코랄,다홍색,다홍,다홍
4,4,192,ko,파랑,파랑,파랑,파란색,파랑,파랑
6,227,244,ko,청록색,청록,청록,청록색,청록,청록
27,67,85,ko,청록색,청록,청록,청록색,청록,청록
121,50,109,ko,보라색,보라,보라,자주색,자주,자주
221,67,39,ko,주황색,주황,주황,주황색,주황,주황
159,81,242,ko,보라색,보라,보라,보라색,보라,보라
90,43,12,ko,갈색,갈,갈,갈색,갈,갈
162,36,31,ko,빨간색,빨강,빨강,벽돌색,벽돌,벽돌
206,49,115,ko,분홍색,분홍,분홍,마젠타색,마젠타,마젠타
252,76,40,ko,주황색,주황,주황,다홍색,다홍,다홍
72,59,119,ko,보라색,보라,보라,보라색,보라,보라
35,145,77,ko,초록색,초록,초록,녹색,녹,녹
84,59,69,ko,자주색,자주,자주,자주색,자주,자주
97,167,244,ko,파란색,파랑,파랑,하늘색,하늘,하늘
51,146,106,ko,초록색,초록,초록,청록색,청록,청록
85,185,54,ko,연두색,연두,연두,연두색,연두,연두
246,87,59,ko,주황색,주황,주황,다홍색,다홍,다홍
174,162,0,ko,올리브색,올리브,올리브,겨자색,겨자,겨자
211,136,170,ko,분홍색,분홍,분홍,핑크색,핑크,핑크
227,76,212,ko,분홍색,분홍,분홍,자주색,자주,자주
157,249,67,ko,연두색,연두,연두,연두색,연두,연두
113,106,164,ko,보라색,보라,보라,보라색,보라,보라
177,122,145,ko,분홍색,분홍,분홍,자주색,자주,자주
244,161,166,ko,분홍색,분홍,분홍,분홍색,분홍,분홍
38,100,231,ko,파란색,파랑,파랑,파란색,파랑,파랑
154,15,28,ko,빨간색,빨강,빨강,심홍색,심홍,심홍
183,245,246,ko,하늘색,하늘,하늘,하늘색,하늘,하늘
150,252,89,ko,연두색,연두,연두,연두색,연두,연두
7,208,202,ko,청록색,청록,청록,터키색,터키,터키
121,98,66,ko,갈색,갈,갈,갈색,갈,갈
251,241,248,ko,연분홍,연분홍,연분홍,연분홍색,연분홍,연분홍
18,248,213,ko,청록색,청록,청록,청록색,청록,청록
123,212,194,ko,민트색,민트,민트,청록색,청록,청록
215,134,94,ko,살구색,살구,살구,황토색,황토,황토
4,227,198,ko,터키색,터키,터키,청록색,청록,청록
201,41,147,ko,자홍색,자홍,자홍,자홍색,자홍,자홍
167,163,254,ko,연보라색,연보라,연보라,연보라색,연보라,연보라
245,137,33,ko,주황색,주황,주황,주황색,주황,주황
243,96,138,ko,분홍색,분홍,분홍,분홍색,분홍,분홍
190,25,217,ko,보라색,보라,보라,자주색,자주,자주
82,97,106,ko,청회색,청회,청회,청회색,청회,청회
148,158,93,ko,올리브색,올리브,올리브,올리브색,올리브,올리브
51,56,243,ko,파란색,파랑,파랑,파란색,파랑,파랑
234,244,114,ko,연두색,연두,연두,연노랑,연노랑,연노랑
62,186,15,ko,연두색,연두,연두,초록색,초록,초록
32,27,35,ko,검정색,검정,검정,짙은 회색,짙은 회,짙은회
144,186,220,ko,하늘색,하늘,하늘,하늘색,하늘,하늘
220,36,143,ko,분홍색,분홍,분홍,진분홍,진분홍,진분홍
205,19,151,ko,자홍색,자홍,자홍,자홍색,자홍,자홍
107,238,156,ko,연두색,연두,연두,민트색,민트,민트
220,72,40,ko,주황색,주황,주황,다홍색,다홍,다홍
125,40,231,ko,보라색,보라,보라,보라색,보라,보라
11,180,161,ko,청록색,청록,청록,청록색,청록,청록
160,240,106,ko,연두색,연두,연두,연두색,연두,연두
168,158,52,ko,올리브색,올리브,올리브,올리브색,올리브,올리브
36,109,136,ko,청록색,청록,청록,청록색,청록,청록
245,104,167,ko,분홍색,분홍,분홍,분홍색,분홍,분홍
51,53,80,ko,남색,남,남,남색,남,남
206,143,163,ko,연분홍,연분홍,연분홍,말린 장미색,말린 장미,말린장미
27,12,67,ko,남색,남,남,남색,남,남
58,214,33,ko,연두색,연두,연두,연두색,연두,연두
86,217,102,ko,연두색,연두,연두,연두색,연두,연두
39,67,73,ko,청록색,청록,청록,청록색,청록,청록
209,230,86,ko,연두색,연두,연두,연두색,연두,연두
163,242,158,ko,연두색,연두,연두,연두색,연두,연두
198,108,235,ko,보라색,보라,보라,보라색,보라,보라
102,188,204,ko,하늘색,하늘,하늘,청록색,청록,청록
207,63,90,ko,빨강,빨강,빨강,자홍색,자홍,자홍
46,191,153,ko,청록색,청록,청록,청록색,청록,청록
219,96,83,ko,주황색,주황,주황,다홍색,다홍,다홍
42,145,175,ko,청록색,청록,청록,청록색,청록,청록
246,213,100,ko,노란색,노랑,노랑,노란색,노랑,노랑
113,178,79,ko,연두색,연두,연두,풀색,풀,풀
168,251,206,ko,연두색,연두,연두,민트색,민트,민트
92,42,208,ko,보라색,보라,보라,보라색,보라,보라
87,79,207,ko,보라색,보라,보라,청보라색,청보라,청보라
83,192,141,ko,연두색,연두,연두,민트색,민트,민트
125,201,93,ko,연두색,연두,연두,연두색,연두,연두
198,219,151,ko,연두색,연두,연두,연두색,연두,연두
108,88,15,ko,올리브색,올리브,올리브,올리브색,올리브,올리브
139,25,190,ko,보라색,보라,보라,보라색,보라,보라
6,102,93,ko,청록색,청록,청록,짙은 청록색,짙은 청록,짙은청록
20,241,17,ko,연두색,연두,연두,초록색,초록,초록
181,26,124,ko,자홍색,자홍,자홍,마젠타,마젠타,마젠타
153,165,227,ko,연한 파랑,연 파랑,연파랑,하늘색,하늘,하늘
197,240,145,ko,연두색,연두,연두,연두색,연두,연두
59,64,224,ko,파랑,파랑,파랑,로얄블루,로얄블루,로얄블루
89,177,121,ko,초록색,초록,초록,쑥색,쑥,쑥
171,94,96,ko,분홍색,분홍,분홍,벽돌색,벽돌,벽돌
63,245,231,ko,청록색,청록,청록,청록색,청록,청록
98,159,93,ko,연두색,연두,연두,쑥색,쑥,쑥
218,141,165,ko,분홍색,분홍,분홍,분홍색,분홍,분홍
83,27,114,ko,보라색,보라,보라,보라색,보라,보라
33,69,91,ko,청록색,청록,청록,남색,남,남
12,198,51,ko,초록색,초록,초록,초록색,초록,초록
162,218,255,ko,하늘색,하늘,하늘,하늘색,하늘,하늘
30,10,245,ko,파랑,파랑,파랑,파란색,파랑,파랑
115,184,127,ko,연두색,연두,연두,풀색,풀,풀
101,200,243,ko,하늘색,하늘,하늘,하늘색,하늘,하늘
34,226,176,ko,민트색,민트,민트,민트색,민트,민트
153,0,82,ko,자홍색,자홍,자홍,자주색,자주,자주
106,237,191,ko,민트색,민트,민트,청록색,청록,청록
161,129,134,ko,분홍색,분홍,분홍,말린 장미색,말린 장미,말린장미
253,204,194,ko,분홍색,분홍,분홍,분홍색,분홍,분홍
249,62,49,ko,빨강,빨강,빨강,주홍색,주홍,주홍
144,170,52,ko,연두색,연두,연두,연두색,연두,연두
252,11,139,ko,자홍색,자홍,자홍,핫핑크,핫핑크,핫핑크
248,83,241,ko,분홍색,분홍,분홍,마젠타색,마젠타,마젠타
229,9,200,ko,자홍색,자홍,자홍,마젠타,마젠타,마젠타
193,52,50,ko,빨강,빨강,빨강,빨간색,빨강,빨강
84,198,135,ko,초록색,초록,초록,민트색,민트,민트
226,176,168,ko,연한 살구색,연 살구,연살구,인디핑크,인디핑크,인디핑크
150,234,7,ko,연두색,연두,연두,라임색,라임,라임
144,118,100,ko,갈색,갈,갈,회갈색,회갈,회갈
187,21,155,ko,자홍색,자홍,자홍,마젠타,마젠타,마젠타
220,196,50,ko,노란색,노랑,노랑,겨자색,겨자,겨자
76,45,73,ko,자주색,자주,자주,보라색,보라,보라
146,155,226,ko,연보라색,연보라,연보라,청보라색,청보라,청보라
44,104,36,ko,초록색,초록,초록,숲색,숲,숲
45,219,106,ko,초록색,초록,초록,연두색,연두,연두
129,145,9,ko,올리브색,올리브,올리브,올리브색,올리브,올리브
181,179,181,ko,회색,회,회,연회색,연회,연회
98,243,7,ko,연두색,연두,연두,연두색,연두,연두
148,127,255,ko,보라색,보라,보라,연보라색,연보라,연보라
97,137,7,ko,연두색,연두,연두,올리브색,올리브,올리브
243,217,119,ko,노란색,노랑,노랑,연노란색,연노랑,연노랑
184,190,44,ko,노란색,노랑,노랑,황록색,황록,황록
51,55,9,ko,올리브색,올리브,올리브,국방색,국방,국방
30,98,111,ko,청록색,청록,청록,청록색,청록,청록
205,212,25,ko,노란색,노랑,노랑,연두색,연두,연두
54,95,10,ko,초록색,초록,초록,짙은 초록색,짙은 초록,짙은초록
200,246,25,ko,연두색,연두,연두,형광 연두색,형광 연두,형광연두
29,135,139,ko,청록색,청록,청록,청록색,청록,청록
110,104,68,ko,카키색,카키,카키,국방색,국방,국방
246,21,210,ko,자홍색,자홍,자홍,마젠타,마젠타,마젠타
169,95,54,ko,주황색,주황,주황,벽돌색,벽돌,벽돌
201,16,104,ko,분홍색,분홍,분홍,마젠타색,마젠타,마젠타
31,249,74,ko,형광초록,형광초록,형광초록,연두색,연두,연두
139,83,141,ko,보라색,보라,보라,보라색,보라,보라
209,198,140,ko,베이지,베이지,베이지,연겨자색,연겨자,연겨자
255,96,44,ko,주황색,주황,주황,주황색,주황,주황
19,8,244,ko,파랑,파랑,파랑,파랑,파랑,파랑
51,154,117,ko,청록색,청록,청록,청록색,청록,청록
98,76,16,ko,갈색,갈,갈,올리브색,올리브,올리브
191,67,187,ko,보라색,보라,보라,자주색,자주,자주
65,147,88,ko,초록색,초록,초록,녹색,녹,녹
23,223,190,ko,청록색,청록,청록,청록색,청록,청록
11,163,113,ko,초록색,초록,초록,초록,초록,초록
139,248,156,ko,연두색,연두,연두,연두색,연두,연두
131,60,30,ko,갈색,갈,갈,벽돌색,벽돌,벽돌
172,78,36,ko,주황색,주황,주황,벽돌색,벽돌,벽돌
123,95,74,ko,갈색,갈,갈,갈색,갈,갈
247,140,172,ko,분홍색,분홍,분홍,분홍색,분홍,분홍
41,7,175,ko,보라색,보라,보라,청색,청,청
34,42,76,ko,남색,남,남,남색,남,남
25,67,217,ko,파란색,파랑,파랑,파란색,파랑,파랑
184,223,45,ko,연두색,연두,연두,연두색,연두,연두
145,42,152,ko,보라색,보라,보라,보라색,보라,보라
9,216,13,ko,연두색,연두,연두,초록색,초록,초록
50,157,83,ko,초록색,초록,초록,초록색,초록,초록
110,19,140,ko,보라색,보라,보라,보라색,보라,보라
197,168,74,ko,금색,금,금,겨자색,겨자,겨자
7,38,8,ko,짙은 녹색,짙은 녹,짙은녹,짙은 녹색,짙은 녹,짙은녹
135,89,213,ko,보라색,보라,보라,보라색,보라,보라
33,243,91,ko,초록색,초록,초록,연두색,연두,연두
157,47,84,ko,자주색,자주,자주,자주색,자주,자주
218,206,3,ko,노랑,노랑,노랑,노란색,노랑,노랑
16,239,35,ko,연두색,연두,연두,라임색,라임,라임
183,194,191,ko,회색,회,회,청회색,청회,청회
217,41,141,ko,자홍색,자홍,자홍,자홍색,자홍,자홍
230,136,138,ko,분홍색,분홍,분홍,분홍색,분홍,분홍
210,19,253,ko,보라색,보라,보라,자홍색,자홍,자홍
241,135,102,ko,살구색,살구,살구,코랄색,코랄,코랄
200,107,237,ko,보라색,보라,보라,보라색,보라,보라
124,197,214,ko,하늘색,하늘,하늘,하늘색,하늘,하늘
255,159,60,ko,주황색,주황,주황,주황색,주황,주황
110,21,94,ko,보라색,보라,보라,보라색,보라,보라
46,125,9,ko,초록색,초록,초록,초록색,초록,초록
61,144,161,ko,청록색,청록,청록,청록색,청록,청록
196,40,149,ko,자홍색,자홍,자홍,마젠타,마젠타,마젠타
117,0,6,ko,적색,적,적,어두운 빨강,어두운 빨강,어두운빨강
42,83,179,ko,파란색,파랑,파랑,파란색,파랑,파랑
218,43,178,ko,자홍색,자홍,자홍,마젠타,마젠타,마젠타
133,12,114,ko,보라색,보라,보라,보라색,보라,보라
104,231,144,ko,연두색,연두,연두,연두색,연두,연두
74,204,109,ko,연두색,연두,연두,초록색,초록,초록
205,19,138,ko,자홍색,자홍,자홍,마젠타,마젠타,마젠타
197,241,32,ko,연두색,연두,연두,라임색,라임,라임
40,73,37,ko,초록색,초록,초록,짙은 녹색,짙은 녹,짙은녹
107,139,229,ko,파란색,파랑,파랑,파란색,파랑,파랑
208,122,197,ko,보라색,보라,보라,자주색,자주,자주
236,252,166,ko,연두색,연두,연두,연노란색,연노랑,연노랑
169,21,93,ko,자주색,자주,자주,자주색,자주,자주
6,162,127,ko,청록색,청록,청록,청록색,청록,청록
149,135,72,ko,카키색,카키,카키,카키색,카키,카키
48,3,228,ko,파랑,파랑,파랑,파란색,파랑,파랑
233,174,12,ko,노랑,노랑,노랑,황금색,황금,황금
204,125,150,ko,분홍색,분홍,분홍,말린장미색,말린장미,말린장미
73,33,68,ko,자주색,자주,자주,가지색,가지,가지
147,81,8,ko,갈색,갈,갈,갈색,갈,갈
33,9,61,ko,보라색,보라,보라,남색,남,남
184,135,45,ko,금색,금,금,황토색,황토,황토
56,199,67,ko,초록색,초록,초록,라임색,라임,라임
49,188,24,ko,초록색,초록,초록,라임색,라임,라임
174,236,157,ko,연두색,연두,연두,연두색,연두,연두
54,73,7,ko,올리브색,올리브,올리브,올리브색,올리브,올리브
96,7,78,ko,자주색,자주,자주,자주색,자주,자주
11,220,11,ko,초록색,초록,초록,초록색,초록,초록
207,33,192,ko,마젠타,마젠타,마젠타,마젠타,마젠타,마젠타
75,37,133,ko,보라색,보라,보라,보라색,보라,보라
50,111,248,ko,파란색,파랑,파랑,파란색,파랑,파랑
74,64,135,ko,보라색,보라,보라,보라색,보라,보라
52,157,204,ko,하늘색,하늘,하늘,파란색,파랑,파랑
8,90,21,ko,초록색,초록,초록,진녹색,진녹,진녹
230,45,121,ko,분홍색,분홍,분홍,핑크,핑크,핑크
24,241,31,ko,초록색,초록,초록,초록색,초록,초록
128,55,190,ko,보라색,보라,보라,보라색,보라,보라
178,74,97,ko,분홍색,분홍,분홍,진분홍,진분홍,진분홍
22,11,169,ko,파랑,파랑,파랑,파란색,파랑,파랑
72,77,207,ko,파랑,파랑,파랑,로얄 블루,로얄 블루,로얄블루
53,169,67,ko,초록색,초록,초록,초록색,초록,초록
70,63,167,ko,보라색,보라,보라,청보라색,청보라,청보라
124,228,129,ko,연두색,연두,연두,연두색,연두,연두
71,231,36,ko,연두색,연두,연두,라임색,라임,라임
136,67,111,ko,자주색,자주,자주,자주색,자주,자주
144,192,6,ko,연두색,연두,연두,라임색,라임,라임
142,141,215,ko,보라색,보라,보라,연보라색,연보라,연보라
60,246,86,ko,연두색,연두,연두,초록색,초록,초록
102,109,153,ko,보라색,보라,보라,청보라색,청보라,청보라
110,127,78,ko,올리브색,올리브,올리브,올리브색,올리브,올리브
24,67,150,ko,파랑,파랑,파랑,로열블루,로열블루,로열블루
12,50,187,ko,파랑,파랑,파랑,파랑,파랑,파랑
0,132,241,ko,파란색,파랑,파랑,파랑,파랑,파랑
187,39,138,ko,자홍색,자홍,자홍,자홍색,자홍,자홍
237,131,168,ko,분홍색,분홍,분홍,분홍색,분홍,분홍
109,61,232,ko,보라색,보라,보라,보라색,보라,보라
173,19,69,ko,자주색,자주,자주,자홍색,자홍,자홍
22,175,193,ko,청록색,청록,청록,터키색,터키,터키
196,251,52,ko,연두색,연두,연두,라임색,라임,라임
91,253,178,ko,민트색,민트,민트,민트색,민트,민트
149,42,225,ko,보라색,보라,보라,보라색,보라,보라
212,187,141,ko,베이지,베이지,베이지,베이지,베이지,베이지
134,232,249,ko,하늘색,하늘,하늘,하늘색,하늘,하늘
175,165,3,ko,노란색,노랑,노랑,올리브색,올리브,올리브
210,244,67,ko,연두색,연두,연두,라임색,라임,라임
253,214,246,ko,연분홍,연분홍,연분홍,분홍색,분홍,분홍
104,253,82,ko,연두색,연두,연두,연두색,연두,연두
65,153,47,ko,초록색,초록,초록,초록색,초록,초록
97,125,105,ko,회색,회,회,쑥색,쑥,쑥
192,74,181,ko,보라색,보라,보라,자주색,자주,자주
86,40,81,ko,보라색,보라,보라,가지색,가지,가지
49,9,192,ko,보라색,보라,보라,남색,남,남
235,206,32,ko,노란색,노랑,노랑,노랑,노랑,노랑
177,146,100,ko,베이지,베이지,베이지,황갈색,황갈,황갈
63,10,181,ko,보라색,보라,보라,청보라색,청보라,청보라
83,216,38,ko,연두색,연두,연두,연두색,연두,연두
6,59,102,ko,파란색,파랑,파랑,남색,남,남
182,201,117,ko,연두색,연두,연두,연두색,연두,연두
251,47,164,ko,분홍색,분홍,분홍,핫핑크,핫핑크,핫핑크
107,225,222,ko,민트색,민트,민트,청록색,청록,청록
112,109,32,ko,올리브색,올리브,올리브,올리브색,올리브,올리브
68,31,186,ko,보라색,보라,보라,남보라색,남보라,남보라
89,230,112,ko,연두색,연두,연두,연두색,연두,연두
152,96,125,ko,자주색,자주,자주,모브,모브,모브
85,109,68,ko,카키색,카키,카키,국방색,국방,국방
68,83,178,ko,파랑,파랑,파랑,군청색,군청,군청
191,178,178,ko,회갈색,회갈,회갈,옅은 회색,옅은 회,옅은회
2,159,48,ko,초록색,초록,초록,초록색,초록,초록
14,55,34,ko,짙은 초록색,짙은 초록,짙은초록,진초록,진초록,진초록
51,248,159,ko,민트색,민트,민트,라임색,라임,라임
6,161,30,ko,초록색,초록,초록,초록색,초록,초록
229,177,40,ko,노란색,노랑,노랑,황토색,황토,황토
75,48,112,ko,보라색,보라,보라,가지색,가지,가지
232,246,39,ko,노란색,노랑,노랑,노란색,노랑,노랑
83,215,250,ko,하늘색,하늘,하늘,하늘색,하늘,하늘
83,184,133,ko,초록색,초록,초록,민트색,민트,민트
131,152,154,ko,회색,회,회,회청색,회청,회청
232,179,254,ko,연보라,연보라,연보라,연보라색,연보라,연보라
58,77,163,ko,파란색,파랑,파랑,파란색,파랑,파랑
91,135,163,ko,청회색,청회,청회,파란색,파랑,파랑
15,99,127,ko,청록색,청록,청록,청록색,청록,청록
196,9,179,ko,보라색,보라,보라,마젠타,마젠타,마젠타
152,64,233,ko,보라색,보라,보라,보라색,보라,보라
51,228,118,ko,연두색,연두,연두,초록,초록,초록
141,171,81,ko,연두색,연두,연두,올리브 그린,올리브 그린,올리브그린
225,176,31,ko,노랑,노랑,노랑,황금색,황금,황금
194,232,198,ko,연두색,연두,연두,민트색,민트,민트
108,25,197,ko,보라색,보라,보라,보라색,보라,보라
153,180,149,ko,연두색,연두,연두,쑥색,쑥,쑥
96,201,196,ko,청록색,청록,청록,청록색,청록,청록
178,158,192,ko,연보라색,연보라,연보라,라벤더색,라벤더,라벤더
152,43,206,ko,보라색,보라,보라,보라색,보라,보라
105,16,248,ko,보라색,보라,보라,보라색,보라,보라
62,93,16,ko,올리브색,올리브,올리브,올리브색,올리브,올리브
237,179,40,ko,노란색,노랑,노랑,귤색,귤,귤
232,2,92,ko,분홍색,분홍,분홍,진분홍,진분홍,진분홍
194,5,60,ko,진홍색,진홍,진홍,진홍색,진홍,진홍
43,109,208,ko,파란색,파랑,파랑,파란색,파랑,파랑
106,190,227,ko,하늘색,하늘,하늘,하늘색,하늘,하늘
192,29,130,ko,자주색,자주,자주,마젠타,마젠타,마젠타
33,25,206,ko,파랑,파랑,파랑,파란색,파랑,파랑
132,28,66,ko,자주색,자주,자주,자주색,자주,자주
159,105,195,ko,보라색,보라,보라,보라색,보라,보라
219,152,86,ko,주황색,주황,주황,황토색,황토,황토
217,181,148,ko,베이지색,베이지,베이지,베이지,베이지,베이지
85,193,96,ko,초록색,초록,초록,초록,초록,초록
82,34,29,ko,갈색,갈,갈,밤색,밤,밤
191,46,68,ko,빨강,빨강,빨강,진홍색,진홍,진홍
190,93,132,ko,분홍색,분홍,분홍,자홍색,자홍,자홍
139,230,178,ko,연두색,연두,연두,민트색,민트,민트
253,74,213,ko,분홍색,분홍,분홍,분홍색,분홍,분홍
88,92,62,ko,카키색,카키,카키,국방색,국방,국방
253,222,245,ko,연분홍,연분홍,연분홍,연분홍,연분홍,연분홍
34,238,81,ko,초록색,초록,초록,초록색,초록,초록
239,235,65,ko,노란색,노랑,노랑,노란색,노랑,노랑
82,233,240,ko,청록색,청록,청록,청록색,청록,청록
90,34,212,ko,보라색,보라,보라,보라색,보라,보라
57,239,185,ko,민트색,민트,민트,민트색,민트,민트
8,137,56,ko,초록색,초록,초록,초록색,초록,초록
219,189,85,ko,노란색,노랑,노랑,황금색,황금,황금
245,7,114,ko,분홍색,분홍,분홍,핫핑크,핫핑크,핫핑크
76,144,7,ko,연두색,연두,연두,올리브 그린,올리브 그린,올리브그린
111,1,117,ko,보라색,보라,보라,보라색,보라,보라
129,109,16,ko,올리브색,올리브,올리브,올리브색,올리브,올리브
50,137,216,ko,파란색,파랑,파랑,파랑,파랑,파랑
184,206,29,ko,연두색,연두,연두,연두색,연두,연두
252,194,45,ko,노란색,노랑,노랑,귤색,귤,귤
118,186,92,ko,연두색,연두,연두,초록,초록,초록
227,32,101,ko,분홍색,분홍,분홍,핫핑크,핫핑크,핫핑크
41,109,251,ko,파랑,파랑,파랑,파랑,파랑,파랑
170,143,194,ko,연보라,연보라,연보라,보라색,보라,보라
1,21,7,ko,초록색,초록,초록,짙은 초록,짙은 초록,짙은초록
5,174,253,ko,하늘색,하늘,하늘,파란색,파랑,파랑
145,64,236,ko,보라색,보라,보라,보라색,보라,보라
150,177,82,ko,연두색,연두,연두,올리브색,올리브,올리브
111,138,132,ko,회녹색,회녹,회녹,비취색,비취,비취
213,4,174,ko,자홍색,자홍,자홍,자홍색,자홍,자홍
150,29,159,ko,보라색,보라,보라,보라색,보라,보라
56,184,105,ko,초록색,초록,초록,초록색,초록,초록
118,149,6,ko,연두색,연두,연두,올리브색,올리브,올리브
193,84,21,ko,주황색,주황,주황,벽돌색,벽돌,벽돌
244,188,114,ko,주황색,주황,주황,살구색,살구,살구
178,177,218,ko,연보라색,연보라,연보라,라벤더색,라벤더,라벤더
18,161,14,ko,초록색,초록,초록,초록색,초록,초록
120,129,136,ko,회색,회,회,청회색,청회,청회
3,43,124,ko,파란색,파랑,파랑,남색,남,남
6,125,242,ko,파란색,파랑,파랑,파란색,파랑,파랑
113,137,51,ko,올리브색,올리브,올리브,국방색,국방,국방
24,169,33,ko,초록색,초록,초록,초록,초록,초록
179,216,17,ko,연두색,연두,연두,연두색,연두,연두
48,159,128,ko,청록색,청록,청록,청록색,청록,청록
252,115,96,ko,코랄,코랄,코랄,다홍색,다홍,다홍
66,41,251,ko,파랑,파랑,파랑,파란색,파랑,파랑
195,28,185,ko,자홍색,자홍,자홍,자홍색,자홍,자홍
178,255,139,ko,연두색,연두,연두,연두색,연두,연두
249,60,95,ko,분홍색,분홍,분홍,핫핑크색,핫핑크,핫핑크
53,196,221,ko,청록색,청록,청록,터키색,터키,터키
118,5,58,ko,자주색,자주,자주,버건디,버건디,버건디
243,253,192,ko,연두색,연두,연두,연노랑,연노랑,연노랑
29,63,189,ko,파랑,파랑,파랑,파란색,파랑,파랑
16,2,213,ko,파랑,파랑,파랑,파란색,파랑,파랑
130,74,188,ko,보라색,보라,보라,보라색,보라,보라
225,58,144,ko,분홍색,분홍,분홍,핫핑크,핫핑크,핫핑크
181,110,146,ko,분홍색,분홍,분홍,장미색,장미,장미
200,165,232,ko,연보라색,연보라,연보라,연보라색,연보라,연보라
176,241,8,ko,연두색,연두,연두,연두색,연두,연두
135,184,243,ko,하늘색,하늘,하늘,하늘색,하늘,하늘
24,122,170,ko,파란색,파랑,파랑,파란색,파랑,파랑
118,31,174,ko,보라색,보라,보라,보라색,보라,보라
180,231,181,ko,연두색,연두,연두,연두색,연두,연두
43,31,128,ko,남색,남,남,남색,남,남
37,173,88,ko,초록색,초록,초록,초록,초록,초록
202,179,149,ko,베이지,베이지,베이지,베이지색,베이지,베이지
146,177,28,ko,연두색,연두,연두,연두색,연두,연두
141,41,20,ko,적갈색,적갈,적갈,벽돌색,벽돌,벽돌
172,2,166,ko,보라색,보라,보라,자주색,자주,자주
224,130,63,ko,주황색,주황,주황,주황색,주황,주황
247,86,222,ko,분홍색,분홍,분홍,분홍색,분홍,분홍
130,136,9,ko,올리브색,올리브,올리브,올리브색,올리브,올리브
231,211,233,ko,연보라,연보라,연보라,연보라색,연보라,연보라
227,33,59,ko,빨간색,빨강,빨강,빨강,빨강,빨강
133,139,150,ko,회색,회,회,청회색,청회,청회
152,215,132,ko,연두색,연두,연두,연두색,연두,연두
195,42,54,ko,빨강,빨강,빨강,빨간색,빨강,빨강
206,253,136,ko,연두색,연두,연두,연두색,연두,연두
73,141,55,ko,초록색,초록,초록,초록,초록,초록
31,89,180,ko,파랑,파랑,파랑,파란색,파랑,파랑
48,132,10,ko,초록색,초록,초록,초록색,초록,초록
253,97,137,ko,분홍색,분홍,분홍,핫핑크,핫핑크,핫핑크
27,23,132,ko,남색,남,남,남색,남,남
17,142,233,ko,파랑,파랑,파랑,파란색,파랑,파랑
55,180,78,ko,초록색,초록,초록,초록색,초록,초록
173,93,243,ko,보라색,보라,보라,보라색,보라,보라
59,231,163,ko,민트색,민트,민트,민트색,민트,민트
58,66,136,ko,남색,남,남,남색,남,남
172,63,163,ko,보라색,보라,보라,보라색,보라,보라
95,106,46,ko,올리브색,올리브,올리브,국방색,국방,국방
159,108,99,ko,갈색,갈,갈,벽돌색,벽돌,벽돌
119,85,144,ko,보라색,보라,보라,보라색,보라,보라
143,63,68,ko,갈색,갈,갈,벽돌색,벽돌,벽돌
248,28,211,ko,분홍색,분홍,분홍,마젠타,마젠타,마젠타
163,124,255,ko,보라색,보라,보라,보라색,보라,보라
32,181,13,ko,초록색,초록,초록,초록색,초록,초록
17,64,27,ko,진한 초록색,진 초록,진초록,짙은 초록,짙은 초록,짙은초록
73,86,170,ko,보라색,보라,보라,남색,남,남
46,207,205,ko,청록색,청록,청록,청록색,청록,청록
43,16,55,ko,보라색,보라,보라,자색,자,자
81,42,196,ko,보라색,보라,보라,보라색,보라,보라
146,188,156,ko,연두색,연두,연두,쑥색,쑥,쑥
252,121,11,ko,주황색,주황,주황,주황색,주황,주황
69,122,144,ko,청록색,청록,청록,물색,물,물
115,165,199,ko,하늘색,하늘,하늘,파란색,파랑,파랑
216,54,236,ko,보라색,보라,보라,자주색,자주,자주
182,1,193,ko,보라색,보라,보라,자주색,자주,자주
233,200,253,ko,연보라,연보라,연보라,연보라색,연보라,연보라
29,195,92,ko,초록색,초록,초록,초록색,초록,초록
199,55,153,ko,자주색,자주,자주,자홍색,자홍,자홍
144,54,211,ko,보라색,보라,보라,보라색,보라,보라
22,166,149,ko,청록색,청록,청록,청록색,청록,청록
66,229,148,ko,연두색,연두,연두,민트색,민트,민트
130,176,127,ko,연두색,연두,연두,회녹색,회녹,회녹
103,102,93,ko,회색,회,회,올리브 회색,올리브 회,올리브회
190,192,55,ko,노란색,노랑,노랑,연두색,연두,연두
11,129,238,ko,파란색,파랑,파랑,파란색,파랑,파랑
32,28,174,ko,파란색,파랑,파랑,남색,남,남
126,184,122,ko,연두색,연두,연두,녹색,녹,녹
63,168,197,ko,청록색,청록,청록,터키옥색,터키옥,터키옥
159,91,113,ko,장미색,장미,장미,자주색,자주,자주
3,98,68,ko,청록색,청록,청록,진초록,진초록,진초록
106,232,103,ko,연두색,연두,연두,연두색,연두,연두
160,90,69,ko,갈색,갈,갈,벽돌색,벽돌,벽돌
160,145,47,ko,올리브색,올리브,올리브,올리브 그린,올리브 그린,올리브그린
225,99,61,ko,주황색,주황,주황,다홍색,다홍,다홍
1,19,52,ko,남색,남,남,남색,남,남
130,253,247,ko,민트색,민트,민트,하늘색,하늘,하늘
238,52,145,ko,분홍색,분홍,분홍,핫핑크,핫핑크,핫핑크
172,170,46,ko,올리브색,올리브,올리브,올리브색,올리브,올리브
204,79,160,ko,분홍색,분홍,분홍,자주색,자주,자주
80,63,228,ko,보라색,보라,보라,코발트 블루,코발트 블루,코발트블루
169,91,87,ko,분홍색,분홍,분홍,테라코타,테라코타,테라코타
231,112,132,ko,연분홍,연분홍,연분홍,장미색,장미,장미
88,112,206,ko,파란색,파랑,파랑,블루 바이올렛,블루 바이올렛,블루바이올렛
213,98,252,ko,보라색,보라,보라,보라색,보라,보라
157,245,186,ko,연두색,연두,연두,민트색,민트,민트
62,14,201,ko,보라색,보라,보라,보라색,보라,보라
244,233,70,ko,노란색,노랑,노랑,레몬색,레몬,레몬
251,255,80,ko,노란색,노랑,노랑,노란색,노랑,노랑
196,105,241,ko,보라색,보라,보라,보라색,보라,보라
42,76,60,ko,짙은 초록색,짙은 초록,짙은초록,진초록,진초록,진초록
60,105,222,ko,파랑,파랑,파랑,로열블루,로열블루,로열블루
109,61,144,ko,보라색,보라,보라,보라색,보라,보라
62,229,99,ko,초록색,초록,초록,연두색,연두,연두
3,209,233,ko,하늘색,하늘,하늘,청록색,청록,청록
125,76,194,ko,보라색,보라,보라,보라색,보라,보라
229,47,70,ko,빨강,빨강,빨강,빨간색,빨강,빨강
29,160,124,ko,청록색,청록,청록,청록색,청록,청록
173,193,155,ko,연두색,연두,연두,쑥색,쑥,쑥
100,248,8,ko,연두색,연두,연두,라임색,라임,라임
96,49,207,ko,보라색,보라,보라,보라색,보라,보라
42,94,28,ko,초록색,초록,초록,짙은 초록,짙은 초록,짙은초록
161,18,188,ko,보라색,보라,보라,보라색,보라,보라
123,0,110,ko,보라색,보라,보라,자주색,자주,자주
205,184,72,ko,노란색,노랑,노랑,겨자색,겨자,겨자
62,50,46,ko,갈색,갈,갈,고동색,고동,고동
80,84,86,ko,회색,회,회,진회색,진회,진회
218,220,166,ko,연두색,연두,연두,라임색,라임,라임
147,26,5,ko,적갈색,적갈,적갈,벽돌색,벽돌,벽돌
144,171,227,ko,하늘색,하늘,하늘,하늘색,하늘,하늘
58,251,129,ko,연두색,연두,연두,연두색,연두,연두
232,181,230,ko,연보라,연보라,연보라,연보라색,연보라,연보라
236,141,34,ko,주황색,주황,주황,주황색,주황,주황
45,63,178,ko,파랑,파랑,파랑,군청색,군청,군청
197,37,109,ko,자홍색,자홍,자홍,핫핑크,핫핑크,핫핑크
134,53,40,ko,갈색,갈,갈,벽돌색,벽돌,벽돌
73,223,80,ko,연두색,연두,연두,연두색,연두,연두
155,49,234,ko,보라색,보라,보라,보라색,보라,보라
234,198,95,ko,노란색,노랑,노랑,겨자색,겨자,겨자
105,84,98,ko,보라색,보라,보라,자주색,자주,자주
12,205,109,ko,초록색,초록,초록,초록색,초록,초록
107,236,139,ko,연두색,연두,연두,연두색,연두,연두
101,124,15,ko,올리브색,올리브,올리브,올리브색,올리브,올리브
202,56,16,ko,주황색,주황,주황,다홍색,다홍,다홍
19,89,28,ko,초록색,초록,초록,짙은 녹색,짙은 녹,짙은녹
210,112,138,ko,분홍색,분홍,분홍,장미색,장미,장미
35,19,245,ko,파란색,파랑,파랑,파란색,파랑,파랑
41,250,164,ko,민트색,민트,민트,민트색,민트,민트
253,163,102,ko,살구색,살구,살구,살구색,살구,살구
219,125,224,ko,연보라,연보라,연보라,자주색,자주,자주
120,112,12,ko,카키색,카키,카키,올리브색,올리브,올리브
71,51,115,ko,보라색,보라,보라,자주색,자주,자주
211,167,66,ko,겨자색,겨자,겨자,겨자색,겨자,겨자
31,179,230,ko,하늘색,하늘,하늘,하늘색,하늘,하늘
13,61,246,ko,파란색,파랑,파랑,파란색,파랑,파랑
108,33,22,ko,갈색,갈,갈,고동색,고동,고동
161,69,125,ko,자주색,자주,자주,자주색,자주,자주
41,165,83,ko,초록색,초록,초록,초록,초록,초록
141,19,120,ko,보라색,보라,보라,자주색,자주,자주
54,245,215,ko,청록색,청록,청록,청록색,청록,청록
72,109,58,ko,초록색,초록,초록,진녹색,진녹,진녹
47,246,231,ko,청록색,청록,청록,아쿠아색,아쿠아,아쿠아
73,108,42,ko,초록색,초록,초록,올리브색,올리브,올리브
9,131,228,ko,파랑,파랑,파랑,파란색,파랑,파랑
74,134,70,ko,초록색,초록,초록,진녹색,진녹,진녹
59,0,44,ko,자주색,자주,자주,보라색,보라,보라
230,80,188,ko,분홍색,분홍,분홍,핑크,핑크,핑크
140,110,80,ko,갈색,갈,갈,갈색,갈,갈
86,230,220,ko,민트색,민트,민트,청록색,청록,청록
59,21,9,ko,갈색,갈,갈,고동색,고동,고동
18,200,117,ko,초록색,초록,초록,초록색,초록,초록
217,32,98,ko,분홍색,분홍,분홍,핫핑크,핫핑크,핫핑크
235,30,106,ko,분홍색,분홍,분홍,핫핑크,핫핑크,핫핑크
44,58,158,ko,파랑,파랑,파랑,감청색,감청,감청
100,192,115,ko,연두색,연두,연두,초록색,초록,초록
66,77,116,ko,남색,남,남,청회색,청회,청회
142,147,120,ko,카키색,카키,카키,올리브 그린,올리브 그린,올리브그린
161,33,5,ko,주황색,주황,주황,적갈색,적갈,적갈
131,82,217,ko,보라색,보라,보라,보라색,보라,보라
155,50,237,ko,보라색,보라,보라,보라색,보라,보라
42,136,15,ko,초록색,초록,초록,초록,초록,초록
108,14,128,ko,보라색,보라,보라,보라색,보라,보라
8,174,14,ko,초록색,초록,초록,초록색,초록,초록
67,170,91,ko,초록색,초록,초록,초록색,초록,초록
103,174,44,ko,초록색,초록,초록,연두색,연두,연두
235,127,15,ko,주황색,주황,주황,주황색,주황,주황
115,196,224,ko,하늘색,하늘,하늘,하늘색,하늘,하늘
190,186,121,ko,카키색,카키,카키,올리브 그린,올리브 그린,올리브그린
170,65,135,ko,보라색,보라,보라,자주색,자주,자주
179,169,169,ko,회갈색,회갈,회갈,모브,모브,모브
193,27,233,ko,보라색,보라,보라,자주색,자주,자주
199,139,249,ko,연보라,연보라,연보라,연보라색,연보라,연보라
127,102,220,ko,보라색,보라,보라,보라색,보라,보라
26,237,94,ko,초록색,초록,초록,라임색,라임,라임
206,221,51,ko,노란색,노랑,노랑,연두색,연두,연두
16,250,37,ko,형광초록,형광초록,형광초록,초록색,초록,초록
102,233,181,ko,민트색,민트,민트,민트색,민트,민트
142,209,170,ko,연두색,연두,연두,민트색,민트,민트
98,145,175,ko,파란색,파랑,파랑,스틸블루,스틸블루,스틸블루
20,136,62,ko,초록색,초록,초록,초록색,초록,초록
7,195,12,ko,초록색,초록,초록,초록색,초록,초록
237,130,152,ko,분홍색,분홍,분홍,분홍,분홍,분홍
94,41,99,ko,보라색,보라,보라,가지색,가지,가지
45,60,59,ko,짙은 회청색,짙은 회청,짙은회청,짙은 청록색,짙은 청록,짙은청록
222,7,69,ko,진홍색,진홍,진홍,핫핑크,핫핑크,핫핑크
0,176,43,ko,초록색,초록,초록,풀색,풀,풀
224,97,242,ko,보라색,보라,보라,자주색,자주,자주
7,26,45,ko,남색,남,남,남색,남,남
237,78,212,ko,분홍색,분홍,분홍,핑크,핑크,핑크
44,105,48,ko,초록색,초록,초록,짙은 녹색,짙은 녹,짙은녹
70,142,36,ko,초록색,초록,초록,녹색,녹,녹
157,92,178,ko,보라색,보라,보라,보라색,보라,보라
108,243,0,ko,연두색,연두,연두,연두색,연두,연두
194,11,186,ko,자홍색,자홍,자홍,마젠타,마젠타,마젠타
235,190,248,ko,연보라,연보라,연보라,연보라색,연보라,연보라
11,94,47,ko,초록색,초록,초록,진녹색,진녹,진녹
72,195,98,ko,초록색,초록,초록,초록색,초록,초록
80,252,153,ko,민트색,민트,민트,청록색,청록,청록
128,185,116,ko,연두색,연두,연두,쑥색,쑥,쑥
46,109,134,ko,청록색,청록,청록,청록색,청록,청록
131,61,98,ko,자주색,자주,자주,자주색,자주,자주
190,113,235,ko,보라색,보라,보라,보라색,보라,보라
52,222,57,ko,연두색,연두,연두,연두색,연두,연두
159,181,113,ko,연두색,연두,연두,카키색,카키,카키
251,153,177,ko,분홍색,분홍,분홍,분홍색,분홍,분홍
87,82,121,ko,보라색,보라,보라,가지색,가지,가지
77,22,186,ko,보라색,보라,보라,보라색,보라,보라
117,187,54,ko,연두색,연두,연두,연두색,연두,연두
133,34,127,ko,보라색,보라,보라,자주색,자주,자주
55,150,45,ko,초록색,초록,초록,초록,초록,초록
37,112,138,ko,청록색,청록,청록,청록색,청록,청록
110,80,244,ko,보라색,보라,보라,보라색,보라,보라
146,5,104,ko,자주색,자주,자주,자홍색,자홍,자홍
156,178,186,ko,회색,회,회,회청색,회청,회청
188,103,36,ko,주황색,주황,주황,적갈색,적갈,적갈
22,88,238,ko,파랑,파랑,파랑,파란색,파랑,파랑
152,103,6,ko,갈색,갈,갈,밤색,밤,밤
216,4,209,ko,자주색,자주,자주,자주색,자주,자주
183,163,66,ko,올리브색,올리브,올리브,겨자색,겨자,겨자
76,146,12,ko,초록색,초록,초록,초록색,초록,초록
29,226,106,ko,초록색,초록,초록,연두색,연두,연두
84,56,254,ko,보라색,보라,보라,청보라색,청보라,청보라
185,148,140,ko,분홍색,분홍,분홍,말린 장미색,말린 장미,말린장미
36,22,138,ko,남색,남,남,청보라색,청보라,청보라
79,22,4,ko,갈색,갈,갈,고동색,고동,고동
207,75,64,ko,주황색,주황,주황,다홍색,다홍,다홍
77,171,246,ko,하늘색,하늘,하늘,파란색,파랑,파랑
234,63,88,ko,분홍색,분홍,분홍,진분홍색,진분홍,진분홍
241,20,74,ko,분홍색,분홍,분홍,선홍색,선홍,선홍
129,90,14,ko,갈색,갈,갈,갈색,갈,갈
176,209,1,ko,연두색,연두,연두,연두색,연두,연두
145,60,128,ko,보라색,보라,보라,자주색,자주,자주
79,136,132,ko,청록색,청록,청록,청록색,청록,청록
27,238,181,ko,민트색,민트,민트,청록색,청록,청록
242,251,90,ko,노란색,노랑,노랑,노란색,노랑,노랑
168,104,130,ko,자주색,자주,자주,자주색,자주,자주
167,12,73,ko,자주색,자주,자주,자주색,자주,자주
160,56,251,ko,보라색,보라,보라,보라색,보라,보라
131,95,196,ko,보라색,보라,보라,보라색,보라,보라
98,225,31,ko,초록색,초록,초록,연두색,연두,연두
78,148,215,ko,파란색,파랑,파랑,파랑,파랑,파랑
169,69,196,ko,보라색,보라,보라,보라색,보라,보라
107,126,68,ko,카키색,카키,카키,올리브색,올리브,올리브
0,201,228,ko,청록색,청록,청록,하늘색,하늘,하늘
132,2,23,ko,버건디,버건디,버건디,진홍색,진홍,진홍
20,151,244,ko,파란색,파랑,파랑,파란색,파랑,파랑
41,25,15,ko,갈색,갈,갈,고동색,고동,고동
151,169,47,ko,연두색,연두,연두,연두색,연두,연두
34,172,215,ko,하늘색,하늘,하늘,하늘색,하늘,하늘
153,164,202,ko,연보라색,연보라,연보라,라벤더색,라벤더,라벤더
43,95,171,ko,파란색,파랑,파랑,파란색,파랑,파랑
109,87,216,ko,보라색,보라,보라,남보라색,남보라,남보라
21,125,239,ko,파랑,파랑,파랑,파란색,파랑,파랑
163,233,54,ko,연두색,연두,연두,연두색,연두,연두
212,207,211,ko,연보라,연보라,연보라,연보라색,연보라,연보라
84,167,59,ko,초록색,초록,초록,초록색,초록,초록
2,237,212,ko,청록색,청록,청록,청록색,청록,청록
20,234,115,ko,초록색,초록,초록,라임색,라임,라임
109,229,93,ko,연두색,연두,연두,연두색,연두,연두
124,249,125,ko,연두색,연두,연두,연두색,연두,연두
82,64,136,ko,보라색,보라,보라,짙은 보라색,짙은 보라,짙은보라
19,45,201,ko,파랑,파랑,파랑,파란색,파랑,파랑
21,11,1,ko,갈색,갈,갈,흑갈색,흑갈,흑갈
108,238,120,ko,연두색,연두,연두,연두색,연두,연두
252,51,118,ko,분홍색,분홍,분홍,핫핑크,핫핑크,핫핑크
74,159,117,ko,초록색,초록,초록,청록색,청록,청록
163,45,192,ko,보라색,보라,보라,보라색,보라,보라
164,153,153,ko,회갈색,회갈,회갈,모브색,모브,모브
51,136,38,ko,초록색,초록,초록,초록색,초록,초록
118,137,166,ko,회청색,회청,회청,청회색,청회,청회
142,175,112,ko,연두색,연두,연두,쑥색,쑥,쑥
246,61,16,ko,주황색,주황,주황,다홍색,다홍,다홍
166,215,173,ko,연두색,연두,연두,연두색,연두,연두
27,59,115,ko,파랑,파랑,파랑,파란색,파랑,파랑
220,17,9,ko,빨강,빨강,빨강,빨간색,빨강,빨강
140,78,15,ko,갈색,갈,갈,갈색,갈,갈
211,129,215,ko,보라색,보라,보라,라벤더색,라벤더,라벤더
188,5,249,ko,보라색,보라,보라,보라색,보라,보라
5,99,82,ko,청록색,청록,청록,청록색,청록,청록
143,191,203,ko,하늘색,하늘,하늘,하늘색,하늘,하늘
29,3,88,ko,보라색,보라,보라,보라색,보라,보라
36,171,117,ko,초록색,초록,초록,초록색,초록,초록
48,7,218,ko,파랑,파랑,파랑,파란색,파랑,파랑
255,16,101,ko,분홍색,분홍,분홍,핫핑크,핫핑크,핫핑크
162,240,252,ko,하늘색,하늘,하늘,하늘색,하늘,하늘
200,39,49,ko,빨강,빨강,빨강,빨간색,빨강,빨강
25,224,184,ko,청록색,청록,청록,청록색,청록,청록
105,97,71,ko,카키,카키,카키,국방색,국방,국방
42,213,74,ko,초록색,초록,초록,초록색,초록,초록
54,123,53,ko,초록색,초록,초록,상록색,상록,상록
21,85,61,ko,초록색,초록,초록,진녹색,진녹,진녹
135,64,48,ko,갈색,갈,갈,벽돌색,벽돌,벽돌
25,203,103,ko,초록색,초록,초록,초록색,초록,초록
202,236,233,ko,하늘색,하늘,하늘,옥색,옥,옥
83,114,192,ko,파란색,파랑,파랑,파란색,파랑,파랑
201,49,146,ko,분홍색,분홍,분홍,마젠타,마젠타,마젠타
8,142,220,ko,파랑,파랑,파랑,파란색,파랑,파랑
216,105,73,ko,주황색,주황,주황,주황색,주황,주황
173,72,120,ko,자주색,자주,자주,자주색,자주,자주
110,102,163,ko,보라색,보라,보라,보라색,보라,보라
249,126,55,ko,주황색,주황,주황,주황색,주황,주황
129,71,207,ko,보라색,보라,보라,보라색,보라,보라
97,201,29,ko,초록색,초록,초록,연두색,연두,연두
111,37,9,ko,갈색,갈,갈,고동색,고동,고동
172,141,19,ko,황금색,황금,황금,겨자색,겨자,겨자
15,146,45,ko,초록색,초록,초록,초록색,초록,초록
8,236,199,ko,청록색,청록,청록,청록색,청록,청록
138,244,171,ko,연두색,연두,연두,연두색,연두,연두
173,83,215,ko,보라색,보라,보라,보라색,보라,보라
228,129,210,ko,분홍색,분홍,분홍,분홍색,분홍,분홍
35,100,65,ko,초록색,초록,초록,진녹색,진녹,진녹
149,224,233,ko,하늘색,하늘,하늘,하늘색,하늘,하늘
236,153,235,ko,분홍색,분홍,분홍,연보라색,연보라,연보라
0,253,166,ko,민트색,민트,민트,초록색,초록,초록
126,208,232,ko,하늘색,하늘,하늘,하늘색,하늘,하늘
112,219,114,ko,연두색,연두,연두,연두색,연두,연두
59,220,143,ko,민트색,민트,민트,초록색,초록,초록
27,40,187,ko,파란색,파랑,파랑,파란색,파랑,파랑
184,165,55,ko,올리브색,올리브,올리브,황록색,황록,황록
29,165,186,ko,청록색,청록,청록,터키색,터키,터키
22,177,103,ko,초록색,초록,초록,초록,초록,초록
215,32,183,ko,분홍색,분홍,분홍,자홍색,자홍,자홍
96,239,123,ko,연두색,연두,연두,연두색,연두,연두
164,41,52,ko,자주색,자주,자주,진홍색,진홍,진홍
184,157,51,ko,겨자색,겨자,겨자,겨자색,겨자,겨자
72,154,78,ko,초록색,초록,초록,초록색,초록,초록
114,157,48,ko,연두색,연두,연두,올리브색,올리브,올리브
43,19,149,ko,보라색,보라,보라,남색,남,남
115,26,25,ko,갈색,갈,갈,버건디,버건디,버건디
251,198,64,ko,노란색,노랑,노랑,귤색,귤,귤
69,33,31,ko,갈색,갈,갈,고동색,고동,고동
118,25,153,ko,보라색,보라,보라,보라색,보라,보라
16,195,96,ko,초록색,초록,초록,초록색,초록,초록
188,63,176,ko,보라색,보라,보라,마젠타색,마젠타,마젠타
153,151,63,ko,올리브색,올리브,올리브,올리브색,올리브,올리브
232,213,178,ko,베이지,베이지,베이지,베이지,베이지,베이지
173,174,10,ko,노란색,노랑,노랑,올리브색,올리브,올리브
144,217,208,ko,민트색,민트,민트,민트색,민트,민트
194,233,92,ko,연두색,연두,연두,연두색,연두,연두
110,131,203,ko,연보라색,연보라,연보라,청보라색,청보라,청보라
55,199,115,ko,초록색,초록,초록,초록색,초록,초록
73,125,107,ko,청록색,청록,청록,청록색,청록,청록
217,34,238,ko,보라색,보라,보라,마젠타,마젠타,마젠타
235,92,183,ko,분홍색,분홍,분홍,핫핑크,핫핑크,핫핑크
97,175,204,ko,하늘색,하늘,하늘,파랑,파랑,파랑
245,124,231,ko,분홍색,분홍,분홍,핑크색,핑크,핑크
70,167,213,ko,하늘색,하늘,하늘,하늘색,하늘,하늘
214,118,7,ko,주황색,주황,주황,주황색,주황,주황
117,72,242,ko,보라색,보라,보라,보라색,보라,보라
162,155,237,ko,연보라색,연보라,연보라,연보라색,연보라,연보라
246,90,24,ko,주황색,주황,주황,주황색,주황,주황
182,223,188,ko,연두색,연두,연두,연두색,연두,연두
181,189,189,ko,회색,회,회,연회색,연회,연회
97,13,93,ko,보라색,보라,보라,보라색,보라,보라
169,110,218,ko,보라색,보라,보라,보라색,보라,보라
234,204,121,ko,노란색,노랑,노랑,황토색,황토,황토
238,121,188,ko,분홍색,분홍,분홍,분홍색,분홍,분홍
220,166,26,ko,노란색,노랑,노랑,겨자색,겨자,겨자
156,133,86,ko,카키색,카키,카키,황갈색,황갈,황갈
159,47,237,ko,보라색,보라,보라,보라색,보라,보라
16,125,57,ko,초록색,초록,초록,진초록,진초록,진초록
193,250,28,ko,연두색,연두,연두,연두색,연두,연두
216,182,5,ko,노란색,노랑,노랑,겨자색,겨자,겨자
11,208,151,ko,청록색,청록,청록,에메랄드그린,에메랄드그린,에메랄드그린
109,158,19,ko,연두색,연두,연두,올리브색,올리브,올리브
106,245,209,ko,민트색,민트,민트,청록색,청록,청록
119,124,66,ko,카키색,카키,카키,국방색,국방,국방
190,220,40,ko,연두색,연두,연두,연두색,연두,연두
240,150,227,ko,분홍색,분홍,분홍,분홍색,분홍,분홍
238,91,244,ko,보라색,보라,보라,자주색,자주,자주
89,122,216,ko,파란색,파랑,파랑,파란색,파랑,파랑
98,1,142,ko,보라색,보라,보라,보라,보라,보라
17,32,68,ko,남색,남,남,남색,남,남
214,97,92,ko,빨강,빨강,빨강,산호색,산호,산호
155,147,60,ko,올리브색,올리브,올리브,올리브색,올리브,올리브
231,79,147,ko,분홍색,분홍,분홍,핫핑크,핫핑크,핫핑크
116,188,139,ko,연두색,연두,연두,연한 초록색,연 초록,연초록
69,212,5,ko,연두색,연두,연두,라임색,라임,라임
130,64,66,ko,적갈색,적갈,적갈,적갈색,적갈,적갈
161,92,189,ko,보라색,보라,보라,보라색,보라,보라
108,63,253,ko,보라색,보라,보라,보라색,보라,보라
38,225,187,ko,청록색,청록,청록,청록색,청록,청록
143,153,89,ko,카키색,카키,카키,올리브색,올리브,올리브
83,246,131,ko,연두색,연두,연두,민트색,민트,민트
177,41,118,ko,자홍색,자홍,자홍,자주색,자주,자주
81,10,110,ko,보라색,보라,보라,보라색,보라,보라
94,236,209,ko,민트색,민트,민트,청록색,청록,청록
12,166,220,ko,하늘색,하늘,하늘,파란색,파랑,파랑
149,54,223,ko,보라색,보라,보라,보라색,보라,보라
233,225,72,ko,노란색,노랑,노랑,개나리색,개나리,개나리
54,206,242,ko,하늘색,하늘,하늘,하늘색,하늘,하늘
199,241,140,ko,연두색,연두,연두,연두색,연두,연두
27,117,159,ko,청록색,청록,청록,청색,청,청
90,109,206,ko,파랑,파랑,파랑,남색,남,남
155,159,148,ko,회색,회,회,녹회색,녹회,녹회
147,170,159,ko,연녹색,연녹,연녹,청록색,청록,청록
33,226,142,ko,초록색,초록,초록,청록색,청록,청록
191,139,17,ko,노란색,노랑,노랑,겨자색,겨자,겨자
248,65,76,ko,빨강,빨강,빨강,다홍색,다홍,다홍
192,64,56,ko,빨강,빨강,빨강,벽돌색,벽돌,벽돌
183,202,147,ko,연두색,연두,연두,쑥색,쑥,쑥
70,63,91,ko,보라색,보라,보라,짙은 보라색,짙은 보라,짙은보라
14,210,80,ko,초록색,초록,초록,초록색,초록,초록
21,22,82,ko,남색,남,남,남색,남,남
170,42,0,ko,주황색,주황,주황,벽돌색,벽돌,벽돌
115,56,133,ko,보라색,보라,보라,보라색,보라,보라
49,64,114,ko,남색,남,남,남색,남,남
202,255,199,ko,연두색,연두,연두,연두색,연두,연두
165,165,64,ko,카키색,카키,카키,올리브색,올리브,올리브
12,19,245,ko,파랑,파랑,파랑,파란색,파랑,파랑
100,60,228,ko,보라색,보라,보라,보라색,보라,보라
72,160,13,ko,초록색,초록,초록,초록색,초록,초록
141,68,67,ko,갈색,갈,갈,팥색,팥,팥
216,146,6,ko,주황색,주황,주황,황토색,황토,황토
179,227,162,ko,연두색,연두,연두,연두색,연두,연두
201,40,156,ko,분홍색,분홍,분홍,마젠타,마젠타,마젠타
26,128,62,ko,초록색,초록,초록,초록,초록,초록
3,14,178,ko,파란색,파랑,파랑,파란색,파랑,파랑
154,11,16,ko,빨강,빨강,빨강,빨간색,빨강,빨강
67,181,129,ko,초록색,초록,초록,녹색,녹,녹
217,89,139,ko,분홍색,분홍,분홍,핑크,핑크,핑크
94,93,90,ko,회색,회,회,진회색,진회,진회
229,33,39,ko,빨강,빨강,빨강,빨강,빨강,빨강
212,47,189,ko,자주색,자주,자주,자홍색,자홍,자홍
127,69,214,ko,보라색,보라,보라,보라색,보라,보라
169,145,145,ko,회색,회,회,모브,모브,모브
151,141,240,ko,보라색,보라,보라,연보라색,연보라,연보라
126,89,244,ko,보라색,보라,보라,보라색,보라,보라
77,144,45,ko,연두색,연두,연두,초록색,초록,초록
32,180,121,ko,초록색,초록,초록,초록색,초록,초록
206,112,7,ko,주황색,주황,주황,주황색,주황,주황
129,254,51,ko,연두색,연두,연두,연두색,연두,연두
1,76,137,ko,파랑,파랑,파랑,군청색,군청,군청
198,62,46,ko,빨강,빨강,빨강,벽돌색,벽돌,벽돌
215,138,83,ko,주황색,주황,주황,황토색,황토,황토
155,227,240,ko,하늘색,하늘,하늘,하늘색,하늘,하늘
35,77,178,ko,파랑,파랑,파랑,파란색,파랑,파랑
197,167,179,ko,연보라색,연보라,연보라,말린 장미색,말린 장미,말린장미
198,197,223,ko,연보라색,연보라,연보라,연보라색,연보라,연보라
168,50,49,ko,빨강,빨강,빨강,마룬색,마룬,마룬
194,159,234,ko,연보라,연보라,연보라,연보라색,연보라,연보라
11,231,217,ko,청록색,청록,청록,터콰이즈색,터콰이즈,터콰이즈
183,110,201,ko,보라색,보라,보라,보라색,보라,보라
191,150,28,ko,황금색,황금,황금,겨자색,겨자,겨자
178,22,2,ko,빨강,빨강,빨강,빨간색,빨강,빨강
180,115,7,ko,주황색,주황,주황,황갈색,황갈,황갈
163,69,204,ko,보라색,보라,보라,보라색,보라,보라
121,212,169,ko,민트색,민트,민트,민트색,민트,민트
91,39,164,ko,보라색,보라,보라,보라색,보라,보라
73,133,183,ko,파란색,파랑,파랑,파란색,파랑,파랑
131,195,151,ko,연두색,연두,연두,민트색,민트,민트
134,126,21,ko,카키색,카키,카키,올리브색,올리브,올리브
208,249,137,ko,연두색,연두,연두,연두색,연두,연두
35,117,54,ko,초록색,초록,초록,녹색,녹,녹
187,210,29,ko,라임색,라임,라임,연두색,연두,연두
110,123,209,ko,파랑,파랑,파랑,청보라색,청보라,청보라
95,161,22,ko,초록색,초록,초록,초록색,초록,초록
187,237,30,ko,연두색,연두,연두,연두색,연두,연두
235,10,213,ko,자홍색,자홍,자홍,마젠타,마젠타,마젠타
21,224,143,ko,민트색,민트,민트,초록색,초록,초록
244,216,5,ko,노란색,노랑,노랑,노란색,노랑,노랑
54,81,63,ko,짙은초록색,짙은초록,짙은초록,짙은 녹색,짙은 녹,짙은녹
233,218,88,ko,노란색,노랑,노랑,개나리색,개나리,개나리
35,29,91,ko,남색,남,남,남색,남,남
23,108,154,ko,청록색,청록,청록,청록색,청록,청록
201,162,13,ko,노란색,노랑,노랑,겨자색,겨자,겨자
204,63,148,ko,분홍색,분홍,분홍,자주색,자주,자주
239,202,250,ko,연보라색,연보라,연보라,라벤더색,라벤더,라벤더
2,1,217,ko,파란색,파랑,파랑,파란색,파랑,파랑
88,255,244,ko,청록색,청록,청록,청록색,청록,청록
131,9,237,ko,보라색,보라,보라,보라색,보라,보라
7,144,101,ko,초록색,초록,초록,청록색,청록,청록
205,34,113,ko,분홍색,분홍,분홍,자홍색,자홍,자홍
17,83,64,ko,청록색,청록,청록,진초록색,진초록,진초록
130,1,1,ko,빨간색,빨강,빨강,적색,적,적
235,203,26,ko,노란색,노랑,노랑,노란색,노랑,노랑
235,63,171,ko,분홍색,분홍,분홍,핫핑크,핫핑크,핫핑크
158,226,86,ko,연두색,연두,연두,연두색,연두,연두
253,119,157,ko,분홍색,분홍,분홍,분홍색,분홍,분홍
82,27,149,ko,보라색,보라,보라,보라색,보라,보라
200,171,216,ko,연보라,연보라,연보라,연보라색,연보라,연보라
243,79,164,ko,분홍색,분홍,분홍,핫핑크,핫핑크,핫핑크
154,252,58,ko,연두색,연두,연두,연두색,연두,연두
32,227,91,ko,초록색,초록,초록,연두색,연두,연두
152,5,89,ko,자주색,자주,자주,자주색,자주,자주
170,204,231,ko,하늘색,하늘,하늘,하늘색,하늘,하늘
56,206,97,ko,초록색,초록,초록,초록색,초록,초록
87,237,225,ko,청록색,청록,청록,터키색,터키,터키
21,59,251,ko,파란색,파랑,파랑,파란색,파랑,파랑
11,71,114,ko,청록색,청록,청록,파란색,파랑,파랑
73,253,214,ko,민트색,민트,민트,청록색,청록,청록
72,106,168,ko,파란색,파랑,파랑,로열블루,로열블루,로열블루
239,42,72,ko,빨강,빨강,빨강,빨간색,빨강,빨강
158,13,49,ko,자주색,자주,자주,진홍색,진홍,진홍
250,151,82,ko,주황색,주황,주황,주황색,주황,주황
146,33,149,ko,보라색,보라,보라,보라색,보라,보라
95,94,63,ko,카키색,카키,카키,올리브색,올리브,올리브
210,99,153,ko,분홍색,분홍,분홍,핑크색,핑크,핑크
45,99,187,ko,파란색,파랑,파랑,파란색,파랑,파랑
179,155,87,ko,카키색,카키,카키,황토색,황토,황토
91,7,166,ko,보라색,보라,보라,보라색,보라,보라
227,121,252,ko,연보라,연보라,연보라,보라색,보라,보라
239,22,210,ko,자홍색,자홍,자홍,마젠타,마젠타,마젠타
167,141,79,ko,카키색,카키,카키,카키색,카키,카키
90,199,100,ko,초록색,초록,초록,초록색,초록,초록
30,169,92,ko,초록색,초록,초록,초록색,초록,초록
209,224,9,ko,라임색,라임,라임,연두색,연두,연두
17,246,249,ko,시안,시안,시안,청록색,청록,청록
37,190,99,ko,초록색,초록,초록,초록색,초록,초록
120,141,87,ko,카키색,카키,카키,올리브색,올리브,올리브
92,205,102,ko,연두색,연두,연두,초록색,초록,초록
153,55,104,ko,자주색,자주,자주,자주색,자주,자주
86,67,62,ko,갈색,갈,갈,고동색,고동,고동
74,229,15,ko,연두색,연두,연두,라임색,라임,라임
179,45,56,ko,빨강,빨강,빨강,빨간색,빨강,빨강
96,154,150,ko,민트색,민트,민트,청록색,청록,청록
172,124,68,ko,갈색,갈,갈,카멜색,카멜,카멜
135,174,87,ko,연두색,연두,연두,초록색,초록,초록
70,191,112,ko,초록색,초록,초록,초록,초록,초록
28,57,79,ko,짙은 청록색,짙은 청록,짙은청록,남색,남,남
246,243,101,ko,노란색,노랑,노랑,노란색,노랑,노랑
202,170,251,ko,연보라색,연보라,연보라,연보라색,연보라,연보라
107,144,71,ko,연두색,연두,연두,국방색,국방,국방
143,43,170,ko,보라색,보라,보라,보라색,보라,보라
84,41,142,ko,보라색,보라,보라,진한 보라색,진 보라,진보라
73,180,107,ko,연두색,연두,연두,초록색,초록,초록
90,189,168,ko,청록색,청록,청록,청록색,청록,청록
119,66,203,ko,보라색,보라,보라,보라색,보라,보라
91,221,235,ko,청록색,청록,청록,청록색,청록,청록
25,197,79,ko,초록색,초록,초록,초록색,초록,초록
212,71,41,ko,주황색,주황,주황,벽돌색,벽돌,벽돌
15,212,216,ko,청록색,청록,청록,청록색,청록,청록
54,88,82,ko,청록색,청록,청록,청록색,청록,청록
236,178,69,ko,주황색,주황,주황,호박색,호박,호박
137,236,68,ko,연두색,연두,연두,라임색,라임,라임
115,160,93,ko,초록색,초록,초록,풀색,풀,풀
141,165,231,ko,연파랑,연파랑,연파랑,하늘색,하늘,하늘
222,181,156,ko,살구색,살구,살구,베이지색,베이지,베이지
201,81,4,ko,주황색,주황,주황,주황색,주황,주황
236,252,226,ko,연두색,연두,연두,연두색,연두,연두
54,66,3,ko,올리브색,올리브,올리브,올리브 그린,올리브 그린,올리브그린
206,139,16,ko,주황색,주황,주황,황토색,황토,황토
136,239,155,ko,연두색,연두,연두,연두색,연두,연두
57,180,70,ko,초록색,초록,초록,초록색,초록,초록
75,37,228,ko,보라색,보라,보라,보라색,보라,보라
96,11,200,ko,보라색,보라,보라,보라색,보라,보라
71,107,138,ko,파란색,파랑,파랑,스틸 블루,스틸 블루,스틸블루
180,56,251,ko,보라색,보라,보라,보라색,보라,보라
158,39,72,ko,자주색,자주,자주,자주색,자주,자주
234,150,102,ko,살구색,살구,살구,주황색,주황,주황
166,91,124,ko,자주색,자주,자주,자주색,자주,자주
14,31,127,ko,파랑,파랑,파랑,남색,남,남
217,41,91,ko,분홍색,분홍,분홍,진분홍,진분홍,진분홍
24,84,101,ko,청록색,청록,청록,청록색,청록,청록
32,178,162,ko,청록색,청록,청록,청록색,청록,청록
149,179,75,ko,연두색,연두,연두,연두색,연두,연두
7,101,161,ko,파랑,파랑,파랑,파란색,파랑,파랑
240,161,166,ko,분홍색,분홍,분홍,핑크,핑크,핑크
17,87,173,ko,파랑,파랑,파랑,파란색,파랑,파랑
122,58,42,ko,갈색,갈,갈,적갈색,적갈,적갈
122,132,29,ko,올리브색,올리브,올리브,올리브색,올리브,올리브
41,148,109,ko,청록색,청록,청록,청록색,청록,청록
245,138,114,ko,살구색,살구,살구,산호색,산호,산호
184,53,161,ko,보라색,보라,보라,자주색,자주,자주
175,101,158,ko,보라색,보라,보라,자주색,자주,자주
187,59,47,ko,빨강,빨강,빨강,벽돌색,벽돌,벽돌
68,107,194,ko,파랑,파랑,파랑,로얄블루,로얄블루,로얄블루
40,45,92,ko,남색,남,남,남색,남,남
228,50,53,ko,빨간색,빨강,빨강,빨간색,빨강,빨강
85,103,106,ko,회색,회,회,청록색,청록,청록
164,106,76,ko,갈색,갈,갈,벽돌색,벽돌,벽돌
95,111,187,ko,파란색,파랑,파랑,청보라색,청보라,청보라
239,15,219,ko,자홍색,자홍,자홍,마젠타,마젠타,마젠타
24,37,157,ko,파란색,파랑,파랑,남색,남,남
235,62,169,ko,분홍색,분홍,분홍,핫핑크,핫핑크,핫핑크
117,83,47,ko,갈색,갈,갈,갈색,갈,갈
176,156,69,ko,올리브색,올리브,올리브,겨자색,겨자,겨자
17,88,186,ko,파랑,파랑,파랑,파란색,파랑,파랑
175,228,19,ko,연두색,연두,연두,라임색,라임,라임
195,159,228,ko,연보라,연보라,연보라,연보라색,연보라,연보라
64,181,20,ko,초록색,초록,초록,초록색,초록,초록
110,243,203,ko,민트색,민트,민트,청록색,청록,청록
0,0,161,ko,파랑,파랑,파랑,진한 파란색,진 파랑,진파랑
143,86,29,ko,갈색,갈,갈,갈색,갈,갈
169,1,82,ko,자주색,자주,자주,자주색,자주,자주
12,49,107,ko,파란색,파랑,파랑,남색,남,남
155,121,209,ko,보라색,보라,보라,보라색,보라,보라
231,127,105,ko,살몬색,살몬,살몬,산호색,산호,산호
192,51,173,ko,자주색,자주,자주,자주색,자주,자주
244,30,141,ko,분홍색,분홍,분홍,핫핑크,핫핑크,핫핑크
50,249,105,ko,연두색,연두,연두,라임색,라임,라임
221,255,245,ko,민트색,민트,민트,민트색,민트,민트
153,240,202,ko,민트색,민트,민트,민트색,민트,민트
156,220,88,ko,연두색,연두,연두,연두색,연두,연두
249,72,192,ko,분홍색,분홍,분홍,핫핑크,핫핑크,핫핑크
186,5,18,ko,빨강,빨강,빨강,빨간색,빨강,빨강
252,121,233,ko,분홍색,분홍,분홍,분홍색,분홍,분홍
179,252,2,ko,연두색,연두,연두,라임색,라임,라임
129,0,57,ko,자주색,자주,자주,자주색,자주,자주
117,44,8,ko,갈색,갈,갈,적갈색,적갈,적갈
200,105,122,ko,분홍색,분홍,분홍,장미색,장미,장미
212,3,153,ko,분홍색,분홍,분홍,핫핑크,핫핑크,핫핑크
184,17,65,ko,자주색,자주,자주,자주색,자주,자주
168,58,219,ko,보라색,보라,보라,보라색,보라,보라
29,157,56,ko,초록색,초록,초록,초록색,초록,초록
173,36,197,ko,보라색,보라,보라,보라색,보라,보라
119,45,100,ko,보라색,보라,보라,자주색,자주,자주
159,247,115,ko,연두색,연두,연두,연두색,연두,연두
236,21,206,ko,자홍색,자홍,자홍,마젠타,마젠타,마젠타
57,138,87,ko,초록색,초록,초록,초록색,초록,초록
237,55,106,ko,분홍색,분홍,분홍,핫핑크색,핫핑크,핫핑크
29,143,253,ko,파란색,파랑,파랑,파란색,파랑,파랑
106,245,26,ko,연두색,연두,연두,라임색,라임,라임
90,21,128,ko,보라색,보라,보라,보라색,보라,보라
221,238,214,ko,연두색,연두,연두,민트색,민트,민트
162,204,197,ko,민트색,민트,민트,민트색,민트,민트
82,216,245,ko,하늘색,하늘,하늘,하늘색,하늘,하늘
224,121,150,ko,분홍색,분홍,분홍,분홍색,분홍,분홍
179,228,136,ko,연두색,연두,연두,연두,연두,연두
88,87,35,ko,카키색,카키,카키,올리브색,올리브,올리브
76,209,41,ko,초록색,초록,초록,밝은 초록색,밝은 초록,밝은초록
82,88,87,ko,회색,회,회,짙은 회색,짙은 회,짙은회
184,89,30,ko,주황색,주황,주황,테라코타색,테라코타,테라코타
39,139,168,ko,청록색,청록,청록,청록색,청록,청록
250,61,184,ko,분홍색,분홍,분홍,핫핑크,핫핑크,핫핑크
29,47,196,ko,파란색,파랑,파랑,파랑,파랑,파랑
51,139,254,ko,파랑,파랑,파랑,코발트블루,코발트블루,코발트블루
41,111,248,ko,파랑,파랑,파랑,파란색,파랑,파랑
178,246,248,ko,하늘색,하늘,하늘,하늘색,하늘,하늘
11,56,160,ko,파란색,파랑,파랑,파란색,파랑,파랑
217,43,134,ko,분홍색,분홍,분홍,자홍색,자홍,자홍
26,105,84,ko,청록색,청록,청록,진초록색,진초록,진초록
33,176,112,ko,초록색,초록,초록,초록색,초록,초록
156,29,227,ko,보라색,보라,보라,보라색,보라,보라
40,100,147,ko,파란색,파랑,파랑,군청색,군청,군청
151,243,36,ko,연두색,연두,연두,연두색,연두,연두
225,54,178,ko,분홍색,분홍,분홍,마젠타,마젠타,마젠타
169,130,59,ko,황토색,황토,황토,겨자색,겨자,겨자
149,238,253,ko,하늘색,하늘,하늘,하늘색,하늘,하늘
146,217,23,ko,연두색,연두,연두,연두색,연두,연두
243,90,104,ko,코랄핑크,코랄핑크,코랄핑크,다홍색,다홍,다홍
15,229,159,ko,민트색,민트,민트,청록색,청록,청록
187,251,163,ko,연두색,연두,연두,연두색,연두,연두
125,89,168,ko,보라색,보라,보라,보라색,보라,보라
183,182,136,ko,카키색,카키,카키,올리브색,올리브,올리브
140,58,159,ko,보라색,보라,보라,보라색,보라,보라
86,6,129,ko,보라색,보라,보라,보라색,보라,보라
210,136,193,ko,연보라색,연보라,연보라,자주색,자주,자주
61,213,58,ko,연두색,연두,연두,초록색,초록,초록
26,160,156,ko,청록색,청록,청록,청록색,청록,청록
116,107,243,ko,보라색,보라,보라,보라색,보라,보라
6,113,200,ko,파란색,파랑,파랑,파랑,파랑,파랑
105,7,117,ko,보라색,보라,보라,보라색,보라,보라
72,198,76,ko,초록색,초록,초록,초록색,초록,초록
21,32,168,ko,파랑,파랑,파랑,로열블루,로열블루,로열블루
155,195,230,ko,하늘색,하늘,하늘,하늘색,하늘,하늘
229,87,98,ko,살몬색,살몬,살몬,선홍색,선홍,선홍
18,60,213,ko,파란색,파랑,파랑,파란색,파랑,파랑
50,197,147,ko,청록색,청록,청록,청록색,청록,청록
125,161,20,ko,연두색,연두,연두,올리브색,올리브,올리브
77,134,212,ko,파랑,파랑,파랑,로얄 블루,로얄 블루,로얄블루
54,67,81,ko,회청색,회청,회청,남색,남,남
48,68,241,ko,파랑,파랑,파랑,파란색,파랑,파랑
139,26,19,ko,적갈색,적갈,적갈,버건디,버건디,버건디
165,94,15,ko,갈색,갈,갈,구리색,구리,구리
187,174,50,ko,올리브색,올리브,올리브,황록색,황록,황록
86,19,217,ko,보라색,보라,보라,보라색,보라,보라
48,153,152,ko,청록색,청록,청록,청록색,청록,청록
114,174,142,ko,민트색,민트,민트,쑥색,쑥,쑥
12,208,226,ko,청록색,청록,청록,시안,시안,시안
178,120,80,ko,갈색,갈,갈,황토색,황토,황토
233,69,68,ko,빨강,빨강,빨강,다홍색,다홍,다홍
198,217,152,ko,연두색,연두,연두,세이지 그린,세이지 그린,세이지그린
10,18,74,ko,남색,남,남,남색,남,남
35,153,115,ko,청록색,청록,청록,청록색,청록,청록
227,28,29,ko,빨강,빨강,빨강,빨강,빨강,빨강
78,29,60,ko,자주색,자주,자주,가지색,가지,가지
105,205,105,ko,연두색,연두,연두,연두색,연두,연두
227,4,100,ko,분홍색,분홍,분홍,핫핑크,핫핑크,핫핑크
201,253,72,ko,연두색,연두,연두,라임색,라임,라임
169,133,189,ko,보라색,보라,보라,보라색,보라,보라
133,31,117,ko,보라색,보라,보라,자주색,자주,자주
31,236,11,ko,초록색,초록,초록,초록색,초록,초록
96,186,51,ko,연두색,연두,연두,연두색,연두,연두
38,58,234,ko,파랑,파랑,파랑,파란색,파랑,파랑
142,30,48,ko,짙은 적갈색,짙은 적갈,짙은적갈,자주색,자주,자주
201,56,136,ko,분홍색,분홍,분홍,마젠타,마젠타,마젠타
95,99,74,ko,카키색,카키,카키,국방색,국방,국방
96,27,150,ko,보라색,보라,보라,보라색,보라,보라
106,71,4,ko,갈색,갈,갈,고동색,고동,고동
227,216,36,ko,노란색,노랑,노랑,개나리색,개나리,개나리
97,192,62,ko,초록색,초록,초록,라임색,라임,라임
91,99,238,ko,파란색,파랑,파랑,군청색,군청,군청
125,253,250,ko,민트색,민트,민트,하늘색,하늘,하늘
39,232,237,ko,청록색,청록,청록,청록색,청록,청록
127,124,103,ko,올리브색,올리브,올리브,올리브색,올리브,올리브
64,165,227,ko,파란색,파랑,파랑,파란색,파랑,파랑
172,196,144,ko,연두색,연두,연두,연녹색,연녹,연녹
179,178,72,ko,올리브색,올리브,올리브,올리브색,올리브,올리브
184,109,5,ko,주황색,주황,주황,황토색,황토,황토
134,168,48,ko,연두색,연두,연두,연두색,연두,연두
130,44,162,ko,보라색,보라,보라,보라색,보라,보라
120,76,172,ko,보라색,보라,보라,보라색,보라,보라
131,6,112,ko,보라색,보라,보라,자주색,자주,자주
156,198,196,ko,민트색,민트,민트,청록색,청록,청록
194,95,165,ko,보라색,보라,보라,자주색,자주,자주
237,9,198,ko,자홍색,자홍,자홍,자홍색,자홍,자홍
52,201,144,ko,민트색,민트,민트,청록색,청록,청록
23,36,53,ko,남색,남,남,네이비색,네이비,네이비
240,116,166,ko,분홍색,분홍,분홍,분홍색,분홍,분홍
238,210,21,ko,노란색,노랑,노랑,노란색,노랑,노랑
15,100,154,ko,파란색,파랑,파랑,파란색,파랑,파랑
68,195,61,ko,초록색,초록,초록,라임색,라임,라임
188,255,245,ko,민트색,민트,민트,민트색,민트,민트
6,218,227,ko,청록색,청록,청록,하늘색,하늘,하늘
247,254,93,ko,노랑,노랑,노랑,노란색,노랑,노랑
251,105,197,ko,분홍색,분홍,분홍,핫핑크,핫핑크,핫핑크
201,50,247,ko,보라색,보라,보라,보라색,보라,보라
71,9,116,ko,보라색,보라,보라,보라색,보라,보라
99,232,155,ko,연두색,연두,연두,민트색,민트,민트
170,197,8,ko,연두색,연두,연두,연두색,연두,연두
121,104,16,ko,올리브색,올리브,올리브,올리브색,올리브,올리브
230,196,205,ko,분홍색,분홍,분홍,연분홍,연분홍,연분홍
176,40,224,ko,보라색,보라,보라,보라색,보라,보라
203,5,204,ko,보라색,보라,보라,마젠타,마젠타,마젠타
84,189,196,ko,청록색,청록,청록,청록색,청록,청록
44,61,121,ko,남색,남,남,남색,남,남
9,206,113,ko,초록색,초록,초록,초록색,초록,초록
147,68,253,ko,보라색,보라,보라,보라색,보라,보라
103,241,120,ko,연두색,연두,연두,연두색,연두,연두
160,241,171,ko,연두색,연두,연두,연두색,연두,연두
122,103,120,ko,보라색,보라,보라,회보라색,회보라,회보라
168,161,17,ko,올리브색,올리브,올리브,올리브색,올리브,올리브
75,80,22,ko,카키색,카키,카키,올리브색,올리브,올리브
89,190,155,ko,민트색,민트,민트,청록색,청록,청록
88,62,248,ko,보라색,보라,보라,청보라색,청보라,청보라
57,126,50,ko,초록색,초록,초록,초록색,초록,초록
55,72,20,ko,올리브색,올리브,올리브,올리브색,올리브,올리브
152,208,1,ko,연두색,연두,연두,연두색,연두,연두
241,10,82,ko,분홍색,분홍,분홍,자홍색,자홍,자홍
236,240,87,ko,노란색,노랑,노랑,연노랑,연노랑,연노랑
171,115,103,ko,갈색,갈,갈,적갈색,적갈,적갈
8,69,206,ko,파랑,파랑,파랑,파랑,파랑,파랑
5,59,137,ko,파란색,파랑,파랑,파란색,파랑,파랑
54,171,69,ko,초록색,초록,초록,초록색,초록,초록
130,119,62,ko,카키색,카키,카키,올리브색,올리브,올리브
33,88,171,ko,파란색,파랑,파랑,파란색,파랑,파랑
4,123,136,ko,청록색,청록,청록,청록색,청록,청록
182,147,52,ko,겨자색,겨자,겨자,겨자색,겨자,겨자
255,118,114,ko,코랄핑크,코랄핑크,코랄핑크,산호색,산호,산호
101,18,250,ko,보라색,보라,보라,보라색,보라,보라
144,163,21,ko,연두색,연두,연두,올리브 그린,올리브 그린,올리브그린
111,162,16,ko,연두색,연두,연두,연두색,연두,연두
229,214,58,ko,노란색,노랑,노랑,노란색,노랑,노랑
146,242,111,ko,연두색,연두,연두,연두색,연두,연두
134,5,234,ko,보라색,보라,보라,보라색,보라,보라
159,235,173,ko,연두색,연두,연두,연두색,연두,연두
154,206,104,ko,연두색,연두,연두,연두색,연두,연두
222,246,131,ko,연두색,연두,연두,연두색,연두,연두
83,241,230,ko,민트색,민트,민트,터키색,터키,터키
240,116,32,ko,주황색,주황,주황,주황색,주황,주황
20,238,180,ko,청록색,청록,청록,청록색,청록,청록
167,95,131,ko,보라색,보라,보라,자주색,자주,자주
95,188,110,ko,초록색,초록,초록,초록색,초록,초록
206,175,193,ko,연보라색,연보라,연보라,연보라색,연보라,연보라
105,125,83,ko,올리브색,올리브,올리브,올리브색,올리브,올리브
130,188,147,ko,연두색,연두,연두,쑥색,쑥,쑥
136,115,104,ko,갈색,갈,갈,회갈색,회갈,회갈
138,118,253,ko,보라색,보라,보라,보라색,보라,보라
231,185,52,ko,노란색,노랑,노랑,겨자색,겨자,겨자
161,143,213,ko,연보라,연보라,연보라,보라색,보라,보라
140,194,122,ko,연두색,연두,연두,연두색,연두,연두
111,26,29,ko,적갈색,적갈,적갈,와인색,와인,와인
164,33,228,ko,보라색,보라,보라,보라색,보라,보라
85,47,134,ko,보라색,보라,보라,보라색,보라,보라
31,198,100,ko,초록색,초록,초록,초록색,초록,초록
231,175,221,ko,연분홍,연분홍,연분홍,연보라색,연보라,연보라
157,194,89,ko,연두색,연두,연두,연두색,연두,연두
108,76,150,ko,보라색,보라,보라,보라색,보라,보라
54,212,61,ko,초록색,초록,초록,초록색,초록,초록
75,162,42,ko,초록색,초록,초록,초록,초록,초록
70,229,79,ko,초록색,초록,초록,연두색,연두,연두
162,194,82,ko,연두색,연두,연두,연두색,연두,연두
19,149,128,ko,청록색,청록,청록,청록색,청록,청록
224,97,35,ko,주황색,주황,주황,주황색,주황,주황
128,184,89,ko,연두색,연두,연두,연두색,연두,연두
117,101,246,ko,보라색,보라,보라,청보라색,청보라,청보라
141,233,125,ko,연두색,연두,연두,연두색,연두,연두
6,67,95,ko,청록색,청록,청록,청록색,청록,청록
223,218,200,ko,베이지,베이지,베이지,베이지,베이지,베이지
58,38,176,ko,보라색,보라,보라,남색,남,남
19,114,114,ko,청록색,청록,청록,청록색,청록,청록
152,137,179,ko,보라색,보라,보라,라벤더색,라벤더,라벤더
213,17,228,ko,자주색,자주,자주,마젠타,마젠타,마젠타
155,151,166,ko,회색,회,회,회보라,회보라,회보라
124,26,242,ko,보라색,보라,보라,보라색,보라,보라
191,175,33,ko,겨자색,겨자,겨자,겨자색,겨자,겨자
73,88,165,ko,파란색,파랑,파랑,군청색,군청,군청
123,179,96,ko,연두색,연두,연두,풀색,풀,풀
30,200,7,ko,연두색,연두,연두,초록색,초록,초록
236,168,99,ko,주황색,주황,주황,황토색,황토,황토
9,222,234,ko,청록색,청록,청록,하늘색,하늘,하늘
197,45,99,ko,자홍색,자홍,자홍,진분홍,진분홍,진분홍
121,118,129,ko,회색,회,회,회보라색,회보라,회보라
240,247,162,ko,연노랑,연노랑,연노랑,연노랑,연노랑,연노랑
83,102,165,ko,파란색,파랑,파랑,파란색,파랑,파랑
5,51,162,ko,파랑,파랑,파랑,파란색,파랑,파랑
183,193,159,ko,연두색,연두,연두,회녹색,회녹,회녹
93,98,46,ko,카키색,카키,카키,올리브색,올리브,올리브
12,15,96,ko,남색,남,남,남색,남,남
94,125,32,ko,올리브색,올리브,올리브,국방색,국방,국방
78,65,144,ko,보라색,보라,보라,보라색,보라,보라
123,190,47,ko,연두색,연두,연두,연두색,연두,연두
141,171,110,ko,연두색,연두,연두,올리브색,올리브,올리브
194,234,119,ko,연두색,연두,연두,연두색,연두,연두
209,50,46,ko,빨간색,빨강,빨강,빨강,빨강,빨강
202,190,225,ko,연보라,연보라,연보라,연보라색,연보라,연보라
237,52,198,ko,자홍색,자홍,자홍,핫핑크,핫핑크,핫핑크
57,240,23,ko,초록색,초록,초록,라임색,라임,라임
32,191,80,ko,초록색,초록,초록,초록색,초록,초록
61,241,226,ko,청록색,청록,청록,아쿠아색,아쿠아,아쿠아
129,140,236,ko,보라색,보라,보라,라벤더색,라벤더,라벤더
227,180,115,ko,베이지,베이지,베이지,카멜색,카멜,카멜
113,100,94,ko,회색,회,회,회갈색,회갈,회갈
41,69,146,ko,파란색,파랑,파랑,로열블루,로열블루,로열블루
131,102,215,ko,보라색,보라,보라,보라색,보라,보라
147,224,81,ko,연두색,연두,연두,연두색,연두,연두
168,168,9,ko,노란색,노랑,노랑,올리브색,올리브,올리브
73,53,106,ko,보라색,보라,보라,가지색,가지,가지
122,198,90,ko,연두색,연두,연두,연두색,연두,연두
81,222,235,ko,청록색,청록,청록,하늘색,하늘,하늘
130,40,232,ko,보라색,보라,보라,보라색,보라,보라
231,200,78,ko,노란색,노랑,노랑,황금색,황금,황금
26,232,25,ko,초록색,초록,초록,연두색,연두,연두
169,219,217,ko,민트색,민트,민트,연하늘색,연하늘,연하늘
22,130,119,ko,청록색,청록,청록,청록색,청록,청록
123,45,82,ko,자주색,자주,자주,자주색,자주,자주
58,18,187,ko,보라색,보라,보라,청보라색,청보라,청보라
19,143,170,ko,청록색,청록,청록,청록색,청록,청록
34,233,5,ko,연두색,연두,연두,초록색,초록,초록
37,178,162,ko,청록색,청록,청록,청록색,청록,청록
229,219,253,ko,연보라,연보라,연보라,연보라색,연보라,연보라
10,7,243,ko,파란색,파랑,파랑,파랑,파랑,파랑
179,177,205,ko,보라색,보라,보라,연보라색,연보라,연보라
136,122,136,ko,보라색,보라,보라,회보라색,회보라,회보라
105,114,168,ko,보라색,보라,보라,청회색,청회,청회
99,253,82,ko,연두색,연두,연두,라임색,라임,라임
193,209,48,ko,연두색,연두,연두,연두색,연두,연두
247,167,147,ko,살구색,살구,살구,살구색,살구,살구
241,229,135,ko,노란색,노랑,노랑,연노랑,연노랑,연노랑
48,189,61,ko,초록색,초록,초록,연두색,연두,연두
97,37,188,ko,보라색,보라,보라,보라색,보라,보라
251,34,5,ko,빨강,빨강,빨강,빨강,빨강,빨강
71,175,254,ko,하늘색,하늘,하늘,하늘색,하늘,하늘
160,198,102,ko,연두색,연두,연두,연두색,연두,연두
136,245,229,ko,민트색,민트,민트,민트색,민트,민트
208,42,18,ko,빨강,빨강,빨강,빨간색,빨강,빨강
30,20,122,ko,남색,남,남,남색,남,남
25,22,183,ko,파란색,파랑,파랑,파랑,파랑,파랑
81,165,253,ko,파란색,파랑,파랑,하늘색,하늘,하늘
125,82,48,ko,갈색,갈,갈,밤색,밤,밤
187,159,163,ko,분홍색,분홍,분홍,말린 장미색,말린 장미,말린장미
154,252,221,ko,민트색,민트,민트,민트색,민트,민트
55,231,154,ko,민트색,민트,민트,민트색,민트,민트
184,105,29,ko,주황색,주황,주황,황토색,황토,황토
125,117,100,ko,회갈색,회갈,회갈,회갈색,회갈,회갈
249,203,158,ko,살구색,살구,살구,살구색,살구,살구
170,89,227,ko,보라색,보라,보라,보라색,보라,보라
111,226,84,ko,연두색,연두,연두,연두색,연두,연두
214,247,97,ko,연두색,연두,연두,연두색,연두,연두
1,86,210,ko,파란색,파랑,파랑,파란색,파랑,파랑
210,104,143,ko,분홍색,분홍,분홍,분홍색,분홍,분홍
37,61,58,ko,청록색,청록,청록,청록색,청록,청록
103,118,38,ko,올리브색,올리브,올리브,올리브색,올리브,올리브
126,119,255,ko,보라색,보라,보라,청보라색,청보라,청보라
62,24,141,ko,보라색,보라,보라,보라색,보라,보라
92,66,43,ko,갈색,갈,갈,갈색,갈,갈
90,126,250,ko,파란색,파랑,파랑,파란색,파랑,파랑
125,35,109,ko,보라색,보라,보라,보라색,보라,보라
155,169,89,ko,올리브색,올리브,올리브,올리브색,올리브,올리브
140,125,86,ko,카키색,카키,카키,카키색,카키,카키
70,165,234,ko,하늘색,하늘,하늘,파란색,파랑,파랑
86,0,28,ko,자주색,자주,자주,버건디,버건디,버건디
13,48,65,ko,남색,남,남,청록색,청록,청록
164,215,109,ko,연두색,연두,연두,연두색,연두,연두
32,231,186,ko,민트색,민트,민트,청록색,청록,청록
69,198,15,ko,연두색,연두,연두,라임색,라임,라임
46,2,16,ko,자주색,자주,자주,자주색,자주,자주
68,141,104,ko,초록색,초록,초록,청록색,청록,청록
49,140,227,ko,파란색,파랑,파랑,파란색,파랑,파랑
48,211,114,ko,초록색,초록,초록,초록색,초록,초록
139,231,65,ko,연두색,연두,연두,연두색,연두,연두
14,150,156,ko,청록색,청록,청록,청록색,청록,청록
193,204,110,ko,연두색,연두,연두,연두색,연두,연두
6,53,126,ko,파란색,파랑,파랑,파란색,파랑,파랑
142,66,176,ko,보라색,보라,보라,보라색,보라,보라
237,137,31,ko,주황색,주황,주황,주황색,주황,주황
120,146,125,ko,회색,회,회,세이지 그린,세이지 그린,세이지그린
206,0,60,ko,빨간색,빨강,빨강,진홍색,진홍,진홍
52,176,128,ko,초록색,초록,초록,초록색,초록,초록
225,111,213,ko,분홍색,분홍,분홍,자주색,자주,자주
22,6,222,ko,파랑,파랑,파랑,파란색,파랑,파랑
92,86,202,ko,보라색,보라,보라,청보라색,청보라,청보라
112,160,90,ko,연두색,연두,연두,올리브 그린,올리브 그린,올리브그린
84,83,131,ko,보라색,보라,보라,남보라색,남보라,남보라
214,66,213,ko,보라색,보라,보라,자홍색,자홍,자홍
48,83,132,ko,파란색,파랑,파랑,파란색,파랑,파랑
41,98,196,ko,파랑,파랑,파랑,코발트블루,코발트블루,코발트블루
225,247,159,ko,연두색,연두,연두,연두색,연두,연두
19,241,240,ko,청록색,청록,청록,하늘색,하늘,하늘
93,115,253,ko,파랑,파랑,파랑,청보라색,청보라,청보라
110,43,38,ko,갈색,갈,갈,벽돌색,벽돌,벽돌
241,246,228,ko,연두색,연두,연두,연한 연두색,연 연두,연연두
85,23,90,ko,보라색,보라,보라,보라색,보라,보라
44,135,218,ko,파란색,파랑,파랑,파랑,파랑,파랑
148,141,47,ko,올리브색,올리브,올리브,올리브색,올리브,올리브
68,51,223,ko,파랑,파랑,파랑,파란색,파랑,파랑
112,214,60,ko,연두색,연두,연두,연두색,연두,연두
219,33,48,ko,빨강,빨강,빨강,빨간색,빨강,빨강
158,4,171,ko,보라색,보라,보라,보라색,보라,보라
83,109,249,ko,파란색,파랑,파랑,파랑,파랑,파랑
56,126,9,ko,초록색,초록,초록,초록색,초록,초록
22,109,78,ko,초록색,초록,초록,짙은 녹색,짙은 녹,짙은녹
110,183,255,ko,하늘색,하늘,하늘,하늘색,하늘,하늘
206,47,207,ko,보라색,보라,보라,보라색,보라,보라
141,4,205,ko,보라색,보라,보라,보라색,보라,보라
134,205,247,ko,하늘색,하늘,하늘,하늘색,하늘,하늘
29,241,9,ko,연두색,연두,연두,초록,초록,초록
48,16,27,ko,자주색,자주,자주,고동색,고동,고동
236,239,7,ko,노란색,노랑,노랑,노란색,노랑,노랑
177,152,131,ko,베이지색,베이지,베이지,베이지색,베이지,베이지
216,11,50,ko,빨강,빨강,빨강,빨강,빨강,빨강
192,184,101,ko,카키색,카키,카키,올리브색,올리브,올리브
10,110,132,ko,청록색,청록,청록,청록색,청록,청록
181,67,195,ko,보라색,보라,보라,보라색,보라,보라
73,83,200,ko,파란색,파랑,파랑,군청색,군청,군청
240,254,49,ko,노란색,노랑,노랑,노란색,노랑,노랑
22,34,189,ko,파란색,파랑,파랑,파랑,파랑,파랑
195,189,92,ko,카키색,카키,카키,카키색,카키,카키
180,212,101,ko,연두색,연두,연두,연두색,연두,연두
219,125,205,ko,분홍색,분홍,분홍,분홍색,분홍,분홍
145,143,108,ko,카키색,카키,카키,올리브색,올리브,올리브
72,2,234,ko,보라색,보라,보라,보라색,보라,보라
162,84,189,ko,보라색,보라,보라,보라색,보라,보라
216,212,144,ko,연노랑,연노랑,연노랑,연두색,연두,연두
13,129,47,ko,초록색,초록,초록,초록,초록,초록
86,225,180,ko,민트색,민트,민트,민트색,민트,민트
137,253,137,ko,연두색,연두,연두,연두색,연두,연두
173,239,232,ko,민트색,민트,민트,민트색,민트,민트
0,215,86,ko,초록색,초록,초록,라임색,라임,라임
196,117,243,ko,보라색,보라,보라,보라색,보라,보라
39,191,233,ko,하늘색,하늘,하늘,하늘색,하늘,하늘
210,102,129,ko,분홍색,분홍,분홍,진분홍색,진분홍,진분홍
75,80,61,ko,회색,회,회,올리브색,올리브,올리브
236,60,31,ko,주황색,주황,주황,다홍,다홍,다홍
253,213,170,ko,살구색,살구,살구,살구색,살구,살구
31,128,231,ko,파랑,파랑,파랑,파란색,파랑,파랑
2,213,6,ko,초록색,초록,초록,초록,초록,초록
228,90,28,ko,주황색,주황,주황,주황색,주황,주황
191,72,77,ko,빨간색,빨강,빨강,붉은색,붉은,붉은
173,74,134,ko,보라색,보라,보라,자주색,자주,자주
185,246,233,ko,연한 민트색,연 민트,연민트,민트색,민트,민트
65,112,48,ko,초록색,초록,초록,짙은 녹색,짙은 녹,짙은녹
134,33,175,ko,보라색,보라,보라,보라색,보라,보라
252,220,157,ko,연노랑,연노랑,연노랑,살구색,살구,살구
68,130,70,ko,초록색,초록,초록,초록색,초록,초록
76,40,171,ko,보라색,보라,보라,보라색,보라,보라
24,217,2,ko,연두색,연두,연두,초록색,초록,초록
102,46,141,ko,보라색,보라,보라,보라색,보라,보라
47,142,126,ko,청록색,청록,청록,청록색,청록,청록
25,153,30,ko,초록색,초록,초록,초록색,초록,초록
22,163,138,ko,청록색,청록,청록,청록색,청록,청록
245,115,239,ko,분홍색,분홍,분홍,분홍색,분홍,분홍
208,232,22,ko,연두색,연두,연두,라임색,라임,라임
20,214,172,ko,청록색,청록,청록,청록색,청록,청록
25,65,24,ko,초록색,초록,초록,진초록색,진초록,진초록
81,98,236,ko,파랑,파랑,파랑,로얄 블루,로얄 블루,로얄블루
162,108,233,ko,보라색,보라,보라,보라색,보라,보라
92,213,53,ko,연두색,연두,연두,연두색,연두,연두
238,240,255,ko,연한 보라색,연 보라,연보라,연보라색,연보라,연보라
55,65,27,ko,올리브색,올리브,올리브,군녹색,군녹,군녹
149,69,85,ko,자주색,자주,자주,와인색,와인,와인
35,95,172,ko,파란색,파랑,파랑,파란색,파랑,파랑
19,47,9,ko,초록색,초록,초록,진초록색,진초록,진초록
162,117,121,ko,분홍색,분홍,분홍,말린 장미색,말린 장미,말린장미
167,48,109,ko,자주색,자주,자주,마젠타,마젠타,마젠타
6,32,199,ko,파란색,파랑,파랑,파랑,파랑,파랑
215,30,156,ko,자홍색,자홍,자홍,핫핑크,핫핑크,핫핑크
252,186,35,ko,노란색,노랑,노랑,노란색,노랑,노랑
92,248,0,ko,연두색,연두,연두,연두색,연두,연두
168,104,15,ko,주황색,주황,주황,황토색,황토,황토
140,255,178,ko,연두색,연두,연두,연두색,연두,연두
184,216,21,ko,연두색,연두,연두,연두색,연두,연두
146,82,18,ko,갈색,갈,갈,밤색,밤,밤
50,218,154,ko,청록색,청록,청록,초록색,초록,초록
53,20,172,ko,보라색,보라,보라,남색,남,남
4,237,38,ko,연두색,연두,연두,초록색,초록,초록
48,147,202,ko,파란색,파랑,파랑,파란색,파랑,파랑
248,153,229,ko,분홍색,분홍,분홍,분홍색,분홍,분홍
15,66,90,ko,청록색,청록,청록,청록색,청록,청록
161,221,19,ko,연두색,연두,연두,연두색,연두,연두
163,49,14,ko,주황색,주황,주황,적갈색,적갈,적갈
169,191,77,ko,황록색,황록,황록,연두색,연두,연두
166,58,43,ko,적갈색,적갈,적갈,적갈색,적갈,적갈
79,30,78,ko,보라색,보라,보라,가지색,가지,가지
101,218,149,ko,연두색,연두,연두,민트색,민트,민트
21,95,138,ko,청록색,청록,청록,남색,남,남
226,136,135,ko,연분홍,연분홍,연분홍,코랄색,코랄,코랄
168,220,211,ko,민트색,민트,민트,민트색,민트,민트
68,232,41,ko,연두색,연두,연두,연두색,연두,연두
255,17,74,ko,빨강,빨강,빨강,핫핑크,핫핑크,핫핑크
27,24,244,ko,파란색,파랑,파랑,파랑,파랑,파랑
180,5,82,ko,자홍색,자홍,자홍,자주색,자주,자주
62,112,220,ko,파란색,파랑,파랑,파란색,파랑,파랑
92,148,19,ko,연두색,연두,연두,올리브색,올리브,올리브
41,216,106,ko,초록색,초록,초록,초록색,초록,초록
236,157,14,ko,주황색,주황,주황,주황색,주황,주황
102,232,227,ko,청록색,청록,청록,청록색,청록,청록
140,52,144,ko,보라색,보라,보라,보라색,보라,보라
177,238,23,ko,연두색,연두,연두,라임색,라임,라임
28,205,173,ko,청록색,청록,청록,청록,청록,청록
132,177,5,ko,연두색,연두,연두,연두색,연두,연두
184,150,224,ko,연보라,연보라,연보라,연보라색,연보라,연보라
200,42,120,ko,분홍색,분홍,분홍,자주색,자주,자주
14,76,56,ko,청록색,청록,청록,진초록색,진초록,진초록
216,137,157,ko,분홍색,분홍,분홍,핑크,핑크,핑크
135,164,181,ko,회청색,회청,회청,청회색,청회,청회
14,214,77,ko,연두색,연두,연두,초록색,초록,초록
163,104,207,ko,보라색,보라,보라,보라색,보라,보라
90,38,112,ko,보라색,보라,보라,자주색,자주,자주
158,188,27,ko,연두색,연두,연두,연두색,연두,연두
96,105,60,ko,카키색,카키,카키,올리브색,올리브,올리브
181,57,153,ko,자주색,자주,자주,마젠타,마젠타,마젠타
117,47,25,ko,갈색,갈,갈,적갈색,적갈,적갈
109,119,215,ko,파란색,파랑,파랑,청보라색,청보라,청보라
151,129,226,ko,연보라,연보라,연보라,보라색,보라,보라
144,162,88,ko,연두색,연두,연두,올리브색,올리브,올리브
11,191,61,ko,초록색,초록,초록,초록색,초록,초록
147,84,112,ko,자주색,자주,자주,자주색,자주,자주
48,215,137,ko,초록색,초록,초록,민트색,민트,민트
47,50,25,ko,올리브색,올리브,올리브,올리브색,올리브,올리브
56,145,163,ko,청록색,청록,청록,청록색,청록,청록
195,133,229,ko,연보라,연보라,연보라,보라색,보라,보라
98,65,16,ko,갈색,갈,갈,갈색,갈,갈
91,236,35,ko,초록색,초록,초록,연두색,연두,연두
132,229,198,ko,민트색,민트,민트,민트색,민트,민트
146,109,83,ko,갈색,갈,갈,갈색,갈,갈
240,66,110,ko,분홍색,분홍,분홍,핫핑크,핫핑크,핫핑크
162,213,0,ko,연두색,연두,연두,라임색,라임,라임
34,127,169,ko,청록색,청록,청록,파란색,파랑,파랑
131,33,221,ko,보라색,보라,보라,보라색,보라,보라
95,33,163,ko,보라색,보라,보라,보라색,보라,보라
70,85,43,ko,올리브색,올리브,올리브,올리브색,올리브,올리브
215,208,189,ko,베이지색,베이지,베이지,베이지,베이지,베이지
143,128,147,ko,회색,회,회,모브색,모브,모브
205,45,221,ko,보라색,보라,보라,자주색,자주,자주
195,229,96,ko,연두색,연두,연두,연두색,연두,연두
224,130,74,ko,주황색,주황,주황,황토색,황토,황토
199,129,186,ko,연보라색,연보라,연보라,라벤더색,라벤더,라벤더
252,170,206,ko,분홍색,분홍,분홍,분홍색,분홍,분홍
58,24,53,ko,자주색,자주,자주,자주색,자주,자주
251,243,171,ko,연한 노란색,연 노랑,연노랑,연노랑,연노랑,연노랑
12,254,221,ko,청록색,청록,청록,청록색,청록,청록
82,235,164,ko,연두색,연두,연두,민트색,민트,민트
223,60,39,ko,주황색,주황,주황,다홍색,다홍,다홍
111,184,63,ko,연두색,연두,연두,연두색,연두,연두
128,175,224,ko,하늘색,하늘,하늘,하늘색,하늘,하늘
41,80,8,ko,초록색,초록,초록,진녹색,진녹,진녹
194,105,25,ko,주황색,주황,주황,황토색,황토,황토
71,25,77,ko,보라색,보라,보라,보라색,보라,보라
114,62,233,ko,보라색,보라,보라,보라색,보라,보라
218,117,116,ko,연한코랄,연코랄,연코랄,산호색,산호,산호
212,200,249,ko,연보라,연보라,연보라,연보라색,연보라,연보라
231,237,81,ko,노란색,노랑,노랑,노란색,노랑,노랑
249,162,76,ko,주황색,주황,주황,주황색,주황,주황
50,180,206,ko,청록색,청록,청록,청록색,청록,청록
199,187,66,ko,노란색,노랑,노랑,겨자색,겨자,겨자
128,101,89,ko,갈색,갈,갈,갈색,갈,갈
118,209,66,ko,연두색,연두,연두,연두색,연두,연두
215,245,193,ko,연두색,연두,연두,연두색,연두,연두
102,217,23,ko,연두색,연두,연두,라임색,라임,라임
11,171,4,ko,초록색,초록,초록,초록,초록,초록
141,105,45,ko,갈색,갈,갈,카멜색,카멜,카멜
216,61,103,ko,분홍색,분홍,분홍,진분홍색,진분홍,진분홍
153,151,77,ko,카키색,카키,카키,올리브색,올리브,올리브
250,29,199,ko,자홍색,자홍,자홍,핫핑크,핫핑크,핫핑크
79,51,245,ko,보라색,보라,보라,청자색,청자,청자
136,78,136,ko,보라색,보라,보라,보라색,보라,보라
223,207,30,ko,노란색,노랑,노랑,노란색,노랑,노랑
140,187,95,ko,연두색,연두,연두,연두색,연두,연두
171,67,54,ko,적갈색,적갈,적갈,벽돌색,벽돌,벽돌
98,154,188,ko,하늘색,하늘,하늘,청회색,청회,청회
139,161,155,ko,회청색,회청,회청,청록색,청록,청록
192,76,140,ko,분홍색,분홍,분홍,마젠타,마젠타,마젠타
49,131,201,ko,파란색,파랑,파랑,파란색,파랑,파랑
130,150,15,ko,올리브색,올리브,올리브,올리브색,올리브,올리브
75,132,221,ko,파랑,파랑,파랑,파랑,파랑,파랑
205,210,159,ko,연두색,연두,연두,쑥색,쑥,쑥
67,235,168,ko,민트색,민트,민트,민트색,민트,민트
189,186,47,ko,노란색,노랑,노랑,올리브색,올리브,올리브
198,166,85,ko,금색,금,금,겨자색,겨자,겨자
177,203,148,ko,연두색,연두,연두,회녹색,회녹,회녹
28,15,147,ko,파랑,파랑,파랑,남색,남,남
103,53,222,ko,보라색,보라,보라,보라색,보라,보라
189,159,128,ko,베이지,베이지,베이지,낙타색,낙타,낙타
58,111,65,ko,초록색,초록,초록,숲색,숲,숲
193,16,49,ko,빨강,빨강,빨강,빨강,빨강,빨강
110,14,147,ko,보라색,보라,보라,보라색,보라,보라
247,33,137,ko,분홍색,분홍,분홍,핫핑크,핫핑크,핫핑크
40,65,218,ko,파랑,파랑,파랑,파란색,파랑,파랑
54,108,86,ko,초록색,초록,초록,짙은 초록색,짙은 초록,짙은초록
30,0,211,ko,파랑,파랑,파랑,파란색,파랑,파랑
152,110,254,ko,보라색,보라,보라,보라색,보라,보라
17,209,143,ko,초록색,초록,초록,에메랄드 그린,에메랄드 그린,에메랄드그린
8,3,154,ko,파란색,파랑,파랑,파란색,파랑,파랑
103,23,139,ko,보라색,보라,보라,보라색,보라,보라
157,88,136,ko,보라색,보라,보라,자주색,자주,자주
207,133,49,ko,주황색,주황,주황,주황색,주황,주황
9,252,185,ko,민트색,민트,민트,청록색,청록,청록
53,248,101,ko,연두색,연두,연두,초록,초록,초록
144,18,164,ko,보라색,보라,보라,보라색,보라,보라
149,23,123,ko,보라색,보라,보라,자주색,자주,자주
197,244,131,ko,연두색,연두,연두,연두색,연두,연두
228,219,169,ko,베이지,베이지,베이지,크림색,크림,크림
84,46,67,ko,자주색,자주,자주,자주색,자주,자주
65,163,167,ko,청록색,청록,청록,청록색,청록,청록
191,146,149,ko,분홍색,분홍,분홍,말린 장미색,말린 장미,말린장미
51,122,53,ko,초록색,초록,초록,초록색,초록,초록
231,27,146,ko,분홍색,분홍,분홍,자홍색,자홍,자홍
149,222,252,ko,하늘색,하늘,하늘,하늘색,하늘,하늘
80,27,211,ko,보라색,보라,보라,보라색,보라,보라
160,203,237,ko,하늘색,하늘,하늘,하늘색,하늘,하늘
253,196,167,ko,살구색,살구,살구,살구색,살구,살구
69,80,201,ko,파란색,파랑,파랑,로얄블루,로얄블루,로얄블루
125,56,45,ko,갈색,갈,갈,적갈색,적갈,적갈
92,214,85,ko,초록색,초록,초록,연두색,연두,연두
16,46,108,ko,남색,남,남,남색,남,남
159,155,152,ko,회색,회,회,회색,회,회
184,49,92,ko,자주색,자주,자주,자홍색,자홍,자홍
236,93,35,ko,주황색,주황,주황,주황색,주황,주황
11,252,117,ko,초록색,초록,초록,연두색,연두,연두
255,118,98,ko,살몬색,살몬,살몬,다홍색,다홍,다홍
171,7,61,ko,자주색,자주,자주,자주색,자주,자주
128,188,129,ko,연두색,연두,연두,초록색,초록,초록
191,62,127,ko,자홍색,자홍,자홍,자주색,자주,자주
227,182,56,ko,노란색,노랑,노랑,겨자색,겨자,겨자
30,62,133,ko,파란색,파랑,파랑,남색,남,남
191,139,109,ko,살구색,살구,살구,황토색,황토,황토
16,247,7,ko,연두색,연두,연두,초록,초록,초록
49,199,53,ko,초록색,초록,초록,초록,초록,초록
89,208,249,ko,하늘색,하늘,하늘,하늘색,하늘,하늘
175,181,229,ko,연한 보라색,연 보라,연보라,라벤더색,라벤더,라벤더
124,34,215,ko,보라색,보라,보라,보라색,보라,보라
252,161,77,ko,주황색,주황,주황,주황색,주황,주황
100,181,39,ko,초록색,초록,초록,연두색,연두,연두
160,79,126,ko,자주색,자주,자주,자주색,자주,자주
62,138,239,ko,파란색,파랑,파랑,파란색,파랑,파랑
19,49,87,ko,짙은 파란색,짙은 파랑,짙은파랑,남색,남,남
64,80,181,ko,파란색,파랑,파랑,군청색,군청,군청
91,60,27,ko,갈색,갈,갈,갈색,갈,갈
248,29,112,ko,분홍색,분홍,분홍,핫핑크,핫핑크,핫핑크
101,235,101,ko,연두색,연두,연두,연두색,연두,연두
146,91,221,ko,보라색,보라,보라,보라색,보라,보라
153,130,40,ko,올리브색,올리브,올리브,겨자색,겨자,겨자
234,77,175,ko,분홍색,분홍,분홍,핫핑크,핫핑크,핫핑크
127,232,224,ko,민트색,민트,민트,청록색,청록,청록
65,108,160,ko,파란색,파랑,파랑,파란색,파랑,파랑
128,177,123,ko,연두색,연두,연두,초록색,초록,초록
75,55,247,ko,보라색,보라,보라,청보라색,청보라,청보라
10,142,203,ko,파랑,파랑,파랑,하늘색,하늘,하늘
208,247,182,ko,연두색,연두,연두,연두색,연두,연두
199,84,45,ko,주황색,주황,주황,적갈색,적갈,적갈
238,141,54,ko,주황색,주황,주황,주황색,주황,주황
234,74,17,ko,주황색,주황,주황,주황,주황,주황
232,19,91,ko,분홍색,분홍,분홍,핫핑크,핫핑크,핫핑크
80,164,123,ko,초록색,초록,초록,청록색,청록,청록
145,206,124,ko,연두색,연두,연두,연두색,연두,연두
153,129,163,ko,보라색,보라,보라,회보라색,회보라,회보라
97,1,46,ko,자주색,자주,자주,버건디색,버건디,버건디
89,103,198,ko,파란색,파랑,파랑,군청색,군청,군청
144,184,26,ko,연두색,연두,연두,연두색,연두,연두
25,201,56,ko,초록색,초록,초록,초록색,초록,초록
4,56,191,ko,파란색,파랑,파랑,파랑,파랑,파랑
122,168,75,ko,연두색,연두,연두,올리브색,올리브,올리브
138,150,199,ko,연보라색,연보라,연보라,라벤더색,라벤더,라벤더
88,44,199,ko,보라색,보라,보라,보라색,보라,보라
119,165,17,ko,연두색,연두,연두,연두색,연두,연두
138,223,85,ko,연두색,연두,연두,연두색,연두,연두
5,252,72,ko,초록색,초록,초록,초록색,초록,초록
94,40,172,ko,보라색,보라,보라,보라색,보라,보라
17,23,43,ko,남색,남,남,남색,남,남
210,14,67,ko,빨강,빨강,빨강,마젠타,마젠타,마젠타
195,166,82,ko,카키색,카키,카키,황토색,황토,황토
203,120,164,ko,분홍색,분홍,분홍,분홍색,분홍,분홍
77,193,131,ko,연두색,연두,연두,초록색,초록,초록
80,93,137,ko,남색,남,남,청회색,청회,청회
238,86,157,ko,분홍색,분홍,분홍,핫핑크,핫핑크,핫핑크
214,204,130,ko,베이지색,베이지,베이지,황록색,황록,황록
229,108,92,ko,코랄색,코랄,코랄,코랄,코랄,코랄
70,89,208,ko,파랑,파랑,파랑,로얄블루,로얄블루,로얄블루
214,249,84,ko,연두색,연두,연두,연두색,연두,연두
195,104,127,ko,분홍색,분홍,분홍,장미색,장미,장미
113,53,7,ko,갈색,갈,갈,갈색,갈,갈
145,157,125,ko,올리브색,올리브,올리브,올리브색,올리브,올리브
94,112,50,ko,올리브색,올리브,올리브,올리브색,올리브,올리브
111,32,65,ko,자주색,자주,자주,버건디,버건디,버건디
52,22,68,ko,보라색,보라,보라,짙은 보라색,짙은 보라,짙은보라
152,26,216,ko,보라색,보라,보라,보라색,보라,보라
82,65,8,ko,올리브색,올리브,올리브,국방색,국방,국방
55,82,105,ko,청회색,청회,청회,청회색,청회,청회
241,143,250,ko,연분홍,연분홍,연분홍,연보라색,연보라,연보라
27,242,140,ko,연두색,연두,연두,에메랄드색,에메랄드,에메랄드
201,58,175,ko,보라색,보라,보라,자주색,자주,자주
159,99,198,ko,보라색,보라,보라,보라색,보라,보라
29,43,26,ko,짙은 녹색,짙은 녹,짙은녹,짙은 녹색,짙은 녹,짙은녹
208,145,109,ko,살구색,살구,살구,황토색,황토,황토
178,8,20,ko,빨간색,빨강,빨강,빨간색,빨강,빨강
105,143,241,ko,파란색,파랑,파랑,하늘색,하늘,하늘
205,130,210,ko,연보라,연보라,연보라,보라색,보라,보라
131,5,51,ko,자주색,자주,자주,와인색,와인,와인
113,225,56,ko,연두색,연두,연두,연두색,연두,연두
243,225,170,ko,연한 노랑,연 노랑,연노랑,연노란색,연노랑,연노랑
233,196,5,ko,노란색,노랑,노랑,노란색,노랑,노랑
86,92,187,ko,보라색,보라,보라,청보라색,청보라,청보라
12,84,106,ko,청록색,청록,청록,청록색,청록,청록
139,63,198,ko,보라색,보라,보라,보라색,보라,보라
85,156,156,ko,청록색,청록,청록,청록색,청록,청록
147,163,66,ko,연두색,연두,연두,올리브색,올리브,올리브
203,178,81,ko,머스타드색,머스타드,머스타드,머스타드색,머스타드,머스타드
51,171,48,ko,초록색,초록,초록,초록색,초록,초록
95,25,41,ko,자주색,자주,자주,버건디,버건디,버건디
154,24,87,ko,자주색,자주,자주,자주색,자주,자주
210,60,15,ko,주황색,주황,주황,다홍색,다홍,다홍
51,150,28,ko,초록색,초록,초록,초록색,초록,초록
140,3,103,ko,자주색,자주,자주,자주색,자주,자주
28,106,134,ko,청록색,청록,청록,청록색,청록,청록
238,217,172,ko,베이지,베이지,베이지,베이지색,베이지,베이지
93,159,85,ko,초록색,초록,초록,초록색,초록,초록
140,172,117,ko,연두색,연두,연두,쑥색,쑥,쑥
113,204,247,ko,하늘색,하늘,하늘,하늘색,하늘,하늘
134,153,136,ko,회녹색,회녹,회녹,녹회색,녹회,녹회
0,136,167,ko,청록색,청록,청록,청록색,청록,청록
124,8,72,ko,자주색,자주,자주,자주색,자주,자주
231,134,216,ko,분홍색,분홍,분홍,핑크,핑크,핑크
165,20,131,ko,자홍색,자홍,자홍,자주색,자주,자주
93,18,6,ko,갈색,갈,갈,팥색,팥,팥
177,159,91,ko,카키색,카키,카키,카키색,카키,카키
84,105,125,ko,청회색,청회,청회,청회색,청회,청회
213,132,184,ko,분홍색,분홍,분홍,분홍색,분홍,분홍
153,253,243,ko,민트색,민트,민트,하늘색,하늘,하늘
168,18,91,ko,자주색,자주,자주,자홍색,자홍,자홍
47,77,210,ko,파랑,파랑,파랑,파란색,파랑,파랑
48,192,157,ko,청록색,청록,청록,청록색,청록,청록
238,205,189,ko,살구색,살구,살구,복숭아색,복숭아,복숭아
242,229,185,ko,연노랑,연노랑,연노랑,미색,미,미
239,62,226,ko,자홍색,자홍,자홍,마젠타,마젠타,마젠타
195,59,96,ko,분홍색,분홍,분홍,자홍색,자홍,자홍
55,234,3,ko,연두색,연두,연두,초록색,초록,초록
206,104,1,ko,주황색,주황,주황,주황색,주황,주황
247,189,171,ko,살구색,살구,살구,살구색,살구,살구
216,41,139,ko,분홍색,분홍,분홍,마젠타,마젠타,마젠타
150,225,246,ko,하늘색,하늘,하늘,하늘색,하늘,하늘
212,143,110,ko,살구색,살구,살구,테라코타색,테라코타,테라코타
69,105,0,ko,올리브색,올리브,올리브,올리브색,올리브,올리브
39,12,204,ko,파란색,파랑,파랑,파란색,파랑,파랑
184,76,184,ko,보라색,보라,보라,자주색,자주,자주
67,140,18,ko,초록색,초록,초록,초록,초록,초록
153,17,93,ko,자주색,자주,자주,자주색,자주,자주
76,125,250,ko,파란색,파랑,파랑,파란색,파랑,파랑
144,152,170,ko,회색,회,회,청회색,청회,청회
252,35,206,ko,분홍색,분홍,분홍,마젠타,마젠타,마젠타
47,64,216,ko,파란색,파랑,파랑,파랑,파랑,파랑
45,178,66,ko,초록색,초록,초록,초록,초록,초록
39,77,126,ko,파란색,파랑,파랑,짙은 파란색,짙은 파랑,짙은파랑
5,40,254,ko,파랑,파랑,파랑,파란색,파랑,파랑
87,175,40,ko,연두색,연두,연두,초록색,초록,초록
136,154,255,ko,하늘색,하늘,하늘,연한 파란색,연 파랑,연파랑
60,181,17,ko,초록색,초록,초록,연두색,연두,연두
36,135,229,ko,파란색,파랑,파랑,하늘색,하늘,하늘
61,57,151,ko,보라색,보라,보라,진보라색,진보라,진보라
76,250,112,ko,연두색,연두,연두,연두색,연두,연두
161,241,76,ko,연두색,연두,연두,연두색,연두,연두
229,65,104,ko,분홍색,분홍,분홍,진분홍,진분홍,진분홍
212,147,95,ko,주황색,주황,주황,황토색,황토,황토
170,235,166,ko,연두색,연두,연두,연두색,연두,연두
193,214,228,ko,하늘색,하늘,하늘,하늘색,하늘,하늘
35,84,225,ko,파랑,파랑,파랑,파란색,파랑,파랑
194,251,220,ko,연두색,연두,연두,민트색,민트,민트
119,92,149,ko,보라색,보라,보라,보라색,보라,보라
45,123,108,ko,청록색,청록,청록,청록색,청록,청록
42,221,242,ko,하늘색,하늘,하늘,하늘색,하늘,하늘
139,32,180,ko,보라색,보라,보라,보라색,보라,보라
161,155,253,ko,연보라색,연보라,연보라,연보라색,연보라,연보라
164,3,154,ko,보라색,보라,보라,보라색,보라,보라
219,181,50,ko,노란색,노랑,노랑,황금색,황금,황금
126,205,205,ko,청록색,청록,청록,터키색,터키,터키
175,87,93,ko,장밋빛 적색,장밋빛 적,장밋빛적,벽돌색,벽돌,벽돌
66,219,152,ko,민트색,민트,민트,민트색,민트,민트
201,87,54,ko,주황색,주황,주황,감색,감,감
169,30,245,ko,보라색,보라,보라,보라색,보라,보라
251,185,72,ko,주황색,주황,주황,주황색,주황,주황
31,63,171,ko,파란색,파랑,파랑,파란색,파랑,파랑
45,18,60,ko,보라색,보라,보라,가지색,가지,가지
117,20,88,ko,자주색,자주,자주,자주색,자주,자주
118,157,188,ko,하늘색,하늘,하늘,회색빛 파란색,회색빛 파랑,회색빛파랑
90,160,239,ko,파란색,파랑,파랑,파란색,파랑,파랑
71,174,67,ko,초록색,초록,초록,초록색,초록,초록
63,2,132,ko,보라색,보라,보라,보라색,보라,보라
103,24,27,ko,적갈색,적갈,적갈,버건디색,버건디,버건디
234,18,121,ko,분홍색,분홍,분홍,핫핑크,핫핑크,핫핑크
171,184,157,ko,연두색,연두,연두,쑥색,쑥,쑥
64,138,115,ko,청록색,청록,청록,청록색,청록,청록
4,53,111,ko,파란색,파랑,파랑,군청색,군청,군청
101,7,130,ko,보라색,보라,보라,보라색,보라,보라
226,164,65,ko,주황색,주황,주황,황토색,황토,황토
162,236,193,ko,연두색,연두,연두,민트색,민트,민트
178,184,78,ko,올리브색,올리브,올리브,올리브색,올리브,올리브
47,135,128,ko,청록색,청록,청록,청록색,청록,청록
89,76,40,ko,카키색,카키,카키,카키색,카키,카키
172,130,209,ko,보라색,보라,보라,보라색,보라,보라
122,247,8,ko,연두색,연두,연두,라임색,라임,라임
194,12,212,ko,보라색,보라,보라,자주색,자주,자주
22,184,132,ko,청록색,청록,청록,청록색,청록,청록
131,109,105,ko,회갈색,회갈,회갈,팥색,팥,팥
238,104,213,ko,분홍색,분홍,분홍,마젠타색,마젠타,마젠타
169,180,80,ko,올리브색,올리브,올리브,올리브색,올리브,올리브
96,161,34,ko,초록색,초록,초록,연두색,연두,연두
165,37,10,ko,주황색,주황,주황,벽돌색,벽돌,벽돌
158,120,117,ko,분홍빛 갈색,분홍빛 갈,분홍빛갈,말린 장미색,말린 장미,말린장미
113,251,245,ko,민트색,민트,민트,하늘색,하늘,하늘
219,141,177,ko,분홍색,분홍,분홍,핑크,핑크,핑크
125,252,95,ko,연두색,연두,연두,연두색,연두,연두
88,100,160,ko,청보라색,청보라,청보라,청보라색,청보라,청보라
167,82,207,ko,보라색,보라,보라,보라색,보라,보라
220,222,228,ko,연회색,연회,연회,회색,회,회
98,85,217,ko,보라색,보라,보라,보라색,보라,보라
77,224,165,ko,민트색,민트,민트,민트색,민트,민트
142,206,41,ko,연두색,연두,연두,연두색,연두,연두
83,47,200,ko,보라색,보라,보라,보라색,보라,보라
92,121,6,ko,올리브색,올리브,올리브,올리브색,올리브,올리브
127,216,100,ko,연두색,연두,연두,연두색,연두,연두
180,17,187,ko,자주색,자주,자주,보라색,보라,보라
101,227,101,ko,연두색,연두,연두,연두색,연두,연두
65,103,120,ko,청록색,청록,청록,청회색,청회,청회
182,81,32,ko,주황색,주황,주황,벽돌색,벽돌,벽돌
19,145,168,ko,청록색,청록,청록,청록색,청록,청록
99,179,69,ko,연두색,연두,연두,연두색,연두,연두
161,107,21,ko,갈색,갈,갈,황토색,황토,황토
173,164,185,ko,연보라색,연보라,연보라,회보라색,회보라,회보라
136,173,51,ko,연두색,연두,연두,연두색,연두,연두
80,209,235,ko,하늘색,하늘,하늘,하늘색,하늘,하늘
22,12,56,ko,남색,남,남,어두운 보라색,어두운 보라,어두운보라
148,255,147,ko,연두색,연두,연두,연두색,연두,연두
108,83,66,ko,갈색,갈,갈,갈색,갈,갈
91,184,114,ko,초록색,초록,초록,풀색,풀,풀
198,224,142,ko,연두색,연두,연두,연두색,연두,연두
169,238,113,ko,연두색,연두,연두,연두색,연두,연두
168,1,137,ko,자주색,자주,자주,자홍색,자홍,자홍
18,41,185,ko,파랑,파랑,파랑,파란색,파랑,파랑
132,244,28,ko,연두색,연두,연두,연두색,연두,연두
248,167,26,ko,주황색,주황,주황,주황색,주황,주황
252,241,247,ko,연분홍,연분홍,연분홍,연분홍,연분홍,연분홍
235,110,201,ko,분홍색,분홍,분홍,분홍색,분홍,분홍
244,83,191,ko,분홍색,분홍,분홍,핫핑크,핫핑크,핫핑크
104,152,227,ko,파란색,파랑,파랑,파란색,파랑,파랑
66,13,55,ko,자주색,자주,자주,가지색,가지,가지
44,152,176,ko,청록색,청록,청록,청록색,청록,청록
16,84,236,ko,파란색,파랑,파랑,파란색,파랑,파랑
156,128,37,ko,겨자색,겨자,겨자,머스타드색,머스타드,머스타드
50,72,49,ko,짙은 녹색,짙은 녹,짙은녹,짙은 녹색,짙은 녹,짙은녹
234,125,31,ko,주황색,주황,주황,주황색,주황,주황
66,211,26,ko,초록색,초록,초록,라임색,라임,라임
149,212,202,ko,민트색,민트,민트,민트색,민트,민트
67,209,77,ko,초록색,초록,초록,라임색,라임,라임
29,103,10,ko,초록색,초록,초록,진초록색,진초록,진초록
242,224,138,ko,노란색,노랑,노랑,연노란색,연노랑,연노랑
69,225,96,ko,연두색,연두,연두,연두색,연두,연두
245,213,49,ko,노란색,노랑,노랑,노란색,노랑,노랑
57,6,198,ko,보라색,보라,보라,청보라색,청보라,청보라
251,186,90,ko,주황색,주황,주황,주황색,주황,주황
76,212,163,ko,민트색,민트,민트,민트색,민트,민트
127,53,120,ko,보라색,보라,보라,보라색,보라,보라
29,81,154,ko,파란색,파랑,파랑,코발트 블루,코발트 블루,코발트블루
131,238,146,ko,연두색,연두,연두,연두색,연두,연두
238,156,184,ko,분홍색,분홍,분홍,분홍색,분홍,분홍
6,117,69,ko,초록색,초록,초록,진녹색,진녹,진녹
175,2,27,ko,빨강,빨강,빨강,빨간색,빨강,빨강
88,147,103,ko,초록색,초록,초록,짙은 초록색,짙은 초록,짙은초록
219,203,206,ko,연한 분홍색,연 분홍,연분홍,옅은 분홍색,옅은 분홍,옅은분홍
5,55,3,ko,진한 초록색,진 초록,진초록,짙은 녹색,짙은 녹,짙은녹
135,163,236,ko,파란색,파랑,파랑,연파랑,연파랑,연파랑
157,230,146,ko,연두색,연두,연두,연두색,연두,연두
249,171,175,ko,분홍색,분홍,분홍,연분홍색,연분홍,연분홍
53,122,250,ko,파란색,파랑,파랑,파란색,파랑,파랑
19,186,53,ko,초록색,초록,초록,초록색,초록,초록
39,110,172,ko,파랑,파랑,파랑,파란색,파랑,파랑
109,36,188,ko,보라색,보라,보라,보라색,보라,보라
160,2,22,ko,빨간색,빨강,빨강,진홍색,진홍,진홍
91,149,7,ko,초록색,초록,초록,연두색,연두,연두
227,231,95,ko,노란색,노랑,노랑,연두색,연두,연두
34,89,25,ko,초록색,초록,초록,진초록색,진초록,진초록
103,64,226,ko,보라색,보라,보라,보라색,보라,보라
130,105,51,ko,갈색,갈,갈,카키색,카키,카키
146,72,142,ko,보라색,보라,보라,보라색,보라,보라
65,47,37,ko,갈색,갈,갈,고동색,고동,고동
234,247,93,ko,연두색,연두,연두,연노랑,연노랑,연노랑
212,71,118,ko,분홍색,분홍,분홍,마젠타,마젠타,마젠타
188,97,142,ko,분홍색,분홍,분홍,자홍색,자홍,자홍
214,67,105,ko,분홍색,분홍,분홍,자홍색,자홍,자홍
151,227,231,ko,하늘색,하늘,하늘,하늘색,하늘,하늘
232,19,89,ko,분홍색,분홍,분홍,마젠타,마젠타,마젠타
70,237,141,ko,연두색,연두,연두,민트색,민트,민트
209,229,81,ko,연두색,연두,연두,연두색,연두,연두
212,19,40,ko,빨강,빨강,빨강,빨간색,빨강,빨강
113,206,47,ko,연두색,연두,연두,연두색,연두,연두
21,136,54,ko,초록색,초록,초록,초록색,초록,초록
227,197,146,ko,베이지,베이지,베이지,베이지,베이지,베이지
32,126,161,ko,청록색,청록,청록,청록색,청록,청록
212,23,140,ko,자홍색,자홍,자홍,핫핑크,핫핑크,핫핑크
69,254,35,ko,연두색,연두,연두,라임색,라임,라임
35,155,102,ko,초록색,초록,초록,초록,초록,초록
138,211,235,ko,하늘색,하늘,하늘,하늘색,하늘,하늘
133,31,212,ko,보라색,보라,보라,보라색,보라,보라
23,61,241,ko,파란색,파랑,파랑,파란색,파랑,파랑
156,207,74,ko,연두색,연두,연두,연두색,연두,연두
74,100,135,ko,파란색,파랑,파랑,강철 파랑,강철 파랑,강철파랑
78,24,215,ko,보라색,보라,보라,보라색,보라,보라
101,69,254,ko,보라색,보라,보라,보라색,보라,보라
167,97,46,ko,갈색,갈,갈,밤색,밤,밤
1,16,71,ko,남색,남,남,남색,남,남
180,244,244,ko,하늘색,하늘,하늘,하늘색,하늘,하늘
18,57,168,ko,파랑,파랑,파랑,파랑,파랑,파랑
65,163,113,ko,초록색,초록,초록,녹색,녹,녹
124,187,188,ko,청록색,청록,청록,청록색,청록,청록
254,242,93,ko,노란색,노랑,노랑,노란색,노랑,노랑
105,83,73,ko,갈색,갈,갈,갈색,갈,갈
146,216,238,ko,하늘색,하늘,하늘,하늘색,하늘,하늘
68,79,59,ko,올리브색,올리브,올리브,국방색,국방,국방
127,189,106,ko,연두색,연두,연두,연두색,연두,연두
11,225,106,ko,초록색,초록,초록,초록색,초록,초록
10,234,62,ko,연두색,연두,연두,초록색,초록,초록
14,25,142,ko,파랑,파랑,파랑,남색,남,남
143,66,163,ko,보라색,보라,보라,보라색,보라,보라
48,136,20,ko,초록색,초록,초록,초록색,초록,초록
235,80,231,ko,분홍색,분홍,분홍,마젠타,마젠타,마젠타
51,239,120,ko,초록색,초록,초록,초록색,초록,초록
184,174,242,ko,연보라,연보라,연보라,연보라색,연보라,연보라
144,195,231,ko,하늘색,하늘,하늘,하늘색,하늘,하늘
108,165,53,ko,연두색,연두,연두,초록,초록,초록
158,160,161,ko,회색,회,회,회색,회,회
233,106,87,ko,주황색,주황,주황,다홍색,다홍,다홍
38,138,191,ko,파란색,파랑,파랑,파란색,파랑,파랑
133,89,57,ko,갈색,갈,갈,밤색,밤,밤
108,143,51,ko,올리브색,올리브,올리브,올리브색,올리브,올리브
64,5,26,ko,자주색,자주,자주,버건디,버건디,버건디
139,62,244,ko,보라색,보라,보라,보라색,보라,보라
76,79,51,ko,올리브색,올리브,올리브,올리브색,올리브,올리브
22,94,19,ko,초록색,초록,초록,진녹색,진녹,진녹
144,89,200,ko,보라색,보라,보라,보라색,보라,보라
34,84,2,ko,초록색,초록,초록,짙은 초록색,짙은 초록,짙은초록
105,160,155,ko,청록색,청록,청록,청록색,청록,청록
124,241,163,ko,연두색,연두,연두,연두색,연두,연두
126,194,181,ko,민트색,민트,민트,민트색,민트,민트
202,136,157,ko,분홍색,분홍,분홍,말린 장미색,말린 장미,말린장미
202,200,229,ko,연보라,연보라,연보라,연보라색,연보라,연보라
131,61,2,ko,갈색,갈,갈,갈색,갈,갈
37,38,25,ko,짙은 올리브색,짙은 올리브,짙은올리브,짙은 올리브색,짙은 올리브,짙은올리브
81,32,245,ko,보라색,보라,보라,보라색,보라,보라
252,41,157,ko,분홍색,분홍,분홍,핫핑크,핫핑크,핫핑크
125,24,211,ko,보라색,보라,보라,보라색,보라,보라
75,32,72,ko,보라색,보라,보라,진보라색,진보라,진보라
38,201,54,ko,초록색,초록,초록,연두색,연두,연두
20,103,164,ko,파란색,파랑,파랑,파란색,파랑,파랑
36,74,128,ko,파란색,파랑,파랑,파란색,파랑,파랑
152,173,248,ko,연파랑,연파랑,연파랑,연파란색,연파랑,연파랑
23,8,88,ko,보라색,보라,보라,남색,남,남
83,121,190,ko,파란색,파랑,파랑,파란색,파랑,파랑
128,113,16,ko,올리브색,올리브,올리브,올리브색,올리브,올리브
125,67,135,ko,보라색,보라,보라,보라색,보라,보라
217,45,51,ko,빨강,빨강,빨강,빨간색,빨강,빨강
152,52,81,ko,자주색,자주,자주,자주색,자주,자주
187,3,206,ko,보라색,보라,보라,자주색,자주,자주
112,11,152,ko,보라색,보라,보라,보라색,보라,보라
61,203,138,ko,초록색,초록,초록,초록색,초록,초록
153,236,136,ko,연두색,연두,연두,연두색,연두,연두
239,161,69,ko,주황색,주황,주황,주황색,주황,주황
111,196,71,ko,연두색,연두,연두,라임색,라임,라임
203,197,10,ko,노란색,노랑,노랑,겨자색,겨자,겨자
83,160,4,ko,초록색,초록,초록,라임색,라임,라임
72,126,52,ko,초록색,초록,초록,올리브 그린,올리브 그린,올리브그린
123,166,165,ko,청록색,청록,청록,청록색,청록,청록
61,225,116,ko,연두색,연두,연두,라임색,라임,라임
25,102,166,ko,파랑,파랑,파랑,파란색,파랑,파랑
112,72,159,ko,보라색,보라,보라,보라색,보라,보라
162,79,139,ko,보라색,보라,보라,자주색,자주,자주
75,203,198,ko,청록색,청록,청록,터키색,터키,터키
32,77,7,ko,초록색,초록,초록,진한 녹색,진 녹,진녹
239,236,249,ko,연보라색,연보라,연보라,라벤더색,라벤더,라벤더
128,154,30,ko,연두색,연두,연두,올리브색,올리브,올리브
78,195,168,ko,민트그린,민트그린,민트그린,청록색,청록,청록
181,28,159,ko,보라색,보라,보라,자홍색,자홍,자홍
111,58,245,ko,보라색,보라,보라,보라색,보라,보라
69,74,202,ko,파란색,파랑,파랑,군청색,군청,군청
143,198,114,ko,연두색,연두,연두,연두색,연두,연두
125,138,37,ko,올리브색,올리브,올리브,올리브색,올리브,올리브
212,124,6,ko,주황색,주황,주황,호박색,호박,호박
113,175,139,ko,연두색,연두,연두,쑥색,쑥,쑥
209,148,202,ko,보라색,보라,보라,연보라색,연보라,연보라
9,32,153,ko,파란색,파랑,파랑,파란색,파랑,파랑
134,24,78,ko,자주색,자주,자주,자주색,자주,자주
160,59,209,ko,보라색,보라,보라,보라색,보라,보라
229,240,56,ko,연두색,연두,연두,연두색,연두,연두
141,19,10,ko,빨강,빨강,빨강,암적색,암적,암적
1,221,252,ko,하늘색,하늘,하늘,하늘색,하늘,하늘
253,148,58,ko,주황색,주황,주황,주황색,주황,주황
56,59,139,ko,보라색,보라,보라,남색,남,남
244,249,98,ko,노란색,노랑,노랑,노란색,노랑,노랑
125,109,136,ko,회색,회,회,회보라색,회보라,회보라
208,232,219,ko,연두색,연두,연두,민트색,민트,민트
5,35,219,ko,파란색,파랑,파랑,파랑,파랑,파랑
22,44,68,ko,남색,남,남,남색,남,남
36,119,150,ko,청록색,청록,청록,청록색,청록,청록
210,171,115,ko,베이지,베이지,베이지,모래색,모래,모래
216,225,173,ko,연두색,연두,연두,연두색,연두,연두
200,102,237,ko,보라색,보라,보라,보라색,보라,보라
155,32,164,ko,보라색,보라,보라,보라색,보라,보라
253,65,128,ko,분홍색,분홍,분홍,핫핑크,핫핑크,핫핑크
151,39,195,ko,보라색,보라,보라,보라,보라,보라
73,197,32,ko,연두색,연두,연두,라임색,라임,라임
94,176,15,ko,연두색,연두,연두,연두색,연두,연두
158,212,154,ko,연두색,연두,연두,연두색,연두,연두
192,18,172,ko,보라색,보라,보라,자주색,자주,자주
59,25,165,ko,보라색,보라,보라,남색,남,남
129,244,86,ko,연두색,연두,연두,연두색,연두,연두
218,70,102,ko,분홍색,분홍,분홍,자홍색,자홍,자홍
173,20,187,ko,보라색,보라,보라,보라색,보라,보라
254,125,194,ko,분홍색,분홍,분홍,분홍색,분홍,분홍
228,194,190,ko,연분홍,연분홍,연분홍,인디핑크,인디핑크,인디핑크
243,244,149,ko,연노랑,연노랑,연노랑,연노란색,연노랑,연노랑
217,73,230,ko,보라색,보라,보라,자홍색,자홍,자홍
2,173,235,ko,하늘색,하늘,하늘,파란색,파랑,파랑
240,139,178,ko,분홍색,분홍,분홍,핑크,핑크,핑크
229,170,176,ko,연분홍,연분홍,연분홍,연분홍색,연분홍,연분홍
241,153,128,ko,살구색,살구,살구,코랄색,코랄,코랄
234,146,223,ko,분홍색,분홍,분홍,분홍색,분홍,분홍
154,149,70,ko,올리브색,올리브,올리브,올리브색,올리브,올리브
61,91,149,ko,파란색,파랑,파랑,로열 블루,로열 블루,로열블루
100,162,198,ko,하늘색,하늘,하늘,하늘색,하늘,하늘
239,181,16,ko,노란색,노랑,노랑,황금색,황금,황금
144,52,91,ko,자주색,자주,자주,자주색,자주,자주
33,103,178,ko,파란색,파랑,파랑,파란색,파랑,파랑
184,48,226,ko,보라색,보라,보라,보라색,보라,보라
102,231,237,ko,하늘색,하늘,하늘,하늘색,하늘,하늘
194,35,181,ko,보라색,보라,보라,자주색,자주,자주
128,237,203,ko,민트색,민트,민트,민트색,민트,민트
72,40,0,ko,갈색,갈,갈,밤색,밤,밤
94,79,142,ko,보라색,보라,보라,보라색,보라,보라
69,138,117,ko,청록색,청록,청록,청록색,청록,청록
164,103,228,ko,보라색,보라,보라,보라색,보라,보라
42,206,118,ko,초록색,초록,초록,에메랄드 그린,에메랄드 그린,에메랄드그린
67,60,152,ko,보라색,보라,보라,남색,남,남
22,42,112,ko,남색,남,남,남색,남,남
71,100,247,ko,파란색,파랑,파랑,로얄 블루,로얄 블루,로얄블루
193,181,146,ko,베이지색,베이지,베이지,베이지,베이지,베이지
177,211,233,ko,하늘색,하늘,하늘,하늘색,하늘,하늘
10,17,117,ko,파란색,파랑,파랑,남색,남,남
127,108,170,ko,보라색,보라,보라,보라색,보라,보라
46,155,121,ko,청록색,청록,청록,청록색,청록,청록
93,172,95,ko,초록색,초록,초록,풀색,풀,풀
195,51,224,ko,보라색,보라,보라,보라색,보라,보라
185,103,151,ko,분홍색,분홍,분홍,자주색,자주,자주
5,132,241,ko,파란색,파랑,파랑,파란색,파랑,파랑
170,66,66,ko,갈색,갈,갈,적갈색,적갈,적갈
182,38,87,ko,자주색,자주,자주,자홍색,자홍,자홍
117,126,64,ko,올리브색,올리브,올리브,올리브색,올리브,올리브
165,40,183,ko,보라색,보라,보라,보라색,보라,보라
135,200,58,ko,연두색,연두,연두,연두색,연두,연두
0,247,211,ko,청록색,청록,청록,터키색,터키,터키
212,65,213,ko,보라색,보라,보라,마젠타색,마젠타,마젠타
150,138,221,ko,보라색,보라,보라,보라색,보라,보라
191,205,118,ko,연두색,연두,연두,연두색,연두,연두
148,81,136,ko,보라색,보라,보라,보라색,보라,보라
178,201,251,ko,하늘색,하늘,하늘,하늘색,하늘,하늘
0,252,125,ko,초록색,초록,초록,초록색,초록,초록
188,154,223,ko,연보라색,연보라,연보라,연보라색,연보라,연보라
114,172,184,ko,청록색,청록,청록,청록색,청록,청록
163,126,183,ko,보라색,보라,보라,보라색,보라,보라
167,241,102,ko,연두색,연두,연두,연두색,연두,연두
129,53,234,ko,보라색,보라,보라,보라색,보라,보라
112,65,147,ko,보라색,보라,보라,보라색,보라,보라
245,239,37,ko,노란색,노랑,노랑,노란색,노랑,노랑
138,186,29,ko,연두색,연두,연두,라임색,라임,라임
55,165,226,ko,하늘색,하늘,하늘,하늘색,하늘,하늘
255,78,39,ko,주황색,주황,주황,다홍,다홍,다홍
64,45,6,ko,갈색,갈,갈,카키색,카키,카키
211,26,103,ko,분홍색,분홍,분홍,핫핑크,핫핑크,핫핑크
1,186,155,ko,청록색,청록,청록,터키색,터키,터키
197,158,161,ko,연분홍,연분홍,연분홍,말린 장미색,말린 장미,말린장미
199,234,56,ko,연두색,연두,연두,연두색,연두,연두
0,113,234,ko,파란색,파랑,파랑,파란색,파랑,파랑
169,0,151,ko,자주색,자주,자주,마젠타,마젠타,마젠타
83,213,73,ko,연두색,연두,연두,연두색,연두,연두
73,130,58,ko,초록색,초록,초록,쑥색,쑥,쑥
124,129,117,ko,회색,회,회,회녹색,회녹,회녹
13,1,70,ko,남색,남,남,남색,남,남
251,170,240,ko,분홍색,분홍,분홍,분홍색,분홍,분홍
47,250,249,ko,청록색,청록,청록,청록색,청록,청록
8,212,178,ko,청록색,청록,청록,청록색,청록,청록
149,125,155,ko,보라색,보라,보라,회보라색,회보라,회보라
77,157,14,ko,초록색,초록,초록,초록색,초록,초록
2,168,212,ko,하늘색,하늘,하늘,청록색,청록,청록
6,194,213,ko,청록색,청록,청록,청록색,청록,청록
226,181,47,ko,노란색,노랑,노랑,겨자색,겨자,겨자
31,189,244,ko,하늘색,하늘,하늘,하늘색,하늘,하늘
127,74,255,ko,보라색,보라,보라,보라색,보라,보라
9,103,20,ko,초록색,초록,초록,짙은 녹색,짙은 녹,짙은녹
114,237,52,ko,연두색,연두,연두,라임색,라임,라임
182,106,51,ko,주황색,주황,주황,황토색,황토,황토
135,9,48,ko,와인색,와인,와인,버건디색,버건디,버건디
62,164,78,ko,초록색,초록,초록,초록색,초록,초록
103,55,113,ko,보라색,보라,보라,포도색,포도,포도
107,26,81,ko,자주색,자주,자주,보라색,보라,보라
113,83,144,ko,보라색,보라,보라,보라색,보라,보라
81,231,57,ko,연두색,연두,연두,연두색,연두,연두
178,145,137,ko,분홍색,분홍,분홍,말린 장미색,말린 장미,말린장미
36,136,82,ko,초록색,초록,초록,초록색,초록,초록
59,239,154,ko,민트색,민트,민트,민트색,민트,민트
36,52,130,ko,파란색,파랑,파랑,남색,남,남
183,160,61,ko,겨자색,겨자,겨자,겨자색,겨자,겨자
96,114,188,ko,보라색,보라,보라,파란색,파랑,파랑
2,158,205,ko,하늘색,하늘,하늘,파란색,파랑,파랑
108,207,211,ko,하늘색,하늘,하늘,하늘색,하늘,하늘
254,80,84,ko,분홍색,분홍,분홍,산호색,산호,산호
217,153,60,ko,주황색,주황,주황,황토색,황토,황토
22,12,60,ko,남색,남,남,남색,남,남
123,99,197,ko,보라색,보라,보라,보라색,보라,보라
243,58,111,ko,분홍색,분홍,분홍,핫핑크,핫핑크,핫핑크
172,108,128,ko,장밋빛보라,장밋빛보라,장밋빛보라,말린 장미색,말린 장미,말린장미
61,96,188,ko,파랑,파랑,파랑,로얄블루,로얄블루,로얄블루
226,178,174,ko,연분홍,연분홍,연분홍,분홍색,분홍,분홍
129,196,161,ko,연두색,연두,연두,민트색,민트,민트
104,96,191,ko,보라색,보라,보라,보라색,보라,보라
231,235,155,ko,연두색,연두,연두,연노랑,연노랑,연노랑
242,76,217,ko,분홍색,분홍,분홍,핫핑크,핫핑크,핫핑크
33,132,80,ko,초록색,초록,초록,진초록색,진초록,진초록
46,214,129,ko,초록색,초록,초록,초록색,초록,초록
254,70,207,ko,분홍색,분홍,분홍,핫핑크,핫핑크,핫핑크
48,59,95,ko,남색,남,남,남색,남,남
34,148,209,ko,파란색,파랑,파랑,파란색,파랑,파랑
171,197,103,ko,연두색,연두,연두,연두색,연두,연두
142,16,227,ko,보라색,보라,보라,보라색,보라,보라
202,88,35,ko,주황색,주황,주황,벽돌색,벽돌,벽돌
240,105,198,ko,분홍색,분홍,분홍,핑크색,핑크,핑크
246,236,56,ko,노란색,노랑,노랑,노랑,노랑,노랑
189,59,120,ko,자주색,자주,자주,자주색,자주,자주
101,144,130,ko,청록색,청록,청록,청록색,청록,청록
131,231,129,ko,연두색,연두,연두,연두색,연두,연두
201,180,124,ko,베이지,베이지,베이지,황토색,황토,황토
21,130,241,ko,파랑,파랑,파랑,파란색,파랑,파랑
170,88,205,ko,보라색,보라,보라,보라색,보라,보라
159,74,178,ko,보라색,보라,보라,보라색,보라,보라
211,34,150,ko,분홍색,분홍,분홍,마젠타색,마젠타,마젠타
177,195,233,ko,연한 파란색,연 파랑,연파랑,연하늘색,연하늘,연하늘
17,128,132,ko,청록색,청록,청록,청록색,청록,청록
61,137,233,ko,파란색,파랑,파랑,파란색,파랑,파랑
97,231,50,ko,연두색,연두,연두,라임색,라임,라임
37,102,183,ko,파랑,파랑,파랑,파랑,파랑,파랑
237,3,101,ko,분홍색,분홍,분홍,핫핑크,핫핑크,핫핑크
51,9,32,ko,자주색,자주,자주,자주색,자주,자주
189,44,29,ko,빨간색,빨강,빨강,벽돌색,벽돌,벽돌
110,147,97,ko,연두색,연두,연두,쑥색,쑥,쑥
96,200,238,ko,하늘색,하늘,하늘,하늘색,하늘,하늘
127,174,89,ko,연두색,연두,연두,올리브색,올리브,올리브
232,225,248,ko,연보라,연보라,연보라,연보라색,연보라,연보라
72,60,11,ko,올리브색,올리브,올리브,올리브색,올리브,올리브
60,42,20,ko,갈색,갈,갈,고동색,고동,고동
156,111,162,ko,보라색,보라,보라,보라색,보라,보라
53,48,65,ko,보라색,보라,보라,가지색,가지,가지
112,77,130,ko,보라색,보라,보라,보라색,보라,보라
142,222,158,ko,연두색,연두,연두,연두색,연두,연두
112,31,177,ko,보라색,보라,보라,보라색,보라,보라
105,145,129,ko,청록색,청록,청록,쑥색,쑥,쑥
56,111,160,ko,파란색,파랑,파랑,파란색,파랑,파랑
54,163,228,ko,하늘색,하늘,하늘,파란색,파랑,파랑
23,205,82,ko,초록색,초록,초록,초록색,초록,초록
213,78,26,ko,주황색,주황,주황,주황색,주황,주황
2,59,29,ko,초록색,초록,초록,진초록색,진초록,진초록
197,151,231,ko,연보라색,연보라,연보라,연보라색,연보라,연보라
53,157,142,ko,청록색,청록,청록,청록색,청록,청록
141,113,51,ko,갈색,갈,갈,황갈색,황갈,황갈
46,83,242,ko,파란색,파랑,파랑,파란색,파랑,파랑
109,149,218,ko,하늘색,하늘,하늘,코발트블루,코발트블루,코발트블루
21,140,190,ko,하늘색,하늘,하늘,청색,청,청
14,220,145,ko,민트색,민트,민트,청록색,청록,청록
92,226,159,ko,민트색,민트,민트,민트색,민트,민트
146,94,159,ko,보라색,보라,보라,보라색,보라,보라
0,150,131,ko,청록색,청록,청록,청록색,청록,청록
145,60,92,ko,자주색,자주,자주,자주색,자주,자주
46,226,212,ko,청록색,청록,청록,터키옥색,터키옥,터키옥
183,141,145,ko,분홍색,분홍,분홍,말린 장미색,말린 장미,말린장미
23,76,53,ko,초록색,초록,초록,짙은 초록색,짙은 초록,짙은초록
31,186,143,ko,청록색,청록,청록,청록색,청록,청록
118,67,21,ko,갈색,갈,갈,갈색,갈,갈
236,127,160,ko,분홍색,분홍,분홍,분홍색,분홍,분홍
224,220,137,ko,노랑,노랑,노랑,연노랑,연노랑,연노랑
229,13,153,ko,분홍색,분홍,분홍,핫핑크,핫핑크,핫핑크
174,181,182,ko,회색,회,회,연회색,연회,연회
14,130,219,ko,파란색,파랑,파랑,파란색,파랑,파랑
170,196,51,ko,연두색,연두,연두,연두색,연두,연두
164,131,51,ko,황토색,황토,황토,황토색,황토,황토
204,144,252,ko,보라색,보라,보라,연보라색,연보라,연보라
237,191,136,ko,살구색,살구,살구,살구색,살구,살구
83,111,80,ko,초록색,초록,초록,올리브색,올리브,올리브
18,44,70,ko,남색,남,남,남색,남,남
179,6,180,ko,자주색,자주,자주,보라색,보라,보라
149,172,59,ko,연두색,연두,연두,연두색,연두,연두
76,30,254,ko,보라색,보라,보라,파랑,파랑,파랑
96,61,215,ko,보라색,보라,보라,보라색,보라,보라
244,191,45,ko,노란색,노랑,노랑,겨자색,겨자,겨자
247,26,65,ko,빨강,빨강,빨강,다홍색,다홍,다홍
184,94,249,ko,보라색,보라,보라,보라색,보라,보라
131,199,212,ko,하늘색,하늘,하늘,하늘색,하늘,하늘
139,91,248,ko,보라색,보라,보라,보라색,보라,보라
199,139,47,ko,주황색,주황,주황,겨자색,겨자,겨자
113,49,0,ko,갈색,갈,갈,갈색,갈,갈
208,17,68,ko,진홍색,진홍,진홍,마젠타,마젠타,마젠타
179,36,99,ko,자주색,자주,자주,자홍색,자홍,자홍
24,234,155,ko,청록색,청록,청록,민트색,민트,민트
69,39,207,ko,보라색,보라,보라,남보라색,남보라,남보라
249,168,78,ko,주황색,주황,주황,주황색,주황,주황
11,244,147,ko,민트색,민트,민트,청록색,청록,청록
26,208,118,ko,초록색,초록,초록,에메랄드색,에메랄드,에메랄드
122,45,117,ko,보라색,보라,보라,보라색,보라,보라
154,142,71,ko,카키색,카키,카키,올리브색,올리브,올리브
160,224,217,ko,민트색,민트,민트,민트색,민트,민트
19,214,229,ko,청록색,청록,청록,시안색,시안,시안
232,96,16,ko,주황색,주황,주황,주황색,주황,주황
182,220,239,ko,하늘색,하늘,하늘,하늘색,하늘,하늘
108,2,213,ko,보라색,보라,보라,보라색,보라,보라
131,153,38,ko,연두색,연두,연두,올리브색,올리브,올리브
200,230,246,ko,하늘색,하늘,하늘,하늘색,하늘,하늘
136,125,178,ko,보라색,보라,보라,보라색,보라,보라
195,221,226,ko,하늘색,하늘,하늘,하늘색,하늘,하늘
95,71,243,ko,보라색,보라,보라,보라색,보라,보라
204,5,43,ko,빨강,빨강,빨강,빨강,빨강,빨강
222,189,187,ko,연분홍,연분홍,연분홍,연분홍색,연분홍,연분홍
53,50,24,ko,올리브색,올리브,올리브,국방색,국방,국방
17,45,123,ko,남색,남,남,남색,남,남
71,33,150,ko,보라색,보라,보라,보라색,보라,보라
241,41,25,ko,빨간색,빨강,빨강,빨간색,빨강,빨강
111,240,132,ko,연두색,연두,연두,연두색,연두,연두
127,116,82,ko,카키색,카키,카키,올리브색,올리브,올리브
19,37,107,ko,남색,남,남,남색,남,남
164,178,77,ko,연두색,연두,연두,올리브색,올리브,올리브
197,215,254,ko,연한 파랑,연 파랑,연파랑,하늘색,하늘,하늘
117,89,200,ko,보라색,보라,보라,보라색,보라,보라
209,175,11,ko,노란색,노랑,노랑,황금색,황금,황금
151,40,88,ko,자주색,자주,자주,자주색,자주,자주
199,235,222,ko,연한 민트색,연 민트,연민트,민트색,민트,민트
66,167,248,ko,파랑,파랑,파랑,파란색,파랑,파랑
238,239,168,ko,연노랑,연노랑,연노랑,연노란색,연노랑,연노랑
176,181,161,ko,카키색,카키,카키,세이지색,세이지,세이지
233,113,188,ko,분홍색,분홍,분홍,분홍색,분홍,분홍
218,125,228,ko,분홍색,분홍,분홍,연보라색,연보라,연보라
243,59,167,ko,분홍색,분홍,분홍,핫핑크,핫핑크,핫핑크
60,227,96,ko,연두색,연두,연두,연두색,연두,연두
17,14,213,ko,파란색,파랑,파랑,파란색,파랑,파랑
228,13,213,ko,자홍색,자홍,자홍,마젠타색,마젠타,마젠타
120,38,151,ko,보라색,보라,보라,보라색,보라,보라
230,121,200,ko,분홍색,분홍,분홍,분홍색,분홍,분홍
236,11,92,ko,분홍색,분홍,분홍,진분홍,진분홍,진분홍
161,171,74,ko,황록색,황록,황록,올리브색,올리브,올리브
178,202,241,ko,하늘색,하늘,하늘,하늘색,하늘,하늘
203,66,9,ko,주황색,주황,주황,감색,감,감
148,170,121,ko,연두색,연두,연두,쑥색,쑥,쑥
161,5,176,ko,보라색,보라,보라,보라색,보라,보라
98,177,45,ko,연두색,연두,연두,연두색,연두,연두
74,129,96,ko,초록색,초록,초록,초록색,초록,초록
128,64,98,ko,자주색,자주,자주,자주색,자주,자주
167,101,66,ko,갈색,갈,갈,벽돌색,벽돌,벽돌
93,30,201,ko,보라색,보라,보라,보라색,보라,보라
91,247,121,ko,연두색,연두,연두,연두색,연두,연두
179,233,79,ko,연두색,연두,연두,연두색,연두,연두
125,210,177,ko,민트색,민트,민트,민트색,민트,민트
254,161,103,ko,주황색,주황,주황,주황색,주황,주황
6,149,142,ko,청록색,청록,청록,청록색,청록,청록
235,252,76,ko,노란색,노랑,노랑,노란색,노랑,노랑
73,145,170,ko,청록색,청록,청록,청록색,청록,청록
38,142,217,ko,파란색,파랑,파랑,파란색,파랑,파랑
227,50,126,ko,분홍색,분홍,분홍,핫핑크,핫핑크,핫핑크
238,223,175,ko,연노랑,연노랑,연노랑,크림색,크림,크림
125,110,226,ko,보라색,보라,보라,보라색,보라,보라
202,159,151,ko,연분홍,연분홍,연분홍,인디핑크,인디핑크,인디핑크
192,178,127,ko,베이지,베이지,베이지,카키색,카키,카키
243,112,76,ko,주황색,주황,주황,주황색,주황,주황
10,1,185,ko,파란색,파랑,파랑,파란색,파랑,파랑
28,65,57,ko,청록색,청록,청록,진초록,진초록,진초록
203,228,91,ko,연두색,연두,연두,연두색,연두,연두
8,253,177,ko,청록색,청록,청록,청록색,청록,청록
117,255,86,ko,연두색,연두,연두,연두색,연두,연두
242,49,24,ko,빨강,빨강,빨강,선홍색,선홍,선홍
157,129,253,ko,보라색,보라,보라,연보라색,연보라,연보라
29,1,81,ko,보라색,보라,보라,짙은 보라색,짙은 보라,짙은보라
61,141,185,ko,파란색,파랑,파랑,파란색,파랑,파랑
46,163,74,ko,초록색,초록,초록,초록색,초록,초록
254,180,193,ko,분홍색,분홍,분홍,연분홍색,연분홍,연분홍
107,0,162,ko,보라색,보라,보라,보라색,보라,보라
120,78,131,ko,보라색,보라,보라,보라색,보라,보라
54,180,244,ko,하늘색,하늘,하늘,하늘색,하늘,하늘
95,209,202,ko,민트색,민트,민트,터키색,터키,터키
207,212,24,ko,노란색,노랑,노랑,연두색,연두,연두
209,55,254,ko,보라색,보라,보라,보라색,보라,보라
71,254,166,ko,민트색,민트,민트,민트색,민트,민트
96,221,135,ko,연두색,연두,연두,연두색,연두,연두
4,0,88,ko,남색,남,남,남색,남,남
169,142,196,ko,보라색,보라,보라,보라색,보라,보라
243,122,176,ko,분홍색,분홍,분홍,핑크색,핑크,핑크
12,182,230,ko,하늘색,하늘,하늘,하늘색,하늘,하늘
215,91,210,ko,보라색,보라,보라,자주색,자주,자주
75,197,52,ko,초록색,초록,초록,초록색,초록,초록
0,35,75,ko,남색,남,남,남색,남,남
238,153,115,ko,살구색,살구,살구,주황색,주황,주황
