r,g,b,lang_code,gpt_raw,gpt_norm,gpt_min,gemini_raw,gemini_norm,gemini_min
255,0,5,ko,빨강,빨강,빨강,빨간색,빨강,빨강
255,0,79,ko,분홍색,분홍,분홍,자홍색,자홍,자홍
185,255,0,ko,연두색,연두,연두,연두색,연두,연두
255,0,141,ko,분홍색,분홍,분홍,핫핑크,핫핑크,핫핑크
156,0,255,ko,보라색,보라,보라,보라색,보라,보라
255,0,54,ko,빨강,빨강,빨강,진홍색,진홍,진홍
255,0,247,ko,자홍색,자홍,자홍,마젠타,마젠타,마젠타
249,0,255,ko,자홍색,자홍,자홍,마젠타,마젠타,마젠타
169,0,255,ko,보라색,보라,보라,보라색,보라,보라
0,255,109,ko,초록색,초록,초록,연두색,연두,연두
0,209,255,ko,하늘색,하늘,하늘,하늘색,하늘,하늘
0,61,255,ko,파랑,파랑,파랑,파란색,파랑,파랑
184,255,0,ko,연두색,연두,연두,형광 라임색,형광 라임,형광라임
15,0,255,ko,파랑,파랑,파랑,파랑,파랑,파랑
0,255,158,ko,민트색,민트,민트,청록색,청록,청록
0,255,52,ko,초록색,초록,초록,초록색,초록,초록
0,255,209,ko,청록색,청록,청록,청록색,청록,청록
255,173,0,ko,주황색,주황,주황,주황색,주황,주황
255,0,90,ko,분홍색,분홍,분홍,핫핑크,핫핑크,핫핑크
0,255,31,ko,초록색,초록,초록,초록색,초록,초록
0,255,226,ko,청록색,청록,청록,시안,시안,시안
255,0,16,ko,빨간색,빨강,빨강,빨간색,빨강,빨강
255,0,218,ko,자홍색,자홍,자홍,마젠타,마젠타,마젠타
192,255,0,ko,연두색,연두,연두,연두색,연두,연두
255,0,140,ko,분홍색,분홍,분홍,핑크,핑크,핑크
255,0,186,ko,자홍색,자홍,자홍,핑크,핑크,핑크
255,0,38,ko,빨강,빨강,빨강,빨간색,빨강,빨강
255,45,0,ko,주황색,주황,주황,다홍색,다홍,다홍
50,0,255,ko,파랑,파랑,파랑,파란색,파랑,파랑
0,235,255,ko,청록색,청록,청록,시안,시안,시안
0,71,255,ko,파랑,파랑,파랑,파란색,파랑,파랑
33,0,255,ko,파랑,파랑,파랑,파랑,파랑,파랑
255,233,0,ko,노란색,노랑,노랑,노란색,노랑,노랑
255,0,161,ko,분홍색,분홍,분홍,핫핑크,핫핑크,핫핑크
217,0,255,ko,보라색,보라,보라,마젠타,마젠타,마젠타
110,255,0,ko,연두색,연두,연두,연두색,연두,연두
36,0,255,ko,파랑,파랑,파랑,파란색,파랑,파랑
0,255,127,ko,연두색,연두,연두,초록색,초록,초록
232,255,0,ko,노란색,노랑,노랑,노란색,노랑,노랑
87,255,0,ko,연두색,연두,연두,형광 초록색,형광 초록,형광초록
150,0,255,ko,보라색,보라,보라,보라색,보라,보라
47,255,0,ko,연두색,연두,연두,초록색,초록,초록
255,0,225,ko,자홍색,자홍,자홍,마젠타,마젠타,마젠타
255,0,178,ko,자홍색,자홍,자홍,자홍색,자홍,자홍
0,255,112,ko,연두색,연두,연두,초록색,초록,초록
234,255,0,ko,노란색,노랑,노랑,노란색,노랑,노랑
188,255,0,ko,연두색,연두,연두,라임색,라임,라임
255,159,0,ko,주황색,주황,주황,주황색,주황,주황
255,152,0,ko,주황색,주황,주황,주황색,주황,주황
0,216,255,ko,하늘색,하늘,하늘,청록색,청록,청록
255,50,0,ko,주황색,주황,주황,다홍,다홍,다홍
255,30,0,ko,빨간색,빨강,빨강,빨강,빨강,빨강
176,0,255,ko,보라색,보라,보라,보라색,보라,보라
0,183,255,ko,하늘색,하늘,하늘,파란색,파랑,파랑
255,0,185,ko,자홍색,자홍,자홍,핫핑크,핫핑크,핫핑크
0,255,110,ko,형광초록,형광초록,형광초록,초록색,초록,초록
194,0,255,ko,보라색,보라,보라,마젠타색,마젠타,마젠타
255,186,0,ko,주황색,주황,주황,주황색,주황,주황
0,255,145,ko,청록색,청록,청록,청록색,청록,청록
39,0,255,ko,파랑,파랑,파랑,파란색,파랑,파랑
255,0,217,ko,마젠타,마젠타,마젠타,마젠타,마젠타,마젠타
0,27,255,ko,파랑,파랑,파랑,파랑,파랑,파랑
255,216,0,ko,노란색,노랑,노랑,노란색,노랑,노랑
16,255,0,ko,초록색,초록,초록,형광 연두색,형광 연두,형광연두
255,236,0,ko,노란색,노랑,노랑,노란색,노랑,노랑
76,0,255,ko,보라색,보라,보라,군청색,군청,군청
255,82,0,ko,주황색,주황,주황,주황색,주황,주황
0,164,255,ko,하늘색,하늘,하늘,파란색,파랑,파랑
0,159,255,ko,하늘색,하늘,하늘,파란색,파랑,파랑
255,0,181,ko,자홍색,자홍,자홍,마젠타,마젠타,마젠타
255,0,144,ko,자홍색,자홍,자홍,핫핑크,핫핑크,핫핑크
220,255,0,ko,연두색,연두,연두,형광 노랑,형광 노랑,형광노랑
0,211,255,ko,하늘색,하늘,하늘,하늘색,하늘,하늘
255,0,0,ko,빨강,빨강,빨강,빨간색,빨강,빨강
239,0,255,ko,자홍색,자홍,자홍,마젠타,마젠타,마젠타
0,255,67,ko,초록색,초록,초록,초록색,초록,초록
255,0,127,ko,분홍색,분홍,분홍,핫핑크,핫핑크,핫핑크
76,255,0,ko,연두색,연두,연두,초록색,초록,초록
233,255,0,ko,노란색,노랑,노랑,노랑,노랑,노랑
0,55,255,ko,파란색,파랑,파랑,파란색,파랑,파랑
28,255,0,ko,초록색,초록,초록,초록색,초록,초록
222,255,0,ko,라임색,라임,라임,노란색,노랑,노랑
255,0,232,ko,자홍색,자홍,자홍,자홍색,자홍,자홍
0,197,255,ko,하늘색,하늘,하늘,하늘색,하늘,하늘
204,255,0,ko,라임색,라임,라임,연두색,연두,연두
255,0,205,ko,자홍색,자홍,자홍,마젠타,마젠타,마젠타
255,236,0,ko,노란색,노랑,노랑,노란색,노랑,노랑
255,0,164,ko,분홍색,분홍,분홍,핫핑크,핫핑크,핫핑크
43,0,255,ko,파란색,파랑,파랑,청색,청,청
0,255,241,ko,청록색,청록,청록,청록색,청록,청록
0,206,255,ko,하늘색,하늘,하늘,하늘색,하늘,하늘
97,0,255,ko,보라색,보라,보라,보라색,보라,보라
255,0,63,ko,빨간색,빨강,빨강,핫핑크,핫핑크,핫핑크
0,57,255,ko,파랑,파랑,파랑,파란색,파랑,파랑
255,0,28,ko,빨강,빨강,빨강,빨강,빨강,빨강
255,149,0,ko,주황색,주황,주황,주황색,주황,주황
255,0,155,ko,분홍색,분홍,분홍,핫핑크,핫핑크,핫핑크
255,0,156,ko,자홍색,자홍,자홍,핫핑크,핫핑크,핫핑크
255,41,0,ko,주황색,주황,주황,다홍색,다홍,다홍
52,0,255,ko,파랑,파랑,파랑,파란색,파랑,파랑
116,255,0,ko,연두색,연두,연두,라임색,라임,라임
255,141,0,ko,주황색,주황,주황,주황색,주황,주황
19,255,0,ko,연두색,연두,연두,초록색,초록,초록
79,255,0,ko,연두색,연두,연두,초록색,초록,초록
255,55,0,ko,주황색,주황,주황,주황색,주황,주황
0,122,255,ko,파랑,파랑,파랑,파랑,파랑,파랑
245,255,0,ko,노란색,노랑,노랑,노란색,노랑,노랑
255,180,0,ko,주황색,주황,주황,주황색,주황,주황
198,255,0,ko,연두색,연두,연두,연두색,연두,연두
255,222,0,ko,노란색,노랑,노랑,노란색,노랑,노랑
0,255,115,ko,연두색,연두,연두,형광 초록색,형광 초록,형광초록
0,32,255,ko,파랑,파랑,파랑,파란색,파랑,파랑
255,0,49,ko,빨강,빨강,빨강,빨강,빨강,빨강
255,77,0,ko,주황색,주황,주황,주황색,주황,주황
0,255,41,ko,초록색,초록,초록,라임색,라임,라임
0,255,162,ko,민트색,민트,민트,청록색,청록,청록
16,0,255,ko,파랑,파랑,파랑,파란색,파랑,파랑
31,255,0,ko,연두색,연두,연두,초록색,초록,초록
0,75,255,ko,파란색,파랑,파랑,파란색,파랑,파랑
88,255,0,ko,연두색,연두,연두,연두색,연두,연두
255,133,0,ko,주황색,주황,주황,주황색,주황,주황
0,38,255,ko,파랑,파랑,파랑,파랑,파랑,파랑
0,255,145,ko,형광 초록,형광 초록,형광초록,청록색,청록,청록
255,0,72,ko,분홍색,분홍,분홍,마젠타,마젠타,마젠타
226,0,255,ko,보라색,보라,보라,마젠타,마젠타,마젠타
0,24,255,ko,파랑,파랑,파랑,파랑,파랑,파랑
0,226,255,ko,하늘색,하늘,하늘,시안,시안,시안
252,255,0,ko,노랑,노랑,노랑,노란색,노랑,노랑
81,255,0,ko,연두색,연두,연두,형광 연두색,형광 연두,형광연두
255,48,0,ko,주황색,주황,주황,다홍,다홍,다홍
255,201,0,ko,노란색,노랑,노랑,노란색,노랑,노랑
88,255,0,ko,연두색,연두,연두,초록색,초록,초록
255,201,0,ko,노란색,노랑,노랑,노란색,노랑,노랑
255,0,93,ko,자홍색,자홍,자홍,핫핑크,핫핑크,핫핑크
8,255,0,ko,연두색,연두,연두,초록색,초록,초록
0,200,255,ko,하늘색,하늘,하늘,하늘색,하늘,하늘
210,255,0,ko,형광 연두색,형광 연두,형광연두,라임색,라임,라임
52,255,0,ko,연두색,연두,연두,라임색,라임,라임
56,0,255,ko,파랑,파랑,파랑,파란색,파랑,파랑
0,151,255,ko,파랑,파랑,파랑,파란색,파랑,파랑
45,255,0,ko,연두색,연두,연두,초록색,초록,초록
255,0,78,ko,분홍색,분홍,분홍,핫핑크,핫핑크,핫핑크
0,46,255,ko,파랑,파랑,파랑,파란색,파랑,파랑
55,0,255,ko,파란색,파랑,파랑,파란색,파랑,파랑
28,255,0,ko,초록색,초록,초록,초록,초록,초록
0,255,135,ko,초록색,초록,초록,청록색,청록,청록
51,255,0,ko,연두색,연두,연두,형광 초록,형광 초록,형광초록
255,0,202,ko,자홍색,자홍,자홍,핫핑크,핫핑크,핫핑크
255,25,0,ko,빨간색,빨강,빨강,빨간색,빨강,빨강
255,0,43,ko,빨간색,빨강,빨강,빨간색,빨강,빨강
255,0,31,ko,빨강,빨강,빨강,빨간색,빨강,빨강
0,255,82,ko,형광초록,형광초록,형광초록,형광 초록,형광 초록,형광초록
255,253,0,ko,노란색,노랑,노랑,노란색,노랑,노랑
255,236,0,ko,노란색,노랑,노랑,노란색,노랑,노랑
0,255,237,ko,청록색,청록,청록,시안색,시안,시안
255,19,0,ko,빨강,빨강,빨강,빨간색,빨강,빨강
70,0,255,ko,보라색,보라,보라,파랑,파랑,파랑
0,214,255,ko,하늘색,하늘,하늘,하늘색,하늘,하늘
255,243,0,ko,노란색,노랑,노랑,노란색,노랑,노랑
0,172,255,ko,파랑,파랑,파랑,하늘색,하늘,하늘
255,151,0,ko,주황색,주황,주황,주황색,주황,주황
86,0,255,ko,보라색,보라,보라,울트라마린,울트라마린,울트라마린
247,255,0,ko,노란색,노랑,노랑,노란색,노랑,노랑
0,255,212,ko,청록색,청록,청록,청록색,청록,청록
215,255,0,ko,연두색,연두,연두,연두색,연두,연두
0,110,255,ko,파란색,파랑,파랑,파란색,파랑,파랑
0,165,255,ko,하늘색,하늘,하늘,하늘색,하늘,하늘
78,255,0,ko,연두색,연두,연두,라임색,라임,라임
0,146,255,ko,파란색,파랑,파랑,파란색,파랑,파랑
255,65,0,ko,주황색,주황,주황,주황색,주황,주황
0,255,100,ko,초록색,초록,초록,연두색,연두,연두
255,126,0,ko,주황색,주황,주황,주황색,주황,주황
255,0,59,ko,분홍색,분홍,분홍,빨강,빨강,빨강
0,255,135,ko,초록색,초록,초록,초록색,초록,초록
0,88,255,ko,파란색,파랑,파랑,파란색,파랑,파랑
255,53,0,ko,주황색,주황,주황,다홍색,다홍,다홍
0,255,18,ko,연두색,연두,연두,라임색,라임,라임
0,255,84,ko,초록색,초록,초록,라임색,라임,라임
179,0,255,ko,보라색,보라,보라,보라색,보라,보라
0,255,33,ko,연두색,연두,연두,초록색,초록,초록
0,255,173,ko,민트색,민트,민트,민트색,민트,민트
255,0,187,ko,자홍색,자홍,자홍,마젠타,마젠타,마젠타
255,13,0,ko,빨강,빨강,빨강,빨간색,빨강,빨강
0,255,223,ko,청록색,청록,청록,청록색,청록,청록
255,0,217,ko,자홍색,자홍,자홍,마젠타,마젠타,마젠타
35,0,255,ko,파랑,파랑,파랑,파란색,파랑,파랑
0,67,255,ko,파랑,파랑,파랑,파란색,파랑,파랑
0,195,255,ko,하늘색,하늘,하늘,파란색,파랑,파랑
255,55,0,ko,주황색,주황,주황,주황색,주황,주황
255,245,0,ko,노란색,노랑,노랑,노랑,노랑,노랑
0,255,124,ko,초록색,초록,초록,형광 초록색,형광 초록,형광초록
65,255,0,ko,연두색,연두,연두,연두색,연두,연두
181,255,0,ko,연두색,연두,연두,연두색,연두,연두
255,0,23,ko,빨강,빨강,빨강,빨간색,빨강,빨강
255,113,0,ko,주황색,주황,주황,주황색,주황,주황
0,201,255,ko,하늘색,하늘,하늘,하늘색,하늘,하늘
0,255,67,ko,연두색,연두,연두,라임색,라임,라임
255,99,0,ko,주황색,주황,주황,주황색,주황,주황
228,0,255,ko,자홍색,자홍,자홍,마젠타,마젠타,마젠타
255,0,159,ko,자홍색,자홍,자홍,핫핑크,핫핑크,핫핑크
0,255,122,ko,민트색,민트,민트,라임색,라임,라임
214,255,0,ko,연두색,연두,연두,형광 노란색,형광 노랑,형광노랑
255,110,0,ko,주황색,주황,주황,주황색,주황,주황
229,255,0,ko,노란색,노랑,노랑,형광 노란색,형광 노랑,형광노랑
255,0,152,ko,자홍색,자홍,자홍,핫핑크,핫핑크,핫핑크
0,255,85,ko,연두색,연두,연두,형광 초록색,형광 초록,형광초록
0,255,5,ko,초록색,초록,초록,초록색,초록,초록
12,0,255,ko,파랑,파랑,파랑,파란색,파랑,파랑
0,255,194,ko,청록색,청록,청록,청록색,청록,청록
0,0,255,ko,파랑,파랑,파랑,파랑,파랑,파랑
255,180,0,ko,주황색,주황,주황,주황색,주황,주황
0,51,255,ko,파랑,파랑,파랑,파란색,파랑,파랑
111,0,255,ko,보라색,보라,보라,보라색,보라,보라
200,255,0,ko,연두색,연두,연두,형광 연두색,형광 연두,형광연두
255,0,147,ko,자홍색,자홍,자홍,핫핑크,핫핑크,핫핑크
255,0,155,ko,자홍색,자홍,자홍,핫핑크,핫핑크,핫핑크
0,8,255,ko,파란색,파랑,파랑,파란색,파랑,파랑
0,55,255,ko,파랑,파랑,파랑,파란색,파랑,파랑
255,187,0,ko,주황색,주황,주황,주황색,주황,주황
0,71,255,ko,파랑,파랑,파랑,파란색,파랑,파랑
239,0,255,ko,자주색,자주,자주,마젠타,마젠타,마젠타
255,82,0,ko,주황색,주황,주황,주황색,주황,주황
255,0,41,ko,빨강,빨강,빨강,빨간색,빨강,빨강
255,0,146,ko,분홍색,분홍,분홍,핫핑크,핫핑크,핫핑크
0,255,245,ko,청록색,청록,청록,청록색,청록,청록
86,255,0,ko,연두색,연두,연두,연두색,연두,연두
247,255,0,ko,노란색,노랑,노랑,노란색,노랑,노랑
0,226,255,ko,하늘색,하늘,하늘,시안,시안,시안
255,0,84,ko,분홍색,분홍,분홍,핫핑크,핫핑크,핫핑크
135,255,0,ko,연두색,연두,연두,라임색,라임,라임
0,192,255,ko,하늘색,하늘,하늘,청록색,청록,청록
255,234,0,ko,노란색,노랑,노랑,노란색,노랑,노랑
0,20,255,ko,파랑,파랑,파랑,파란색,파랑,파랑
0,255,248,ko,청록색,청록,청록,시안,시안,시안
255,0,104,ko,자홍색,자홍,자홍,핫핑크,핫핑크,핫핑크
255,65,0,ko,주황색,주황,주황,주황,주황,주황
255,0,6,ko,빨강,빨강,빨강,빨강,빨강,빨강
255,0,103,ko,분홍색,분홍,분홍,핫핑크,핫핑크,핫핑크
0,255,159,ko,민트색,민트,민트,청록색,청록,청록
166,255,0,ko,형광연두,형광연두,형광연두,연두색,연두,연두
255,0,74,ko,분홍색,분홍,분홍,핫핑크,핫핑크,핫핑크
99,0,255,ko,보라색,보라,보라,보라색,보라,보라
255,0,30,ko,빨강,빨강,빨강,빨강,빨강,빨강
255,130,0,ko,주황색,주황,주황,주황색,주황,주황
0,127,255,ko,파랑,파랑,파랑,파란색,파랑,파랑
0,255,214,ko,청록색,청록,청록,시안,시안,시안
0,15,255,ko,파랑,파랑,파랑,파란색,파랑,파랑
178,0,255,ko,보라색,보라,보라,보라색,보라,보라
20,0,255,ko,파랑,파랑,파랑,파란색,파랑,파랑
255,0,112,ko,분홍색,분홍,분홍,핫핑크,핫핑크,핫핑크
205,0,255,ko,보라색,보라,보라,보라색,보라,보라
0,127,255,ko,파란색,파랑,파랑,파란색,파랑,파랑
237,0,255,ko,자홍색,자홍,자홍,마젠타,마젠타,마젠타
0,209,255,ko,하늘색,하늘,하늘,시안색,시안,시안
255,107,0,ko,주황색,주황,주황,주황색,주황,주황
255,18,0,ko,빨강,빨강,빨강,빨간색,빨강,빨강
210,0,255,ko,보라색,보라,보라,마젠타,마젠타,마젠타
255,0,83,ko,분홍색,분홍,분홍,핫핑크,핫핑크,핫핑크
0,92,255,ko,파랑,파랑,파랑,파란색,파랑,파랑
108,0,255,ko,보라색,보라,보라,보라색,보라,보라
108,255,0,ko,연두색,연두,연두,라임색,라임,라임
46,255,0,ko,연두색,연두,연두,연두색,연두,연두
255,183,0,ko,주황색,주황,주황,주황색,주황,주황
113,0,255,ko,보라색,보라,보라,바이올렛,바이올렛,바이올렛
0,255,198,ko,민트색,민트,민트,청록색,청록,청록
255,187,0,ko,주황색,주황,주황,황금색,황금,황금
255,244,0,ko,노란색,노랑,노랑,노란색,노랑,노랑
255,0,254,ko,자홍색,자홍,자홍,마젠타,마젠타,마젠타
0,211,255,ko,하늘색,하늘,하늘,시안색,시안,시안
128,0,255,ko,보라색,보라,보라,보라색,보라,보라
0,255,240,ko,청록색,청록,청록,시안색,시안,시안
173,255,0,ko,연두색,연두,연두,연두색,연두,연두
255,107,0,ko,주황색,주황,주황,주황색,주황,주황
25,0,255,ko,파랑,파랑,파랑,파랑,파랑,파랑
0,255,18,ko,연두색,연두,연두,초록색,초록,초록
215,255,0,ko,형광노랑,형광노랑,형광노랑,라임색,라임,라임
255,213,0,ko,노란색,노랑,노랑,노란색,노랑,노랑
255,91,0,ko,주황색,주황,주황,주황색,주황,주황
0,255,180,ko,민트색,민트,민트,터키색,터키,터키
255,73,0,ko,주황색,주황,주황,주황색,주황,주황
0,156,255,ko,하늘색,하늘,하늘,파란색,파랑,파랑
0,95,255,ko,파란색,파랑,파랑,파랑,파랑,파랑
0,255,245,ko,청록색,청록,청록,시안,시안,시안
230,0,255,ko,자홍색,자홍,자홍,마젠타,마젠타,마젠타
110,255,0,ko,연두색,연두,연두,연두색,연두,연두
161,255,0,ko,연두색,연두,연두,연두색,연두,연두
255,0,68,ko,분홍색,분홍,분홍,핫핑크,핫핑크,핫핑크
255,112,0,ko,주황색,주황,주황,주황색,주황,주황
0,255,139,ko,민트색,민트,민트,형광 녹색,형광 녹,형광녹
255,185,0,ko,주황색,주황,주황,주황색,주황,주황
0,255,145,ko,민트색,민트,민트,밝은 초록색,밝은 초록,밝은초록
255,0,116,ko,자홍색,자홍,자홍,핫핑크,핫핑크,핫핑크
95,0,255,ko,보라색,보라,보라,보라색,보라,보라
0,255,163,ko,청록색,청록,청록,청록색,청록,청록
0,255,251,ko,청록색,청록,청록,청록색,청록,청록
143,0,255,ko,보라색,보라,보라,보라색,보라,보라
0,71,255,ko,파랑,파랑,파랑,파란색,파랑,파랑
172,0,255,ko,보라색,보라,보라,보라색,보라,보라
22,255,0,ko,연두색,연두,연두,초록색,초록,초록
0,73,255,ko,파랑,파랑,파랑,코발트블루,코발트블루,코발트블루
255,200,0,ko,노란색,노랑,노랑,노란색,노랑,노랑
171,0,255,ko,보라색,보라,보라,보라색,보라,보라
181,0,255,ko,보라색,보라,보라,보라색,보라,보라
255,0,128,ko,분홍색,분홍,분홍,핫핑크,핫핑크,핫핑크
14,0,255,ko,파랑,파랑,파랑,파랑,파랑,파랑
255,200,0,ko,노란색,노랑,노랑,노란색,노랑,노랑
255,0,82,ko,분홍색,분홍,분홍,핫핑크,핫핑크,핫핑크
0,60,255,ko,파랑,파랑,파랑,파란색,파랑,파랑
213,255,0,ko,형광연두,형광연두,형광연두,형광 연두색,형광 연두,형광연두
56,0,255,ko,보라색,보라,보라,파란색,파랑,파랑
0,34,255,ko,파랑,파랑,파랑,파란색,파랑,파랑
155,255,0,ko,연두색,연두,연두,연두색,연두,연두
255,97,0,ko,주황색,주황,주황,주황색,주황,주황
0,0,255,ko,파랑,파랑,파랑,파란색,파랑,파랑
246,255,0,ko,노란색,노랑,노랑,노랑,노랑,노랑
110,255,0,ko,형광연두,형광연두,형광연두,연두,연두,연두
55,0,255,ko,파란색,파랑,파랑,파랑,파랑,파랑
0,255,187,ko,민트색,민트,민트,사이안색,사이안,사이안
0,255,25,ko,형광초록,형광초록,형광초록,초록색,초록,초록
0,168,255,ko,하늘색,하늘,하늘,하늘색,하늘,하늘
0,15,255,ko,파랑,파랑,파랑,파란색,파랑,파랑
255,0,106,ko,분홍색,분홍,분홍,핫핑크,핫핑크,핫핑크
0,152,255,ko,파랑,파랑,파랑,파란색,파랑,파랑
0,255,246,ko,청록색,청록,청록,청록색,청록,청록
255,0,56,ko,분홍색,분홍,분홍,핫핑크,핫핑크,핫핑크
114,0,255,ko,보라색,보라,보라,보라색,보라,보라
130,0,255,ko,보라색,보라,보라,보라색,보라,보라
255,86,0,ko,주황색,주황,주황,주황색,주황,주황
0,255,190,ko,청록색,청록,청록,민트색,민트,민트
0,255,167,ko,청록색,청록,청록,에메랄드그린,에메랄드그린,에메랄드그린
220,255,0,ko,연두색,연두,연두,형광 노란색,형광 노랑,형광노랑
206,255,0,ko,연두색,연두,연두,연두색,연두,연두
255,58,0,ko,주황색,주황,주황,주황,주황,주황
0,14,255,ko,파란색,파랑,파랑,파란색,파랑,파랑
255,132,0,ko,주황색,주황,주황,주황색,주황,주황
255,169,0,ko,주황색,주황,주황,주황색,주황,주황
0,99,255,ko,파란색,파랑,파랑,파란색,파랑,파랑
0,255,67,ko,연두색,연두,연두,초록색,초록,초록
209,0,255,ko,보라색,보라,보라,자주색,자주,자주
0,255,252,ko,청록색,청록,청록,청록색,청록,청록
255,0,144,ko,분홍색,분홍,분홍,핫핑크,핫핑크,핫핑크
55,0,255,ko,보라색,보라,보라,파랑,파랑,파랑
221,0,255,ko,보라색,보라,보라,마젠타,마젠타,마젠타
255,153,0,ko,주황색,주황,주황,주황색,주황,주황
255,0,219,ko,자홍색,자홍,자홍,마젠타,마젠타,마젠타
255,38,0,ko,주황색,주황,주황,빨간색,빨강,빨강
0,255,92,ko,연두색,연두,연두,연두색,연두,연두
0,255,153,ko,민트색,민트,민트,초록색,초록,초록
255,0,205,ko,마젠타,마젠타,마젠타,핫핑크색,핫핑크,핫핑크
0,255,248,ko,청록색,청록,청록,시안,시안,시안
170,255,0,ko,연두색,연두,연두,라임색,라임,라임
0,255,192,ko,청록색,청록,청록,청록색,청록,청록
255,78,0,ko,주황색,주황,주황,주황색,주황,주황
255,0,190,ko,분홍색,분홍,분홍,핫핑크색,핫핑크,핫핑크
0,255,42,ko,연두색,연두,연두,초록색,초록,초록
255,138,0,ko,주황색,주황,주황,주황색,주황,주황
189,255,0,ko,연두색,연두,연두,연두색,연두,연두
227,0,255,ko,보라색,보라,보라,자홍색,자홍,자홍
255,0,130,ko,자홍색,자홍,자홍,핫핑크,핫핑크,핫핑크
0,235,255,ko,청록색,청록,청록,파란색,파랑,파랑
0,255,10,ko,초록색,초록,초록,초록색,초록,초록
255,141,0,ko,주황색,주황,주황,주황색,주황,주황
142,255,0,ko,연두색,연두,연두,연두색,연두,연두
255,0,106,ko,분홍색,분홍,분홍,핫핑크,핫핑크,핫핑크
255,0,215,ko,자홍색,자홍,자홍,마젠타,마젠타,마젠타
217,255,0,ko,형광노랑,형광노랑,형광노랑,형광 노랑,형광 노랑,형광노랑
0,255,35,ko,형광초록,형광초록,형광초록,초록색,초록,초록
0,53,255,ko,파란색,파랑,파랑,파란색,파랑,파랑
0,223,255,ko,하늘색,하늘,하늘,시안,시안,시안
255,208,0,ko,노란색,노랑,노랑,노랑,노랑,노랑
0,11,255,ko,파란색,파랑,파랑,파란색,파랑,파랑
0,26,255,ko,파란색,파랑,파랑,파랑,파랑,파랑
0,255,250,ko,시안,시안,시안,청록색,청록,청록
71,0,255,ko,보라색,보라,보라,파란색,파랑,파랑
255,212,0,ko,노란색,노랑,노랑,노란색,노랑,노랑
0,193,255,ko,하늘색,하늘,하늘,하늘색,하늘,하늘
44,0,255,ko,파란색,파랑,파랑,파란색,파랑,파랑
255,0,47,ko,빨강,빨강,빨강,빨강,빨강,빨강
145,0,255,ko,보라색,보라,보라,보라색,보라,보라
0,255,19,ko,초록색,초록,초록,초록색,초록,초록
0,255,189,ko,민트색,민트,민트,청록색,청록,청록
209,0,255,ko,보라색,보라,보라,마젠타,마젠타,마젠타
212,255,0,ko,연두색,연두,연두,형광 연두색,형광 연두,형광연두
187,0,255,ko,보라색,보라,보라,자홍색,자홍,자홍
231,0,255,ko,마젠타,마젠타,마젠타,마젠타,마젠타,마젠타
255,0,152,ko,분홍색,분홍,분홍,핫핑크색,핫핑크,핫핑크
0,145,255,ko,파란색,파랑,파랑,파란색,파랑,파랑
6,0,255,ko,파랑,파랑,파랑,파랑,파랑,파랑
255,48,0,ko,주황색,주황,주황,다홍색,다홍,다홍
255,0,247,ko,마젠타,마젠타,마젠타,자홍색,자홍,자홍
255,230,0,ko,노란색,노랑,노랑,노란색,노랑,노랑
182,255,0,ko,연두색,연두,연두,연두색,연두,연두
255,0,99,ko,분홍색,분홍,분홍,핑크,핑크,핑크
0,227,255,ko,하늘색,하늘,하늘,하늘색,하늘,하늘
255,68,0,ko,주황색,주황,주황,주황색,주황,주황
255,126,0,ko,주황색,주황,주황,주황색,주황,주황
177,0,255,ko,보라색,보라,보라,보라색,보라,보라
255,0,62,ko,분홍색,분홍,분홍,핫핑크,핫핑크,핫핑크
255,0,248,ko,자홍색,자홍,자홍,자홍색,자홍,자홍
38,0,255,ko,파란색,파랑,파랑,파란색,파랑,파랑
255,0,52,ko,빨강,빨강,빨강,빨강,빨강,빨강
0,67,255,ko,파랑,파랑,파랑,파란색,파랑,파랑
255,5,0,ko,빨강,빨강,빨강,빨강,빨강,빨강
0,181,255,ko,하늘색,하늘,하늘,하늘색,하늘,하늘
170,255,0,ko,연두색,연두,연두,라임색,라임,라임
255,0,33,ko,빨강,빨강,빨강,빨간색,빨강,빨강
243,0,255,ko,자주색,자주,자주,마젠타,마젠타,마젠타
72,255,0,ko,연두색,연두,연두,초록색,초록,초록
0,255,124,ko,초록색,초록,초록,형광 초록색,형광 초록,형광초록
144,0,255,ko,보라색,보라,보라,보라색,보라,보라
17,255,0,ko,연두색,연두,연두,초록,초록,초록
0,5,255,ko,파란색,파랑,파랑,파란색,파랑,파랑
73,255,0,ko,연두색,연두,연두,초록색,초록,초록
255,0,2,ko,빨강,빨강,빨강,빨간색,빨강,빨강
0,255,137,ko,초록색,초록,초록,초록,초록,초록
60,255,0,ko,연두색,연두,연두,라임색,라임,라임
0,255,156,ko,민트색,민트,민트,민트색,민트,민트
255,90,0,ko,주황색,주황,주황,주황색,주황,주황
0,10,255,ko,파랑,파랑,파랑,파랑,파랑,파랑
8,255,0,ko,초록색,초록,초록,초록색,초록,초록
0,255,150,ko,민트색,민트,민트,초록색,초록,초록
101,255,0,ko,연두색,연두,연두,연두색,연두,연두
64,0,255,ko,보라색,보라,보라,파란색,파랑,파랑
0,255,97,ko,형광초록,형광초록,형광초록,초록색,초록,초록
61,0,255,ko,보라색,보라,보라,군청색,군청,군청
0,255,88,ko,초록색,초록,초록,형광 초록색,형광 초록,형광초록
191,255,0,ko,연두색,연두,연두,라임색,라임,라임
0,255,73,ko,초록색,초록,초록,초록색,초록,초록
255,0,147,ko,자홍색,자홍,자홍,핫핑크,핫핑크,핫핑크
137,0,255,ko,보라색,보라,보라,보라색,보라,보라
173,255,0,ko,연두색,연두,연두,연두색,연두,연두
255,0,152,ko,자홍색,자홍,자홍,핫핑크,핫핑크,핫핑크
255,0,248,ko,자홍색,자홍,자홍,자홍색,자홍,자홍
171,255,0,ko,연두색,연두,연두,라임색,라임,라임
120,0,255,ko,보라색,보라,보라,보라색,보라,보라
255,250,0,ko,노란색,노랑,노랑,노란색,노랑,노랑
129,0,255,ko,보라색,보라,보라,보라색,보라,보라
255,39,0,ko,빨강,빨강,빨강,빨강,빨강,빨강
73,255,0,ko,연두색,연두,연두,형광 연두색,형광 연두,형광연두
81,255,0,ko,연두색,연두,연두,라임색,라임,라임
0,245,255,ko,하늘색,하늘,하늘,청록색,청록,청록
255,0,232,ko,자홍색,자홍,자홍,자홍색,자홍,자홍
255,0,240,ko,자홍색,자홍,자홍,마젠타,마젠타,마젠타
255,0,208,ko,자홍색,자홍,자홍,핫핑크,핫핑크,핫핑크
0,255,175,ko,청록색,청록,청록,청록색,청록,청록
255,52,0,ko,주황색,주황,주황,다홍,다홍,다홍
255,0,186,ko,자홍색,자홍,자홍,핫핑크,핫핑크,핫핑크
0,255,80,ko,연두색,연두,연두,연두색,연두,연두
255,125,0,ko,주황색,주황,주황,주황색,주황,주황
255,160,0,ko,주황색,주황,주황,주황색,주황,주황
255,0,230,ko,자홍색,자홍,자홍,자주색,자주,자주
0,2,255,ko,파란색,파랑,파랑,파란색,파랑,파랑
255,0,172,ko,자홍색,자홍,자홍,핫핑크,핫핑크,핫핑크
255,130,0,ko,주황색,주황,주황,주황색,주황,주황
255,167,0,ko,주황색,주황,주황,주황색,주황,주황
0,67,255,ko,파랑,파랑,파랑,파란색,파랑,파랑
108,255,0,ko,연두색,연두,연두,연두색,연두,연두
99,255,0,ko,연두색,연두,연두,연두색,연두,연두
0,44,255,ko,파란색,파랑,파랑,파란색,파랑,파랑
50,0,255,ko,파란색,파랑,파랑,파랑,파랑,파랑
192,0,255,ko,보라색,보라,보라,보라색,보라,보라
34,255,0,ko,형광초록,형광초록,형광초록,초록색,초록,초록
84,255,0,ko,연두색,연두,연두,라임색,라임,라임
255,46,0,ko,주황색,주황,주황,빨간색,빨강,빨강
0,51,255,ko,파란색,파랑,파랑,파란색,파랑,파랑
250,0,255,ko,자홍색,자홍,자홍,마젠타색,마젠타,마젠타
255,165,0,ko,주황색,주황,주황,주황색,주황,주황
110,0,255,ko,보라색,보라,보라,보라색,보라,보라
139,0,255,ko,보라색,보라,보라,보라색,보라,보라
130,255,0,ko,형광연두,형광연두,형광연두,라임색,라임,라임
0,92,255,ko,파랑,파랑,파랑,파란색,파랑,파랑
0,107,255,ko,파란색,파랑,파랑,파랑,파랑,파랑
0,255,148,ko,민트색,민트,민트,청록색,청록,청록
233,255,0,ko,노란색,노랑,노랑,노란색,노랑,노랑
0,255,104,ko,형광초록,형광초록,형광초록,초록색,초록,초록
255,191,0,ko,노란색,노랑,노랑,주황색,주황,주황
198,255,0,ko,연두색,연두,연두,라임색,라임,라임
0,93,255,ko,파란색,파랑,파랑,파란색,파랑,파랑
187,0,255,ko,보라색,보라,보라,보라색,보라,보라
142,255,0,ko,연두색,연두,연두,연두색,연두,연두
0,255,119,ko,연두색,연두,연두,라임색,라임,라임
0,253,255,ko,청록색,청록,청록,청록색,청록,청록
255,133,0,ko,주황색,주황,주황,주황색,주황,주황
255,96,0,ko,주황색,주황,주황,주황색,주황,주황
255,0,150,ko,자홍색,자홍,자홍,핫핑크색,핫핑크,핫핑크
0,255,239,ko,청록색,청록,청록,청록색,청록,청록
255,0,251,ko,자홍색,자홍,자홍,마젠타색,마젠타,마젠타
0,169,255,ko,파랑,파랑,파랑,파란색,파랑,파랑
36,0,255,ko,파랑,파랑,파랑,파란색,파랑,파랑
214,255,0,ko,연두색,연두,연두,연두색,연두,연두
77,255,0,ko,연두색,연두,연두,라임색,라임,라임
161,255,0,ko,연두색,연두,연두,라임색,라임,라임
255,253,0,ko,노란색,노랑,노랑,노란색,노랑,노랑
161,0,255,ko,보라색,보라,보라,보라색,보라,보라
0,255,138,ko,민트색,민트,민트,청록색,청록,청록
202,0,255,ko,보라색,보라,보라,보라색,보라,보라
255,0,226,ko,자홍색,자홍,자홍,마젠타,마젠타,마젠타
62,0,255,ko,보라색,보라,보라,파란색,파랑,파랑
0,187,255,ko,하늘색,하늘,하늘,하늘색,하늘,하늘
180,0,255,ko,보라색,보라,보라,보라색,보라,보라
255,0,60,ko,빨강,빨강,빨강,핫핑크,핫핑크,핫핑크
221,0,255,ko,자홍색,자홍,자홍,마젠타,마젠타,마젠타
60,255,0,ko,연두색,연두,연두,라임색,라임,라임
0,255,225,ko,청록색,청록,청록,시안색,시안,시안
0,201,255,ko,하늘색,하늘,하늘,시안,시안,시안
255,0,5,ko,빨강,빨강,빨강,빨간색,빨강,빨강
255,0,150,ko,분홍색,분홍,분홍,핫핑크색,핫핑크,핫핑크
255,31,0,ko,빨강,빨강,빨강,빨강,빨강,빨강
37,255,0,ko,연두색,연두,연두,초록색,초록,초록
255,18,0,ko,빨강,빨강,빨강,빨간색,빨강,빨강
92,0,255,ko,보라색,보라,보라,청보라색,청보라,청보라
0,255,59,ko,초록색,초록,초록,연두색,연두,연두
0,255,110,ko,연두색,연두,연두,형광 초록색,형광 초록,형광초록
0,182,255,ko,하늘색,하늘,하늘,파란색,파랑,파랑
102,255,0,ko,라임색,라임,라임,연두색,연두,연두
0,255,87,ko,초록색,초록,초록,연두색,연두,연두
0,150,255,ko,파랑,파랑,파랑,파란색,파랑,파랑
59,255,0,ko,연두색,연두,연두,연두색,연두,연두
255,54,0,ko,주황색,주황,주황,다홍색,다홍,다홍
0,209,255,ko,하늘색,하늘,하늘,하늘색,하늘,하늘
0,184,255,ko,하늘색,하늘,하늘,하늘색,하늘,하늘
77,255,0,ko,연두색,연두,연두,연두색,연두,연두
255,44,0,ko,주황색,주황,주황,다홍,다홍,다홍
0,255,19,ko,초록색,초록,초록,초록색,초록,초록
255,119,0,ko,주황색,주황,주황,주황,주황,주황
0,255,5,ko,연두색,연두,연두,초록,초록,초록
0,84,255,ko,파랑,파랑,파랑,파란색,파랑,파랑
170,255,0,ko,연두색,연두,연두,연두색,연두,연두
255,243,0,ko,노란색,노랑,노랑,노란색,노랑,노랑
0,255,230,ko,청록색,청록,청록,청록색,청록,청록
255,248,0,ko,노란색,노랑,노랑,노랑,노랑,노랑
38,0,255,ko,파랑,파랑,파랑,파랑,파랑,파랑
196,255,0,ko,라임색,라임,라임,라임색,라임,라임
18,0,255,ko,파랑,파랑,파랑,파란색,파랑,파랑
0,23,255,ko,파랑,파랑,파랑,파랑,파랑,파랑
0,18,255,ko,파랑,파랑,파랑,파란색,파랑,파랑
0,255,167,ko,민트색,민트,민트,아쿠아색,아쿠아,아쿠아
53,0,255,ko,파란색,파랑,파랑,파란색,파랑,파랑
255,0,22,ko,빨간색,빨강,빨강,빨간색,빨강,빨강
0,95,255,ko,파란색,파랑,파랑,파란색,파랑,파랑
0,255,63,ko,형광초록,형광초록,형광초록,초록색,초록,초록
167,255,0,ko,연두색,연두,연두,라임색,라임,라임
0,255,120,ko,민트색,민트,민트,라임색,라임,라임
255,21,0,ko,빨강,빨강,빨강,빨강,빨강,빨강
167,255,0,ko,형광 연두,형광 연두,형광연두,라임색,라임,라임
0,255,9,ko,연두색,연두,연두,초록색,초록,초록
255,0,38,ko,빨강,빨강,빨강,빨간색,빨강,빨강
255,77,0,ko,주황색,주황,주황,주황색,주황,주황
159,0,255,ko,보라색,보라,보라,보라색,보라,보라
255,0,111,ko,분홍색,분홍,분홍,진분홍,진분홍,진분홍
0,255,178,ko,민트색,민트,민트,청록색,청록,청록
233,255,0,ko,노란색,노랑,노랑,노란색,노랑,노랑
119,255,0,ko,연두색,연두,연두,라임색,라임,라임
14,255,0,ko,연두색,연두,연두,초록색,초록,초록
0,255,33,ko,초록색,초록,초록,초록색,초록,초록
255,138,0,ko,주황색,주황,주황,주황색,주황,주황
0,251,255,ko,청록색,청록,청록,시안색,시안,시안
204,255,0,ko,연두색,연두,연두,형광 연두색,형광 연두,형광연두
65,0,255,ko,파란색,파랑,파랑,로열블루,로열블루,로열블루
205,255,0,ko,연두색,연두,연두,연두색,연두,연두
22,0,255,ko,파랑,파랑,파랑,파란색,파랑,파랑
92,255,0,ko,형광초록,형광초록,형광초록,라임색,라임,라임
208,255,0,ko,연두색,연두,연두,형광 연두색,형광 연두,형광연두
178,0,255,ko,보라색,보라,보라,보라색,보라,보라
0,255,141,ko,민트색,민트,민트,에메랄드 그린,에메랄드 그린,에메랄드그린
0,255,160,ko,청록색,청록,청록,청록색,청록,청록
250,255,0,ko,노란색,노랑,노랑,노란색,노랑,노랑
249,0,255,ko,자홍색,자홍,자홍,마젠타,마젠타,마젠타
102,0,255,ko,보라색,보라,보라,보라색,보라,보라
0,255,139,ko,형광초록,형광초록,형광초록,에메랄드색,에메랄드,에메랄드
212,0,255,ko,자주색,자주,자주,마젠타색,마젠타,마젠타
0,255,53,ko,형광초록,형광초록,형광초록,라임색,라임,라임
60,0,255,ko,보라색,보라,보라,파랑,파랑,파랑
147,255,0,ko,연두색,연두,연두,연두색,연두,연두
122,0,255,ko,보라색,보라,보라,보라색,보라,보라
20,255,0,ko,연두색,연두,연두,형광 초록색,형광 초록,형광초록
55,255,0,ko,연두색,연두,연두,형광 초록색,형광 초록,형광초록
238,0,255,ko,자홍색,자홍,자홍,마젠타,마젠타,마젠타
0,232,255,ko,청록색,청록,청록,청록색,청록,청록
255,0,32,ko,빨강,빨강,빨강,빨강,빨강,빨강
187,255,0,ko,연두색,연두,연두,라임색,라임,라임
4,255,0,ko,초록색,초록,초록,연두색,연두,연두
255,168,0,ko,주황색,주황,주황,주황색,주황,주황
0,255,99,ko,연두색,연두,연두,형광 초록색,형광 초록,형광초록
0,235,255,ko,청록색,청록,청록,시안,시안,시안
0,247,255,ko,청록색,청록,청록,청록색,청록,청록
255,0,235,ko,자홍색,자홍,자홍,마젠타,마젠타,마젠타
0,255,208,ko,청록색,청록,청록,터키색,터키,터키
100,255,0,ko,연두색,연두,연두,라임색,라임,라임
0,12,255,ko,파랑,파랑,파랑,파란색,파랑,파랑
0,227,255,ko,청록색,청록,청록,청록색,청록,청록
179,255,0,ko,연두색,연두,연두,라임색,라임,라임
0,155,255,ko,파랑,파랑,파랑,파랑,파랑,파랑
206,255,0,ko,형광노랑,형광노랑,형광노랑,라임색,라임,라임
255,0,122,ko,분홍색,분홍,분홍,핫핑크,핫핑크,핫핑크
97,0,255,ko,보라색,보라,보라,남보라색,남보라,남보라
0,218,255,ko,하늘색,하늘,하늘,시안색,시안,시안
191,0,255,ko,보라색,보라,보라,자주색,자주,자주
21,255,0,ko,연두색,연두,연두,형광 초록색,형광 초록,형광초록
0,255,44,ko,연두색,연두,연두,초록색,초록,초록
255,48,0,ko,주황색,주황,주황,다홍색,다홍,다홍
59,0,255,ko,보라색,보라,보라,파랑,파랑,파랑
0,221,255,ko,하늘색,하늘,하늘,하늘색,하늘,하늘
0,255,58,ko,연두색,연두,연두,연두색,연두,연두
3,255,0,ko,연두색,연두,연두,초록색,초록,초록
0,255,169,ko,민트색,민트,민트,청록색,청록,청록
0,224,255,ko,하늘색,하늘,하늘,청록색,청록,청록
142,255,0,ko,연두색,연두,연두,연두색,연두,연두
82,0,255,ko,보라색,보라,보라,청보라색,청보라,청보라
255,75,0,ko,주황색,주황,주황,주황,주황,주황
0,98,255,ko,파랑,파랑,파랑,파란색,파랑,파랑
0,255,245,ko,청록색,청록,청록,사이언색,사이언,사이언
39,255,0,ko,초록색,초록,초록,연두색,연두,연두
255,24,0,ko,빨간색,빨강,빨강,빨간색,빨강,빨강
255,0,180,ko,자홍색,자홍,자홍,핫핑크,핫핑크,핫핑크
255,0,248,ko,자홍색,자홍,자홍,마젠타,마젠타,마젠타
255,153,0,ko,주황색,주황,주황,주황색,주황,주황
0,76,255,ko,파란색,파랑,파랑,파랑,파랑,파랑
0,255,74,ko,초록색,초록,초록,초록색,초록,초록
0,255,207,ko,청록색,청록,청록,청록색,청록,청록
255,0,23,ko,빨강,빨강,빨강,빨간색,빨강,빨강
33,255,0,ko,연두색,연두,연두,초록색,초록,초록
56,0,255,ko,파랑,파랑,파랑,파란색,파랑,파랑
255,243,0,ko,노란색,노랑,노랑,노랑,노랑,노랑
255,0,26,ko,빨강,빨강,빨강,빨강,빨강,빨강
78,0,255,ko,보라색,보라,보라,군청색,군청,군청
119,0,255,ko,보라색,보라,보라,보라색,보라,보라
255,0,198,ko,분홍색,분홍,분홍,핫핑크,핫핑크,핫핑크
255,0,207,ko,자홍색,자홍,자홍,자홍색,자홍,자홍
255,119,0,ko,주황색,주황,주황,주황색,주황,주황
0,255,197,ko,청록색,청록,청록,청록색,청록,청록
238,0,255,ko,자홍색,자홍,자홍,마젠타,마젠타,마젠타
255,0,131,ko,분홍색,분홍,분홍,핫핑크,핫핑크,핫핑크
0,121,255,ko,파랑,파랑,파랑,파란색,파랑,파랑
255,0,195,ko,자홍색,자홍,자홍,자홍색,자홍,자홍
255,186,0,ko,주황색,주황,주황,주황색,주황,주황
239,255,0,ko,노란색,노랑,노랑,노란색,노랑,노랑
0,255,144,ko,청록색,청록,청록,에메랄드색,에메랄드,에메랄드
33,0,255,ko,파란색,파랑,파랑,파란색,파랑,파랑
0,255,95,ko,연두색,연두,연두,라임색,라임,라임
20,0,255,ko,파랑,파랑,파랑,파란색,파랑,파랑
113,255,0,ko,연두색,연두,연두,라임색,라임,라임
63,255,0,ko,연두색,연두,연두,연두색,연두,연두
255,0,223,ko,자홍색,자홍,자홍,마젠타,마젠타,마젠타
0,255,18,ko,초록색,초록,초록,초록색,초록,초록
0,161,255,ko,하늘색,하늘,하늘,파란색,파랑,파랑
0,255,188,ko,청록색,청록,청록,청록색,청록,청록
26,0,255,ko,파랑,파랑,파랑,파란색,파랑,파랑
0,70,255,ko,파랑,파랑,파랑,파란색,파랑,파랑
16,255,0,ko,연두색,연두,연두,초록색,초록,초록
67,0,255,ko,보라색,보라,보라,코발트 블루,코발트 블루,코발트블루
255,151,0,ko,주황색,주황,주황,주황,주황,주황
255,43,0,ko,주황색,주황,주황,다홍색,다홍,다홍
255,0,248,ko,자홍색,자홍,자홍,마젠타,마젠타,마젠타
173,0,255,ko,보라색,보라,보라,보라색,보라,보라
255,0,115,ko,분홍색,분홍,분홍,핫핑크,핫핑크,핫핑크
82,255,0,ko,연두색,연두,연두,밝은 초록색,밝은 초록,밝은초록
255,0,209,ko,자홍색,자홍,자홍,마젠타색,마젠타,마젠타
255,102,0,ko,주황색,주황,주황,주황색,주황,주황
138,255,0,ko,연두색,연두,연두,연두색,연두,연두
255,184,0,ko,주황색,주황,주황,주황색,주황,주황
0,255,15,ko,초록색,초록,초록,초록색,초록,초록
0,255,65,ko,형광초록,형광초록,형광초록,초록색,초록,초록
0,255,106,ko,초록색,초록,초록,형광 초록색,형광 초록,형광초록
255,191,0,ko,노란색,노랑,노랑,호박색,호박,호박
0,255,32,ko,초록색,초록,초록,초록색,초록,초록
0,255,56,ko,형광초록,형광초록,형광초록,라임색,라임,라임
0,253,255,ko,청록색,청록,청록,시안색,시안,시안
242,0,255,ko,자주색,자주,자주,마젠타,마젠타,마젠타
211,0,255,ko,보라색,보라,보라,마젠타,마젠타,마젠타
33,255,0,ko,초록색,초록,초록,초록색,초록,초록
252,0,255,ko,자홍색,자홍,자홍,마젠타,마젠타,마젠타
255,107,0,ko,주황색,주황,주황,주황색,주황,주황
38,0,255,ko,파랑,파랑,파랑,파란색,파랑,파랑
0,255,10,ko,연두색,연두,연두,초록색,초록,초록
64,255,0,ko,연두색,연두,연두,연두색,연두,연두
0,255,141,ko,민트색,민트,민트,연두색,연두,연두
92,255,0,ko,연두색,연두,연두,초록,초록,초록
255,123,0,ko,주황색,주황,주황,주황색,주황,주황
255,0,206,ko,자홍색,자홍,자홍,마젠타,마젠타,마젠타
0,215,255,ko,하늘색,하늘,하늘,청록색,청록,청록
0,79,255,ko,파란색,파랑,파랑,로열 블루,로열 블루,로열블루
15,255,0,ko,연두색,연두,연두,라임색,라임,라임
255,0,249,ko,자홍색,자홍,자홍,마젠타,마젠타,마젠타
20,255,0,ko,초록색,초록,초록,초록색,초록,초록
218,0,255,ko,자홍색,자홍,자홍,마젠타,마젠타,마젠타
0,93,255,ko,파란색,파랑,파랑,파란색,파랑,파랑
255,0,91,ko,분홍색,분홍,분홍,핫핑크,핫핑크,핫핑크
0,255,136,ko,청록색,청록,청록,초록색,초록,초록
255,0,168,ko,자홍색,자홍,자홍,마젠타,마젠타,마젠타
255,0,219,ko,자홍색,자홍,자홍,마젠타,마젠타,마젠타
255,143,0,ko,주황색,주황,주황,주황,주황,주황
0,255,15,ko,연두색,연두,연두,형광 초록,형광 초록,형광초록
24,0,255,ko,파란색,파랑,파랑,파란색,파랑,파랑
4,255,0,ko,초록색,초록,초록,초록,초록,초록
50,255,0,ko,연두색,연두,연두,초록,초록,초록
181,255,0,ko,연두색,연두,연두,연두색,연두,연두
252,0,255,ko,자홍색,자홍,자홍,마젠타,마젠타,마젠타
236,0,255,ko,자홍색,자홍,자홍,마젠타색,마젠타,마젠타
255,163,0,ko,주황색,주황,주황,주황색,주황,주황
255,0,222,ko,마젠타,마젠타,마젠타,자홍색,자홍,자홍
64,0,255,ko,보라색,보라,보라,파란색,파랑,파랑
255,0,138,ko,분홍색,분홍,분홍,핫핑크색,핫핑크,핫핑크
0,255,150,ko,민트색,민트,민트,청록색,청록,청록
141,0,255,ko,보라색,보라,보라,보라색,보라,보라
255,0,74,ko,분홍색,분홍,분홍,진분홍색,진분홍,진분홍
255,0,178,ko,자홍색,자홍,자홍,핫핑크,핫핑크,핫핑크
96,255,0,ko,연두색,연두,연두,라임색,라임,라임
255,93,0,ko,주황색,주황,주황,주황색,주황,주황
255,0,0,ko,빨강,빨강,빨강,빨간색,빨강,빨강
255,153,0,ko,주황색,주황,주황,주황색,주황,주황
0,255,208,ko,청록색,청록,청록,청록색,청록,청록
91,255,0,ko,연두색,연두,연두,라임색,라임,라임
71,0,255,ko,보라색,보라,보라,코발트색,코발트,코발트
26,0,255,ko,파랑,파랑,파랑,파란색,파랑,파랑
0,255,213,ko,청록색,청록,청록,청록색,청록,청록
0,150,255,ko,파랑,파랑,파랑,파란색,파랑,파랑
255,0,180,ko,분홍색,분홍,분홍,핫핑크,핫핑크,핫핑크
120,0,255,ko,보라색,보라,보라,보라색,보라,보라
0,255,155,ko,청록색,청록,청록,에메랄드그린,에메랄드그린,에메랄드그린
205,255,0,ko,연두색,연두,연두,라임색,라임,라임
255,213,0,ko,노란색,노랑,노랑,노란색,노랑,노랑
255,0,174,ko,자홍색,자홍,자홍,핫핑크,핫핑크,핫핑크
0,216,255,ko,하늘색,하늘,하늘,청록색,청록,청록
255,144,0,ko,주황색,주황,주황,주황색,주황,주황
119,255,0,ko,연두색,연두,연두,라임색,라임,라임
0,255,7,ko,연두색,연두,연두,형광 초록색,형광 초록,형광초록
0,49,255,ko,파란색,파랑,파랑,파란색,파랑,파랑
255,177,0,ko,주황색,주황,주황,주황색,주황,주황
0,99,255,ko,파란색,파랑,파랑,파란색,파랑,파랑
0,68,255,ko,파란색,파랑,파랑,파란색,파랑,파랑
0,255,217,ko,청록색,청록,청록,청록색,청록,청록
255,27,0,ko,빨간색,빨강,빨강,빨강,빨강,빨강
0,52,255,ko,파란색,파랑,파랑,파란색,파랑,파랑
202,0,255,ko,보라색,보라,보라,자주색,자주,자주
0,237,255,ko,하늘색,하늘,하늘,하늘색,하늘,하늘
80,0,255,ko,보라색,보라,보라,보라색,보라,보라
255,0,221,ko,자홍색,자홍,자홍,마젠타,마젠타,마젠타
255,0,209,ko,자홍색,자홍,자홍,마젠타색,마젠타,마젠타
135,0,255,ko,보라색,보라,보라,보라색,보라,보라
30,0,255,ko,파란색,파랑,파랑,파랑,파랑,파랑
36,255,0,ko,연두색,연두,연두,초록색,초록,초록
255,0,131,ko,분홍색,분홍,분홍,진한 분홍색,진 분홍,진분홍
255,0,193,ko,자홍색,자홍,자홍,핫핑크,핫핑크,핫핑크
72,0,255,ko,보라색,보라,보라,보라색,보라,보라
198,255,0,ko,연두색,연두,연두,라임색,라임,라임
48,255,0,ko,초록색,초록,초록,초록,초록,초록
255,0,118,ko,분홍색,분홍,분홍,핫핑크,핫핑크,핫핑크
255,0,129,ko,분홍색,분홍,분홍,핫핑크,핫핑크,핫핑크
255,240,0,ko,노란색,노랑,노랑,노란색,노랑,노랑
255,0,70,ko,분홍색,분홍,분홍,핫핑크,핫핑크,핫핑크
209,255,0,ko,연두색,연두,연두,라임색,라임,라임
33,255,0,ko,연두색,연두,연두,초록색,초록,초록
255,0,198,ko,분홍색,분홍,분홍,핫핑크,핫핑크,핫핑크
113,0,255,ko,보라색,보라,보라,보라색,보라,보라
128,0,255,ko,보라색,보라,보라,보라색,보라,보라
0,178,255,ko,하늘색,하늘,하늘,청색,청,청
255,97,0,ko,주황색,주황,주황,주황색,주황,주황
0,255,212,ko,청록색,청록,청록,시안,시안,시안
255,116,0,ko,주황색,주황,주황,주황색,주황,주황
59,0,255,ko,보라색,보라,보라,파란색,파랑,파랑
243,0,255,ko,자홍색,자홍,자홍,마젠타,마젠타,마젠타
255,0,102,ko,분홍색,분홍,분홍,핫핑크,핫핑크,핫핑크
31,0,255,ko,파랑,파랑,파랑,파란색,파랑,파랑
247,255,0,ko,노란색,노랑,노랑,노란색,노랑,노랑
0,255,99,ko,연두색,연두,연두,초록색,초록,초록
255,167,0,ko,주황색,주황,주황,주황색,주황,주황
66,0,255,ko,보라색,보라,보라,파란색,파랑,파랑
233,255,0,ko,노랑,노랑,노랑,노란색,노랑,노랑
255,242,0,ko,노란색,노랑,노랑,노란색,노랑,노랑
0,255,78,ko,연두색,연두,연두,형광 녹색,형광 녹,형광녹
255,0,241,ko,자홍색,자홍,자홍,마젠타,마젠타,마젠타
255,0,107,ko,분홍색,분홍,분홍,핫핑크,핫핑크,핫핑크
255,0,182,ko,자홍색,자홍,자홍,핫핑크색,핫핑크,핫핑크
255,0,79,ko,분홍색,분홍,분홍,핫핑크,핫핑크,핫핑크
212,255,0,ko,연두색,연두,연두,라임색,라임,라임
255,0,8,ko,빨강,빨강,빨강,빨간색,빨강,빨강
156,0,255,ko,보라색,보라,보라,보라색,보라,보라
255,218,0,ko,노란색,노랑,노랑,노란색,노랑,노랑
238,255,0,ko,노란색,노랑,노랑,노란색,노랑,노랑
0,198,255,ko,하늘색,하늘,하늘,하늘색,하늘,하늘
10,255,0,ko,초록색,초록,초록,초록,초록,초록
255,0,206,ko,분홍색,분홍,분홍,마젠타,마젠타,마젠타
255,172,0,ko,주황색,주황,주황,주황색,주황,주황
136,0,255,ko,보라색,보라,보라,보라색,보라,보라
0,76,255,ko,파란색,파랑,파랑,파란색,파랑,파랑
9,0,255,ko,파란색,파랑,파랑,파란색,파랑,파랑
0,255,52,ko,초록색,초록,초록,초록,초록,초록
0,255,218,ko,청록색,청록,청록,청록색,청록,청록
0,255,178,ko,민트색,민트,민트,민트색,민트,민트
255,0,3,ko,빨강,빨강,빨강,빨간색,빨강,빨강
255,111,0,ko,주황색,주황,주황,주황색,주황,주황
208,0,255,ko,보라색,보라,보라,자홍색,자홍,자홍
0,255,174,ko,청록색,청록,청록,민트색,민트,민트
151,0,255,ko,보라색,보라,보라,보라색,보라,보라
62,0,255,ko,보라색,보라,보라,파란색,파랑,파랑
255,231,0,ko,노란색,노랑,노랑,노란색,노랑,노랑
56,0,255,ko,파란색,파랑,파랑,파랑,파랑,파랑
42,255,0,ko,형광초록,형광초록,형광초록,초록색,초록,초록
89,0,255,ko,보라색,보라,보라,보라색,보라,보라
46,0,255,ko,파란색,파랑,파랑,파랑,파랑,파랑
101,0,255,ko,보라색,보라,보라,보라색,보라,보라
0,255,1,ko,초록색,초록,초록,초록색,초록,초록
0,45,255,ko,파란색,파랑,파랑,파란색,파랑,파랑
0,255,25,ko,연두색,연두,연두,녹색,녹,녹
211,255,0,ko,연두색,연두,연두,라임색,라임,라임
255,0,67,ko,빨강,빨강,빨강,선홍색,선홍,선홍
0,255,85,ko,연두색,연두,연두,연두색,연두,연두
113,255,0,ko,연두색,연두,연두,연두색,연두,연두
94,255,0,ko,연두색,연두,연두,연두색,연두,연두
179,255,0,ko,연두색,연두,연두,형광 연두색,형광 연두,형광연두
0,201,255,ko,하늘색,하늘,하늘,푸른색,푸른,푸른
195,0,255,ko,보라색,보라,보라,마젠타,마젠타,마젠타
96,255,0,ko,연두색,연두,연두,연두색,연두,연두
166,0,255,ko,보라색,보라,보라,보라색,보라,보라
0,53,255,ko,파랑,파랑,파랑,파란색,파랑,파랑
0,105,255,ko,파란색,파랑,파랑,파란색,파랑,파랑
0,255,44,ko,연두색,연두,연두,초록색,초록,초록
255,87,0,ko,주황색,주황,주황,주황색,주황,주황
203,0,255,ko,보라색,보라,보라,자홍색,자홍,자홍
255,59,0,ko,주황색,주황,주황,주황색,주황,주황
0,255,130,ko,형광초록,형광초록,형광초록,라임색,라임,라임
0,184,255,ko,하늘색,하늘,하늘,파란색,파랑,파랑
255,124,0,ko,주황색,주황,주황,주황색,주황,주황
255,19,0,ko,빨강,빨강,빨강,빨강,빨강,빨강
0,255,234,ko,청록색,청록,청록,청록색,청록,청록
0,191,255,ko,하늘색,하늘,하늘,청록색,청록,청록
67,0,255,ko,보라색,보라,보라,일렉트릭 블루,일렉트릭 블루,일렉트릭블루
0,24,255,ko,파랑,파랑,파랑,파란색,파랑,파랑
0,220,255,ko,청록색,청록,청록,하늘색,하늘,하늘
0,255,90,ko,초록색,초록,초록,형광 초록색,형광 초록,형광초록
0,255,234,ko,청록색,청록,청록,청록색,청록,청록
174,0,255,ko,보라색,보라,보라,보라색,보라,보라
75,255,0,ko,연두색,연두,연두,형광 초록색,형광 초록,형광초록
0,195,255,ko,하늘색,하늘,하늘,아쿠아블루,아쿠아블루,아쿠아블루
0,255,233,ko,청록색,청록,청록,청록색,청록,청록
255,0,99,ko,분홍색,분홍,분홍,자홍색,자홍,자홍
255,0,181,ko,자홍색,자홍,자홍,핑크색,핑크,핑크
22,0,255,ko,파랑,파랑,파랑,파란색,파랑,파랑
206,255,0,ko,연두색,연두,연두,라임색,라임,라임
255,76,0,ko,주황색,주황,주황,주황색,주황,주황
0,244,255,ko,시안,시안,시안,청록색,청록,청록
211,0,255,ko,자주색,자주,자주,마젠타,마젠타,마젠타
0,255,198,ko,민트색,민트,민트,청록색,청록,청록
0,225,255,ko,시안,시안,시안,시안색,시안,시안
141,0,255,ko,보라색,보라,보라,보라색,보라,보라
0,255,141,ko,청록색,청록,청록,연두색,연두,연두
255,239,0,ko,노란색,노랑,노랑,노란색,노랑,노랑
255,0,2,ko,빨강,빨강,빨강,빨강,빨강,빨강
0,224,255,ko,하늘색,하늘,하늘,하늘색,하늘,하늘
0,244,255,ko,청록색,청록,청록,시안색,시안,시안
255,0,8,ko,빨강,빨강,빨강,빨간색,빨강,빨강
32,255,0,ko,형광 초록,형광 초록,형광초록,초록색,초록,초록
0,255,175,ko,민트색,민트,민트,청록색,청록,청록
213,255,0,ko,형광 노랑,형광 노랑,형광노랑,라임색,라임,라임
255,0,137,ko,분홍색,분홍,분홍,핫핑크,핫핑크,핫핑크
255,150,0,ko,주황색,주황,주황,주황색,주황,주황
255,0,192,ko,자홍색,자홍,자홍,마젠타,마젠타,마젠타
255,0,119,ko,분홍색,분홍,분홍,핫핑크,핫핑크,핫핑크
255,239,0,ko,노란색,노랑,노랑,노란색,노랑,노랑
233,0,255,ko,자주색,자주,자주,마젠타,마젠타,마젠타
255,0,69,ko,분홍색,분홍,분홍,핫핑크,핫핑크,핫핑크
127,255,0,ko,연두색,연두,연두,연두색,연두,연두
255,0,173,ko,분홍색,분홍,분홍,핫핑크색,핫핑크,핫핑크
97,255,0,ko,연두색,연두,연두,라임색,라임,라임
235,0,255,ko,자홍색,자홍,자홍,마젠타,마젠타,마젠타
255,0,1,ko,빨강,빨강,빨강,빨강,빨강,빨강
0,48,255,ko,파랑,파랑,파랑,파란색,파랑,파랑
0,192,255,ko,하늘색,하늘,하늘,하늘색,하늘,하늘
255,0,92,ko,분홍색,분홍,분홍,핫핑크,핫핑크,핫핑크
0,230,255,ko,하늘색,하늘,하늘,시안,시안,시안
255,99,0,ko,주황색,주황,주황,주황색,주황,주황
127,0,255,ko,보라색,보라,보라,보라색,보라,보라
70,255,0,ko,연두색,연두,연두,라임색,라임,라임
255,157,0,ko,주황색,주황,주황,주황색,주황,주황
0,253,255,ko,청록색,청록,청록,시안,시안,시안
255,0,8,ko,빨강,빨강,빨강,빨간색,빨강,빨강
255,0,41,ko,빨강,빨강,빨강,빨강,빨강,빨강
192,255,0,ko,형광연두,형광연두,형광연두,라임색,라임,라임
123,255,0,ko,연두색,연두,연두,연두색,연두,연두
0,19,255,ko,파랑,파랑,파랑,파란색,파랑,파랑
83,255,0,ko,형광 연두색,형광 연두,형광연두,형광 초록,형광 초록,형광초록
0,255,13,ko,연두색,연두,연두,초록색,초록,초록
0,251,255,ko,시안,시안,시안,시안,시안,시안
255,13,0,ko,빨강,빨강,빨강,빨간색,빨강,빨강
213,0,255,ko,보라색,보라,보라,마젠타,마젠타,마젠타
0,255,40,ko,연두색,연두,연두,초록색,초록,초록
82,0,255,ko,보라색,보라,보라,청보라색,청보라,청보라
0,255,114,ko,초록색,초록,초록,초록색,초록,초록
0,255,78,ko,초록색,초록,초록,라임색,라임,라임
255,0,176,ko,자홍색,자홍,자홍,마젠타,마젠타,마젠타
255,0,65,ko,분홍색,분홍,분홍,자홍색,자홍,자홍
255,241,0,ko,노란색,노랑,노랑,노란색,노랑,노랑
251,255,0,ko,노랑,노랑,노랑,노란색,노랑,노랑
255,0,134,ko,분홍색,분홍,분홍,핫핑크,핫핑크,핫핑크
170,255,0,ko,연두색,연두,연두,라임색,라임,라임
0,32,255,ko,파랑,파랑,파랑,파란색,파랑,파랑
86,0,255,ko,보라색,보라,보라,바이올렛,바이올렛,바이올렛
255,0,60,ko,분홍색,분홍,분홍,선홍색,선홍,선홍
255,0,235,ko,자홍색,자홍,자홍,마젠타,마젠타,마젠타
255,180,0,ko,주황색,주황,주황,주황색,주황,주황
255,130,0,ko,주황색,주황,주황,주황색,주황,주황
254,255,0,ko,노란색,노랑,노랑,노란색,노랑,노랑
0,161,255,ko,파란색,파랑,파랑,하늘색,하늘,하늘
0,28,255,ko,파란색,파랑,파랑,파란색,파랑,파랑
255,143,0,ko,주황색,주황,주황,주황색,주황,주황
0,223,255,ko,하늘색,하늘,하늘,하늘색,하늘,하늘
0,238,255,ko,청록색,청록,청록,청록색,청록,청록
0,255,117,ko,연두색,연두,연두,초록색,초록,초록
0,255,22,ko,형광초록,형광초록,형광초록,초록색,초록,초록
0,181,255,ko,하늘색,하늘,하늘,하늘색,하늘,하늘
255,0,189,ko,자홍색,자홍,자홍,핑크,핑크,핑크
159,255,0,ko,연두색,연두,연두,라임색,라임,라임
255,242,0,ko,노란색,노랑,노랑,노랑,노랑,노랑
0,255,53,ko,초록색,초록,초록,초록색,초록,초록
255,42,0,ko,주황색,주황,주황,주황색,주황,주황
222,0,255,ko,자주색,자주,자주,마젠타,마젠타,마젠타
243,255,0,ko,노란색,노랑,노랑,노란색,노랑,노랑
255,16,0,ko,빨강,빨강,빨강,빨강,빨강,빨강
207,0,255,ko,보라색,보라,보라,자주색,자주,자주
0,255,85,ko,초록색,초록,초록,형광초록색,형광초록,형광초록
99,255,0,ko,연두색,연두,연두,라임색,라임,라임
201,0,255,ko,자주색,자주,자주,보라색,보라,보라
255,0,106,ko,분홍색,분홍,분홍,핫핑크,핫핑크,핫핑크
0,188,255,ko,하늘색,하늘,하늘,파란색,파랑,파랑
239,0,255,ko,자홍색,자홍,자홍,마젠타,마젠타,마젠타
225,0,255,ko,보라색,보라,보라,자홍색,자홍,자홍
196,255,0,ko,연두색,연두,연두,라임색,라임,라임
197,255,0,ko,연두색,연두,연두,라임색,라임,라임
255,184,0,ko,주황색,주황,주황,주황색,주황,주황
0,255,168,ko,청록색,청록,청록,청록색,청록,청록
69,0,255,ko,보라색,보라,보라,보라색,보라,보라
121,0,255,ko,보라색,보라,보라,보라색,보라,보라
48,0,255,ko,파랑,파랑,파랑,파란색,파랑,파랑
255,0,25,ko,빨강,빨강,빨강,빨간색,빨강,빨강
255,0,128,ko,분홍색,분홍,분홍,핫핑크,핫핑크,핫핑크
0,67,255,ko,파랑,파랑,파랑,파란색,파랑,파랑
0,255,234,ko,청록색,청록,청록,청록색,청록,청록
0,255,100,ko,연두색,연두,연두,형광 초록색,형광 초록,형광초록
255,0,121,ko,분홍색,분홍,분홍,핫핑크,핫핑크,핫핑크
0,255,164,ko,민트색,민트,민트,민트색,민트,민트
113,255,0,ko,연두색,연두,연두,라임색,라임,라임
0,255,193,ko,청록색,청록,청록,청록색,청록,청록
255,0,226,ko,자홍색,자홍,자홍,마젠타색,마젠타,마젠타
228,0,255,ko,보라색,보라,보라,마젠타,마젠타,마젠타
255,236,0,ko,노란색,노랑,노랑,노란색,노랑,노랑
0,255,201,ko,청록색,청록,청록,청록색,청록,청록
0,212,255,ko,하늘색,하늘,하늘,파란색,파랑,파랑
255,233,0,ko,노란색,노랑,노랑,노랑,노랑,노랑
255,0,134,ko,분홍색,분홍,분홍,핫핑크,핫핑크,핫핑크
0,255,126,ko,초록색,초록,초록,초록색,초록,초록
119,0,255,ko,보라색,보라,보라,보라색,보라,보라
0,36,255,ko,파랑,파랑,파랑,파랑,파랑,파랑
0,255,93,ko,연두색,연두,연두,초록색,초록,초록
255,0,85,ko,분홍색,분홍,분홍,핫핑크,핫핑크,핫핑크
0,56,255,ko,파란색,파랑,파랑,파랑,파랑,파랑
138,0,255,ko,보라색,보라,보라,보라색,보라,보라
0,255,208,ko,청록색,청록,청록,청록색,청록,청록
196,255,0,ko,연두색,연두,연두,연두색,연두,연두
133,0,255,ko,보라색,보라,보라,보라색,보라,보라
0,100,255,ko,파란색,파랑,파랑,파란색,파랑,파랑
87,255,0,ko,연두색,연두,연두,연두색,연두,연두
0,255,27,ko,형광초록,형광초록,형광초록,초록색,초록,초록
0,255,231,ko,청록색,청록,청록,청록색,청록,청록
0,255,93,ko,초록색,초록,초록,라임색,라임,라임
0,255,19,ko,연두색,연두,연두,초록,초록,초록
0,255,15,ko,초록색,초록,초록,초록색,초록,초록
0,45,255,ko,파란색,파랑,파랑,파랑,파랑,파랑
0,178,255,ko,하늘색,하늘,하늘,파란색,파랑,파랑
255,0,208,ko,자홍색,자홍,자홍,마젠타,마젠타,마젠타
5,0,255,ko,파랑,파랑,파랑,파란색,파랑,파랑
255,142,0,ko,주황색,주황,주황,주황색,주황,주황
255,0,9,ko,빨강,빨강,빨강,빨간색,빨강,빨강
187,0,255,ko,보라색,보라,보라,보라색,보라,보라
7,255,0,ko,연두색,연두,연두,초록색,초록,초록
244,0,255,ko,자홍색,자홍,자홍,마젠타,마젠타,마젠타
255,178,0,ko,주황색,주황,주황,주황색,주황,주황
255,0,33,ko,빨강,빨강,빨강,빨간색,빨강,빨강
255,113,0,ko,주황색,주황,주황,주황색,주황,주황
255,0,16,ko,빨강,빨강,빨강,빨강,빨강,빨강
0,119,255,ko,파랑,파랑,파랑,파란색,파랑,파랑
0,255,249,ko,청록색,청록,청록,청록색,청록,청록
255,0,37,ko,빨강,빨강,빨강,빨강,빨강,빨강
145,255,0,ko,연두색,연두,연두,연두색,연두,연두
134,0,255,ko,보라색,보라,보라,보라색,보라,보라
0,2,255,ko,파랑,파랑,파랑,파란색,파랑,파랑
0,110,255,ko,파랑,파랑,파랑,파랑,파랑,파랑
0,201,255,ko,하늘색,하늘,하늘,파란색,파랑,파랑
98,0,255,ko,보라색,보라,보라,남보라색,남보라,남보라
0,237,255,ko,청록색,청록,청록,시안,시안,시안
209,255,0,ko,형광 노랑,형광 노랑,형광노랑,형광 연두색,형광 연두,형광연두
207,0,255,ko,자주색,자주,자주,마젠타색,마젠타,마젠타
255,0,244,ko,자홍색,자홍,자홍,마젠타,마젠타,마젠타
161,0,255,ko,보라색,보라,보라,보라색,보라,보라
157,255,0,ko,연두색,연두,연두,라임색,라임,라임
0,255,138,ko,초록색,초록,초록,형광 녹색,형광 녹,형광녹
95,255,0,ko,연두색,연두,연두,연두색,연두,연두
255,0,25,ko,빨강,빨강,빨강,빨강,빨강,빨강
117,255,0,ko,연두색,연두,연두,라임색,라임,라임
255,0,240,ko,자홍색,자홍,자홍,마젠타,마젠타,마젠타
0,255,122,ko,초록색,초록,초록,라임색,라임,라임
0,255,162,ko,민트색,민트,민트,청록색,청록,청록
0,255,150,ko,청록색,청록,청록,에메랄드색,에메랄드,에메랄드
255,184,0,ko,주황색,주황,주황,주황색,주황,주황
255,0,160,ko,분홍색,분홍,분홍,핑크색,핑크,핑크
255,0,28,ko,빨강,빨강,빨강,빨강,빨강,빨강
255,0,251,ko,자홍색,자홍,자홍,마젠타,마젠타,마젠타
255,0,161,ko,분홍색,분홍,분홍,핫핑크,핫핑크,핫핑크
255,0,117,ko,분홍색,분홍,분홍,핫핑크,핫핑크,핫핑크
192,0,255,ko,보라색,보라,보라,보라색,보라,보라
0,255,49,ko,초록색,초록,초록,형광 초록색,형광 초록,형광초록
47,0,255,ko,파랑,파랑,파랑,파란색,파랑,파랑
0,255,235,ko,청록색,청록,청록,아쿠아,아쿠아,아쿠아
84,255,0,ko,연두색,연두,연두,연두색,연두,연두
236,255,0,ko,노랑,노랑,노랑,노란색,노랑,노랑
0,255,174,ko,민트색,민트,민트,청록색,청록,청록
0,143,255,ko,파란색,파랑,파랑,파란색,파랑,파랑
58,0,255,ko,보라색,보라,보라,파랑,파랑,파랑
255,15,0,ko,빨강,빨강,빨강,빨강,빨강,빨강
233,0,255,ko,자홍색,자홍,자홍,마젠타,마젠타,마젠타
25,0,255,ko,파랑,파랑,파랑,파랑,파랑,파랑
231,0,255,ko,자홍색,자홍,자홍,마젠타,마젠타,마젠타
255,39,0,ko,주황색,주황,주황,빨강,빨강,빨강
0,13,255,ko,파랑,파랑,파랑,파란색,파랑,파랑
145,0,255,ko,보라색,보라,보라,보라색,보라,보라
255,0,41,ko,빨간색,빨강,빨강,빨간색,빨강,빨강
20,255,0,ko,연두색,연두,연두,초록색,초록,초록
0,255,123,ko,형광초록,형광초록,형광초록,라임색,라임,라임
15,0,255,ko,파랑,파랑,파랑,파란색,파랑,파랑
255,43,0,ko,주황색,주황,주황,다홍색,다홍,다홍
177,255,0,ko,연두색,연두,연두,라임색,라임,라임
54,0,255,ko,파란색,파랑,파랑,로열 블루,로열 블루,로열블루
255,177,0,ko,주황색,주황,주황,주황색,주황,주황
255,182,0,ko,주황색,주황,주황,주황색,주황,주황
255,11,0,ko,빨강,빨강,빨강,빨간색,빨강,빨강
154,0,255,ko,보라색,보라,보라,보라색,보라,보라
0,92,255,ko,파랑,파랑,파랑,파란색,파랑,파랑
0,11,255,ko,파란색,파랑,파랑,파란색,파랑,파랑
0,205,255,ko,하늘색,하늘,하늘,하늘색,하늘,하늘
255,225,0,ko,노란색,노랑,노랑,노란색,노랑,노랑
208,0,255,ko,보라색,보라,보라,자주색,자주,자주
0,255,177,ko,민트색,민트,민트,청록색,청록,청록
0,253,255,ko,하늘색,하늘,하늘,청록색,청록,청록
255,0,250,ko,자홍색,자홍,자홍,마젠타,마젠타,마젠타
77,0,255,ko,보라색,보라,보라,보라색,보라,보라
0,90,255,ko,파란색,파랑,파랑,파랑,파랑,파랑
144,0,255,ko,보라색,보라,보라,보라색,보라,보라
255,0,84,ko,분홍색,분홍,분홍,마젠타색,마젠타,마젠타
255,0,199,ko,자홍색,자홍,자홍,마젠타,마젠타,마젠타
0,41,255,ko,파란색,파랑,파랑,파랑,파랑,파랑
255,26,0,ko,빨강,빨강,빨강,빨간색,빨강,빨강
0,101,255,ko,파란색,파랑,파랑,파란색,파랑,파랑
6,0,255,ko,파란색,파랑,파랑,파란색,파랑,파랑
0,255,185,ko,청록색,청록,청록,청록색,청록,청록
255,2,0,ko,빨강,빨강,빨강,빨간색,빨강,빨강
240,255,0,ko,노란색,노랑,노랑,노란색,노랑,노랑
255,200,0,ko,노란색,노랑,노랑,노란색,노랑,노랑
0,255,117,ko,형광 초록,형광 초록,형광초록,형광 연두색,형광 연두,형광연두
255,0,31,ko,빨강,빨강,빨강,빨강,빨강,빨강
255,0,214,ko,자홍색,자홍,자홍,마젠타,마젠타,마젠타
0,28,255,ko,파란색,파랑,파랑,파란색,파랑,파랑
255,8,0,ko,빨강,빨강,빨강,빨강,빨강,빨강
255,27,0,ko,빨강,빨강,빨강,선홍색,선홍,선홍
255,138,0,ko,주황색,주황,주황,주황색,주황,주황
255,0,129,ko,분홍색,분홍,분홍,핫핑크,핫핑크,핫핑크
0,255,9,ko,연두색,연두,연두,형광 연두색,형광 연두,형광연두
126,0,255,ko,보라색,보라,보라,보라색,보라,보라
6,0,255,ko,파랑,파랑,파랑,파란색,파랑,파랑
17,0,255,ko,파랑,파랑,파랑,파란색,파랑,파랑
23,255,0,ko,초록색,초록,초록,형광 초록색,형광 초록,형광초록
255,164,0,ko,주황색,주황,주황,주황색,주황,주황
244,255,0,ko,노란색,노랑,노랑,노란색,노랑,노랑
68,0,255,ko,보라색,보라,보라,파랑,파랑,파랑
105,0,255,ko,보라색,보라,보라,보라색,보라,보라
133,255,0,ko,연두색,연두,연두,연두색,연두,연두
255,0,2,ko,빨강,빨강,빨강,빨간색,빨강,빨강
255,0,3,ko,빨강,빨강,빨강,빨강,빨강,빨강
255,169,0,ko,주황색,주황,주황,주황색,주황,주황
89,0,255,ko,보라색,보라,보라,보라색,보라,보라
255,11,0,ko,빨간색,빨강,빨강,빨간색,빨강,빨강
0,255,102,ko,초록색,초록,초록,초록색,초록,초록
255,0,239,ko,자홍색,자홍,자홍,마젠타,마젠타,마젠타
255,157,0,ko,주황색,주황,주황,주황색,주황,주황
255,0,72,ko,분홍색,분홍,분홍,진분홍,진분홍,진분홍
247,255,0,ko,노란색,노랑,노랑,노란색,노랑,노랑
0,255,14,ko,초록색,초록,초록,초록색,초록,초록
0,25,255,ko,파란색,파랑,파랑,파랑,파랑,파랑
0,255,59,ko,초록색,초록,초록,초록색,초록,초록
127,0,255,ko,보라색,보라,보라,보라색,보라,보라
0,255,190,ko,청록색,청록,청록,민트색,민트,민트
255,0,0,ko,빨강,빨강,빨강,빨강,빨강,빨강
146,0,255,ko,보라색,보라,보라,보라색,보라,보라
0,223,255,ko,하늘색,하늘,하늘,사이안색,사이안,사이안
0,255,77,ko,연두색,연두,연두,연두색,연두,연두
255,0,133,ko,분홍색,분홍,분홍,핫핑크,핫핑크,핫핑크
0,120,255,ko,파란색,파랑,파랑,파란색,파랑,파랑
62,0,255,ko,보라색,보라,보라,파란색,파랑,파랑
30,255,0,ko,초록색,초록,초록,초록색,초록,초록
48,255,0,ko,연두색,연두,연두,초록색,초록,초록
186,255,0,ko,연두색,연두,연두,연두색,연두,연두
248,255,0,ko,노란색,노랑,노랑,노랑,노랑,노랑
160,0,255,ko,보라색,보라,보라,보라색,보라,보라
160,255,0,ko,연두색,연두,연두,라임색,라임,라임
71,255,0,ko,연두색,연두,연두,초록색,초록,초록
218,0,255,ko,자주색,자주,자주,마젠타,마젠타,마젠타
255,164,0,ko,주황색,주황,주황,주황색,주황,주황
255,85,0,ko,주황색,주황,주황,주황색,주황,주황
117,0,255,ko,보라색,보라,보라,보라색,보라,보라
229,0,255,ko,자주색,자주,자주,자홍색,자홍,자홍
161,0,255,ko,보라색,보라,보라,보라색,보라,보라
0,255,206,ko,청록색,청록,청록,청록색,청록,청록
0,45,255,ko,파란색,파랑,파랑,파란색,파랑,파랑
108,0,255,ko,보라색,보라,보라,바이올렛,바이올렛,바이올렛
0,196,255,ko,하늘색,하늘,하늘,파란색,파랑,파랑
0,76,255,ko,파랑,파랑,파랑,파랑,파랑,파랑
73,0,255,ko,보라색,보라,보라,군청색,군청,군청
255,87,0,ko,주황색,주황,주황,주황색,주황,주황
140,255,0,ko,연두색,연두,연두,연두색,연두,연두
255,10,0,ko,빨강,빨강,빨강,빨강,빨강,빨강
46,0,255,ko,파란색,파랑,파랑,파란색,파랑,파랑
8,255,0,ko,연두색,연두,연두,형광 초록색,형광 초록,형광초록
0,255,219,ko,청록색,청록,청록,청록색,청록,청록
255,114,0,ko,주황색,주황,주황,주황색,주황,주황
0,255,79,ko,형광연두,형광연두,형광연두,초록색,초록,초록
0,255,43,ko,연두색,연두,연두,초록색,초록,초록
182,255,0,ko,연두색,연두,연두,연두색,연두,연두
0,22,255,ko,파랑,파랑,파랑,파랑,파랑,파랑
0,194,255,ko,하늘색,하늘,하늘,하늘색,하늘,하늘
115,255,0,ko,연두색,연두,연두,라임색,라임,라임
96,255,0,ko,연두색,연두,연두,형광 초록색,형광 초록,형광초록
255,215,0,ko,노란색,노랑,노랑,노란색,노랑,노랑
0,63,255,ko,파랑,파랑,파랑,파란색,파랑,파랑
0,255,181,ko,청록색,청록,청록,청록색,청록,청록
255,0,127,ko,자홍색,자홍,자홍,핫핑크,핫핑크,핫핑크
213,255,0,ko,형광노랑,형광노랑,형광노랑,형광 연두색,형광 연두,형광연두
5,0,255,ko,파란색,파랑,파랑,파란색,파랑,파랑
0,255,235,ko,청록색,청록,청록,청록색,청록,청록
121,0,255,ko,보라색,보라,보라,보라색,보라,보라
255,0,219,ko,자홍색,자홍,자홍,마젠타,마젠타,마젠타
255,229,0,ko,노란색,노랑,노랑,노란색,노랑,노랑
72,0,255,ko,보라색,보라,보라,파란색,파랑,파랑
0,229,255,ko,하늘색,하늘,하늘,청록색,청록,청록
255,0,164,ko,자홍색,자홍,자홍,핫핑크,핫핑크,핫핑크
0,109,255,ko,파란색,파랑,파랑,파랑,파랑,파랑
255,0,24,ko,빨강,빨강,빨강,빨강,빨강,빨강
0,255,148,ko,청록색,청록,청록,형광 초록색,형광 초록,형광초록
255,0,226,ko,마젠타,마젠타,마젠타,마젠타,마젠타,마젠타
255,0,76,ko,분홍색,분홍,분홍,자홍색,자홍,자홍
0,246,255,ko,시안,시안,시안,청록색,청록,청록
255,188,0,ko,노란색,노랑,노랑,개나리색,개나리,개나리
255,0,221,ko,자홍색,자홍,자홍,자홍색,자홍,자홍
255,0,252,ko,자홍색,자홍,자홍,마젠타,마젠타,마젠타
0,255,225,ko,청록색,청록,청록,청록색,청록,청록
0,255,253,ko,청록색,청록,청록,청록색,청록,청록
188,255,0,ko,연두색,연두,연두,연두색,연두,연두
255,185,0,ko,주황색,주황,주황,주황색,주황,주황
255,150,0,ko,주황색,주황,주황,주황색,주황,주황
0,86,255,ko,파랑,파랑,파랑,파랑,파랑,파랑
0,255,77,ko,초록색,초록,초록,초록색,초록,초록
255,143,0,ko,주황색,주황,주황,주황색,주황,주황
57,255,0,ko,연두색,연두,연두,초록색,초록,초록
0,211,255,ko,하늘색,하늘,하늘,하늘색,하늘,하늘
48,0,255,ko,파란색,파랑,파랑,파란색,파랑,파랑
0,225,255,ko,청록색,청록,청록,하늘색,하늘,하늘
141,0,255,ko,보라색,보라,보라,보라색,보라,보라
88,0,255,ko,보라색,보라,보라,보라색,보라,보라
201,0,255,ko,보라색,보라,보라,보라색,보라,보라
112,0,255,ko,보라색,보라,보라,보라색,보라,보라
176,0,255,ko,보라색,보라,보라,보라색,보라,보라
28,0,255,ko,파랑,파랑,파랑,파란색,파랑,파랑
0,255,16,ko,초록색,초록,초록,초록색,초록,초록
255,138,0,ko,주황색,주황,주황,주황,주황,주황
3,0,255,ko,파랑,파랑,파랑,파란색,파랑,파랑
98,255,0,ko,연두색,연두,연두,형광 연두색,형광 연두,형광연두
0,255,110,ko,형광 초록,형광 초록,형광초록,초록색,초록,초록
0,255,65,ko,연두색,연두,연두,초록색,초록,초록
0,99,255,ko,파란색,파랑,파랑,파란색,파랑,파랑
0,62,255,ko,파랑,파랑,파랑,파란색,파랑,파랑
255,0,208,ko,마젠타,마젠타,마젠타,핫핑크,핫핑크,핫핑크
255,51,0,ko,주황색,주황,주황,다홍,다홍,다홍
0,255,159,ko,민트색,민트,민트,청록색,청록,청록
7,255,0,ko,초록색,초록,초록,초록색,초록,초록
255,149,0,ko,주황색,주황,주황,주황색,주황,주황
0,125,255,ko,파랑,파랑,파랑,하늘색,하늘,하늘
117,255,0,ko,연두색,연두,연두,연두색,연두,연두
255,68,0,ko,주황색,주황,주황,주황색,주황,주황
105,0,255,ko,보라색,보라,보라,보라색,보라,보라
0,223,255,ko,하늘색,하늘,하늘,하늘색,하늘,하늘
0,213,255,ko,하늘색,하늘,하늘,하늘색,하늘,하늘
0,255,130,ko,초록색,초록,초록,형광 초록,형광 초록,형광초록
255,0,111,ko,분홍색,분홍,분홍,핫핑크색,핫핑크,핫핑크
255,198,0,ko,노란색,노랑,노랑,노란색,노랑,노랑
255,0,11,ko,빨간색,빨강,빨강,빨강,빨강,빨강
15,0,255,ko,파랑,파랑,파랑,파란색,파랑,파랑
255,182,0,ko,주황색,주황,주황,주황색,주황,주황
0,255,186,ko,청록색,청록,청록,터키옥색,터키옥,터키옥
0,4,255,ko,파란색,파랑,파랑,파란색,파랑,파랑
0,71,255,ko,파랑,파랑,파랑,파란색,파랑,파랑
0,255,64,ko,초록색,초록,초록,초록,초록,초록
26,255,0,ko,연두색,연두,연두,초록색,초록,초록
115,255,0,ko,연두색,연두,연두,연두색,연두,연두
0,255,105,ko,초록색,초록,초록,연두색,연두,연두
255,45,0,ko,주황색,주황,주황,빨강,빨강,빨강
255,0,251,ko,자홍색,자홍,자홍,마젠타,마젠타,마젠타
255,0,98,ko,분홍색,분홍,분홍,핫핑크,핫핑크,핫핑크
242,0,255,ko,자주색,자주,자주,마젠타,마젠타,마젠타
0,240,255,ko,청록색,청록,청록,청록색,청록,청록
92,255,0,ko,연두색,연두,연두,초록색,초록,초록
255,0,38,ko,빨강,빨강,빨강,빨강,빨강,빨강
97,255,0,ko,연두색,연두,연두,연두색,연두,연두
255,133,0,ko,주황색,주황,주황,주황색,주황,주황
255,221,0,ko,노란색,노랑,노랑,노란색,노랑,노랑
0,164,255,ko,파랑,파랑,파랑,파란색,파랑,파랑
0,255,130,ko,초록색,초록,초록,연두색,연두,연두
0,106,255,ko,파란색,파랑,파랑,파란색,파랑,파랑
0,14,255,ko,파랑,파랑,파랑,파란색,파랑,파랑
255,0,141,ko,자홍색,자홍,자홍,핫핑크,핫핑크,핫핑크
0,54,255,ko,파랑,파랑,파랑,파란색,파랑,파랑
0,255,6,ko,형광초록,형광초록,형광초록,초록색,초록,초록
255,0,87,ko,분홍색,분홍,분홍,핫핑크,핫핑크,핫핑크
4,255,0,ko,형광연두,형광연두,형광연두,초록색,초록,초록
255,235,0,ko,노란색,노랑,노랑,노란색,노랑,노랑
0,148,255,ko,파랑,파랑,파랑,파란색,파랑,파랑
0,253,255,ko,청록색,청록,청록,청록색,청록,청록
129,0,255,ko,보라색,보라,보라,보라색,보라,보라
0,84,255,ko,파랑,파랑,파랑,파란색,파랑,파랑
0,255,166,ko,민트색,민트,민트,청록색,청록,청록
0,0,255,ko,파란색,파랑,파랑,파란색,파랑,파랑
0,233,255,ko,하늘색,하늘,하늘,청록색,청록,청록
255,111,0,ko,주황색,주황,주황,주황색,주황,주황
176,0,255,ko,보라색,보라,보라,보라색,보라,보라
0,148,255,ko,파랑,파랑,파랑,파란색,파랑,파랑
34,255,0,ko,연두색,연두,연두,초록색,초록,초록
255,0,5,ko,빨강,빨강,빨강,빨간색,빨강,빨강
0,255,192,ko,청록색,청록,청록,민트색,민트,민트
255,0,133,ko,분홍색,분홍,분홍,핫핑크,핫핑크,핫핑크
238,255,0,ko,노란색,노랑,노랑,노란색,노랑,노랑
3,255,0,ko,초록색,초록,초록,초록색,초록,초록
0,255,18,ko,연두색,연두,연두,초록색,초록,초록
0,167,255,ko,파랑,파랑,파랑,파랑,파랑,파랑
0,255,167,ko,민트색,민트,민트,청록색,청록,청록
255,0,229,ko,분홍색,분홍,분홍,마젠타,마젠타,마젠타
48,255,0,ko,연두색,연두,연두,초록,초록,초록
255,30,0,ko,빨간색,빨강,빨강,빨간색,빨강,빨강
0,255,177,ko,민트색,민트,민트,청록색,청록,청록
243,0,255,ko,자주색,자주,자주,마젠타,마젠타,마젠타
161,255,0,ko,연두색,연두,연두,라임색,라임,라임
202,0,255,ko,보라색,보라,보라,자주색,자주,자주
255,0,76,ko,분홍색,분홍,분홍,핫핑크,핫핑크,핫핑크
0,82,255,ko,파랑,파랑,파랑,파란색,파랑,파랑
255,207,0,ko,노란색,노랑,노랑,노란색,노랑,노랑
0,97,255,ko,파랑,파랑,파랑,파란색,파랑,파랑
0,99,255,ko,파란색,파랑,파랑,파란색,파랑,파랑
255,0,63,ko,분홍색,분홍,분홍,핫핑크,핫핑크,핫핑크
255,0,106,ko,분홍색,분홍,분홍,핫핑크,핫핑크,핫핑크
0,91,255,ko,파랑,파랑,파랑,코발트 블루,코발트 블루,코발트블루
255,0,109,ko,분홍색,분홍,분홍,핫핑크,핫핑크,핫핑크
6,255,0,ko,형광초록,형광초록,형광초록,초록색,초록,초록
168,255,0,ko,연두색,연두,연두,연두색,연두,연두
0,255,72,ko,초록색,초록,초록,라임색,라임,라임
0,255,44,ko,연두색,연두,연두,초록색,초록,초록
0,219,255,ko,하늘색,하늘,하늘,아쿠아색,아쿠아,아쿠아
118,0,255,ko,보라색,보라,보라,보라색,보라,보라
255,85,0,ko,주황색,주황,주황,주황색,주황,주황
0,255,22,ko,연두색,연두,연두,초록색,초록,초록
255,0,42,ko,빨강,빨강,빨강,빨강,빨강,빨강
255,212,0,ko,노란색,노랑,노랑,노란색,노랑,노랑
0,255,124,ko,초록색,초록,초록,연두색,연두,연두
255,146,0,ko,주황색,주황,주황,주황색,주황,주황
48,0,255,ko,파랑,파랑,파랑,파란색,파랑,파랑
0,255,69,ko,초록색,초록,초록,라임색,라임,라임
0,8,255,ko,파란색,파랑,파랑,파란색,파랑,파랑
249,255,0,ko,노란색,노랑,노랑,노란색,노랑,노랑
0,255,174,ko,민트색,민트,민트,청록색,청록,청록
206,255,0,ko,연두색,연두,연두,라임색,라임,라임
0,188,255,ko,하늘색,하늘,하늘,청록색,청록,청록
0,255,61,ko,초록색,초록,초록,초록색,초록,초록
255,115,0,ko,주황색,주황,주황,주황색,주황,주황
255,22,0,ko,빨간색,빨강,빨강,빨강,빨강,빨강
97,0,255,ko,보라색,보라,보라,보라색,보라,보라
28,255,0,ko,연두색,연두,연두,형광 초록색,형광 초록,형광초록
0,255,60,ko,연두색,연두,연두,초록색,초록,초록
0,69,255,ko,파랑,파랑,파랑,파란색,파랑,파랑
0,77,255,ko,파란색,파랑,파랑,파랑,파랑,파랑
57,0,255,ko,보라색,보라,보라,파랑,파랑,파랑
15,255,0,ko,형광초록,형광초록,형광초록,초록색,초록,초록
13,0,255,ko,파랑,파랑,파랑,파란색,파랑,파랑
154,255,0,ko,연두색,연두,연두,라임색,라임,라임
0,255,93,ko,초록색,초록,초록,초록색,초록,초록
0,255,85,ko,초록색,초록,초록,연두색,연두,연두
0,116,255,ko,파란색,파랑,파랑,파란색,파랑,파랑
0,53,255,ko,파란색,파랑,파랑,파란색,파랑,파랑
0,255,148,ko,민트색,민트,민트,초록색,초록,초록
255,192,0,ko,주황색,주황,주황,금색,금,금
0,252,255,ko,청록색,청록,청록,시안,시안,시안
0,255,163,ko,청록색,청록,청록,청록색,청록,청록
157,0,255,ko,보라색,보라,보라,보라색,보라,보라
255,251,0,ko,노란색,노랑,노랑,노란색,노랑,노랑
255,103,0,ko,주황색,주황,주황,주황색,주황,주황
255,144,0,ko,주황색,주황,주황,주황색,주황,주황
255,0,118,ko,자홍색,자홍,자홍,핫핑크,핫핑크,핫핑크
168,255,0,ko,라임색,라임,라임,연두색,연두,연두
0,255,186,ko,청록색,청록,청록,민트색,민트,민트
0,147,255,ko,파란색,파랑,파랑,파란색,파랑,파랑
255,251,0,ko,노란색,노랑,노랑,노란색,노랑,노랑
255,109,0,ko,주황색,주황,주황,주황색,주황,주황
192,0,255,ko,보라색,보라,보라,보라색,보라,보라
255,234,0,ko,노란색,노랑,노랑,노란색,노랑,노랑
0,150,255,ko,파란색,파랑,파랑,파란색,파랑,파랑
76,255,0,ko,연두색,연두,연두,초록색,초록,초록
255,222,0,ko,노란색,노랑,노랑,노란색,노랑,노랑
0,166,255,ko,하늘색,하늘,하늘,파란색,파랑,파랑
0,12,255,ko,파랑,파랑,파랑,파란색,파랑,파랑
255,148,0,ko,주황색,주황,주황,주황색,주황,주황
0,255,52,ko,연두색,연두,연두,초록색,초록,초록
0,107,255,ko,파란색,파랑,파랑,파란색,파랑,파랑
0,255,10,ko,연두색,연두,연두,형광 초록색,형광 초록,형광초록
71,0,255,ko,파랑,파랑,파랑,파란색,파랑,파랑
208,255,0,ko,연두색,연두,연두,형광 노랑,형광 노랑,형광노랑
255,97,0,ko,주황색,주황,주황,주황색,주황,주황
255,0,82,ko,분홍색,분홍,분홍,진분홍,진분홍,진분홍
255,243,0,ko,노란색,노랑,노랑,노란색,노랑,노랑
191,255,0,ko,연두색,연두,연두,형광 연두색,형광 연두,형광연두
158,255,0,ko,연두색,연두,연두,라임색,라임,라임
0,76,255,ko,파란색,파랑,파랑,파란색,파랑,파랑
255,0,170,ko,자홍색,자홍,자홍,진분홍,진분홍,진분홍
0,255,199,ko,민트색,민트,민트,청록색,청록,청록
255,0,138,ko,분홍색,분홍,분홍,핫핑크,핫핑크,핫핑크
0,255,80,ko,연두색,연두,연두,초록색,초록,초록
0,59,255,ko,파랑,파랑,파랑,파랑,파랑,파랑
255,25,0,ko,빨강,빨강,빨강,빨강,빨강,빨강
216,0,255,ko,보라색,보라,보라,자홍색,자홍,자홍
149,255,0,ko,라임색,라임,라임,연두색,연두,연두
0,255,102,ko,형광 초록,형광 초록,형광초록,초록,초록,초록
255,0,193,ko,자홍색,자홍,자홍,마젠타,마젠타,마젠타
0,169,255,ko,하늘색,하늘,하늘,파랑,파랑,파랑
0,255,0,ko,연두색,연두,연두,초록색,초록,초록
255,29,0,ko,빨강,빨강,빨강,빨강,빨강,빨강
188,255,0,ko,연두색,연두,연두,라임색,라임,라임
218,0,255,ko,자홍색,자홍,자홍,마젠타,마젠타,마젠타
0,198,255,ko,하늘색,하늘,하늘,하늘색,하늘,하늘
255,147,0,ko,주황색,주황,주황,주황색,주황,주황
0,255,189,ko,청록색,청록,청록,청록색,청록,청록
255,0,116,ko,분홍색,분홍,분홍,핫핑크,핫핑크,핫핑크
0,255,212,ko,청록색,청록,청록,시안색,시안,시안
0,255,79,ko,연두색,연두,연두,라임색,라임,라임
0,65,255,ko,파랑,파랑,파랑,파란색,파랑,파랑
255,96,0,ko,주황색,주황,주황,주황색,주황,주황
0,255,43,ko,초록색,초록,초록,연두색,연두,연두
84,255,0,ko,연두색,연두,연두,연두색,연두,연두
0,241,255,ko,청록색,청록,청록,청록색,청록,청록
43,255,0,ko,연두색,연두,연두,라임색,라임,라임
0,9,255,ko,파랑,파랑,파랑,파랑,파랑,파랑
99,0,255,ko,보라색,보라,보라,바이올렛,바이올렛,바이올렛
215,0,255,ko,자홍색,자홍,자홍,마젠타색,마젠타,마젠타
137,255,0,ko,연두색,연두,연두,연두색,연두,연두
0,192,255,ko,하늘색,하늘,하늘,하늘색,하늘,하늘
172,255,0,ko,연두색,연두,연두,라임색,라임,라임
171,255,0,ko,연두색,연두,연두,연두색,연두,연두
255,225,0,ko,노란색,노랑,노랑,노랑,노랑,노랑
0,140,255,ko,파랑,파랑,파랑,파란색,파랑,파랑
0,156,255,ko,파란색,파랑,파랑,파란색,파랑,파랑
255,116,0,ko,주황색,주황,주황,주황색,주황,주황
105,255,0,ko,연두색,연두,연두,연두색,연두,연두
23,255,0,ko,초록색,초록,초록,형광 초록색,형광 초록,형광초록
213,0,255,ko,자홍색,자홍,자홍,자주색,자주,자주
0,66,255,ko,파란색,파랑,파랑,파란색,파랑,파랑
255,0,8,ko,빨강,빨강,빨강,빨간색,빨강,빨강
0,255,150,ko,민트색,민트,민트,형광 초록색,형광 초록,형광초록
0,197,255,ko,하늘색,하늘,하늘,하늘색,하늘,하늘
39,0,255,ko,파랑,파랑,파랑,파란색,파랑,파랑
0,255,178,ko,청록색,청록,청록,청록색,청록,청록
255,0,188,ko,자홍색,자홍,자홍,마젠타,마젠타,마젠타
255,70,0,ko,주황색,주황,주황,주황색,주황,주황
255,75,0,ko,주황색,주황,주황,주황색,주황,주황
243,255,0,ko,노란색,노랑,노랑,노란색,노랑,노랑
105,255,0,ko,라임색,라임,라임,라임색,라임,라임
255,0,251,ko,자홍색,자홍,자홍,마젠타,마젠타,마젠타
52,255,0,ko,연두색,연두,연두,연두색,연두,연두
255,191,0,ko,노란색,노랑,노랑,황금색,황금,황금
237,0,255,ko,자주색,자주,자주,마젠타,마젠타,마젠타
0,206,255,ko,하늘색,하늘,하늘,사이언,사이언,사이언
255,0,179,ko,마젠타,마젠타,마젠타,핫핑크,핫핑크,핫핑크
255,0,62,ko,분홍색,분홍,분홍,자홍색,자홍,자홍
202,255,0,ko,연두색,연두,연두,연두색,연두,연두
0,255,67,ko,초록색,초록,초록,초록색,초록,초록
147,0,255,ko,보라색,보라,보라,보라색,보라,보라
0,255,69,ko,연두색,연두,연두,초록색,초록,초록
0,19,255,ko,파란색,파랑,파랑,파란색,파랑,파랑
214,0,255,ko,보라색,보라,보라,마젠타,마젠타,마젠타
0,255,183,ko,민트색,민트,민트,민트색,민트,민트
1,0,255,ko,파랑,파랑,파랑,파란색,파랑,파랑
21,0,255,ko,파란색,파랑,파랑,파란색,파랑,파랑
0,255,75,ko,형광초록,형광초록,형광초록,연두색,연두,연두
141,0,255,ko,보라색,보라,보라,보라색,보라,보라
0,66,255,ko,파랑,파랑,파랑,파란색,파랑,파랑
193,0,255,ko,보라색,보라,보라,자주색,자주,자주
0,255,1,ko,초록색,초록,초록,초록색,초록,초록
255,0,210,ko,자홍색,자홍,자홍,마젠타,마젠타,마젠타
0,198,255,ko,하늘색,하늘,하늘,하늘색,하늘,하늘
0,55,255,ko,파랑,파랑,파랑,파란색,파랑,파랑
133,0,255,ko,보라색,보라,보라,보라색,보라,보라
255,0,136,ko,분홍색,분홍,분홍,핫핑크,핫핑크,핫핑크
255,0,121,ko,분홍색,분홍,분홍,핫핑크,핫핑크,핫핑크
0,129,255,ko,파랑,파랑,파랑,로얄블루,로얄블루,로얄블루
255,9,0,ko,빨강,빨강,빨강,빨강,빨강,빨강
0,153,255,ko,파란색,파랑,파랑,파랑,파랑,파랑
0,255,110,ko,연두색,연두,연두,형광 초록색,형광 초록,형광초록
165,0,255,ko,보라색,보라,보라,보라색,보라,보라
255,36,0,ko,빨강,빨강,빨강,다홍색,다홍,다홍
0,198,255,ko,하늘색,하늘,하늘,하늘색,하늘,하늘
0,255,200,ko,청록색,청록,청록,청록색,청록,청록
0,16,255,ko,파랑,파랑,파랑,파란색,파랑,파랑
0,183,255,ko,하늘색,하늘,하늘,파란색,파랑,파랑
255,16,0,ko,빨강,빨강,빨강,빨간색,빨강,빨강
255,81,0,ko,주황색,주황,주황,주황,주황,주황
0,255,253,ko,청록색,청록,청록,청록색,청록,청록
255,188,0,ko,주황색,주황,주황,주황색,주황,주황
137,255,0,ko,연두색,연두,연두,라임색,라임,라임
255,0,192,ko,자홍색,자홍,자홍,마젠타,마젠타,마젠타
0,255,4,ko,연두색,연두,연두,연두색,연두,연두
0,255,31,ko,연두색,연두,연두,초록색,초록,초록
0,255,39,ko,형광초록,형광초록,형광초록,초록색,초록,초록
255,93,0,ko,주황색,주황,주황,주황색,주황,주황
89,255,0,ko,형광연두,형광연두,형광연두,연두색,연두,연두
0,255,249,ko,청록색,청록,청록,시안,시안,시안
255,0,12,ko,빨강,빨강,빨강,빨간색,빨강,빨강
0,255,208,ko,청록색,청록,청록,청록색,청록,청록
0,2,255,ko,파란색,파랑,파랑,파란색,파랑,파랑
0,255,145,ko,민트색,민트,민트,청록색,청록,청록
255,63,0,ko,주황색,주황,주황,주황색,주황,주황
255,0,139,ko,자홍색,자홍,자홍,마젠타,마젠타,마젠타
255,127,0,ko,주황색,주황,주황,주황색,주황,주황
255,0,157,ko,분홍색,분홍,분홍,핫핑크,핫핑크,핫핑크
51,255,0,ko,연두색,연두,연두,초록색,초록,초록
255,0,163,ko,분홍색,분홍,분홍,마젠타,마젠타,마젠타
255,0,189,ko,자홍색,자홍,자홍,핫 핑크,핫 핑크,핫핑크
166,255,0,ko,연두색,연두,연두,연두색,연두,연두
139,0,255,ko,보라색,보라,보라,보라색,보라,보라
198,255,0,ko,연두색,연두,연두,연두색,연두,연두
255,87,0,ko,주황색,주황,주황,주황색,주황,주황
115,255,0,ko,연두색,연두,연두,연두색,연두,연두
88,255,0,ko,연두색,연두,연두,연두색,연두,연두
133,0,255,ko,보라색,보라,보라,보라색,보라,보라
0,255,130,ko,연두색,연두,연두,형광 초록색,형광 초록,형광초록
208,255,0,ko,연두색,연두,연두,라임색,라임,라임
125,0,255,ko,보라색,보라,보라,보라색,보라,보라
50,0,255,ko,파랑,파랑,파랑,파랑,파랑,파랑
0,28,255,ko,파랑,파랑,파랑,파랑,파랑,파랑
255,0,155,ko,자홍색,자홍,자홍,자홍색,자홍,자홍
0,255,42,ko,초록색,초록,초록,연두색,연두,연두
43,0,255,ko,파란색,파랑,파랑,파란색,파랑,파랑
73,255,0,ko,연두색,연두,연두,라임색,라임,라임
255,195,0,ko,노란색,노랑,노랑,노란색,노랑,노랑
255,140,0,ko,주황색,주황,주황,주황색,주황,주황
0,255,70,ko,초록색,초록,초록,형광 초록색,형광 초록,형광초록
116,0,255,ko,보라색,보라,보라,바이올렛색,바이올렛,바이올렛
255,251,0,ko,노랑,노랑,노랑,노란색,노랑,노랑
196,0,255,ko,보라색,보라,보라,자주색,자주,자주
56,255,0,ko,연두색,연두,연두,초록색,초록,초록
0,255,95,ko,연두색,연두,연두,형광 연두색,형광 연두,형광연두
255,3,0,ko,빨강,빨강,빨강,빨간색,빨강,빨강
255,0,197,ko,자홍색,자홍,자홍,마젠타,마젠타,마젠타
0,62,255,ko,파란색,파랑,파랑,파란색,파랑,파랑
255,0,122,ko,분홍색,분홍,분홍,핫핑크,핫핑크,핫핑크
255,138,0,ko,주황색,주황,주황,주황색,주황,주황
255,127,0,ko,주황색,주황,주황,주황색,주황,주황
255,0,192,ko,자홍색,자홍,자홍,마젠타색,마젠타,마젠타
226,0,255,ko,자주색,자주,자주,마젠타,마젠타,마젠타
0,255,58,ko,초록색,초록,초록,초록색,초록,초록
255,0,33,ko,빨강,빨강,빨강,빨간색,빨강,빨강
0,255,218,ko,민트색,민트,민트,시안색,시안,시안
0,255,45,ko,연두색,연두,연두,초록색,초록,초록
0,255,48,ko,형광초록,형광초록,형광초록,초록색,초록,초록
255,211,0,ko,노란색,노랑,노랑,노란색,노랑,노랑
255,0,239,ko,자주색,자주,자주,마젠타,마젠타,마젠타
255,0,22,ko,빨강,빨강,빨강,빨강,빨강,빨강
11,0,255,ko,파란색,파랑,파랑,파란색,파랑,파랑
255,11,0,ko,빨강,빨강,빨강,빨간색,빨강,빨강
255,0,45,ko,빨강,빨강,빨강,빨강,빨강,빨강
0,255,211,ko,청록색,청록,청록,청록색,청록,청록
0,221,255,ko,하늘색,하늘,하늘,시안색,시안,시안
255,0,245,ko,자홍색,자홍,자홍,자홍색,자홍,자홍
14,255,0,ko,초록색,초록,초록,초록색,초록,초록
104,255,0,ko,연두색,연두,연두,라임색,라임,라임
208,0,255,ko,보라색,보라,보라,마젠타,마젠타,마젠타
0,240,255,ko,청록색,청록,청록,청록색,청록,청록
0,255,241,ko,청록색,청록,청록,청록색,청록,청록
229,255,0,ko,노란색,노랑,노랑,형광 노란색,형광 노랑,형광노랑
0,67,255,ko,파란색,파랑,파랑,파란색,파랑,파랑
123,0,255,ko,보라색,보라,보라,보라색,보라,보라
255,0,15,ko,빨강,빨강,빨강,빨간색,빨강,빨강
0,179,255,ko,하늘색,하늘,하늘,밝은 파란색,밝은 파랑,밝은파랑
255,97,0,ko,주황색,주황,주황,주황색,주황,주황
162,255,0,ko,연두색,연두,연두,형광 연두색,형광 연두,형광연두
164,255,0,ko,라임색,라임,라임,라임색,라임,라임
0,255,113,ko,초록색,초록,초록,형광 초록색,형광 초록,형광초록
0,255,52,ko,연두색,연두,연두,연두색,연두,연두
155,255,0,ko,연두색,연두,연두,연두색,연두,연두
0,255,250,ko,시안,시안,시안,청록색,청록,청록
255,0,151,ko,분홍색,분홍,분홍,핑크,핑크,핑크
0,255,21,ko,형광초록,형광초록,형광초록,초록색,초록,초록
241,0,255,ko,자홍색,자홍,자홍,마젠타,마젠타,마젠타
181,0,255,ko,보라색,보라,보라,보라색,보라,보라
0,255,111,ko,초록색,초록,초록,초록색,초록,초록
243,255,0,ko,노란색,노랑,노랑,노란색,노랑,노랑
0,210,255,ko,하늘색,하늘,하늘,하늘색,하늘,하늘
255,0,24,ko,빨강,빨강,빨강,빨강,빨강,빨강
255,0,121,ko,분홍색,분홍,분홍,핫핑크,핫핑크,핫핑크
0,119,255,ko,파랑,파랑,파랑,파란색,파랑,파랑
167,0,255,ko,보라색,보라,보라,보라색,보라,보라
54,0,255,ko,파란색,파랑,파랑,파란색,파랑,파랑
0,233,255,ko,청록색,청록,청록,사이안,사이안,사이안
255,10,0,ko,빨강,빨강,빨강,빨강,빨강,빨강
255,131,0,ko,주황색,주황,주황,주황색,주황,주황
46,255,0,ko,연두색,연두,연두,초록색,초록,초록
255,0,78,ko,분홍색,분홍,분홍,핫핑크,핫핑크,핫핑크
255,136,0,ko,주황색,주황,주황,주황,주황,주황
0,229,255,ko,청록색,청록,청록,청록색,청록,청록
0,255,108,ko,민트색,민트,민트,연두색,연두,연두
0,194,255,ko,하늘색,하늘,하늘,하늘색,하늘,하늘
158,0,255,ko,보라색,보라,보라,보라색,보라,보라
255,0,5,ko,빨강,빨강,빨강,빨강,빨강,빨강
189,0,255,ko,보라색,보라,보라,보라색,보라,보라
197,255,0,ko,연두색,연두,연두,라임색,라임,라임
0,189,255,ko,하늘색,하늘,하늘,하늘색,하늘,하늘
255,0,228,ko,자홍색,자홍,자홍,마젠타,마젠타,마젠타
255,0,85,ko,분홍색,분홍,분홍,핫핑크,핫핑크,핫핑크
204,0,255,ko,보라색,보라,보라,보라색,보라,보라
255,28,0,ko,빨강,빨강,빨강,빨강,빨강,빨강
255,253,0,ko,노란색,노랑,노랑,노란색,노랑,노랑
203,255,0,ko,연두색,연두,연두,라임색,라임,라임
255,0,184,ko,자홍색,자홍,자홍,분홍색,분홍,분홍
255,0,50,ko,빨간색,빨강,빨강,빨강,빨강,빨강
0,255,119,ko,초록색,초록,초록,에메랄드색,에메랄드,에메랄드
96,255,0,ko,연두색,연두,연두,연두색,연두,연두
82,255,0,ko,연두색,연두,연두,라임색,라임,라임
72,255,0,ko,연두색,연두,연두,라임색,라임,라임
104,255,0,ko,연두색,연두,연두,연두색,연두,연두
255,113,0,ko,주황색,주황,주황,주황색,주황,주황
0,32,255,ko,파란색,파랑,파랑,파란색,파랑,파랑
0,255,114,ko,초록색,초록,초록,초록색,초록,초록
250,255,0,ko,노란색,노랑,노랑,노란색,노랑,노랑
73,0,255,ko,보라색,보라,보라,군청색,군청,군청
49,0,255,ko,파랑,파랑,파랑,파란색,파랑,파랑
0,255,12,ko,연두색,연두,연두,초록,초록,초록
11,0,255,ko,파랑,파랑,파랑,파란색,파랑,파랑
255,251,0,ko,노란색,노랑,노랑,노란색,노랑,노랑
243,0,255,ko,자홍색,자홍,자홍,마젠타,마젠타,마젠타
255,0,46,ko,빨강,빨강,빨강,빨강,빨강,빨강
111,255,0,ko,연두색,연두,연두,라임색,라임,라임
249,255,0,ko,노란색,노랑,노랑,노란색,노랑,노랑
255,0,6,ko,빨강,빨강,빨강,빨간색,빨강,빨강
57,0,255,ko,파랑,파랑,파랑,파란색,파랑,파랑
255,0,11,ko,빨강,빨강,빨강,빨간색,빨강,빨강
0,255,61,ko,초록색,초록,초록,초록색,초록,초록
0,255,174,ko,민트색,민트,민트,청록색,청록,청록
255,187,0,ko,주황색,주황,주황,주황색,주황,주황
0,153,255,ko,파란색,파랑,파랑,파란색,파랑,파랑
0,255,115,ko,초록색,초록,초록,라임색,라임,라임
255,141,0,ko,주황색,주황,주황,주황색,주황,주황
221,0,255,ko,자홍색,자홍,자홍,자홍색,자홍,자홍
0,255,14,ko,연두색,연두,연두,초록색,초록,초록
118,255,0,ko,연두색,연두,연두,연두색,연두,연두
255,94,0,ko,주황색,주황,주황,주황색,주황,주황
51,255,0,ko,초록색,초록,초록,초록,초록,초록
189,0,255,ko,보라색,보라,보라,보라색,보라,보라
255,65,0,ko,주황색,주황,주황,다홍,다홍,다홍
47,0,255,ko,파란색,파랑,파랑,파란색,파랑,파랑
0,255,170,ko,청록색,청록,청록,청록색,청록,청록
0,255,159,ko,민트색,민트,민트,에메랄드 그린,에메랄드 그린,에메랄드그린
90,255,0,ko,연두색,연두,연두,연두색,연두,연두
0,255,124,ko,초록색,초록,초록,초록색,초록,초록
0,30,255,ko,파란색,파랑,파랑,파란색,파랑,파랑
0,255,219,ko,청록색,청록,청록,청록색,청록,청록
0,181,255,ko,하늘색,하늘,하늘,하늘색,하늘,하늘
255,32,0,ko,주황색,주황,주황,빨강,빨강,빨강
66,255,0,ko,연두색,연두,연두,초록색,초록,초록
217,255,0,ko,형광노랑,형광노랑,형광노랑,형광 연두색,형광 연두,형광연두
172,0,255,ko,보라색,보라,보라,보라색,보라,보라
119,0,255,ko,보라색,보라,보라,보라색,보라,보라
0,255,94,ko,초록색,초록,초록,초록색,초록,초록
117,0,255,ko,보라색,보라,보라,보라색,보라,보라
255,84,0,ko,주황색,주황,주황,주황색,주황,주황
77,255,0,ko,연두색,연두,연두,초록색,초록,초록
197,255,0,ko,연두색,연두,연두,연두색,연두,연두
0,255,199,ko,민트색,민트,민트,민트색,민트,민트
0,255,12,ko,연두색,연두,연두,초록색,초록,초록
0,255,139,ko,청록색,청록,청록,형광 초록색,형광 초록,형광초록
34,0,255,ko,파란색,파랑,파랑,파란색,파랑,파랑
0,255,71,ko,형광초록,형광초록,형광초록,녹색,녹,녹
155,0,255,ko,보라색,보라,보라,보라색,보라,보라
9,255,0,ko,연두색,연두,연두,초록색,초록,초록
37,255,0,ko,연두색,연두,연두,형광 초록색,형광 초록,형광초록
255,0,55,ko,빨강,빨강,빨강,선홍색,선홍,선홍
14,0,255,ko,파랑,파랑,파랑,파란색,파랑,파랑
255,0,157,ko,분홍색,분홍,분홍,핫핑크,핫핑크,핫핑크
96,0,255,ko,보라색,보라,보라,보라색,보라,보라
140,255,0,ko,연두색,연두,연두,연두색,연두,연두
0,230,255,ko,청록색,청록,청록,하늘색,하늘,하늘
255,249,0,ko,노란색,노랑,노랑,노란색,노랑,노랑
0,255,166,ko,민트색,민트,민트,민트색,민트,민트
209,0,255,ko,보라색,보라,보라,마젠타,마젠타,마젠타
0,255,32,ko,초록색,초록,초록,초록색,초록,초록
255,14,0,ko,빨간색,빨강,빨강,빨간색,빨강,빨강
0,255,89,ko,형광 초록,형광 초록,형광초록,형광 초록색,형광 초록,형광초록
0,165,255,ko,하늘색,하늘,하늘,파란색,파랑,파랑
171,0,255,ko,보라색,보라,보라,보라색,보라,보라
54,255,0,ko,연두색,연두,연두,초록색,초록,초록
41,0,255,ko,파란색,파랑,파랑,파랑,파랑,파랑
0,255,194,ko,청록색,청록,청록,청록색,청록,청록
0,47,255,ko,파랑,파랑,파랑,파란색,파랑,파랑
255,78,0,ko,주황색,주황,주황,주황색,주황,주황
0,108,255,ko,파랑,파랑,파랑,파란색,파랑,파랑
253,0,255,ko,자홍색,자홍,자홍,핫핑크,핫핑크,핫핑크
0,255,220,ko,청록색,청록,청록,청록색,청록,청록
0,255,133,ko,초록색,초록,초록,밝은 초록색,밝은 초록,밝은초록
213,0,255,ko,자주색,자주,자주,자주색,자주,자주
72,0,255,ko,보라색,보라,보라,파란색,파랑,파랑
255,0,30,ko,빨강,빨강,빨강,빨강,빨강,빨강
0,86,255,ko,파랑,파랑,파랑,파랑,파랑,파랑
1,0,255,ko,파랑,파랑,파랑,파랑,파랑,파랑
70,0,255,ko,보라색,보라,보라,파란색,파랑,파랑
0,79,255,ko,파랑,파랑,파랑,파란색,파랑,파랑
255,0,198,ko,자홍색,자홍,자홍,자홍색,자홍,자홍
240,0,255,ko,자홍색,자홍,자홍,마젠타,마젠타,마젠타
0,160,255,ko,파랑,파랑,파랑,파란색,파랑,파랑
255,41,0,ko,주황색,주황,주황,빨강,빨강,빨강
255,69,0,ko,주황색,주황,주황,주황색,주황,주황
0,255,224,ko,청록색,청록,청록,터키옥색,터키옥,터키옥
211,0,255,ko,보라색,보라,보라,마젠타,마젠타,마젠타
33,255,0,ko,연두색,연두,연두,초록색,초록,초록
206,255,0,ko,라임색,라임,라임,라임색,라임,라임
221,255,0,ko,형광노랑,형광노랑,형광노랑,형광 노란색,형광 노랑,형광노랑
195,255,0,ko,형광연두,형광연두,형광연두,연두색,연두,연두
0,255,31,ko,형광초록,형광초록,형광초록,초록색,초록,초록
255,0,78,ko,분홍색,분홍,분홍,핫핑크,핫핑크,핫핑크
160,255,0,ko,연두색,연두,연두,연두색,연두,연두
255,61,0,ko,주황색,주황,주황,주황색,주황,주황
255,0,121,ko,분홍색,분홍,분홍,핫핑크,핫핑크,핫핑크
68,0,255,ko,보라색,보라,보라,코발트블루,코발트블루,코발트블루
255,0,67,ko,분홍색,분홍,분홍,자홍색,자홍,자홍
0,255,109,ko,초록색,초록,초록,초록색,초록,초록
0,255,134,ko,민트색,민트,민트,형광 초록색,형광 초록,형광초록
0,255,123,ko,형광초록,형광초록,형광초록,초록,초록,초록
0,255,130,ko,초록색,초록,초록,선명한 초록색,선명한 초록,선명한초록
255,0,37,ko,빨간색,빨강,빨강,빨간색,빨강,빨강
16,0,255,ko,파랑,파랑,파랑,파란색,파랑,파랑
58,0,255,ko,보라색,보라,보라,파랑,파랑,파랑
255,250,0,ko,노란색,노랑,노랑,노란색,노랑,노랑
255,59,0,ko,주황색,주황,주황,다홍,다홍,다홍
255,134,0,ko,주황색,주황,주황,주황색,주황,주황
0,255,43,ko,초록색,초록,초록,초록,초록,초록
255,1,0,ko,빨강,빨강,빨강,빨간색,빨강,빨강
0,255,94,ko,초록색,초록,초록,연두색,연두,연두
200,0,255,ko,보라색,보라,보라,자주색,자주,자주
255,0,175,ko,분홍색,분홍,분홍,마젠타,마젠타,마젠타
66,255,0,ko,연두색,연두,연두,초록색,초록,초록
255,109,0,ko,주황색,주황,주황,주황색,주황,주황
176,0,255,ko,보라색,보라,보라,보라색,보라,보라
0,195,255,ko,하늘색,하늘,하늘,하늘색,하늘,하늘
0,129,255,ko,파랑,파랑,파랑,파란색,파랑,파랑
255,209,0,ko,노란색,노랑,노랑,노랑,노랑,노랑
243,255,0,ko,노란색,노랑,노랑,노란색,노랑,노랑
255,193,0,ko,주황색,주황,주황,개나리색,개나리,개나리
243,0,255,ko,자홍색,자홍,자홍,자홍색,자홍,자홍
100,255,0,ko,라임색,라임,라임,연두색,연두,연두
164,255,0,ko,연두색,연두,연두,라임색,라임,라임
0,255,103,ko,연두색,연두,연두,연두색,연두,연두
255,0,77,ko,분홍색,분홍,분홍,자홍색,자홍,자홍
255,0,214,ko,자홍색,자홍,자홍,자홍색,자홍,자홍
255,66,0,ko,주황색,주황,주황,주황색,주황,주황
40,0,255,ko,파란색,파랑,파랑,파랑,파랑,파랑
255,0,30,ko,빨강,빨강,빨강,빨강,빨강,빨강
0,255,20,ko,연두색,연두,연두,초록색,초록,초록
0,205,255,ko,하늘색,하늘,하늘,하늘색,하늘,하늘
0,60,255,ko,파란색,파랑,파랑,파란색,파랑,파랑
0,255,214,ko,민트색,민트,민트,청록색,청록,청록
4,255,0,ko,초록색,초록,초록,초록색,초록,초록
255,30,0,ko,빨간색,빨강,빨강,빨강,빨강,빨강
0,255,216,ko,청록색,청록,청록,청록색,청록,청록
140,255,0,ko,연두색,연두,연두,연두색,연두,연두
9,255,0,ko,연두색,연두,연두,초록색,초록,초록
255,90,0,ko,주황색,주황,주황,주황색,주황,주황
0,187,255,ko,하늘색,하늘,하늘,파란색,파랑,파랑
255,209,0,ko,노란색,노랑,노랑,노란색,노랑,노랑
93,0,255,ko,보라색,보라,보라,파란색,파랑,파랑
255,231,0,ko,노란색,노랑,노랑,노란색,노랑,노랑
0,209,255,ko,하늘색,하늘,하늘,하늘색,하늘,하늘
255,142,0,ko,주황색,주황,주황,주황색,주황,주황
0,174,255,ko,파랑,파랑,파랑,파란색,파랑,파랑
255,0,246,ko,자홍색,자홍,자홍,마젠타,마젠타,마젠타
35,0,255,ko,파랑,파랑,파랑,파란색,파랑,파랑
162,0,255,ko,보라색,보라,보라,보라색,보라,보라
255,0,54,ko,빨강,빨강,빨강,선홍색,선홍,선홍
0,136,255,ko,파란색,파랑,파랑,파란색,파랑,파랑
255,0,193,ko,자홍색,자홍,자홍,핫핑크,핫핑크,핫핑크
255,0,173,ko,마젠타,마젠타,마젠타,핫핑크,핫핑크,핫핑크
255,0,217,ko,자홍색,자홍,자홍,마젠타,마젠타,마젠타
0,164,255,ko,파랑,파랑,파랑,파란색,파랑,파랑
0,111,255,ko,파랑,파랑,파랑,파란색,파랑,파랑
67,0,255,ko,보라색,보라,보라,파란색,파랑,파랑
139,255,0,ko,연두색,연두,연두,라임색,라임,라임
255,208,0,ko,노란색,노랑,노랑,노란색,노랑,노랑
0,55,255,ko,파란색,파랑,파랑,파란색,파랑,파랑
0,238,255,ko,청록색,청록,청록,시안,시안,시안
0,107,255,ko,파란색,파랑,파랑,파란색,파랑,파랑
0,132,255,ko,파랑,파랑,파랑,파란색,파랑,파랑
0,165,255,ko,하늘색,하늘,하늘,파란색,파랑,파랑
0,255,79,ko,초록색,초록,초록,라임색,라임,라임
0,136,255,ko,파랑,파랑,파랑,파란색,파랑,파랑
0,255,53,ko,형광초록,형광초록,형광초록,초록색,초록,초록
0,255,223,ko,청록색,청록,청록,아쿠아색,아쿠아,아쿠아
67,0,255,ko,보라색,보라,보라,파랑,파랑,파랑
0,255,191,ko,청록색,청록,청록,청록색,청록,청록
0,255,83,ko,초록색,초록,초록,초록,초록,초록
255,0,96,ko,분홍색,분홍,분홍,핫핑크,핫핑크,핫핑크
0,255,64,ko,초록색,초록,초록,초록색,초록,초록
0,255,232,ko,청록색,청록,청록,청록색,청록,청록
0,255,158,ko,민트색,민트,민트,청록색,청록,청록
255,0,39,ko,빨강,빨강,빨강,빨간색,빨강,빨강
239,255,0,ko,노란색,노랑,노랑,노란색,노랑,노랑
0,255,24,ko,초록색,초록,초록,초록색,초록,초록
97,0,255,ko,보라색,보라,보라,보라색,보라,보라
229,0,255,ko,자홍색,자홍,자홍,마젠타,마젠타,마젠타
30,255,0,ko,연두색,연두,연두,형광 초록색,형광 초록,형광초록
0,255,254,ko,청록색,청록,청록,청록색,청록,청록
0,47,255,ko,파란색,파랑,파랑,파란색,파랑,파랑
255,0,143,ko,분홍색,분홍,분홍,핫핑크,핫핑크,핫핑크
0,255,185,ko,민트색,민트,민트,청록색,청록,청록
255,0,249,ko,마젠타,마젠타,마젠타,자홍색,자홍,자홍
0,255,205,ko,청록색,청록,청록,청록색,청록,청록
70,0,255,ko,보라색,보라,보라,파란색,파랑,파랑
255,0,18,ko,빨강,빨강,빨강,빨강,빨강,빨강
0,255,247,ko,청록색,청록,청록,사이언,사이언,사이언
255,0,167,ko,자홍색,자홍,자홍,핫핑크색,핫핑크,핫핑크
0,138,255,ko,파란색,파랑,파랑,파란색,파랑,파랑
255,110,0,ko,주황색,주황,주황,주황색,주황,주황
139,0,255,ko,보라색,보라,보라,보라색,보라,보라
255,0,2,ko,빨강,빨강,빨강,빨간색,빨강,빨강
255,243,0,ko,노란색,노랑,노랑,노란색,노랑,노랑
44,255,0,ko,연두색,연두,연두,라임색,라임,라임
0,255,230,ko,민트색,민트,민트,시안색,시안,시안
0,89,255,ko,파랑,파랑,파랑,파란색,파랑,파랑
255,0,214,ko,자홍색,자홍,자홍,마젠타,마젠타,마젠타
255,0,226,ko,자홍색,자홍,자홍,핫핑크,핫핑크,핫핑크
25,0,255,ko,파랑,파랑,파랑,파란색,파랑,파랑
255,0,236,ko,자홍색,자홍,자홍,마젠타,마젠타,마젠타
0,255,115,ko,초록색,초록,초록,에메랄드색,에메랄드,에메랄드
0,255,203,ko,민트색,민트,민트,청록색,청록,청록
164,0,255,ko,보라색,보라,보라,보라색,보라,보라
255,199,0,ko,노란색,노랑,노랑,노란색,노랑,노랑
255,125,0,ko,주황색,주황,주황,주황색,주황,주황
160,255,0,ko,연두색,연두,연두,라임색,라임,라임
255,70,0,ko,주황색,주황,주황,주황색,주황,주황
255,43,0,ko,주황색,주황,주황,다홍,다홍,다홍
255,0,28,ko,빨간색,빨강,빨강,빨간색,빨강,빨강
0,32,255,ko,파란색,파랑,파랑,파랑,파랑,파랑
25,255,0,ko,연두색,연두,연두,초록색,초록,초록
255,76,0,ko,주황색,주황,주황,주황색,주황,주황
255,130,0,ko,주황색,주황,주황,주황색,주황,주황
255,0,237,ko,자홍색,자홍,자홍,마젠타,마젠타,마젠타
228,255,0,ko,노란색,노랑,노랑,노란색,노랑,노랑
0,255,50,ko,초록색,초록,초록,초록색,초록,초록
255,0,211,ko,자홍색,자홍,자홍,마젠타,마젠타,마젠타
0,255,165,ko,청록색,청록,청록,청록색,청록,청록
255,0,172,ko,자홍색,자홍,자홍,마젠타,마젠타,마젠타
0,255,232,ko,청록색,청록,청록,청록색,청록,청록
255,149,0,ko,주황색,주황,주황,주황색,주황,주황
189,255,0,ko,연두색,연두,연두,라임색,라임,라임
0,194,255,ko,하늘색,하늘,하늘,하늘색,하늘,하늘
0,228,255,ko,하늘색,하늘,하늘,청록색,청록,청록
46,0,255,ko,파랑,파랑,파랑,파란색,파랑,파랑
255,27,0,ko,빨강,빨강,빨강,빨강,빨강,빨강
255,82,0,ko,주황색,주황,주황,주황색,주황,주황
255,0,87,ko,분홍색,분홍,분홍,핫핑크,핫핑크,핫핑크
255,0,83,ko,분홍색,분홍,분홍,자홍색,자홍,자홍
42,255,0,ko,연두색,연두,연두,초록색,초록,초록
92,0,255,ko,보라색,보라,보라,보라색,보라,보라
0,11,255,ko,파란색,파랑,파랑,파란색,파랑,파랑
158,255,0,ko,연두색,연두,연두,연두색,연두,연두
0,102,255,ko,파란색,파랑,파랑,파란색,파랑,파랑
0,204,255,ko,하늘색,하늘,하늘,파란색,파랑,파랑
255,0,217,ko,자홍색,자홍,자홍,마젠타,마젠타,마젠타
36,255,0,ko,연두색,연두,연두,형광 초록색,형광 초록,형광초록
255,0,164,ko,자홍색,자홍,자홍,핫핑크,핫핑크,핫핑크
0,113,255,ko,파랑,파랑,파랑,파랑,파랑,파랑
238,0,255,ko,보라색,보라,보라,자홍색,자홍,자홍
0,174,255,ko,하늘색,하늘,하늘,파란색,파랑,파랑
255,0,19,ko,빨간색,빨강,빨강,빨간색,빨강,빨강
255,0,19,ko,빨강,빨강,빨강,빨강,빨강,빨강
255,0,107,ko,분홍색,분홍,분홍,핫핑크,핫핑크,핫핑크
0,255,221,ko,청록색,청록,청록,청록색,청록,청록
255,0,203,ko,자홍색,자홍,자홍,마젠타,마젠타,마젠타
224,255,0,ko,형광노랑,형광노랑,형광노랑,형광 노랑,형광 노랑,형광노랑
191,0,255,ko,보라색,보라,보라,보라색,보라,보라
255,0,151,ko,분홍색,분홍,분홍,마젠타,마젠타,마젠타
0,255,93,ko,연두색,연두,연두,초록색,초록,초록
16,0,255,ko,파란색,파랑,파랑,파란색,파랑,파랑
255,0,145,ko,분홍색,분홍,분홍,핫핑크,핫핑크,핫핑크
0,84,255,ko,파랑,파랑,파랑,파란색,파랑,파랑
255,0,58,ko,빨강,빨강,빨강,자홍색,자홍,자홍
0,255,79,ko,초록색,초록,초록,연두색,연두,연두
0,255,133,ko,민트색,민트,민트,초록색,초록,초록
87,255,0,ko,연두색,연두,연두,라임색,라임,라임
255,0,36,ko,빨강,빨강,빨강,빨간색,빨강,빨강
0,255,91,ko,연두색,연두,연두,형광 초록색,형광 초록,형광초록
144,0,255,ko,보라색,보라,보라,보라색,보라,보라
83,255,0,ko,연두색,연두,연두,라임색,라임,라임
228,255,0,ko,노란색,노랑,노랑,노란색,노랑,노랑
20,0,255,ko,파랑,파랑,파랑,파랑,파랑,파랑
0,255,246,ko,청록색,청록,청록,청록색,청록,청록
2,0,255,ko,파란색,파랑,파랑,파란색,파랑,파랑
255,0,14,ko,빨강,빨강,빨강,빨간색,빨강,빨강
0,255,183,ko,민트색,민트,민트,청록색,청록,청록
246,255,0,ko,노란색,노랑,노랑,노란색,노랑,노랑
0,104,255,ko,파랑,파랑,파랑,파란색,파랑,파랑
255,0,93,ko,분홍색,분홍,분홍,핫핑크,핫핑크,핫핑크
46,0,255,ko,파란색,파랑,파랑,파란색,파랑,파랑
255,254,0,ko,노란색,노랑,노랑,노란색,노랑,노랑
255,133,0,ko,주황색,주황,주황,주황색,주황,주황
0,255,144,ko,민트색,민트,민트,초록색,초록,초록
0,204,255,ko,하늘색,하늘,하늘,청록색,청록,청록
74,255,0,ko,연두색,연두,연두,연두색,연두,연두
255,4,0,ko,빨강,빨강,빨강,빨강,빨강,빨강
0,105,255,ko,파란색,파랑,파랑,파란색,파랑,파랑
0,76,255,ko,파랑,파랑,파랑,파란색,파랑,파랑
255,5,0,ko,빨강,빨강,빨강,빨강,빨강,빨강
255,58,0,ko,주황색,주황,주황,다홍색,다홍,다홍
255,92,0,ko,주황색,주황,주황,주황색,주황,주황
229,0,255,ko,보라색,보라,보라,마젠타,마젠타,마젠타
30,0,255,ko,파란색,파랑,파랑,파란색,파랑,파랑
0,255,248,ko,청록색,청록,청록,사이언,사이언,사이언
255,26,0,ko,빨간색,빨강,빨강,빨강,빨강,빨강
255,158,0,ko,주황색,주황,주황,주황색,주황,주황
0,255,71,ko,초록색,초록,초록,형광 초록색,형광 초록,형광초록
255,183,0,ko,주황색,주황,주황,주황색,주황,주황
255,0,158,ko,분홍색,분홍,분홍,핫핑크,핫핑크,핫핑크
153,255,0,ko,연두색,연두,연두,형광 연두색,형광 연두,형광연두
0,255,147,ko,민트색,민트,민트,초록색,초록,초록
255,0,142,ko,분홍색,분홍,분홍,핫핑크,핫핑크,핫핑크
255,246,0,ko,노란색,노랑,노랑,노란색,노랑,노랑
255,0,244,ko,자주색,자주,자주,마젠타,마젠타,마젠타
0,90,255,ko,파란색,파랑,파랑,파란색,파랑,파랑
255,37,0,ko,주황색,주황,주황,빨간색,빨강,빨강
255,4,0,ko,빨강,빨강,빨강,빨강,빨강,빨강
255,0,172,ko,분홍색,분홍,분홍,핫핑크,핫핑크,핫핑크
0,255,11,ko,초록색,초록,초록,초록색,초록,초록
97,0,255,ko,보라색,보라,보라,보라색,보라,보라
69,255,0,ko,연두색,연두,연두,초록색,초록,초록
255,112,0,ko,주황색,주황,주황,주황색,주황,주황
251,0,255,ko,자홍색,자홍,자홍,마젠타,마젠타,마젠타
255,0,93,ko,분홍색,분홍,분홍,핫핑크,핫핑크,핫핑크
68,0,255,ko,보라색,보라,보라,파란색,파랑,파랑
225,255,0,ko,형광노랑,형광노랑,형광노랑,노란색,노랑,노랑
0,255,132,ko,민트색,민트,민트,초록색,초록,초록
0,255,195,ko,민트색,민트,민트,청록색,청록,청록
255,0,16,ko,빨강,빨강,빨강,빨간색,빨강,빨강
255,0,246,ko,분홍색,분홍,분홍,마젠타,마젠타,마젠타
0,255,61,ko,초록색,초록,초록,형광 초록색,형광 초록,형광초록
0,235,255,ko,청록색,청록,청록,시안색,시안,시안
34,255,0,ko,연두색,연두,연두,초록색,초록,초록
255,0,20,ko,빨강,빨강,빨강,빨강,빨강,빨강
255,0,43,ko,빨강,빨강,빨강,빨강,빨강,빨강
244,255,0,ko,노란색,노랑,노랑,노란색,노랑,노랑
255,188,0,ko,주황색,주황,주황,주황색,주황,주황
0,206,255,ko,하늘색,하늘,하늘,하늘색,하늘,하늘
143,255,0,ko,연두색,연두,연두,라임색,라임,라임
0,255,162,ko,민트색,민트,민트,청록색,청록,청록
193,255,0,ko,연두색,연두,연두,연두색,연두,연두
0,233,255,ko,청록색,청록,청록,시안색,시안,시안
206,255,0,ko,형광연두,형광연두,형광연두,라임색,라임,라임
63,0,255,ko,보라색,보라,보라,파란색,파랑,파랑
0,31,255,ko,파란색,파랑,파랑,파랑,파랑,파랑
255,185,0,ko,주황색,주황,주황,주황색,주황,주황
255,0,104,ko,분홍색,분홍,분홍,핫핑크,핫핑크,핫핑크
107,0,255,ko,보라색,보라,보라,보라색,보라,보라
255,84,0,ko,주황색,주황,주황,주황색,주황,주황
176,255,0,ko,연두색,연두,연두,라임색,라임,라임
255,191,0,ko,노랑,노랑,노랑,주황색,주황,주황
0,105,255,ko,파란색,파랑,파랑,파란색,파랑,파랑
0,255,10,ko,초록색,초록,초록,초록색,초록,초록
45,0,255,ko,파랑,파랑,파랑,파란색,파랑,파랑
143,0,255,ko,보라색,보라,보라,보라색,보라,보라
220,255,0,ko,연두색,연두,연두,형광 연두,형광 연두,형광연두
255,0,26,ko,빨간색,빨강,빨강,빨강,빨강,빨강
255,0,111,ko,분홍색,분홍,분홍,핫핑크,핫핑크,핫핑크
0,255,154,ko,민트색,민트,민트,민트색,민트,민트
23,255,0,ko,연두색,연두,연두,초록색,초록,초록
255,0,221,ko,자홍색,자홍,자홍,핫핑크색,핫핑크,핫핑크
255,0,35,ko,빨강,빨강,빨강,빨간색,빨강,빨강
255,135,0,ko,주황색,주황,주황,주황색,주황,주황
103,255,0,ko,연두색,연두,연두,초록색,초록,초록
195,255,0,ko,연두색,연두,연두,연두색,연두,연두
0,136,255,ko,파랑,파랑,파랑,파란색,파랑,파랑
0,39,255,ko,파랑,파랑,파랑,파란색,파랑,파랑
0,252,255,ko,청록색,청록,청록,청록색,청록,청록
255,0,153,ko,분홍색,분홍,분홍,핫핑크,핫핑크,핫핑크
255,193,0,ko,노란색,노랑,노랑,황금색,황금,황금
255,49,0,ko,주황색,주황,주황,주홍색,주홍,주홍
255,0,251,ko,자홍색,자홍,자홍,마젠타,마젠타,마젠타
11,255,0,ko,초록색,초록,초록,초록색,초록,초록
0,106,255,ko,파란색,파랑,파랑,파랑,파랑,파랑
0,0,255,ko,파랑,파랑,파랑,파란색,파랑,파랑
131,0,255,ko,보라색,보라,보라,보라색,보라,보라
255,76,0,ko,주황색,주황,주황,주황색,주황,주황
248,255,0,ko,노란색,노랑,노랑,노란색,노랑,노랑
255,0,243,ko,자홍색,자홍,자홍,마젠타,마젠타,마젠타
0,158,255,ko,파랑,파랑,파랑,파란색,파랑,파랑
255,119,0,ko,주황색,주황,주황,주황색,주황,주황
0,233,255,ko,청록색,청록,청록,청록색,청록,청록
255,0,81,ko,분홍색,분홍,분홍,핫핑크,핫핑크,핫핑크
255,184,0,ko,주황색,주황,주황,주황색,주황,주황
28,0,255,ko,파랑,파랑,파랑,파란색,파랑,파랑
0,147,255,ko,파랑,파랑,파랑,파란색,파랑,파랑
96,255,0,ko,초록색,초록,초록,형광 연두색,형광 연두,형광연두
255,201,0,ko,노란색,노랑,노랑,노란색,노랑,노랑
241,255,0,ko,노랑,노랑,노랑,노랑,노랑,노랑
0,255,94,ko,연두색,연두,연두,초록색,초록,초록
116,0,255,ko,보라색,보라,보라,보라색,보라,보라
255,11,0,ko,빨간색,빨강,빨강,빨강,빨강,빨강
0,255,171,ko,청록색,청록,청록,청록색,청록,청록
255,0,162,ko,분홍색,분홍,분홍,핫핑크색,핫핑크,핫핑크
238,255,0,ko,노란색,노랑,노랑,노란색,노랑,노랑
8,0,255,ko,파랑,파랑,파랑,파랑,파랑,파랑
255,148,0,ko,주황색,주황,주황,주황색,주황,주황
191,255,0,ko,연두색,연두,연두,라임색,라임,라임
0,138,255,ko,파랑,파랑,파랑,파란색,파랑,파랑
255,0,87,ko,분홍색,분홍,분홍,진분홍,진분홍,진분홍
255,119,0,ko,주황색,주황,주황,주황색,주황,주황
125,0,255,ko,보라색,보라,보라,보라색,보라,보라
0,144,255,ko,파랑,파랑,파랑,파란색,파랑,파랑
0,5,255,ko,파랑,파랑,파랑,파랑,파랑,파랑
255,154,0,ko,주황색,주황,주황,주황색,주황,주황
255,0,62,ko,진홍색,진홍,진홍,마젠타,마젠타,마젠타
255,0,146,ko,분홍색,분홍,분홍,핫핑크,핫핑크,핫핑크
0,240,255,ko,청록색,청록,청록,시안,시안,시안
108,0,255,ko,보라색,보라,보라,바이올렛색,바이올렛,바이올렛
56,255,0,ko,연두색,연두,연두,형광 연두색,형광 연두,형광연두
0,255,0,ko,형광초록,형광초록,형광초록,초록색,초록,초록
0,255,204,ko,청록색,청록,청록,청록색,청록,청록
0,96,255,ko,파란색,파랑,파랑,파란색,파랑,파랑
129,255,0,ko,연두색,연두,연두,연두색,연두,연두
255,0,28,ko,빨강,빨강,빨강,빨강,빨강,빨강
0,255,16,ko,형광초록,형광초록,형광초록,형광 초록색,형광 초록,형광초록
247,0,255,ko,자홍색,자홍,자홍,마젠타,마젠타,마젠타
0,38,255,ko,파란색,파랑,파랑,파란색,파랑,파랑
155,0,255,ko,보라색,보라,보라,보라색,보라,보라
0,255,110,ko,초록색,초록,초록,초록색,초록,초록
255,0,2,ko,빨강,빨강,빨강,빨간색,빨강,빨강
52,0,255,ko,파란색,파랑,파랑,파란색,파랑,파랑
160,0,255,ko,보라색,보라,보라,보라색,보라,보라
164,255,0,ko,연두색,연두,연두,연두색,연두,연두
0,255,119,ko,연두색,연두,연두,초록,초록,초록
255,221,0,ko,노란색,노랑,노랑,노란색,노랑,노랑
0,74,255,ko,파랑,파랑,파랑,파란색,파랑,파랑
255,0,96,ko,분홍색,분홍,분홍,핫핑크,핫핑크,핫핑크
255,17,0,ko,빨강,빨강,빨강,빨간색,빨강,빨강
243,255,0,ko,노란색,노랑,노랑,노란색,노랑,노랑
0,255,149,ko,민트색,민트,민트,형광 초록색,형광 초록,형광초록
255,0,211,ko,자홍색,자홍,자홍,핫핑크,핫핑크,핫핑크
255,72,0,ko,주황색,주황,주황,주황색,주황,주황
0,255,56,ko,초록색,초록,초록,라임색,라임,라임
0,255,162,ko,민트색,민트,민트,청록색,청록,청록
255,115,0,ko,주황색,주황,주황,주황색,주황,주황
51,255,0,ko,연두색,연두,연두,초록색,초록,초록
0,220,255,ko,청록색,청록,청록,하늘색,하늘,하늘
255,0,37,ko,빨강,빨강,빨강,빨강,빨강,빨강
255,0,144,ko,분홍색,분홍,분홍,핫핑크,핫핑크,핫핑크
0,255,96,ko,형광초록,형광초록,형광초록,형광 초록색,형광 초록,형광초록
27,255,0,ko,연두색,연두,연두,형광 초록색,형광 초록,형광초록
0,76,255,ko,파랑,파랑,파랑,파란색,파랑,파랑
255,0,232,ko,자홍색,자홍,자홍,마젠타,마젠타,마젠타
0,255,85,ko,초록색,초록,초록,형광 초록색,형광 초록,형광초록
255,201,0,ko,노란색,노랑,노랑,노란색,노랑,노랑
0,215,255,ko,하늘색,하늘,하늘,파란색,파랑,파랑
194,0,255,ko,보라색,보라,보라,자주색,자주,자주
255,64,0,ko,주황색,주황,주황,주황색,주황,주황
122,255,0,ko,연두색,연두,연두,라임색,라임,라임
0,255,100,ko,형광 초록,형광 초록,형광초록,형광 초록색,형광 초록,형광초록
0,255,189,ko,청록색,청록,청록,청록색,청록,청록
255,93,0,ko,주황색,주황,주황,주황색,주황,주황
255,124,0,ko,주황색,주황,주황,주황색,주황,주황
0,255,19,ko,형광연두,형광연두,형광연두,초록,초록,초록
67,0,255,ko,보라색,보라,보라,보라색,보라,보라
230,255,0,ko,노랑,노랑,노랑,노란색,노랑,노랑
0,9,255,ko,파란색,파랑,파랑,파란색,파랑,파랑
0,255,26,ko,연두색,연두,연두,형광 초록색,형광 초록,형광초록
255,13,0,ko,빨강,빨강,빨강,빨간색,빨강,빨강
240,0,255,ko,자홍색,자홍,자홍,마젠타,마젠타,마젠타
229,255,0,ko,노란색,노랑,노랑,노란색,노랑,노랑
114,0,255,ko,보라색,보라,보라,보라,보라,보라
0,255,128,ko,형광연두,형광연두,형광연두,라임색,라임,라임
108,255,0,ko,연두색,연두,연두,라임색,라임,라임
255,8,0,ko,빨강,빨강,빨강,빨강,빨강,빨강
255,0,168,ko,자홍색,자홍,자홍,마젠타,마젠타,마젠타
255,117,0,ko,주황색,주황,주황,주황색,주황,주황
255,66,0,ko,주황색,주황,주황,주황색,주황,주황
255,0,37,ko,빨강,빨강,빨강,빨강,빨강,빨강
255,0,182,ko,자홍색,자홍,자홍,푸시아,푸시아,푸시아
255,41,0,ko,주황색,주황,주황,주홍,주홍,주홍
0,59,255,ko,파랑,파랑,파랑,파란색,파랑,파랑
0,101,255,ko,파란색,파랑,파랑,파란색,파랑,파랑
0,181,255,ko,하늘색,하늘,하늘,밝은 파란색,밝은 파랑,밝은파랑
230,0,255,ko,자홍색,자홍,자홍,마젠타,마젠타,마젠타
255,0,229,ko,자홍색,자홍,자홍,마젠타,마젠타,마젠타
255,147,0,ko,주황색,주황,주황,주황색,주황,주황
255,0,181,ko,자홍색,자홍,자홍,핫핑크,핫핑크,핫핑크
195,255,0,ko,연두색,연두,연두,라임색,라임,라임
127,0,255,ko,보라색,보라,보라,보라색,보라,보라
54,255,0,ko,연두색,연두,연두,형광 연두색,형광 연두,형광연두
0,178,255,ko,하늘색,하늘,하늘,하늘색,하늘,하늘
230,255,0,ko,연두색,연두,연두,노란색,노랑,노랑
255,0,247,ko,자홍색,자홍,자홍,마젠타,마젠타,마젠타
0,255,56,ko,초록색,초록,초록,초록색,초록,초록
255,0,67,ko,분홍색,분홍,분홍,핫핑크,핫핑크,핫핑크
0,255,33,ko,초록색,초록,초록,초록색,초록,초록
255,0,143,ko,분홍색,분홍,분홍,핫핑크,핫핑크,핫핑크
255,0,17,ko,빨강,빨강,빨강,빨강,빨강,빨강
255,0,150,ko,분홍색,분홍,분홍,마젠타,마젠타,마젠타
255,252,0,ko,노란색,노랑,노랑,노란색,노랑,노랑
255,135,0,ko,주황색,주황,주황,주황색,주황,주황
255,0,80,ko,분홍색,분홍,분홍,핫핑크,핫핑크,핫핑크
255,0,48,ko,빨강,빨강,빨강,선홍색,선홍,선홍
0,142,255,ko,파랑,파랑,파랑,파란색,파랑,파랑
255,17,0,ko,빨강,빨강,빨강,빨간색,빨강,빨강
0,199,255,ko,하늘색,하늘,하늘,하늘색,하늘,하늘
0,91,255,ko,파랑,파랑,파랑,파란색,파랑,파랑
0,103,255,ko,파란색,파랑,파랑,파란색,파랑,파랑
0,193,255,ko,하늘색,하늘,하늘,하늘색,하늘,하늘
113,0,255,ko,보라색,보라,보라,보라색,보라,보라
0,255,30,ko,연두색,연두,연두,초록색,초록,초록
255,136,0,ko,주황색,주황,주황,주황색,주황,주황
0,28,255,ko,파랑,파랑,파랑,파란색,파랑,파랑
195,255,0,ko,형광연두,형광연두,형광연두,연두색,연두,연두
255,118,0,ko,주황색,주황,주황,주황색,주황,주황
3,0,255,ko,파란색,파랑,파랑,파란색,파랑,파랑
255,0,115,ko,분홍색,분홍,분홍,핫핑크,핫핑크,핫핑크
0,255,136,ko,형광초록,형광초록,형광초록,에메랄드색,에메랄드,에메랄드
40,0,255,ko,파란색,파랑,파랑,파란색,파랑,파랑
255,0,42,ko,빨강,빨강,빨강,빨강,빨강,빨강
19,255,0,ko,초록색,초록,초록,초록색,초록,초록
0,65,255,ko,파랑,파랑,파랑,파란색,파랑,파랑
255,123,0,ko,주황색,주황,주황,주황색,주황,주황
0,58,255,ko,파랑,파랑,파랑,파란색,파랑,파랑
133,0,255,ko,보라색,보라,보라,보라색,보라,보라
80,0,255,ko,보라색,보라,보라,파란색,파랑,파랑
0,7,255,ko,파란색,파랑,파랑,파란색,파랑,파랑
255,186,0,ko,주황색,주황,주황,주황색,주황,주황
67,255,0,ko,연두색,연두,연두,형광 초록,형광 초록,형광초록
130,0,255,ko,보라색,보라,보라,보라색,보라,보라
0,255,67,ko,초록색,초록,초록,초록색,초록,초록
196,255,0,ko,연두색,연두,연두,라임색,라임,라임
16,0,255,ko,파란색,파랑,파랑,파란색,파랑,파랑
255,212,0,ko,노란색,노랑,노랑,노란색,노랑,노랑
123,255,0,ko,형광 연두색,형광 연두,형광연두,라임색,라임,라임
25,255,0,ko,형광초록,형광초록,형광초록,초록색,초록,초록
120,0,255,ko,보라색,보라,보라,보라색,보라,보라
6,0,255,ko,파란색,파랑,파랑,파란색,파랑,파랑
255,0,215,ko,자홍색,자홍,자홍,마젠타,마젠타,마젠타
0,8,255,ko,파랑,파랑,파랑,파란색,파랑,파랑
0,255,100,ko,초록색,초록,초록,연두색,연두,연두
0,34,255,ko,파랑,파랑,파랑,파란색,파랑,파랑
66,0,255,ko,보라색,보라,보라,파란색,파랑,파랑
153,0,255,ko,보라색,보라,보라,보라색,보라,보라
255,0,143,ko,분홍색,분홍,분홍,핫핑크,핫핑크,핫핑크
255,180,0,ko,주황색,주황,주황,주황색,주황,주황
255,0,121,ko,자홍색,자홍,자홍,핫핑크,핫핑크,핫핑크
29,255,0,ko,연두색,연두,연두,초록색,초록,초록
231,0,255,ko,자주색,자주,자주,마젠타,마젠타,마젠타
255,0,178,ko,분홍색,분홍,분홍,핫핑크,핫핑크,핫핑크
0,166,255,ko,하늘색,하늘,하늘,파란색,파랑,파랑
255,10,0,ko,빨강,빨강,빨강,빨강,빨강,빨강
255,0,108,ko,분홍색,분홍,분홍,진분홍,진분홍,진분홍
0,255,3,ko,초록색,초록,초록,초록색,초록,초록
0,255,143,ko,민트색,민트,민트,형광 초록,형광 초록,형광초록
1,0,255,ko,파랑,파랑,파랑,파란색,파랑,파랑
183,0,255,ko,보라색,보라,보라,보라색,보라,보라
255,170,0,ko,주황색,주황,주황,주황색,주황,주황
42,0,255,ko,파란색,파랑,파랑,파란색,파랑,파랑
228,0,255,ko,자주색,자주,자주,마젠타,마젠타,마젠타
203,255,0,ko,라임색,라임,라임,연두색,연두,연두
85,255,0,ko,형광초록,형광초록,형광초록,연두색,연두,연두
255,220,0,ko,노란색,노랑,노랑,노란색,노랑,노랑
199,255,0,ko,연두색,연두,연두,형광 연두색,형광 연두,형광연두
0,255,99,ko,연두색,연두,연두,초록색,초록,초록
0,230,255,ko,하늘색,하늘,하늘,시안색,시안,시안
255,128,0,ko,주황색,주황,주황,주황색,주황,주황
11,255,0,ko,초록색,초록,초록,초록색,초록,초록
255,0,105,ko,분홍색,분홍,분홍,핫핑크,핫핑크,핫핑크
14,0,255,ko,파랑,파랑,파랑,파란색,파랑,파랑
255,0,121,ko,분홍색,분홍,분홍,핫핑크,핫핑크,핫핑크
0,21,255,ko,파란색,파랑,파랑,파란색,파랑,파랑
255,0,56,ko,빨강,빨강,빨강,선홍색,선홍,선홍
0,73,255,ko,파란색,파랑,파랑,파랑,파랑,파랑
255,0,168,ko,분홍색,분홍,분홍,마젠타,마젠타,마젠타
0,184,255,ko,하늘색,하늘,하늘,하늘색,하늘,하늘
0,180,255,ko,하늘색,하늘,하늘,파란색,파랑,파랑
135,255,0,ko,연두색,연두,연두,라임색,라임,라임
0,255,35,ko,초록색,초록,초록,초록색,초록,초록
0,31,255,ko,파란색,파랑,파랑,파란색,파랑,파랑
37,0,255,ko,파랑,파랑,파랑,파란색,파랑,파랑
202,255,0,ko,형광연두,형광연두,형광연두,형광 연두색,형광 연두,형광연두
255,163,0,ko,주황색,주황,주황,주황색,주황,주황
255,0,96,ko,분홍색,분홍,분홍,핫핑크,핫핑크,핫핑크
255,0,3,ko,빨간색,빨강,빨강,빨강,빨강,빨강
0,255,127,ko,초록색,초록,초록,초록색,초록,초록
255,0,179,ko,자홍색,자홍,자홍,자홍색,자홍,자홍
255,0,70,ko,분홍색,분홍,분홍,핫핑크,핫핑크,핫핑크
170,0,255,ko,보라색,보라,보라,보라색,보라,보라
10,255,0,ko,형광초록,형광초록,형광초록,초록색,초록,초록
233,255,0,ko,노란색,노랑,노랑,노란색,노랑,노랑
0,59,255,ko,파란색,파랑,파랑,파란색,파랑,파랑
255,0,81,ko,분홍색,분홍,분홍,핫핑크,핫핑크,핫핑크
0,121,255,ko,파랑,파랑,파랑,파란색,파랑,파랑
255,0,20,ko,빨강,빨강,빨강,빨간색,빨강,빨강
255,0,50,ko,빨간색,빨강,빨강,선홍색,선홍,선홍
31,0,255,ko,파란색,파랑,파랑,파란색,파랑,파랑
0,83,255,ko,파랑,파랑,파랑,파란색,파랑,파랑
202,255,0,ko,연두색,연두,연두,연두색,연두,연두
232,255,0,ko,노랑,노랑,노랑,노란색,노랑,노랑
255,0,110,ko,분홍색,분홍,분홍,핫핑크,핫핑크,핫핑크
0,255,253,ko,청록색,청록,청록,아쿠아색,아쿠아,아쿠아
0,255,165,ko,청록색,청록,청록,청록색,청록,청록
255,51,0,ko,주황색,주황,주황,주황색,주황,주황
255,0,167,ko,분홍색,분홍,분홍,핫핑크,핫핑크,핫핑크
65,255,0,ko,연두색,연두,연두,라임색,라임,라임
0,255,101,ko,형광초록,형광초록,형광초록,연두색,연두,연두
255,107,0,ko,주황색,주황,주황,주황색,주황,주황
0,249,255,ko,시안,시안,시안,아쿠아색,아쿠아,아쿠아
255,0,11,ko,빨강,빨강,빨강,빨간색,빨강,빨강
67,0,255,ko,파랑보라색,파랑보라,파랑보라,파란색,파랑,파랑
0,181,255,ko,하늘색,하늘,하늘,하늘색,하늘,하늘
0,196,255,ko,하늘색,하늘,하늘,하늘색,하늘,하늘
0,144,255,ko,파란색,파랑,파랑,파란색,파랑,파랑
0,255,211,ko,청록색,청록,청록,청록색,청록,청록
255,210,0,ko,노란색,노랑,노랑,노란색,노랑,노랑
0,26,255,ko,파랑,파랑,파랑,파란색,파랑,파랑
255,182,0,ko,주황색,주황,주황,주황색,주황,주황
255,0,113,ko,분홍색,분홍,분홍,핫핑크,핫핑크,핫핑크
0,26,255,ko,파란색,파랑,파랑,파란색,파랑,파랑
0,255,50,ko,초록색,초록,초록,초록색,초록,초록
0,255,126,ko,연두색,연두,연두,형광 초록색,형광 초록,형광초록
255,250,0,ko,노란색,노랑,노랑,노란색,노랑,노랑
105,255,0,ko,연두색,연두,연두,라임색,라임,라임
75,255,0,ko,연두색,연두,연두,형광 초록색,형광 초록,형광초록
255,161,0,ko,주황색,주황,주황,주황색,주황,주황
216,0,255,ko,자주색,자주,자주,마젠타,마젠타,마젠타
0,88,255,ko,파랑,파랑,파랑,파란색,파랑,파랑
0,255,241,ko,청록색,청록,청록,청록색,청록,청록
0,33,255,ko,파란색,파랑,파랑,파란색,파랑,파랑
0,255,14,ko,연두색,연두,연두,초록색,초록,초록
255,0,123,ko,분홍색,분홍,분홍,진한 분홍색,진 분홍,진분홍
63,255,0,ko,연두색,연두,연두,형광 초록색,형광 초록,형광초록
174,255,0,ko,연두색,연두,연두,라임색,라임,라임
127,255,0,ko,연두색,연두,연두,라임색,라임,라임
195,255,0,ko,연두색,연두,연두,라임색,라임,라임
63,255,0,ko,형광초록,형광초록,형광초록,형광 초록색,형광 초록,형광초록
0,255,235,ko,청록색,청록,청록,청록색,청록,청록
255,113,0,ko,주황색,주황,주황,주황색,주황,주황
150,255,0,ko,연두색,연두,연두,연두색,연두,연두
0,46,255,ko,파란색,파랑,파랑,파란색,파랑,파랑
222,0,255,ko,보라색,보라,보라,마젠타,마젠타,마젠타
151,0,255,ko,보라색,보라,보라,보라색,보라,보라
190,255,0,ko,연두색,연두,연두,라임색,라임,라임
255,207,0,ko,노란색,노랑,노랑,노란색,노랑,노랑
255,42,0,ko,주황색,주황,주황,다홍색,다홍,다홍
86,255,0,ko,연두색,연두,연두,라임색,라임,라임
0,50,255,ko,파랑,파랑,파랑,파란색,파랑,파랑
0,255,59,ko,연두색,연두,연두,형광 초록색,형광 초록,형광초록
39,0,255,ko,파랑,파랑,파랑,파란색,파랑,파랑
255,0,96,ko,분홍색,분홍,분홍,핫핑크색,핫핑크,핫핑크
52,0,255,ko,파랑,파랑,파랑,파란색,파랑,파랑
73,255,0,ko,연두색,연두,연두,연두색,연두,연두
0,168,255,ko,파랑,파랑,파랑,하늘색,하늘,하늘
212,255,0,ko,연두색,연두,연두,형광 연두색,형광 연두,형광연두
255,155,0,ko,주황색,주황,주황,주황색,주황,주황
0,141,255,ko,파란색,파랑,파랑,파란색,파랑,파랑
0,227,255,ko,청록색,청록,청록,시안,시안,시안
178,255,0,ko,연두색,연두,연두,라임색,라임,라임
255,0,58,ko,빨간색,빨강,빨강,자홍색,자홍,자홍
0,237,255,ko,시안색,시안,시안,하늘색,하늘,하늘
0,207,255,ko,하늘색,하늘,하늘,파란색,파랑,파랑
52,0,255,ko,파란색,파랑,파랑,파랑,파랑,파랑
255,0,153,ko,분홍색,분홍,분홍,핫핑크,핫핑크,핫핑크
255,242,0,ko,노란색,노랑,노랑,노란색,노랑,노랑
255,0,174,ko,자홍색,자홍,자홍,마젠타,마젠타,마젠타
255,87,0,ko,주황색,주황,주황,주황색,주황,주황
0,240,255,ko,하늘색,하늘,하늘,하늘색,하늘,하늘
66,255,0,ko,연두색,연두,연두,초록색,초록,초록
4,0,255,ko,파랑,파랑,파랑,파랑,파랑,파랑
0,255,85,ko,연두색,연두,연두,초록색,초록,초록
255,0,29,ko,빨강,빨강,빨강,빨간색,빨강,빨강
0,101,255,ko,파랑,파랑,파랑,파랑,파랑,파랑
0,255,121,ko,형광초록,형광초록,형광초록,라임색,라임,라임
97,255,0,ko,라임색,라임,라임,라임색,라임,라임
31,0,255,ko,파란색,파랑,파랑,파랑,파랑,파랑
0,255,252,ko,청록색,청록,청록,청록색,청록,청록
82,0,255,ko,보라색,보라,보라,청보라색,청보라,청보라
255,0,56,ko,분홍색,분홍,분홍,빨강,빨강,빨강
234,255,0,ko,노란색,노랑,노랑,노란색,노랑,노랑
255,0,105,ko,분홍색,분홍,분홍,핫핑크,핫핑크,핫핑크
114,255,0,ko,연두색,연두,연두,라임색,라임,라임
0,255,28,ko,연두색,연두,연두,초록색,초록,초록
64,0,255,ko,보라색,보라,보라,청보라색,청보라,청보라
54,255,0,ko,연두색,연두,연두,초록색,초록,초록
255,238,0,ko,노란색,노랑,노랑,노란색,노랑,노랑
147,0,255,ko,보라색,보라,보라,보라색,보라,보라
255,0,254,ko,자홍색,자홍,자홍,마젠타,마젠타,마젠타
203,255,0,ko,연두색,연두,연두,형광 연두색,형광 연두,형광연두
255,150,0,ko,주황색,주황,주황,주황색,주황,주황
226,0,255,ko,보라색,보라,보라,마젠타,마젠타,마젠타
255,38,0,ko,빨간색,빨강,빨강,다홍색,다홍,다홍
218,255,0,ko,연두색,연두,연두,형광 노란색,형광 노랑,형광노랑
255,0,19,ko,빨강,빨강,빨강,빨간색,빨강,빨강
255,0,127,ko,분홍색,분홍,분홍,자홍색,자홍,자홍
0,255,218,ko,청록색,청록,청록,청록색,청록,청록
18,0,255,ko,파랑,파랑,파랑,파란색,파랑,파랑
223,0,255,ko,보라색,보라,보라,마젠타,마젠타,마젠타
255,0,172,ko,자홍색,자홍,자홍,마젠타,마젠타,마젠타
255,0,160,ko,분홍색,분홍,분홍,핫핑크,핫핑크,핫핑크
150,255,0,ko,연두색,연두,연두,라임색,라임,라임
0,255,246,ko,청록색,청록,청록,시안,시안,시안
0,255,18,ko,연두색,연두,연두,초록색,초록,초록
102,0,255,ko,보라색,보라,보라,보라색,보라,보라
0,255,131,ko,민트색,민트,민트,형광 초록색,형광 초록,형광초록
0,255,49,ko,초록색,초록,초록,초록,초록,초록
255,0,246,ko,자홍색,자홍,자홍,마젠타,마젠타,마젠타
0,26,255,ko,파랑,파랑,파랑,파란색,파랑,파랑
0,216,255,ko,하늘색,하늘,하늘,시안색,시안,시안
0,255,188,ko,민트색,민트,민트,청록색,청록,청록
252,255,0,ko,노란색,노랑,노랑,노란색,노랑,노랑
52,0,255,ko,보라색,보라,보라,파랑,파랑,파랑
58,0,255,ko,보라색,보라,보라,파란색,파랑,파랑
255,182,0,ko,주황색,주황,주황,주황색,주황,주황
96,0,255,ko,보라색,보라,보라,보라색,보라,보라
255,36,0,ko,빨강,빨강,빨강,빨간색,빨강,빨강
247,255,0,ko,노란색,노랑,노랑,노란색,노랑,노랑
0,255,40,ko,초록색,초록,초록,초록색,초록,초록
243,255,0,ko,노란색,노랑,노랑,노란색,노랑,노랑
0,255,82,ko,연두색,연두,연두,연두색,연두,연두
255,139,0,ko,주황색,주황,주황,주황색,주황,주황
38,0,255,ko,파란색,파랑,파랑,파랑,파랑,파랑
85,255,0,ko,형광초록,형광초록,형광초록,라임색,라임,라임
0,255,75,ko,초록색,초록,초록,초록색,초록,초록
218,255,0,ko,연두색,연두,연두,레몬색,레몬,레몬
255,0,172,ko,자홍색,자홍,자홍,자홍색,자홍,자홍
255,4,0,ko,빨강,빨강,빨강,빨간색,빨강,빨강
255,0,213,ko,자홍색,자홍,자홍,마젠타,마젠타,마젠타
255,0,246,ko,자홍색,자홍,자홍,마젠타,마젠타,마젠타
0,255,218,ko,청록색,청록,청록,아쿠아색,아쿠아,아쿠아
255,9,0,ko,빨간색,빨강,빨강,빨강,빨강,빨강
0,255,27,ko,초록색,초록,초록,형광 초록색,형광 초록,형광초록
255,0,156,ko,자홍색,자홍,자홍,핫핑크,핫핑크,핫핑크
0,169,255,ko,하늘색,하늘,하늘,파란색,파랑,파랑
250,0,255,ko,자홍색,자홍,자홍,마젠타,마젠타,마젠타
255,0,48,ko,빨강,빨강,빨강,선홍색,선홍,선홍
51,0,255,ko,보라색,보라,보라,코발트블루,코발트블루,코발트블루
18,0,255,ko,파랑,파랑,파랑,파란색,파랑,파랑
255,0,16,ko,빨간색,빨강,빨강,빨간색,빨강,빨강
255,162,0,ko,주황색,주황,주황,주황색,주황,주황
0,255,86,ko,초록색,초록,초록,연두색,연두,연두
127,255,0,ko,연두색,연두,연두,연두색,연두,연두
255,43,0,ko,주황색,주황,주황,다홍색,다홍,다홍
255,0,26,ko,빨강,빨강,빨강,빨강,빨강,빨강
255,75,0,ko,주황색,주황,주황,다홍색,다홍,다홍
255,97,0,ko,주황색,주황,주황,주황색,주황,주황
88,0,255,ko,보라색,보라,보라,보라,보라,보라
183,0,255,ko,보라색,보라,보라,보라색,보라,보라
90,0,255,ko,보라색,보라,보라,보라,보라,보라
0,255,196,ko,청록색,청록,청록,터콰이즈색,터콰이즈,터콰이즈
255,125,0,ko,주황색,주황,주황,주황색,주황,주황
0,255,226,ko,청록색,청록,청록,청록색,청록,청록
255,21,0,ko,빨강,빨강,빨강,빨강,빨강,빨강
89,0,255,ko,보라색,보라,보라,보라색,보라,보라
0,107,255,ko,파란색,파랑,파랑,파란색,파랑,파랑
71,0,255,ko,보라색,보라,보라,청보라색,청보라,청보라
31,0,255,ko,파란색,파랑,파랑,파랑,파랑,파랑
255,0,108,ko,분홍색,분홍,분홍,진분홍,진분홍,진분홍
255,39,0,ko,주황색,주황,주황,빨강,빨강,빨강
97,0,255,ko,보라색,보라,보라,보라색,보라,보라
0,192,255,ko,하늘색,하늘,하늘,하늘색,하늘,하늘
255,117,0,ko,주황색,주황,주황,주황색,주황,주황
255,0,145,ko,분홍색,분홍,분홍,핫핑크,핫핑크,핫핑크
0,255,6,ko,초록색,초록,초록,초록색,초록,초록
255,179,0,ko,주황색,주황,주황,주황색,주황,주황
116,255,0,ko,연두색,연두,연두,라임색,라임,라임
0,255,134,ko,초록색,초록,초록,청록색,청록,청록
255,223,0,ko,노란색,노랑,노랑,노란색,노랑,노랑
0,255,46,ko,초록색,초록,초록,초록색,초록,초록
95,0,255,ko,보라색,보라,보라,보라색,보라,보라
0,255,211,ko,청록색,청록,청록,청록색,청록,청록
0,238,255,ko,하늘색,하늘,하늘,청록색,청록,청록
0,255,35,ko,연두색,연두,연두,초록색,초록,초록
181,0,255,ko,보라색,보라,보라,보라색,보라,보라
255,0,142,ko,분홍색,분홍,분홍,핫핑크,핫핑크,핫핑크
170,0,255,ko,보라색,보라,보라,보라색,보라,보라
75,255,0,ko,연두색,연두,연두,연두색,연두,연두
255,244,0,ko,노란색,노랑,노랑,노랑,노랑,노랑
255,249,0,ko,노란색,노랑,노랑,노란색,노랑,노랑
113,255,0,ko,연두색,연두,연두,형광 연두색,형광 연두,형광연두
169,255,0,ko,라임색,라임,라임,라임색,라임,라임
255,0,196,ko,분홍색,분홍,분홍,마젠타,마젠타,마젠타
255,0,47,ko,빨강,빨강,빨강,빨간색,빨강,빨강
144,255,0,ko,형광연두,형광연두,형광연두,연두색,연두,연두
202,0,255,ko,보라색,보라,보라,마젠타,마젠타,마젠타
73,0,255,ko,보라색,보라,보라,청보라색,청보라,청보라
233,255,0,ko,노란색,노랑,노랑,노란색,노랑,노랑
0,60,255,ko,파랑,파랑,파랑,파란색,파랑,파랑
0,53,255,ko,파랑,파랑,파랑,파란색,파랑,파랑
137,255,0,ko,연두색,연두,연두,라임색,라임,라임
0,255,88,ko,형광초록,형광초록,형광초록,초록색,초록,초록
255,155,0,ko,주황색,주황,주황,주황색,주황,주황
255,27,0,ko,빨간색,빨강,빨강,빨강,빨강,빨강
0,255,215,ko,청록색,청록,청록,시안,시안,시안
90,255,0,ko,연두색,연두,연두,연두색,연두,연두
191,0,255,ko,보라색,보라,보라,마젠타,마젠타,마젠타
0,255,41,ko,초록색,초록,초록,형광 초록색,형광 초록,형광초록
132,0,255,ko,보라색,보라,보라,보라색,보라,보라
154,0,255,ko,보라색,보라,보라,보라색,보라,보라
255,0,140,ko,분홍색,분홍,분홍,핫핑크,핫핑크,핫핑크
0,255,231,ko,청록색,청록,청록,시안색,시안,시안
169,0,255,ko,보라색,보라,보라,보라색,보라,보라
0,232,255,ko,하늘색,하늘,하늘,시안색,시안,시안
0,96,255,ko,파란색,파랑,파랑,파란색,파랑,파랑
0,255,204,ko,청록색,청록,청록,청록색,청록,청록
5,0,255,ko,파랑,파랑,파랑,파란색,파랑,파랑
0,107,255,ko,파랑,파랑,파랑,파란색,파랑,파랑
232,0,255,ko,자홍색,자홍,자홍,마젠타,마젠타,마젠타
0,196,255,ko,하늘색,하늘,하늘,하늘색,하늘,하늘
0,255,64,ko,초록색,초록,초록,초록색,초록,초록
255,16,0,ko,빨강,빨강,빨강,빨간색,빨강,빨강
69,0,255,ko,보라색,보라,보라,파란색,파랑,파랑
255,0,16,ko,빨강,빨강,빨강,빨간색,빨강,빨강
255,199,0,ko,노란색,노랑,노랑,노랑,노랑,노랑
192,255,0,ko,연두색,연두,연두,라임색,라임,라임
73,0,255,ko,보라색,보라,보라,청보라색,청보라,청보라
94,0,255,ko,보라색,보라,보라,제비꽃색,제비꽃,제비꽃
246,0,255,ko,마젠타,마젠타,마젠타,자홍색,자홍,자홍
22,255,0,ko,초록색,초록,초록,초록색,초록,초록
255,0,200,ko,자홍색,자홍,자홍,마젠타색,마젠타,마젠타
255,215,0,ko,노란색,노랑,노랑,노랑,노랑,노랑
0,255,19,ko,연두색,연두,연두,초록색,초록,초록
141,0,255,ko,보라색,보라,보라,보라색,보라,보라
0,33,255,ko,파랑,파랑,파랑,파란색,파랑,파랑
254,255,0,ko,노란색,노랑,노랑,노란색,노랑,노랑
255,0,2,ko,빨간색,빨강,빨강,빨간색,빨강,빨강
0,255,242,ko,청록색,청록,청록,시안,시안,시안
0,255,37,ko,연두색,연두,연두,연두색,연두,연두
255,43,0,ko,주황색,주황,주황,다홍,다홍,다홍
255,151,0,ko,주황색,주황,주황,주황색,주황,주황
255,57,0,ko,주황색,주황,주황,다홍,다홍,다홍
255,0,121,ko,분홍색,분홍,분홍,핫핑크,핫핑크,핫핑크
181,255,0,ko,연두색,연두,연두,연두색,연두,연두
0,134,255,ko,파랑,파랑,파랑,파란색,파랑,파랑
255,187,0,ko,주황색,주황,주황,주황,주황,주황
255,199,0,ko,노란색,노랑,노랑,노란색,노랑,노랑
91,0,255,ko,보라색,보라,보라,보라색,보라,보라
191,0,255,ko,보라색,보라,보라,보라색,보라,보라
0,237,255,ko,청록색,청록,청록,시안색,시안,시안
0,255,62,ko,초록색,초록,초록,라임색,라임,라임
0,221,255,ko,청록색,청록,청록,하늘색,하늘,하늘
145,255,0,ko,연두색,연두,연두,연두색,연두,연두
255,142,0,ko,주황색,주황,주황,주황색,주황,주황
0,73,255,ko,파란색,파랑,파랑,파랑,파랑,파랑
65,255,0,ko,연두색,연두,연두,초록색,초록,초록
89,0,255,ko,보라색,보라,보라,보라색,보라,보라
255,89,0,ko,주황색,주황,주황,주황색,주황,주황
19,0,255,ko,파란색,파랑,파랑,파란색,파랑,파랑
45,0,255,ko,파랑,파랑,파랑,파랑,파랑,파랑
136,0,255,ko,보라색,보라,보라,보라색,보라,보라
0,255,64,ko,연두색,연두,연두,초록색,초록,초록
0,255,69,ko,초록색,초록,초록,초록색,초록,초록
0,252,255,ko,청록색,청록,청록,시안색,시안,시안
255,201,0,ko,노란색,노랑,노랑,노란색,노랑,노랑
255,225,0,ko,노란색,노랑,노랑,노란색,노랑,노랑
0,255,240,ko,청록색,청록,청록,시안색,시안,시안
201,0,255,ko,보라색,보라,보라,보라색,보라,보라
87,255,0,ko,연두색,연두,연두,연두색,연두,연두
235,0,255,ko,자홍색,자홍,자홍,마젠타,마젠타,마젠타
0,211,255,ko,하늘색,하늘,하늘,청록색,청록,청록
155,255,0,ko,연두색,연두,연두,연두색,연두,연두
255,191,0,ko,노란색,노랑,노랑,주황색,주황,주황
0,255,161,ko,민트색,민트,민트,청록색,청록,청록
255,0,108,ko,분홍색,분홍,분홍,핫핑크,핫핑크,핫핑크
255,209,0,ko,노란색,노랑,노랑,노란색,노랑,노랑
255,0,205,ko,자홍색,자홍,자홍,자홍색,자홍,자홍
255,0,117,ko,분홍색,분홍,분홍,핫핑크,핫핑크,핫핑크
0,255,246,ko,청록색,청록,청록,청록색,청록,청록
208,0,255,ko,보라색,보라,보라,마젠타,마젠타,마젠타
175,255,0,ko,연두색,연두,연두,라임색,라임,라임
255,54,0,ko,주황색,주황,주황,다홍색,다홍,다홍
0,255,9,ko,연두색,연두,연두,초록색,초록,초록
79,255,0,ko,연두색,연두,연두,연두색,연두,연두
245,255,0,ko,노란색,노랑,노랑,노란색,노랑,노랑
76,255,0,ko,연두색,연두,연두,연두색,연두,연두
255,75,0,ko,주황색,주황,주황,주황,주황,주황
255,0,142,ko,분홍색,분홍,분홍,분홍색,분홍,분홍
0,37,255,ko,파란색,파랑,파랑,파란색,파랑,파랑
255,108,0,ko,주황색,주황,주황,주황색,주황,주황
84,0,255,ko,보라색,보라,보라,청보라색,청보라,청보라
255,0,122,ko,분홍색,분홍,분홍,핫핑크,핫핑크,핫핑크
44,0,255,ko,파란색,파랑,파랑,파란색,파랑,파랑
255,25,0,ko,빨간색,빨강,빨강,빨간색,빨강,빨강
255,0,243,ko,자홍색,자홍,자홍,마젠타,마젠타,마젠타
14,255,0,ko,연두색,연두,연두,연두색,연두,연두
208,0,255,ko,보라색,보라,보라,마젠타색,마젠타,마젠타
0,72,255,ko,파란색,파랑,파랑,코발트블루,코발트블루,코발트블루
0,255,14,ko,연두색,연두,연두,형광 초록색,형광 초록,형광초록
0,255,103,ko,초록색,초록,초록,초록색,초록,초록
0,243,255,ko,청록색,청록,청록,시안,시안,시안
109,0,255,ko,보라색,보라,보라,보라색,보라,보라
0,206,255,ko,하늘색,하늘,하늘,하늘색,하늘,하늘
0,255,252,ko,청록색,청록,청록,청록색,청록,청록
255,0,166,ko,분홍색,분홍,분홍,마젠타,마젠타,마젠타
125,0,255,ko,보라색,보라,보라,보라색,보라,보라
255,30,0,ko,빨강,빨강,빨강,선홍색,선홍,선홍
221,0,255,ko,보라색,보라,보라,마젠타,마젠타,마젠타
0,85,255,ko,파랑,파랑,파랑,파란색,파랑,파랑
255,0,242,ko,자홍색,자홍,자홍,마젠타,마젠타,마젠타
3,0,255,ko,파랑,파랑,파랑,파란색,파랑,파랑
0,186,255,ko,하늘색,하늘,하늘,파란색,파랑,파랑
109,255,0,ko,연두색,연두,연두,라임색,라임,라임
8,0,255,ko,파랑,파랑,파랑,파란색,파랑,파랑
3,0,255,ko,파랑,파랑,파랑,파란색,파랑,파랑
0,255,248,ko,청록색,청록,청록,청록색,청록,청록
255,106,0,ko,주황색,주황,주황,주황색,주황,주황
255,0,127,ko,분홍색,분홍,분홍,핫핑크,핫핑크,핫핑크
97,0,255,ko,보라색,보라,보라,보라색,보라,보라
188,0,255,ko,보라색,보라,보라,마젠타,마젠타,마젠타
22,0,255,ko,파랑,파랑,파랑,파란색,파랑,파랑
0,255,35,ko,연두색,연두,연두,초록색,초록,초록
153,0,255,ko,보라색,보라,보라,보라색,보라,보라
0,45,255,ko,파랑,파랑,파랑,파란색,파랑,파랑
0,194,255,ko,하늘색,하늘,하늘,하늘색,하늘,하늘
0,210,255,ko,하늘색,하늘,하늘,하늘색,하늘,하늘
255,36,0,ko,빨강,빨강,빨강,다홍,다홍,다홍
255,0,54,ko,빨간색,빨강,빨강,빨강,빨강,빨강
201,255,0,ko,형광노랑,형광노랑,형광노랑,라임색,라임,라임
0,162,255,ko,하늘색,하늘,하늘,파란색,파랑,파랑
255,0,237,ko,자홍색,자홍,자홍,마젠타,마젠타,마젠타
239,0,255,ko,자홍색,자홍,자홍,마젠타,마젠타,마젠타
255,68,0,ko,주황색,주황,주황,주황색,주황,주황
0,255,136,ko,민트색,민트,민트,밝은 초록색,밝은 초록,밝은초록
255,0,102,ko,분홍색,분홍,분홍,핫핑크,핫핑크,핫핑크
0,215,255,ko,청록색,청록,청록,하늘색,하늘,하늘
153,255,0,ko,연두색,연두,연두,라임색,라임,라임
0,255,212,ko,청록색,청록,청록,청록색,청록,청록
0,105,255,ko,파란색,파랑,파랑,파란색,파랑,파랑
246,255,0,ko,노란색,노랑,노랑,노란색,노랑,노랑
255,0,0,ko,빨강,빨강,빨강,빨간색,빨강,빨강
0,62,255,ko,파란색,파랑,파랑,파란색,파랑,파랑
255,150,0,ko,주황색,주황,주황,주황색,주황,주황
110,255,0,ko,연두색,연두,연두,연두색,연두,연두
255,0,56,ko,빨간색,빨강,빨강,빨강,빨강,빨강
198,0,255,ko,보라색,보라,보라,보라색,보라,보라
33,255,0,ko,연두색,연두,연두,초록색,초록,초록
131,0,255,ko,보라색,보라,보라,보라색,보라,보라
36,255,0,ko,연두색,연두,연두,라임색,라임,라임
0,255,36,ko,연두색,연두,연두,초록색,초록,초록
203,255,0,ko,연두색,연두,연두,형광 연두색,형광 연두,형광연두
44,255,0,ko,연두색,연두,연두,초록색,초록,초록
0,165,255,ko,하늘색,하늘,하늘,파란색,파랑,파랑
0,255,105,ko,초록색,초록,초록,초록색,초록,초록
255,59,0,ko,주황색,주황,주황,주황색,주황,주황
255,0,63,ko,빨강,빨강,빨강,자홍색,자홍,자홍
255,209,0,ko,노란색,노랑,노랑,노란색,노랑,노랑
255,203,0,ko,노란색,노랑,노랑,노란색,노랑,노랑
0,238,255,ko,청록색,청록,청록,청록색,청록,청록
76,255,0,ko,연두색,연두,연두,연두색,연두,연두
0,87,255,ko,파랑,파랑,파랑,파랑,파랑,파랑
255,0,213,ko,자홍색,자홍,자홍,마젠타,마젠타,마젠타
179,0,255,ko,보라색,보라,보라,보라색,보라,보라
255,172,0,ko,주황색,주황,주황,주황색,주황,주황
255,186,0,ko,주황색,주황,주황,주황색,주황,주황
255,0,232,ko,자홍색,자홍,자홍,마젠타,마젠타,마젠타
192,255,0,ko,라임색,라임,라임,라임,라임,라임
245,255,0,ko,노란색,노랑,노랑,노랑,노랑,노랑
0,112,255,ko,파랑,파랑,파랑,파란색,파랑,파랑
1,255,0,ko,초록색,초록,초록,초록색,초록,초록
140,255,0,ko,연두색,연두,연두,라임색,라임,라임
255,0,105,ko,진홍색,진홍,진홍,핫핑크,핫핑크,핫핑크
226,255,0,ko,형광노랑,형광노랑,형광노랑,형광 노란색,형광 노랑,형광노랑
0,225,255,ko,하늘색,하늘,하늘,시안색,시안,시안
0,255,205,ko,민트색,민트,민트,청록색,청록,청록
255,0,165,ko,분홍색,분홍,분홍,핫핑크,핫핑크,핫핑크
255,0,253,ko,자홍색,자홍,자홍,마젠타,마젠타,마젠타
188,255,0,ko,연두색,연두,연두,라임색,라임,라임
194,255,0,ko,연두색,연두,연두,라임색,라임,라임
97,0,255,ko,보라색,보라,보라,보라색,보라,보라
255,0,200,ko,자홍색,자홍,자홍,마젠타,마젠타,마젠타
66,255,0,ko,초록색,초록,초록,라임색,라임,라임
255,0,8,ko,빨간색,빨강,빨강,빨강,빨강,빨강
0,255,146,ko,민트색,민트,민트,청록색,청록,청록
249,0,255,ko,자홍색,자홍,자홍,자홍색,자홍,자홍
255,0,73,ko,분홍색,분홍,분홍,마젠타,마젠타,마젠타
199,255,0,ko,연두색,연두,연두,형광 연두색,형광 연두,형광연두
210,0,255,ko,자홍색,자홍,자홍,마젠타,마젠타,마젠타
38,0,255,ko,파란색,파랑,파랑,파란색,파랑,파랑
0,65,255,ko,파랑,파랑,파랑,파란색,파랑,파랑
255,85,0,ko,주황색,주황,주황,주황색,주황,주황
255,230,0,ko,노란색,노랑,노랑,노란색,노랑,노랑
0,102,255,ko,파란색,파랑,파랑,파랑,파랑,파랑
0,231,255,ko,청록색,청록,청록,시안색,시안,시안
0,96,255,ko,파란색,파랑,파랑,파랑,파랑,파랑
0,255,45,ko,연두색,연두,연두,초록색,초록,초록
109,255,0,ko,연두색,연두,연두,라임색,라임,라임
255,0,165,ko,분홍색,분홍,분홍,마젠타,마젠타,마젠타
0,14,255,ko,파란색,파랑,파랑,파란색,파랑,파랑
255,0,157,ko,분홍색,분홍,분홍,핫핑크,핫핑크,핫핑크
255,16,0,ko,빨간색,빨강,빨강,빨간색,빨강,빨강
106,255,0,ko,연두색,연두,연두,라임색,라임,라임
175,0,255,ko,보라색,보라,보라,보라색,보라,보라
0,255,76,ko,초록색,초록,초록,밝은 초록색,밝은 초록,밝은초록
255,0,2,ko,빨강,빨강,빨강,빨강,빨강,빨강
0,255,231,ko,터키석색,터키석,터키석,시안,시안,시안
122,255,0,ko,형광 연두색,형광 연두,형광연두,연두색,연두,연두
0,255,150,ko,민트색,민트,민트,밝은 녹색,밝은 녹,밝은녹
20,0,255,ko,파란색,파랑,파랑,파란색,파랑,파랑
90,255,0,ko,연두색,연두,연두,연두색,연두,연두
203,255,0,ko,연두색,연두,연두,라임색,라임,라임
0,215,255,ko,하늘색,하늘,하늘,파란색,파랑,파랑
227,0,255,ko,자주색,자주,자주,마젠타,마젠타,마젠타
255,0,82,ko,분홍색,분홍,분홍,핫핑크,핫핑크,핫핑크
0,255,142,ko,초록색,초록,초록,형광 초록색,형광 초록,형광초록
255,0,80,ko,분홍색,분홍,분홍,핫핑크,핫핑크,핫핑크
115,255,0,ko,연두색,연두,연두,연두색,연두,연두
255,209,0,ko,노랑,노랑,노랑,노란색,노랑,노랑
255,0,94,ko,분홍색,분홍,분홍,핫핑크,핫핑크,핫핑크
0,255,0,ko,연두색,연두,연두,라임색,라임,라임
233,255,0,ko,노란색,노랑,노랑,형광 노란색,형광 노랑,형광노랑
0,255,91,ko,초록색,초록,초록,형광 초록,형광 초록,형광초록
142,0,255,ko,보라색,보라,보라,보라색,보라,보라
127,0,255,ko,보라색,보라,보라,보라색,보라,보라
255,36,0,ko,빨강,빨강,빨강,빨강,빨강,빨강
255,0,157,ko,자홍색,자홍,자홍,마젠타색,마젠타,마젠타
0,255,170,ko,민트색,민트,민트,민트색,민트,민트
255,0,1,ko,빨강,빨강,빨강,빨강,빨강,빨강
164,0,255,ko,보라색,보라,보라,보라색,보라,보라
0,255,172,ko,청록색,청록,청록,민트색,민트,민트
0,255,7,ko,초록색,초록,초록,초록색,초록,초록
255,0,187,ko,자홍색,자홍,자홍,마젠타,마젠타,마젠타
0,162,255,ko,파랑,파랑,파랑,파란색,파랑,파랑
0,213,255,ko,하늘색,하늘,하늘,하늘색,하늘,하늘
255,139,0,ko,주황색,주황,주황,주황색,주황,주황
0,16,255,ko,파란색,파랑,파랑,파랑,파랑,파랑
255,0,179,ko,자홍색,자홍,자홍,마젠타,마젠타,마젠타
255,29,0,ko,빨강,빨강,빨강,빨강,빨강,빨강
0,255,198,ko,청록색,청록,청록,사이안색,사이안,사이안
0,255,126,ko,연두색,연두,연두,라임색,라임,라임
153,0,255,ko,보라색,보라,보라,보라색,보라,보라
0,178,255,ko,하늘색,하늘,하늘,파란색,파랑,파랑
255,0,59,ko,빨강,빨강,빨강,자주색,자주,자주
0,172,255,ko,파랑,파랑,파랑,하늘색,하늘,하늘
252,255,0,ko,노란색,노랑,노랑,노란색,노랑,노랑
255,123,0,ko,주황색,주황,주황,주황색,주황,주황
0,187,255,ko,하늘색,하늘,하늘,파란색,파랑,파랑
169,255,0,ko,연두색,연두,연두,연두색,연두,연두
0,156,255,ko,파란색,파랑,파랑,파랑,파랑,파랑
20,0,255,ko,파랑,파랑,파랑,파란색,파랑,파랑
246,255,0,ko,노란색,노랑,노랑,노란색,노랑,노랑
0,255,116,ko,연두색,연두,연두,초록색,초록,초록
255,99,0,ko,주황색,주황,주황,주황색,주황,주황
0,255,65,ko,초록색,초록,초록,초록색,초록,초록
255,194,0,ko,주황색,주황,주황,노란색,노랑,노랑
255,0,210,ko,자홍색,자홍,자홍,핫핑크,핫핑크,핫핑크
0,255,201,ko,청록색,청록,청록,시안색,시안,시안
219,255,0,ko,형광 노랑,형광 노랑,형광노랑,형광 노란색,형광 노랑,형광노랑
0,255,182,ko,민트색,민트,민트,청록색,청록,청록
241,0,255,ko,자주색,자주,자주,마젠타색,마젠타,마젠타
0,162,255,ko,하늘색,하늘,하늘,파란색,파랑,파랑
0,255,164,ko,민트색,민트,민트,형광 연두색,형광 연두,형광연두
0,255,155,ko,청록색,청록,청록,민트색,민트,민트
0,67,255,ko,파랑,파랑,파랑,파란색,파랑,파랑
15,255,0,ko,연두색,연두,연두,초록색,초록,초록
103,255,0,ko,형광연두,형광연두,형광연두,라임색,라임,라임
0,180,255,ko,하늘색,하늘,하늘,파랑,파랑,파랑
255,0,42,ko,빨강,빨강,빨강,빨강,빨강,빨강
255,0,69,ko,분홍색,분홍,분홍,핫핑크,핫핑크,핫핑크
255,0,46,ko,빨강,빨강,빨강,빨강,빨강,빨강
255,0,229,ko,자홍색,자홍,자홍,핫핑크,핫핑크,핫핑크
0,210,255,ko,하늘색,하늘,하늘,하늘색,하늘,하늘
90,255,0,ko,연두색,연두,연두,연두색,연두,연두
0,255,107,ko,형광초록,형광초록,형광초록,라임색,라임,라임
71,0,255,ko,보라색,보라,보라,파랑,파랑,파랑
84,255,0,ko,형광초록,형광초록,형광초록,연두색,연두,연두
0,255,195,ko,청록색,청록,청록,청록색,청록,청록
222,0,255,ko,보라색,보라,보라,마젠타,마젠타,마젠타
66,255,0,ko,연두색,연두,연두,라임색,라임,라임
212,255,0,ko,연두색,연두,연두,형광 연두색,형광 연두,형광연두
255,138,0,ko,주황색,주황,주황,주황색,주황,주황
255,0,57,ko,빨강,빨강,빨강,선홍색,선홍,선홍
0,162,255,ko,파랑,파랑,파랑,파란색,파랑,파랑
0,255,101,ko,초록색,초록,초록,형광 초록색,형광 초록,형광초록
255,100,0,ko,주황색,주황,주황,주황색,주황,주황
255,0,220,ko,자홍색,자홍,자홍,마젠타,마젠타,마젠타
181,255,0,ko,연두색,연두,연두,연두색,연두,연두
0,255,193,ko,청록색,청록,청록,아쿠아색,아쿠아,아쿠아
0,51,255,ko,파란색,파랑,파랑,파란색,파랑,파랑
0,255,159,ko,청록색,청록,청록,형광 초록색,형광 초록,형광초록
189,0,255,ko,보라색,보라,보라,보라색,보라,보라
0,164,255,ko,파란색,파랑,파랑,파란색,파랑,파랑
255,0,165,ko,자홍색,자홍,자홍,핫핑크,핫핑크,핫핑크
255,252,0,ko,노란색,노랑,노랑,노란색,노랑,노랑
134,0,255,ko,보라색,보라,보라,보라색,보라,보라
255,75,0,ko,주황색,주황,주황,주황색,주황,주황
99,0,255,ko,보라색,보라,보라,보라색,보라,보라
255,0,218,ko,자홍색,자홍,자홍,마젠타,마젠타,마젠타
212,255,0,ko,연두색,연두,연두,형광 연두,형광 연두,형광연두
255,0,176,ko,자홍색,자홍,자홍,핫핑크,핫핑크,핫핑크
0,131,255,ko,파란색,파랑,파랑,파란색,파랑,파랑
0,255,11,ko,초록색,초록,초록,연두색,연두,연두
255,0,207,ko,자홍색,자홍,자홍,마젠타,마젠타,마젠타
155,255,0,ko,연두색,연두,연두,연두색,연두,연두
255,0,134,ko,분홍색,분홍,분홍,핫핑크,핫핑크,핫핑크
255,0,118,ko,분홍색,분홍,분홍,핫핑크,핫핑크,핫핑크
0,140,255,ko,파란색,파랑,파랑,파란색,파랑,파랑
255,60,0,ko,주황색,주황,주황,주황색,주황,주황
255,0,79,ko,분홍색,분홍,분홍,핫핑크색,핫핑크,핫핑크
255,0,80,ko,분홍색,분홍,분홍,핫핑크,핫핑크,핫핑크
255,16,0,ko,빨강,빨강,빨강,빨간색,빨강,빨강
180,255,0,ko,연두색,연두,연두,라임색,라임,라임
0,65,255,ko,파랑,파랑,파랑,파란색,파랑,파랑
193,255,0,ko,라임색,라임,라임,연두색,연두,연두
255,150,0,ko,주황색,주황,주황,주황색,주황,주황
0,255,219,ko,청록색,청록,청록,청록색,청록,청록
197,0,255,ko,보라색,보라,보라,자주색,자주,자주
255,0,196,ko,분홍색,분홍,분홍,마젠타,마젠타,마젠타
200,0,255,ko,보라색,보라,보라,자주색,자주,자주
255,209,0,ko,노랑,노랑,노랑,노란색,노랑,노랑
62,0,255,ko,보라색,보라,보라,파란색,파랑,파랑
0,255,45,ko,초록색,초록,초록,초록색,초록,초록
108,0,255,ko,보라색,보라,보라,보라색,보라,보라
96,255,0,ko,연두색,연두,연두,라임색,라임,라임
0,255,237,ko,청록색,청록,청록,청록색,청록,청록
189,0,255,ko,보라색,보라,보라,보라색,보라,보라
122,0,255,ko,보라색,보라,보라,보라색,보라,보라
129,0,255,ko,보라색,보라,보라,보라색,보라,보라
255,0,1,ko,빨강,빨강,빨강,빨간색,빨강,빨강
166,0,255,ko,보라색,보라,보라,보라색,보라,보라
0,238,255,ko,하늘색,하늘,하늘,시안색,시안,시안
255,212,0,ko,노란색,노랑,노랑,노란색,노랑,노랑
0,215,255,ko,하늘색,하늘,하늘,하늘색,하늘,하늘
255,222,0,ko,노란색,노랑,노랑,노란색,노랑,노랑
255,0,94,ko,분홍색,분홍,분홍,핫핑크,핫핑크,핫핑크
0,7,255,ko,파랑,파랑,파랑,파란색,파랑,파랑
255,0,219,ko,자홍색,자홍,자홍,마젠타,마젠타,마젠타
159,0,255,ko,보라색,보라,보라,보라색,보라,보라
0,255,14,ko,초록색,초록,초록,녹색,녹,녹
101,0,255,ko,보라색,보라,보라,보라색,보라,보라
0,56,255,ko,파랑,파랑,파랑,파란색,파랑,파랑
28,0,255,ko,파랑,파랑,파랑,파랑,파랑,파랑
255,0,95,ko,분홍색,분홍,분홍,진분홍,진분홍,진분홍
97,0,255,ko,보라색,보라,보라,보라색,보라,보라
255,0,245,ko,자홍색,자홍,자홍,마젠타,마젠타,마젠타
255,106,0,ko,주황색,주황,주황,주황색,주황,주황
255,223,0,ko,노란색,노랑,노랑,노란색,노랑,노랑
255,247,0,ko,노란색,노랑,노랑,노란색,노랑,노랑
255,225,0,ko,노란색,노랑,노랑,노란색,노랑,노랑
0,255,12,ko,초록색,초록,초록,초록색,초록,초록
0,255,113,ko,초록색,초록,초록,초록색,초록,초록
84,0,255,ko,보라색,보라,보라,보라색,보라,보라
0,22,255,ko,파란색,파랑,파랑,파란색,파랑,파랑
255,9,0,ko,빨강,빨강,빨강,빨간색,빨강,빨강
0,255,239,ko,청록색,청록,청록,청록색,청록,청록
255,220,0,ko,노란색,노랑,노랑,노랑,노랑,노랑
223,255,0,ko,노란색,노랑,노랑,형광 노랑,형광 노랑,형광노랑
231,255,0,ko,노란색,노랑,노랑,노란색,노랑,노랑
0,255,211,ko,청록색,청록,청록,청록색,청록,청록
0,255,157,ko,민트색,민트,민트,밝은 초록색,밝은 초록,밝은초록
24,255,0,ko,연두색,연두,연두,초록색,초록,초록
0,255,215,ko,민트색,민트,민트,터키색,터키,터키
18,0,255,ko,파란색,파랑,파랑,파란색,파랑,파랑
255,22,0,ko,빨강,빨강,빨강,빨강,빨강,빨강
255,126,0,ko,주황색,주황,주황,주황색,주황,주황
116,0,255,ko,보라색,보라,보라,보라색,보라,보라
255,90,0,ko,주황색,주황,주황,주황색,주황,주황
0,255,46,ko,연두색,연두,연두,초록,초록,초록
160,0,255,ko,보라색,보라,보라,보라색,보라,보라
0,123,255,ko,파란색,파랑,파랑,파랑,파랑,파랑
0,255,23,ko,초록색,초록,초록,초록색,초록,초록
0,255,37,ko,연두색,연두,연두,연두색,연두,연두
85,0,255,ko,보라색,보라,보라,청보라색,청보라,청보라
255,81,0,ko,주황색,주황,주황,주황,주황,주황
255,91,0,ko,주황색,주황,주황,주황색,주황,주황
255,0,204,ko,자홍색,자홍,자홍,마젠타색,마젠타,마젠타
255,0,31,ko,빨강,빨강,빨강,빨간색,빨강,빨강
255,60,0,ko,주황색,주황,주황,다홍,다홍,다홍
89,255,0,ko,연두색,연두,연두,라임색,라임,라임
23,0,255,ko,파랑,파랑,파랑,파란색,파랑,파랑
255,207,0,ko,노란색,노랑,노랑,노란색,노랑,노랑
0,255,254,ko,청록색,청록,청록,시안,시안,시안
51,255,0,ko,연두색,연두,연두,라임색,라임,라임
255,0,223,ko,분홍색,분홍,분홍,자홍색,자홍,자홍
0,255,22,ko,초록색,초록,초록,초록색,초록,초록
255,0,102,ko,분홍색,분홍,분홍,핫핑크,핫핑크,핫핑크
0,255,124,ko,연두색,연두,연두,라임색,라임,라임
0,255,7,ko,초록색,초록,초록,라임색,라임,라임
255,0,53,ko,빨강,빨강,빨강,빨강,빨강,빨강
28,255,0,ko,연두색,연두,연두,초록색,초록,초록
0,52,255,ko,파랑,파랑,파랑,파란색,파랑,파랑
255,0,125,ko,분홍색,분홍,분홍,핫핑크,핫핑크,핫핑크
0,255,8,ko,초록색,초록,초록,형광 초록색,형광 초록,형광초록
0,127,255,ko,파란색,파랑,파랑,파랑,파랑,파랑
0,146,255,ko,파랑,파랑,파랑,파란색,파랑,파랑
12,255,0,ko,연두색,연두,연두,초록색,초록,초록
243,255,0,ko,노란색,노랑,노랑,노란색,노랑,노랑
111,255,0,ko,연두색,연두,연두,연두색,연두,연두
0,255,52,ko,초록색,초록,초록,초록,초록,초록
4,255,0,ko,형광초록,형광초록,형광초록,초록색,초록,초록
255,52,0,ko,주황색,주황,주황,다홍색,다홍,다홍
28,255,0,ko,초록색,초록,초록,초록색,초록,초록
5,0,255,ko,파랑,파랑,파랑,파랑,파랑,파랑
0,255,211,ko,청록색,청록,청록,청록색,청록,청록
0,110,255,ko,파랑,파랑,파랑,파란색,파랑,파랑
142,0,255,ko,보라색,보라,보라,보라색,보라,보라
0,137,255,ko,파란색,파랑,파랑,하늘색,하늘,하늘
0,255,90,ko,초록색,초록,초록,라임색,라임,라임
255,0,86,ko,분홍색,분홍,분홍,핫핑크,핫핑크,핫핑크
88,255,0,ko,연두색,연두,연두,라임색,라임,라임
0,99,255,ko,파랑,파랑,파랑,파란색,파랑,파랑
0,146,255,ko,파란색,파랑,파랑,파란색,파랑,파랑
255,158,0,ko,주황색,주황,주황,주황색,주황,주황
0,255,132,ko,민트색,민트,민트,에메랄드색,에메랄드,에메랄드
180,255,0,ko,연두색,연두,연두,라임색,라임,라임
251,0,255,ko,자홍색,자홍,자홍,마젠타,마젠타,마젠타
0,255,255,ko,청록색,청록,청록,청록색,청록,청록
218,0,255,ko,자홍색,자홍,자홍,자주색,자주,자주
255,245,0,ko,노란색,노랑,노랑,노란색,노랑,노랑
77,0,255,ko,보라색,보라,보라,파란색,파랑,파랑
52,0,255,ko,파란색,파랑,파랑,파랑,파랑,파랑
0,255,89,ko,초록색,초록,초록,초록색,초록,초록
255,77,0,ko,주황색,주황,주황,주황색,주황,주황
0,255,229,ko,청록색,청록,청록,시안,시안,시안
179,0,255,ko,보라색,보라,보라,보라색,보라,보라
0,11,255,ko,파랑,파랑,파랑,파란색,파랑,파랑
28,255,0,ko,연두색,연두,연두,형광 초록색,형광 초록,형광초록
0,136,255,ko,파란색,파랑,파랑,파란색,파랑,파랑
0,255,125,ko,연두색,연두,연두,초록색,초록,초록
184,0,255,ko,보라색,보라,보라,보라색,보라,보라
0,12,255,ko,파랑,파랑,파랑,파란색,파랑,파랑
0,255,8,ko,초록색,초록,초록,초록색,초록,초록
0,8,255,ko,파란색,파랑,파랑,파란색,파랑,파랑
171,255,0,ko,연두색,연두,연두,라임색,라임,라임
0,133,255,ko,파란색,파랑,파랑,파란색,파랑,파랑
0,106,255,ko,파란색,파랑,파랑,파란색,파랑,파랑
255,141,0,ko,주황색,주황,주황,주황색,주황,주황
211,0,255,ko,보라색,보라,보라,자주색,자주,자주
56,0,255,ko,보라색,보라,보라,파란색,파랑,파랑
164,255,0,ko,연두색,연두,연두,연두색,연두,연두
0,51,255,ko,파랑,파랑,파랑,파란색,파랑,파랑
59,255,0,ko,형광 녹색,형광 녹,형광녹,초록색,초록,초록
116,0,255,ko,보라색,보라,보라,보라색,보라,보라
255,0,114,ko,분홍색,분홍,분홍,핫핑크,핫핑크,핫핑크
255,93,0,ko,주황색,주황,주황,주황색,주황,주황
238,255,0,ko,노란색,노랑,노랑,노란색,노랑,노랑
255,136,0,ko,주황색,주황,주황,주황색,주황,주황
79,255,0,ko,연두색,연두,연두,형광 초록색,형광 초록,형광초록
175,0,255,ko,보라색,보라,보라,보라색,보라,보라
0,255,13,ko,연두색,연두,연두,초록색,초록,초록
255,0,119,ko,분홍색,분홍,분홍,진분홍,진분홍,진분홍
255,9,0,ko,빨간색,빨강,빨강,빨강,빨강,빨강
245,0,255,ko,자홍색,자홍,자홍,마젠타,마젠타,마젠타
255,150,0,ko,주황색,주황,주황,주황색,주황,주황
99,255,0,ko,연두색,연두,연두,라임색,라임,라임
255,0,28,ko,빨강,빨강,빨강,빨강,빨강,빨강
0,255,82,ko,연두색,연두,연두,형광 초록색,형광 초록,형광초록
0,255,21,ko,연두색,연두,연두,초록색,초록,초록
226,255,0,ko,노란색,노랑,노랑,노랑,노랑,노랑
0,62,255,ko,파랑,파랑,파랑,파랑,파랑,파랑
82,255,0,ko,연두색,연두,연두,라임색,라임,라임
118,0,255,ko,보라색,보라,보라,보라색,보라,보라
255,129,0,ko,주황색,주황,주황,주황색,주황,주황
158,255,0,ko,연두색,연두,연두,연두색,연두,연두
0,241,255,ko,시안색,시안,시안,청록색,청록,청록
18,0,255,ko,파랑,파랑,파랑,파란색,파랑,파랑
45,0,255,ko,파랑,파랑,파랑,파랑,파랑,파랑
0,217,255,ko,청록색,청록,청록,하늘색,하늘,하늘
0,252,255,ko,청록색,청록,청록,시안색,시안,시안
0,255,131,ko,형광초록,형광초록,형광초록,연두색,연두,연두
255,159,0,ko,주황색,주황,주황,주황색,주황,주황
255,0,162,ko,자홍색,자홍,자홍,핫핑크,핫핑크,핫핑크
0,12,255,ko,파랑,파랑,파랑,파란색,파랑,파랑
139,0,255,ko,보라색,보라,보라,보라색,보라,보라
173,255,0,ko,연두색,연두,연두,연두색,연두,연두
26,0,255,ko,파란색,파랑,파랑,파란색,파랑,파랑
0,255,89,ko,형광 초록,형광 초록,형광초록,초록색,초록,초록
239,255,0,ko,노란색,노랑,노랑,노랑,노랑,노랑
3,255,0,ko,초록색,초록,초록,초록색,초록,초록
255,113,0,ko,주황색,주황,주황,주황색,주황,주황
0,255,31,ko,초록색,초록,초록,초록색,초록,초록
0,255,26,ko,연두색,연두,연두,연두색,연두,연두
255,55,0,ko,주황색,주황,주황,주황색,주황,주황
255,0,82,ko,분홍색,분홍,분홍,핑크,핑크,핑크
255,48,0,ko,주황색,주황,주황,다홍색,다홍,다홍
249,255,0,ko,노란색,노랑,노랑,노란색,노랑,노랑
19,0,255,ko,파란색,파랑,파랑,파란색,파랑,파랑
239,255,0,ko,노란색,노랑,노랑,노란색,노랑,노랑
255,0,151,ko,자홍색,자홍,자홍,핫핑크,핫핑크,핫핑크
199,0,255,ko,보라색,보라,보라,자주색,자주,자주
0,102,255,ko,파랑,파랑,파랑,파란색,파랑,파랑
255,0,206,ko,자홍색,자홍,자홍,마젠타,마젠타,마젠타
255,144,0,ko,주황색,주황,주황,주황색,주황,주황
255,87,0,ko,주황색,주황,주황,주황색,주황,주황
36,255,0,ko,연두색,연두,연두,연두색,연두,연두
153,0,255,ko,보라색,보라,보라,보라색,보라,보라
255,31,0,ko,빨간색,빨강,빨강,빨강,빨강,빨강
255,0,104,ko,분홍색,분홍,분홍,핫핑크,핫핑크,핫핑크
255,22,0,ko,빨강,빨강,빨강,빨간색,빨강,빨강
67,0,255,ko,보라색,보라,보라,청보라색,청보라,청보라
0,185,255,ko,하늘색,하늘,하늘,파란색,파랑,파랑
0,23,255,ko,파랑,파랑,파랑,파란색,파랑,파랑
1,255,0,ko,연두색,연두,연두,형광 초록색,형광 초록,형광초록
0,255,151,ko,민트색,민트,민트,청록색,청록,청록
50,255,0,ko,연두색,연두,연두,라임색,라임,라임
95,0,255,ko,보라색,보라,보라,보라색,보라,보라
0,255,107,ko,초록색,초록,초록,초록색,초록,초록
0,255,114,ko,연두색,연두,연두,형광 초록,형광 초록,형광초록
255,45,0,ko,주황색,주황,주황,빨강,빨강,빨강
75,255,0,ko,연두색,연두,연두,라임색,라임,라임
255,0,28,ko,빨강,빨강,빨강,빨간색,빨강,빨강
255,120,0,ko,주황색,주황,주황,주황색,주황,주황
255,165,0,ko,주황색,주황,주황,주황색,주황,주황
73,0,255,ko,보라색,보라,보라,파란색,파랑,파랑
53,255,0,ko,초록색,초록,초록,라임색,라임,라임
255,116,0,ko,주황색,주황,주황,주황색,주황,주황
255,240,0,ko,노란색,노랑,노랑,노란색,노랑,노랑
255,71,0,ko,주황색,주황,주황,주황색,주황,주황
255,0,41,ko,빨강,빨강,빨강,빨간색,빨강,빨강
255,0,0,ko,빨강,빨강,빨강,빨간색,빨강,빨강
0,87,255,ko,파랑,파랑,파랑,파란색,파랑,파랑
174,0,255,ko,보라색,보라,보라,보라색,보라,보라
255,0,186,ko,마젠타,마젠타,마젠타,핫핑크,핫핑크,핫핑크
41,0,255,ko,파란색,파랑,파랑,파란색,파랑,파랑
255,0,83,ko,분홍색,분홍,분홍,핫핑크,핫핑크,핫핑크
255,0,67,ko,분홍색,분홍,분홍,선홍색,선홍,선홍
73,255,0,ko,초록색,초록,초록,초록,초록,초록
204,255,0,ko,라임색,라임,라임,라임색,라임,라임
178,255,0,ko,연두색,연두,연두,라임색,라임,라임
255,106,0,ko,주황색,주황,주황,주황색,주황,주황
0,254,255,ko,청록색,청록,청록,청록색,청록,청록
215,255,0,ko,연두색,연두,연두,형광 노랑,형광 노랑,형광노랑
255,63,0,ko,주황색,주황,주황,주황색,주황,주황
255,98,0,ko,주황색,주황,주황,주황색,주황,주황
255,0,36,ko,빨강,빨강,빨강,빨강,빨강,빨강
255,161,0,ko,주황색,주황,주황,주황색,주황,주황
90,0,255,ko,보라색,보라,보라,보라색,보라,보라
255,0,68,ko,분홍색,분홍,분홍,마젠타,마젠타,마젠타
0,138,255,ko,파란색,파랑,파랑,파란색,파랑,파랑
130,255,0,ko,라임색,라임,라임,연두색,연두,연두
8,255,0,ko,초록색,초록,초록,초록색,초록,초록
255,0,247,ko,자홍색,자홍,자홍,마젠타,마젠타,마젠타
206,0,255,ko,자주색,자주,자주,마젠타색,마젠타,마젠타
75,255,0,ko,연두색,연두,연두,라임색,라임,라임
255,225,0,ko,노란색,노랑,노랑,노란색,노랑,노랑
0,149,255,ko,파란색,파랑,파랑,파란색,파랑,파랑
255,217,0,ko,노란색,노랑,노랑,노란색,노랑,노랑
242,255,0,ko,노란색,노랑,노랑,노란색,노랑,노랑
0,255,198,ko,청록색,청록,청록,청록색,청록,청록
64,0,255,ko,보라색,보라,보라,파란 보라색,파랑 보라,파랑보라
255,176,0,ko,주황색,주황,주황,주황색,주황,주황
255,99,0,ko,주황색,주황,주황,주황색,주황,주황
0,255,189,ko,청록색,청록,청록,청록색,청록,청록
0,28,255,ko,파란색,파랑,파랑,파란색,파랑,파랑
0,234,255,ko,청록색,청록,청록,청록색,청록,청록
0,255,137,ko,형광초록,형광초록,형광초록,밝은 초록색,밝은 초록,밝은초록
255,0,255,ko,분홍색,분홍,분홍,마젠타,마젠타,마젠타
191,255,0,ko,연두색,연두,연두,라임색,라임,라임
0,255,32,ko,초록색,초록,초록,초록색,초록,초록
0,255,102,ko,초록색,초록,초록,라임색,라임,라임
0,255,195,ko,청록색,청록,청록,청록색,청록,청록
255,0,130,ko,분홍색,분홍,분홍,진분홍,진분홍,진분홍
255,0,3,ko,빨강,빨강,빨강,빨강,빨강,빨강
255,0,189,ko,자홍색,자홍,자홍,마젠타색,마젠타,마젠타
0,87,255,ko,파랑,파랑,파랑,파란색,파랑,파랑
121,255,0,ko,연두색,연두,연두,연두색,연두,연두
0,255,53,ko,초록색,초록,초록,형광 초록색,형광 초록,형광초록
25,0,255,ko,파랑,파랑,파랑,파랑,파랑,파랑
0,255,146,ko,청록색,청록,청록,초록색,초록,초록
35,0,255,ko,파란색,파랑,파랑,파란색,파랑,파랑
245,255,0,ko,노란색,노랑,노랑,노란색,노랑,노랑
0,255,113,ko,초록색,초록,초록,초록색,초록,초록
255,0,124,ko,분홍색,분홍,분홍,핫핑크,핫핑크,핫핑크
98,255,0,ko,연두색,연두,연두,라임색,라임,라임
0,75,255,ko,파랑,파랑,파랑,파란색,파랑,파랑
207,255,0,ko,형광연두,형광연두,형광연두,형광 연두색,형광 연두,형광연두
0,255,205,ko,청록색,청록,청록,청록색,청록,청록
235,255,0,ko,노란색,노랑,노랑,노란색,노랑,노랑
255,160,0,ko,주황색,주황,주황,주황색,주황,주황
172,0,255,ko,보라색,보라,보라,보라색,보라,보라
0,255,124,ko,민트색,민트,민트,초록색,초록,초록
191,0,255,ko,보라색,보라,보라,보라색,보라,보라
230,0,255,ko,자홍색,자홍,자홍,마젠타,마젠타,마젠타
136,255,0,ko,연두색,연두,연두,형광 연두색,형광 연두,형광연두
0,100,255,ko,파랑,파랑,파랑,파랑,파랑,파랑
0,255,138,ko,초록색,초록,초록,초록색,초록,초록
0,255,78,ko,초록색,초록,초록,초록색,초록,초록
0,255,3,ko,초록색,초록,초록,형광 초록색,형광 초록,형광초록
94,0,255,ko,보라색,보라,보라,보라색,보라,보라
0,255,160,ko,청록색,청록,청록,청록색,청록,청록
205,255,0,ko,연두색,연두,연두,라임색,라임,라임
255,0,233,ko,자홍색,자홍,자홍,마젠타색,마젠타,마젠타
0,255,209,ko,청록색,청록,청록,청록색,청록,청록
255,174,0,ko,주황색,주황,주황,주황색,주황,주황
48,255,0,ko,연두색,연두,연두,초록색,초록,초록
0,83,255,ko,파란색,파랑,파랑,파란색,파랑,파랑
118,255,0,ko,연두색,연두,연두,라임색,라임,라임
0,50,255,ko,파란색,파랑,파랑,파랑,파랑,파랑
154,0,255,ko,보라색,보라,보라,보라색,보라,보라
0,218,255,ko,하늘색,하늘,하늘,하늘색,하늘,하늘
255,161,0,ko,주황색,주황,주황,주황색,주황,주황
31,255,0,ko,연두색,연두,연두,초록색,초록,초록
6,0,255,ko,파란색,파랑,파랑,파란색,파랑,파랑
0,255,147,ko,민트색,민트,민트,청록색,청록,청록
255,51,0,ko,주황색,주황,주황,주황,주황,주황
255,0,113,ko,분홍색,분홍,분홍,핫핑크,핫핑크,핫핑크
255,0,195,ko,자홍색,자홍,자홍,핑크,핑크,핑크
255,33,0,ko,빨강,빨강,빨강,빨강,빨강,빨강
255,0,246,ko,자홍색,자홍,자홍,마젠타,마젠타,마젠타
64,255,0,ko,연두색,연두,연두,라임색,라임,라임
98,0,255,ko,보라색,보라,보라,보라색,보라,보라
217,255,0,ko,연두색,연두,연두,형광 노랑,형광 노랑,형광노랑
194,255,0,ko,연두색,연두,연두,라임색,라임,라임
231,255,0,ko,노란색,노랑,노랑,노란색,노랑,노랑
255,82,0,ko,주황색,주황,주황,주황색,주황,주황
255,232,0,ko,노란색,노랑,노랑,노랑,노랑,노랑
0,25,255,ko,파랑,파랑,파랑,파란색,파랑,파랑
37,255,0,ko,연두색,연두,연두,초록색,초록,초록
255,0,110,ko,분홍색,분홍,분홍,핫핑크,핫핑크,핫핑크
255,219,0,ko,노랑,노랑,노랑,노란색,노랑,노랑
0,255,117,ko,연두색,연두,연두,초록색,초록,초록
255,119,0,ko,주황색,주황,주황,주황색,주황,주황
0,255,135,ko,청록색,청록,청록,형광 초록색,형광 초록,형광초록
178,255,0,ko,연두색,연두,연두,라임색,라임,라임
255,0,145,ko,분홍색,분홍,분홍,핫핑크,핫핑크,핫핑크
75,255,0,ko,연두색,연두,연두,초록색,초록,초록
0,234,255,ko,청록색,청록,청록,청록색,청록,청록
255,0,246,ko,자홍색,자홍,자홍,마젠타,마젠타,마젠타
255,0,31,ko,빨간색,빨강,빨강,빨간색,빨강,빨강
189,255,0,ko,연두색,연두,연두,라임색,라임,라임
0,255,9,ko,초록색,초록,초록,초록색,초록,초록
255,92,0,ko,주황색,주황,주황,주황색,주황,주황
0,244,255,ko,청록색,청록,청록,청록색,청록,청록
255,0,125,ko,분홍색,분홍,분홍,핫핑크,핫핑크,핫핑크
255,130,0,ko,주황색,주황,주황,주황색,주황,주황
0,7,255,ko,파란색,파랑,파랑,파란색,파랑,파랑
132,255,0,ko,연두색,연두,연두,라임색,라임,라임
0,255,74,ko,초록색,초록,초록,라임색,라임,라임
255,0,2,ko,빨강,빨강,빨강,빨간색,빨강,빨강
192,0,255,ko,보라색,보라,보라,보라색,보라,보라
0,255,215,ko,청록색,청록,청록,청록색,청록,청록
0,255,168,ko,청록색,청록,청록,청록색,청록,청록
255,0,178,ko,분홍색,분홍,분홍,핫핑크,핫핑크,핫핑크
0,255,250,ko,청록색,청록,청록,청록색,청록,청록
167,0,255,ko,보라색,보라,보라,보라색,보라,보라
0,255,70,ko,초록색,초록,초록,초록색,초록,초록
16,0,255,ko,파란색,파랑,파랑,파란색,파랑,파랑
0,255,177,ko,민트색,민트,민트,청록색,청록,청록
255,0,49,ko,빨강,빨강,빨강,빨간색,빨강,빨강
0,255,247,ko,청록색,청록,청록,청록색,청록,청록
158,0,255,ko,보라색,보라,보라,보라색,보라,보라
255,107,0,ko,주황색,주황,주황,주황색,주황,주황
0,186,255,ko,하늘색,하늘,하늘,하늘색,하늘,하늘
255,189,0,ko,노란색,노랑,노랑,귤색,귤,귤
255,0,202,ko,자홍색,자홍,자홍,마젠타,마젠타,마젠타
0,244,255,ko,청록색,청록,청록,아쿠아,아쿠아,아쿠아
255,244,0,ko,노란색,노랑,노랑,노란색,노랑,노랑
0,255,184,ko,청록색,청록,청록,청록색,청록,청록
0,255,199,ko,민트색,민트,민트,청록색,청록,청록
158,255,0,ko,연두색,연두,연두,라임색,라임,라임
255,0,246,ko,자홍색,자홍,자홍,마젠타,마젠타,마젠타
33,0,255,ko,파랑,파랑,파랑,파란색,파랑,파랑
253,255,0,ko,노란색,노랑,노랑,노란색,노랑,노랑
255,0,221,ko,자홍색,자홍,자홍,자홍색,자홍,자홍
0,0,255,ko,파랑,파랑,파랑,파란색,파랑,파랑
255,203,0,ko,노란색,노랑,노랑,노란색,노랑,노랑
199,255,0,ko,연두색,연두,연두,라임색,라임,라임
0,255,9,ko,연두색,연두,연두,초록색,초록,초록
190,255,0,ko,연두색,연두,연두,라임색,라임,라임
0,255,239,ko,청록색,청록,청록,청록색,청록,청록
86,255,0,ko,연두색,연두,연두,연두색,연두,연두
255,0,28,ko,빨강,빨강,빨강,빨간색,빨강,빨강
217,0,255,ko,보라색,보라,보라,마젠타,마젠타,마젠타
0,255,126,ko,연두색,연두,연두,밝은 초록색,밝은 초록,밝은초록
255,0,5,ko,빨강,빨강,빨강,빨강,빨강,빨강
65,0,255,ko,보라색,보라,보라,파란색,파랑,파랑
0,232,255,ko,청록색,청록,청록,청록색,청록,청록
81,255,0,ko,연두색,연두,연두,연두색,연두,연두
56,255,0,ko,라임색,라임,라임,초록색,초록,초록
178,0,255,ko,보라색,보라,보라,보라색,보라,보라
0,255,80,ko,연두색,연두,연두,초록색,초록,초록
211,0,255,ko,보라색,보라,보라,자홍색,자홍,자홍
255,0,45,ko,빨강,빨강,빨강,선홍색,선홍,선홍
144,255,0,ko,연두색,연두,연두,라임,라임,라임
38,255,0,ko,연두색,연두,연두,초록색,초록,초록
0,255,104,ko,형광초록,형광초록,형광초록,형광 초록색,형광 초록,형광초록
255,0,139,ko,분홍색,분홍,분홍,핫핑크,핫핑크,핫핑크
79,255,0,ko,연두색,연두,연두,초록색,초록,초록
255,0,154,ko,분홍색,분홍,분홍,핫핑크,핫핑크,핫핑크
255,0,247,ko,자홍색,자홍,자홍,마젠타,마젠타,마젠타
61,0,255,ko,보라색,보라,보라,파란색,파랑,파랑
234,255,0,ko,노란색,노랑,노랑,노란색,노랑,노랑
41,255,0,ko,초록색,초록,초록,라임색,라임,라임
97,0,255,ko,보라색,보라,보라,보라색,보라,보라
145,255,0,ko,연두색,연두,연두,라임색,라임,라임
0,255,202,ko,민트색,민트,민트,시안색,시안,시안
255,0,83,ko,분홍색,분홍,분홍,마젠타,마젠타,마젠타
217,0,255,ko,보라색,보라,보라,마젠타,마젠타,마젠타
0,255,39,ko,연두색,연두,연두,형광 초록색,형광 초록,형광초록
255,234,0,ko,노란색,노랑,노랑,노란색,노랑,노랑
255,86,0,ko,주황색,주황,주황,주황색,주황,주황
0,255,55,ko,연두색,연두,연두,라임색,라임,라임
233,0,255,ko,보라색,보라,보라,마젠타,마젠타,마젠타
0,232,255,ko,청록색,청록,청록,청록색,청록,청록
33,0,255,ko,파란색,파랑,파랑,파란색,파랑,파랑
35,0,255,ko,파란색,파랑,파랑,파란색,파랑,파랑
255,0,217,ko,자홍색,자홍,자홍,자홍색,자홍,자홍
227,255,0,ko,노란색,노랑,노랑,노란색,노랑,노랑
0,255,113,ko,초록색,초록,초록,형광 초록,형광 초록,형광초록
210,0,255,ko,보라색,보라,보라,자주색,자주,자주
255,93,0,ko,주황색,주황,주황,주황색,주황,주황
53,0,255,ko,파란색,파랑,파랑,파란색,파랑,파랑
0,89,255,ko,파란색,파랑,파랑,파란색,파랑,파랑
0,255,210,ko,청록색,청록,청록,사이언,사이언,사이언
255,0,107,ko,분홍색,분홍,분홍,핫핑크,핫핑크,핫핑크
175,255,0,ko,형광 연두색,형광 연두,형광연두,라임색,라임,라임
0,127,255,ko,파랑,파랑,파랑,파란색,파랑,파랑
50,255,0,ko,초록색,초록,초록,초록색,초록,초록
0,255,232,ko,청록색,청록,청록,청록색,청록,청록
255,0,93,ko,분홍색,분홍,분홍,핫핑크,핫핑크,핫핑크
59,255,0,ko,연두색,연두,연두,초록색,초록,초록
255,0,224,ko,분홍색,분홍,분홍,마젠타,마젠타,마젠타
255,212,0,ko,노란색,노랑,노랑,노랑,노랑,노랑
0,185,255,ko,하늘색,하늘,하늘,파랑,파랑,파랑
255,120,0,ko,주황색,주황,주황,주황색,주황,주황
105,0,255,ko,보라색,보라,보라,남보라색,남보라,남보라
0,255,187,ko,민트색,민트,민트,청록색,청록,청록
255,36,0,ko,빨강,빨강,빨강,선홍색,선홍,선홍
0,100,255,ko,파란색,파랑,파랑,파란색,파랑,파랑
195,0,255,ko,보라색,보라,보라,보라색,보라,보라
153,0,255,ko,보라색,보라,보라,보라색,보라,보라
255,236,0,ko,노란색,노랑,노랑,노란색,노랑,노랑
255,0,225,ko,자홍색,자홍,자홍,마젠타,마젠타,마젠타
0,255,160,ko,청록색,청록,청록,청록색,청록,청록
0,255,39,ko,형광초록,형광초록,형광초록,초록색,초록,초록
197,255,0,ko,라임색,라임,라임,라임색,라임,라임
132,255,0,ko,연두색,연두,연두,연두색,연두,연두
255,238,0,ko,노란색,노랑,노랑,노란색,노랑,노랑
0,118,255,ko,파랑,파랑,파랑,파란색,파랑,파랑
255,12,0,ko,빨강,빨강,빨강,빨간색,빨강,빨강
160,255,0,ko,연두색,연두,연두,라임색,라임,라임
255,0,93,ko,분홍색,분홍,분홍,핫핑크,핫핑크,핫핑크
0,117,255,ko,파랑,파랑,파랑,파란색,파랑,파랑
255,0,158,ko,분홍색,분홍,분홍,핫핑크,핫핑크,핫핑크
0,255,42,ko,초록색,초록,초록,초록색,초록,초록
68,255,0,ko,연두색,연두,연두,형광 초록색,형광 초록,형광초록
132,0,255,ko,보라색,보라,보라,보라색,보라,보라
255,0,187,ko,자홍색,자홍,자홍,핑크색,핑크,핑크
0,255,6,ko,연두색,연두,연두,초록색,초록,초록
93,255,0,ko,연두색,연두,연두,초록색,초록,초록
255,0,71,ko,분홍색,분홍,분홍,진홍색,진홍,진홍
255,191,0,ko,노란색,노랑,노랑,주황색,주황,주황
44,0,255,ko,파란색,파랑,파랑,파란색,파랑,파랑
255,129,0,ko,주황색,주황,주황,주황색,주황,주황
219,0,255,ko,자홍색,자홍,자홍,마젠타색,마젠타,마젠타
0,255,145,ko,청록색,청록,청록,청록색,청록,청록
255,180,0,ko,주황색,주황,주황,주황색,주황,주황
255,240,0,ko,노란색,노랑,노랑,노란색,노랑,노랑
233,0,255,ko,자홍색,자홍,자홍,마젠타,마젠타,마젠타
0,255,113,ko,형광초록,형광초록,형광초록,초록색,초록,초록
75,255,0,ko,연두색,연두,연두,연두색,연두,연두
226,255,0,ko,노랑,노랑,노랑,노랑,노랑,노랑
0,50,255,ko,파랑,파랑,파랑,파란색,파랑,파랑
34,0,255,ko,파랑,파랑,파랑,파란색,파랑,파랑
75,0,255,ko,보라색,보라,보라,남보라색,남보라,남보라
255,241,0,ko,노란색,노랑,노랑,노란색,노랑,노랑
51,255,0,ko,연두색,연두,연두,초록색,초록,초록
196,0,255,ko,보라색,보라,보라,자주색,자주,자주
255,115,0,ko,주황색,주황,주황,주황색,주황,주황
124,255,0,ko,연두색,연두,연두,라임색,라임,라임
54,255,0,ko,연두색,연두,연두,라임색,라임,라임
0,73,255,ko,파랑,파랑,파랑,파랑,파랑,파랑
0,255,4,ko,초록색,초록,초록,형광 초록색,형광 초록,형광초록
0,52,255,ko,파란색,파랑,파랑,파란색,파랑,파랑
255,71,0,ko,주황색,주황,주황,주황색,주황,주황
230,0,255,ko,자홍색,자홍,자홍,마젠타,마젠타,마젠타
0,14,255,ko,파랑,파랑,파랑,파란색,파랑,파랑
215,255,0,ko,연두색,연두,연두,라임색,라임,라임
255,195,0,ko,노란색,노랑,노랑,황금색,황금,황금
0,21,255,ko,파란색,파랑,파랑,파랑,파랑,파랑
255,0,120,ko,분홍색,분홍,분홍,핫핑크색,핫핑크,핫핑크
0,79,255,ko,파랑,파랑,파랑,파란색,파랑,파랑
255,0,201,ko,분홍색,분홍,분홍,핫핑크색,핫핑크,핫핑크
0,255,69,ko,형광초록,형광초록,형광초록,연두색,연두,연두
255,0,39,ko,빨간색,빨강,빨강,빨강,빨강,빨강
210,255,0,ko,연두색,연두,연두,형광 연두색,형광 연두,형광연두
5,0,255,ko,파랑,파랑,파랑,파란색,파랑,파랑
0,8,255,ko,파란색,파랑,파랑,파란색,파랑,파랑
243,255,0,ko,노란색,노랑,노랑,노란색,노랑,노랑
255,17,0,ko,빨강,빨강,빨강,빨간색,빨강,빨강
255,197,0,ko,노란색,노랑,노랑,노란색,노랑,노랑
125,0,255,ko,보라색,보라,보라,보라색,보라,보라
255,98,0,ko,주황색,주황,주황,주황색,주황,주황
255,0,31,ko,빨강,빨강,빨강,빨간색,빨강,빨강
0,255,235,ko,청록색,청록,청록,청록색,청록,청록
0,255,237,ko,청록색,청록,청록,청록색,청록,청록
153,0,255,ko,보라색,보라,보라,보라색,보라,보라
0,46,255,ko,파랑,파랑,파랑,파란색,파랑,파랑
224,0,255,ko,자홍색,자홍,자홍,마젠타,마젠타,마젠타
0,114,255,ko,파란색,파랑,파랑,파란색,파랑,파랑
0,255,36,ko,초록색,초록,초록,연두색,연두,연두
87,255,0,ko,연두색,연두,연두,형광 초록,형광 초록,형광초록
234,255,0,ko,노랑,노랑,노랑,노란색,노랑,노랑
0,255,143,ko,민트색,민트,민트,청록색,청록,청록
255,0,229,ko,자홍색,자홍,자홍,마젠타,마젠타,마젠타
255,0,22,ko,빨강,빨강,빨강,빨간색,빨강,빨강
214,0,255,ko,보라색,보라,보라,마젠타,마젠타,마젠타
255,0,163,ko,자홍색,자홍,자홍,핫핑크,핫핑크,핫핑크
89,0,255,ko,보라색,보라,보라,보라색,보라,보라
174,255,0,ko,연두색,연두,연두,연두색,연두,연두
44,255,0,ko,형광 초록색,형광 초록,형광초록,초록색,초록,초록
0,255,42,ko,초록색,초록,초록,초록색,초록,초록
100,255,0,ko,연두색,연두,연두,연두색,연두,연두
255,0,92,ko,분홍색,분홍,분홍,핫핑크,핫핑크,핫핑크
191,0,255,ko,보라색,보라,보라,보라색,보라,보라
255,193,0,ko,노란색,노랑,노랑,노란색,노랑,노랑
51,255,0,ko,형광초록,형광초록,형광초록,초록색,초록,초록
0,183,255,ko,하늘색,하늘,하늘,하늘색,하늘,하늘
0,255,45,ko,연두색,연두,연두,연두색,연두,연두
68,0,255,ko,보라색,보라,보라,로얄블루,로얄블루,로얄블루
0,3,255,ko,파랑,파랑,파랑,파란색,파랑,파랑
255,0,52,ko,빨강,빨강,빨강,선홍색,선홍,선홍
0,255,184,ko,청록색,청록,청록,에메랄드색,에메랄드,에메랄드
0,12,255,ko,파랑,파랑,파랑,파란색,파랑,파랑
255,29,0,ko,빨강,빨강,빨강,빨간색,빨강,빨강
133,0,255,ko,보라색,보라,보라,보라색,보라,보라
255,0,122,ko,분홍색,분홍,분홍,핫핑크색,핫핑크,핫핑크
85,0,255,ko,보라색,보라,보라,보라색,보라,보라
0,255,164,ko,청록색,청록,청록,청록색,청록,청록
255,94,0,ko,주황색,주황,주황,주황색,주황,주황
0,255,187,ko,청록색,청록,청록,청록색,청록,청록
128,0,255,ko,보라색,보라,보라,보라색,보라,보라
255,0,48,ko,빨강,빨강,빨강,빨강,빨강,빨강
104,255,0,ko,연두색,연두,연두,라임색,라임,라임
0,187,255,ko,하늘색,하늘,하늘,하늘색,하늘,하늘
255,0,228,ko,자홍색,자홍,자홍,마젠타,마젠타,마젠타
255,170,0,ko,주황색,주황,주황,주황색,주황,주황
17,255,0,ko,연두색,연두,연두,초록색,초록,초록
147,255,0,ko,라임색,라임,라임,연두색,연두,연두
151,0,255,ko,보라색,보라,보라,보라색,보라,보라
0,46,255,ko,파란색,파랑,파랑,파랑,파랑,파랑
255,91,0,ko,주황색,주황,주황,주황색,주황,주황
34,255,0,ko,연두색,연두,연두,연두색,연두,연두
126,0,255,ko,보라색,보라,보라,보라색,보라,보라
0,255,144,ko,민트색,민트,민트,민트색,민트,민트
255,97,0,ko,주황색,주황,주황,주황색,주황,주황
255,180,0,ko,주황색,주황,주황,주황색,주황,주황
0,255,180,ko,청록색,청록,청록,청록,청록,청록
107,255,0,ko,라임색,라임,라임,형광 초록색,형광 초록,형광초록
255,0,11,ko,빨강,빨강,빨강,빨강,빨강,빨강
255,169,0,ko,주황색,주황,주황,주황색,주황,주황
255,19,0,ko,빨강,빨강,빨강,빨강,빨강,빨강
255,89,0,ko,주황색,주황,주황,주황색,주황,주황
0,10,255,ko,파란색,파랑,파랑,파란색,파랑,파랑
255,192,0,ko,노란색,노랑,노랑,노란색,노랑,노랑
255,0,244,ko,자홍색,자홍,자홍,마젠타,마젠타,마젠타
151,0,255,ko,보라색,보라,보라,보라색,보라,보라
185,0,255,ko,보라색,보라,보라,보라색,보라,보라
0,255,55,ko,형광 초록,형광 초록,형광초록,초록색,초록,초록
95,0,255,ko,보라색,보라,보라,보라색,보라,보라
204,0,255,ko,보라색,보라,보라,자주색,자주,자주
125,255,0,ko,연두색,연두,연두,라임색,라임,라임
0,255,25,ko,형광초록,형광초록,형광초록,초록색,초록,초록
0,255,244,ko,청록색,청록,청록,청록색,청록,청록
0,255,99,ko,연두색,연두,연두,초록색,초록,초록
101,255,0,ko,연두색,연두,연두,연두색,연두,연두
0,41,255,ko,파랑,파랑,파랑,파란색,파랑,파랑
96,255,0,ko,연두색,연두,연두,연두색,연두,연두
0,173,255,ko,하늘색,하늘,하늘,파란색,파랑,파랑
0,38,255,ko,파랑,파랑,파랑,파란색,파랑,파랑
255,0,18,ko,빨강,빨강,빨강,빨강,빨강,빨강
255,0,231,ko,자홍색,자홍,자홍,자홍색,자홍,자홍
0,255,57,ko,형광초록,형광초록,형광초록,초록색,초록,초록
90,255,0,ko,연두색,연두,연두,초록색,초록,초록
239,0,255,ko,마젠타,마젠타,마젠타,마젠타,마젠타,마젠타
255,215,0,ko,노란색,노랑,노랑,노란색,노랑,노랑
77,255,0,ko,연두색,연두,연두,초록색,초록,초록
37,0,255,ko,파랑,파랑,파랑,파랑,파랑,파랑
255,27,0,ko,빨강,빨강,빨강,빨강,빨강,빨강
85,0,255,ko,보라색,보라,보라,청보라색,청보라,청보라
30,255,0,ko,초록색,초록,초록,초록색,초록,초록
255,0,75,ko,분홍색,분홍,분홍,핫핑크,핫핑크,핫핑크
255,249,0,ko,노란색,노랑,노랑,노란색,노랑,노랑
246,0,255,ko,마젠타,마젠타,마젠타,마젠타,마젠타,마젠타
0,179,255,ko,하늘색,하늘,하늘,하늘색,하늘,하늘
255,131,0,ko,주황색,주황,주황,주황색,주황,주황
182,255,0,ko,형광연두,형광연두,형광연두,연두색,연두,연두
255,0,12,ko,빨강,빨강,빨강,빨강,빨강,빨강
0,121,255,ko,파랑,파랑,파랑,파란색,파랑,파랑
169,255,0,ko,형광 연두,형광 연두,형광연두,연두색,연두,연두
255,13,0,ko,빨강,빨강,빨강,빨간색,빨강,빨강
0,216,255,ko,하늘색,하늘,하늘,하늘색,하늘,하늘
0,229,255,ko,청록색,청록,청록,청록색,청록,청록
0,200,255,ko,하늘색,하늘,하늘,하늘색,하늘,하늘
0,255,192,ko,민트색,민트,민트,청록색,청록,청록
0,83,255,ko,파란색,파랑,파랑,파란색,파랑,파랑
239,255,0,ko,노란색,노랑,노랑,노란색,노랑,노랑
255,0,250,ko,자홍색,자홍,자홍,자홍색,자홍,자홍
226,0,255,ko,자주색,자주,자주,마젠타,마젠타,마젠타
232,255,0,ko,노란색,노랑,노랑,노란색,노랑,노랑
0,255,193,ko,청록색,청록,청록,청록색,청록,청록
255,0,148,ko,분홍색,분홍,분홍,핫핑크,핫핑크,핫핑크
255,125,0,ko,주황색,주황,주황,주황색,주황,주황
255,151,0,ko,주황색,주황,주황,주황색,주황,주황
255,0,12,ko,빨강,빨강,빨강,빨간색,빨강,빨강
0,255,122,ko,초록색,초록,초록,라임색,라임,라임
0,255,12,ko,형광초록,형광초록,형광초록,형광 초록색,형광 초록,형광초록
255,0,40,ko,빨강,빨강,빨강,빨강,빨강,빨강
255,27,0,ko,빨간색,빨강,빨강,빨강,빨강,빨강
185,255,0,ko,연두색,연두,연두,라임색,라임,라임
255,156,0,ko,주황색,주황,주황,주황색,주황,주황
255,0,162,ko,분홍색,분홍,분홍,핑크,핑크,핑크
255,0,92,ko,분홍색,분홍,분홍,핫핑크,핫핑크,핫핑크
255,241,0,ko,노란색,노랑,노랑,노란색,노랑,노랑
218,0,255,ko,보라색,보라,보라,마젠타,마젠타,마젠타
113,0,255,ko,보라색,보라,보라,보라색,보라,보라
103,0,255,ko,보라색,보라,보라,보라,보라,보라
0,119,255,ko,파랑,파랑,파랑,파란색,파랑,파랑
0,255,175,ko,청록색,청록,청록,청록색,청록,청록
0,255,45,ko,연두색,연두,연두,초록색,초록,초록
255,0,153,ko,자홍색,자홍,자홍,핫핑크,핫핑크,핫핑크
0,134,255,ko,파랑,파랑,파랑,파란색,파랑,파랑
0,255,81,ko,초록색,초록,초록,초록색,초록,초록
223,0,255,ko,보라색,보라,보라,마젠타,마젠타,마젠타
255,0,240,ko,자주색,자주,자주,마젠타,마젠타,마젠타
247,0,255,ko,자홍색,자홍,자홍,마젠타,마젠타,마젠타
87,0,255,ko,보라색,보라,보라,바이올렛,바이올렛,바이올렛
110,0,255,ko,보라색,보라,보라,보라색,보라,보라
0,67,255,ko,파랑,파랑,파랑,파랑,파랑,파랑
236,0,255,ko,자홍색,자홍,자홍,마젠타,마젠타,마젠타
142,0,255,ko,보라색,보라,보라,보라색,보라,보라
0,255,226,ko,청록색,청록,청록,청록색,청록,청록
255,0,150,ko,분홍색,분홍,분홍,핫핑크,핫핑크,핫핑크
30,255,0,ko,연두색,연두,연두,초록색,초록,초록
251,0,255,ko,자홍색,자홍,자홍,마젠타,마젠타,마젠타
255,0,28,ko,빨강,빨강,빨강,빨강,빨강,빨강
0,255,195,ko,민트색,민트,민트,민트색,민트,민트
226,0,255,ko,자홍색,자홍,자홍,마젠타,마젠타,마젠타
118,0,255,ko,보라색,보라,보라,보라색,보라,보라
0,255,102,ko,연두색,연두,연두,형광 초록색,형광 초록,형광초록
255,240,0,ko,노란색,노랑,노랑,노란색,노랑,노랑
0,23,255,ko,파랑,파랑,파랑,파란색,파랑,파랑
255,220,0,ko,노랑,노랑,노랑,노란색,노랑,노랑
255,0,175,ko,자홍색,자홍,자홍,핫핑크,핫핑크,핫핑크
255,241,0,ko,노란색,노랑,노랑,노란색,노랑,노랑
109,255,0,ko,연두색,연두,연두,라임색,라임,라임
0,255,167,ko,민트색,민트,민트,청록색,청록,청록
255,0,193,ko,분홍색,분홍,분홍,핫핑크,핫핑크,핫핑크
0,255,44,ko,형광초록,형광초록,형광초록,초록색,초록,초록
0,5,255,ko,파랑,파랑,파랑,파랑,파랑,파랑
3,255,0,ko,초록색,초록,초록,초록색,초록,초록
255,139,0,ko,주황색,주황,주황,주황색,주황,주황
81,0,255,ko,보라색,보라,보라,보라색,보라,보라
17,255,0,ko,연두색,연두,연두,초록색,초록,초록
0,59,255,ko,파란색,파랑,파랑,파랑,파랑,파랑
158,0,255,ko,보라색,보라,보라,보라색,보라,보라
93,0,255,ko,보라색,보라,보라,남보라색,남보라,남보라
255,243,0,ko,노란색,노랑,노랑,노랑,노랑,노랑
0,165,255,ko,파랑,파랑,파랑,파란색,파랑,파랑
79,255,0,ko,연두색,연두,연두,연두색,연두,연두
38,255,0,ko,연두색,연두,연두,라임색,라임,라임
92,255,0,ko,연두색,연두,연두,라임색,라임,라임
189,0,255,ko,보라색,보라,보라,자주색,자주,자주
0,150,255,ko,파랑,파랑,파랑,파랑,파랑,파랑
0,31,255,ko,파란색,파랑,파랑,파랑,파랑,파랑
118,0,255,ko,보라색,보라,보라,바이올렛,바이올렛,바이올렛
152,0,255,ko,보라색,보라,보라,보라색,보라,보라
137,255,0,ko,연두색,연두,연두,라임색,라임,라임
218,0,255,ko,보라색,보라,보라,자홍색,자홍,자홍
255,108,0,ko,주황색,주황,주황,주황색,주황,주황
255,0,106,ko,분홍색,분홍,분홍,핫핑크,핫핑크,핫핑크
0,65,255,ko,파랑,파랑,파랑,파랑,파랑,파랑
255,77,0,ko,주황색,주황,주황,주황색,주황,주황
255,0,17,ko,빨강,빨강,빨강,빨강,빨강,빨강
0,192,255,ko,하늘색,하늘,하늘,하늘색,하늘,하늘
255,0,2,ko,빨강,빨강,빨강,빨강,빨강,빨강
255,44,0,ko,빨간색,빨강,빨강,다홍색,다홍,다홍
255,117,0,ko,주황색,주황,주황,주황색,주황,주황
255,47,0,ko,주황색,주황,주황,다홍색,다홍,다홍
0,32,255,ko,파란색,파랑,파랑,파랑,파랑,파랑
255,84,0,ko,주황색,주황,주황,주황색,주황,주황
175,255,0,ko,연두색,연두,연두,형광 초록색,형광 초록,형광초록
255,0,14,ko,빨강,빨강,빨강,빨간색,빨강,빨강
0,255,126,ko,연두색,연두,연두,초록색,초록,초록
255,195,0,ko,노란색,노랑,노랑,노란색,노랑,노랑
0,107,255,ko,파랑,파랑,파랑,파란색,파랑,파랑
9,255,0,ko,초록색,초록,초록,초록색,초록,초록
147,0,255,ko,보라색,보라,보라,보라색,보라,보라
17,0,255,ko,파랑,파랑,파랑,파란색,파랑,파랑
0,36,255,ko,파란색,파랑,파랑,파랑,파랑,파랑
0,255,51,ko,연두색,연두,연두,라임색,라임,라임
0,255,32,ko,초록색,초록,초록,초록색,초록,초록
70,0,255,ko,보라색,보라,보라,청보라색,청보라,청보라
255,0,210,ko,자홍색,자홍,자홍,마젠타,마젠타,마젠타
202,0,255,ko,보라색,보라,보라,마젠타,마젠타,마젠타
31,255,0,ko,연두색,연두,연두,초록색,초록,초록
251,255,0,ko,노란색,노랑,노랑,노란색,노랑,노랑
255,109,0,ko,주황색,주황,주황,주황,주황,주황
0,32,255,ko,파랑,파랑,파랑,파랑,파랑,파랑
162,0,255,ko,보라색,보라,보라,보라색,보라,보라
255,9,0,ko,빨강,빨강,빨강,빨강,빨강,빨강
0,255,57,ko,연두색,연두,연두,초록색,초록,초록
255,0,191,ko,자홍색,자홍,자홍,마젠타,마젠타,마젠타
236,255,0,ko,노란색,노랑,노랑,노란색,노랑,노랑
0,12,255,ko,파란색,파랑,파랑,파란색,파랑,파랑
255,0,10,ko,빨강,빨강,빨강,빨강,빨강,빨강
0,255,86,ko,형광녹색,형광녹,형광녹,형광 연두색,형광 연두,형광연두
255,14,0,ko,빨강,빨강,빨강,빨간색,빨강,빨강
0,255,152,ko,민트색,민트,민트,에메랄드색,에메랄드,에메랄드
189,0,255,ko,보라색,보라,보라,보라색,보라,보라
209,255,0,ko,형광 연두,형광 연두,형광연두,라임색,라임,라임
0,47,255,ko,파랑,파랑,파랑,파란색,파랑,파랑
255,62,0,ko,주황색,주황,주황,다홍색,다홍,다홍
255,139,0,ko,주황색,주황,주황,주황색,주황,주황
255,149,0,ko,주황색,주황,주황,주황색,주황,주황
0,136,255,ko,파랑,파랑,파랑,파랑,파랑,파랑
146,255,0,ko,연두색,연두,연두,라임색,라임,라임
42,255,0,ko,형광초록,형광초록,형광초록,형광 초록색,형광 초록,형광초록
255,53,0,ko,주황색,주황,주황,주황색,주황,주황
0,255,194,ko,청록색,청록,청록,터키색,터키,터키
0,255,170,ko,민트색,민트,민트,청록색,청록,청록
0,45,255,ko,파랑,파랑,파랑,파랑,파랑,파랑
255,0,221,ko,자홍색,자홍,자홍,마젠타,마젠타,마젠타
151,255,0,ko,연두색,연두,연두,라임색,라임,라임
255,0,93,ko,분홍색,분홍,분홍,핫핑크,핫핑크,핫핑크
0,255,127,ko,청록색,청록,청록,초록색,초록,초록
255,168,0,ko,주황색,주황,주황,주황색,주황,주황
255,235,0,ko,노란색,노랑,노랑,노란색,노랑,노랑
0,255,146,ko,민트색,민트,민트,초록색,초록,초록
255,127,0,ko,주황색,주황,주황,주황,주황,주황
0,240,255,ko,시안,시안,시안,청록색,청록,청록
0,16,255,ko,파랑,파랑,파랑,파란색,파랑,파랑
255,0,227,ko,자홍색,자홍,자홍,마젠타,마젠타,마젠타
0,255,68,ko,초록색,초록,초록,초록색,초록,초록
32,255,0,ko,형광초록,형광초록,형광초록,초록색,초록,초록
46,0,255,ko,파랑,파랑,파랑,파란색,파랑,파랑
255,0,46,ko,빨강,빨강,빨강,선홍색,선홍,선홍
0,77,255,ko,파랑,파랑,파랑,파란색,파랑,파랑
255,74,0,ko,주황색,주황,주황,주황색,주황,주황
255,250,0,ko,노란색,노랑,노랑,노란색,노랑,노랑
0,90,255,ko,파란색,파랑,파랑,파란색,파랑,파랑
0,255,202,ko,민트색,민트,민트,청록색,청록,청록
0,255,118,ko,초록색,초록,초록,청록색,청록,청록
189,255,0,ko,연두색,연두,연두,라임색,라임,라임
0,17,255,ko,파랑,파랑,파랑,파란색,파랑,파랑
255,0,32,ko,빨강,빨강,빨강,빨간색,빨강,빨강
0,190,255,ko,하늘색,하늘,하늘,하늘색,하늘,하늘
128,255,0,ko,연두색,연두,연두,연두색,연두,연두
188,0,255,ko,보라색,보라,보라,자주색,자주,자주
0,255,2,ko,초록색,초록,초록,형광 초록색,형광 초록,형광초록
0,52,255,ko,파랑,파랑,파랑,파란색,파랑,파랑
255,166,0,ko,주황색,주황,주황,주황색,주황,주황
0,255,118,ko,형광녹색,형광녹,형광녹,형광 연두색,형광 연두,형광연두
73,255,0,ko,형광초록,형광초록,형광초록,라임색,라임,라임
255,250,0,ko,노란색,노랑,노랑,노란색,노랑,노랑
255,38,0,ko,빨강,빨강,빨강,다홍색,다홍,다홍
0,202,255,ko,하늘색,하늘,하늘,시안,시안,시안
183,0,255,ko,보라색,보라,보라,보라색,보라,보라
138,0,255,ko,보라색,보라,보라,보라색,보라,보라
255,143,0,ko,주황색,주황,주황,주황색,주황,주황
0,81,255,ko,파랑,파랑,파랑,파랑,파랑,파랑
75,0,255,ko,보라색,보라,보라,보라색,보라,보라
251,0,255,ko,자홍색,자홍,자홍,마젠타,마젠타,마젠타
0,255,193,ko,민트색,민트,민트,아쿠아,아쿠아,아쿠아
255,132,0,ko,주황색,주황,주황,주황색,주황,주황
0,255,57,ko,연두색,연두,연두,초록색,초록,초록
255,0,175,ko,분홍색,분홍,분홍,마젠타,마젠타,마젠타
0,255,73,ko,초록색,초록,초록,초록색,초록,초록
255,0,99,ko,분홍색,분홍,분홍,진분홍,진분홍,진분홍
132,0,255,ko,보라색,보라,보라,보라색,보라,보라
96,0,255,ko,보라색,보라,보라,보라색,보라,보라
128,255,0,ko,연두색,연두,연두,라임색,라임,라임
255,120,0,ko,주황색,주황,주황,주황색,주황,주황
255,54,0,ko,주황색,주황,주황,다홍색,다홍,다홍
0,25,255,ko,파란색,파랑,파랑,파란색,파랑,파랑
0,218,255,ko,하늘색,하늘,하늘,아쿠아색,아쿠아,아쿠아
255,112,0,ko,주황색,주황,주황,주황색,주황,주황
255,0,144,ko,분홍색,분홍,분홍,핫핑크,핫핑크,핫핑크
182,0,255,ko,보라색,보라,보라,보라색,보라,보라
0,24,255,ko,파랑,파랑,파랑,파란색,파랑,파랑
255,38,0,ko,주황색,주황,주황,다홍색,다홍,다홍
255,218,0,ko,노란색,노랑,노랑,노란색,노랑,노랑
255,203,0,ko,노란색,노랑,노랑,노란색,노랑,노랑
0,131,255,ko,파랑,파랑,파랑,파란색,파랑,파랑
0,255,109,ko,연두색,연두,연두,형광 초록,형광 초록,형광초록
209,255,0,ko,연두색,연두,연두,라임색,라임,라임
0,216,255,ko,하늘색,하늘,하늘,하늘색,하늘,하늘
209,0,255,ko,보라색,보라,보라,자주색,자주,자주
201,0,255,ko,보라색,보라,보라,마젠타,마젠타,마젠타
0,135,255,ko,파랑,파랑,파랑,파란색,파랑,파랑
99,255,0,ko,연두색,연두,연두,라임색,라임,라임
255,0,123,ko,분홍색,분홍,분홍,핫핑크,핫핑크,핫핑크
0,6,255,ko,파랑,파랑,파랑,파란색,파랑,파랑
63,255,0,ko,연두색,연두,연두,초록색,초록,초록
0,255,35,ko,형광초록,형광초록,형광초록,초록색,초록,초록
255,0,0,ko,빨강,빨강,빨강,빨강,빨강,빨강
255,26,0,ko,빨강,빨강,빨강,빨강,빨강,빨강
0,70,255,ko,파란색,파랑,파랑,파란색,파랑,파랑
255,0,148,ko,분홍색,분홍,분홍,자홍색,자홍,자홍
195,255,0,ko,형광연두,형광연두,형광연두,형광 연두색,형광 연두,형광연두
255,22,0,ko,빨강,빨강,빨강,빨간색,빨강,빨강
255,250,0,ko,노랑,노랑,노랑,노랑,노랑,노랑
39,255,0,ko,연두색,연두,연두,초록색,초록,초록
0,10,255,ko,파랑,파랑,파랑,파란색,파랑,파랑
0,255,241,ko,청록색,청록,청록,청록색,청록,청록
3,0,255,ko,파란색,파랑,파랑,파란색,파랑,파랑
255,0,205,ko,자홍색,자홍,자홍,자홍색,자홍,자홍
255,71,0,ko,주황색,주황,주황,주황색,주황,주황
255,0,73,ko,분홍색,분홍,분홍,핫핑크,핫핑크,핫핑크
79,255,0,ko,연두색,연두,연두,연두색,연두,연두
245,0,255,ko,자홍색,자홍,자홍,자주색,자주,자주
100,255,0,ko,연두색,연두,연두,연두색,연두,연두
255,0,139,ko,분홍색,분홍,분홍,핫핑크,핫핑크,핫핑크
0,105,255,ko,파란색,파랑,파랑,파란색,파랑,파랑
0,255,123,ko,초록색,초록,초록,형광 초록색,형광 초록,형광초록
0,255,90,ko,연두색,연두,연두,연두색,연두,연두
255,165,0,ko,주황색,주황,주황,주황색,주황,주황
255,0,158,ko,분홍색,분홍,분홍,핫핑크,핫핑크,핫핑크
255,0,109,ko,분홍색,분홍,분홍,핫핑크,핫핑크,핫핑크
224,255,0,ko,노랑,노랑,노랑,형광 노란색,형광 노랑,형광노랑
255,0,116,ko,분홍색,분홍,분홍,핫핑크,핫핑크,핫핑크
255,0,235,ko,자홍색,자홍,자홍,마젠타,마젠타,마젠타
193,0,255,ko,보라색,보라,보라,보라색,보라,보라
255,0,196,ko,분홍색,분홍,분홍,마젠타,마젠타,마젠타
255,0,200,ko,자홍색,자홍,자홍,마젠타,마젠타,마젠타
170,0,255,ko,보라색,보라,보라,보라색,보라,보라
0,110,255,ko,파랑,파랑,파랑,파란색,파랑,파랑
0,255,80,ko,형광초록,형광초록,형광초록,초록색,초록,초록
0,89,255,ko,파랑,파랑,파랑,파란색,파랑,파랑
0,255,33,ko,연두색,연두,연두,초록,초록,초록
202,255,0,ko,형광노랑,형광노랑,형광노랑,형광 연두색,형광 연두,형광연두
0,255,194,ko,청록색,청록,청록,청록색,청록,청록
255,163,0,ko,주황색,주황,주황,주황색,주황,주황
255,27,0,ko,빨강,빨강,빨강,빨강,빨강,빨강
255,0,5,ko,빨강,빨강,빨강,빨간색,빨강,빨강
255,237,0,ko,노란색,노랑,노랑,노란색,노랑,노랑
255,28,0,ko,빨강,빨강,빨강,빨간색,빨강,빨강
0,2,255,ko,파랑,파랑,파랑,파란색,파랑,파랑
183,255,0,ko,형광연두,형광연두,형광연두,라임색,라임,라임
0,255,71,ko,초록색,초록,초록,초록색,초록,초록
0,255,14,ko,연두색,연두,연두,초록색,초록,초록
255,0,84,ko,분홍색,분홍,분홍,핫핑크,핫핑크,핫핑크
255,226,0,ko,노란색,노랑,노랑,노란색,노랑,노랑
0,229,255,ko,청록색,청록,청록,청록색,청록,청록
0,255,195,ko,청록색,청록,청록,청록색,청록,청록
96,0,255,ko,보라색,보라,보라,보라색,보라,보라
0,157,255,ko,파란색,파랑,파랑,파랑,파랑,파랑
0,234,255,ko,청록색,청록,청록,하늘색,하늘,하늘
197,0,255,ko,보라색,보라,보라,보라색,보라,보라
215,255,0,ko,노란색,노랑,노랑,형광 노랑,형광 노랑,형광노랑
255,90,0,ko,주황색,주황,주황,주황색,주황,주황
0,255,14,ko,초록색,초록,초록,형광 초록,형광 초록,형광초록
255,97,0,ko,주황색,주황,주황,주황색,주황,주황
255,16,0,ko,빨간색,빨강,빨강,빨간색,빨강,빨강
156,0,255,ko,보라색,보라,보라,보라색,보라,보라
255,0,112,ko,분홍색,분홍,분홍,핫핑크,핫핑크,핫핑크
255,0,123,ko,분홍색,분홍,분홍,핫핑크,핫핑크,핫핑크
255,0,94,ko,분홍색,분홍,분홍,핫핑크,핫핑크,핫핑크
150,255,0,ko,연두색,연두,연두,연두색,연두,연두
0,255,67,ko,초록색,초록,초록,형광 초록색,형광 초록,형광초록
239,255,0,ko,노란색,노랑,노랑,노란색,노랑,노랑
0,174,255,ko,하늘색,하늘,하늘,파란색,파랑,파랑
122,0,255,ko,보라색,보라,보라,보라색,보라,보라
0,255,101,ko,초록색,초록,초록,형광 초록색,형광 초록,형광초록
0,81,255,ko,파란색,파랑,파랑,파란색,파랑,파랑
2,255,0,ko,연두색,연두,연두,형광 초록색,형광 초록,형광초록
255,0,16,ko,빨간색,빨강,빨강,빨간색,빨강,빨강
0,255,68,ko,초록색,초록,초록,라임색,라임,라임
255,0,212,ko,분홍색,분홍,분홍,마젠타,마젠타,마젠타
0,192,255,ko,하늘색,하늘,하늘,하늘색,하늘,하늘
255,0,45,ko,빨강,빨강,빨강,빨강,빨강,빨강
0,255,221,ko,청록색,청록,청록,청록색,청록,청록
255,0,11,ko,빨강,빨강,빨강,빨강,빨강,빨강
138,255,0,ko,연두색,연두,연두,라임색,라임,라임
74,255,0,ko,형광초록,형광초록,형광초록,라임색,라임,라임
0,147,255,ko,파란색,파랑,파랑,파란색,파랑,파랑
0,255,178,ko,민트색,민트,민트,민트색,민트,민트
0,118,255,ko,파란색,파랑,파랑,파랑,파랑,파랑
0,255,81,ko,형광초록,형광초록,형광초록,녹색,녹,녹
255,0,52,ko,빨강,빨강,빨강,빨간색,빨강,빨강
255,164,0,ko,주황색,주황,주황,주황색,주황,주황
66,0,255,ko,보라색,보라,보라,파란색,파랑,파랑
187,255,0,ko,연두색,연두,연두,연두색,연두,연두
50,255,0,ko,연두색,연두,연두,초록색,초록,초록
255,0,215,ko,자홍색,자홍,자홍,마젠타,마젠타,마젠타
244,255,0,ko,노란색,노랑,노랑,노랑,노랑,노랑
255,0,227,ko,자홍색,자홍,자홍,핫핑크,핫핑크,핫핑크
93,255,0,ko,연두색,연두,연두,라임색,라임,라임
0,195,255,ko,하늘색,하늘,하늘,시안색,시안,시안
0,231,255,ko,하늘색,하늘,하늘,청록색,청록,청록
0,26,255,ko,파란색,파랑,파랑,파란색,파랑,파랑
255,90,0,ko,주황색,주황,주황,주황색,주황,주황
0,88,255,ko,파란색,파랑,파랑,파란색,파랑,파랑
255,0,79,ko,분홍색,분홍,분홍,핫핑크,핫핑크,핫핑크
255,0,71,ko,분홍색,분홍,분홍,진홍색,진홍,진홍
255,0,87,ko,분홍색,분홍,분홍,자홍색,자홍,자홍
0,239,255,ko,하늘색,하늘,하늘,시안색,시안,시안
44,255,0,ko,연두색,연두,연두,초록색,초록,초록
255,0,240,ko,분홍색,분홍,분홍,마젠타,마젠타,마젠타
255,36,0,ko,빨강,빨강,빨강,다홍색,다홍,다홍
0,199,255,ko,하늘색,하늘,하늘,청록색,청록,청록
255,172,0,ko,주황색,주황,주황,주황색,주황,주황
73,0,255,ko,보라색,보라,보라,군청색,군청,군청
255,218,0,ko,노란색,노랑,노랑,노란색,노랑,노랑
0,255,77,ko,초록색,초록,초록,초록색,초록,초록
0,69,255,ko,파란색,파랑,파랑,파란색,파랑,파랑
255,132,0,ko,주황색,주황,주황,주황색,주황,주황
222,0,255,ko,자주색,자주,자주,마젠타,마젠타,마젠타
64,0,255,ko,보라색,보라,보라,파랑,파랑,파랑
0,116,255,ko,파랑,파랑,파랑,파란색,파랑,파랑
169,0,255,ko,보라색,보라,보라,보라색,보라,보라
0,174,255,ko,하늘색,하늘,하늘,파란색,파랑,파랑
0,255,0,ko,연두색,연두,연두,초록색,초록,초록
255,77,0,ko,주황색,주황,주황,다홍색,다홍,다홍
255,131,0,ko,주황색,주황,주황,주황색,주황,주황
70,0,255,ko,보라색,보라,보라,파란색,파랑,파랑
0,255,164,ko,민트색,민트,민트,에메랄드색,에메랄드,에메랄드
0,255,63,ko,초록색,초록,초록,라임색,라임,라임
255,81,0,ko,주황색,주황,주황,주황색,주황,주황
255,207,0,ko,노란색,노랑,노랑,노란색,노랑,노랑
255,0,131,ko,분홍색,분홍,분홍,진한 분홍색,진 분홍,진분홍
255,0,181,ko,자홍색,자홍,자홍,핫핑크,핫핑크,핫핑크
212,0,255,ko,보라색,보라,보라,마젠타,마젠타,마젠타
255,0,130,ko,분홍색,분홍,분홍,진한 분홍,진 분홍,진분홍
232,255,0,ko,노란색,노랑,노랑,노란색,노랑,노랑
173,0,255,ko,보라색,보라,보라,보라색,보라,보라
255,0,45,ko,빨강,빨강,빨강,선홍색,선홍,선홍
0,255,191,ko,청록색,청록,청록,청록색,청록,청록
0,255,14,ko,초록색,초록,초록,초록색,초록,초록
158,255,0,ko,연두색,연두,연두,연두색,연두,연두
0,255,163,ko,청록색,청록,청록,청록색,청록,청록
142,255,0,ko,연두색,연두,연두,라임색,라임,라임
56,0,255,ko,보라색,보라,보라,파랑,파랑,파랑
0,11,255,ko,파랑,파랑,파랑,파란색,파랑,파랑
33,0,255,ko,파란색,파랑,파랑,파란색,파랑,파랑
134,255,0,ko,연두색,연두,연두,라임색,라임,라임
98,0,255,ko,보라색,보라,보라,보라색,보라,보라
128,0,255,ko,보라색,보라,보라,보라색,보라,보라
255,159,0,ko,주황색,주황,주황,주황색,주황,주황
255,0,120,ko,분홍색,분홍,분홍,핫핑크,핫핑크,핫핑크
255,0,69,ko,빨강,빨강,빨강,핫핑크,핫핑크,핫핑크
85,0,255,ko,보라색,보라,보라,보라색,보라,보라
255,212,0,ko,노란색,노랑,노랑,노란색,노랑,노랑
255,0,98,ko,분홍색,분홍,분홍,핫핑크,핫핑크,핫핑크
0,194,255,ko,하늘색,하늘,하늘,하늘색,하늘,하늘
255,141,0,ko,주황색,주황,주황,주황색,주황,주황
232,255,0,ko,노란색,노랑,노랑,레몬색,레몬,레몬
255,0,126,ko,분홍색,분홍,분홍,핫핑크,핫핑크,핫핑크
0,255,48,ko,초록색,초록,초록,형광 초록,형광 초록,형광초록
187,0,255,ko,보라색,보라,보라,보라색,보라,보라
255,0,252,ko,자홍색,자홍,자홍,마젠타,마젠타,마젠타
0,87,255,ko,파랑,파랑,파랑,파랑,파랑,파랑
0,158,255,ko,파랑,파랑,파랑,파란색,파랑,파랑
255,0,241,ko,자홍색,자홍,자홍,마젠타,마젠타,마젠타
255,0,79,ko,분홍색,분홍,분홍,핫핑크,핫핑크,핫핑크
0,255,67,ko,연두색,연두,연두,초록색,초록,초록
0,32,255,ko,파란색,파랑,파랑,파란색,파랑,파랑
255,0,64,ko,빨간색,빨강,빨강,자홍색,자홍,자홍
78,255,0,ko,연두색,연두,연두,라임색,라임,라임
255,253,0,ko,노란색,노랑,노랑,노란색,노랑,노랑
255,0,51,ko,빨강,빨강,빨강,빨강,빨강,빨강
0,255,0,ko,연두색,연두,연두,형광 초록색,형광 초록,형광초록
35,255,0,ko,초록색,초록,초록,연두색,연두,연두
255,94,0,ko,주황색,주황,주황,주황색,주황,주황
255,0,33,ko,빨간색,빨강,빨강,빨강,빨강,빨강
0,255,124,ko,초록색,초록,초록,초록,초록,초록
0,129,255,ko,파랑,파랑,파랑,파란색,파랑,파랑
255,70,0,ko,주황색,주황,주황,주황색,주황,주황
115,255,0,ko,연두색,연두,연두,라임색,라임,라임
63,0,255,ko,보라색,보라,보라,파란색,파랑,파랑
181,0,255,ko,보라색,보라,보라,보라색,보라,보라
0,255,62,ko,초록색,초록,초록,연두색,연두,연두
255,0,74,ko,분홍색,분홍,분홍,핫핑크,핫핑크,핫핑크
74,0,255,ko,보라색,보라,보라,남보라색,남보라,남보라
0,255,82,ko,형광연두,형광연두,형광연두,연두색,연두,연두
255,0,167,ko,자홍색,자홍,자홍,자홍색,자홍,자홍
0,255,190,ko,청록색,청록,청록,민트색,민트,민트
82,0,255,ko,보라색,보라,보라,보라색,보라,보라
94,0,255,ko,보라색,보라,보라,보라색,보라,보라
10,0,255,ko,파란색,파랑,파랑,파란색,파랑,파랑
255,201,0,ko,노란색,노랑,노랑,노란색,노랑,노랑
0,184,255,ko,하늘색,하늘,하늘,하늘색,하늘,하늘
230,0,255,ko,자홍색,자홍,자홍,마젠타,마젠타,마젠타
255,0,131,ko,분홍색,분홍,분홍,핫핑크,핫핑크,핫핑크
43,0,255,ko,파랑,파랑,파랑,파란색,파랑,파랑
255,90,0,ko,주황색,주황,주황,주황색,주황,주황
0,212,255,ko,하늘색,하늘,하늘,하늘색,하늘,하늘
0,50,255,ko,파란색,파랑,파랑,파란색,파랑,파랑
255,227,0,ko,노란색,노랑,노랑,노란색,노랑,노랑
0,255,137,ko,연두색,연두,연두,연두색,연두,연두
171,255,0,ko,연두색,연두,연두,라임색,라임,라임
255,194,0,ko,노란색,노랑,노랑,개나리색,개나리,개나리
150,255,0,ko,연두색,연두,연두,라임색,라임,라임
0,255,172,ko,청록색,청록,청록,청록색,청록,청록
189,0,255,ko,보라색,보라,보라,자주색,자주,자주
161,0,255,ko,보라색,보라,보라,보라색,보라,보라
255,0,94,ko,분홍색,분홍,분홍,핫핑크,핫핑크,핫핑크
255,76,0,ko,주황색,주황,주황,주황색,주황,주황
0,224,255,ko,청록색,청록,청록,하늘색,하늘,하늘
255,0,23,ko,빨간색,빨강,빨강,빨강,빨강,빨강
255,23,0,ko,빨강,빨강,빨강,빨강,빨강,빨강
255,0,74,ko,분홍색,분홍,분홍,자홍색,자홍,자홍
255,0,202,ko,자홍색,자홍,자홍,핫핑크,핫핑크,핫핑크
255,0,0,ko,빨간색,빨강,빨강,빨간색,빨강,빨강
141,0,255,ko,보라색,보라,보라,보라색,보라,보라
114,255,0,ko,연두색,연두,연두,라임색,라임,라임
208,0,255,ko,보라색,보라,보라,마젠타,마젠타,마젠타
0,255,93,ko,연두색,연두,연두,초록색,초록,초록
255,155,0,ko,주황색,주황,주황,주황색,주황,주황
113,0,255,ko,보라색,보라,보라,보라색,보라,보라
255,0,189,ko,자홍색,자홍,자홍,핫핑크,핫핑크,핫핑크
255,88,0,ko,주황색,주황,주황,주황,주황,주황
0,255,23,ko,초록색,초록,초록,초록색,초록,초록
15,0,255,ko,파란색,파랑,파랑,파랑,파랑,파랑
173,0,255,ko,보라색,보라,보라,보라색,보라,보라
120,255,0,ko,라임색,라임,라임,연두색,연두,연두
239,255,0,ko,노란색,노랑,노랑,노란색,노랑,노랑
255,75,0,ko,주황색,주황,주황,주황색,주황,주황
255,0,239,ko,자홍색,자홍,자홍,핑크색,핑크,핑크
255,0,65,ko,분홍색,분홍,분홍,핫핑크,핫핑크,핫핑크
255,232,0,ko,노란색,노랑,노랑,노란색,노랑,노랑
0,255,235,ko,청록색,청록,청록,터키색,터키,터키
255,0,230,ko,자홍색,자홍,자홍,마젠타,마젠타,마젠타
255,0,63,ko,빨강,빨강,빨강,핫핑크,핫핑크,핫핑크
227,0,255,ko,자홍색,자홍,자홍,마젠타,마젠타,마젠타
0,255,34,ko,형광초록,형광초록,형광초록,형광 초록,형광 초록,형광초록
0,255,218,ko,청록색,청록,청록,터키색,터키,터키
0,16,255,ko,파란색,파랑,파랑,파란색,파랑,파랑
255,147,0,ko,주황색,주황,주황,주황색,주황,주황
0,255,158,ko,청록색,청록,청록,민트색,민트,민트
0,1,255,ko,파랑,파랑,파랑,파란색,파랑,파랑
255,0,44,ko,빨강,빨강,빨강,빨간색,빨강,빨강
9,255,0,ko,연두색,연두,연두,연두색,연두,연두
255,119,0,ko,주황색,주황,주황,주황색,주황,주황
14,255,0,ko,연두색,연두,연두,연두색,연두,연두
206,255,0,ko,형광연두,형광연두,형광연두,연두색,연두,연두
0,255,243,ko,시안,시안,시안,청록색,청록,청록
255,28,0,ko,빨강,빨강,빨강,빨강,빨강,빨강
0,255,212,ko,청록색,청록,청록,청록색,청록,청록
114,255,0,ko,연두색,연두,연두,연두색,연두,연두
0,175,255,ko,하늘색,하늘,하늘,청록색,청록,청록
0,216,255,ko,하늘색,하늘,하늘,하늘색,하늘,하늘
203,0,255,ko,보라색,보라,보라,자주색,자주,자주
255,0,139,ko,자홍색,자홍,자홍,핫핑크,핫핑크,핫핑크
234,255,0,ko,노란색,노랑,노랑,노란색,노랑,노랑
255,0,52,ko,빨강,빨강,빨강,빨간색,빨강,빨강
168,255,0,ko,연두색,연두,연두,연두색,연두,연두
0,247,255,ko,청록색,청록,청록,청록색,청록,청록
255,247,0,ko,노란색,노랑,노랑,노란색,노랑,노랑
0,255,47,ko,초록색,초록,초록,초록색,초록,초록
118,255,0,ko,연두색,연두,연두,연두색,연두,연두
255,0,184,ko,분홍색,분홍,분홍,핫핑크,핫핑크,핫핑크
0,255,79,ko,형광연두,형광연두,형광연두,형광 연두색,형광 연두,형광연두
241,255,0,ko,노란색,노랑,노랑,노랑,노랑,노랑
234,0,255,ko,보라색,보라,보라,마젠타,마젠타,마젠타
223,0,255,ko,보라색,보라,보라,마젠타,마젠타,마젠타
255,0,108,ko,분홍색,분홍,분홍,핫핑크,핫핑크,핫핑크
255,189,0,ko,노란색,노랑,노랑,주황색,주황,주황
255,0,187,ko,자홍색,자홍,자홍,마젠타,마젠타,마젠타
0,180,255,ko,하늘색,하늘,하늘,하늘색,하늘,하늘
0,255,102,ko,초록색,초록,초록,형광초록색,형광초록,형광초록
65,0,255,ko,보라색,보라,보라,파란색,파랑,파랑
255,0,155,ko,분홍색,분홍,분홍,핫핑크,핫핑크,핫핑크
0,255,232,ko,청록색,청록,청록,청록색,청록,청록
0,12,255,ko,파란색,파랑,파랑,파란색,파랑,파랑
255,184,0,ko,주황색,주황,주황,주황,주황,주황
255,0,213,ko,자홍색,자홍,자홍,마젠타,마젠타,마젠타
93,255,0,ko,연두색,연두,연두,연두색,연두,연두
0,106,255,ko,파랑,파랑,파랑,파랑,파랑,파랑
0,208,255,ko,하늘색,하늘,하늘,파란색,파랑,파랑
255,0,252,ko,마젠타,마젠타,마젠타,자홍색,자홍,자홍
0,35,255,ko,파랑,파랑,파랑,파랑,파랑,파랑
0,255,145,ko,민트색,민트,민트,청록색,청록,청록
0,255,86,ko,연두색,연두,연두,초록색,초록,초록
0,255,147,ko,민트색,민트,민트,청록색,청록,청록
255,53,0,ko,주황색,주황,주황,다홍색,다홍,다홍
255,0,8,ko,빨강,빨강,빨강,빨간색,빨강,빨강
0,16,255,ko,파랑,파랑,파랑,파란색,파랑,파랑
0,243,255,ko,청록색,청록,청록,사이언,사이언,사이언
0,255,138,ko,민트색,민트,민트,초록,초록,초록
255,175,0,ko,주황색,주황,주황,주황색,주황,주황
0,255,208,ko,청록색,청록,청록,청록색,청록,청록
255,0,217,ko,자홍색,자홍,자홍,핫핑크,핫핑크,핫핑크
108,255,0,ko,연두색,연두,연두,라임색,라임,라임
0,177,255,ko,하늘색,하늘,하늘,파란색,파랑,파랑
0,138,255,ko,파랑,파랑,파랑,파란색,파랑,파랑
173,0,255,ko,보라색,보라,보라,보라색,보라,보라
0,255,5,ko,연두색,연두,연두,형광 연두색,형광 연두,형광연두
203,255,0,ko,연두색,연두,연두,형광 연두,형광 연두,형광연두
150,0,255,ko,보라색,보라,보라,보라색,보라,보라
201,0,255,ko,보라색,보라,보라,마젠타,마젠타,마젠타
93,0,255,ko,보라색,보라,보라,청보라색,청보라,청보라
0,255,22,ko,초록색,초록,초록,라임색,라임,라임
0,109,255,ko,파랑,파랑,파랑,파랑,파랑,파랑
0,227,255,ko,하늘색,하늘,하늘,청록색,청록,청록
255,183,0,ko,주황색,주황,주황,주황색,주황,주황
255,139,0,ko,주황색,주황,주황,주황색,주황,주황
0,67,255,ko,파란색,파랑,파랑,파란색,파랑,파랑
243,255,0,ko,노란색,노랑,노랑,노란색,노랑,노랑
0,255,91,ko,형광초록,형광초록,형광초록,형광 초록색,형광 초록,형광초록
205,255,0,ko,연두색,연두,연두,라임색,라임,라임
0,91,255,ko,파란색,파랑,파랑,파란색,파랑,파랑
255,0,183,ko,자홍색,자홍,자홍,핫핑크,핫핑크,핫핑크
255,0,73,ko,분홍색,분홍,분홍,핫핑크,핫핑크,핫핑크
255,75,0,ko,주황색,주황,주황,주황색,주황,주황
255,0,231,ko,자홍색,자홍,자홍,마젠타,마젠타,마젠타
0,166,255,ko,파란색,파랑,파랑,파란색,파랑,파랑
0,107,255,ko,파란색,파랑,파랑,파란색,파랑,파랑
255,0,155,ko,분홍색,분홍,분홍,핫핑크,핫핑크,핫핑크
255,0,242,ko,자홍색,자홍,자홍,마젠타,마젠타,마젠타
255,0,225,ko,자홍색,자홍,자홍,마젠타,마젠타,마젠타
255,133,0,ko,주황색,주황,주황,주황색,주황,주황
0,17,255,ko,파랑,파랑,파랑,파란색,파랑,파랑
226,0,255,ko,자주색,자주,자주,마젠타,마젠타,마젠타
0,255,183,ko,민트색,민트,민트,민트색,민트,민트
233,0,255,ko,보라색,보라,보라,마젠타,마젠타,마젠타
255,0,98,ko,분홍색,분홍,분홍,진분홍,진분홍,진분홍
255,203,0,ko,노란색,노랑,노랑,노랑,노랑,노랑
0,187,255,ko,하늘색,하늘,하늘,파란색,파랑,파랑
156,255,0,ko,연두색,연두,연두,연두색,연두,연두
255,0,31,ko,빨강,빨강,빨강,빨강,빨강,빨강
0,255,95,ko,형광초록,형광초록,형광초록,초록색,초록,초록
0,50,255,ko,파란색,파랑,파랑,파랑,파랑,파랑
152,255,0,ko,연두색,연두,연두,라임색,라임,라임
143,0,255,ko,보라색,보라,보라,보라색,보라,보라
255,207,0,ko,노란색,노랑,노랑,노란색,노랑,노랑
146,0,255,ko,보라색,보라,보라,보라색,보라,보라
16,255,0,ko,형광초록,형광초록,형광초록,초록색,초록,초록
255,0,177,ko,자홍색,자홍,자홍,핫핑크,핫핑크,핫핑크
0,137,255,ko,파란색,파랑,파랑,파란색,파랑,파랑
46,0,255,ko,파랑,파랑,파랑,파랑,파랑,파랑
255,119,0,ko,주황색,주황,주황,주황색,주황,주황
255,168,0,ko,주황색,주황,주황,주황색,주황,주황
255,222,0,ko,노란색,노랑,노랑,노란색,노랑,노랑
255,0,254,ko,마젠타,마젠타,마젠타,마젠타,마젠타,마젠타
81,0,255,ko,보라색,보라,보라,파란색,파랑,파랑
0,255,139,ko,형광초록,형광초록,형광초록,형광 초록색,형광 초록,형광초록
253,0,255,ko,자홍색,자홍,자홍,마젠타,마젠타,마젠타
205,255,0,ko,형광 연두색,형광 연두,형광연두,연두색,연두,연두
255,155,0,ko,주황색,주황,주황,주황색,주황,주황
255,0,220,ko,분홍색,분홍,분홍,마젠타,마젠타,마젠타
177,255,0,ko,연두색,연두,연두,연두색,연두,연두
155,255,0,ko,연두색,연두,연두,연두색,연두,연두
0,255,192,ko,민트색,민트,민트,청록색,청록,청록
255,0,160,ko,자홍색,자홍,자홍,핫핑크,핫핑크,핫핑크
34,255,0,ko,연두색,연두,연두,초록색,초록,초록
28,255,0,ko,연두색,연두,연두,형광 초록색,형광 초록,형광초록
70,255,0,ko,연두색,연두,연두,형광 초록색,형광 초록,형광초록
255,0,244,ko,자홍색,자홍,자홍,마젠타,마젠타,마젠타
242,255,0,ko,노란색,노랑,노랑,노란색,노랑,노랑
255,82,0,ko,주황색,주황,주황,주황색,주황,주황
44,0,255,ko,파란색,파랑,파랑,파란색,파랑,파랑
255,0,15,ko,빨간색,빨강,빨강,빨간색,빨강,빨강
0,255,29,ko,초록색,초록,초록,초록색,초록,초록
0,255,56,ko,초록색,초록,초록,초록색,초록,초록
255,162,0,ko,주황색,주황,주황,주황색,주황,주황
255,42,0,ko,주황색,주황,주황,빨간색,빨강,빨강
0,118,255,ko,파랑,파랑,파랑,파란색,파랑,파랑
255,0,13,ko,빨강,빨강,빨강,빨간색,빨강,빨강
255,160,0,ko,주황색,주황,주황,주황색,주황,주황
2,0,255,ko,파랑,파랑,파랑,파란색,파랑,파랑
0,249,255,ko,청록색,청록,청록,청록색,청록,청록
117,255,0,ko,연두색,연두,연두,라임색,라임,라임
255,82,0,ko,주황색,주황,주황,주황색,주황,주황
156,255,0,ko,연두색,연두,연두,연두색,연두,연두
205,255,0,ko,연두색,연두,연두,라임색,라임,라임
255,142,0,ko,주황색,주황,주황,주황색,주황,주황
10,255,0,ko,연두색,연두,연두,라임색,라임,라임
255,252,0,ko,노란색,노랑,노랑,노란색,노랑,노랑
255,0,183,ko,분홍색,분홍,분홍,핫핑크,핫핑크,핫핑크
42,255,0,ko,연두색,연두,연두,초록색,초록,초록
255,203,0,ko,노란색,노랑,노랑,노란색,노랑,노랑
255,243,0,ko,노란색,노랑,노랑,노란색,노랑,노랑
0,255,26,ko,초록색,초록,초록,연두색,연두,연두
255,60,0,ko,주황색,주황,주황,주황색,주황,주황
0,255,209,ko,민트색,민트,민트,청록색,청록,청록
91,0,255,ko,보라색,보라,보라,보라색,보라,보라
0,192,255,ko,하늘색,하늘,하늘,하늘색,하늘,하늘
102,0,255,ko,보라색,보라,보라,보라색,보라,보라
255,153,0,ko,주황색,주황,주황,주황색,주황,주황
255,0,246,ko,자홍색,자홍,자홍,마젠타,마젠타,마젠타
255,0,188,ko,자홍색,자홍,자홍,핫핑크,핫핑크,핫핑크
9,0,255,ko,파란색,파랑,파랑,파란색,파랑,파랑
69,255,0,ko,연두색,연두,연두,형광 초록색,형광 초록,형광초록
27,255,0,ko,연두색,연두,연두,라임색,라임,라임
197,255,0,ko,연두색,연두,연두,라임색,라임,라임
244,0,255,ko,자홍색,자홍,자홍,마젠타,마젠타,마젠타
255,0,161,ko,자홍색,자홍,자홍,핫핑크,핫핑크,핫핑크
4,255,0,ko,연두색,연두,연두,초록,초록,초록
255,0,56,ko,빨강,빨강,빨강,자홍색,자홍,자홍
0,255,4,ko,초록색,초록,초록,초록색,초록,초록
110,0,255,ko,보라색,보라,보라,보라색,보라,보라
0,128,255,ko,파랑,파랑,파랑,파랑,파랑,파랑
212,0,255,ko,자주색,자주,자주,자주색,자주,자주
255,194,0,ko,노란색,노랑,노랑,노란색,노랑,노랑
180,0,255,ko,보라색,보라,보라,보라색,보라,보라
153,0,255,ko,보라색,보라,보라,보라색,보라,보라
255,28,0,ko,빨간색,빨강,빨강,빨간색,빨강,빨강
163,255,0,ko,연두색,연두,연두,연두색,연두,연두
0,255,238,ko,청록색,청록,청록,청록색,청록,청록
255,0,137,ko,분홍색,분홍,분홍,핫핑크,핫핑크,핫핑크
0,255,150,ko,민트색,민트,민트,청록색,청록,청록
255,0,23,ko,빨강,빨강,빨강,빨간색,빨강,빨강
0,255,138,ko,초록색,초록,초록,연두색,연두,연두
0,255,162,ko,민트색,민트,민트,청록색,청록,청록
216,0,255,ko,보라색,보라,보라,마젠타,마젠타,마젠타
255,0,216,ko,분홍색,분홍,분홍,마젠타,마젠타,마젠타
0,252,255,ko,청록색,청록,청록,시안,시안,시안
150,0,255,ko,보라색,보라,보라,보라색,보라,보라
255,0,12,ko,빨강,빨강,빨강,빨간색,빨강,빨강
0,183,255,ko,하늘색,하늘,하늘,파란색,파랑,파랑
19,0,255,ko,파랑,파랑,파랑,파란색,파랑,파랑
131,255,0,ko,연두색,연두,연두,라임색,라임,라임
236,255,0,ko,노랑,노랑,노랑,노란색,노랑,노랑
52,0,255,ko,파란색,파랑,파랑,파란색,파랑,파랑
155,0,255,ko,보라색,보라,보라,보라색,보라,보라
104,0,255,ko,보라색,보라,보라,보라색,보라,보라
123,0,255,ko,보라색,보라,보라,보라색,보라,보라
0,255,235,ko,청록색,청록,청록,시안,시안,시안
28,0,255,ko,파란색,파랑,파랑,파랑,파랑,파랑
247,255,0,ko,노란색,노랑,노랑,노란색,노랑,노랑
219,255,0,ko,연두색,연두,연두,형광 노랑,형광 노랑,형광노랑
198,255,0,ko,라임색,라임,라임,연두색,연두,연두
248,0,255,ko,마젠타,마젠타,마젠타,마젠타,마젠타,마젠타
202,0,255,ko,보라색,보라,보라,보라색,보라,보라
0,255,244,ko,청록색,청록,청록,터키색,터키,터키
255,0,127,ko,분홍색,분홍,분홍,마젠타,마젠타,마젠타
255,253,0,ko,노란색,노랑,노랑,노란색,노랑,노랑
0,255,62,ko,초록색,초록,초록,초록색,초록,초록
255,0,123,ko,분홍색,분홍,분홍,핫핑크,핫핑크,핫핑크
0,128,255,ko,파란색,파랑,파랑,파란색,파랑,파랑
0,255,216,ko,청록색,청록,청록,시안,시안,시안
65,255,0,ko,연두색,연두,연두,초록색,초록,초록
0,255,236,ko,청록색,청록,청록,시안,시안,시안
0,255,192,ko,청록색,청록,청록,청록색,청록,청록
0,255,195,ko,청록색,청록,청록,청록색,청록,청록
255,0,167,ko,자홍색,자홍,자홍,핫핑크,핫핑크,핫핑크
169,0,255,ko,보라색,보라,보라,보라색,보라,보라
255,0,242,ko,마젠타,마젠타,마젠타,자홍색,자홍,자홍
255,0,204,ko,자홍색,자홍,자홍,마젠타,마젠타,마젠타
255,0,177,ko,분홍색,분홍,분홍,마젠타,마젠타,마젠타
255,0,87,ko,분홍색,분홍,분홍,진분홍,진분홍,진분홍
255,26,0,ko,빨강,빨강,빨강,선홍색,선홍,선홍
232,0,255,ko,자홍색,자홍,자홍,마젠타,마젠타,마젠타
9,255,0,ko,초록색,초록,초록,형광 초록색,형광 초록,형광초록
255,0,141,ko,분홍색,분홍,분홍,핫핑크,핫핑크,핫핑크
255,0,186,ko,자홍색,자홍,자홍,마젠타,마젠타,마젠타
255,222,0,ko,노란색,노랑,노랑,노란색,노랑,노랑
0,130,255,ko,파랑,파랑,파랑,파란색,파랑,파랑
255,177,0,ko,주황색,주황,주황,주황색,주황,주황
0,255,218,ko,청록색,청록,청록,청록색,청록,청록
0,255,167,ko,민트색,민트,민트,청록색,청록,청록
0,255,32,ko,초록색,초록,초록,초록,초록,초록
255,176,0,ko,주황색,주황,주황,주황색,주황,주황
0,255,1,ko,연두색,연두,연두,형광 초록색,형광 초록,형광초록
255,0,138,ko,분홍색,분홍,분홍,핫핑크,핫핑크,핫핑크
255,0,127,ko,분홍색,분홍,분홍,핫핑크,핫핑크,핫핑크
255,50,0,ko,주황색,주황,주황,다홍색,다홍,다홍
255,50,0,ko,주황색,주황,주황,다홍,다홍,다홍
0,48,255,ko,파란색,파랑,파랑,파란색,파랑,파랑
0,247,255,ko,청록색,청록,청록,하늘색,하늘,하늘
0,67,255,ko,파란색,파랑,파랑,파란색,파랑,파랑
144,255,0,ko,연두색,연두,연두,연두색,연두,연두
0,140,255,ko,파란색,파랑,파랑,파란색,파랑,파랑
0,51,255,ko,파랑,파랑,파랑,파란색,파랑,파랑
173,255,0,ko,연두색,연두,연두,연두색,연두,연두
170,255,0,ko,라임색,라임,라임,라임색,라임,라임
255,0,196,ko,자홍색,자홍,자홍,마젠타,마젠타,마젠타
4,0,255,ko,파랑,파랑,파랑,파란색,파랑,파랑
255,45,0,ko,주황색,주황,주황,빨강,빨강,빨강
89,0,255,ko,보라색,보라,보라,보라색,보라,보라
165,255,0,ko,연두색,연두,연두,라임색,라임,라임
0,87,255,ko,파란색,파랑,파랑,파란색,파랑,파랑
255,0,167,ko,자홍색,자홍,자홍,마젠타,마젠타,마젠타
69,0,255,ko,보라색,보라,보라,파란색,파랑,파랑
112,0,255,ko,보라색,보라,보라,보라색,보라,보라
255,233,0,ko,노란색,노랑,노랑,노란색,노랑,노랑
255,23,0,ko,빨강,빨강,빨강,빨강,빨강,빨강
0,255,246,ko,청록색,청록,청록,시안,시안,시안
255,233,0,ko,노란색,노랑,노랑,노란색,노랑,노랑
0,20,255,ko,파란색,파랑,파랑,파란색,파랑,파랑
255,145,0,ko,주황색,주황,주황,주황색,주황,주황
82,0,255,ko,보라색,보라,보라,파란색,파랑,파랑
255,0,204,ko,분홍색,분홍,분홍,마젠타,마젠타,마젠타
0,120,255,ko,파랑,파랑,파랑,파란색,파랑,파랑
255,0,166,ko,자홍색,자홍,자홍,핫핑크,핫핑크,핫핑크
255,0,102,ko,분홍색,분홍,분홍,핫핑크,핫핑크,핫핑크
0,25,255,ko,파랑,파랑,파랑,파랑,파랑,파랑
231,255,0,ko,노란색,노랑,노랑,노란색,노랑,노랑
0,181,255,ko,하늘색,하늘,하늘,파란색,파랑,파랑
0,255,141,ko,청록색,청록,청록,청록색,청록,청록
135,255,0,ko,연두색,연두,연두,라임색,라임,라임
0,255,35,ko,초록색,초록,초록,초록색,초록,초록
0,174,255,ko,하늘색,하늘,하늘,파란색,파랑,파랑
62,255,0,ko,연두색,연두,연두,초록색,초록,초록
0,175,255,ko,하늘색,하늘,하늘,하늘색,하늘,하늘
119,0,255,ko,보라색,보라,보라,보라색,보라,보라
74,0,255,ko,보라색,보라,보라,청보라색,청보라,청보라
0,255,254,ko,청록색,청록,청록,청록색,청록,청록
255,14,0,ko,빨간색,빨강,빨강,빨간색,빨강,빨강
255,0,176,ko,분홍색,분홍,분홍,핫핑크,핫핑크,핫핑크
0,255,139,ko,청록색,청록,청록,형광 초록색,형광 초록,형광초록
255,150,0,ko,주황색,주황,주황,주황색,주황,주황
11,0,255,ko,파랑,파랑,파랑,파란색,파랑,파랑
255,0,98,ko,핫핑크,핫핑크,핫핑크,핫핑크,핫핑크,핫핑크
163,0,255,ko,보라색,보라,보라,보라색,보라,보라
255,35,0,ko,빨강,빨강,빨강,빨간색,빨강,빨강
233,255,0,ko,노란색,노랑,노랑,노란색,노랑,노랑
75,255,0,ko,연두색,연두,연두,연두색,연두,연두
47,255,0,ko,연두색,연두,연두,연두색,연두,연두
178,0,255,ko,보라색,보라,보라,보라색,보라,보라
255,36,0,ko,주황색,주황,주황,다홍색,다홍,다홍
255,52,0,ko,주황색,주황,주황,다홍,다홍,다홍
0,255,250,ko,청록색,청록,청록,청록색,청록,청록
203,0,255,ko,보라색,보라,보라,마젠타,마젠타,마젠타
255,0,201,ko,자홍색,자홍,자홍,자홍색,자홍,자홍
255,0,237,ko,자홍색,자홍,자홍,마젠타,마젠타,마젠타
0,255,3,ko,연두색,연두,연두,초록색,초록,초록
95,0,255,ko,보라색,보라,보라,보라색,보라,보라
0,59,255,ko,파란색,파랑,파랑,파란색,파랑,파랑
255,0,102,ko,자홍색,자홍,자홍,핫핑크,핫핑크,핫핑크
72,255,0,ko,연두색,연두,연두,형광 초록색,형광 초록,형광초록
255,82,0,ko,주황색,주황,주황,주황색,주황,주황
24,0,255,ko,파란색,파랑,파랑,파란색,파랑,파랑
0,255,95,ko,형광초록,형광초록,형광초록,연두색,연두,연두
0,104,255,ko,파란색,파랑,파랑,파랑,파랑,파랑
0,239,255,ko,청록색,청록,청록,청록색,청록,청록
0,255,124,ko,초록색,초록,초록,초록색,초록,초록
255,0,140,ko,분홍색,분홍,분홍,핫핑크,핫핑크,핫핑크
240,255,0,ko,노란색,노랑,노랑,노란색,노랑,노랑
0,255,192,ko,민트색,민트,민트,청록색,청록,청록
255,0,248,ko,자홍색,자홍,자홍,마젠타,마젠타,마젠타
0,135,255,ko,파랑,파랑,파랑,파랑,파랑,파랑
0,255,104,ko,초록색,초록,초록,초록색,초록,초록
26,0,255,ko,파랑,파랑,파랑,파란색,파랑,파랑
63,0,255,ko,파란색,파랑,파랑,파란색,파랑,파랑
0,255,24,ko,연두색,연두,연두,라임색,라임,라임
255,46,0,ko,주황색,주황,주황,다홍색,다홍,다홍
255,25,0,ko,빨강,빨강,빨강,빨강,빨강,빨강
255,0,61,ko,분홍색,분홍,분홍,빨간색,빨강,빨강
255,0,81,ko,분홍색,분홍,분홍,핫핑크,핫핑크,핫핑크
255,99,0,ko,주황색,주황,주황,주황색,주황,주황
0,184,255,ko,하늘색,하늘,하늘,하늘색,하늘,하늘
16,0,255,ko,파랑,파랑,파랑,파란색,파랑,파랑
255,0,90,ko,분홍색,분홍,분홍,핫핑크,핫핑크,핫핑크
255,11,0,ko,빨강,빨강,빨강,빨간색,빨강,빨강
0,69,255,ko,파란색,파랑,파랑,파란색,파랑,파랑
81,255,0,ko,연두색,연두,연두,연두색,연두,연두
255,0,158,ko,자홍색,자홍,자홍,핫핑크,핫핑크,핫핑크
255,42,0,ko,주황색,주황,주황,주황색,주황,주황
255,0,63,ko,빨강,빨강,빨강,핫핑크,핫핑크,핫핑크
0,255,133,ko,형광초록,형광초록,형광초록,초록색,초록,초록
0,82,255,ko,파란색,파랑,파랑,파란색,파랑,파랑
122,0,255,ko,보라색,보라,보라,보라색,보라,보라
255,0,235,ko,자홍색,자홍,자홍,마젠타,마젠타,마젠타
0,45,255,ko,파란색,파랑,파랑,파란색,파랑,파랑
141,255,0,ko,연두색,연두,연두,라임색,라임,라임
255,96,0,ko,주황색,주황,주황,주황색,주황,주황
0,255,198,ko,청록색,청록,청록,청록색,청록,청록
255,0,114,ko,분홍색,분홍,분홍,핫핑크,핫핑크,핫핑크
0,255,176,ko,민트색,민트,민트,청록색,청록,청록
255,144,0,ko,주황색,주황,주황,주황색,주황,주황
255,0,237,ko,자홍색,자홍,자홍,마젠타,마젠타,마젠타
60,255,0,ko,연두색,연두,연두,연두색,연두,연두
255,108,0,ko,주황색,주황,주황,주황색,주황,주황
0,104,255,ko,파란색,파랑,파랑,전기 파란색,전기 파랑,전기파랑
246,0,255,ko,자홍색,자홍,자홍,마젠타,마젠타,마젠타
0,255,99,ko,형광초록,형광초록,형광초록,형광 초록색,형광 초록,형광초록
255,251,0,ko,노란색,노랑,노랑,노랑,노랑,노랑
0,255,14,ko,연두색,연두,연두,초록색,초록,초록
255,40,0,ko,빨강,빨강,빨강,다홍,다홍,다홍
253,0,255,ko,자홍색,자홍,자홍,마젠타,마젠타,마젠타
255,85,0,ko,주황색,주황,주황,주황색,주황,주황
130,255,0,ko,연두색,연두,연두,연두색,연두,연두
107,255,0,ko,연두색,연두,연두,라임색,라임,라임
255,158,0,ko,주황색,주황,주황,주황색,주황,주황
48,0,255,ko,파랑,파랑,파랑,파란색,파랑,파랑
108,0,255,ko,보라색,보라,보라,보라색,보라,보라
177,255,0,ko,연두색,연두,연두,연두색,연두,연두
0,255,2,ko,초록색,초록,초록,초록색,초록,초록
45,0,255,ko,파랑,파랑,파랑,파란색,파랑,파랑
0,172,255,ko,하늘색,하늘,하늘,파랑,파랑,파랑
27,0,255,ko,파란색,파랑,파랑,파랑,파랑,파랑
255,0,105,ko,분홍색,분홍,분홍,핫핑크,핫핑크,핫핑크
161,0,255,ko,보라색,보라,보라,보라색,보라,보라
255,92,0,ko,주황색,주황,주황,주황색,주황,주황
0,255,235,ko,청록색,청록,청록,아쿠아색,아쿠아,아쿠아
0,255,36,ko,형광초록,형광초록,형광초록,초록색,초록,초록
0,197,255,ko,하늘색,하늘,하늘,파란색,파랑,파랑
255,0,201,ko,자홍색,자홍,자홍,핫핑크,핫핑크,핫핑크
86,255,0,ko,연두색,연두,연두,연두색,연두,연두
255,2,0,ko,빨강,빨강,빨강,빨간색,빨강,빨강
103,0,255,ko,보라색,보라,보라,보라색,보라,보라
0,183,255,ko,하늘색,하늘,하늘,파란색,파랑,파랑
0,108,255,ko,파란색,파랑,파랑,파란색,파랑,파랑
255,12,0,ko,빨강,빨강,빨강,빨간색,빨강,빨강
255,0,22,ko,빨강,빨강,빨강,빨간색,빨강,빨강
255,0,124,ko,분홍색,분홍,분홍,마젠타,마젠타,마젠타
255,0,233,ko,자홍색,자홍,자홍,마젠타,마젠타,마젠타
78,0,255,ko,보라색,보라,보라,보라색,보라,보라
255,0,134,ko,분홍색,분홍,분홍,핫핑크,핫핑크,핫핑크
255,212,0,ko,노란색,노랑,노랑,노란색,노랑,노랑
53,0,255,ko,보라색,보라,보라,파란색,파랑,파랑
78,255,0,ko,연두색,연두,연두,라임색,라임,라임
8,255,0,ko,초록색,초록,초록,라임색,라임,라임
255,0,250,ko,자홍색,자홍,자홍,마젠타,마젠타,마젠타
255,0,237,ko,자홍색,자홍,자홍,마젠타,마젠타,마젠타
0,255,169,ko,민트색,민트,민트,청록색,청록,청록
255,31,0,ko,빨강,빨강,빨강,빨강,빨강,빨강
255,0,143,ko,분홍색,분홍,분홍,분홍색,분홍,분홍
0,255,56,ko,초록색,초록,초록,초록색,초록,초록
0,255,181,ko,민트색,민트,민트,청록색,청록,청록
255,151,0,ko,주황색,주황,주황,주황색,주황,주황
36,255,0,ko,연두색,연두,연두,초록색,초록,초록
0,156,255,ko,파란색,파랑,파랑,파란색,파랑,파랑
0,147,255,ko,파란색,파랑,파랑,파란색,파랑,파랑
166,0,255,ko,보라색,보라,보라,보라색,보라,보라
0,255,141,ko,초록색,초록,초록,청록색,청록,청록
197,0,255,ko,보라색,보라,보라,자주색,자주,자주
255,0,12,ko,빨강,빨강,빨강,빨강,빨강,빨강
0,96,255,ko,파란색,파랑,파랑,파랑,파랑,파랑
166,0,255,ko,보라색,보라,보라,보라색,보라,보라
240,0,255,ko,자홍색,자홍,자홍,마젠타,마젠타,마젠타
255,180,0,ko,주황색,주황,주황,주황색,주황,주황
50,255,0,ko,연두색,연두,연두,형광 초록색,형광 초록,형광초록
104,0,255,ko,보라색,보라,보라,보라색,보라,보라
0,84,255,ko,파란색,파랑,파랑,파랑,파랑,파랑
255,0,238,ko,자홍색,자홍,자홍,자홍색,자홍,자홍
255,186,0,ko,노란색,노랑,노랑,주황색,주황,주황
255,0,133,ko,분홍색,분홍,분홍,핫핑크 진한 분홍색,핫핑크 진 분홍,핫핑크진분홍
212,0,255,ko,보라색,보라,보라,마젠타,마젠타,마젠타
0,255,31,ko,초록색,초록,초록,초록색,초록,초록
194,255,0,ko,형광연두,형광연두,형광연두,라임색,라임,라임
1,255,0,ko,연두색,연두,연두,연두색,연두,연두
240,255,0,ko,노란색,노랑,노랑,노란색,노랑,노랑
78,255,0,ko,연두색,연두,연두,연두색,연두,연두
0,41,255,ko,파랑,파랑,파랑,파랑,파랑,파랑
0,18,255,ko,파란색,파랑,파랑,파란색,파랑,파랑
243,255,0,ko,노란색,노랑,노랑,노란색,노랑,노랑
0,65,255,ko,파랑,파랑,파랑,파란색,파랑,파랑
255,242,0,ko,노란색,노랑,노랑,노란색,노랑,노랑
0,255,241,ko,청록색,청록,청록,청록색,청록,청록
255,2,0,ko,빨강,빨강,빨강,빨간색,빨강,빨강
0,255,69,ko,초록색,초록,초록,라임색,라임,라임
170,0,255,ko,보라색,보라,보라,보라색,보라,보라
212,255,0,ko,형광노랑,형광노랑,형광노랑,형광 연두색,형광 연두,형광연두
255,93,0,ko,주황색,주황,주황,주황색,주황,주황
0,139,255,ko,파랑,파랑,파랑,파란색,파랑,파랑
255,173,0,ko,주황색,주황,주황,주황색,주황,주황
47,0,255,ko,파란색,파랑,파랑,파란색,파랑,파랑
255,0,171,ko,자홍색,자홍,자홍,핫핑크,핫핑크,핫핑크
203,255,0,ko,연두색,연두,연두,라임색,라임,라임
151,255,0,ko,라임색,라임,라임,연두색,연두,연두
188,255,0,ko,연두색,연두,연두,연두색,연두,연두
255,0,129,ko,분홍색,분홍,분홍,핫핑크,핫핑크,핫핑크
255,166,0,ko,주황색,주황,주황,주황색,주황,주황
203,255,0,ko,연두색,연두,연두,라임색,라임,라임
0,255,11,ko,형광초록,형광초록,형광초록,형광 초록색,형광 초록,형광초록
0,65,255,ko,파란색,파랑,파랑,파랑,파랑,파랑
255,0,80,ko,분홍색,분홍,분홍,핫핑크,핫핑크,핫핑크
255,162,0,ko,주황색,주황,주황,주황색,주황,주황
0,96,255,ko,파랑,파랑,파랑,파란색,파랑,파랑
255,120,0,ko,주황색,주황,주황,주황색,주황,주황
0,48,255,ko,파랑,파랑,파랑,파란색,파랑,파랑
0,255,206,ko,청록색,청록,청록,청록색,청록,청록
179,255,0,ko,연두색,연두,연두,라임색,라임,라임
255,58,0,ko,주황색,주황,주황,다홍색,다홍,다홍
0,11,255,ko,파랑,파랑,파랑,파랑,파랑,파랑
189,0,255,ko,보라색,보라,보라,보라색,보라,보라
0,234,255,ko,청록색,청록,청록,터키색,터키,터키
0,255,131,ko,형광초록,형광초록,형광초록,초록색,초록,초록
255,0,175,ko,분홍색,분홍,분홍,핫핑크,핫핑크,핫핑크
44,255,0,ko,연두색,연두,연두,라임색,라임,라임
255,0,12,ko,빨간색,빨강,빨강,빨간색,빨강,빨강
0,255,141,ko,민트색,민트,민트,연두색,연두,연두
245,0,255,ko,자홍색,자홍,자홍,마젠타,마젠타,마젠타
19,255,0,ko,연두색,연두,연두,형광 초록색,형광 초록,형광초록
255,241,0,ko,노란색,노랑,노랑,노란색,노랑,노랑
255,16,0,ko,빨강,빨강,빨강,빨강,빨강,빨강
228,255,0,ko,노란색,노랑,노랑,노란색,노랑,노랑
255,240,0,ko,노란색,노랑,노랑,노란색,노랑,노랑
255,126,0,ko,주황색,주황,주황,주황색,주황,주황
59,0,255,ko,파랑,파랑,파랑,파랑,파랑,파랑
0,201,255,ko,하늘색,하늘,하늘,하늘색,하늘,하늘
94,255,0,ko,연두색,연두,연두,연두색,연두,연두
255,220,0,ko,노란색,노랑,노랑,노란색,노랑,노랑
0,85,255,ko,파란색,파랑,파랑,파란색,파랑,파랑
134,0,255,ko,보라색,보라,보라,보라색,보라,보라
181,255,0,ko,연두색,연두,연두,라임색,라임,라임
0,255,93,ko,연두색,연두,연두,형광 초록,형광 초록,형광초록
255,213,0,ko,노란색,노랑,노랑,노란색,노랑,노랑
204,0,255,ko,보라색,보라,보라,마젠타,마젠타,마젠타
0,108,255,ko,파랑,파랑,파랑,파란색,파랑,파랑
16,255,0,ko,초록색,초록,초록,초록,초록,초록
40,0,255,ko,파랑,파랑,파랑,파랑,파랑,파랑
0,4,255,ko,파란색,파랑,파랑,파란색,파랑,파랑
255,201,0,ko,노란색,노랑,노랑,노란색,노랑,노랑
0,255,123,ko,초록색,초록,초록,라임색,라임,라임
55,0,255,ko,파랑,파랑,파랑,파란색,파랑,파랑
255,135,0,ko,주황색,주황,주황,주황색,주황,주황
0,255,152,ko,초록색,초록,초록,민트색,민트,민트
255,0,241,ko,자홍색,자홍,자홍,마젠타,마젠타,마젠타
240,255,0,ko,노란색,노랑,노랑,노란색,노랑,노랑
223,0,255,ko,자홍색,자홍,자홍,마젠타,마젠타,마젠타
255,0,150,ko,자홍색,자홍,자홍,핑크,핑크,핑크
0,255,178,ko,민트색,민트,민트,민트색,민트,민트
0,255,99,ko,초록색,초록,초록,초록색,초록,초록
144,0,255,ko,보라색,보라,보라,보라색,보라,보라
135,255,0,ko,연두색,연두,연두,연두색,연두,연두
0,255,214,ko,청록색,청록,청록,청록색,청록,청록
0,33,255,ko,파랑,파랑,파랑,파란색,파랑,파랑
0,255,140,ko,민트색,민트,민트,청록색,청록,청록
0,57,255,ko,파랑,파랑,파랑,파란색,파랑,파랑
255,0,23,ko,빨강,빨강,빨강,빨강,빨강,빨강
255,125,0,ko,주황색,주황,주황,주황색,주황,주황
255,0,169,ko,자홍색,자홍,자홍,자홍색,자홍,자홍
230,0,255,ko,자홍색,자홍,자홍,마젠타,마젠타,마젠타
255,93,0,ko,주황색,주황,주황,주황색,주황,주황
255,0,204,ko,자홍색,자홍,자홍,핫핑크,핫핑크,핫핑크
0,233,255,ko,청록색,청록,청록,청록색,청록,청록
0,43,255,ko,파랑,파랑,파랑,파란색,파랑,파랑
255,0,183,ko,자홍색,자홍,자홍,마젠타,마젠타,마젠타
91,255,0,ko,연두색,연두,연두,라임색,라임,라임
0,255,116,ko,초록색,초록,초록,형광 초록색,형광 초록,형광초록
0,176,255,ko,하늘색,하늘,하늘,파랑,파랑,파랑
227,255,0,ko,노란색,노랑,노랑,노랑,노랑,노랑
255,0,47,ko,빨강,빨강,빨강,빨강,빨강,빨강
255,0,233,ko,분홍색,분홍,분홍,마젠타,마젠타,마젠타
0,255,60,ko,초록색,초록,초록,초록색,초록,초록
152,255,0,ko,라임색,라임,라임,연두색,연두,연두
0,255,246,ko,청록색,청록,청록,시안,시안,시안
0,139,255,ko,파랑,파랑,파랑,파란색,파랑,파랑
22,0,255,ko,파란색,파랑,파랑,파란색,파랑,파랑
255,191,0,ko,주황색,주황,주황,귤색,귤,귤
223,0,255,ko,자홍색,자홍,자홍,마젠타,마젠타,마젠타
243,255,0,ko,노란색,노랑,노랑,노란색,노랑,노랑
255,145,0,ko,주황색,주황,주황,주황색,주황,주황
127,255,0,ko,연두색,연두,연두,연두색,연두,연두
255,0,207,ko,자홍색,자홍,자홍,자홍색,자홍,자홍
76,0,255,ko,보라색,보라,보라,청보라,청보라,청보라
255,195,0,ko,노랑,노랑,노랑,노란색,노랑,노랑
0,255,87,ko,초록색,초록,초록,형광 초록색,형광 초록,형광초록
150,255,0,ko,형광 연두,형광 연두,형광연두,라임색,라임,라임
252,255,0,ko,노란색,노랑,노랑,노란색,노랑,노랑
255,97,0,ko,주황색,주황,주황,주황색,주황,주황
255,0,130,ko,분홍색,분홍,분홍,핫핑크,핫핑크,핫핑크
209,0,255,ko,보라색,보라,보라,자주색,자주,자주
255,11,0,ko,빨강,빨강,빨강,빨간색,빨강,빨강
255,0,242,ko,자홍색,자홍,자홍,마젠타,마젠타,마젠타
255,0,198,ko,자홍색,자홍,자홍,핫핑크,핫핑크,핫핑크
255,178,0,ko,주황색,주황,주황,주황색,주황,주황
119,0,255,ko,보라색,보라,보라,보라색,보라,보라
0,255,27,ko,형광초록,형광초록,형광초록,초록색,초록,초록
164,0,255,ko,보라색,보라,보라,보라색,보라,보라
255,0,7,ko,빨간색,빨강,빨강,빨간색,빨강,빨강
0,255,76,ko,연두색,연두,연두,형광 초록색,형광 초록,형광초록
255,65,0,ko,주황색,주황,주황,다홍색,다홍,다홍
0,255,215,ko,청록색,청록,청록,청록색,청록,청록
170,0,255,ko,보라색,보라,보라,보라색,보라,보라
243,0,255,ko,보라색,보라,보라,마젠타,마젠타,마젠타
39,255,0,ko,연두색,연두,연두,형광 초록색,형광 초록,형광초록
0,182,255,ko,하늘색,하늘,하늘,하늘색,하늘,하늘
150,255,0,ko,연두색,연두,연두,연두색,연두,연두
0,255,5,ko,연두색,연두,연두,초록색,초록,초록
187,255,0,ko,형광 연두색,형광 연두,형광연두,라임색,라임,라임
255,18,0,ko,빨강,빨강,빨강,빨강,빨강,빨강
0,255,73,ko,초록색,초록,초록,형광 초록색,형광 초록,형광초록
0,255,238,ko,청록색,청록,청록,청록색,청록,청록
0,255,21,ko,형광연두,형광연두,형광연두,초록색,초록,초록
83,0,255,ko,보라색,보라,보라,보라색,보라,보라
255,47,0,ko,주황색,주황,주황,다홍색,다홍,다홍
0,255,101,ko,형광초록,형광초록,형광초록,초록색,초록,초록
252,0,255,ko,자홍색,자홍,자홍,마젠타,마젠타,마젠타
153,0,255,ko,보라색,보라,보라,보라색,보라,보라
255,0,116,ko,분홍색,분홍,분홍,핫핑크,핫핑크,핫핑크
0,255,127,ko,초록색,초록,초록,초록색,초록,초록
255,0,34,ko,빨강,빨강,빨강,빨강,빨강,빨강
0,255,0,ko,초록색,초록,초록,라임색,라임,라임
121,0,255,ko,보라색,보라,보라,보라색,보라,보라
0,69,255,ko,파랑,파랑,파랑,파랑,파랑,파랑
39,255,0,ko,연두색,연두,연두,라임색,라임,라임
255,0,114,ko,분홍색,분홍,분홍,핫핑크색,핫핑크,핫핑크
0,57,255,ko,파란색,파랑,파랑,파란색,파랑,파랑
0,255,39,ko,형광초록,형광초록,형광초록,초록색,초록,초록
255,0,213,ko,자홍색,자홍,자홍,마젠타색,마젠타,마젠타
0,229,255,ko,하늘색,하늘,하늘,하늘색,하늘,하늘
179,255,0,ko,라임색,라임,라임,라임색,라임,라임
184,0,255,ko,보라색,보라,보라,자주색,자주,자주
0,255,144,ko,민트색,민트,민트,초록색,초록,초록
255,0,164,ko,자홍색,자홍,자홍,핫핑크,핫핑크,핫핑크
255,0,26,ko,빨간색,빨강,빨강,빨강,빨강,빨강
255,0,166,ko,분홍색,분홍,분홍,핑크색,핑크,핑크
0,255,76,ko,형광초록,형광초록,형광초록,초록색,초록,초록
0,162,255,ko,하늘색,하늘,하늘,파랑,파랑,파랑
145,255,0,ko,연두색,연두,연두,라임색,라임,라임
255,0,6,ko,빨강,빨강,빨강,빨간색,빨강,빨강
255,50,0,ko,주황색,주황,주황,다홍색,다홍,다홍
16,255,0,ko,초록색,초록,초록,초록색,초록,초록
255,249,0,ko,노란색,노랑,노랑,노란색,노랑,노랑
255,157,0,ko,주황색,주황,주황,주황색,주황,주황
255,0,226,ko,자홍색,자홍,자홍,마젠타,마젠타,마젠타
255,0,237,ko,자홍색,자홍,자홍,마젠타,마젠타,마젠타
0,11,255,ko,파란색,파랑,파랑,파란색,파랑,파랑
172,0,255,ko,보라색,보라,보라,보라색,보라,보라
0,255,92,ko,초록색,초록,초록,초록색,초록,초록
255,0,240,ko,자홍색,자홍,자홍,마젠타,마젠타,마젠타
255,71,0,ko,주황색,주황,주황,주황색,주황,주황
224,255,0,ko,연두색,연두,연두,형광 노랑,형광 노랑,형광노랑
206,0,255,ko,보라색,보라,보라,자주색,자주,자주
255,14,0,ko,빨강,빨강,빨강,빨강,빨강,빨강
54,255,0,ko,연두색,연두,연두,형광 초록색,형광 초록,형광초록
0,243,255,ko,시안,시안,시안,청록색,청록,청록
0,255,155,ko,청록색,청록,청록,청록색,청록,청록
0,255,215,ko,청록색,청록,청록,청록색,청록,청록
255,148,0,ko,주황색,주황,주황,주황색,주황,주황
144,0,255,ko,보라색,보라,보라,보라색,보라,보라
0,129,255,ko,파란색,파랑,파랑,파랑,파랑,파랑
0,255,61,ko,초록색,초록,초록,라임색,라임,라임
255,250,0,ko,노란색,노랑,노랑,노란색,노랑,노랑
192,0,255,ko,보라색,보라,보라,보라색,보라,보라
155,0,255,ko,보라색,보라,보라,보라색,보라,보라
21,255,0,ko,연두색,연두,연두,초록색,초록,초록
0,5,255,ko,파랑,파랑,파랑,파란색,파랑,파랑
140,0,255,ko,보라색,보라,보라,보라색,보라,보라
0,255,125,ko,초록색,초록,초록,연두색,연두,연두
255,85,0,ko,주황색,주황,주황,주황색,주황,주황
0,162,255,ko,파란색,파랑,파랑,파란색,파랑,파랑
0,255,35,ko,초록색,초록,초록,연두색,연두,연두
128,255,0,ko,연두색,연두,연두,연두색,연두,연두
255,0,77,ko,분홍색,분홍,분홍,핫핑크,핫핑크,핫핑크
170,255,0,ko,연두색,연두,연두,형광 연두색,형광 연두,형광연두
22,0,255,ko,파랑,파랑,파랑,파란색,파랑,파랑
0,197,255,ko,하늘색,하늘,하늘,하늘색,하늘,하늘
255,62,0,ko,주황색,주황,주황,다홍색,다홍,다홍
0,187,255,ko,하늘색,하늘,하늘,하늘색,하늘,하늘
0,255,153,ko,민트색,민트,민트,초록색,초록,초록
255,232,0,ko,노란색,노랑,노랑,노란색,노랑,노랑
0,9,255,ko,파랑,파랑,파랑,파란색,파랑,파랑
0,36,255,ko,파란색,파랑,파랑,파란색,파랑,파랑
85,0,255,ko,보라색,보라,보라,보라색,보라,보라
48,255,0,ko,초록색,초록,초록,초록색,초록,초록
255,78,0,ko,주황색,주황,주황,주황색,주황,주황
255,0,80,ko,분홍색,분홍,분홍,핫핑크,핫핑크,핫핑크
107,0,255,ko,보라색,보라,보라,보라색,보라,보라
128,0,255,ko,보라색,보라,보라,보라색,보라,보라
0,255,183,ko,민트색,민트,민트,청록색,청록,청록
0,255,65,ko,초록색,초록,초록,초록색,초록,초록
237,255,0,ko,노란색,노랑,노랑,노란색,노랑,노랑
255,0,177,ko,분홍색,분홍,분홍,마젠타,마젠타,마젠타
255,0,31,ko,빨간색,빨강,빨강,빨강,빨강,빨강
0,255,1,ko,초록색,초록,초록,초록색,초록,초록
138,255,0,ko,연두색,연두,연두,연두색,연두,연두
130,255,0,ko,연두색,연두,연두,연두색,연두,연두
49,0,255,ko,파랑,파랑,파랑,파란색,파랑,파랑
0,155,255,ko,파란색,파랑,파랑,하늘색,하늘,하늘
0,189,255,ko,하늘색,하늘,하늘,하늘색,하늘,하늘
40,0,255,ko,파랑,파랑,파랑,파란색,파랑,파랑
255,199,0,ko,노란색,노랑,노랑,노란색,노랑,노랑
0,184,255,ko,하늘색,하늘,하늘,하늘색,하늘,하늘
255,0,208,ko,자홍색,자홍,자홍,핫핑크,핫핑크,핫핑크
139,0,255,ko,보라색,보라,보라,보라색,보라,보라
255,105,0,ko,주황색,주황,주황,주황색,주황,주황
0,255,54,ko,초록색,초록,초록,연두색,연두,연두
255,147,0,ko,주황색,주황,주황,주황색,주황,주황
0,255,48,ko,초록색,초록,초록,초록색,초록,초록
111,255,0,ko,연두색,연두,연두,라임색,라임,라임
0,80,255,ko,파란색,파랑,파랑,파란색,파랑,파랑
133,0,255,ko,보라색,보라,보라,보라색,보라,보라
0,255,165,ko,민트색,민트,민트,민트색,민트,민트
255,0,217,ko,자홍색,자홍,자홍,마젠타,마젠타,마젠타
255,168,0,ko,주황색,주황,주황,주황색,주황,주황
0,214,255,ko,하늘색,하늘,하늘,하늘색,하늘,하늘
116,255,0,ko,연두색,연두,연두,연두색,연두,연두
93,255,0,ko,연두색,연두,연두,연두색,연두,연두
255,170,0,ko,주황색,주황,주황,주황색,주황,주황
255,79,0,ko,주황색,주황,주황,주황색,주황,주황
0,255,20,ko,형광초록,형광초록,형광초록,초록색,초록,초록
187,0,255,ko,보라색,보라,보라,마젠타,마젠타,마젠타
248,255,0,ko,노란색,노랑,노랑,노란색,노랑,노랑
255,16,0,ko,빨강,빨강,빨강,빨강,빨강,빨강
255,0,20,ko,빨간색,빨강,빨강,빨간색,빨강,빨강
0,255,131,ko,형광초록,형광초록,형광초록,연두색,연두,연두
255,0,59,ko,빨강,빨강,빨강,자주색,자주,자주
22,255,0,ko,연두색,연두,연두,초록,초록,초록
0,116,255,ko,파랑,파랑,파랑,파란색,파랑,파랑
135,255,0,ko,연두색,연두,연두,라임색,라임,라임
255,0,95,ko,분홍색,분홍,분홍,핫핑크,핫핑크,핫핑크
0,70,255,ko,파란색,파랑,파랑,파란색,파랑,파랑
109,0,255,ko,보라색,보라,보라,보라색,보라,보라
217,0,255,ko,자홍색,자홍,자홍,마젠타,마젠타,마젠타
0,255,51,ko,초록색,초록,초록,초록색,초록,초록
255,0,29,ko,빨강,빨강,빨강,빨간색,빨강,빨강
0,57,255,ko,파란색,파랑,파랑,파란색,파랑,파랑
0,105,255,ko,파랑,파랑,파랑,파란색,파랑,파랑
0,105,255,ko,파란색,파랑,파랑,파란색,파랑,파랑
150,255,0,ko,연두색,연두,연두,라임색,라임,라임
255,0,219,ko,자홍색,자홍,자홍,자홍색,자홍,자홍
0,255,83,ko,연두색,연두,연두,초록색,초록,초록
255,0,73,ko,진홍색,진홍,진홍,진홍색,진홍,진홍
0,255,130,ko,초록색,초록,초록,형광 초록색,형광 초록,형광초록
0,98,255,ko,파란색,파랑,파랑,파란색,파랑,파랑
0,11,255,ko,파란색,파랑,파랑,파란색,파랑,파랑
0,255,237,ko,청록색,청록,청록,시안색,시안,시안
255,235,0,ko,노란색,노랑,노랑,노란색,노랑,노랑
255,0,248,ko,자홍색,자홍,자홍,마젠타색,마젠타,마젠타
99,0,255,ko,보라색,보라,보라,보라색,보라,보라
46,255,0,ko,연두색,연두,연두,라임색,라임,라임
255,0,235,ko,자홍색,자홍,자홍,마젠타,마젠타,마젠타
0,255,79,ko,연두색,연두,연두,연두색,연두,연두
0,255,197,ko,청록색,청록,청록,터키색,터키,터키
0,191,255,ko,하늘색,하늘,하늘,파란색,파랑,파랑
209,0,255,ko,보라색,보라,보라,마젠타,마젠타,마젠타
51,0,255,ko,파란색,파랑,파랑,파란색,파랑,파랑
0,11,255,ko,파랑,파랑,파랑,파란색,파랑,파랑
222,0,255,ko,자주색,자주,자주,마젠타,마젠타,마젠타
0,255,91,ko,연두색,연두,연두,형광 초록,형광 초록,형광초록
157,0,255,ko,보라색,보라,보라,보라색,보라,보라
150,0,255,ko,보라색,보라,보라,보라,보라,보라
59,255,0,ko,연두색,연두,연두,초록색,초록,초록
0,255,56,ko,형광초록,형광초록,형광초록,형광 초록색,형광 초록,형광초록
255,0,9,ko,빨강,빨강,빨강,빨간색,빨강,빨강
255,204,0,ko,노란색,노랑,노랑,노란색,노랑,노랑
23,255,0,ko,초록색,초록,초록,초록,초록,초록
255,251,0,ko,노란색,노랑,노랑,노랑,노랑,노랑
0,255,8,ko,연두색,연두,연두,초록색,초록,초록
5,0,255,ko,파란색,파랑,파랑,파란색,파랑,파랑
255,0,79,ko,분홍색,분홍,분홍,핫핑크,핫핑크,핫핑크
255,63,0,ko,주황색,주황,주황,주황색,주황,주황
0,28,255,ko,파란색,파랑,파랑,파랑,파랑,파랑
151,0,255,ko,보라색,보라,보라,보라색,보라,보라
0,255,112,ko,연두색,연두,연두,초록색,초록,초록
140,255,0,ko,라임색,라임,라임,라임색,라임,라임
0,169,255,ko,하늘색,하늘,하늘,파란색,파랑,파랑
255,0,243,ko,자홍색,자홍,자홍,마젠타,마젠타,마젠타
255,83,0,ko,주황색,주황,주황,주황색,주황,주황
48,0,255,ko,파란색,파랑,파랑,파란색,파랑,파랑
255,0,203,ko,자홍색,자홍,자홍,핫핑크,핫핑크,핫핑크
182,0,255,ko,보라색,보라,보라,보라색,보라,보라
141,0,255,ko,보라색,보라,보라,보라색,보라,보라
255,27,0,ko,빨강,빨강,빨강,빨간색,빨강,빨강
255,0,202,ko,자홍색,자홍,자홍,마젠타,마젠타,마젠타
0,255,241,ko,청록색,청록,청록,청록색,청록,청록
2,0,255,ko,파랑,파랑,파랑,파란색,파랑,파랑
0,245,255,ko,청록색,청록,청록,청록색,청록,청록
201,255,0,ko,연두색,연두,연두,라임색,라임,라임
42,0,255,ko,파랑,파랑,파랑,파란색,파랑,파랑
238,255,0,ko,노란색,노랑,노랑,노란색,노랑,노랑
58,0,255,ko,파란색,파랑,파랑,파란색,파랑,파랑
255,0,131,ko,분홍색,분홍,분홍,진분홍,진분홍,진분홍
255,207,0,ko,노란색,노랑,노랑,노랑,노랑,노랑
139,0,255,ko,보라색,보라,보라,보라색,보라,보라
255,123,0,ko,주황색,주황,주황,주황색,주황,주황
255,0,188,ko,마젠타,마젠타,마젠타,핫핑크,핫핑크,핫핑크
147,0,255,ko,보라색,보라,보라,보라색,보라,보라
56,0,255,ko,파란색,파랑,파랑,파란색,파랑,파랑
255,206,0,ko,노란색,노랑,노랑,노랑,노랑,노랑
208,255,0,ko,연두색,연두,연두,형광 연두,형광 연두,형광연두
255,1,0,ko,빨강,빨강,빨강,빨강,빨강,빨강
128,255,0,ko,연두색,연두,연두,연두색,연두,연두
255,220,0,ko,노란색,노랑,노랑,노란색,노랑,노랑
0,255,132,ko,민트색,민트,민트,연두색,연두,연두
200,0,255,ko,보라색,보라,보라,보라색,보라,보라
255,0,246,ko,자홍색,자홍,자홍,마젠타,마젠타,마젠타
183,255,0,ko,연두색,연두,연두,라임색,라임,라임
66,255,0,ko,형광 연두색,형광 연두,형광연두,라임색,라임,라임
0,255,154,ko,청록색,청록,청록,청록색,청록,청록
255,208,0,ko,노란색,노랑,노랑,노랑,노랑,노랑
0,255,39,ko,연두색,연두,연두,라임색,라임,라임
101,255,0,ko,연두색,연두,연두,연두색,연두,연두
21,0,255,ko,파란색,파랑,파랑,파랑,파랑,파랑
252,255,0,ko,노란색,노랑,노랑,노란색,노랑,노랑
255,82,0,ko,주황색,주황,주황,주황색,주황,주황
16,0,255,ko,파랑,파랑,파랑,파란색,파랑,파랑
128,255,0,ko,형광초록,형광초록,형광초록,연두색,연두,연두
255,0,32,ko,빨강,빨강,빨강,빨간색,빨강,빨강
246,0,255,ko,자홍색,자홍,자홍,마젠타,마젠타,마젠타
0,255,123,ko,초록색,초록,초록,에메랄드 그린,에메랄드 그린,에메랄드그린
0,104,255,ko,파랑,파랑,파랑,파란색,파랑,파랑
255,0,32,ko,빨강,빨강,빨강,빨강,빨강,빨강
255,141,0,ko,주황색,주황,주황,주황색,주황,주황
225,0,255,ko,자주색,자주,자주,마젠타,마젠타,마젠타
0,181,255,ko,하늘색,하늘,하늘,하늘색,하늘,하늘
255,75,0,ko,주황색,주황,주황,주황색,주황,주황
217,0,255,ko,자홍색,자홍,자홍,마젠타,마젠타,마젠타
0,255,212,ko,청록색,청록,청록,청록색,청록,청록
179,0,255,ko,보라색,보라,보라,보라색,보라,보라
255,0,76,ko,분홍색,분홍,분홍,마젠타,마젠타,마젠타
5,0,255,ko,파랑,파랑,파랑,파란색,파랑,파랑
188,255,0,ko,연두색,연두,연두,라임색,라임,라임
255,200,0,ko,노란색,노랑,노랑,노란색,노랑,노랑
66,0,255,ko,보라색,보라,보라,파랑,파랑,파랑
255,100,0,ko,주황색,주황,주황,주황색,주황,주황
0,31,255,ko,파랑,파랑,파랑,파란색,파랑,파랑
240,0,255,ko,자주색,자주,자주,마젠타,마젠타,마젠타
0,255,230,ko,청록색,청록,청록,청록색,청록,청록
135,255,0,ko,연두색,연두,연두,라임색,라임,라임
255,0,34,ko,빨강,빨강,빨강,빨강,빨강,빨강
0,255,159,ko,민트색,민트,민트,청록색,청록,청록
168,0,255,ko,보라색,보라,보라,보라색,보라,보라
255,164,0,ko,주황색,주황,주황,주황색,주황,주황
145,0,255,ko,보라색,보라,보라,보라색,보라,보라
0,195,255,ko,하늘색,하늘,하늘,하늘색,하늘,하늘
255,204,0,ko,노란색,노랑,노랑,노랑,노랑,노랑
0,255,238,ko,청록색,청록,청록,시안,시안,시안
0,255,160,ko,청록색,청록,청록,청록색,청록,청록
255,133,0,ko,주황색,주황,주황,주황색,주황,주황
0,18,255,ko,파랑,파랑,파랑,파란색,파랑,파랑
0,255,218,ko,청록색,청록,청록,청록색,청록,청록
0,9,255,ko,파란색,파랑,파랑,파란색,파랑,파랑
128,255,0,ko,연두색,연두,연두,연두색,연두,연두
163,255,0,ko,연두색,연두,연두,연두색,연두,연두
161,0,255,ko,보라색,보라,보라,보라색,보라,보라
121,0,255,ko,보라색,보라,보라,보라색,보라,보라
255,0,53,ko,빨강,빨강,빨강,빨강,빨강,빨강
167,0,255,ko,보라색,보라,보라,보라색,보라,보라
255,39,0,ko,빨간색,빨강,빨강,다홍색,다홍,다홍
0,255,143,ko,초록색,초록,초록,초록,초록,초록
0,255,99,ko,초록색,초록,초록,초록색,초록,초록
0,183,255,ko,하늘색,하늘,하늘,하늘색,하늘,하늘
255,209,0,ko,노란색,노랑,노랑,노랑,노랑,노랑
0,255,28,ko,연두색,연두,연두,초록색,초록,초록
182,255,0,ko,연두색,연두,연두,라임색,라임,라임
185,255,0,ko,연두색,연두,연두,라임색,라임,라임
255,209,0,ko,노란색,노랑,노랑,노란색,노랑,노랑
0,255,195,ko,청록색,청록,청록,청록색,청록,청록
39,0,255,ko,파랑,파랑,파랑,파란색,파랑,파랑
195,0,255,ko,보라색,보라,보라,보라색,보라,보라
0,170,255,ko,하늘색,하늘,하늘,하늘색,하늘,하늘
255,0,49,ko,빨강,빨강,빨강,선홍색,선홍,선홍
0,255,85,ko,형광초록,형광초록,형광초록,초록,초록,초록
255,0,98,ko,분홍색,분홍,분홍,진분홍색,진분홍,진분홍
186,0,255,ko,보라색,보라,보라,보라색,보라,보라
0,172,255,ko,하늘색,하늘,하늘,파란색,파랑,파랑
0,216,255,ko,하늘색,하늘,하늘,아쿠아색,아쿠아,아쿠아
128,255,0,ko,연두색,연두,연두,연두색,연두,연두
255,0,224,ko,자홍색,자홍,자홍,마젠타,마젠타,마젠타
158,255,0,ko,연두색,연두,연두,라임색,라임,라임
0,242,255,ko,청록색,청록,청록,청록색,청록,청록
166,0,255,ko,보라색,보라,보라,보라색,보라,보라
255,73,0,ko,주황색,주황,주황,다홍색,다홍,다홍
201,0,255,ko,보라색,보라,보라,마젠타색,마젠타,마젠타
32,0,255,ko,파란색,파랑,파랑,파란색,파랑,파랑
0,255,29,ko,형광 초록,형광 초록,형광초록,초록색,초록,초록
255,0,92,ko,분홍색,분홍,분홍,핫핑크,핫핑크,핫핑크
255,0,151,ko,자홍색,자홍,자홍,핫핑크색,핫핑크,핫핑크
0,193,255,ko,하늘색,하늘,하늘,파란색,파랑,파랑
255,191,0,ko,주황색,주황,주황,주황색,주황,주황
255,0,200,ko,분홍색,분홍,분홍,핑크,핑크,핑크
57,255,0,ko,형광초록,형광초록,형광초록,형광 초록색,형광 초록,형광초록
101,0,255,ko,보라색,보라,보라,보라색,보라,보라
255,0,53,ko,분홍색,분홍,분홍,선홍색,선홍,선홍
0,156,255,ko,파란색,파랑,파랑,파란색,파랑,파랑
35,255,0,ko,연두색,연두,연두,형광 초록,형광 초록,형광초록
0,140,255,ko,파란색,파랑,파랑,파랑,파랑,파랑
255,166,0,ko,주황색,주황,주황,주황색,주황,주황
255,0,93,ko,분홍색,분홍,분홍,핫핑크색,핫핑크,핫핑크
255,234,0,ko,노란색,노랑,노랑,노란색,노랑,노랑
255,0,2,ko,빨간색,빨강,빨강,빨간색,빨강,빨강
161,0,255,ko,보라색,보라,보라,보라색,보라,보라
159,0,255,ko,보라색,보라,보라,보라색,보라,보라
206,255,0,ko,라임색,라임,라임,라임색,라임,라임
76,255,0,ko,연두색,연두,연두,라임색,라임,라임
86,0,255,ko,보라색,보라,보라,청보라,청보라,청보라
240,255,0,ko,노랑,노랑,노랑,노란색,노랑,노랑
255,32,0,ko,빨강,빨강,빨강,빨강,빨강,빨강
0,255,189,ko,민트색,민트,민트,청록색,청록,청록
0,127,255,ko,파란색,파랑,파랑,파란색,파랑,파랑
0,176,255,ko,하늘색,하늘,하늘,하늘색,하늘,하늘
118,255,0,ko,연두색,연두,연두,연두색,연두,연두
0,231,255,ko,하늘색,하늘,하늘,청록색,청록,청록
57,0,255,ko,보라색,보라,보라,파란색,파랑,파랑
255,255,0,ko,노란색,노랑,노랑,노란색,노랑,노랑
255,60,0,ko,주황색,주황,주황,다홍색,다홍,다홍
0,255,113,ko,초록색,초록,초록,초록색,초록,초록
255,97,0,ko,주황색,주황,주황,주황색,주황,주황
223,255,0,ko,형광 노랑,형광 노랑,형광노랑,형광 노랑,형광 노랑,형광노랑
0,71,255,ko,파란색,파랑,파랑,파란색,파랑,파랑
0,12,255,ko,파란색,파랑,파랑,파란색,파랑,파랑
255,0,194,ko,분홍색,분홍,분홍,핫핑크,핫핑크,핫핑크
0,61,255,ko,파랑,파랑,파랑,파란색,파랑,파랑
255,134,0,ko,주황색,주황,주황,주황색,주황,주황
0,255,86,ko,형광초록,형광초록,형광초록,형광 초록색,형광 초록,형광초록
10,255,0,ko,연두색,연두,연두,초록색,초록,초록
166,255,0,ko,연두색,연두,연두,연두색,연두,연두
212,255,0,ko,연두색,연두,연두,형광 연두색,형광 연두,형광연두
255,135,0,ko,주황색,주황,주황,주황색,주황,주황
255,129,0,ko,주황색,주황,주황,주황색,주황,주황
255,54,0,ko,주황색,주황,주황,다홍색,다홍,다홍
0,130,255,ko,파란색,파랑,파랑,파란색,파랑,파랑
0,255,226,ko,청록색,청록,청록,청록색,청록,청록
0,255,222,ko,청록색,청록,청록,청록색,청록,청록
90,0,255,ko,보라색,보라,보라,보라색,보라,보라
0,177,255,ko,하늘색,하늘,하늘,하늘색,하늘,하늘
255,42,0,ko,주황색,주황,주황,빨간색,빨강,빨강
0,138,255,ko,파랑,파랑,파랑,파란색,파랑,파랑
255,0,184,ko,분홍색,분홍,분홍,자홍색,자홍,자홍
188,255,0,ko,라임색,라임,라임,라임색,라임,라임
0,255,20,ko,초록색,초록,초록,초록색,초록,초록
0,245,255,ko,청록색,청록,청록,시안색,시안,시안
0,255,22,ko,연두색,연두,연두,초록색,초록,초록
238,255,0,ko,노란색,노랑,노랑,노란색,노랑,노랑
255,191,0,ko,주황색,주황,주황,황금색,황금,황금
255,64,0,ko,주황색,주황,주황,주황색,주황,주황
255,0,133,ko,자홍색,자홍,자홍,핫핑크,핫핑크,핫핑크
58,255,0,ko,연두색,연두,연두,초록색,초록,초록
0,107,255,ko,파란색,파랑,파랑,파란색,파랑,파랑
67,0,255,ko,보라색,보라,보라,파란색,파랑,파랑
57,255,0,ko,연두색,연두,연두,형광 초록색,형광 초록,형광초록
0,203,255,ko,하늘색,하늘,하늘,파란색,파랑,파랑
0,255,125,ko,연두색,연두,연두,초록색,초록,초록
255,103,0,ko,주황색,주황,주황,주황색,주황,주황
0,11,255,ko,파랑,파랑,파랑,파랑,파랑,파랑
255,65,0,ko,주황색,주황,주황,주황색,주황,주황
255,246,0,ko,노랑,노랑,노랑,노란색,노랑,노랑
167,0,255,ko,보라색,보라,보라,보라색,보라,보라
165,255,0,ko,연두색,연두,연두,라임색,라임,라임
147,255,0,ko,연두색,연두,연두,연두색,연두,연두
184,255,0,ko,형광 연두색,형광 연두,형광연두,연두색,연두,연두
255,0,121,ko,분홍색,분홍,분홍,핫핑크,핫핑크,핫핑크
0,255,62,ko,연두색,연두,연두,초록색,초록,초록
255,217,0,ko,노란색,노랑,노랑,노란색,노랑,노랑
255,0,45,ko,빨강,빨강,빨강,빨간색,빨강,빨강
255,180,0,ko,주황색,주황,주황,주황색,주황,주황
0,104,255,ko,파란색,파랑,파랑,파란색,파랑,파랑
68,0,255,ko,보라색,보라,보라,파란색,파랑,파랑
202,0,255,ko,보라색,보라,보라,마젠타,마젠타,마젠타
55,0,255,ko,보라색,보라,보라,파란색,파랑,파랑
0,255,57,ko,연두색,연두,연두,형광 초록,형광 초록,형광초록
119,0,255,ko,보라색,보라,보라,보라색,보라,보라
0,114,255,ko,파란색,파랑,파랑,파란색,파랑,파랑
31,255,0,ko,초록색,초록,초록,초록색,초록,초록
17,255,0,ko,초록색,초록,초록,초록색,초록,초록
0,5,255,ko,파랑,파랑,파랑,파란색,파랑,파랑
0,255,48,ko,형광초록,형광초록,형광초록,초록색,초록,초록
0,0,255,ko,파랑,파랑,파랑,파란색,파랑,파랑
0,255,169,ko,민트색,민트,민트,민트색,민트,민트
255,0,205,ko,자홍색,자홍,자홍,분홍색,분홍,분홍
17,0,255,ko,파랑,파랑,파랑,파란색,파랑,파랑
255,0,5,ko,빨간색,빨강,빨강,빨강,빨강,빨강
71,0,255,ko,보라색,보라,보라,남보라색,남보라,남보라
255,54,0,ko,주황색,주황,주황,주황색,주황,주황
255,0,16,ko,빨간색,빨강,빨강,빨강,빨강,빨강
255,158,0,ko,주황색,주황,주황,주황색,주황,주황
255,210,0,ko,노란색,노랑,노랑,노란색,노랑,노랑
255,0,90,ko,분홍색,분홍,분홍,핫핑크색,핫핑크,핫핑크
255,156,0,ko,주황색,주황,주황,주황색,주황,주황
160,0,255,ko,보라색,보라,보라,보라색,보라,보라
0,255,94,ko,초록색,초록,초록,초록색,초록,초록
206,0,255,ko,보라색,보라,보라,마젠타색,마젠타,마젠타
94,255,0,ko,연두색,연두,연두,연두색,연두,연두
0,255,38,ko,초록색,초록,초록,초록색,초록,초록
182,255,0,ko,연두색,연두,연두,라임색,라임,라임
255,66,0,ko,주황색,주황,주황,주황색,주황,주황
0,107,255,ko,파랑,파랑,파랑,파란색,파랑,파랑
82,0,255,ko,보라색,보라,보라,보라색,보라,보라
0,37,255,ko,파란색,파랑,파랑,파란색,파랑,파랑
255,0,206,ko,분홍색,분홍,분홍,마젠타,마젠타,마젠타
253,0,255,ko,분홍색,분홍,분홍,마젠타,마젠타,마젠타
0,56,255,ko,파랑,파랑,파랑,파랑,파랑,파랑
0,46,255,ko,파랑,파랑,파랑,파란색,파랑,파랑
250,0,255,ko,자홍색,자홍,자홍,마젠타,마젠타,마젠타
152,255,0,ko,연두색,연두,연두,연두색,연두,연두
0,229,255,ko,하늘색,하늘,하늘,하늘색,하늘,하늘
255,186,0,ko,주황색,주황,주황,주황색,주황,주황
201,255,0,ko,형광연두,형광연두,형광연두,형광 연두색,형광 연두,형광연두
255,0,57,ko,빨간색,빨강,빨강,선홍색,선홍,선홍
255,0,76,ko,진분홍,진분홍,진분홍,핫핑크색,핫핑크,핫핑크
255,0,114,ko,분홍색,분홍,분홍,핫핑크,핫핑크,핫핑크
217,255,0,ko,연두색,연두,연두,연두,연두,연두
255,0,191,ko,분홍색,분홍,분홍,마젠타,마젠타,마젠타
255,113,0,ko,주황색,주황,주황,주황색,주황,주황
135,0,255,ko,보라색,보라,보라,보라색,보라,보라
255,211,0,ko,노란색,노랑,노랑,노란색,노랑,노랑
43,0,255,ko,파랑,파랑,파랑,파랑,파랑,파랑
0,255,109,ko,형광초록,형광초록,형광초록,밝은 초록색,밝은 초록,밝은초록
255,110,0,ko,주황색,주황,주황,주황색,주황,주황
176,0,255,ko,보라색,보라,보라,보라색,보라,보라
122,0,255,ko,보라색,보라,보라,보라색,보라,보라
180,0,255,ko,보라색,보라,보라,보라색,보라,보라
255,158,0,ko,주황색,주황,주황,주황색,주황,주황
116,0,255,ko,보라색,보라,보라,보라색,보라,보라
0,255,219,ko,청록색,청록,청록,청록색,청록,청록
0,255,254,ko,청록색,청록,청록,청록색,청록,청록
0,255,138,ko,형광초록,형광초록,형광초록,형광 초록색,형광 초록,형광초록
255,0,243,ko,자홍색,자홍,자홍,마젠타,마젠타,마젠타
228,255,0,ko,노란색,노랑,노랑,노란색,노랑,노랑
212,0,255,ko,보라색,보라,보라,마젠타,마젠타,마젠타
0,255,211,ko,청록색,청록,청록,청록색,청록,청록
255,0,98,ko,분홍색,분홍,분홍,핫핑크,핫핑크,핫핑크
252,255,0,ko,노란색,노랑,노랑,노란색,노랑,노랑
185,255,0,ko,형광연두,형광연두,형광연두,라임색,라임,라임
0,255,48,ko,연두색,연두,연두,초록색,초록,초록
0,73,255,ko,파랑,파랑,파랑,파랑,파랑,파랑
255,198,0,ko,노란색,노랑,노랑,노랑,노랑,노랑
88,255,0,ko,연두색,연두,연두,라임색,라임,라임
255,34,0,ko,주황색,주황,주황,다홍색,다홍,다홍
168,0,255,ko,보라색,보라,보라,보라색,보라,보라
236,0,255,ko,자홍색,자홍,자홍,마젠타,마젠타,마젠타
0,255,136,ko,민트색,민트,민트,형광 초록색,형광 초록,형광초록
255,0,115,ko,분홍색,분홍,분홍,핫핑크,핫핑크,핫핑크
255,0,248,ko,자홍색,자홍,자홍,마젠타,마젠타,마젠타
255,0,121,ko,분홍색,분홍,분홍,핫핑크,핫핑크,핫핑크
144,0,255,ko,보라색,보라,보라,보라색,보라,보라
0,88,255,ko,파랑,파랑,파랑,파란색,파랑,파랑
255,168,0,ko,주황색,주황,주황,주황색,주황,주황
144,255,0,ko,연두색,연두,연두,연두색,연두,연두
255,13,0,ko,빨강,빨강,빨강,빨간색,빨강,빨강
0,255,34,ko,초록색,초록,초록,초록색,초록,초록
108,0,255,ko,보라색,보라,보라,보라색,보라,보라
0,58,255,ko,파랑,파랑,파랑,파란색,파랑,파랑
0,23,255,ko,파랑,파랑,파랑,파란색,파랑,파랑
134,0,255,ko,보라색,보라,보라,보라색,보라,보라
255,0,100,ko,진분홍,진분홍,진분홍,핫핑크,핫핑크,핫핑크
255,0,61,ko,빨간색,빨강,빨강,자홍색,자홍,자홍
255,249,0,ko,노란색,노랑,노랑,노란색,노랑,노랑
196,255,0,ko,연두색,연두,연두,라임색,라임,라임
193,255,0,ko,연두색,연두,연두,라임색,라임,라임
164,0,255,ko,보라색,보라,보라,보라색,보라,보라
0,255,39,ko,연두색,연두,연두,초록색,초록,초록
0,255,73,ko,연두색,연두,연두,초록색,초록,초록
255,0,162,ko,자홍색,자홍,자홍,핫핑크,핫핑크,핫핑크
229,255,0,ko,노랑,노랑,노랑,형광 노란색,형광 노랑,형광노랑
0,172,255,ko,하늘색,하늘,하늘,파란색,파랑,파랑
255,0,209,ko,자홍색,자홍,자홍,마젠타,마젠타,마젠타
0,255,38,ko,초록색,초록,초록,초록색,초록,초록
0,0,255,ko,파란색,파랑,파랑,파란색,파랑,파랑
169,255,0,ko,연두색,연두,연두,라임색,라임,라임
0,255,176,ko,민트색,민트,민트,청록색,청록,청록
255,0,184,ko,분홍색,분홍,분홍,마젠타,마젠타,마젠타
0,110,255,ko,파란색,파랑,파랑,파란색,파랑,파랑
200,255,0,ko,연두색,연두,연두,형광 연두색,형광 연두,형광연두
0,178,255,ko,하늘색,하늘,하늘,하늘색,하늘,하늘
67,0,255,ko,보라색,보라,보라,코발트블루,코발트블루,코발트블루
0,255,119,ko,초록색,초록,초록,형광 초록,형광 초록,형광초록
255,30,0,ko,빨강,빨강,빨강,빨간색,빨강,빨강
0,186,255,ko,하늘색,하늘,하늘,파란색,파랑,파랑
203,0,255,ko,보라색,보라,보라,자홍색,자홍,자홍
0,255,0,ko,연두색,연두,연두,초록색,초록,초록
0,255,14,ko,연두색,연두,연두,초록,초록,초록
0,188,255,ko,파란색,파랑,파랑,하늘색,하늘,하늘
0,255,148,ko,청록색,청록,청록,청록색,청록,청록
31,255,0,ko,초록색,초록,초록,초록색,초록,초록
0,78,255,ko,파란색,파랑,파랑,파랑,파랑,파랑
196,0,255,ko,보라색,보라,보라,보라색,보라,보라
0,159,255,ko,파랑,파랑,파랑,하늘색,하늘,하늘
0,195,255,ko,하늘색,하늘,하늘,파란색,파랑,파랑
0,255,138,ko,초록색,초록,초록,청록색,청록,청록
0,255,217,ko,청록색,청록,청록,청록색,청록,청록
0,195,255,ko,하늘색,하늘,하늘,하늘색,하늘,하늘
0,255,192,ko,민트색,민트,민트,청록색,청록,청록
49,0,255,ko,파랑,파랑,파랑,파란색,파랑,파랑
255,118,0,ko,주황색,주황,주황,주황색,주황,주황
255,0,106,ko,분홍색,분홍,분홍,핫핑크,핫핑크,핫핑크
255,146,0,ko,주황색,주황,주황,주황,주황,주황
217,0,255,ko,자주색,자주,자주,마젠타,마젠타,마젠타
255,0,235,ko,자홍색,자홍,자홍,자홍색,자홍,자홍
255,207,0,ko,노란색,노랑,노랑,노란색,노랑,노랑
53,0,255,ko,파랑,파랑,파랑,파란색,파랑,파랑
255,0,125,ko,분홍색,분홍,분홍,핫핑크,핫핑크,핫핑크
255,0,221,ko,자홍색,자홍,자홍,마젠타,마젠타,마젠타
0,255,223,ko,청록색,청록,청록,청록색,청록,청록
255,103,0,ko,주황색,주황,주황,주황색,주황,주황
8,0,255,ko,파랑,파랑,파랑,파랑,파랑,파랑
60,255,0,ko,연두색,연두,연두,초록색,초록,초록
255,0,151,ko,자홍색,자홍,자홍,마젠타,마젠타,마젠타
0,70,255,ko,파란색,파랑,파랑,파란색,파랑,파랑
0,101,255,ko,파랑,파랑,파랑,파란색,파랑,파랑
224,0,255,ko,자주색,자주,자주,자홍색,자홍,자홍
255,0,0,ko,빨강,빨강,빨강,빨강,빨강,빨강
0,85,255,ko,파란색,파랑,파랑,파란색,파랑,파랑
22,0,255,ko,파랑,파랑,파랑,파란색,파랑,파랑
139,255,0,ko,연두색,연두,연두,라임색,라임,라임
255,0,134,ko,분홍색,분홍,분홍,핫핑크,핫핑크,핫핑크
255,0,62,ko,빨강,빨강,빨강,핫핑크,핫핑크,핫핑크
255,0,159,ko,자홍색,자홍,자홍,마젠타색,마젠타,마젠타
82,0,255,ko,보라색,보라,보라,보라색,보라,보라
0,92,255,ko,파랑,파랑,파랑,파랑,파랑,파랑
255,190,0,ko,주황색,주황,주황,노랑,노랑,노랑
25,0,255,ko,파란색,파랑,파랑,파란색,파랑,파랑
0,216,255,ko,하늘색,하늘,하늘,하늘색,하늘,하늘
0,255,218,ko,청록색,청록,청록,청록색,청록,청록
255,0,175,ko,자홍색,자홍,자홍,자홍색,자홍,자홍
255,0,69,ko,분홍색,분홍,분홍,핫핑크,핫핑크,핫핑크
0,192,255,ko,하늘색,하늘,하늘,하늘색,하늘,하늘
77,255,0,ko,형광초록,형광초록,형광초록,라임색,라임,라임
0,145,255,ko,파랑,파랑,파랑,파랑,파랑,파랑
13,255,0,ko,연두색,연두,연두,초록색,초록,초록
0,255,181,ko,청록색,청록,청록,청록색,청록,청록
0,101,255,ko,파랑,파랑,파랑,파란색,파랑,파랑
255,0,157,ko,분홍색,분홍,분홍,마젠타,마젠타,마젠타
0,255,80,ko,연두색,연두,연두,초록,초록,초록
0,57,255,ko,파란색,파랑,파랑,파란색,파랑,파랑
0,101,255,ko,파랑,파랑,파랑,파란색,파랑,파랑
255,139,0,ko,주황색,주황,주황,주황색,주황,주황
0,62,255,ko,파랑,파랑,파랑,파란색,파랑,파랑
239,255,0,ko,노란색,노랑,노랑,노란색,노랑,노랑
255,0,125,ko,자홍색,자홍,자홍,진분홍,진분홍,진분홍
106,255,0,ko,연두색,연두,연두,라임색,라임,라임
0,87,255,ko,파랑,파랑,파랑,파란색,파랑,파랑
255,0,18,ko,빨간색,빨강,빨강,빨강,빨강,빨강
255,228,0,ko,노란색,노랑,노랑,노란색,노랑,노랑
95,255,0,ko,연두색,연두,연두,연두색,연두,연두
255,0,154,ko,분홍색,분홍,분홍,자홍색,자홍,자홍
184,255,0,ko,라임색,라임,라임,연두색,연두,연두
0,255,70,ko,연두색,연두,연두,초록색,초록,초록
0,255,107,ko,연두색,연두,연두,초록색,초록,초록
0,255,77,ko,연두색,연두,연두,연두색,연두,연두
255,252,0,ko,노란색,노랑,노랑,노랑,노랑,노랑
0,255,74,ko,초록색,초록,초록,초록색,초록,초록
22,255,0,ko,연두색,연두,연두,초록색,초록,초록
255,0,12,ko,빨강,빨강,빨강,빨강,빨강,빨강
255,25,0,ko,빨간색,빨강,빨강,빨간색,빨강,빨강
108,255,0,ko,연두색,연두,연두,라임색,라임,라임
0,49,255,ko,파란색,파랑,파랑,파란색,파랑,파랑
172,0,255,ko,보라색,보라,보라,보라색,보라,보라
0,255,78,ko,형광초록,형광초록,형광초록,라임색,라임,라임
255,0,2,ko,빨강,빨강,빨강,빨강,빨강,빨강
0,255,90,ko,초록색,초록,초록,초록색,초록,초록
255,0,199,ko,자홍색,자홍,자홍,핫핑크,핫핑크,핫핑크
56,255,0,ko,연두색,연두,연두,초록색,초록,초록
0,255,113,ko,초록색,초록,초록,연두색,연두,연두
111,255,0,ko,연두색,연두,연두,라임색,라임,라임
255,0,98,ko,분홍색,분홍,분홍,핫핑크,핫핑크,핫핑크
0,255,240,ko,청록색,청록,청록,청록색,청록,청록
255,0,204,ko,자홍색,자홍,자홍,핫핑크,핫핑크,핫핑크
0,110,255,ko,파랑,파랑,파랑,파랑,파랑,파랑
255,181,0,ko,주황색,주황,주황,주황색,주황,주황
255,252,0,ko,노란색,노랑,노랑,노란색,노랑,노랑
255,0,242,ko,자홍색,자홍,자홍,마젠타,마젠타,마젠타
255,133,0,ko,주황색,주황,주황,주황색,주황,주황
255,157,0,ko,주황색,주황,주황,주황색,주황,주황
255,0,13,ko,빨강,빨강,빨강,빨강,빨강,빨강
255,0,121,ko,분홍색,분홍,분홍,핫핑크,핫핑크,핫핑크
255,0,67,ko,분홍색,분홍,분홍,핫핑크,핫핑크,핫핑크
255,0,160,ko,자홍색,자홍,자홍,자홍색,자홍,자홍
31,255,0,ko,초록색,초록,초록,초록색,초록,초록
255,0,11,ko,빨강,빨강,빨강,빨간색,빨강,빨강
255,181,0,ko,주황색,주황,주황,주황색,주황,주황
43,255,0,ko,연두색,연두,연두,형광 연두색,형광 연두,형광연두
0,255,211,ko,청록색,청록,청록,청록색,청록,청록
0,185,255,ko,하늘색,하늘,하늘,파란색,파랑,파랑
0,134,255,ko,파랑,파랑,파랑,파란색,파랑,파랑
255,99,0,ko,주황색,주황,주황,주황,주황,주황
153,255,0,ko,연두색,연두,연두,연두색,연두,연두
0,255,255,ko,청록색,청록,청록,청록색,청록,청록
255,50,0,ko,주황색,주황,주황,다홍,다홍,다홍
255,32,0,ko,주황색,주황,주황,빨간색,빨강,빨강
255,0,50,ko,빨강,빨강,빨강,빨간색,빨강,빨강
0,98,255,ko,파랑,파랑,파랑,파란색,파랑,파랑
0,199,255,ko,하늘색,하늘,하늘,하늘색,하늘,하늘
0,53,255,ko,파란색,파랑,파랑,파란색,파랑,파랑
255,198,0,ko,노란색,노랑,노랑,노랑,노랑,노랑
0,155,255,ko,파랑,파랑,파랑,파란색,파랑,파랑
255,132,0,ko,주황색,주황,주황,주황색,주황,주황
255,223,0,ko,노란색,노랑,노랑,노란색,노랑,노랑
0,255,70,ko,연두색,연두,연두,초록색,초록,초록
134,255,0,ko,연두색,연두,연두,연두색,연두,연두
104,255,0,ko,연두색,연두,연두,연두색,연두,연두
0,178,255,ko,파랑,파랑,파랑,파란색,파랑,파랑
0,255,143,ko,민트색,민트,민트,밝은 녹색,밝은 녹,밝은녹
0,255,51,ko,연두색,연두,연두,초록색,초록,초록
255,138,0,ko,주황색,주황,주황,주황색,주황,주황
0,255,111,ko,초록색,초록,초록,연두색,연두,연두
0,255,62,ko,초록색,초록,초록,초록색,초록,초록
13,0,255,ko,파랑,파랑,파랑,파란색,파랑,파랑
255,0,246,ko,자홍색,자홍,자홍,마젠타,마젠타,마젠타
255,213,0,ko,노란색,노랑,노랑,노란색,노랑,노랑
0,108,255,ko,파란색,파랑,파랑,파란색,파랑,파랑
255,0,116,ko,분홍색,분홍,분홍,핫핑크,핫핑크,핫핑크
255,252,0,ko,노란색,노랑,노랑,노란색,노랑,노랑
125,0,255,ko,보라색,보라,보라,보라색,보라,보라
84,0,255,ko,보라색,보라,보라,파란색,파랑,파랑
255,0,227,ko,마젠타,마젠타,마젠타,마젠타,마젠타,마젠타
255,75,0,ko,주황색,주황,주황,주황색,주황,주황
198,0,255,ko,보라색,보라,보라,자주색,자주,자주
251,255,0,ko,노란색,노랑,노랑,노란색,노랑,노랑
169,0,255,ko,보라색,보라,보라,보라색,보라,보라
74,0,255,ko,보라색,보라,보라,청보라색,청보라,청보라
117,255,0,ko,연두색,연두,연두,라임색,라임,라임
149,255,0,ko,연두색,연두,연두,연두색,연두,연두
0,255,2,ko,초록색,초록,초록,초록색,초록,초록
137,255,0,ko,연두색,연두,연두,라임색,라임,라임
203,255,0,ko,연두색,연두,연두,라임색,라임,라임
0,250,255,ko,청록색,청록,청록,청록색,청록,청록
255,127,0,ko,주황색,주황,주황,주황색,주황,주황
167,255,0,ko,연두색,연두,연두,연두색,연두,연두
255,0,30,ko,빨강,빨강,빨강,빨강,빨강,빨강
255,0,114,ko,분홍색,분홍,분홍,핫핑크색,핫핑크,핫핑크
116,0,255,ko,보라색,보라,보라,보라색,보라,보라
0,121,255,ko,파랑,파랑,파랑,파란색,파랑,파랑
0,255,150,ko,민트색,민트,민트,청록색,청록,청록
0,255,20,ko,연두색,연두,연두,초록,초록,초록
210,0,255,ko,보라색,보라,보라,마젠타색,마젠타,마젠타
0,249,255,ko,청록색,청록,청록,아쿠아색,아쿠아,아쿠아
255,141,0,ko,주황색,주황,주황,주황색,주황,주황
255,128,0,ko,주황색,주황,주황,주황색,주황,주황
56,255,0,ko,연두색,연두,연두,라임색,라임,라임
0,68,255,ko,파란색,파랑,파랑,파란색,파랑,파랑
146,0,255,ko,보라색,보라,보라,보라색,보라,보라
0,255,56,ko,초록색,초록,초록,초록색,초록,초록
255,24,0,ko,빨강,빨강,빨강,빨간색,빨강,빨강
0,255,82,ko,연두색,연두,연두,연두색,연두,연두
232,255,0,ko,노란색,노랑,노랑,샛노란색,샛노랑,샛노랑
255,0,154,ko,분홍색,분홍,분홍,핫핑크,핫핑크,핫핑크
0,255,198,ko,청록색,청록,청록,청록색,청록,청록
155,0,255,ko,보라색,보라,보라,보라색,보라,보라
0,6,255,ko,파랑,파랑,파랑,파란색,파랑,파랑
47,255,0,ko,연두색,연두,연두,라임색,라임,라임
255,0,212,ko,자홍색,자홍,자홍,마젠타,마젠타,마젠타
0,149,255,ko,파랑,파랑,파랑,파란색,파랑,파랑
255,67,0,ko,주황색,주황,주황,주황색,주황,주황
255,180,0,ko,주황색,주황,주황,주황색,주황,주황
0,176,255,ko,하늘색,하늘,하늘,하늘색,하늘,하늘
0,255,5,ko,연두색,연두,연두,초록색,초록,초록
101,0,255,ko,보라색,보라,보라,보라색,보라,보라
0,255,129,ko,연두색,연두,연두,형광 초록색,형광 초록,형광초록
255,241,0,ko,노란색,노랑,노랑,노란색,노랑,노랑
255,229,0,ko,노란색,노랑,노랑,노랑,노랑,노랑
255,189,0,ko,주황색,주황,주황,황금색,황금,황금
255,0,115,ko,분홍색,분홍,분홍,핫핑크,핫핑크,핫핑크
146,0,255,ko,보라색,보라,보라,보라색,보라,보라
0,67,255,ko,파란색,파랑,파랑,파란색,파랑,파랑
130,0,255,ko,보라색,보라,보라,보라색,보라,보라
0,14,255,ko,파란색,파랑,파랑,파란색,파랑,파랑
219,255,0,ko,연두색,연두,연두,형광 노란색,형광 노랑,형광노랑
42,0,255,ko,파랑,파랑,파랑,파란색,파랑,파랑
255,70,0,ko,주황색,주황,주황,주황색,주황,주황
44,255,0,ko,연두색,연두,연두,초록색,초록,초록
147,0,255,ko,보라색,보라,보라,보라색,보라,보라
74,255,0,ko,연두색,연두,연두,라임색,라임,라임
0,228,255,ko,하늘색,하늘,하늘,하늘색,하늘,하늘
64,255,0,ko,연두색,연두,연두,초록색,초록,초록
255,0,21,ko,빨강,빨강,빨강,빨강,빨강,빨강
0,140,255,ko,파란색,파랑,파랑,파란색,파랑,파랑
210,255,0,ko,연두색,연두,연두,라임색,라임,라임
147,255,0,ko,연두색,연두,연두,라임색,라임,라임
54,255,0,ko,연두색,연두,연두,초록색,초록,초록
0,104,255,ko,파란색,파랑,파랑,파란색,파랑,파랑
0,255,238,ko,청록색,청록,청록,시안색,시안,시안
135,0,255,ko,보라색,보라,보라,보라색,보라,보라
255,0,98,ko,분홍색,분홍,분홍,핫핑크,핫핑크,핫핑크
0,155,255,ko,파란색,파랑,파랑,파란색,파랑,파랑
0,255,244,ko,청록색,청록,청록,시안,시안,시안
167,0,255,ko,보라색,보라,보라,보라색,보라,보라
255,28,0,ko,빨강,빨강,빨강,빨간색,빨강,빨강
0,255,40,ko,연두색,연두,연두,초록색,초록,초록
67,255,0,ko,연두색,연두,연두,형광 초록색,형광 초록,형광초록
70,255,0,ko,연두색,연두,연두,라임색,라임,라임
142,0,255,ko,보라색,보라,보라,보라색,보라,보라
255,6,0,ko,빨강,빨강,빨강,빨간색,빨강,빨강
0,137,255,ko,파랑,파랑,파랑,파란색,파랑,파랑
202,0,255,ko,보라색,보라,보라,자주색,자주,자주
2,255,0,ko,초록색,초록,초록,초록색,초록,초록
255,0,179,ko,자홍색,자홍,자홍,마젠타색,마젠타,마젠타
255,23,0,ko,빨강,빨강,빨강,빨강,빨강,빨강
0,225,255,ko,하늘색,하늘,하늘,시안색,시안,시안
0,104,255,ko,파란색,파랑,파랑,파란색,파랑,파랑
0,207,255,ko,하늘색,하늘,하늘,파란색,파랑,파랑
0,243,255,ko,청록색,청록,청록,청록색,청록,청록
72,0,255,ko,보라색,보라,보라,청보라색,청보라,청보라
0,255,82,ko,초록색,초록,초록,초록색,초록,초록
255,172,0,ko,주황색,주황,주황,주황색,주황,주황
255,0,112,ko,분홍색,분홍,분홍,핫핑크,핫핑크,핫핑크
0,195,255,ko,하늘색,하늘,하늘,하늘색,하늘,하늘
14,0,255,ko,파랑,파랑,파랑,파란색,파랑,파랑
0,255,138,ko,연두색,연두,연두,초록색,초록,초록
0,255,106,ko,연두색,연두,연두,연두색,연두,연두
255,0,61,ko,분홍색,분홍,분홍,선홍색,선홍,선홍
255,68,0,ko,주황색,주황,주황,주황색,주황,주황
255,223,0,ko,노란색,노랑,노랑,노란색,노랑,노랑
237,0,255,ko,자홍색,자홍,자홍,마젠타,마젠타,마젠타
195,255,0,ko,라임색,라임,라임,라임색,라임,라임
255,11,0,ko,빨간색,빨강,빨강,빨간색,빨강,빨강
0,255,244,ko,청록색,청록,청록,시안색,시안,시안
0,16,255,ko,파랑,파랑,파랑,파란색,파랑,파랑
203,0,255,ko,보라색,보라,보라,마젠타,마젠타,마젠타
129,0,255,ko,보라색,보라,보라,보라색,보라,보라
0,255,184,ko,민트색,민트,민트,청록색,청록,청록
56,255,0,ko,형광연두,형광연두,형광연두,초록색,초록,초록
246,255,0,ko,노란색,노랑,노랑,노란색,노랑,노랑
0,25,255,ko,파란색,파랑,파랑,파란색,파랑,파랑
189,255,0,ko,연두색,연두,연두,라임색,라임,라임
8,255,0,ko,연두색,연두,연두,라임색,라임,라임
85,0,255,ko,보라색,보라,보라,보라색,보라,보라
255,216,0,ko,노란색,노랑,노랑,노란색,노랑,노랑
255,247,0,ko,노란색,노랑,노랑,노랑,노랑,노랑
0,205,255,ko,하늘색,하늘,하늘,짙은 하늘색,짙은 하늘,짙은하늘
0,255,157,ko,민트색,민트,민트,라임색,라임,라임
255,0,201,ko,자홍색,자홍,자홍,마젠타,마젠타,마젠타
255,126,0,ko,주황색,주황,주황,주황색,주황,주황
255,123,0,ko,주황색,주황,주황,주황색,주황,주황
255,140,0,ko,주황색,주황,주황,주황색,주황,주황
255,0,22,ko,빨강,빨강,빨강,빨간색,빨강,빨강
182,0,255,ko,보라색,보라,보라,보라색,보라,보라
51,255,0,ko,연두색,연두,연두,라임색,라임,라임
0,255,60,ko,형광초록,형광초록,형광초록,초록색,초록,초록
0,255,113,ko,초록색,초록,초록,라임색,라임,라임
0,255,102,ko,연두색,연두,연두,형광 연두색,형광 연두,형광연두
0,251,255,ko,청록색,청록,청록,시안,시안,시안
0,255,96,ko,초록색,초록,초록,초록색,초록,초록
0,38,255,ko,파랑,파랑,파랑,파란색,파랑,파랑
0,91,255,ko,파랑,파랑,파랑,파란색,파랑,파랑
33,0,255,ko,파랑,파랑,파랑,파랑,파랑,파랑
255,0,68,ko,분홍색,분홍,분홍,선홍색,선홍,선홍
0,102,255,ko,파란색,파랑,파랑,파란색,파랑,파랑
0,172,255,ko,파랑,파랑,파랑,하늘색,하늘,하늘
64,0,255,ko,보라색,보라,보라,로얄 블루,로얄 블루,로얄블루
70,0,255,ko,보라색,보라,보라,파란색,파랑,파랑
33,255,0,ko,초록색,초록,초록,초록색,초록,초록
255,151,0,ko,주황색,주황,주황,주황색,주황,주황
102,255,0,ko,연두색,연두,연두,연두색,연두,연두
0,98,255,ko,파랑,파랑,파랑,파란색,파랑,파랑
255,228,0,ko,노란색,노랑,노랑,노란색,노랑,노랑
0,130,255,ko,파랑,파랑,파랑,파란색,파랑,파랑
255,0,22,ko,빨강,빨강,빨강,빨간색,빨강,빨강
0,255,80,ko,형광초록,형광초록,형광초록,초록색,초록,초록
0,255,171,ko,청록색,청록,청록,청록색,청록,청록
129,255,0,ko,연두색,연두,연두,라임색,라임,라임
62,255,0,ko,연두색,연두,연두,형광 초록색,형광 초록,형광초록
0,232,255,ko,청록색,청록,청록,하늘색,하늘,하늘
0,154,255,ko,파랑,파랑,파랑,파란색,파랑,파랑
255,98,0,ko,주황색,주황,주황,주황색,주황,주황
255,0,151,ko,분홍색,분홍,분홍,자홍색,자홍,자홍
0,255,219,ko,청록색,청록,청록,청록색,청록,청록
255,0,113,ko,분홍색,분홍,분홍,핫핑크,핫핑크,핫핑크
85,0,255,ko,보라색,보라,보라,청보라색,청보라,청보라
43,0,255,ko,파랑,파랑,파랑,파란색,파랑,파랑
255,10,0,ko,빨간색,빨강,빨강,빨강,빨강,빨강
47,255,0,ko,연두색,연두,연두,연두색,연두,연두
96,0,255,ko,보라색,보라,보라,보라색,보라,보라
44,255,0,ko,연두색,연두,연두,초록색,초록,초록
0,255,128,ko,초록색,초록,초록,초록색,초록,초록
255,0,167,ko,분홍색,분홍,분홍,핫핑크,핫핑크,핫핑크
0,21,255,ko,파란색,파랑,파랑,파란색,파랑,파랑
160,255,0,ko,연두색,연두,연두,연두색,연두,연두
0,255,42,ko,연두색,연두,연두,초록색,초록,초록
255,129,0,ko,주황색,주황,주황,주황색,주황,주황
0,255,174,ko,청록색,청록,청록,청록색,청록,청록
7,0,255,ko,파랑,파랑,파랑,파란색,파랑,파랑
255,0,76,ko,분홍색,분홍,분홍,핫핑크,핫핑크,핫핑크
255,0,138,ko,자홍색,자홍,자홍,핫핑크,핫핑크,핫핑크
255,141,0,ko,주황색,주황,주황,주황색,주황,주황
222,255,0,ko,형광 노랑,형광 노랑,형광노랑,형광 노랑,형광 노랑,형광노랑
43,255,0,ko,연두색,연두,연두,초록색,초록,초록
0,255,57,ko,연두색,연두,연두,초록색,초록,초록
7,255,0,ko,초록색,초록,초록,초록색,초록,초록
0,190,255,ko,하늘색,하늘,하늘,파란색,파랑,파랑
255,102,0,ko,주황색,주황,주황,주황색,주황,주황
164,0,255,ko,보라색,보라,보라,보라색,보라,보라
114,0,255,ko,보라색,보라,보라,보라색,보라,보라
0,61,255,ko,파랑,파랑,파랑,파란색,파랑,파랑
95,255,0,ko,형광초록,형광초록,형광초록,라임색,라임,라임
255,181,0,ko,주황색,주황,주황,주황색,주황,주황
0,255,59,ko,형광초록,형광초록,형광초록,초록색,초록,초록
0,255,195,ko,청록색,청록,청록,청록색,청록,청록
0,255,124,ko,초록색,초록,초록,형광 초록색,형광 초록,형광초록
169,255,0,ko,형광연두,형광연두,형광연두,연두색,연두,연두
0,255,126,ko,형광초록,형광초록,형광초록,라임색,라임,라임
237,255,0,ko,노란색,노랑,노랑,노란색,노랑,노랑
121,0,255,ko,보라색,보라,보라,보라색,보라,보라
0,140,255,ko,파란색,파랑,파랑,파란색,파랑,파랑
0,255,204,ko,청록색,청록,청록,청록색,청록,청록
255,171,0,ko,주황색,주황,주황,주황색,주황,주황
161,0,255,ko,보라색,보라,보라,보라색,보라,보라
255,0,246,ko,자홍색,자홍,자홍,마젠타,마젠타,마젠타
255,217,0,ko,노란색,노랑,노랑,노란색,노랑,노랑
0,233,255,ko,청록색,청록,청록,시안,시안,시안
0,51,255,ko,파랑,파랑,파랑,파란색,파랑,파랑
0,200,255,ko,하늘색,하늘,하늘,하늘색,하늘,하늘
255,103,0,ko,주황색,주황,주황,주황색,주황,주황
0,255,155,ko,청록색,청록,청록,에메랄드색,에메랄드,에메랄드
0,255,103,ko,연두색,연두,연두,라임색,라임,라임
0,229,255,ko,청록색,청록,청록,하늘색,하늘,하늘
0,255,122,ko,민트그린,민트그린,민트그린,형광 초록,형광 초록,형광초록
0,255,39,ko,초록색,초록,초록,초록색,초록,초록
0,255,240,ko,청록색,청록,청록,청록색,청록,청록
255,0,85,ko,분홍색,분홍,분홍,핫핑크,핫핑크,핫핑크
0,243,255,ko,하늘색,하늘,하늘,청록색,청록,청록
126,255,0,ko,연두색,연두,연두,라임색,라임,라임
11,255,0,ko,형광 초록,형광 초록,형광초록,초록색,초록,초록
255,80,0,ko,주황색,주황,주황,주황색,주황,주황
254,0,255,ko,자홍색,자홍,자홍,마젠타,마젠타,마젠타
255,34,0,ko,빨강,빨강,빨강,다홍색,다홍,다홍
249,255,0,ko,노란색,노랑,노랑,노란색,노랑,노랑
0,255,122,ko,초록색,초록,초록,형광 초록색,형광 초록,형광초록
237,0,255,ko,자주색,자주,자주,마젠타,마젠타,마젠타
0,228,255,ko,하늘색,하늘,하늘,하늘색,하늘,하늘
255,17,0,ko,빨강,빨강,빨강,빨간색,빨강,빨강
0,161,255,ko,하늘색,하늘,하늘,코발트블루,코발트블루,코발트블루
201,0,255,ko,자주색,자주,자주,보라색,보라,보라
0,59,255,ko,파랑,파랑,파랑,파란색,파랑,파랑
76,0,255,ko,보라색,보라,보라,파란색,파랑,파랑
190,0,255,ko,보라색,보라,보라,보라색,보라,보라
45,255,0,ko,초록색,초록,초록,라임색,라임,라임
130,255,0,ko,라임색,라임,라임,연두색,연두,연두
0,255,68,ko,초록색,초록,초록,초록색,초록,초록
255,0,101,ko,분홍색,분홍,분홍,자홍색,자홍,자홍
195,0,255,ko,보라색,보라,보라,보라색,보라,보라
5,255,0,ko,초록색,초록,초록,초록색,초록,초록
255,134,0,ko,주황색,주황,주황,주황색,주황,주황
0,255,104,ko,초록색,초록,초록,연두색,연두,연두
255,41,0,ko,주황색,주황,주황,빨간색,빨강,빨강
255,0,248,ko,자홍색,자홍,자홍,마젠타,마젠타,마젠타
255,0,249,ko,자홍색,자홍,자홍,마젠타,마젠타,마젠타
0,255,176,ko,민트색,민트,민트,민트색,민트,민트
34,255,0,ko,연두색,연두,연두,초록색,초록,초록
255,0,69,ko,분홍색,분홍,분홍,핫핑크,핫핑크,핫핑크
172,255,0,ko,연두색,연두,연두,라임색,라임,라임
255,0,49,ko,빨강,빨강,빨강,빨강,빨강,빨강
253,255,0,ko,노란색,노랑,노랑,노란색,노랑,노랑
0,34,255,ko,파란색,파랑,파랑,파란색,파랑,파랑
101,0,255,ko,보라색,보라,보라,보라색,보라,보라
255,99,0,ko,주황색,주황,주황,주황색,주황,주황
255,64,0,ko,주황색,주황,주황,주황색,주황,주황
0,255,252,ko,청록색,청록,청록,시안색,시안,시안
0,169,255,ko,파란색,파랑,파랑,하늘색,하늘,하늘
0,255,96,ko,초록색,초록,초록,초록색,초록,초록
0,255,94,ko,연두색,연두,연두,초록색,초록,초록
92,255,0,ko,형광초록,형광초록,형광초록,라임색,라임,라임
0,255,254,ko,청록색,청록,청록,청록색,청록,청록
0,112,255,ko,파란색,파랑,파랑,파란색,파랑,파랑
255,42,0,ko,주황색,주황,주황,다홍색,다홍,다홍
33,255,0,ko,연두색,연두,연두,초록색,초록,초록
0,255,56,ko,연두색,연두,연두,형광 초록색,형광 초록,형광초록
4,255,0,ko,초록색,초록,초록,초록색,초록,초록
0,53,255,ko,파란색,파랑,파랑,파란색,파랑,파랑
255,0,253,ko,자홍색,자홍,자홍,마젠타,마젠타,마젠타
255,42,0,ko,주황색,주황,주황,빨간색,빨강,빨강
255,0,229,ko,자홍색,자홍,자홍,자홍색,자홍,자홍
255,0,105,ko,분홍색,분홍,분홍,핫핑크,핫핑크,핫핑크
96,0,255,ko,보라색,보라,보라,보라색,보라,보라
3,0,255,ko,파란색,파랑,파랑,파란색,파랑,파랑
255,0,204,ko,자홍색,자홍,자홍,마젠타,마젠타,마젠타
255,245,0,ko,노란색,노랑,노랑,노란색,노랑,노랑
0,222,255,ko,하늘색,하늘,하늘,사이안,사이안,사이안
132,255,0,ko,연두색,연두,연두,연두색,연두,연두
255,0,144,ko,핫핑크,핫핑크,핫핑크,핫핑크,핫핑크,핫핑크
0,255,67,ko,초록색,초록,초록,형광 초록색,형광 초록,형광초록
255,0,31,ko,빨강,빨강,빨강,빨강,빨강,빨강
8,255,0,ko,연두색,연두,연두,연두색,연두,연두
255,152,0,ko,주황색,주황,주황,주황색,주황,주황
15,255,0,ko,초록색,초록,초록,초록색,초록,초록
0,255,50,ko,초록색,초록,초록,초록색,초록,초록
211,0,255,ko,자홍색,자홍,자홍,자주색,자주,자주
166,0,255,ko,보라색,보라,보라,보라색,보라,보라
0,255,126,ko,초록색,초록,초록,초록색,초록,초록
136,0,255,ko,보라색,보라,보라,보라색,보라,보라
0,64,255,ko,파란색,파랑,파랑,파랑,파랑,파랑
0,121,255,ko,파랑,파랑,파랑,파란색,파랑,파랑
255,138,0,ko,주황색,주황,주황,주황색,주황,주황
255,155,0,ko,주황색,주황,주황,주황색,주황,주황
231,255,0,ko,노란색,노랑,노랑,노란색,노랑,노랑
0,101,255,ko,파란색,파랑,파랑,파란색,파랑,파랑
0,30,255,ko,파랑,파랑,파랑,파란색,파랑,파랑
0,255,29,ko,초록색,초록,초록,초록색,초록,초록
21,0,255,ko,파랑,파랑,파랑,파란색,파랑,파랑
255,99,0,ko,주황색,주황,주황,주황색,주황,주황
36,0,255,ko,파랑,파랑,파랑,파란색,파랑,파랑
124,0,255,ko,보라색,보라,보라,보라색,보라,보라
0,255,154,ko,민트색,민트,민트,청록색,청록,청록
255,0,252,ko,자홍색,자홍,자홍,마젠타,마젠타,마젠타
0,255,161,ko,민트색,민트,민트,청록색,청록,청록
247,255,0,ko,노란색,노랑,노랑,노란색,노랑,노랑
245,255,0,ko,노란색,노랑,노랑,노란색,노랑,노랑
255,0,35,ko,빨강,빨강,빨강,빨간색,빨강,빨강
0,50,255,ko,파랑,파랑,파랑,파란색,파랑,파랑
0,101,255,ko,파랑,파랑,파랑,파란색,파랑,파랑
252,255,0,ko,노랑,노랑,노랑,노란색,노랑,노랑
255,0,221,ko,자홍색,자홍,자홍,마젠타색,마젠타,마젠타
0,195,255,ko,하늘색,하늘,하늘,하늘색,하늘,하늘
76,255,0,ko,연두색,연두,연두,라임색,라임,라임
255,0,116,ko,분홍색,분홍,분홍,핫핑크,핫핑크,핫핑크
51,0,255,ko,파랑,파랑,파랑,파란색,파랑,파랑
0,255,72,ko,연두색,연두,연두,초록색,초록,초록
254,255,0,ko,노란색,노랑,노랑,노란색,노랑,노랑
255,149,0,ko,주황색,주황,주황,주황색,주황,주황
0,255,126,ko,청록색,청록,청록,초록색,초록,초록
0,255,62,ko,초록색,초록,초록,형광 초록색,형광 초록,형광초록
250,0,255,ko,자홍색,자홍,자홍,마젠타,마젠타,마젠타
0,255,187,ko,민트색,민트,민트,청록색,청록,청록
0,255,89,ko,초록색,초록,초록,연두색,연두,연두
130,255,0,ko,연두색,연두,연두,연두색,연두,연두
126,255,0,ko,연두색,연두,연두,라임색,라임,라임
0,100,255,ko,파란색,파랑,파랑,파란색,파랑,파랑
0,255,222,ko,청록색,청록,청록,청록색,청록,청록
0,255,232,ko,청록색,청록,청록,시안,시안,시안
34,255,0,ko,연두색,연두,연두,연두색,연두,연두
255,230,0,ko,노란색,노랑,노랑,노란색,노랑,노랑
151,0,255,ko,보라색,보라,보라,보라색,보라,보라
0,175,255,ko,하늘색,하늘,하늘,하늘색,하늘,하늘
51,255,0,ko,연두색,연두,연두,초록색,초록,초록
103,0,255,ko,보라색,보라,보라,보라색,보라,보라
255,0,253,ko,마젠타,마젠타,마젠타,마젠타,마젠타,마젠타
0,11,255,ko,파랑,파랑,파랑,파란색,파랑,파랑
5,255,0,ko,연두색,연두,연두,형광 초록색,형광 초록,형광초록
255,0,116,ko,분홍색,분홍,분홍,진분홍,진분홍,진분홍
141,255,0,ko,연두색,연두,연두,연두색,연두,연두
255,0,249,ko,자홍색,자홍,자홍,마젠타,마젠타,마젠타
255,144,0,ko,주황색,주황,주황,주황색,주황,주황
0,192,255,ko,하늘색,하늘,하늘,하늘색,하늘,하늘
255,0,14,ko,빨강,빨강,빨강,빨간색,빨강,빨강
0,91,255,ko,파랑,파랑,파랑,파랑,파랑,파랑
48,0,255,ko,파란색,파랑,파랑,파란색,파랑,파랑
255,72,0,ko,주황색,주황,주황,주황색,주황,주황
255,141,0,ko,주황색,주황,주황,주황색,주황,주황
155,0,255,ko,보라색,보라,보라,보라색,보라,보라
255,170,0,ko,주황색,주황,주황,주황색,주황,주황
217,255,0,ko,형광 노랑,형광 노랑,형광노랑,형광 노랑,형광 노랑,형광노랑
255,0,88,ko,분홍색,분홍,분홍,핫핑크,핫핑크,핫핑크
0,255,205,ko,민트색,민트,민트,청록색,청록,청록
0,255,72,ko,연두색,연두,연두,초록색,초록,초록
0,255,133,ko,연두색,연두,연두,에메랄드그린,에메랄드그린,에메랄드그린
0,255,149,ko,민트색,민트,민트,연두색,연두,연두
187,0,255,ko,보라색,보라,보라,보라색,보라,보라
0,226,255,ko,청록색,청록,청록,시안,시안,시안
255,118,0,ko,주황색,주황,주황,주황색,주황,주황
0,255,241,ko,청록색,청록,청록,청록색,청록,청록
255,0,138,ko,분홍색,분홍,분홍,핫핑크,핫핑크,핫핑크
255,140,0,ko,주황색,주황,주황,주황색,주황,주황
44,0,255,ko,파랑,파랑,파랑,파랑,파랑,파랑
255,121,0,ko,주황색,주황,주황,주황색,주황,주황
255,0,238,ko,자홍색,자홍,자홍,마젠타,마젠타,마젠타
0,255,213,ko,청록색,청록,청록,청록색,청록,청록
0,255,52,ko,연두색,연두,연두,초록색,초록,초록
255,50,0,ko,주황색,주황,주황,다홍색,다홍,다홍
0,255,74,ko,연두색,연두,연두,초록색,초록,초록
255,162,0,ko,주황색,주황,주황,주황색,주황,주황
0,178,255,ko,하늘색,하늘,하늘,파란색,파랑,파랑
255,0,135,ko,분홍색,분홍,분홍,핫핑크,핫핑크,핫핑크
0,142,255,ko,파란색,파랑,파랑,파란색,파랑,파랑
0,110,255,ko,파란색,파랑,파랑,파란색,파랑,파랑
0,255,89,ko,연두색,연두,연두,초록색,초록,초록
0,230,255,ko,하늘색,하늘,하늘,하늘색,하늘,하늘
255,0,86,ko,분홍색,분홍,분홍,핫핑크,핫핑크,핫핑크
255,140,0,ko,주황색,주황,주황,주황색,주황,주황
0,255,115,ko,연두색,연두,연두,초록색,초록,초록
0,218,255,ko,하늘색,하늘,하늘,사이언,사이언,사이언
0,255,198,ko,청록색,청록,청록,청록색,청록,청록
255,140,0,ko,주황색,주황,주황,주황색,주황,주황
0,224,255,ko,하늘색,하늘,하늘,시안,시안,시안
255,185,0,ko,노란색,노랑,노랑,주황색,주황,주황
255,106,0,ko,주황색,주황,주황,주황색,주황,주황
127,255,0,ko,연두색,연두,연두,연두색,연두,연두
68,0,255,ko,보라색,보라,보라,파란색,파랑,파랑
0,255,98,ko,초록색,초록,초록,연두색,연두,연두
0,255,200,ko,청록색,청록,청록,청록색,청록,청록
255,63,0,ko,주황색,주황,주황,주황색,주황,주황
0,78,255,ko,파랑,파랑,파랑,파란색,파랑,파랑
255,131,0,ko,주황색,주황,주황,주황색,주황,주황
255,4,0,ko,빨강,빨강,빨강,빨간색,빨강,빨강
30,0,255,ko,파랑,파랑,파랑,파랑,파랑,파랑
0,241,255,ko,하늘색,하늘,하늘,청록색,청록,청록
5,255,0,ko,초록색,초록,초록,초록색,초록,초록
255,0,58,ko,진홍색,진홍,진홍,핫핑크색,핫핑크,핫핑크
0,14,255,ko,파랑,파랑,파랑,파란색,파랑,파랑
0,255,33,ko,초록색,초록,초록,초록,초록,초록
0,35,255,ko,파랑,파랑,파랑,파란색,파랑,파랑
255,0,252,ko,자홍색,자홍,자홍,마젠타,마젠타,마젠타
93,255,0,ko,연두색,연두,연두,연두색,연두,연두
230,255,0,ko,노란색,노랑,노랑,노란색,노랑,노랑
255,0,155,ko,분홍색,분홍,분홍,핫핑크,핫핑크,핫핑크
5,255,0,ko,초록색,초록,초록,라임색,라임,라임
94,255,0,ko,연두색,연두,연두,연두색,연두,연두
255,195,0,ko,노란색,노랑,노랑,노랑,노랑,노랑
255,0,245,ko,자홍색,자홍,자홍,마젠타,마젠타,마젠타
241,0,255,ko,자홍색,자홍,자홍,자홍색,자홍,자홍
155,255,0,ko,형광 연두색,형광 연두,형광연두,연두색,연두,연두
255,68,0,ko,주황색,주황,주황,주황색,주황,주황
255,189,0,ko,주황색,주황,주황,주황색,주황,주황
76,255,0,ko,초록색,초록,초록,연두색,연두,연두
255,0,241,ko,자홍색,자홍,자홍,핫핑크,핫핑크,핫핑크
0,255,105,ko,초록색,초록,초록,연두색,연두,연두
255,175,0,ko,주황색,주황,주황,주황색,주황,주황
20,0,255,ko,파랑,파랑,파랑,파란색,파랑,파랑
0,138,255,ko,파란색,파랑,파랑,파란색,파랑,파랑
184,0,255,ko,보라색,보라,보라,보라색,보라,보라
168,0,255,ko,보라색,보라,보라,보라색,보라,보라
253,0,255,ko,자홍색,자홍,자홍,마젠타,마젠타,마젠타
169,0,255,ko,보라색,보라,보라,보라색,보라,보라
0,38,255,ko,파랑,파랑,파랑,파란색,파랑,파랑
168,0,255,ko,보라색,보라,보라,보라색,보라,보라
233,0,255,ko,자홍색,자홍,자홍,마젠타,마젠타,마젠타
254,0,255,ko,자홍색,자홍,자홍,자홍색,자홍,자홍
255,0,183,ko,자홍색,자홍,자홍,핫핑크,핫핑크,핫핑크
252,0,255,ko,자홍색,자홍,자홍,자홍색,자홍,자홍
160,0,255,ko,보라색,보라,보라,보라색,보라,보라
255,114,0,ko,주황색,주황,주황,주황색,주황,주황
9,0,255,ko,파란색,파랑,파랑,파란색,파랑,파랑
161,255,0,ko,연두색,연두,연두,라임색,라임,라임
0,1,255,ko,파랑,파랑,파랑,파란색,파랑,파랑
0,255,56,ko,형광초록,형광초록,형광초록,초록색,초록,초록
255,14,0,ko,빨강,빨강,빨강,빨간색,빨강,빨강
255,195,0,ko,노란색,노랑,노랑,노란색,노랑,노랑
255,0,63,ko,빨강,빨강,빨강,핫핑크,핫핑크,핫핑크
255,0,110,ko,분홍색,분홍,분홍,핫핑크,핫핑크,핫핑크
0,255,135,ko,연두색,연두,연두,밝은 초록색,밝은 초록,밝은초록
255,0,60,ko,분홍색,분홍,분홍,자홍색,자홍,자홍
0,248,255,ko,청록색,청록,청록,시안색,시안,시안
0,255,12,ko,연두색,연두,연두,초록,초록,초록
114,0,255,ko,보라색,보라,보라,보라색,보라,보라
255,0,124,ko,분홍색,분홍,분홍,핫핑크,핫핑크,핫핑크
255,252,0,ko,노란색,노랑,노랑,노란색,노랑,노랑
0,255,190,ko,청록색,청록,청록,청록색,청록,청록
0,123,255,ko,파란색,파랑,파랑,파랑,파랑,파랑
174,255,0,ko,형광연두,형광연두,형광연두,라임색,라임,라임
0,251,255,ko,청록색,청록,청록,청록색,청록,청록
26,0,255,ko,파란색,파랑,파랑,파란색,파랑,파랑
255,44,0,ko,주황색,주황,주황,다홍색,다홍,다홍
239,255,0,ko,노란색,노랑,노랑,노란색,노랑,노랑
0,255,198,ko,청록색,청록,청록,아쿠아색,아쿠아,아쿠아
255,0,218,ko,자홍색,자홍,자홍,핫핑크,핫핑크,핫핑크
255,221,0,ko,노란색,노랑,노랑,노란색,노랑,노랑
111,0,255,ko,보라색,보라,보라,보라색,보라,보라
0,255,32,ko,연두색,연두,연두,초록색,초록,초록
0,255,88,ko,초록색,초록,초록,초록색,초록,초록
255,117,0,ko,주황색,주황,주황,주황색,주황,주황
255,0,212,ko,자홍색,자홍,자홍,핫핑크,핫핑크,핫핑크
0,255,197,ko,청록색,청록,청록,청록색,청록,청록
180,0,255,ko,보라색,보라,보라,보라색,보라,보라
0,144,255,ko,파랑,파랑,파랑,하늘색,하늘,하늘
83,255,0,ko,연두색,연두,연두,연두색,연두,연두
0,181,255,ko,하늘색,하늘,하늘,하늘색,하늘,하늘
255,198,0,ko,노란색,노랑,노랑,노란색,노랑,노랑
255,0,184,ko,분홍색,분홍,분홍,마젠타,마젠타,마젠타
255,210,0,ko,노랑,노랑,노랑,노란색,노랑,노랑
255,0,141,ko,분홍색,분홍,분홍,자홍색,자홍,자홍
0,255,96,ko,연두색,연두,연두,초록색,초록,초록
84,0,255,ko,보라색,보라,보라,청보라색,청보라,청보라
255,0,155,ko,분홍색,분홍,분홍,자홍색,자홍,자홍
40,255,0,ko,연두색,연두,연두,라임색,라임,라임
0,255,52,ko,초록색,초록,초록,라임색,라임,라임
164,255,0,ko,형광연두,형광연두,형광연두,라임색,라임,라임
0,255,213,ko,청록색,청록,청록,청록색,청록,청록
172,255,0,ko,연두색,연두,연두,라임색,라임,라임
4,0,255,ko,파란색,파랑,파랑,파란색,파랑,파랑
0,255,249,ko,청록색,청록,청록,사이언,사이언,사이언
192,255,0,ko,연두색,연두,연두,연두색,연두,연두
0,255,82,ko,초록색,초록,초록,초록색,초록,초록
255,0,187,ko,자홍색,자홍,자홍,마젠타,마젠타,마젠타
255,144,0,ko,주황색,주황,주황,주황색,주황,주황
249,0,255,ko,자홍색,자홍,자홍,마젠타,마젠타,마젠타
255,250,0,ko,노란색,노랑,노랑,노란색,노랑,노랑
53,255,0,ko,연두색,연두,연두,연두색,연두,연두
0,43,255,ko,파랑,파랑,파랑,파랑,파랑,파랑
0,255,197,ko,청록색,청록,청록,청록색,청록,청록
55,0,255,ko,보라색,보라,보라,파랑,파랑,파랑
0,255,174,ko,청록색,청록,청록,민트색,민트,민트
255,0,70,ko,분홍색,분홍,분홍,핫핑크,핫핑크,핫핑크
255,0,48,ko,빨강,빨강,빨강,빨강,빨강,빨강
0,223,255,ko,하늘색,하늘,하늘,하늘색,하늘,하늘
225,0,255,ko,보라색,보라,보라,마젠타,마젠타,마젠타
12,255,0,ko,연두색,연두,연두,초록색,초록,초록
0,53,255,ko,파란색,파랑,파랑,파란색,파랑,파랑
255,187,0,ko,주황색,주황,주황,귤색,귤,귤
255,0,205,ko,자홍색,자홍,자홍,자홍색,자홍,자홍
123,0,255,ko,보라색,보라,보라,보라색,보라,보라
0,255,236,ko,청록색,청록,청록,청록색,청록,청록
0,31,255,ko,파란색,파랑,파랑,파란색,파랑,파랑
0,255,166,ko,민트색,민트,민트,청록색,청록,청록
0,255,185,ko,청록색,청록,청록,청록색,청록,청록
197,0,255,ko,자주색,자주,자주,자홍색,자홍,자홍
255,226,0,ko,노란색,노랑,노랑,노란색,노랑,노랑
83,0,255,ko,보라색,보라,보라,보라색,보라,보라
0,255,63,ko,연두색,연두,연두,초록,초록,초록
99,255,0,ko,형광초록,형광초록,형광초록,연두색,연두,연두
229,0,255,ko,자홍색,자홍,자홍,마젠타,마젠타,마젠타
0,75,255,ko,파란색,파랑,파랑,파랑,파랑,파랑
255,0,5,ko,빨강,빨강,빨강,빨강,빨강,빨강
166,0,255,ko,보라색,보라,보라,보라색,보라,보라
0,255,64,ko,연두색,연두,연두,초록색,초록,초록
152,255,0,ko,연두색,연두,연두,연두색,연두,연두
47,255,0,ko,연두색,연두,연두,연두색,연두,연두
255,0,238,ko,자홍색,자홍,자홍,마젠타,마젠타,마젠타
29,0,255,ko,파랑,파랑,파랑,파란색,파랑,파랑
75,255,0,ko,연두색,연두,연두,초록색,초록,초록
170,0,255,ko,보라색,보라,보라,보라색,보라,보라
255,0,134,ko,분홍색,분홍,분홍,핫핑크,핫핑크,핫핑크
254,0,255,ko,자홍색,자홍,자홍,마젠타,마젠타,마젠타
0,255,214,ko,청록색,청록,청록,시안,시안,시안
193,0,255,ko,보라색,보라,보라,보라색,보라,보라
0,125,255,ko,파란색,파랑,파랑,파란색,파랑,파랑
91,0,255,ko,보라색,보라,보라,보라색,보라,보라
255,152,0,ko,주황색,주황,주황,주황색,주황,주황
0,255,94,ko,연두색,연두,연두,초록색,초록,초록
0,172,255,ko,하늘색,하늘,하늘,하늘색,하늘,하늘
255,164,0,ko,주황색,주황,주황,주황색,주황,주황
105,0,255,ko,보라색,보라,보라,보라색,보라,보라
0,152,255,ko,파란색,파랑,파랑,파란색,파랑,파랑
46,255,0,ko,연두색,연두,연두,초록색,초록,초록
0,73,255,ko,파랑,파랑,파랑,파란색,파랑,파랑
0,255,218,ko,청록색,청록,청록,청록색,청록,청록
56,255,0,ko,연두색,연두,연두,초록색,초록,초록
0,255,89,ko,연두색,연두,연두,초록색,초록,초록
255,0,113,ko,진분홍,진분홍,진분홍,마젠타,마젠타,마젠타
0,255,231,ko,청록색,청록,청록,청록색,청록,청록
255,0,131,ko,분홍색,분홍,분홍,핫핑크,핫핑크,핫핑크
0,255,133,ko,연두색,연두,연두,형광 초록색,형광 초록,형광초록
206,255,0,ko,연두색,연두,연두,연두색,연두,연두
23,0,255,ko,파랑,파랑,파랑,파란색,파랑,파랑
56,0,255,ko,보라색,보라,보라,파란색,파랑,파랑
255,230,0,ko,노란색,노랑,노랑,노랑,노랑,노랑
0,255,185,ko,민트색,민트,민트,청록색,청록,청록
255,59,0,ko,주황색,주황,주황,주황색,주황,주황
255,0,77,ko,분홍색,분홍,분홍,핫핑크,핫핑크,핫핑크
56,0,255,ko,파란색,파랑,파랑,파란색,파랑,파랑
0,255,66,ko,초록색,초록,초록,초록색,초록,초록
255,108,0,ko,주황색,주황,주황,주황색,주황,주황
0,7,255,ko,파랑,파랑,파랑,파랑,파랑,파랑
193,0,255,ko,보라색,보라,보라,자주색,자주,자주
93,255,0,ko,연두색,연두,연두,형광 초록색,형광 초록,형광초록
189,255,0,ko,연두색,연두,연두,라임색,라임,라임
156,0,255,ko,보라색,보라,보라,보라색,보라,보라
0,163,255,ko,파랑,파랑,파랑,파란색,파랑,파랑
255,0,113,ko,분홍색,분홍,분홍,진한 분홍,진 분홍,진분홍
230,255,0,ko,노란색,노랑,노랑,노란색,노랑,노랑
0,255,95,ko,연두색,연두,연두,초록색,초록,초록
110,255,0,ko,연두색,연두,연두,라임색,라임,라임
0,255,237,ko,청록색,청록,청록,청록색,청록,청록
29,255,0,ko,초록색,초록,초록,초록색,초록,초록
255,0,47,ko,빨강,빨강,빨강,빨간색,빨강,빨강
255,0,192,ko,자홍색,자홍,자홍,핫핑크색,핫핑크,핫핑크
255,0,151,ko,분홍색,분홍,분홍,핫핑크색,핫핑크,핫핑크
0,255,169,ko,청록색,청록,청록,청록색,청록,청록
255,9,0,ko,빨강,빨강,빨강,빨간색,빨강,빨강
0,255,215,ko,청록색,청록,청록,청록색,청록,청록
0,255,83,ko,초록색,초록,초록,초록색,초록,초록
255,15,0,ko,빨강,빨강,빨강,빨강,빨강,빨강
255,208,0,ko,노란색,노랑,노랑,노란색,노랑,노랑
255,0,235,ko,자홍색,자홍,자홍,마젠타,마젠타,마젠타
255,0,84,ko,분홍색,분홍,분홍,핫핑크,핫핑크,핫핑크
0,255,199,ko,청록색,청록,청록,아쿠아색,아쿠아,아쿠아
255,0,13,ko,빨강,빨강,빨강,빨간색,빨강,빨강
0,255,164,ko,민트색,민트,민트,청록색,청록,청록
255,103,0,ko,주황색,주황,주황,주황색,주황,주황
255,92,0,ko,주황색,주황,주황,주황색,주황,주황
255,146,0,ko,주황색,주황,주황,주황색,주황,주황
67,255,0,ko,연두색,연두,연두,라임색,라임,라임
245,0,255,ko,마젠타,마젠타,마젠타,마젠타,마젠타,마젠타
150,0,255,ko,보라색,보라,보라,보라색,보라,보라
0,255,242,ko,청록색,청록,청록,시안색,시안,시안
255,179,0,ko,주황색,주황,주황,주황색,주황,주황
0,255,66,ko,연두색,연두,연두,형광 초록색,형광 초록,형광초록
225,255,0,ko,노란색,노랑,노랑,노란색,노랑,노랑
255,0,212,ko,자홍색,자홍,자홍,마젠타,마젠타,마젠타
0,255,202,ko,청록색,청록,청록,청록색,청록,청록
255,0,251,ko,자홍색,자홍,자홍,마젠타,마젠타,마젠타
136,255,0,ko,연두색,연두,연두,연두색,연두,연두
5,0,255,ko,파랑,파랑,파랑,파랑,파랑,파랑
255,229,0,ko,노란색,노랑,노랑,노란색,노랑,노랑
255,0,241,ko,자홍색,자홍,자홍,마젠타,마젠타,마젠타
255,0,22,ko,빨강,빨강,빨강,빨간색,빨강,빨강
0,255,232,ko,청록색,청록,청록,시안,시안,시안
0,255,14,ko,연두색,연두,연두,라임색,라임,라임
255,0,151,ko,자홍색,자홍,자홍,핫핑크,핫핑크,핫핑크
0,255,171,ko,민트색,민트,민트,청록색,청록,청록
32,255,0,ko,연두색,연두,연두,초록색,초록,초록
194,0,255,ko,보라색,보라,보라,보라색,보라,보라
0,154,255,ko,파랑,파랑,파랑,파란색,파랑,파랑
255,167,0,ko,주황색,주황,주황,주황색,주황,주황
0,85,255,ko,파랑,파랑,파랑,파랑,파랑,파랑
255,0,213,ko,자홍색,자홍,자홍,마젠타,마젠타,마젠타
0,240,255,ko,청록색,청록,청록,청록색,청록,청록
0,255,92,ko,초록색,초록,초록,초록색,초록,초록
255,0,37,ko,빨강,빨강,빨강,빨강,빨강,빨강
52,255,0,ko,연두색,연두,연두,초록색,초록,초록
255,0,165,ko,분홍색,분홍,분홍,핫핑크,핫핑크,핫핑크
255,0,140,ko,분홍색,분홍,분홍,핫핑크,핫핑크,핫핑크
255,122,0,ko,주황색,주황,주황,주황색,주황,주황
255,179,0,ko,주황색,주황,주황,주황색,주황,주황
195,255,0,ko,라임색,라임,라임,라임색,라임,라임
255,31,0,ko,빨강,빨강,빨강,빨강,빨강,빨강
0,255,7,ko,연두색,연두,연두,초록색,초록,초록
255,13,0,ko,빨강,빨강,빨강,빨강,빨강,빨강
255,0,189,ko,자홍색,자홍,자홍,핫핑크,핫핑크,핫핑크
84,255,0,ko,연두색,연두,연두,연두색,연두,연두
0,9,255,ko,파랑,파랑,파랑,파랑,파랑,파랑
62,0,255,ko,보라색,보라,보라,파란색,파랑,파랑
255,0,124,ko,분홍색,분홍,분홍,진분홍,진분홍,진분홍
255,27,0,ko,빨강,빨강,빨강,빨강,빨강,빨강
183,255,0,ko,연두색,연두,연두,라임색,라임,라임
0,255,181,ko,청록색,청록,청록,청록색,청록,청록
255,0,238,ko,자홍색,자홍,자홍,마젠타,마젠타,마젠타
241,255,0,ko,노랑,노랑,노랑,노란색,노랑,노랑
0,208,255,ko,하늘색,하늘,하늘,하늘색,하늘,하늘
255,0,203,ko,자홍색,자홍,자홍,자홍색,자홍,자홍
138,255,0,ko,연두색,연두,연두,연두색,연두,연두
66,255,0,ko,연두색,연두,연두,초록색,초록,초록
0,97,255,ko,파란색,파랑,파랑,파란색,파랑,파랑
53,255,0,ko,연두색,연두,연두,초록색,초록,초록
192,255,0,ko,형광 연두,형광 연두,형광연두,라임색,라임,라임
0,239,255,ko,청록색,청록,청록,청록색,청록,청록
0,65,255,ko,파란색,파랑,파랑,파란색,파랑,파랑
211,255,0,ko,형광노랑,형광노랑,형광노랑,형광 노랑,형광 노랑,형광노랑
255,139,0,ko,주황색,주황,주황,주황색,주황,주황
255,0,110,ko,분홍색,분홍,분홍,핫핑크,핫핑크,핫핑크
255,89,0,ko,주황색,주황,주황,주황색,주황,주황
255,243,0,ko,노란색,노랑,노랑,노란색,노랑,노랑
0,201,255,ko,하늘색,하늘,하늘,하늘색,하늘,하늘
65,0,255,ko,보라색,보라,보라,파란색,파랑,파랑
0,255,191,ko,민트색,민트,민트,청록색,청록,청록
219,0,255,ko,자홍색,자홍,자홍,자홍색,자홍,자홍
0,255,55,ko,형광초록,형광초록,형광초록,초록색,초록,초록
148,0,255,ko,보라색,보라,보라,보라색,보라,보라
255,170,0,ko,주황색,주황,주황,주황색,주황,주황
18,255,0,ko,연두색,연두,연두,초록색,초록,초록
205,255,0,ko,연두색,연두,연두,라임색,라임,라임
255,235,0,ko,노랑,노랑,노랑,노란색,노랑,노랑
159,0,255,ko,보라색,보라,보라,보라색,보라,보라
0,193,255,ko,하늘색,하늘,하늘,파란색,파랑,파랑
141,0,255,ko,보라색,보라,보라,보라색,보라,보라
0,255,44,ko,형광초록,형광초록,형광초록,초록색,초록,초록
255,0,146,ko,분홍색,분홍,분홍,자홍색,자홍,자홍
255,208,0,ko,노란색,노랑,노랑,노란색,노랑,노랑
228,255,0,ko,노랑,노랑,노랑,노란색,노랑,노랑
113,255,0,ko,연두색,연두,연두,라임색,라임,라임
133,255,0,ko,연두색,연두,연두,연두색,연두,연두
0,13,255,ko,파란색,파랑,파랑,파란색,파랑,파랑
255,76,0,ko,주황색,주황,주황,주황색,주황,주황
0,255,175,ko,민트색,민트,민트,청록색,청록,청록
255,91,0,ko,주황색,주황,주황,주황색,주황,주황
0,255,0,ko,연두색,연두,연두,초록색,초록,초록
96,0,255,ko,보라색,보라,보라,보라색,보라,보라
176,255,0,ko,연두색,연두,연두,형광 연두색,형광 연두,형광연두
206,0,255,ko,보라색,보라,보라,보라색,보라,보라
255,221,0,ko,노란색,노랑,노랑,노란색,노랑,노랑
255,0,40,ko,빨강,빨강,빨강,빨간색,빨강,빨강
255,0,174,ko,분홍색,분홍,분홍,마젠타,마젠타,마젠타
255,149,0,ko,주황색,주황,주황,주황색,주황,주황
255,147,0,ko,주황색,주황,주황,주황색,주황,주황
0,255,126,ko,연두색,연두,연두,초록색,초록,초록
0,164,255,ko,파란색,파랑,파랑,파란색,파랑,파랑
255,0,75,ko,분홍색,분홍,분홍,핫핑크,핫핑크,핫핑크
255,0,88,ko,분홍색,분홍,분홍,핫핑크색,핫핑크,핫핑크
0,26,255,ko,파란색,파랑,파랑,파랑,파랑,파랑
0,239,255,ko,청록색,청록,청록,시안색,시안,시안
0,54,255,ko,파란색,파랑,파랑,파랑,파랑,파랑
149,0,255,ko,보라색,보라,보라,보라색,보라,보라
0,140,255,ko,파랑,파랑,파랑,파란색,파랑,파랑
77,0,255,ko,보라색,보라,보라,보라색,보라,보라
0,212,255,ko,하늘색,하늘,하늘,하늘색,하늘,하늘
255,238,0,ko,노란색,노랑,노랑,노란색,노랑,노랑
109,0,255,ko,보라색,보라,보라,보라색,보라,보라
255,0,195,ko,자홍색,자홍,자홍,마젠타,마젠타,마젠타
0,255,158,ko,민트색,민트,민트,청록색,청록,청록
33,0,255,ko,파랑,파랑,파랑,파란색,파랑,파랑
0,255,63,ko,초록색,초록,초록,초록색,초록,초록
156,0,255,ko,보라색,보라,보라,보라색,보라,보라
60,255,0,ko,연두색,연두,연두,연두색,연두,연두
0,98,255,ko,파란색,파랑,파랑,파란색,파랑,파랑
255,0,215,ko,자홍색,자홍,자홍,마젠타,마젠타,마젠타
0,255,46,ko,초록색,초록,초록,초록색,초록,초록
0,108,255,ko,파랑,파랑,파랑,파란색,파랑,파랑
0,119,255,ko,파란색,파랑,파랑,파랑,파랑,파랑
0,129,255,ko,파랑,파랑,파랑,코발트 블루,코발트 블루,코발트블루
255,234,0,ko,노란색,노랑,노랑,노란색,노랑,노랑
39,255,0,ko,형광초록,형광초록,형광초록,연두색,연두,연두
184,0,255,ko,보라색,보라,보라,보라색,보라,보라
255,0,7,ko,빨강,빨강,빨강,빨강,빨강,빨강
172,255,0,ko,연두색,연두,연두,연두색,연두,연두
255,27,0,ko,빨간색,빨강,빨강,빨간색,빨강,빨강
0,12,255,ko,파랑,파랑,파랑,파란색,파랑,파랑
140,0,255,ko,보라색,보라,보라,보라색,보라,보라
255,0,63,ko,분홍색,분홍,분홍,핫핑크,핫핑크,핫핑크
0,226,255,ko,하늘색,하늘,하늘,하늘색,하늘,하늘
0,138,255,ko,파랑,파랑,파랑,파란색,파랑,파랑
0,227,255,ko,하늘색,하늘,하늘,시안,시안,시안
7,255,0,ko,초록색,초록,초록,초록색,초록,초록
255,186,0,ko,주황색,주황,주황,주황색,주황,주황
255,0,84,ko,분홍색,분홍,분홍,핫핑크,핫핑크,핫핑크
0,13,255,ko,파랑,파랑,파랑,파란색,파랑,파랑
255,0,25,ko,빨강,빨강,빨강,빨간색,빨강,빨강
0,185,255,ko,하늘색,하늘,하늘,파란색,파랑,파랑
140,255,0,ko,연두색,연두,연두,연두색,연두,연두
255,238,0,ko,노란색,노랑,노랑,노랑,노랑,노랑
5,255,0,ko,연두색,연두,연두,초록색,초록,초록
255,87,0,ko,주황색,주황,주황,주황색,주황,주황
255,0,202,ko,자홍색,자홍,자홍,마젠타,마젠타,마젠타
0,164,255,ko,파란색,파랑,파랑,파란색,파랑,파랑
255,70,0,ko,주황색,주황,주황,주황색,주황,주황
0,255,120,ko,연두색,연두,연두,연두색,연두,연두
0,255,233,ko,청록색,청록,청록,시안색,시안,시안
255,0,136,ko,분홍색,분홍,분홍,핫핑크,핫핑크,핫핑크
254,255,0,ko,노란색,노랑,노랑,노란색,노랑,노랑
0,25,255,ko,파란색,파랑,파랑,파란색,파랑,파랑
0,208,255,ko,하늘색,하늘,하늘,청록색,청록,청록
233,0,255,ko,자홍색,자홍,자홍,마젠타,마젠타,마젠타
138,255,0,ko,연두색,연두,연두,라임색,라임,라임
0,180,255,ko,하늘색,하늘,하늘,파란색,파랑,파랑
66,255,0,ko,형광연두,형광연두,형광연두,초록색,초록,초록
209,255,0,ko,연두색,연두,연두,라임색,라임,라임
8,255,0,ko,초록색,초록,초록,형광 초록색,형광 초록,형광초록
77,255,0,ko,연두색,연두,연두,라임색,라임,라임
3,0,255,ko,파랑,파랑,파랑,파란색,파랑,파랑
111,0,255,ko,보라색,보라,보라,밝은 보라색,밝은 보라,밝은보라
0,255,25,ko,초록색,초록,초록,초록색,초록,초록
0,255,235,ko,청록색,청록,청록,시안,시안,시안
0,234,255,ko,청록색,청록,청록,청록색,청록,청록
182,255,0,ko,연두색,연두,연두,라임색,라임,라임
255,0,57,ko,빨강,빨강,빨강,선홍색,선홍,선홍
83,255,0,ko,연두색,연두,연두,연두색,연두,연두
0,255,224,ko,청록색,청록,청록,청록색,청록,청록
46,255,0,ko,연두색,연두,연두,연두색,연두,연두
242,255,0,ko,노란색,노랑,노랑,노란색,노랑,노랑
255,215,0,ko,노란색,노랑,노랑,노란색,노랑,노랑
0,255,77,ko,연두색,연두,연두,형광 초록색,형광 초록,형광초록
104,0,255,ko,보라색,보라,보라,보라색,보라,보라
223,255,0,ko,노랑,노랑,노랑,형광 노란색,형광 노랑,형광노랑
0,211,255,ko,하늘색,하늘,하늘,파란색,파랑,파랑
0,255,248,ko,청록색,청록,청록,청록색,청록,청록
255,221,0,ko,노란색,노랑,노랑,노란색,노랑,노랑
255,0,158,ko,자홍색,자홍,자홍,핫핑크,핫핑크,핫핑크
255,0,24,ko,빨강,빨강,빨강,빨간색,빨강,빨강
129,0,255,ko,보라색,보라,보라,보라색,보라,보라
0,160,255,ko,파랑,파랑,파랑,파란색,파랑,파랑
133,0,255,ko,보라색,보라,보라,보라색,보라,보라
255,198,0,ko,노란색,노랑,노랑,노란색,노랑,노랑
255,212,0,ko,노랑,노랑,노랑,노란색,노랑,노랑
39,0,255,ko,파란색,파랑,파랑,파란색,파랑,파랑
68,255,0,ko,초록색,초록,초록,라임색,라임,라임
0,255,244,ko,청록색,청록,청록,아쿠아색,아쿠아,아쿠아
0,255,224,ko,청록색,청록,청록,청록색,청록,청록
255,232,0,ko,노란색,노랑,노랑,노란색,노랑,노랑
130,0,255,ko,보라색,보라,보라,보라색,보라,보라
255,39,0,ko,빨강,빨강,빨강,빨강,빨강,빨강
0,255,139,ko,민트색,민트,민트,밝은 초록색,밝은 초록,밝은초록
0,173,255,ko,하늘색,하늘,하늘,파랑,파랑,파랑
0,255,120,ko,형광초록,형광초록,형광초록,라임색,라임,라임
85,0,255,ko,보라색,보라,보라,청보라색,청보라,청보라
53,0,255,ko,파란색,파랑,파랑,파란색,파랑,파랑
115,255,0,ko,연두색,연두,연두,형광 초록,형광 초록,형광초록
83,0,255,ko,보라색,보라,보라,청보라색,청보라,청보라
0,255,239,ko,청록색,청록,청록,사이언,사이언,사이언
255,0,12,ko,빨강,빨강,빨강,빨간색,빨강,빨강
110,0,255,ko,보라색,보라,보라,보라색,보라,보라
0,86,255,ko,파랑,파랑,파랑,파란색,파랑,파랑
0,226,255,ko,청록색,청록,청록,하늘색,하늘,하늘
18,255,0,ko,연두색,연두,연두,초록색,초록,초록
0,255,102,ko,연두색,연두,연두,라임색,라임,라임
255,217,0,ko,노란색,노랑,노랑,노란색,노랑,노랑
213,255,0,ko,연두색,연두,연두,라임색,라임,라임
255,77,0,ko,주황색,주황,주황,주황색,주황,주황
0,255,234,ko,청록색,청록,청록,청록색,청록,청록
255,82,0,ko,주황색,주황,주황,주황색,주황,주황
0,255,28,ko,초록색,초록,초록,초록색,초록,초록
255,0,98,ko,분홍색,분홍,분홍,핫핑크,핫핑크,핫핑크
255,208,0,ko,노란색,노랑,노랑,노란색,노랑,노랑
0,173,255,ko,하늘색,하늘,하늘,파란색,파랑,파랑
189,0,255,ko,보라색,보라,보라,자주색,자주,자주
0,255,107,ko,초록색,초록,초록,초록색,초록,초록
0,255,217,ko,청록색,청록,청록,청록색,청록,청록
255,8,0,ko,빨강,빨강,빨강,빨간색,빨강,빨강
255,163,0,ko,주황색,주황,주황,주황색,주황,주황
147,0,255,ko,보라색,보라,보라,보라색,보라,보라
255,0,0,ko,빨강,빨강,빨강,빨강,빨강,빨강
255,0,56,ko,빨강,빨강,빨강,진홍색,진홍,진홍
182,255,0,ko,연두색,연두,연두,라임색,라임,라임
212,0,255,ko,자주색,자주,자주,마젠타,마젠타,마젠타
0,109,255,ko,파란색,파랑,파랑,파란색,파랑,파랑
166,0,255,ko,보라색,보라,보라,보라색,보라,보라
88,0,255,ko,보라색,보라,보라,청보라색,청보라,청보라
255,0,147,ko,분홍색,분홍,분홍,핫핑크,핫핑크,핫핑크
0,255,189,ko,민트색,민트,민트,청록색,청록,청록
119,255,0,ko,연두색,연두,연두,라임색,라임,라임
71,255,0,ko,형광초록,형광초록,형광초록,형광 초록색,형광 초록,형광초록
136,255,0,ko,연두색,연두,연두,라임색,라임,라임
0,255,161,ko,민트색,민트,민트,민트색,민트,민트
255,0,211,ko,분홍색,분홍,분홍,마젠타,마젠타,마젠타
255,0,140,ko,분홍색,분홍,분홍,핫핑크,핫핑크,핫핑크
255,153,0,ko,주황색,주황,주황,주황색,주황,주황
255,226,0,ko,노란색,노랑,노랑,노란색,노랑,노랑
0,255,4,ko,연두색,연두,연두,초록색,초록,초록
0,255,108,ko,형광초록,형광초록,형광초록,초록색,초록,초록
255,0,123,ko,분홍색,분홍,분홍,진한 분홍,진 분홍,진분홍
0,255,58,ko,초록색,초록,초록,초록색,초록,초록
0,152,255,ko,하늘색,하늘,하늘,파란색,파랑,파랑
0,255,93,ko,연두색,연두,연두,초록색,초록,초록
255,0,209,ko,자홍색,자홍,자홍,핫핑크,핫핑크,핫핑크
255,0,215,ko,자홍색,자홍,자홍,마젠타,마젠타,마젠타
0,255,86,ko,연두색,연두,연두,연두색,연두,연두
0,70,255,ko,파랑,파랑,파랑,파랑,파랑,파랑
255,216,0,ko,노랑,노랑,노랑,노란색,노랑,노랑
0,255,204,ko,청록색,청록,청록,아쿠아색,아쿠아,아쿠아
0,25,255,ko,파랑,파랑,파랑,파란색,파랑,파랑
22,0,255,ko,파랑,파랑,파랑,파란색,파랑,파랑
78,255,0,ko,연두색,연두,연두,라임색,라임,라임
0,118,255,ko,파랑,파랑,파랑,파랑,파랑,파랑
255,138,0,ko,주황색,주황,주황,주황색,주황,주황
3,0,255,ko,파랑,파랑,파랑,파란색,파랑,파랑
0,91,255,ko,파란색,파랑,파랑,코발트블루,코발트블루,코발트블루
193,255,0,ko,연두색,연두,연두,라임색,라임,라임
255,0,108,ko,분홍색,분홍,분홍,핫핑크,핫핑크,핫핑크
26,255,0,ko,연두색,연두,연두,초록,초록,초록
0,16,255,ko,파란색,파랑,파랑,파란색,파랑,파랑
0,255,45,ko,초록색,초록,초록,초록색,초록,초록
255,78,0,ko,주황색,주황,주황,주황색,주황,주황
0,255,193,ko,민트색,민트,민트,청록색,청록,청록
0,143,255,ko,파란색,파랑,파랑,파란색,파랑,파랑
255,0,251,ko,자홍색,자홍,자홍,마젠타,마젠타,마젠타
17,0,255,ko,파랑,파랑,파랑,파란색,파랑,파랑
255,70,0,ko,주황색,주황,주황,주황색,주황,주황
0,255,141,ko,초록색,초록,초록,형광 초록색,형광 초록,형광초록
160,255,0,ko,연두색,연두,연두,연두색,연두,연두
255,196,0,ko,노란색,노랑,노랑,노란색,노랑,노랑
105,255,0,ko,연두색,연두,연두,라임색,라임,라임
0,255,104,ko,초록색,초록,초록,연두색,연두,연두
255,244,0,ko,노란색,노랑,노랑,노란색,노랑,노랑
56,0,255,ko,보라색,보라,보라,파란색,파랑,파랑
0,75,255,ko,파란색,파랑,파랑,파란색,파랑,파랑
255,157,0,ko,주황색,주황,주황,주황색,주황,주황
0,255,149,ko,민트색,민트,민트,형광 초록색,형광 초록,형광초록
255,74,0,ko,주황색,주황,주황,주황,주황,주황
0,237,255,ko,청록색,청록,청록,시안,시안,시안
246,255,0,ko,노란색,노랑,노랑,노란색,노랑,노랑
0,255,37,ko,초록색,초록,초록,형광 초록색,형광 초록,형광초록
255,53,0,ko,주황색,주황,주황,다홍색,다홍,다홍
255,19,0,ko,빨간색,빨강,빨강,빨간색,빨강,빨강
204,0,255,ko,보라색,보라,보라,자주색,자주,자주
177,255,0,ko,연두색,연두,연두,연두색,연두,연두
255,0,68,ko,분홍색,분홍,분홍,핫핑크,핫핑크,핫핑크
63,255,0,ko,연두색,연두,연두,초록색,초록,초록
0,119,255,ko,파랑,파랑,파랑,밝은 파란색,밝은 파랑,밝은파랑
255,0,181,ko,분홍색,분홍,분홍,분홍,분홍,분홍
0,79,255,ko,파란색,파랑,파랑,파란색,파랑,파랑
255,61,0,ko,주황색,주황,주황,주황색,주황,주황
255,0,85,ko,분홍색,분홍,분홍,핫핑크,핫핑크,핫핑크
191,0,255,ko,보라색,보라,보라,자주색,자주,자주
255,0,104,ko,분홍색,분홍,분홍,핫핑크,핫핑크,핫핑크
106,0,255,ko,보라색,보라,보라,보라색,보라,보라
255,0,63,ko,빨강,빨강,빨강,자홍색,자홍,자홍
0,124,255,ko,파랑,파랑,파랑,파란색,파랑,파랑
62,0,255,ko,보라색,보라,보라,파란색,파랑,파랑
255,0,182,ko,자홍색,자홍,자홍,핫핑크,핫핑크,핫핑크
0,255,179,ko,민트색,민트,민트,민트색,민트,민트
255,75,0,ko,주황색,주황,주황,주황색,주황,주황
0,168,255,ko,하늘색,하늘,하늘,파란색,파랑,파랑
0,68,255,ko,파랑,파랑,파랑,파란색,파랑,파랑
50,255,0,ko,연두색,연두,연두,초록색,초록,초록
239,255,0,ko,노란색,노랑,노랑,노랑,노랑,노랑
29,255,0,ko,연두색,연두,연두,초록색,초록,초록
175,0,255,ko,보라색,보라,보라,보라색,보라,보라
255,164,0,ko,주황색,주황,주황,주황색,주황,주황
255,0,252,ko,자홍색,자홍,자홍,마젠타,마젠타,마젠타
0,255,70,ko,연두색,연두,연두,초록색,초록,초록
218,255,0,ko,연두색,연두,연두,형광 노란색,형광 노랑,형광노랑
255,0,163,ko,분홍색,분홍,분홍,핫핑크,핫핑크,핫핑크
0,170,255,ko,하늘색,하늘,하늘,하늘색,하늘,하늘
0,255,172,ko,민트색,민트,민트,에메랄드색,에메랄드,에메랄드
161,0,255,ko,보라색,보라,보라,보라색,보라,보라
255,52,0,ko,주황색,주황,주황,주황색,주황,주황
216,255,0,ko,연두색,연두,연두,형광 노랑,형광 노랑,형광노랑
255,16,0,ko,빨강,빨강,빨강,빨강,빨강,빨강
0,71,255,ko,파랑,파랑,파랑,파란색,파랑,파랑
255,82,0,ko,주황색,주황,주황,주황색,주황,주황
20,255,0,ko,연두색,연두,연두,초록색,초록,초록
0,235,255,ko,청록색,청록,청록,청록색,청록,청록
0,147,255,ko,파란색,파랑,파랑,파란색,파랑,파랑
25,255,0,ko,형광초록,형광초록,형광초록,초록색,초록,초록
255,20,0,ko,빨강,빨강,빨강,빨간색,빨강,빨강
255,0,254,ko,마젠타,마젠타,마젠타,마젠타,마젠타,마젠타
233,255,0,ko,노란색,노랑,노랑,노란색,노랑,노랑
0,255,233,ko,청록색,청록,청록,청록색,청록,청록
189,0,255,ko,보라색,보라,보라,보라색,보라,보라
200,255,0,ko,형광 연두,형광 연두,형광연두,형광 연두색,형광 연두,형광연두
96,0,255,ko,보라색,보라,보라,보라색,보라,보라
255,0,171,ko,자홍색,자홍,자홍,마젠타,마젠타,마젠타
0,255,138,ko,청록색,청록,청록,형광 초록색,형광 초록,형광초록
0,82,255,ko,파랑,파랑,파랑,파란색,파랑,파랑
0,255,189,ko,민트색,민트,민트,터키색,터키,터키
255,234,0,ko,노란색,노랑,노랑,노란색,노랑,노랑
0,255,53,ko,초록색,초록,초록,초록색,초록,초록
0,203,255,ko,하늘색,하늘,하늘,하늘색,하늘,하늘
255,194,0,ko,주황색,주황,주황,노란색,노랑,노랑
22,255,0,ko,연두색,연두,연두,초록색,초록,초록
255,98,0,ko,주황색,주황,주황,주황색,주황,주황
255,79,0,ko,주황색,주황,주황,주황색,주황,주황
255,0,106,ko,분홍색,분홍,분홍,핫핑크,핫핑크,핫핑크
255,49,0,ko,주황색,주황,주황,다홍색,다홍,다홍
0,255,201,ko,민트색,민트,민트,청록색,청록,청록
0,55,255,ko,파랑,파랑,파랑,파랑,파랑,파랑
212,255,0,ko,형광 노랑,형광 노랑,형광노랑,연두색,연두,연두
229,0,255,ko,자홍색,자홍,자홍,마젠타,마젠타,마젠타
255,25,0,ko,빨간색,빨강,빨강,빨강,빨강,빨강
0,255,53,ko,초록색,초록,초록,라임색,라임,라임
255,0,143,ko,분홍색,분홍,분홍,핫핑크,핫핑크,핫핑크
0,36,255,ko,파란색,파랑,파랑,파란색,파랑,파랑
255,203,0,ko,노란색,노랑,노랑,노랑,노랑,노랑
255,0,239,ko,마젠타,마젠타,마젠타,마젠타,마젠타,마젠타
255,0,193,ko,자홍색,자홍,자홍,핫핑크,핫핑크,핫핑크
0,77,255,ko,파란색,파랑,파랑,파랑,파랑,파랑
0,255,156,ko,민트색,민트,민트,청록색,청록,청록
255,173,0,ko,주황색,주황,주황,주황색,주황,주황
255,161,0,ko,주황색,주황,주황,주황색,주황,주황
95,255,0,ko,연두색,연두,연두,라임색,라임,라임
0,202,255,ko,하늘색,하늘,하늘,시안색,시안,시안
255,86,0,ko,주황색,주황,주황,주황색,주황,주황
0,2,255,ko,파랑,파랑,파랑,파랑,파랑,파랑
124,255,0,ko,연두색,연두,연두,라임색,라임,라임
255,0,138,ko,분홍색,분홍,분홍,핫핑크,핫핑크,핫핑크
255,0,43,ko,빨강,빨강,빨강,선홍색,선홍,선홍
0,255,53,ko,형광초록,형광초록,형광초록,초록색,초록,초록
255,24,0,ko,빨강,빨강,빨강,빨강,빨강,빨강
255,0,246,ko,자홍색,자홍,자홍,마젠타,마젠타,마젠타
0,215,255,ko,하늘색,하늘,하늘,파란색,파랑,파랑
0,255,185,ko,청록색,청록,청록,민트색,민트,민트
0,241,255,ko,청록색,청록,청록,아쿠아색,아쿠아,아쿠아
255,138,0,ko,주황색,주황,주황,주황색,주황,주황
76,255,0,ko,연두색,연두,연두,연두색,연두,연두
0,255,166,ko,민트색,민트,민트,청록색,청록,청록
0,99,255,ko,파란색,파랑,파랑,파란색,파랑,파랑
0,17,255,ko,파랑,파랑,파랑,파란색,파랑,파랑
195,0,255,ko,보라색,보라,보라,보라색,보라,보라
255,0,62,ko,빨강,빨강,빨강,핫핑크,핫핑크,핫핑크
255,222,0,ko,노란색,노랑,노랑,노랑,노랑,노랑
0,255,70,ko,연두색,연두,연두,초록색,초록,초록
0,89,255,ko,파란색,파랑,파랑,파란색,파랑,파랑
255,93,0,ko,주황색,주황,주황,주황색,주황,주황
0,255,70,ko,연두색,연두,연두,초록색,초록,초록
255,0,108,ko,분홍색,분홍,분홍,핫핑크,핫핑크,핫핑크
255,172,0,ko,주황색,주황,주황,주황색,주황,주황
155,255,0,ko,연두색,연두,연두,연두색,연두,연두
255,0,223,ko,자홍색,자홍,자홍,마젠타색,마젠타,마젠타
3,255,0,ko,연두색,연두,연두,초록색,초록,초록
255,46,0,ko,주황색,주황,주황,다홍색,다홍,다홍
218,255,0,ko,형광노랑,형광노랑,형광노랑,형광 연두,형광 연두,형광연두
198,255,0,ko,연두색,연두,연두,형광 연두색,형광 연두,형광연두
255,238,0,ko,노란색,노랑,노랑,노란색,노랑,노랑
255,0,169,ko,자홍색,자홍,자홍,마젠타,마젠타,마젠타
255,252,0,ko,노란색,노랑,노랑,노란색,노랑,노랑
0,255,6,ko,연두색,연두,연두,초록색,초록,초록
244,0,255,ko,자홍색,자홍,자홍,마젠타,마젠타,마젠타
0,255,218,ko,청록색,청록,청록,청록,청록,청록
255,0,114,ko,분홍색,분홍,분홍,핫핑크,핫핑크,핫핑크
0,13,255,ko,파란색,파랑,파랑,파란색,파랑,파랑
0,255,124,ko,연두색,연두,연두,초록색,초록,초록
205,255,0,ko,연두색,연두,연두,라임색,라임,라임
255,201,0,ko,노란색,노랑,노랑,노랑,노랑,노랑
255,165,0,ko,주황색,주황,주황,주황색,주황,주황
0,186,255,ko,하늘색,하늘,하늘,하늘색,하늘,하늘
255,67,0,ko,주황색,주황,주황,주황,주황,주황
0,255,114,ko,초록색,초록,초록,형광 녹색,형광 녹,형광녹
255,155,0,ko,주황색,주황,주황,주황색,주황,주황
0,208,255,ko,하늘색,하늘,하늘,하늘색,하늘,하늘
255,0,197,ko,자홍색,자홍,자홍,핫핑크,핫핑크,핫핑크
255,15,0,ko,빨강,빨강,빨강,빨강,빨강,빨강
42,255,0,ko,연두색,연두,연두,라임색,라임,라임
92,255,0,ko,연두색,연두,연두,라임색,라임,라임
0,255,100,ko,연두색,연두,연두,연두색,연두,연두
1,0,255,ko,파랑,파랑,파랑,파란색,파랑,파랑
0,255,223,ko,청록색,청록,청록,청록색,청록,청록
255,0,131,ko,분홍색,분홍,분홍,핫핑크,핫핑크,핫핑크
0,255,104,ko,초록색,초록,초록,초록색,초록,초록
174,255,0,ko,연두색,연두,연두,형광 연두색,형광 연두,형광연두
255,0,209,ko,자홍색,자홍,자홍,핫핑크,핫핑크,핫핑크
0,240,255,ko,청록색,청록,청록,청록색,청록,청록
0,255,98,ko,초록색,초록,초록,초록색,초록,초록
255,0,69,ko,분홍색,분홍,분홍,쇼킹 핑크,쇼킹 핑크,쇼킹핑크
0,238,255,ko,시안,시안,시안,청록색,청록,청록
255,150,0,ko,주황색,주황,주황,주황색,주황,주황
255,155,0,ko,주황색,주황,주황,주황색,주황,주황
0,209,255,ko,하늘색,하늘,하늘,하늘색,하늘,하늘
0,42,255,ko,파랑,파랑,파랑,파랑,파랑,파랑
2,255,0,ko,초록색,초록,초록,초록색,초록,초록
255,0,209,ko,자홍색,자홍,자홍,자홍색,자홍,자홍
181,255,0,ko,연두색,연두,연두,연두색,연두,연두
255,0,241,ko,자홍색,자홍,자홍,마젠타,마젠타,마젠타
85,255,0,ko,연두색,연두,연두,라임색,라임,라임
0,255,96,ko,형광초록,형광초록,형광초록,형광 초록색,형광 초록,형광초록
169,255,0,ko,연두색,연두,연두,라임색,라임,라임
255,113,0,ko,주황색,주황,주황,주황색,주황,주황
188,0,255,ko,보라색,보라,보라,보라색,보라,보라
255,0,7,ko,빨강,빨강,빨강,빨간색,빨강,빨강
0,21,255,ko,파랑,파랑,파랑,파란색,파랑,파랑
0,255,44,ko,초록색,초록,초록,초록,초록,초록
85,0,255,ko,보라색,보라,보라,보라색,보라,보라
0,244,255,ko,시안,시안,시안,사이언,사이언,사이언
255,0,128,ko,분홍색,분홍,분홍,핫핑크,핫핑크,핫핑크
3,255,0,ko,초록색,초록,초록,초록색,초록,초록
0,255,178,ko,청록색,청록,청록,청록색,청록,청록
101,0,255,ko,보라색,보라,보라,보라색,보라,보라
255,0,254,ko,자홍색,자홍,자홍,자홍색,자홍,자홍
121,0,255,ko,보라색,보라,보라,보라색,보라,보라
0,141,255,ko,파란색,파랑,파랑,파란색,파랑,파랑
0,255,200,ko,민트색,민트,민트,청록색,청록,청록
0,213,255,ko,하늘색,하늘,하늘,하늘색,하늘,하늘
255,0,19,ko,빨강,빨강,빨강,빨간색,빨강,빨강
0,186,255,ko,하늘색,하늘,하늘,하늘색,하늘,하늘
32,255,0,ko,연두색,연두,연두,초록색,초록,초록
0,255,94,ko,형광초록,형광초록,형광초록,연두색,연두,연두
255,0,124,ko,자홍색,자홍,자홍,핫핑크색,핫핑크,핫핑크
255,0,216,ko,분홍색,분홍,분홍,마젠타색,마젠타,마젠타
255,73,0,ko,주황색,주황,주황,주황색,주황,주황
241,255,0,ko,노란색,노랑,노랑,노란색,노랑,노랑
0,255,177,ko,청록색,청록,청록,청록색,청록,청록
145,0,255,ko,보라색,보라,보라,보라색,보라,보라
0,45,255,ko,파랑,파랑,파랑,파란색,파랑,파랑
255,0,234,ko,분홍색,분홍,분홍,마젠타,마젠타,마젠타
0,255,232,ko,청록색,청록,청록,청록색,청록,청록
255,199,0,ko,노란색,노랑,노랑,노란색,노랑,노랑
172,0,255,ko,보라색,보라,보라,보라색,보라,보라
254,255,0,ko,노란색,노랑,노랑,노란색,노랑,노랑
0,30,255,ko,파랑,파랑,파랑,파란색,파랑,파랑
129,255,0,ko,연두색,연두,연두,연두색,연두,연두
255,148,0,ko,주황색,주황,주황,주황색,주황,주황
255,0,205,ko,자홍색,자홍,자홍,마젠타,마젠타,마젠타
255,124,0,ko,주황색,주황,주황,주황색,주황,주황
255,246,0,ko,노란색,노랑,노랑,노란색,노랑,노랑
0,255,187,ko,민트색,민트,민트,청록색,청록,청록
0,233,255,ko,하늘색,하늘,하늘,시안,시안,시안
0,255,167,ko,청록색,청록,청록,청록색,청록,청록
255,52,0,ko,주황색,주황,주황,다홍색,다홍,다홍
0,106,255,ko,파랑,파랑,파랑,파란색,파랑,파랑
72,255,0,ko,연두색,연두,연두,초록색,초록,초록
59,255,0,ko,연두색,연두,연두,형광 초록색,형광 초록,형광초록
0,176,255,ko,하늘색,하늘,하늘,하늘색,하늘,하늘
0,178,255,ko,하늘색,하늘,하늘,하늘색,하늘,하늘
255,14,0,ko,빨강,빨강,빨강,빨강,빨강,빨강
0,255,184,ko,청록색,청록,청록,청록색,청록,청록
218,255,0,ko,연두색,연두,연두,노란색,노랑,노랑
0,255,237,ko,청록색,청록,청록,청록색,청록,청록
0,249,255,ko,하늘색,하늘,하늘,하늘색,하늘,하늘
196,0,255,ko,보라색,보라,보라,보라색,보라,보라
0,255,185,ko,청록색,청록,청록,청록색,청록,청록
0,255,107,ko,초록색,초록,초록,초록색,초록,초록
0,255,92,ko,초록색,초록,초록,형광 초록색,형광 초록,형광초록
255,0,147,ko,자홍색,자홍,자홍,핫핑크,핫핑크,핫핑크
255,0,101,ko,분홍색,분홍,분홍,핫핑크,핫핑크,핫핑크
0,184,255,ko,하늘색,하늘,하늘,파란색,파랑,파랑
255,138,0,ko,주황색,주황,주황,주황색,주황,주황
105,0,255,ko,보라색,보라,보라,보라색,보라,보라
255,0,204,ko,자홍색,자홍,자홍,마젠타,마젠타,마젠타
0,44,255,ko,파란색,파랑,파랑,파란색,파랑,파랑
132,0,255,ko,보라색,보라,보라,보라색,보라,보라
255,0,196,ko,분홍색,분홍,분홍,마젠타,마젠타,마젠타
113,0,255,ko,보라색,보라,보라,보라색,보라,보라
255,0,242,ko,자홍색,자홍,자홍,마젠타색,마젠타,마젠타
152,255,0,ko,연두색,연두,연두,연두색,연두,연두
232,0,255,ko,자홍색,자홍,자홍,마젠타,마젠타,마젠타
255,0,172,ko,분홍색,분홍,분홍,핫핑크,핫핑크,핫핑크
255,5,0,ko,빨간색,빨강,빨강,빨강,빨강,빨강
0,255,221,ko,청록색,청록,청록,아쿠아색,아쿠아,아쿠아
0,246,255,ko,청록색,청록,청록,시안,시안,시안
255,0,225,ko,자홍색,자홍,자홍,마젠타,마젠타,마젠타
255,19,0,ko,빨간색,빨강,빨강,빨간색,빨강,빨강
255,0,227,ko,분홍색,분홍,분홍,마젠타,마젠타,마젠타
0,255,77,ko,초록색,초록,초록,초록색,초록,초록
5,255,0,ko,초록색,초록,초록,형광 초록색,형광 초록,형광초록
255,68,0,ko,주황색,주황,주황,주황색,주황,주황
255,155,0,ko,주황색,주황,주황,주황색,주황,주황
0,153,255,ko,파란색,파랑,파랑,파랑,파랑,파랑
0,255,92,ko,초록색,초록,초록,연두색,연두,연두
0,255,153,ko,청록색,청록,청록,초록색,초록,초록
91,0,255,ko,보라색,보라,보라,보라색,보라,보라
20,0,255,ko,파랑,파랑,파랑,파란색,파랑,파랑
255,39,0,ko,주황색,주황,주황,다홍,다홍,다홍
0,128,255,ko,파랑,파랑,파랑,파란색,파랑,파랑
255,5,0,ko,빨강,빨강,빨강,빨간색,빨강,빨강
255,52,0,ko,주황색,주황,주황,다홍색,다홍,다홍
0,255,25,ko,연두색,연두,연두,초록,초록,초록
171,255,0,ko,연두색,연두,연두,라임색,라임,라임
255,0,240,ko,자홍색,자홍,자홍,마젠타,마젠타,마젠타
0,255,138,ko,청록색,청록,청록,연두색,연두,연두
0,192,255,ko,하늘색,하늘,하늘,하늘색,하늘,하늘
255,0,140,ko,자홍색,자홍,자홍,핫핑크,핫핑크,핫핑크
96,255,0,ko,연두색,연두,연두,연두색,연두,연두
0,255,143,ko,민트색,민트,민트,민트색,민트,민트
0,255,59,ko,형광초록,형광초록,형광초록,초록색,초록,초록
232,0,255,ko,자홍색,자홍,자홍,마젠타,마젠타,마젠타
255,127,0,ko,주황색,주황,주황,주황색,주황,주황
0,255,53,ko,초록색,초록,초록,초록색,초록,초록
255,0,0,ko,빨강,빨강,빨강,빨강,빨강,빨강
255,0,57,ko,빨간색,빨강,빨강,선홍색,선홍,선홍
0,255,162,ko,청록색,청록,청록,청록색,청록,청록
255,87,0,ko,주황색,주황,주황,주황색,주황,주황
255,0,145,ko,분홍색,분홍,분홍,쇼킹핑크,쇼킹핑크,쇼킹핑크
85,255,0,ko,형광 연두색,형광 연두,형광연두,형광 초록색,형광 초록,형광초록
0,217,255,ko,하늘색,하늘,하늘,하늘색,하늘,하늘
255,107,0,ko,주황색,주황,주황,주황색,주황,주황
29,255,0,ko,라임색,라임,라임,연두색,연두,연두
255,69,0,ko,주황색,주황,주황,주황색,주황,주황
255,0,137,ko,분홍색,분홍,분홍,핫핑크,핫핑크,핫핑크
0,4,255,ko,파랑,파랑,파랑,파란색,파랑,파랑
0,255,182,ko,민트색,민트,민트,청록색,청록,청록
248,0,255,ko,자홍색,자홍,자홍,마젠타,마젠타,마젠타
255,28,0,ko,빨강,빨강,빨강,빨강,빨강,빨강
0,92,255,ko,파랑,파랑,파랑,파란색,파랑,파랑
255,102,0,ko,주황색,주황,주황,주황색,주황,주황
177,255,0,ko,연두색,연두,연두,라임색,라임,라임
255,51,0,ko,주황색,주황,주황,다홍색,다홍,다홍
0,255,167,ko,청록색,청록,청록,청록색,청록,청록
0,255,182,ko,민트색,민트,민트,청록색,청록,청록
195,255,0,ko,연두색,연두,연두,형광 연두색,형광 연두,형광연두
0,255,195,ko,청록색,청록,청록,청록색,청록,청록
255,160,0,ko,주황색,주황,주황,주황색,주황,주황
255,0,0,ko,빨간색,빨강,빨강,빨간색,빨강,빨강
255,0,73,ko,분홍색,분홍,분홍,자홍색,자홍,자홍
138,0,255,ko,보라색,보라,보라,보라색,보라,보라
180,0,255,ko,보라색,보라,보라,보라색,보라,보라
255,0,11,ko,빨간색,빨강,빨강,빨강,빨강,빨강
255,0,95,ko,분홍색,분홍,분홍,자주색,자주,자주
0,255,231,ko,청록색,청록,청록,청록색,청록,청록
203,255,0,ko,연두색,연두,연두,형광 연두색,형광 연두,형광연두
255,0,173,ko,자홍색,자홍,자홍,핫핑크,핫핑크,핫핑크
0,255,173,ko,민트색,민트,민트,민트색,민트,민트
0,54,255,ko,파란색,파랑,파랑,파랑,파랑,파랑
255,144,0,ko,주황색,주황,주황,주황색,주황,주황
0,255,107,ko,형광초록,형광초록,형광초록,초록색,초록,초록
0,33,255,ko,파랑,파랑,파랑,파랑,파랑,파랑
255,13,0,ko,빨간색,빨강,빨강,빨간색,빨강,빨강
0,255,76,ko,연두색,연두,연두,초록색,초록,초록
255,0,103,ko,분홍색,분홍,분홍,핑크색,핑크,핑크
0,255,145,ko,청록색,청록,청록,형광 초록색,형광 초록,형광초록
255,172,0,ko,주황색,주황,주황,주황색,주황,주황
255,0,52,ko,빨강,빨강,빨강,선홍색,선홍,선홍
255,11,0,ko,빨강,빨강,빨강,빨강,빨강,빨강
149,255,0,ko,연두색,연두,연두,연두색,연두,연두
235,0,255,ko,자홍색,자홍,자홍,마젠타,마젠타,마젠타
0,255,198,ko,청록색,청록,청록,터콰이즈색,터콰이즈,터콰이즈
0,255,226,ko,청록색,청록,청록,청록색,청록,청록
138,255,0,ko,연두색,연두,연두,연두색,연두,연두
99,0,255,ko,보라색,보라,보라,보라색,보라,보라
0,78,255,ko,파란색,파랑,파랑,파란색,파랑,파랑
0,255,33,ko,연두색,연두,연두,초록색,초록,초록
0,255,82,ko,형광초록,형광초록,형광초록,연두색,연두,연두
113,0,255,ko,보라색,보라,보라,보라색,보라,보라
255,170,0,ko,주황색,주황,주황,주황색,주황,주황
0,199,255,ko,하늘색,하늘,하늘,사이언,사이언,사이언
107,255,0,ko,연두색,연두,연두,연두색,연두,연두
0,64,255,ko,파랑,파랑,파랑,파란색,파랑,파랑
0,76,255,ko,파랑,파랑,파랑,파란색,파랑,파랑
56,255,0,ko,연두색,연두,연두,초록색,초록,초록
0,255,157,ko,민트색,민트,민트,밝은 녹색,밝은 녹,밝은녹
255,0,82,ko,분홍색,분홍,분홍,진분홍,진분홍,진분홍
255,0,250,ko,자홍색,자홍,자홍,마젠타색,마젠타,마젠타
255,0,143,ko,분홍색,분홍,분홍,핑크색,핑크,핑크
0,236,255,ko,청록색,청록,청록,하늘색,하늘,하늘
220,0,255,ko,자홍색,자홍,자홍,마젠타,마젠타,마젠타
0,255,5,ko,초록색,초록,초록,초록색,초록,초록
255,128,0,ko,주황색,주황,주황,주황색,주황,주황
255,57,0,ko,주황색,주황,주황,주황색,주황,주황
0,218,255,ko,하늘색,하늘,하늘,하늘색,하늘,하늘
75,0,255,ko,보라색,보라,보라,청보라색,청보라,청보라
0,255,62,ko,초록색,초록,초록,초록색,초록,초록
0,71,255,ko,파랑,파랑,파랑,파란색,파랑,파랑
0,73,255,ko,파랑,파랑,파랑,파란색,파랑,파랑
0,224,255,ko,청록색,청록,청록,파란색,파랑,파랑
29,255,0,ko,연두색,연두,연두,초록색,초록,초록
0,255,134,ko,연두색,연두,연두,초록색,초록,초록
7,255,0,ko,연두색,연두,연두,초록색,초록,초록
255,184,0,ko,노란색,노랑,노랑,귤색,귤,귤
255,113,0,ko,주황색,주황,주황,주황색,주황,주황
255,0,76,ko,분홍색,분홍,분홍,핫핑크,핫핑크,핫핑크
0,255,45,ko,연두색,연두,연두,초록색,초록,초록
0,249,255,ko,시안,시안,시안,사이안색,사이안,사이안
202,0,255,ko,보라색,보라,보라,마젠타,마젠타,마젠타
106,255,0,ko,연두색,연두,연두,라임색,라임,라임
0,136,255,ko,파랑,파랑,파랑,파랑,파랑,파랑
255,0,132,ko,분홍색,분홍,분홍,핫핑크,핫핑크,핫핑크
220,255,0,ko,연두색,연두,연두,라임색,라임,라임
0,29,255,ko,파랑,파랑,파랑,파랑,파랑,파랑
255,169,0,ko,주황색,주황,주황,주황색,주황,주황
0,255,102,ko,연두색,연두,연두,초록,초록,초록
0,42,255,ko,파랑,파랑,파랑,파란색,파랑,파랑
255,104,0,ko,주황색,주황,주황,주황색,주황,주황
255,0,122,ko,분홍색,분홍,분홍,핫핑크,핫핑크,핫핑크
255,181,0,ko,주황색,주황,주황,주황색,주황,주황
0,255,153,ko,민트색,민트,민트,초록색,초록,초록
0,39,255,ko,파란색,파랑,파랑,파란색,파랑,파랑
130,255,0,ko,형광초록,형광초록,형광초록,라임색,라임,라임
204,255,0,ko,연두색,연두,연두,라임색,라임,라임
0,25,255,ko,파랑,파랑,파랑,파란색,파랑,파랑
0,128,255,ko,파랑,파랑,파랑,파란색,파랑,파랑
0,109,255,ko,파랑,파랑,파랑,청색,청,청
0,255,32,ko,초록색,초록,초록,초록색,초록,초록
255,154,0,ko,주황색,주황,주황,주황색,주황,주황
0,76,255,ko,파란색,파랑,파랑,파란색,파랑,파랑
99,255,0,ko,연두색,연두,연두,연두색,연두,연두
0,237,255,ko,청록색,청록,청록,청록색,청록,청록
144,0,255,ko,보라색,보라,보라,보라색,보라,보라
255,69,0,ko,주황색,주황,주황,주황색,주황,주황
124,255,0,ko,연두색,연두,연두,연두색,연두,연두
255,0,93,ko,분홍색,분홍,분홍,핫핑크,핫핑크,핫핑크
236,255,0,ko,노란색,노랑,노랑,노란색,노랑,노랑
36,0,255,ko,파랑,파랑,파랑,파란색,파랑,파랑
36,0,255,ko,파랑,파랑,파랑,파란색,파랑,파랑
0,255,107,ko,초록색,초록,초록,초록색,초록,초록
0,167,255,ko,하늘색,하늘,하늘,파란색,파랑,파랑
33,0,255,ko,파랑,파랑,파랑,파란색,파랑,파랑
0,118,255,ko,파랑,파랑,파랑,파란색,파랑,파랑
0,255,254,ko,청록색,청록,청록,청록색,청록,청록
255,0,148,ko,분홍색,분홍,분홍,핫핑크,핫핑크,핫핑크
186,0,255,ko,자주색,자주,자주,자주색,자주,자주
0,80,255,ko,파랑,파랑,파랑,파란색,파랑,파랑
0,127,255,ko,파랑,파랑,파랑,밝은 파란색,밝은 파랑,밝은파랑
96,0,255,ko,보라색,보라,보라,청보라색,청보라,청보라
0,255,11,ko,연두색,연두,연두,형광 초록색,형광 초록,형광초록
255,133,0,ko,주황색,주황,주황,주황색,주황,주황
0,255,246,ko,청록색,청록,청록,청록색,청록,청록
255,0,70,ko,분홍색,분홍,분홍,자주색,자주,자주
255,51,0,ko,주황색,주황,주황,다홍,다홍,다홍
0,104,255,ko,파랑,파랑,파랑,파랑,파랑,파랑
255,67,0,ko,주황색,주황,주황,주황색,주황,주황
0,255,57,ko,연두색,연두,연두,초록색,초록,초록
0,255,198,ko,청록색,청록,청록,터키옥색,터키옥,터키옥
255,110,0,ko,주황색,주황,주황,주황색,주황,주황
255,0,196,ko,자홍색,자홍,자홍,핫핑크,핫핑크,핫핑크
125,0,255,ko,보라색,보라,보라,보라색,보라,보라
0,255,194,ko,청록색,청록,청록,청록색,청록,청록
165,0,255,ko,보라색,보라,보라,보라색,보라,보라
0,255,39,ko,연두색,연두,연두,초록색,초록,초록
0,255,226,ko,청록색,청록,청록,청록색,청록,청록
0,106,255,ko,파랑,파랑,파랑,파란색,파랑,파랑
0,255,45,ko,초록색,초록,초록,초록색,초록,초록
0,204,255,ko,하늘색,하늘,하늘,하늘색,하늘,하늘
255,239,0,ko,노란색,노랑,노랑,노란색,노랑,노랑
238,0,255,ko,마젠타,마젠타,마젠타,마젠타,마젠타,마젠타
0,255,243,ko,청록색,청록,청록,아쿠아색,아쿠아,아쿠아
0,255,47,ko,초록색,초록,초록,초록색,초록,초록
255,165,0,ko,주황색,주황,주황,주황색,주황,주황
0,254,255,ko,청록색,청록,청록,청록색,청록,청록
218,0,255,ko,보라색,보라,보라,마젠타,마젠타,마젠타
0,119,255,ko,파랑,파랑,파랑,코발트블루,코발트블루,코발트블루
89,0,255,ko,보라색,보라,보라,보라색,보라,보라
255,0,189,ko,분홍색,분홍,분홍,마젠타색,마젠타,마젠타
0,255,47,ko,초록색,초록,초록,초록색,초록,초록
255,0,162,ko,분홍색,분홍,분홍,핫핑크,핫핑크,핫핑크
255,14,0,ko,빨강,빨강,빨강,빨강,빨강,빨강
255,0,239,ko,자홍색,자홍,자홍,마젠타,마젠타,마젠타
194,255,0,ko,라임색,라임,라임,라임색,라임,라임
0,255,183,ko,민트색,민트,민트,청록색,청록,청록
255,0,39,ko,빨간색,빨강,빨강,빨강,빨강,빨강
255,0,176,ko,자홍색,자홍,자홍,핫핑크,핫핑크,핫핑크
255,124,0,ko,주황색,주황,주황,주황색,주황,주황
0,195,255,ko,하늘색,하늘,하늘,하늘색,하늘,하늘
0,200,255,ko,하늘색,하늘,하늘,파란색,파랑,파랑
0,255,189,ko,청록색,청록,청록,민트색,민트,민트
255,14,0,ko,빨강,빨강,빨강,빨간색,빨강,빨강
0,255,11,ko,초록색,초록,초록,초록색,초록,초록
255,0,243,ko,자홍색,자홍,자홍,마젠타색,마젠타,마젠타
0,247,255,ko,청록색,청록,청록,청록색,청록,청록
16,0,255,ko,파란색,파랑,파랑,파란색,파랑,파랑
242,0,255,ko,자홍색,자홍,자홍,마젠타,마젠타,마젠타
194,0,255,ko,보라색,보라,보라,자주색,자주,자주
121,255,0,ko,연두색,연두,연두,연두색,연두,연두
255,59,0,ko,주황색,주황,주황,다홍색,다홍,다홍
104,255,0,ko,연두색,연두,연두,연두색,연두,연두
255,76,0,ko,주황색,주황,주황,주황색,주황,주황
131,255,0,ko,연두색,연두,연두,연두색,연두,연두
0,40,255,ko,파란색,파랑,파랑,파란색,파랑,파랑
223,0,255,ko,보라색,보라,보라,마젠타,마젠타,마젠타
0,255,45,ko,초록색,초록,초록,초록색,초록,초록
0,45,255,ko,파란색,파랑,파랑,파란색,파랑,파랑
255,185,0,ko,노란색,노랑,노랑,주황색,주황,주황
255,0,79,ko,분홍색,분홍,분홍,핫핑크,핫핑크,핫핑크
0,229,255,ko,청록색,청록,청록,청록색,청록,청록
255,0,141,ko,분홍색,분홍,분홍,핫핑크,핫핑크,핫핑크
255,0,212,ko,자홍색,자홍,자홍,마젠타,마젠타,마젠타
0,141,255,ko,파란색,파랑,파랑,파란색,파랑,파랑
39,255,0,ko,연두색,연두,연두,연두색,연두,연두
255,0,72,ko,분홍색,분홍,분홍,자홍색,자홍,자홍
255,215,0,ko,노란색,노랑,노랑,노란색,노랑,노랑
150,255,0,ko,연두색,연두,연두,라임색,라임,라임
151,0,255,ko,보라색,보라,보라,보라색,보라,보라
255,0,147,ko,자홍색,자홍,자홍,핫핑크,핫핑크,핫핑크
255,0,190,ko,분홍색,분홍,분홍,자주,자주,자주
0,255,209,ko,청록색,청록,청록,청록색,청록,청록
255,172,0,ko,주황색,주황,주황,주황색,주황,주황
255,65,0,ko,주황색,주황,주황,주황색,주황,주황
89,0,255,ko,보라색,보라,보라,청보라색,청보라,청보라
0,114,255,ko,파랑,파랑,파랑,파란색,파랑,파랑
0,86,255,ko,파랑,파랑,파랑,파란색,파랑,파랑
255,98,0,ko,주황색,주황,주황,주황색,주황,주황
255,240,0,ko,노란색,노랑,노랑,노랑,노랑,노랑
14,0,255,ko,파란색,파랑,파랑,파란색,파랑,파랑
23,255,0,ko,형광초록,형광초록,형광초록,형광 초록색,형광 초록,형광초록
0,255,45,ko,연두색,연두,연두,초록색,초록,초록
255,189,0,ko,주황색,주황,주황,주황색,주황,주황
0,69,255,ko,파랑,파랑,파랑,파란색,파랑,파랑
255,102,0,ko,주황색,주황,주황,주황색,주황,주황
179,0,255,ko,보라색,보라,보라,보라색,보라,보라
167,0,255,ko,보라색,보라,보라,보라색,보라,보라
0,27,255,ko,파란색,파랑,파랑,파란색,파랑,파랑
141,255,0,ko,연두색,연두,연두,연두색,연두,연두
30,255,0,ko,초록색,초록,초록,형광 초록색,형광 초록,형광초록
0,255,213,ko,청록색,청록,청록,아쿠아색,아쿠아,아쿠아
255,14,0,ko,빨강,빨강,빨강,빨강,빨강,빨강
0,207,255,ko,하늘색,하늘,하늘,하늘색,하늘,하늘
255,0,17,ko,빨강,빨강,빨강,빨강,빨강,빨강
84,255,0,ko,연두색,연두,연두,라임색,라임,라임
255,144,0,ko,주황색,주황,주황,주황색,주황,주황
93,255,0,ko,연두색,연두,연두,연두색,연두,연두
255,0,82,ko,분홍색,분홍,분홍,핫핑크,핫핑크,핫핑크
255,0,54,ko,빨간색,빨강,빨강,자홍색,자홍,자홍
0,255,56,ko,초록색,초록,초록,초록색,초록,초록
79,255,0,ko,연두색,연두,연두,연두색,연두,연두
255,251,0,ko,노랑,노랑,노랑,노란색,노랑,노랑
255,187,0,ko,주황색,주황,주황,주황색,주황,주황
0,255,46,ko,형광 초록,형광 초록,형광초록,초록색,초록,초록
91,0,255,ko,보라색,보라,보라,보라색,보라,보라
245,0,255,ko,자홍색,자홍,자홍,마젠타,마젠타,마젠타
0,111,255,ko,파란색,파랑,파랑,파란색,파랑,파랑
62,255,0,ko,형광녹색,형광녹,형광녹,형광 초록색,형광 초록,형광초록
121,255,0,ko,연두색,연두,연두,연두색,연두,연두
204,0,255,ko,보라색,보라,보라,마젠타,마젠타,마젠타
134,255,0,ko,연두색,연두,연두,연두색,연두,연두
0,234,255,ko,하늘색,하늘,하늘,시안색,시안,시안
0,255,231,ko,청록색,청록,청록,시안,시안,시안
0,225,255,ko,하늘색,하늘,하늘,청록색,청록,청록
0,255,33,ko,초록색,초록,초록,초록색,초록,초록
255,0,45,ko,빨간색,빨강,빨강,빨강,빨강,빨강
255,0,229,ko,자홍색,자홍,자홍,마젠타색,마젠타,마젠타
255,0,11,ko,빨강,빨강,빨강,빨간색,빨강,빨강
226,0,255,ko,마젠타,마젠타,마젠타,마젠타,마젠타,마젠타
0,255,153,ko,민트색,민트,민트,에메랄드색,에메랄드,에메랄드
255,0,133,ko,분홍색,분홍,분홍,핫핑크,핫핑크,핫핑크
203,255,0,ko,연두색,연두,연두,연두색,연두,연두
255,45,0,ko,빨강,빨강,빨강,다홍,다홍,다홍
144,255,0,ko,연두색,연두,연두,라임색,라임,라임
255,99,0,ko,주황색,주황,주황,주황색,주황,주황
255,213,0,ko,노란색,노랑,노랑,노란색,노랑,노랑
0,255,159,ko,민트색,민트,민트,청록색,청록,청록
255,166,0,ko,주황색,주황,주황,주황색,주황,주황
40,0,255,ko,파랑,파랑,파랑,파란색,파랑,파랑
0,76,255,ko,파란색,파랑,파랑,파란색,파랑,파랑
255,50,0,ko,주황색,주황,주황,다홍색,다홍,다홍
0,255,246,ko,청록색,청록,청록,청록색,청록,청록
255,0,132,ko,분홍색,분홍,분홍,핫핑크,핫핑크,핫핑크
239,0,255,ko,자홍색,자홍,자홍,마젠타,마젠타,마젠타
174,255,0,ko,연두색,연두,연두,라임색,라임,라임
0,145,255,ko,파랑,파랑,파랑,파란색,파랑,파랑
255,0,166,ko,분홍색,분홍,분홍,핑크색,핑크,핑크
0,200,255,ko,하늘색,하늘,하늘,하늘색,하늘,하늘
212,0,255,ko,보라색,보라,보라,마젠타,마젠타,마젠타
0,226,255,ko,하늘색,하늘,하늘,청록색,청록,청록
0,212,255,ko,청록색,청록,청록,하늘색,하늘,하늘
0,214,255,ko,하늘색,하늘,하늘,청록색,청록,청록
255,252,0,ko,노란색,노랑,노랑,노란색,노랑,노랑
60,0,255,ko,보라색,보라,보라,파란색,파랑,파랑
42,0,255,ko,파랑,파랑,파랑,파란색,파랑,파랑
255,0,246,ko,자홍색,자홍,자홍,마젠타,마젠타,마젠타
50,0,255,ko,파랑,파랑,파랑,파랑,파랑,파랑
111,0,255,ko,보라색,보라,보라,보라색,보라,보라
255,0,21,ko,빨강,빨강,빨강,빨간색,빨강,빨강
0,212,255,ko,하늘색,하늘,하늘,하늘색,하늘,하늘
0,115,255,ko,파란색,파랑,파랑,파란색,파랑,파랑
255,0,20,ko,빨강,빨강,빨강,빨간색,빨강,빨강
0,255,25,ko,초록색,초록,초록,초록색,초록,초록
255,131,0,ko,주황색,주황,주황,주황색,주황,주황
0,255,144,ko,초록색,초록,초록,초록색,초록,초록
255,90,0,ko,주황색,주황,주황,주황색,주황,주황
168,255,0,ko,형광초록,형광초록,형광초록,라임색,라임,라임
255,0,144,ko,분홍색,분홍,분홍,핫핑크,핫핑크,핫핑크
11,0,255,ko,파랑,파랑,파랑,파랑,파랑,파랑
255,0,70,ko,분홍색,분홍,분홍,마젠타색,마젠타,마젠타
203,0,255,ko,보라색,보라,보라,자주색,자주,자주
204,255,0,ko,연두색,연두,연두,형광 연두색,형광 연두,형광연두
255,0,240,ko,자홍색,자홍,자홍,마젠타,마젠타,마젠타
229,0,255,ko,보라색,보라,보라,마젠타,마젠타,마젠타
0,31,255,ko,파랑,파랑,파랑,파란색,파랑,파랑
255,0,38,ko,빨강,빨강,빨강,빨간색,빨강,빨강
0,255,186,ko,민트색,민트,민트,청록색,청록,청록
0,255,198,ko,청록색,청록,청록,청록색,청록,청록
255,0,119,ko,분홍색,분홍,분홍,자홍색,자홍,자홍
122,0,255,ko,보라색,보라,보라,보라색,보라,보라
234,255,0,ko,노란색,노랑,노랑,노란색,노랑,노랑
126,255,0,ko,연두색,연두,연두,라임색,라임,라임
255,0,177,ko,자홍색,자홍,자홍,핫핑크,핫핑크,핫핑크
98,255,0,ko,연두색,연두,연두,라임색,라임,라임
255,90,0,ko,주황색,주황,주황,주황색,주황,주황
0,79,255,ko,파란색,파랑,파랑,파란색,파랑,파랑
192,255,0,ko,연두색,연두,연두,라임색,라임,라임
73,255,0,ko,연두색,연두,연두,형광 연두색,형광 연두,형광연두
24,0,255,ko,파란색,파랑,파랑,파란색,파랑,파랑
255,0,62,ko,빨강,빨강,빨강,선홍색,선홍,선홍
130,0,255,ko,보라색,보라,보라,보라색,보라,보라
50,255,0,ko,연두색,연두,연두,초록,초록,초록
39,0,255,ko,파란색,파랑,파랑,파란색,파랑,파랑
93,0,255,ko,보라색,보라,보라,보라색,보라,보라
255,0,252,ko,자홍색,자홍,자홍,마젠타,마젠타,마젠타
255,83,0,ko,주황색,주황,주황,주황색,주황,주황
201,0,255,ko,보라색,보라,보라,마젠타,마젠타,마젠타
255,176,0,ko,주황색,주황,주황,주황색,주황,주황
255,43,0,ko,주황색,주황,주황,다홍,다홍,다홍
5,255,0,ko,연두색,연두,연두,초록색,초록,초록
255,210,0,ko,노란색,노랑,노랑,노란색,노랑,노랑
255,0,13,ko,빨강,빨강,빨강,빨강,빨강,빨강
255,0,163,ko,분홍색,분홍,분홍,핫핑크,핫핑크,핫핑크
52,0,255,ko,보라색,보라,보라,파란색,파랑,파랑
0,221,255,ko,하늘색,하늘,하늘,청록색,청록,청록
47,255,0,ko,연두색,연두,연두,초록색,초록,초록
0,155,255,ko,파란색,파랑,파랑,파란색,파랑,파랑
255,30,0,ko,빨강,빨강,빨강,빨간색,빨강,빨강
0,84,255,ko,파랑,파랑,파랑,파란색,파랑,파랑
200,255,0,ko,연두색,연두,연두,형광 연두색,형광 연두,형광연두
255,0,62,ko,진홍색,진홍,진홍,선홍색,선홍,선홍
255,0,18,ko,빨강,빨강,빨강,빨간색,빨강,빨강
141,0,255,ko,보라색,보라,보라,보라색,보라,보라
226,255,0,ko,노란색,노랑,노랑,형광 노랑,형광 노랑,형광노랑
255,0,50,ko,빨강,빨강,빨강,선홍색,선홍,선홍
255,0,209,ko,자홍색,자홍,자홍,마젠타,마젠타,마젠타
255,179,0,ko,주황색,주황,주황,주황색,주황,주황
0,97,255,ko,파란색,파랑,파랑,파란색,파랑,파랑
0,213,255,ko,하늘색,하늘,하늘,하늘색,하늘,하늘
147,255,0,ko,연두색,연두,연두,라임색,라임,라임
255,0,102,ko,분홍색,분홍,분홍,핫핑크,핫핑크,핫핑크
247,255,0,ko,노랑,노랑,노랑,노란색,노랑,노랑
255,0,227,ko,자홍색,자홍,자홍,마젠타,마젠타,마젠타
255,255,0,ko,노란색,노랑,노랑,노란색,노랑,노랑
209,0,255,ko,자주색,자주,자주,마젠타,마젠타,마젠타
0,255,226,ko,청록색,청록,청록,시안,시안,시안
255,0,22,ko,빨강,빨강,빨강,빨간색,빨강,빨강
0,255,188,ko,청록색,청록,청록,청록색,청록,청록
255,0,86,ko,분홍색,분홍,분홍,핫핑크,핫핑크,핫핑크
255,167,0,ko,주황색,주황,주황,주황색,주황,주황
255,214,0,ko,노랑,노랑,노랑,노란색,노랑,노랑
255,0,138,ko,분홍색,분홍,분홍,핫핑크,핫핑크,핫핑크
8,0,255,ko,파란색,파랑,파랑,파랑,파랑,파랑
255,102,0,ko,주황색,주황,주황,주황색,주황,주황
0,255,239,ko,청록색,청록,청록,청록색,청록,청록
0,255,184,ko,민트색,민트,민트,민트색,민트,민트
255,27,0,ko,빨강,빨강,빨강,빨간색,빨강,빨강
255,0,167,ko,자홍색,자홍,자홍,핫핑크,핫핑크,핫핑크
143,255,0,ko,연두색,연두,연두,연두색,연두,연두
0,246,255,ko,청록색,청록,청록,시안,시안,시안
43,0,255,ko,파란색,파랑,파랑,파란색,파랑,파랑
0,255,134,ko,민트색,민트,민트,청록색,청록,청록
200,255,0,ko,연두색,연두,연두,라임색,라임,라임
0,28,255,ko,파란색,파랑,파랑,파랑,파랑,파랑
255,0,252,ko,자홍색,자홍,자홍,마젠타,마젠타,마젠타
0,255,20,ko,연두색,연두,연두,초록색,초록,초록
0,255,215,ko,청록색,청록,청록,아쿠아색,아쿠아,아쿠아
10,255,0,ko,초록색,초록,초록,형광 초록색,형광 초록,형광초록
50,255,0,ko,연두색,연두,연두,초록색,초록,초록
255,0,213,ko,분홍색,분홍,분홍,마젠타,마젠타,마젠타
167,255,0,ko,라임색,라임,라임,라임색,라임,라임
255,0,181,ko,자홍색,자홍,자홍,핑크,핑크,핑크
255,0,14,ko,빨강,빨강,빨강,빨강,빨강,빨강
0,255,29,ko,형광초록,형광초록,형광초록,초록색,초록,초록
166,0,255,ko,보라색,보라,보라,보라색,보라,보라
103,255,0,ko,연두색,연두,연두,연두색,연두,연두
255,126,0,ko,주황색,주황,주황,주황색,주황,주황
0,255,137,ko,청록색,청록,청록,연두색,연두,연두
255,0,179,ko,분홍색,분홍,분홍,마젠타,마젠타,마젠타
222,0,255,ko,자홍색,자홍,자홍,자주색,자주,자주
255,9,0,ko,빨강,빨강,빨강,빨강,빨강,빨강
255,0,147,ko,자홍색,자홍,자홍,핫핑크,핫핑크,핫핑크
0,96,255,ko,파랑,파랑,파랑,파랑,파랑,파랑
255,0,203,ko,자홍색,자홍,자홍,진한 분홍,진 분홍,진분홍
255,0,16,ko,빨강,빨강,빨강,빨강,빨강,빨강
255,0,164,ko,자홍색,자홍,자홍,핫핑크,핫핑크,핫핑크
255,237,0,ko,노란색,노랑,노랑,노란색,노랑,노랑
105,0,255,ko,보라색,보라,보라,보라색,보라,보라
255,186,0,ko,주황색,주황,주황,주황색,주황,주황
133,255,0,ko,연두색,연두,연두,연두색,연두,연두
255,140,0,ko,주황색,주황,주황,주황색,주황,주황
0,255,178,ko,민트색,민트,민트,민트색,민트,민트
198,255,0,ko,연두색,연두,연두,형광 연두색,형광 연두,형광연두
255,52,0,ko,주황색,주황,주황,다홍,다홍,다홍
51,255,0,ko,라임색,라임,라임,라임색,라임,라임
255,65,0,ko,주황색,주황,주황,주황,주황,주황
0,23,255,ko,파란색,파랑,파랑,파란색,파랑,파랑
0,255,171,ko,민트색,민트,민트,청록색,청록,청록
0,255,130,ko,연두색,연두,연두,연두색,연두,연두
200,0,255,ko,보라색,보라,보라,보라색,보라,보라
197,0,255,ko,보라색,보라,보라,보라색,보라,보라
17,0,255,ko,파랑,파랑,파랑,파란색,파랑,파랑
0,121,255,ko,파란색,파랑,파랑,파란색,파랑,파랑
7,0,255,ko,파란색,파랑,파랑,파란색,파랑,파랑
0,179,255,ko,하늘색,하늘,하늘,하늘색,하늘,하늘
141,0,255,ko,보라색,보라,보라,청보라색,청보라,청보라
0,255,246,ko,청록색,청록,청록,청록색,청록,청록
122,255,0,ko,연두색,연두,연두,라임색,라임,라임
233,0,255,ko,자홍색,자홍,자홍,마젠타,마젠타,마젠타
246,0,255,ko,자홍색,자홍,자홍,마젠타,마젠타,마젠타
0,255,43,ko,초록색,초록,초록,초록색,초록,초록
0,255,227,ko,청록색,청록,청록,청록색,청록,청록
182,255,0,ko,연두색,연두,연두,라임색,라임,라임
255,0,101,ko,분홍색,분홍,분홍,자홍색,자홍,자홍
85,0,255,ko,보라색,보라,보라,청보라색,청보라,청보라
0,255,59,ko,연두색,연두,연두,연두색,연두,연두
255,68,0,ko,주황색,주황,주황,주황색,주황,주황
229,255,0,ko,노란색,노랑,노랑,노란색,노랑,노랑
255,0,206,ko,자홍색,자홍,자홍,마젠타,마젠타,마젠타
0,95,255,ko,파랑,파랑,파랑,파랑,파랑,파랑
172,255,0,ko,연두색,연두,연두,라임색,라임,라임
59,255,0,ko,연두색,연두,연두,초록색,초록,초록
255,133,0,ko,주황색,주황,주황,주황색,주황,주황
255,56,0,ko,주황색,주황,주황,다홍,다홍,다홍
202,255,0,ko,연두색,연두,연두,라임색,라임,라임
0,20,255,ko,파란색,파랑,파랑,파란색,파랑,파랑
0,228,255,ko,하늘색,하늘,하늘,시안,시안,시안
13,255,0,ko,초록색,초록,초록,초록색,초록,초록
255,0,221,ko,자홍색,자홍,자홍,핫핑크,핫핑크,핫핑크
255,0,210,ko,자홍색,자홍,자홍,마젠타,마젠타,마젠타
215,255,0,ko,연두색,연두,연두,네온 노랑,네온 노랑,네온노랑
0,99,255,ko,파랑,파랑,파랑,파란색,파랑,파랑
70,0,255,ko,보라색,보라,보라,울트라마린,울트라마린,울트라마린
255,0,36,ko,빨강,빨강,빨강,빨강,빨강,빨강
53,0,255,ko,파랑,파랑,파랑,파란색,파랑,파랑
255,0,192,ko,분홍색,분홍,분홍,자홍색,자홍,자홍
198,255,0,ko,연두색,연두,연두,형광 연두색,형광 연두,형광연두
255,246,0,ko,노란색,노랑,노랑,노란색,노랑,노랑
133,255,0,ko,연두색,연두,연두,라임색,라임,라임
48,0,255,ko,파란색,파랑,파랑,파랑,파랑,파랑
255,204,0,ko,노란색,노랑,노랑,노란색,노랑,노랑
0,255,161,ko,민트색,민트,민트,청록색,청록,청록
117,0,255,ko,보라색,보라,보라,보라색,보라,보라
19,0,255,ko,파란색,파랑,파랑,파란색,파랑,파랑
255,0,80,ko,분홍색,분홍,분홍,핫핑크,핫핑크,핫핑크
35,0,255,ko,파란색,파랑,파랑,파란색,파랑,파랑
0,157,255,ko,파란색,파랑,파랑,파란색,파랑,파랑
255,220,0,ko,노랑,노랑,노랑,노란색,노랑,노랑
255,114,0,ko,주황색,주황,주황,주황색,주황,주황
255,0,229,ko,자홍색,자홍,자홍,마젠타,마젠타,마젠타
0,255,73,ko,초록색,초록,초록,초록색,초록,초록
123,255,0,ko,연두색,연두,연두,연두색,연두,연두
170,255,0,ko,형광연두,형광연두,형광연두,연두색,연두,연두
255,0,140,ko,분홍색,분홍,분홍,핫핑크,핫핑크,핫핑크
255,22,0,ko,빨강,빨강,빨강,빨간색,빨강,빨강
251,0,255,ko,마젠타,마젠타,마젠타,마젠타,마젠타,마젠타
0,255,157,ko,청록색,청록,청록,청록색,청록,청록
0,210,255,ko,하늘색,하늘,하늘,하늘색,하늘,하늘
255,135,0,ko,주황색,주황,주황,주황색,주황,주황
255,172,0,ko,주황색,주황,주황,주황색,주황,주황
255,77,0,ko,주황색,주황,주황,주황색,주황,주황
255,0,96,ko,분홍색,분홍,분홍,핫핑크,핫핑크,핫핑크
229,255,0,ko,노랑,노랑,노랑,노란색,노랑,노랑
0,54,255,ko,파란색,파랑,파랑,파란색,파랑,파랑
255,0,217,ko,자홍색,자홍,자홍,마젠타,마젠타,마젠타
0,195,255,ko,하늘색,하늘,하늘,파란색,파랑,파랑
0,255,193,ko,청록색,청록,청록,청록색,청록,청록
255,0,106,ko,분홍색,분홍,분홍,핫핑크,핫핑크,핫핑크
0,255,107,ko,형광초록,형광초록,형광초록,초록색,초록,초록
0,255,45,ko,초록색,초록,초록,초록색,초록,초록
255,0,96,ko,분홍색,분홍,분홍,핫핑크,핫핑크,핫핑크
255,0,211,ko,자홍색,자홍,자홍,핫핑크,핫핑크,핫핑크
113,0,255,ko,보라색,보라,보라,보라색,보라,보라
255,69,0,ko,주황색,주황,주황,주황색,주황,주황
0,255,235,ko,청록색,청록,청록,청록색,청록,청록
175,255,0,ko,연두색,연두,연두,형광 초록색,형광 초록,형광초록
255,0,56,ko,빨강,빨강,빨강,선홍색,선홍,선홍
255,0,127,ko,분홍색,분홍,분홍,진분홍,진분홍,진분홍
255,0,29,ko,빨간색,빨강,빨강,빨간색,빨강,빨강
0,255,150,ko,민트색,민트,민트,청록색,청록,청록
221,0,255,ko,자홍색,자홍,자홍,마젠타색,마젠타,마젠타
0,7,255,ko,파란색,파랑,파랑,파란색,파랑,파랑
0,255,87,ko,초록색,초록,초록,형광 연두색,형광 연두,형광연두
255,0,140,ko,분홍색,분홍,분홍,핫핑크색,핫핑크,핫핑크
0,4,255,ko,파란색,파랑,파랑,파란색,파랑,파랑
25,255,0,ko,연두색,연두,연두,초록색,초록,초록
0,255,221,ko,청록색,청록,청록,청록색,청록,청록
82,0,255,ko,보라색,보라,보라,청보라색,청보라,청보라
0,90,255,ko,파랑,파랑,파랑,파란색,파랑,파랑
0,255,87,ko,연두색,연두,연두,형광 초록색,형광 초록,형광초록
255,39,0,ko,주황색,주황,주황,다홍색,다홍,다홍
195,255,0,ko,연두색,연두,연두,라임색,라임,라임
255,0,168,ko,분홍색,분홍,분홍,핫핑크색,핫핑크,핫핑크
0,191,255,ko,하늘색,하늘,하늘,하늘색,하늘,하늘
255,3,0,ko,빨강,빨강,빨강,빨간색,빨강,빨강
111,0,255,ko,보라색,보라,보라,보라색,보라,보라
0,255,130,ko,초록색,초록,초록,연두색,연두,연두
0,255,198,ko,민트색,민트,민트,청록색,청록,청록
10,0,255,ko,파랑,파랑,파랑,파란색,파랑,파랑
255,0,71,ko,분홍색,분홍,분홍,핫핑크,핫핑크,핫핑크
255,0,113,ko,분홍색,분홍,분홍,핫핑크,핫핑크,핫핑크
0,255,5,ko,초록색,초록,초록,초록색,초록,초록
205,255,0,ko,연두색,연두,연두,라임색,라임,라임
0,255,43,ko,연두색,연두,연두,초록색,초록,초록
0,219,255,ko,하늘색,하늘,하늘,시안색,시안,시안
0,255,81,ko,초록색,초록,초록,연두색,연두,연두
0,53,255,ko,파란색,파랑,파랑,파란색,파랑,파랑
110,0,255,ko,보라색,보라,보라,보라색,보라,보라
0,94,255,ko,파란색,파랑,파랑,파랑,파랑,파랑
0,95,255,ko,파란색,파랑,파랑,파란색,파랑,파랑
255,114,0,ko,주황색,주황,주황,주황색,주황,주황
255,0,182,ko,자홍색,자홍,자홍,핫핑크,핫핑크,핫핑크
168,255,0,ko,연두색,연두,연두,라임색,라임,라임
0,142,255,ko,파랑,파랑,파랑,파란색,파랑,파랑
255,0,193,ko,자홍색,자홍,자홍,핫핑크,핫핑크,핫핑크
161,255,0,ko,연두색,연두,연두,라임색,라임,라임
0,255,75,ko,초록색,초록,초록,초록색,초록,초록
105,0,255,ko,보라색,보라,보라,보라색,보라,보라
0,233,255,ko,청록색,청록,청록,청록색,청록,청록
255,96,0,ko,주황색,주황,주황,주황색,주황,주황
255,66,0,ko,주황색,주황,주황,주황색,주황,주황
255,107,0,ko,주황색,주황,주황,주황색,주황,주황
59,255,0,ko,연두색,연두,연두,초록색,초록,초록
164,255,0,ko,연두색,연두,연두,연두색,연두,연두
0,104,255,ko,파란색,파랑,파랑,파란색,파랑,파랑
57,0,255,ko,보라색,보라,보라,파란색,파랑,파랑
0,255,147,ko,형광 초록,형광 초록,형광초록,초록색,초록,초록
255,25,0,ko,빨강,빨강,빨강,빨간색,빨강,빨강
110,0,255,ko,보라색,보라,보라,보라색,보라,보라
117,255,0,ko,연두색,연두,연두,연두색,연두,연두
0,6,255,ko,파랑,파랑,파랑,파란색,파랑,파랑
255,39,0,ko,주황색,주황,주황,빨강,빨강,빨강
175,255,0,ko,연두색,연두,연두,라임색,라임,라임
0,175,255,ko,하늘색,하늘,하늘,파랑,파랑,파랑
192,0,255,ko,보라색,보라,보라,보라색,보라,보라
0,255,42,ko,연두색,연두,연두,초록색,초록,초록
0,255,43,ko,초록색,초록,초록,초록색,초록,초록
56,255,0,ko,연두색,연두,연두,초록색,초록,초록
220,0,255,ko,보라색,보라,보라,마젠타,마젠타,마젠타
0,105,255,ko,파랑,파랑,파랑,파란색,파랑,파랑
255,0,246,ko,자홍색,자홍,자홍,마젠타,마젠타,마젠타
199,255,0,ko,형광연두,형광연두,형광연두,형광 노란색,형광 노랑,형광노랑
255,0,242,ko,마젠타,마젠타,마젠타,자홍색,자홍,자홍
0,13,255,ko,파란색,파랑,파랑,파란색,파랑,파랑
0,255,200,ko,청록색,청록,청록,청록색,청록,청록
145,0,255,ko,보라색,보라,보라,보라색,보라,보라
217,255,0,ko,연두색,연두,연두,형광 연두색,형광 연두,형광연두
65,0,255,ko,보라색,보라,보라,파란색,파랑,파랑
128,255,0,ko,라임색,라임,라임,연두색,연두,연두
255,0,159,ko,분홍색,분홍,분홍,핫핑크,핫핑크,핫핑크
104,255,0,ko,연두색,연두,연두,라임색,라임,라임
255,0,119,ko,분홍색,분홍,분홍,핫핑크색,핫핑크,핫핑크
157,255,0,ko,연두색,연두,연두,연두색,연두,연두
255,154,0,ko,주황색,주황,주황,주황색,주황,주황
255,0,73,ko,분홍색,분홍,분홍,핫핑크,핫핑크,핫핑크
0,153,255,ko,파란색,파랑,파랑,파란색,파랑,파랑
255,0,163,ko,자홍색,자홍,자홍,핫핑크,핫핑크,핫핑크
0,30,255,ko,파란색,파랑,파랑,파란색,파랑,파랑
0,255,221,ko,청록색,청록,청록,청록색,청록,청록
255,0,76,ko,분홍색,분홍,분홍,핫핑크,핫핑크,핫핑크
255,34,0,ko,빨강,빨강,빨강,빨간색,빨강,빨강
255,65,0,ko,주황색,주황,주황,주황색,주황,주황
0,255,160,ko,청록색,청록,청록,청록색,청록,청록
0,102,255,ko,파란색,파랑,파랑,파랑,파랑,파랑
169,255,0,ko,연두색,연두,연두,연두색,연두,연두
0,115,255,ko,파랑,파랑,파랑,파란색,파랑,파랑
22,0,255,ko,파랑,파랑,파랑,파란색,파랑,파랑
255,168,0,ko,주황색,주황,주황,주황색,주황,주황
15,255,0,ko,연두색,연두,연두,형광색,형광,형광
31,0,255,ko,파란색,파랑,파랑,파란색,파랑,파랑
0,5,255,ko,파란색,파랑,파랑,파란색,파랑,파랑
0,255,115,ko,형광초록,형광초록,형광초록,라임색,라임,라임
255,178,0,ko,주황색,주황,주황,주황색,주황,주황
99,0,255,ko,보라색,보라,보라,보라색,보라,보라
0,255,169,ko,청록색,청록,청록,청록색,청록,청록
255,0,209,ko,마젠타,마젠타,마젠타,핫핑크,핫핑크,핫핑크
209,0,255,ko,자홍색,자홍,자홍,마젠타,마젠타,마젠타
255,177,0,ko,주황색,주황,주황,주황색,주황,주황
0,172,255,ko,하늘색,하늘,하늘,파란색,파랑,파랑
255,250,0,ko,노란색,노랑,노랑,노란색,노랑,노랑
245,255,0,ko,노란색,노랑,노랑,노란색,노랑,노랑
139,255,0,ko,연두색,연두,연두,라임색,라임,라임
255,67,0,ko,주황색,주황,주황,주황색,주황,주황
0,234,255,ko,하늘색,하늘,하늘,청록색,청록,청록
0,145,255,ko,파란색,파랑,파랑,파란색,파랑,파랑
255,29,0,ko,빨강,빨강,빨강,빨간색,빨강,빨강
0,255,123,ko,초록색,초록,초록,형광 초록색,형광 초록,형광초록
229,255,0,ko,노란색,노랑,노랑,노란색,노랑,노랑
255,189,0,ko,주황색,주황,주황,주황색,주황,주황
255,34,0,ko,빨강,빨강,빨강,빨강,빨강,빨강
0,50,255,ko,파란색,파랑,파랑,파랑,파랑,파랑
255,0,107,ko,분홍색,분홍,분홍,핫핑크,핫핑크,핫핑크
119,0,255,ko,보라색,보라,보라,보라색,보라,보라
255,67,0,ko,주황색,주황,주황,주황색,주황,주황
255,0,16,ko,빨강,빨강,빨강,빨간색,빨강,빨강
0,255,191,ko,청록색,청록,청록,청록색,청록,청록
255,0,184,ko,자홍색,자홍,자홍,마젠타,마젠타,마젠타
26,0,255,ko,파랑,파랑,파랑,파란색,파랑,파랑
255,0,49,ko,빨강,빨강,빨강,빨간색,빨강,빨강
255,0,127,ko,분홍색,분홍,분홍,핫핑크,핫핑크,핫핑크
0,255,50,ko,초록색,초록,초록,초록색,초록,초록
167,255,0,ko,연두색,연두,연두,연두색,연두,연두
255,0,43,ko,빨강,빨강,빨강,빨간색,빨강,빨강
0,49,255,ko,파랑,파랑,파랑,파란색,파랑,파랑
255,0,99,ko,분홍색,분홍,분홍,핫핑크,핫핑크,핫핑크
195,255,0,ko,연두색,연두,연두,라임색,라임,라임
255,0,16,ko,빨간색,빨강,빨강,빨강,빨강,빨강
0,176,255,ko,하늘색,하늘,하늘,파란색,파랑,파랑
0,218,255,ko,하늘색,하늘,하늘,사이언,사이언,사이언
0,255,32,ko,형광초록,형광초록,형광초록,형광 초록색,형광 초록,형광초록
255,108,0,ko,주황색,주황,주황,주황,주황,주황
255,36,0,ko,빨강,빨강,빨강,빨간색,빨강,빨강
192,255,0,ko,연두색,연두,연두,라임색,라임,라임
126,0,255,ko,보라색,보라,보라,보라색,보라,보라
0,255,55,ko,초록색,초록,초록,초록색,초록,초록
161,0,255,ko,보라색,보라,보라,보라색,보라,보라
239,255,0,ko,노란색,노랑,노랑,노란색,노랑,노랑
255,112,0,ko,주황색,주황,주황,주황색,주황,주황
78,255,0,ko,연두색,연두,연두,연두색,연두,연두
255,59,0,ko,주황색,주황,주황,주황색,주황,주황
22,0,255,ko,파란색,파랑,파랑,파랑,파랑,파랑
0,255,79,ko,초록색,초록,초록,형광 초록,형광 초록,형광초록
0,255,201,ko,청록색,청록,청록,아쿠아색,아쿠아,아쿠아
0,233,255,ko,청록색,청록,청록,청록색,청록,청록
0,107,255,ko,파랑,파랑,파랑,파란색,파랑,파랑
255,0,232,ko,자홍색,자홍,자홍,자홍색,자홍,자홍
255,0,142,ko,분홍색,분홍,분홍,핫핑크색,핫핑크,핫핑크
0,255,16,ko,초록색,초록,초록,초록색,초록,초록
255,0,128,ko,분홍색,분홍,분홍,핫핑크,핫핑크,핫핑크
0,185,255,ko,하늘색,하늘,하늘,파란색,파랑,파랑
255,0,94,ko,분홍색,분홍,분홍,핫핑크,핫핑크,핫핑크
0,58,255,ko,파란색,파랑,파랑,파란색,파랑,파랑
255,0,66,ko,분홍색,분홍,분홍,진홍색,진홍,진홍
0,53,255,ko,파랑,파랑,파랑,파란색,파랑,파랑
0,136,255,ko,파랑,파랑,파랑,파란색,파랑,파랑
112,0,255,ko,보라색,보라,보라,보라색,보라,보라
215,255,0,ko,연두색,연두,연두,형광 노랑,형광 노랑,형광노랑
67,0,255,ko,보라색,보라,보라,파란색,파랑,파랑
185,255,0,ko,형광 연두색,형광 연두,형광연두,라임색,라임,라임
255,226,0,ko,노란색,노랑,노랑,노란색,노랑,노랑
66,255,0,ko,연두색,연두,연두,초록색,초록,초록
0,255,90,ko,연두색,연두,연두,초록색,초록,초록
0,255,243,ko,청록색,청록,청록,청록색,청록,청록
5,0,255,ko,파랑,파랑,파랑,파란색,파랑,파랑
255,0,181,ko,분홍색,분홍,분홍,핫핑크,핫핑크,핫핑크
255,0,60,ko,빨강,빨강,빨강,핫핑크,핫핑크,핫핑크
255,0,160,ko,자홍색,자홍,자홍,마젠타,마젠타,마젠타
255,0,120,ko,분홍색,분홍,분홍,핫핑크,핫핑크,핫핑크
141,0,255,ko,보라색,보라,보라,보라색,보라,보라
183,255,0,ko,연두색,연두,연두,연두색,연두,연두
0,255,51,ko,초록색,초록,초록,초록색,초록,초록
193,255,0,ko,연두색,연두,연두,라임색,라임,라임
245,0,255,ko,자홍색,자홍,자홍,마젠타,마젠타,마젠타
113,0,255,ko,보라색,보라,보라,보라색,보라,보라
13,255,0,ko,연두색,연두,연두,연두색,연두,연두
255,0,134,ko,분홍색,분홍,분홍,핫핑크색,핫핑크,핫핑크
0,255,172,ko,민트색,민트,민트,청록색,청록,청록
0,29,255,ko,파랑,파랑,파랑,파란색,파랑,파랑
0,255,129,ko,형광초록,형광초록,형광초록,라임색,라임,라임
0,32,255,ko,파랑,파랑,파랑,파랑,파랑,파랑
0,205,255,ko,하늘색,하늘,하늘,파란색,파랑,파랑
0,101,255,ko,파랑,파랑,파랑,파란색,파랑,파랑
0,255,251,ko,청록색,청록,청록,시안색,시안,시안
0,237,255,ko,청록색,청록,청록,청록색,청록,청록
0,255,162,ko,민트색,민트,민트,청록색,청록,청록
0,198,255,ko,하늘색,하늘,하늘,하늘색,하늘,하늘
255,0,245,ko,자홍색,자홍,자홍,마젠타,마젠타,마젠타
185,0,255,ko,보라색,보라,보라,보라색,보라,보라
83,255,0,ko,형광연두,형광연두,형광연두,라임색,라임,라임
255,0,168,ko,자홍색,자홍,자홍,핫핑크,핫핑크,핫핑크
255,0,174,ko,분홍색,분홍,분홍,자홍색,자홍,자홍
0,110,255,ko,파란색,파랑,파랑,파란색,파랑,파랑
0,176,255,ko,하늘색,하늘,하늘,하늘색,하늘,하늘
0,255,250,ko,청록색,청록,청록,시안,시안,시안
0,42,255,ko,파랑,파랑,파랑,파란색,파랑,파랑
0,255,102,ko,초록색,초록,초록,초록색,초록,초록
255,0,145,ko,분홍색,분홍,분홍,핫핑크,핫핑크,핫핑크
237,0,255,ko,자홍색,자홍,자홍,마젠타,마젠타,마젠타
0,241,255,ko,청록색,청록,청록,청록색,청록,청록
96,255,0,ko,연두색,연두,연두,연두색,연두,연두
0,180,255,ko,하늘색,하늘,하늘,하늘색,하늘,하늘
255,250,0,ko,노란색,노랑,노랑,노란색,노랑,노랑
255,0,75,ko,분홍색,분홍,분홍,진홍색,진홍,진홍
255,16,0,ko,빨강,빨강,빨강,빨강,빨강,빨강
0,184,255,ko,하늘색,하늘,하늘,파란색,파랑,파랑
255,226,0,ko,노란색,노랑,노랑,노란색,노랑,노랑
0,255,149,ko,초록색,초록,초록,청록색,청록,청록
185,255,0,ko,연두색,연두,연두,라임색,라임,라임
10,0,255,ko,파랑,파랑,파랑,파랑,파랑,파랑
0,84,255,ko,파란색,파랑,파랑,파란색,파랑,파랑
0,132,255,ko,파랑,파랑,파랑,파란색,파랑,파랑
0,48,255,ko,파란색,파랑,파랑,파란색,파랑,파랑
255,0,144,ko,분홍색,분홍,분홍,핫핑크,핫핑크,핫핑크
0,169,255,ko,하늘색,하늘,하늘,파란색,파랑,파랑
144,255,0,ko,연두색,연두,연두,라임색,라임,라임
255,62,0,ko,주황색,주황,주황,다홍,다홍,다홍
0,97,255,ko,파랑,파랑,파랑,파란색,파랑,파랑
255,45,0,ko,주황색,주황,주황,다홍색,다홍,다홍
230,0,255,ko,자홍색,자홍,자홍,마젠타,마젠타,마젠타
255,176,0,ko,주황색,주황,주황,주황색,주황,주황
0,255,189,ko,청록색,청록,청록,청록색,청록,청록
0,255,15,ko,초록색,초록,초록,초록색,초록,초록
166,255,0,ko,형광연두,형광연두,형광연두,라임색,라임,라임
255,0,28,ko,빨강,빨강,빨강,빨강,빨강,빨강
108,0,255,ko,보라색,보라,보라,보라색,보라,보라
65,0,255,ko,보라색,보라,보라,청보라색,청보라,청보라
255,37,0,ko,주황색,주황,주황,다홍색,다홍,다홍
173,0,255,ko,보라색,보라,보라,보라색,보라,보라
0,255,219,ko,청록색,청록,청록,청록색,청록,청록
28,255,0,ko,연두색,연두,연두,초록색,초록,초록
255,0,26,ko,빨강,빨강,빨강,빨간색,빨강,빨강
255,62,0,ko,주황색,주황,주황,주황색,주황,주황
197,0,255,ko,보라색,보라,보라,자주색,자주,자주
0,255,184,ko,청록색,청록,청록,청록색,청록,청록
255,89,0,ko,주황색,주황,주황,주황색,주황,주황
255,0,156,ko,분홍색,분홍,분홍,핫핑크,핫핑크,핫핑크
0,30,255,ko,파랑,파랑,파랑,파란색,파랑,파랑
255,151,0,ko,주황색,주황,주황,주황색,주황,주황
179,0,255,ko,보라색,보라,보라,보라색,보라,보라
255,0,79,ko,분홍색,분홍,분홍,핫핑크,핫핑크,핫핑크
0,255,181,ko,청록색,청록,청록,청록색,청록,청록
0,255,75,ko,연두색,연두,연두,초록색,초록,초록
0,255,93,ko,초록색,초록,초록,초록색,초록,초록
255,0,144,ko,자홍색,자홍,자홍,핫핑크,핫핑크,핫핑크
0,255,97,ko,연두색,연두,연두,초록색,초록,초록
255,157,0,ko,주황색,주황,주황,주황색,주황,주황
255,0,4,ko,빨강,빨강,빨강,빨간색,빨강,빨강
255,82,0,ko,주황색,주황,주황,주황색,주황,주황
0,144,255,ko,파란색,파랑,파랑,파란색,파랑,파랑
0,149,255,ko,파란색,파랑,파랑,파란색,파랑,파랑
0,90,255,ko,파랑,파랑,파랑,파란색,파랑,파랑
28,255,0,ko,연두색,연두,연두,연두색,연두,연두
58,0,255,ko,보라색,보라,보라,파랑,파랑,파랑
109,0,255,ko,보라색,보라,보라,보라색,보라,보라
255,98,0,ko,주황색,주황,주황,주황색,주황,주황
130,0,255,ko,보라색,보라,보라,보라색,보라,보라
255,0,208,ko,자홍색,자홍,자홍,핫핑크,핫핑크,핫핑크
0,255,150,ko,청록색,청록,청록,청록색,청록,청록
255,0,46,ko,빨간색,빨강,빨강,빨강,빨강,빨강
255,102,0,ko,주황색,주황,주황,주황색,주황,주황
185,255,0,ko,라임색,라임,라임,라임색,라임,라임
255,230,0,ko,노란색,노랑,노랑,노란색,노랑,노랑
0,149,255,ko,파랑,파랑,파랑,파란색,파랑,파랑
82,255,0,ko,라임색,라임,라임,연두색,연두,연두
255,0,19,ko,빨강,빨강,빨강,빨간색,빨강,빨강
255,202,0,ko,노란색,노랑,노랑,노란색,노랑,노랑
0,255,213,ko,청록색,청록,청록,청록색,청록,청록
255,147,0,ko,주황색,주황,주황,주황색,주황,주황
33,255,0,ko,연두색,연두,연두,초록색,초록,초록
255,0,89,ko,분홍색,분홍,분홍,핫핑크,핫핑크,핫핑크
147,255,0,ko,연두색,연두,연두,라임색,라임,라임
255,0,76,ko,분홍색,분홍,분홍,핫핑크,핫핑크,핫핑크
255,223,0,ko,노란색,노랑,노랑,노란색,노랑,노랑
255,0,0,ko,빨강,빨강,빨강,빨간색,빨강,빨강
91,255,0,ko,연두색,연두,연두,형광 초록색,형광 초록,형광초록
0,79,255,ko,파란색,파랑,파랑,파란색,파랑,파랑
243,255,0,ko,노란색,노랑,노랑,노란색,노랑,노랑
0,255,106,ko,초록색,초록,초록,형광 초록색,형광 초록,형광초록
178,0,255,ko,보라색,보라,보라,보라색,보라,보라
118,0,255,ko,보라색,보라,보라,보라색,보라,보라
84,255,0,ko,연두색,연두,연두,연두색,연두,연두
171,255,0,ko,연두색,연두,연두,라임색,라임,라임
0,255,111,ko,초록색,초록,초록,연두색,연두,연두
255,0,173,ko,자홍색,자홍,자홍,핫핑크,핫핑크,핫핑크
11,255,0,ko,연두색,연두,연두,초록색,초록,초록
184,255,0,ko,연두색,연두,연두,연두색,연두,연두
0,255,42,ko,형광초록,형광초록,형광초록,형광 초록색,형광 초록,형광초록
255,0,29,ko,빨강,빨강,빨강,빨간색,빨강,빨강
0,60,255,ko,파란색,파랑,파랑,파란색,파랑,파랑
36,255,0,ko,초록색,초록,초록,연두색,연두,연두
255,198,0,ko,노란색,노랑,노랑,노란색,노랑,노랑
0,255,251,ko,청록색,청록,청록,청록색,청록,청록
0,215,255,ko,하늘색,하늘,하늘,청록색,청록,청록
255,153,0,ko,주황색,주황,주황,주황색,주황,주황
199,0,255,ko,보라색,보라,보라,마젠타,마젠타,마젠타
127,0,255,ko,보라색,보라,보라,보라색,보라,보라
0,255,11,ko,연두색,연두,연두,초록색,초록,초록
255,164,0,ko,주황색,주황,주황,주황색,주황,주황
255,184,0,ko,주황색,주황,주황,노란색,노랑,노랑
160,0,255,ko,보라색,보라,보라,보라색,보라,보라
255,0,112,ko,분홍색,분홍,분홍,핫핑크,핫핑크,핫핑크
171,255,0,ko,연두색,연두,연두,라임색,라임,라임
0,255,196,ko,청록색,청록,청록,청록색,청록,청록
144,0,255,ko,보라색,보라,보라,보라색,보라,보라
255,95,0,ko,주황색,주황,주황,주황색,주황,주황
23,255,0,ko,연두색,연두,연두,연두색,연두,연두
255,0,21,ko,빨강,빨강,빨강,빨간색,빨강,빨강
0,66,255,ko,파랑,파랑,파랑,파란색,파랑,파랑
0,162,255,ko,하늘색,하늘,하늘,파란색,파랑,파랑
0,255,57,ko,형광초록,형광초록,형광초록,초록색,초록,초록
0,173,255,ko,하늘색,하늘,하늘,하늘색,하늘,하늘
0,255,14,ko,연두색,연두,연두,초록색,초록,초록
0,255,95,ko,형광초록,형광초록,형광초록,형광 초록색,형광 초록,형광초록
255,0,95,ko,분홍색,분홍,분홍,핫핑크,핫핑크,핫핑크
250,0,255,ko,자홍색,자홍,자홍,마젠타,마젠타,마젠타
0,255,195,ko,민트색,민트,민트,청록색,청록,청록
0,255,70,ko,초록색,초록,초록,초록색,초록,초록
255,60,0,ko,주황색,주황,주황,주황색,주황,주황
203,255,0,ko,연두색,연두,연두,라임색,라임,라임
255,168,0,ko,주황색,주황,주황,주황색,주황,주황
255,0,49,ko,빨간색,빨강,빨강,빨강,빨강,빨강
225,0,255,ko,자주색,자주,자주,마젠타,마젠타,마젠타
38,0,255,ko,파란색,파랑,파랑,파란색,파랑,파랑
255,178,0,ko,주황색,주황,주황,주황색,주황,주황
70,255,0,ko,연두색,연두,연두,초록색,초록,초록
21,0,255,ko,파란색,파랑,파랑,파랑,파랑,파랑
22,0,255,ko,파랑,파랑,파랑,파란색,파랑,파랑
189,255,0,ko,연두색,연두,연두,라임색,라임,라임
255,0,50,ko,빨강,빨강,빨강,선홍색,선홍,선홍
173,0,255,ko,보라색,보라,보라,보라색,보라,보라
255,172,0,ko,주황색,주황,주황,주황색,주황,주황
255,76,0,ko,주황색,주황,주황,주황색,주황,주황
203,255,0,ko,라임색,라임,라임,연두색,연두,연두
241,0,255,ko,마젠타,마젠타,마젠타,마젠타,마젠타,마젠타
255,150,0,ko,주황색,주황,주황,주황색,주황,주황
255,0,130,ko,분홍색,분홍,분홍,자홍색,자홍,자홍
255,0,18,ko,빨간색,빨강,빨강,빨강,빨강,빨강
255,0,210,ko,자홍색,자홍,자홍,마젠타,마젠타,마젠타
255,0,11,ko,빨강,빨강,빨강,빨강,빨강,빨강
10,0,255,ko,파란색,파랑,파랑,파란색,파랑,파랑
0,224,255,ko,하늘색,하늘,하늘,시안색,시안,시안
255,0,24,ko,빨강,빨강,빨강,빨간색,빨강,빨강
63,0,255,ko,파란색,파랑,파랑,파란색,파랑,파랑
188,255,0,ko,형광연두,형광연두,형광연두,라임색,라임,라임
108,0,255,ko,보라색,보라,보라,보라색,보라,보라
52,0,255,ko,보라색,보라,보라,파랑,파랑,파랑
255,0,95,ko,분홍색,분홍,분홍,핫핑크,핫핑크,핫핑크
153,255,0,ko,연두색,연두,연두,연두색,연두,연두
255,0,107,ko,분홍색,분홍,분홍,핫핑크,핫핑크,핫핑크
0,255,204,ko,민트색,민트,민트,청록색,청록,청록
255,79,0,ko,주황색,주황,주황,주황,주황,주황
235,0,255,ko,자홍색,자홍,자홍,마젠타,마젠타,마젠타
22,0,255,ko,파랑,파랑,파랑,파란색,파랑,파랑
0,69,255,ko,파랑,파랑,파랑,파랑,파랑,파랑
255,67,0,ko,주황색,주황,주황,주황색,주황,주황
0,3,255,ko,파랑,파랑,파랑,파랑,파랑,파랑
18,0,255,ko,파랑,파랑,파랑,파랑,파랑,파랑
246,0,255,ko,자홍색,자홍,자홍,마젠타,마젠타,마젠타
202,255,0,ko,연두색,연두,연두,라임색,라임,라임
144,0,255,ko,보라색,보라,보라,보라색,보라,보라
0,34,255,ko,파랑,파랑,파랑,파란색,파랑,파랑
172,0,255,ko,보라색,보라,보라,보라색,보라,보라
228,0,255,ko,자홍색,자홍,자홍,마젠타,마젠타,마젠타
0,255,251,ko,청록색,청록,청록,청록색,청록,청록
0,255,200,ko,청록색,청록,청록,청록색,청록,청록
0,226,255,ko,하늘색,하늘,하늘,청록색,청록,청록
62,255,0,ko,연두색,연두,연두,초록색,초록,초록
13,0,255,ko,파랑,파랑,파랑,파란색,파랑,파랑
0,176,255,ko,하늘색,하늘,하늘,파랑,파랑,파랑
69,255,0,ko,연두색,연두,연두,연두색,연두,연두
63,255,0,ko,초록색,초록,초록,초록색,초록,초록
128,255,0,ko,연두색,연두,연두,연두색,연두,연두
0,240,255,ko,하늘색,하늘,하늘,사이언,사이언,사이언
157,255,0,ko,연두색,연두,연두,연두색,연두,연두
0,202,255,ko,하늘색,하늘,하늘,하늘색,하늘,하늘
255,130,0,ko,주황색,주황,주황,주황색,주황,주황
255,0,206,ko,자홍색,자홍,자홍,핫핑크,핫핑크,핫핑크
0,179,255,ko,하늘색,하늘,하늘,파란색,파랑,파랑
177,0,255,ko,보라색,보라,보라,보라색,보라,보라
255,0,23,ko,빨강,빨강,빨강,빨강,빨강,빨강
163,255,0,ko,연두색,연두,연두,라임색,라임,라임
0,183,255,ko,하늘색,하늘,하늘,하늘색,하늘,하늘
0,22,255,ko,파랑,파랑,파랑,파란색,파랑,파랑
255,59,0,ko,주황색,주황,주황,주황색,주황,주황
255,211,0,ko,노란색,노랑,노랑,노란색,노랑,노랑
255,203,0,ko,노란색,노랑,노랑,노란색,노랑,노랑
180,255,0,ko,연두색,연두,연두,라임색,라임,라임
247,255,0,ko,노란색,노랑,노랑,노란색,노랑,노랑
181,0,255,ko,보라색,보라,보라,보라색,보라,보라
92,0,255,ko,보라색,보라,보라,보라색,보라,보라
255,0,8,ko,빨강,빨강,빨강,빨강,빨강,빨강
255,224,0,ko,노란색,노랑,노랑,노란색,노랑,노랑
0,181,255,ko,파랑,파랑,파랑,파란색,파랑,파랑
255,0,22,ko,빨강,빨강,빨강,빨간색,빨강,빨강
255,0,192,ko,분홍색,분홍,분홍,핫핑크,핫핑크,핫핑크
0,255,176,ko,민트색,민트,민트,청록색,청록,청록
19,255,0,ko,연두색,연두,연두,초록색,초록,초록
0,255,234,ko,청록색,청록,청록,청록색,청록,청록
195,0,255,ko,보라색,보라,보라,보라색,보라,보라
56,255,0,ko,연두색,연두,연두,초록색,초록,초록
0,255,23,ko,연두색,연두,연두,초록색,초록,초록
0,55,255,ko,파랑,파랑,파랑,파란색,파랑,파랑
82,255,0,ko,연두색,연두,연두,라임색,라임,라임
142,255,0,ko,연두색,연두,연두,연두색,연두,연두
0,146,255,ko,파란색,파랑,파랑,하늘색,하늘,하늘
65,0,255,ko,보라색,보라,보라,파란색,파랑,파랑
255,179,0,ko,주황색,주황,주황,주황색,주황,주황
255,79,0,ko,주황색,주황,주황,주황색,주황,주황
9,0,255,ko,파랑,파랑,파랑,파란색,파랑,파랑
255,241,0,ko,노란색,노랑,노랑,노란색,노랑,노랑
0,151,255,ko,파랑,파랑,파랑,파란색,파랑,파랑
255,0,91,ko,분홍색,분홍,분홍,핫핑크,핫핑크,핫핑크
45,255,0,ko,초록색,초록,초록,초록색,초록,초록
255,0,66,ko,분홍색,분홍,분홍,핫핑크,핫핑크,핫핑크
255,98,0,ko,주황색,주황,주황,주황색,주황,주황
255,233,0,ko,노란색,노랑,노랑,노란색,노랑,노랑
0,228,255,ko,청록색,청록,청록,청록색,청록,청록
0,255,81,ko,연두색,연두,연두,초록색,초록,초록
0,245,255,ko,시안색,시안,시안,청록색,청록,청록
0,255,6,ko,형광초록,형광초록,형광초록,초록색,초록,초록
255,128,0,ko,주황색,주황,주황,주황색,주황,주황
67,255,0,ko,연두색,연두,연두,연두색,연두,연두
255,82,0,ko,주황색,주황,주황,주황색,주황,주황
255,0,16,ko,빨강,빨강,빨강,빨간색,빨강,빨강
0,255,102,ko,초록색,초록,초록,초록,초록,초록
34,0,255,ko,파란색,파랑,파랑,파랑,파랑,파랑
216,0,255,ko,보라색,보라,보라,자홍색,자홍,자홍
24,0,255,ko,파랑,파랑,파랑,파란색,파랑,파랑
255,0,32,ko,빨강,빨강,빨강,빨간색,빨강,빨강
143,255,0,ko,연두색,연두,연두,연두색,연두,연두
0,150,255,ko,파란색,파랑,파랑,파란색,파랑,파랑
38,0,255,ko,파란색,파랑,파랑,파란색,파랑,파랑
0,255,141,ko,민트색,민트,민트,초록색,초록,초록
0,255,69,ko,초록색,초록,초록,연두색,연두,연두
0,14,255,ko,파랑,파랑,파랑,파랑,파랑,파랑
203,255,0,ko,라임색,라임,라임,형광 연두색,형광 연두,형광연두
255,0,91,ko,분홍색,분홍,분홍,핫핑크,핫핑크,핫핑크
0,255,66,ko,초록색,초록,초록,형광 초록색,형광 초록,형광초록
255,0,86,ko,분홍색,분홍,분홍,핫핑크,핫핑크,핫핑크
116,0,255,ko,보라색,보라,보라,보라색,보라,보라
148,255,0,ko,연두색,연두,연두,연두색,연두,연두
255,83,0,ko,주황색,주황,주황,주황색,주황,주황
0,66,255,ko,파란색,파랑,파랑,파란색,파랑,파랑
178,255,0,ko,연두색,연두,연두,라임색,라임,라임
0,255,190,ko,민트색,민트,민트,청록색,청록,청록
255,0,113,ko,분홍색,분홍,분홍,핫핑크,핫핑크,핫핑크
134,255,0,ko,연두색,연두,연두,라임색,라임,라임
255,0,24,ko,빨강,빨강,빨강,빨간색,빨강,빨강
0,29,255,ko,파랑,파랑,파랑,파란색,파랑,파랑
0,255,117,ko,초록색,초록,초록,초록색,초록,초록
0,255,205,ko,청록색,청록,청록,청록색,청록,청록
255,178,0,ko,주황색,주황,주황,주황색,주황,주황
0,107,255,ko,파랑,파랑,파랑,파란색,파랑,파랑
0,255,109,ko,연두색,연두,연두,형광 초록색,형광 초록,형광초록
0,255,70,ko,초록색,초록,초록,초록색,초록,초록
76,255,0,ko,연두색,연두,연두,라임색,라임,라임
7,255,0,ko,초록색,초록,초록,초록색,초록,초록
0,255,37,ko,연두색,연두,연두,초록색,초록,초록
140,0,255,ko,보라색,보라,보라,보라색,보라,보라
255,84,0,ko,주황색,주황,주황,주황색,주황,주황
2,0,255,ko,파란색,파랑,파랑,파란색,파랑,파랑
0,15,255,ko,파랑,파랑,파랑,파란색,파랑,파랑
14,0,255,ko,파랑,파랑,파랑,파란색,파랑,파랑
255,0,131,ko,자홍색,자홍,자홍,진한 분홍,진 분홍,진분홍
0,255,198,ko,청록색,청록,청록,청록색,청록,청록
0,255,212,ko,청록색,청록,청록,청록색,청록,청록
74,255,0,ko,형광초록,형광초록,형광초록,초록색,초록,초록
255,149,0,ko,주황색,주황,주황,주황색,주황,주황
0,255,59,ko,초록색,초록,초록,형광 초록색,형광 초록,형광초록
255,57,0,ko,주황색,주황,주황,다홍색,다홍,다홍
0,255,82,ko,초록색,초록,초록,연두색,연두,연두
107,255,0,ko,연두색,연두,연두,연두색,연두,연두
0,255,175,ko,민트색,민트,민트,청록색,청록,청록
238,255,0,ko,노란색,노랑,노랑,노랑,노랑,노랑
79,255,0,ko,연두색,연두,연두,연두색,연두,연두
255,0,223,ko,자홍색,자홍,자홍,마젠타,마젠타,마젠타
249,255,0,ko,노란색,노랑,노랑,노란색,노랑,노랑
141,255,0,ko,연두색,연두,연두,라임색,라임,라임
0,255,127,ko,초록색,초록,초록,연두색,연두,연두
150,255,0,ko,연두색,연두,연두,라임색,라임,라임
201,255,0,ko,형광 연두색,형광 연두,형광연두,라임색,라임,라임
255,0,103,ko,분홍색,분홍,분홍,핫핑크,핫핑크,핫핑크
255,0,240,ko,마젠타,마젠타,마젠타,마젠타,마젠타,마젠타
252,255,0,ko,노란색,노랑,노랑,노란색,노랑,노랑
0,175,255,ko,하늘색,하늘,하늘,파란색,파랑,파랑
0,50,255,ko,파란색,파랑,파랑,파랑,파랑,파랑
0,255,106,ko,연두색,연두,연두,초록색,초록,초록
0,255,218,ko,청록색,청록,청록,청록색,청록,청록
0,255,238,ko,청록색,청록,청록,청록색,청록,청록
0,255,236,ko,청록색,청록,청록,청록색,청록,청록
0,92,255,ko,파랑,파랑,파랑,파랑,파랑,파랑
0,255,173,ko,청록색,청록,청록,청록색,청록,청록
182,255,0,ko,연두색,연두,연두,라임색,라임,라임
20,0,255,ko,파랑,파랑,파랑,파란색,파랑,파랑
255,170,0,ko,주황색,주황,주황,주황색,주황,주황
170,0,255,ko,보라색,보라,보라,보라색,보라,보라
255,0,103,ko,분홍색,분홍,분홍,핫핑크,핫핑크,핫핑크
255,0,119,ko,분홍색,분홍,분홍,핫핑크,핫핑크,핫핑크
255,0,62,ko,빨강,빨강,빨강,선홍색,선홍,선홍
127,0,255,ko,보라색,보라,보라,보라색,보라,보라
255,144,0,ko,주황색,주황,주황,주황색,주황,주황
255,100,0,ko,주황색,주황,주황,주황색,주황,주황
59,255,0,ko,초록색,초록,초록,초록색,초록,초록
0,255,239,ko,청록색,청록,청록,시안,시안,시안
255,131,0,ko,주황색,주황,주황,주황색,주황,주황
90,0,255,ko,보라색,보라,보라,보라색,보라,보라
158,0,255,ko,보라색,보라,보라,보라색,보라,보라
67,255,0,ko,연두색,연두,연두,연두색,연두,연두
70,0,255,ko,보라색,보라,보라,파란색,파랑,파랑
255,0,41,ko,빨강,빨강,빨강,빨간색,빨강,빨강
255,0,130,ko,분홍색,분홍,분홍,분홍색,분홍,분홍
197,255,0,ko,연두색,연두,연두,라임색,라임,라임
255,209,0,ko,노란색,노랑,노랑,노란색,노랑,노랑
255,0,212,ko,자홍색,자홍,자홍,마젠타,마젠타,마젠타
255,0,140,ko,분홍색,분홍,분홍,핫핑크,핫핑크,핫핑크
99,255,0,ko,연두색,연두,연두,연두색,연두,연두
160,255,0,ko,연두색,연두,연두,연두색,연두,연두
255,173,0,ko,주황색,주황,주황,주황색,주황,주황
0,184,255,ko,하늘색,하늘,하늘,파란색,파랑,파랑
0,255,90,ko,초록색,초록,초록,초록색,초록,초록
228,0,255,ko,자홍색,자홍,자홍,마젠타,마젠타,마젠타
255,0,156,ko,자홍색,자홍,자홍,진한 분홍,진 분홍,진분홍
16,0,255,ko,파랑,파랑,파랑,파란색,파랑,파랑
0,25,255,ko,파란색,파랑,파랑,파란색,파랑,파랑
65,0,255,ko,보라색,보라,보라,코발트블루,코발트블루,코발트블루
255,0,119,ko,분홍색,분홍,분홍,진분홍,진분홍,진분홍
0,226,255,ko,하늘색,하늘,하늘,청록색,청록,청록
217,0,255,ko,보라색,보라,보라,마젠타,마젠타,마젠타
255,165,0,ko,주황색,주황,주황,주황색,주황,주황
243,0,255,ko,자홍색,자홍,자홍,마젠타,마젠타,마젠타
0,255,133,ko,초록색,초록,초록,형광 초록색,형광 초록,형광초록
231,0,255,ko,자홍색,자홍,자홍,마젠타,마젠타,마젠타
255,0,201,ko,분홍색,분홍,분홍,핫핑크색,핫핑크,핫핑크
255,30,0,ko,빨강,빨강,빨강,빨강,빨강,빨강
0,255,143,ko,민트색,민트,민트,형광 초록색,형광 초록,형광초록
0,109,255,ko,파랑,파랑,파랑,파란색,파랑,파랑
255,192,0,ko,노란색,노랑,노랑,금색,금,금
233,0,255,ko,자홍색,자홍,자홍,마젠타,마젠타,마젠타
0,147,255,ko,파랑,파랑,파랑,파란색,파랑,파랑
0,255,38,ko,형광 초록,형광 초록,형광초록,초록색,초록,초록
255,0,59,ko,빨강,빨강,빨강,빨강,빨강,빨강
255,62,0,ko,주황색,주황,주황,다홍색,다홍,다홍
0,58,255,ko,파란색,파랑,파랑,파랑,파랑,파랑
255,19,0,ko,빨간색,빨강,빨강,빨간색,빨강,빨강
0,255,84,ko,초록색,초록,초록,형광 초록색,형광 초록,형광초록
144,255,0,ko,라임색,라임,라임,라임색,라임,라임
0,197,255,ko,하늘색,하늘,하늘,하늘색,하늘,하늘
1,255,0,ko,연두색,연두,연두,라임색,라임,라임
0,255,168,ko,민트색,민트,민트,청록색,청록,청록
0,61,255,ko,파랑,파랑,파랑,파란색,파랑,파랑
0,252,255,ko,청록색,청록,청록,청록색,청록,청록
204,255,0,ko,연두색,연두,연두,라임색,라임,라임
255,0,163,ko,분홍색,분홍,분홍,핑크,핑크,핑크
255,0,12,ko,빨강,빨강,빨강,빨강,빨강,빨강
255,0,8,ko,빨강,빨강,빨강,빨강,빨강,빨강
224,255,0,ko,연두색,연두,연두,노란색,노랑,노랑
0,255,24,ko,초록색,초록,초록,초록색,초록,초록
0,255,86,ko,연두색,연두,연두,라임색,라임,라임
255,2,0,ko,빨강,빨강,빨강,빨강,빨강,빨강
158,255,0,ko,연두색,연두,연두,라임색,라임,라임
0,128,255,ko,파란색,파랑,파랑,파란색,파랑,파랑
100,255,0,ko,연두색,연두,연두,연두색,연두,연두
97,0,255,ko,보라색,보라,보라,보라색,보라,보라
172,255,0,ko,연두색,연두,연두,라임색,라임,라임
0,72,255,ko,파란색,파랑,파랑,파란색,파랑,파랑
0,255,198,ko,청록색,청록,청록,청록색,청록,청록
164,0,255,ko,보라색,보라,보라,보라색,보라,보라
0,144,255,ko,파란색,파랑,파랑,파란색,파랑,파랑
255,0,117,ko,분홍색,분홍,분홍,핫핑크,핫핑크,핫핑크
255,42,0,ko,주황색,주황,주황,다홍,다홍,다홍
255,32,0,ko,빨강,빨강,빨강,빨간색,빨강,빨강
0,203,255,ko,하늘색,하늘,하늘,하늘색,하늘,하늘
255,0,39,ko,빨강,빨강,빨강,빨간색,빨강,빨강
0,193,255,ko,하늘색,하늘,하늘,하늘색,하늘,하늘
235,0,255,ko,자홍색,자홍,자홍,마젠타,마젠타,마젠타
255,0,103,ko,분홍색,분홍,분홍,핫핑크,핫핑크,핫핑크
0,141,255,ko,파란색,파랑,파랑,파란색,파랑,파랑
0,154,255,ko,파랑,파랑,파랑,파란색,파랑,파랑
0,255,72,ko,형광초록,형광초록,형광초록,연두색,연두,연두
228,0,255,ko,자주색,자주,자주,마젠타,마젠타,마젠타
214,255,0,ko,형광 노란색,형광 노랑,형광노랑,라임색,라임,라임
255,0,235,ko,자홍색,자홍,자홍,마젠타,마젠타,마젠타
184,0,255,ko,보라색,보라,보라,보라색,보라,보라
255,13,0,ko,빨강,빨강,빨강,빨간색,빨강,빨강
0,255,82,ko,초록색,초록,초록,초록색,초록,초록
0,255,102,ko,초록색,초록,초록,라임색,라임,라임
55,0,255,ko,보라색,보라,보라,파랑,파랑,파랑
255,67,0,ko,주황색,주황,주황,주황,주황,주황
0,5,255,ko,파랑,파랑,파랑,파란색,파랑,파랑
255,0,87,ko,분홍색,분홍,분홍,핫핑크,핫핑크,핫핑크
132,255,0,ko,연두색,연두,연두,연두색,연두,연두
0,13,255,ko,파랑,파랑,파랑,파랑,파랑,파랑
70,0,255,ko,보라색,보라,보라,파란색,파랑,파랑
255,103,0,ko,주황색,주황,주황,주황색,주황,주황
255,66,0,ko,주황색,주황,주황,주황색,주황,주황
0,95,255,ko,파랑,파랑,파랑,파란색,파랑,파랑
255,0,51,ko,빨강,빨강,빨강,선홍색,선홍,선홍
255,142,0,ko,주황색,주황,주황,주황색,주황,주황
173,0,255,ko,보라색,보라,보라,보라색,보라,보라
255,0,51,ko,빨강,빨강,빨강,선홍색,선홍,선홍
216,255,0,ko,라임색,라임,라임,라임색,라임,라임
255,0,82,ko,분홍색,분홍,분홍,핫핑크,핫핑크,핫핑크
255,0,149,ko,분홍색,분홍,분홍,자홍색,자홍,자홍
255,0,175,ko,자홍색,자홍,자홍,마젠타,마젠타,마젠타
0,255,146,ko,민트색,민트,민트,초록색,초록,초록
132,0,255,ko,보라색,보라,보라,보라색,보라,보라
138,255,0,ko,연두색,연두,연두,라임색,라임,라임
255,0,186,ko,분홍색,분홍,분홍,핑크,핑크,핑크
11,0,255,ko,파랑,파랑,파랑,파랑,파랑,파랑
32,0,255,ko,파란색,파랑,파랑,파란색,파랑,파랑
0,255,102,ko,연두색,연두,연두,연두색,연두,연두
107,0,255,ko,보라색,보라,보라,보라색,보라,보라
0,255,78,ko,초록색,초록,초록,형광 초록색,형광 초록,형광초록
79,0,255,ko,보라색,보라,보라,보라색,보라,보라
255,198,0,ko,노란색,노랑,노랑,노랑,노랑,노랑
196,255,0,ko,연두색,연두,연두,라임색,라임,라임
255,49,0,ko,주황색,주황,주황,다홍색,다홍,다홍
185,0,255,ko,보라색,보라,보라,보라색,보라,보라
132,0,255,ko,보라색,보라,보라,보라색,보라,보라
224,255,0,ko,노란색,노랑,노랑,노란색,노랑,노랑
106,0,255,ko,보라색,보라,보라,보라색,보라,보라
0,238,255,ko,하늘색,하늘,하늘,청록색,청록,청록
0,255,48,ko,연두색,연두,연두,초록색,초록,초록
0,255,137,ko,형광초록,형광초록,형광초록,초록색,초록,초록
255,132,0,ko,주황색,주황,주황,주황색,주황,주황
255,0,103,ko,핫핑크,핫핑크,핫핑크,핫핑크,핫핑크,핫핑크
180,255,0,ko,연두색,연두,연두,라임색,라임,라임
248,255,0,ko,노란색,노랑,노랑,노란색,노랑,노랑
0,144,255,ko,파란색,파랑,파랑,파란색,파랑,파랑
25,255,0,ko,연두색,연두,연두,초록색,초록,초록
31,255,0,ko,연두색,연두,연두,초록색,초록,초록
73,0,255,ko,보라색,보라,보라,파란색,파랑,파랑
124,255,0,ko,연두색,연두,연두,연두색,연두,연두
255,0,85,ko,분홍색,분홍,분홍,핫핑크,핫핑크,핫핑크
255,0,125,ko,분홍색,분홍,분홍,핫핑크,핫핑크,핫핑크
255,0,154,ko,분홍색,분홍,분홍,핫핑크,핫핑크,핫핑크
254,255,0,ko,노란색,노랑,노랑,노란색,노랑,노랑
148,255,0,ko,연두색,연두,연두,연두색,연두,연두
255,124,0,ko,주황색,주황,주황,주황색,주황,주황
255,0,178,ko,분홍색,분홍,분홍,핫핑크,핫핑크,핫핑크
255,252,0,ko,노란색,노랑,노랑,노랑,노랑,노랑
0,52,255,ko,파란색,파랑,파랑,파란색,파랑,파랑
255,0,144,ko,자홍색,자홍,자홍,핫핑크,핫핑크,핫핑크
255,0,96,ko,분홍색,분홍,분홍,핫핑크,핫핑크,핫핑크
221,255,0,ko,노란색,노랑,노랑,형광 노랑,형광 노랑,형광노랑
162,255,0,ko,연두색,연두,연두,라임색,라임,라임
0,8,255,ko,파랑,파랑,파랑,파란색,파랑,파랑
