r,g,b,lang_code,human
255,0,48,en,red
255,0,196,en,magenta
255,143,0,en,orange
129,255,0,en,lime green
197,0,255,en,purple
255,32,0,en,red
178,255,0,en,lime green
67,0,255,en,blue
255,89,0,en,red orange
255,239,0,en,yellow
153,0,255,en,purple
249,255,0,en,yellow
255,0,88,en,dark coral
255,0,168,en,pink
255,0,220,en,pink
247,0,255,en,magenta
255,167,0,en,orange
204,255,0,en,neon yellow
255,209,0,en,orange
255,0,133,en,pink
255,0,78,en,red
255,155,0,en,orange
255,113,0,en,dark orange
255,232,0,en,yellow
255,0,153,en,hot pink
188,255,0,en,lime green
255,79,0,en,dark orange
255,0,80,en,red pink
170,0,255,en,purple
239,0,255,en,pink
255,204,0,en,goldenrod
146,0,255,en,purple
255,0,44,en,red
185,255,0,en,lime green
255,139,0,en,orange
255,0,199,en,magenta
255,0,130,en,hot pink
74,0,255,en,midnight blue
255,0,231,en,pink
118,255,0,en,yellow green
255,0,85,en,spicy pink
236,255,0,en,yellow
255,0,130,en,pink
255,0,75,en,dark salmon
255,177,0,en,goldenrod
64,255,0,en,bright green
255,24,0,en,red
255,0,9,en,red
255,0,245,en,fuchsia
184,255,0,en,neon green
92,255,0,en,lime green
255,242,0,en,yellow
255,0,178,en,hot pink
255,199,0,en,yellow/orange
191,255,0,en,neon green
255,115,0,en,orange
156,255,0,en,lime green
255,44,0,en,red
255,0,34,en,scarlet
110,0,255,en,mauve
101,255,0,en,neon green
255,217,0,en,mustard
192,255,0,en,light green
255,105,0,en,orange
255,146,0,en,orange
126,0,255,en,purple
255,0,92,en,dark pink
255,92,0,en,dark orange
238,255,0,en,yellow
255,0,198,en,hot pink
255,0,219,en,dark pink
255,0,97,en,red/pink
181,0,255,en,mauve
50,0,255,en,royal blue
227,255,0,en,marigold
255,185,0,en,dark yellow
255,234,0,en,yellow
168,0,255,en,purple
222,0,255,en,violet
255,0,171,en,magenta
255,0,176,en,bright pink
255,255,0,en,yellow
167,255,0,en,lime green
255,139,0,en,orange
255,0,169,en,hot pink
255,0,67,en,red
232,0,255,en,mauve
255,186,0,en,mustard
255,180,0,en,70's china yellow
255,0,116,en,bright pink
255,77,0,en,red orange
255,253,0,en,yellow
165,255,0,en,light green
219,0,255,en,light purple
255,0,105,en,dark pink
255,0,179,en,pink
125,0,255,en,purple
255,105,0,en,orange
255,225,0,en,yellow
255,165,0,en,orange/yellow
255,129,0,en,orange
255,249,0,en,yellow
211,0,255,en,purple
255,223,0,en,orange
255,42,0,en,red
255,0,191,en,pink
255,0,247,en,violet
250,255,0,en,yellow
255,0,45,en,red
238,0,255,en,cobalt
255,0,63,en,scarlet
255,0,201,en,purple
255,0,133,en,magenta
255,68,0,en,red
162,0,255,en,royal blue
255,111,0,en,orange
255,0,97,en,fuchsia
219,255,0,en,yellow
112,255,0,en,lime green
255,0,233,en,magenta
255,0,101,en,pink
255,76,0,en,orange
255,0,197,en,magenta
166,255,0,en,lime gren
255,0,41,en,red
255,0,189,en,fuschia
73,0,255,en,navy blue
255,189,0,en,orange
255,0,237,en,magenta
155,0,255,en,purple
193,0,255,en,purple
255,103,0,en,orange
255,220,0,en,yellow
229,0,255,en,magenta
255,0,81,en,pink
187,0,255,en,violet
255,245,0,en,bright yellow
255,0,17,en,red
255,0,230,en,fuchsia
68,255,0,en,lime green
244,0,255,en,magenta
83,0,255,en,dark blue
255,155,0,en,burnt orange
255,224,0,en,mustard
255,106,0,en,orange
255,0,78,en,red
67,255,0,en,green
223,255,0,en,yellow
255,175,0,en,light orange
255,0,145,en,pink
255,0,41,en,red
255,98,0,en,red orange
144,0,255,en,purple
255,214,0,en,yellow
255,121,0,en,orange
255,0,214,en,hot pink
236,0,255,en,purple pink
113,255,0,en,lime green
255,167,0,en,orange
255,0,162,en,hot pink
138,0,255,en,purple
255,0,34,en,red
223,255,0,en,chartreuse
255,0,94,en,hot red pink
255,0,139,en,pink
255,119,0,en,orange
116,255,0,en,green
164,255,0,en,lime
255,0,63,en,red
255,159,0,en,orange
95,0,255,en,violet
255,127,0,en,medium orange
205,0,255,en,fushia
255,164,0,en,light orange
255,192,0,en,sunflower yellow
251,0,255,en,magenta
255,0,129,en,pink
255,0,78,en,red
255,0,160,en,magenta
255,196,0,en,yellow
255,206,0,en,yellow
255,98,0,en,orange
46,0,255,en,royal blue
183,0,255,en,purple
255,0,73,en,hot pink
151,255,0,en,lime green
255,0,165,en,fuschia
178,255,0,en,puce
224,255,0,en,yellow
255,133,0,en,orange
255,251,0,en,yellow
104,255,0,en,green
255,0,74,en,pink
255,241,0,en,yellow
29,255,0,en,lime green
255,0,93,en,fuchsia
255,0,127,en,fuschia
243,0,255,en,pink
238,255,0,en,yellow
255,0,171,en,magenta
228,255,0,en,yellow
188,0,255,en,purple
255,151,0,en,orange
255,216,0,en,gold
255,0,56,en,red
216,0,255,en,light purple
255,210,0,en,yellow
255,0,222,en,pink
255,0,134,en,pink
255,0,127,en,hot pink
255,11,0,en,red
255,135,0,en,orange
255,249,0,en,yellow
255,213,0,en,goldenrod
255,0,176,en,hot pink
255,0,139,en,fuschia
255,42,0,en,orange
255,0,51,en,red
255,162,0,en,orange
255,0,6,en,red
255,209,0,en,mustard yellow
255,0,206,en,fuchsia
255,51,0,en,red
59,0,255,en,royal blue
255,136,0,en,orange
255,0,192,en,fushia
203,255,0,en,lime green
255,0,124,en,hot pink (slightly darker)
255,0,231,en,magenta
255,0,168,en,hot pink
255,251,0,en,yellow
255,0,246,en,magenta
255,0,88,en,red
255,0,42,en,red
60,0,255,en,dark blue
136,255,0,en,yellow
255,0,245,en,purple
255,175,0,en,orange
76,255,0,en,yellow
255,205,0,en,gold
219,255,0,en,highlighter yellow
148,0,255,en,lilac
255,0,247,en,hot pink
255,164,0,en,tangerine
255,97,0,en,rust orange
255,0,214,en,magenta
255,176,0,en,orange
114,255,0,en,neon green
154,0,255,en,purple
222,255,0,en,yellow
255,0,112,en,rose
255,0,177,en,magenta
139,255,0,en,neon green
255,0,61,en,red
210,0,255,en,purple
255,212,0,en,orange
221,0,255,en,purple
255,0,41,en,red
255,0,94,en,magenta
255,13,0,en,red
255,92,0,en,burnt orange
239,255,0,en,yello
255,120,0,en,orange
255,0,225,en,purple
255,229,0,en,yellow
255,0,152,en,magenta
164,0,255,en,purple
255,108,0,en,orange
144,255,0,en,lime green
255,0,200,en,magenta
124,0,255,en,purple
196,255,0,en,yellow green
255,0,74,en,reddish pink...
254,255,0,en,yellow
176,255,0,en,leaf green
255,16,0,en,red
255,0,92,en,pink
255,141,0,en,orange
169,0,255,en,purple
255,0,126,en,pink
255,0,63,en,red
139,0,255,en,purple
180,255,0,en,lime
204,255,0,en,lime
255,157,0,en,orange
255,178,0,en,orange
255,248,0,en,yellow
255,0,41,en,red
255,0,82,en,red pink
255,65,0,en,red
255,0,62,en,red
255,0,145,en,pink
255,236,0,en,yellow
255,0,211,en,pink
255,0,100,en,fuschia
243,255,0,en,yello
255,0,149,en,fuschia
89,255,0,en,light green
255,237,0,en,dark yellow
255,0,176,en,fuschia
255,90,0,en,dark orange
62,0,255,en,dark blue
255,0,254,en,pink
255,0,120,en,red pink
187,0,255,en,purple
255,186,0,en,yellow
255,151,0,en,light orange
255,0,47,en,red
255,71,0,en,dark orange
255,204,0,en,dirty yellow
95,255,0,en,bright green
255,0,125,en,bright pink
255,0,216,en,purple
247,0,255,en,purple
255,150,0,en,burnt orange
255,213,0,en,school bus yellow
105,255,0,en,highlighter green
255,194,0,en,orangish yellow
255,0,187,en,fuchsia
255,0,165,en,hot pink
255,0,36,en,red
255,122,0,en,orange
227,0,255,en,fuchsia
255,0,175,en,pink
255,211,0,en,gold
255,220,0,en,yellow
185,255,0,en,lime green
255,246,0,en,fluorescent yellow
255,208,0,en,goldenrod
143,0,255,en,violet
255,180,0,en,yellow orange
167,0,255,en,purple
255,0,231,en,fuchsia
255,253,0,en,yellow
255,0,124,en,hot pink
127,255,0,en,lime green
255,242,0,en,yellow
255,150,0,en,orange
255,45,0,en,red
255,0,190,en,magenta
255,205,0,en,gold
157,255,0,en,chartreuse
255,0,30,en,red
255,0,143,en,fuschia
224,0,255,en,purple
255,228,0,en,yellow
253,0,255,en,fuchsia
255,158,0,en,tangerine
29,0,255,en,royal blue
255,0,132,en,pink
255,230,0,en,yellow
255,122,0,en,orange
255,0,172,en,sangria
255,109,0,en,orange
255,0,211,en,pink
255,127,0,en,orange
255,163,0,en,light orange
255,199,0,en,yellow
255,0,45,en,red
170,0,255,en,purple
255,63,0,en,crimson
255,84,0,en,dark orange
255,0,235,en,magenta
255,182,0,en,gold
50,0,255,en,royal blue
189,255,0,en,yellow
255,0,207,en,fuchsia
202,255,0,en,yellow
255,0,234,en,fuchsia
255,0,75,en,punch
128,0,255,en,purple
255,0,43,en,red
255,169,0,en,orange
255,0,212,en,pink
255,0,80,en,pink
147,0,255,en,purple
255,105,0,en,orange
205,0,255,en,fuchsia
255,0,188,en,magenta
213,255,0,en,"florescent ye,low"
174,255,0,en,lime
255,186,0,en,golden yellow
255,0,20,en,bright red
255,214,0,en,light gold yellow
255,109,0,en,copper
255,0,117,en,dark pink
255,0,170,en,magenta
253,255,0,en,yellow
255,0,52,en,red
255,0,116,en,dark pink
81,255,0,en,yellow green
255,0,190,en,pink
255,0,167,en,magenta
74,0,255,en,violet
255,189,0,en,mustard
255,0,81,en,punch
255,49,0,en,burnt orange
194,0,255,en,purple
62,255,0,en,light green
255,108,0,en,orange
236,255,0,en,yellow
162,255,0,en,olive
255,246,0,en,yellow
255,140,0,en,orange
255,0,84,en,pinkish red
54,255,0,en,neon green
144,0,255,en,purple
255,0,62,en,red
255,0,173,en,magenta
160,0,255,en,purple
170,255,0,en,lime green
211,255,0,en,yellow green
190,0,255,en,light purple
255,61,0,en,red orange
255,214,0,en,gold
222,0,255,en,violet
255,0,89,en,pink
92,255,0,en,light lime green
255,65,0,en,red
255,153,0,en,copper
255,0,215,en,magenta
255,0,110,en,dark pink
78,255,0,en,lime green
255,0,82,en,pink
255,0,179,en,pink
255,0,11,en,red
220,255,0,en,yellow
255,73,0,en,orange
255,0,137,en,pink
26,255,0,en,lime green
255,0,88,en,dark pink
255,0,153,en,hot pink
236,255,0,en,chartreuse
255,219,0,en,yellow
255,198,0,en,goldenrod
255,0,177,en,pink
255,228,0,en,yellow
56,0,255,en,blue
29,255,0,en,green
210,255,0,en,green yellow
255,0,91,en,red
255,0,10,en,red
255,0,109,en,magenta
255,6,0,en,red
151,0,255,en,purple
255,0,245,en,magenta
255,0,207,en,magenta
207,0,255,en,purple
255,0,213,en,magenta
255,86,0,en,blood orange
228,255,0,en,urine
225,0,255,en,purple
255,192,0,en,gold
255,0,183,en,magenta
255,120,0,en,orange
102,255,0,en,light green
255,0,42,en,red
80,0,255,en,royal blue
255,0,66,en,magenta
255,177,0,en,gold
243,0,255,en,magenta
138,255,0,en,lime green
255,106,0,en,orange
146,255,0,en,light greenish
255,31,0,en,red
255,0,80,en,red purple
255,0,104,en,red purple
255,0,154,en,magenta
255,0,141,en,magenta
111,0,255,en,purple
255,57,0,en,red
255,138,0,en,burnt orange
218,0,255,en,magenta
255,0,236,en,magenta
255,0,43,en,red
255,157,0,en,burnt orange
255,205,0,en,yellow
189,0,255,en,purple
255,180,0,en,gold
231,255,0,en,yellow
255,227,0,en,yellow gold
255,184,0,en,gold
255,0,171,en,pink
100,255,0,en,green
255,0,114,en,magenta
255,217,0,en,yellow
247,255,0,en,bright yellow
255,143,0,en,orange
222,255,0,en,greenish yellow
150,0,255,en,purple
255,0,14,en,red
255,0,156,en,pink
181,255,0,en,yellow green
255,0,131,en,pink
255,0,76,en,red
63,255,0,en,green
159,0,255,en,violet
254,255,0,en,yellow
255,117,0,en,burnt orange
202,0,255,en,magenta
255,0,71,en,red
255,0,83,en,pink
255,55,0,en,orange
255,149,0,en,orange
99,255,0,en,green
52,0,255,en,blue
255,251,0,en,yellow
255,195,0,en,yellow
255,0,72,en,red
249,0,255,en,pink
255,0,201,en,pink
71,255,0,en,neon green
255,0,34,en,red
255,0,100,en,pinkish red
255,0,217,en,pink
255,103,0,en,orange
255,222,0,en,goldenrod
255,0,217,en,fuchsia
255,0,164,en,magenta
255,96,0,en,deep coral
216,255,0,en,key lime pie
177,0,255,en,purple
112,255,0,en,spring green
6,255,0,en,neon green
255,163,0,en,orange
255,0,186,en,pink
146,0,255,en,purple
255,0,6,en,red
255,83,0,en,persimmon
255,0,146,en,fuschia
179,0,255,en,violet
188,255,0,en,lime green
255,0,74,en,red
184,255,0,en,chartreuse
255,163,0,en,amber
147,255,0,en,yellow
255,15,0,en,red
87,255,0,en,yellow
255,0,218,en,blue
255,0,7,en,red
255,0,168,en,pink
255,127,0,en,orange
255,223,0,en,mustard yellow
255,184,0,en,yellow orange
255,252,0,en,yellow
113,255,0,en,green
201,255,0,en,yellow green
255,0,112,en,fuschia
229,255,0,en,yellow
61,255,0,en,spring green
255,87,0,en,alloy orange
255,0,255,en,magenta
135,255,0,en,chartreuse
109,0,255,en,violet
255,121,0,en,orange
255,188,0,en,mustard yellow
251,255,0,en,yellow
157,255,0,en,lime green
230,255,0,en,neon yellow
159,0,255,en,purple
255,30,0,en,red
255,0,71,en,hot pink
255,0,191,en,fuschia
115,0,255,en,violet
95,255,0,en,chartreuse
229,0,255,en,purple
255,122,0,en,amber
255,223,0,en,turmeric
255,0,88,en,red
255,47,0,en,red
222,0,255,en,bright purple
255,0,65,en,red
255,0,122,en,pink
76,0,255,en,midnight blue
255,97,0,en,orange
203,0,255,en,light purple
170,255,0,en,flourescent green
255,0,86,en,red
255,0,213,en,hot pink
255,0,57,en,light red
111,255,0,en,bright green
255,233,0,en,yellow
222,255,0,en,yellow green
255,0,31,en,red
161,255,0,en,baby grass green
254,0,255,en,purple
255,0,130,en,hot pink
255,0,22,en,red
255,0,85,en,pink
255,0,186,en,fuschia
255,71,0,en,persimmon
255,203,0,en,turmeric
255,0,120,en,rose
255,251,0,en,yellow
255,0,39,en,red
255,0,213,en,fuschia
67,0,255,en,dark blue
255,114,0,en,orange
179,255,0,en,apple green
183,0,255,en,purple
255,229,0,en,goldenrod
255,45,0,en,red
255,208,0,en,gold
255,0,170,en,pink
255,211,0,en,yellow gold
255,0,207,en,magenta
141,0,255,en,violet
255,59,0,en,red orange
255,173,0,en,gold
255,0,133,en,pink red
255,95,0,en,orange red
255,0,241,en,pinkish purple
138,0,255,en,purple
255,152,0,en,orange
255,0,152,en,pink
116,255,0,en,lime green
241,255,0,en,yellow
255,0,136,en,hot pink
255,0,53,en,red
255,0,34,en,red
197,255,0,en,yellow green
255,0,204,en,hot pink
234,0,255,en,purplish pink
255,0,95,en,strawberry
255,134,0,en,orange
255,251,0,en,yellow
255,0,188,en,magenta
255,232,0,en,cadmium yellow
255,0,109,en,rose
255,0,145,en,pink
230,255,0,en,chartreuse
42,0,255,en,cobalt blue
254,0,255,en,magenta
255,0,232,en,magenta
255,0,72,en,red
255,115,0,en,tangerine
255,0,20,en,cadmium red
255,137,0,en,orange
144,0,255,en,purple
255,163,0,en,yellow orange
255,10,0,en,red
227,255,0,en,neon yellow
255,0,165,en,hot pink
255,182,0,en,marigold
255,79,0,en,bright orange
255,0,221,en,magenta
220,0,255,en,periwinkle
180,0,255,en,purple
255,0,74,en,cherry red
164,255,0,en,chartreuse
197,255,0,en,neon yellow
109,0,255,en,indigo
255,193,0,en,gold
255,0,125,en,fuschia
255,140,0,en,orange
190,255,0,en,lime
255,0,100,en,red
162,0,255,en,purple
255,0,176,en,pink
255,0,46,en,red
255,209,0,en,yellow
255,0,131,en,fuchsia
211,0,255,en,purple
255,0,117,en,magenta
239,0,255,en,fuscia
182,255,0,en,puke green
255,240,0,en,gold
255,0,96,en,magenta
89,0,255,en,blue
238,255,0,en,neon yellow
255,123,0,en,orange
149,255,0,en,cyan
255,195,0,en,gold
95,255,0,en,neon green
255,0,186,en,magenta
255,84,0,en,orange red
255,0,92,en,magenta pink
224,0,255,en,purple
245,255,0,en,yellow
24,0,255,en,blue
255,146,0,en,orange
203,0,255,en,purple
255,0,156,en,fusia
255,0,233,en,magenta
255,0,141,en,fusia
255,0,24,en,red
255,0,51,en,red
134,0,255,en,violet
124,255,0,en,chartreuse
255,0,119,en,pink
157,255,0,en,chartreuse
176,0,255,en,purple
255,198,0,en,yellow orange
255,0,244,en,fushsia
255,90,0,en,orange
255,25,0,en,red
160,255,0,en,lime
255,0,55,en,red
255,219,0,en,yellow
255,0,155,en,pink
255,181,0,en,orange yellow
64,255,0,en,green
255,117,0,en,orange
255,138,0,en,tangerine
255,220,0,en,yellow
143,255,0,en,neon green
255,0,98,en,hot pink
255,205,0,en,yellow
255,0,190,en,hot pink
213,0,255,en,purple
255,61,0,en,red/orange
255,170,0,en,orange
220,255,0,en,light lime
35,0,255,en,blue
255,132,0,en,sienna
251,0,255,en,magenta
255,0,89,en,red
255,0,146,en,magenta
255,82,0,en,orange
189,255,0,en,puke green
255,253,0,en,yellow gold
119,0,255,en,purple
255,180,0,en,orange gold
255,194,0,en,orange gold
255,0,97,en,fuschia
255,0,8,en,red
255,0,228,en,hot pink
124,255,0,en,neon green
255,156,0,en,burnt orange
221,0,255,en,light purple
255,11,0,en,dark red
142,0,255,en,purple
255,0,132,en,hot pink
255,223,0,en,gold
255,0,45,en,red
255,225,0,en,yellow
242,255,0,en,lemon
150,255,0,en,lime
120,255,0,en,dark lime green
255,108,0,en,orange
255,0,158,en,hot pink
202,0,255,en,neon purple
235,0,255,en,light purple
137,0,255,en,purple
255,0,139,en,pink
255,163,0,en,orange
255,198,0,en,goldenrod
255,0,77,en,red
255,0,30,en,red
225,0,255,en,bright purple
255,141,0,en,orange
255,0,168,en,pink
255,0,93,en,red
152,255,0,en,neon green
255,250,0,en,yellow
255,116,0,en,dark orange
32,0,255,en,royal blue
255,0,173,en,fuschia
255,0,60,en,red
255,242,0,en,dark yellow
255,0,201,en,hot pink
214,0,255,en,violet
255,0,243,en,fuscia
255,124,0,en,orange
255,18,0,en,red
255,0,184,en,magenta
255,0,64,en,dark hot pink
255,0,26,en,dark red
43,255,0,en,green
212,255,0,en,lime
255,245,0,en,yellow
248,0,255,en,neon purple
255,0,71,en,red
104,0,255,en,muted blue
255,0,121,en,pink
255,0,220,en,magenta
58,255,0,en,neon green
255,0,6,en,red
255,0,142,en,dark pink
255,0,203,en,neon pink
209,0,255,en,bright violet
255,0,243,en,neon pink
255,113,0,en,orange
255,46,0,en,bright red
255,0,52,en,apple red
255,123,0,en,orange
255,98,0,en,burnt orange
255,228,0,en,amarillo
255,0,97,en,fushia
255,250,0,en,yello
211,255,0,en,neon green
255,0,129,en,pink
181,0,255,en,bright purple
255,192,0,en,golden yellow
255,0,125,en,dark pink
255,0,29,en,red
210,255,0,en,lemon lime
255,248,0,en,yellow
255,159,0,en,orange
255,0,200,en,magenta
255,0,146,en,pink
255,114,0,en,red orange
255,0,96,en,pink red
255,151,0,en,burnt orange
255,169,0,en,light orange
255,247,0,en,yellow
87,255,0,en,bright green
255,238,0,en,yellow
127,0,255,en,purple
225,255,0,en,neon yellow
255,254,0,en,yellow
255,0,193,en,magenta
106,0,255,en,blue
255,0,64,en,red
255,225,0,en,gold
79,0,255,en,blue
197,255,0,en,lime green
255,210,0,en,orange yellow
255,177,0,en,orange
255,0,175,en,magenta
255,0,120,en,magenta
255,0,94,en,orange red
169,255,0,en,neon green
255,0,78,en,orange red
255,0,205,en,hot pink
255,34,0,en,red
247,255,0,en,pineapple
199,0,255,en,puple
255,237,0,en,yellow
174,255,0,en,lime
255,66,0,en,red
255,212,0,en,gold
90,0,255,en,cobalt blue
255,165,0,en,orange
247,0,255,en,magenta
233,255,0,en,yellow
110,0,255,en,purple
255,0,41,en,red
255,0,227,en,fushia
250,255,0,en,yellow
255,0,134,en,pink
255,0,97,en,dark pink
255,88,0,en,orange
241,0,255,en,purple
156,255,0,en,yellow green
255,89,0,en,orange
255,0,33,en,red
206,0,255,en,purple
152,0,255,en,indigo
255,232,0,en,pikachu
255,177,0,en,orange
174,0,255,en,indigo
255,0,148,en,magenta
255,0,39,en,red
71,255,0,en,neon green
255,206,0,en,pikachu orange
197,255,0,en,lime
255,0,223,en,magenta
255,119,0,en,orange
255,117,0,en,oragne
255,0,250,en,magenta
81,255,0,en,green
255,0,180,en,pink
158,255,0,en,lime green
255,0,39,en,red
255,76,0,en,pumpkin
255,0,173,en,dark pink
255,144,0,en,orange
222,255,0,en,peuce
112,0,255,en,violet
253,255,0,en,yellow
255,81,0,en,red
74,0,255,en,blue
255,0,195,en,fushia
255,164,0,en,orange
124,0,255,en,blue
121,255,0,en,green
255,0,165,en,fushia
255,0,183,en,hot pink
196,0,255,en,purple
255,173,0,en,yellow orange
255,73,0,en,red orange
255,0,250,en,pink
255,113,0,en,orange
159,255,0,en,highlighter yellow
255,0,116,en,pink
255,0,44,en,red
255,0,106,en,pink
255,0,41,en,red
255,209,0,en,yellow
198,0,255,en,purple
255,154,0,en,orange
255,0,54,en,res
255,0,173,en,hot pink
255,0,53,en,red
255,239,0,en,yellow
255,90,0,en,red
224,255,0,en,yellow
246,0,255,en,fushia
255,203,0,en,orange
255,116,0,en,orange
255,76,0,en,red orange
218,0,255,en,violet
255,0,146,en,magenta
241,255,0,en,yellow
255,155,0,en,yellow orange
255,0,248,en,fuchsia
255,151,0,en,orange
255,235,0,en,yellow
255,0,205,en,magenta
255,0,94,en,reddish pink
255,0,135,en,hot pink
255,209,0,en,goldenrod
145,255,0,en,lime green
255,0,149,en,hot pink
196,255,0,en,yellow green
60,0,255,en,blue
255,173,0,en,orange
255,0,5,en,red
62,255,0,en,neon green
255,130,0,en,orange
218,0,255,en,neon purple
169,255,0,en,green
255,0,223,en,fushia
255,124,0,en,orange
255,0,94,en,red
255,0,114,en,red
191,0,255,en,purple
255,0,27,en,red
255,57,0,en,red
124,0,255,en,violet
255,149,0,en,orange
225,255,0,en,yellow green
255,228,0,en,gold
255,163,0,en,dark orange
253,255,0,en,yellow
69,255,0,en,green
255,208,0,en,tangerine
127,255,0,en,neon green
157,0,255,en,purple
244,255,0,en,yellow
255,0,111,en,magenta
198,0,255,en,fuchsia
255,233,0,en,yellow
200,255,0,en,highlighter yellow
255,0,81,en,pink
255,0,66,en,red
255,72,0,en,brick red
255,0,57,en,red
240,255,0,en,yellow
255,0,141,en,fuchsia
255,0,43,en,red
142,0,255,en,purple
223,255,0,en,lime green
255,57,0,en,red
152,255,0,en,light green
255,0,149,en,pink
238,0,255,en,purple
255,0,203,en,pink and purple
230,255,0,en,yellow and green
255,238,0,en,yellow
151,255,0,en,like green
121,0,255,en,purple
255,124,0,en,orange
255,0,253,en,hot pink
255,0,120,en,hot pink
255,118,0,en,orange
255,4,0,en,red
186,255,0,en,like green
215,0,255,en,magenta
113,255,0,en,lime
255,170,0,en,sunset orange
255,0,98,en,berry
216,255,0,en,neon yellow
255,0,40,en,red
255,100,0,en,burnt orange
255,205,0,en,mustard
255,130,0,en,orange
163,0,255,en,purple
255,243,0,en,yellow
255,0,144,en,pink
255,0,238,en,hot pink
70,255,0,en,lime
202,255,0,en,lime green
245,255,0,en,yello
47,255,0,en,bright green
255,115,0,en,orange
255,60,0,en,red
255,0,98,en,magenta
151,0,255,en,purple
255,0,85,en,red and pink
185,0,255,en,purple
255,0,123,en,pink
59,0,255,en,blue
255,0,68,en,red
255,245,0,en,yellow
255,96,0,en,orange and red
255,0,69,en,bright red
255,0,2,en,red
209,0,255,en,purple
255,176,0,en,goldenrod
255,0,120,en,flamingo pink
157,255,0,en,lime green
255,51,0,en,red
240,0,255,en,fuchsia
255,0,203,en,barbie pink
255,236,0,en,yellow
140,255,0,en,neon green
187,255,0,en,lime green
255,0,39,en,red
255,0,168,en,pink
34,255,0,en,neon green
255,0,202,en,magenta
255,0,254,en,fuchsia
255,29,0,en,red
255,0,132,en,pink
255,214,0,en,yellow
255,0,61,en,red
104,0,255,en,violet
255,0,210,en,pink
255,95,0,en,orange
219,0,255,en,purple
255,0,174,en,pink
255,54,0,en,red
255,0,202,en,hot pink
255,255,0,en,canary yellow
255,0,229,en,hot pink
118,255,0,en,like gree
255,38,0,en,bright red
255,82,0,en,orange
255,0,61,en,red
255,0,223,en,magenta
220,255,0,en,yellow
110,255,0,en,lime green
190,0,255,en,purple
255,0,49,en,red
167,0,255,en,purple
255,195,0,en,goldenrod
250,0,255,en,magenta
255,162,0,en,golden sun
255,0,127,en,magenta
255,213,0,en,dark yellow
255,0,222,en,magenta
96,0,255,en,blue and purple
64,255,0,en,light green
255,0,6,en,res
255,204,0,en,yellow and orange
255,0,234,en,pink
255,143,0,en,orange
255,220,0,en,yellow and orange
255,166,0,en,light orange
84,0,255,en,deep blue
255,0,45,en,red
232,0,255,en,pink purple
255,0,55,en,deep red
255,0,207,en,dark pink
255,199,0,en,mustard
255,0,223,en,magenta
126,255,0,en,lime green
255,0,254,en,deep pink
255,90,0,en,orange
181,255,0,en,lime green
255,0,69,en,pinkish red
255,0,201,en,neon pink
255,0,148,en,bright pink
255,167,0,en,tangerine
255,152,0,en,orange
255,0,134,en,magenta
255,0,213,en,fuchsia
255,0,60,en,red
255,105,0,en,orange
255,0,204,en,magenta
130,0,255,en,purple
255,211,0,en,yellow
253,0,255,en,fresca
255,0,227,en,purple
255,0,148,en,berry
255,249,0,en,yellow
255,0,100,en,red
255,0,246,en,pink
255,192,0,en,yellow orange
161,255,0,en,green
255,134,0,en,orange
255,0,30,en,red
255,0,186,en,magenta
255,0,153,en,magenta
154,255,0,en,yellow green
255,199,0,en,squash
249,0,255,en,dark pink
255,161,0,en,orange
216,0,255,en,purple
255,0,58,en,red
255,217,0,en,dark yellow
255,249,0,en,yellow
255,51,0,en,red
152,255,0,en,green
255,122,0,en,orange
255,0,62,en,red
255,216,0,en,yellow
255,0,126,en,raspberry
255,70,0,en,red
255,0,247,en,purple
168,255,0,en,lime
255,179,0,en,orange
255,87,0,en,red
255,141,0,en,dark orange
255,0,160,en,pink
255,0,121,en,hot pink
140,255,0,en,yellow green
255,0,110,en,rose
189,0,255,en,purple
255,100,0,en,orange
255,0,25,en,red
255,0,122,en,deep pink
255,214,0,en,gold
255,0,96,en,raspberry
255,0,75,en,ruby
255,186,0,en,goldenrod
255,0,177,en,purple
82,255,0,en,lime gren
255,0,81,en,reddish purple
255,0,131,en,violet
79,0,255,en,blue
255,224,0,en,yellow
255,0,213,en,violet
186,0,255,en,purple
148,255,0,en,lime green
221,255,0,en,neon yellow
77,255,0,en,green
255,0,194,en,deep pink
255,0,242,en,fuchsia
146,0,255,en,indigo
255,123,0,en,orange
255,88,0,en,orange
255,0,211,en,pink
255,232,0,en,yellow
255,65,0,en,dark orange
255,0,219,en,fuschia
11,0,255,en,blue
255,181,0,en,gold
138,0,255,en,purple
255,0,136,en,hot pink
255,0,91,en,magenta
255,0,19,en,red
202,0,255,en,light purple
255,237,0,en,yellow
61,0,255,en,blue
255,188,0,en,orange
255,115,0,en,rust orange
212,255,0,en,yellow green
116,255,0,en,lime green
165,0,255,en,purple
255,65,0,en,red
230,0,255,en,fuscia
255,0,175,en,hot pink
255,128,0,en,orange
255,0,219,en,magenta
255,0,111,en,hot pink
39,255,0,en,lime green
43,0,255,en,cobalt blue
255,77,0,en,red orange
255,0,236,en,fuschia
249,0,255,en,fuschia
255,0,130,en,dark pink
249,255,0,en,bright yellow
255,183,0,en,yellow orange
255,0,48,en,scarlet
255,217,0,en,dark yellow
208,0,255,en,purple
255,0,252,en,pink
88,255,0,en,green
255,196,0,en,mustard
255,0,37,en,red
255,0,99,en,pink
179,255,0,en,lime green
255,63,0,en,red orange
247,0,255,en,lavender
149,255,0,en,lime green
255,0,154,en,hot pink
255,165,0,en,orange
255,147,0,en,orange
255,0,23,en,red
255,0,180,en,fuschia
255,255,0,en,yellow
170,0,255,en,violet
149,255,0,en,bright green
255,131,0,en,orange
123,255,0,en,bright green
255,105,0,en,red orange
223,255,0,en,yellow green
255,0,112,en,hot pink
255,0,162,en,magenta
92,0,255,en,violet
245,255,0,en,yellow
255,104,0,en,orange
191,0,255,en,purple
255,0,177,en,pink
218,0,255,en,lavender purple
142,0,255,en,purple blue
255,0,80,en,red
255,0,224,en,magenta
255,0,128,en,fuschia
255,0,101,en,hot pink
255,222,0,en,yellow
42,0,255,en,blue
255,134,0,en,orange
255,154,0,en,orange
255,254,0,en,yellow
255,0,88,en,pink
189,0,255,en,purple
255,0,237,en,pink
180,255,0,en,like
255,237,0,en,yellow
255,84,0,en,orange
255,0,84,en,rose
255,179,0,en,mustard
255,0,144,en,bright pink
255,0,70,en,pinkish red
255,159,0,en,yellow orange
151,0,255,en,violet
255,0,101,en,bright pink
255,0,180,en,pink
255,183,0,en,orange
220,255,0,en,yellow
255,0,241,en,magenta
255,113,0,en,orange
255,0,141,en,magenta
87,255,0,en,green
255,0,185,en,magenta
130,0,255,en,purple
165,255,0,en,lime green
255,0,24,en,red
255,229,0,en,yellow
196,255,0,en,lime green
255,180,0,en,orange
255,0,84,en,raspberry
106,255,0,en,light neon green
255,0,140,en,strawberry
197,0,255,en,neon purple
255,0,64,en,red
255,0,64,en,red
255,177,0,en,marigold
173,255,0,en,neon green
255,0,151,en,hot pink
255,0,196,en,fuchsia
239,0,255,en,hot purple
255,27,0,en,red
255,101,0,en,orange
255,0,75,en,red
255,0,125,en,maroon
133,0,255,en,purple
255,0,222,en,hot pink
168,0,255,en,violet
255,147,0,en,light orange
215,255,0,en,highlighter yellow
255,95,0,en,burnt orange
255,204,0,en,gold
255,0,63,en,red
255,73,0,en,orange
204,0,255,en,purple
255,0,172,en,pink
255,0,251,en,magenta
255,0,235,en,pink
255,0,161,en,pink
255,90,0,en,orange
160,0,255,en,purple
255,0,65,en,red
255,159,0,en,orange
177,255,0,en,green
227,0,255,en,fuschia
198,0,255,en,purple
255,0,225,en,fuschia
141,255,0,en,lime green
98,255,0,en,lime green
255,144,0,en,orange
157,0,255,en,purple
152,255,0,en,lime green
255,0,26,en,red
255,135,0,en,orange
186,255,0,en,lime green
40,255,0,en,green
255,0,142,en,dark pink
105,255,0,en,green
245,255,0,en,yellow
94,0,255,en,indigo
221,255,0,en,puke green
255,196,0,en,gold
255,220,0,en,smoker tooth
255,0,154,en,fuschia
255,0,209,en,brighter fuschia
255,0,242,en,magenta
255,0,103,en,crimson
236,0,255,en,fushia
101,255,0,en,like green
255,0,216,en,pink
255,69,0,en,orange red
255,0,145,en,dark pink
255,0,26,en,red
255,229,0,en,yellow
255,0,82,en,pink
255,0,128,en,pink
255,66,0,en,orange
221,255,0,en,yellow
239,255,0,en,yellow
255,0,2,en,red
218,0,255,en,purple
255,123,0,en,orange
255,206,0,en,yellow
255,0,134,en,hot pink
101,255,0,en,bright green
98,0,255,en,royal purple
255,0,95,en,rose
255,0,34,en,red
204,255,0,en,lime
255,0,48,en,cherry red
255,0,181,en,magenta
255,95,0,en,sienna
255,0,247,en,hot pink
255,155,0,en,pumpkin
255,0,107,en,cranberry
206,255,0,en,lime green
57,0,255,en,violet
255,174,0,en,light orange
173,255,0,en,like green
246,0,255,en,magenta
255,0,39,en,red
255,0,198,en,hot pink
255,0,207,en,pink
255,138,0,en,orange
87,255,0,en,green
39,0,255,en,blue
255,194,0,en,orange
240,0,255,en,pink
45,0,255,en,royal blue
255,0,159,en,pink
255,0,51,en,red
255,210,0,en,yellow
255,0,141,en,magenta
255,0,187,en,fuchsia
65,255,0,en,like green
240,255,0,en,yellow
255,0,174,en,hot pink
255,0,82,en,red
255,63,0,en,red
255,239,0,en,yellow
45,0,255,en,deep blue
255,0,211,en,fuchsia
187,0,255,en,purple
255,225,0,en,yellow
231,255,0,en,bright yellow
255,199,0,en,gold
255,233,0,en,yellow
255,53,0,en,red
255,111,0,en,orange
255,0,25,en,red
255,167,0,en,orange
255,247,0,en,yellow
194,255,0,en,neon green
255,0,79,en,red
255,102,0,en,dark orange
255,209,0,en,dark yellow
132,0,255,en,royal purple
255,0,195,en,medium pink
255,0,146,en,dark pink
255,175,0,en,medium orange
135,0,255,en,grape
137,255,0,en,apple green
255,0,57,en,red
95,255,0,en,neon green
255,187,0,en,light orange
80,255,0,en,lime green
255,0,149,en,fuscia
255,13,0,en,red
172,255,0,en,light green
255,104,0,en,orange
255,122,0,en,orange
239,255,0,en,yellow
243,0,255,en,pink
255,0,124,en,pink
255,0,154,en,hot pink
255,0,53,en,red
255,0,104,en,pink
255,0,199,en,pink
255,105,0,en,rust
255,56,0,en,dark red
255,0,40,en,bright red
132,255,0,en,green
255,0,230,en,pink
255,0,31,en,red
255,223,0,en,yellow
255,120,0,en,orange
255,0,85,en,magenta
178,255,0,en,yellow green
223,0,255,en,purple
255,0,78,en,red
124,0,255,en,purple
255,253,0,en,yellow
255,153,0,en,orange
255,0,123,en,magenta
255,33,0,en,cherry red
255,0,114,en,cranberry
255,253,0,en,lemon yellow
255,231,0,en,goldenrod
255,188,0,en,mustard yellow
255,0,231,en,hot pink
255,143,0,en,pumpkin
164,0,255,en,grape
255,0,172,en,magenta
255,0,230,en,fuschia
244,0,255,en,dark fuschia
238,255,0,en,yellow
255,224,0,en,dark yellow
255,81,0,en,red orange
201,0,255,en,purple
255,0,98,en,red
255,0,135,en,fushia
255,165,0,en,orange
255,0,85,en,bright pink
205,255,0,en,chartreuse
255,132,0,en,orange
255,0,209,en,pinl
221,255,0,en,yellow
255,0,94,en,red
34,0,255,en,dark blue
255,189,0,en,light orange/yellow orange
133,255,0,en,yellow green
255,92,0,en,orange
255,0,125,en,pink
241,255,0,en,yellow
255,0,167,en,pink
255,118,0,en,orange
255,0,90,en,pink
166,255,0,en,lime green
210,255,0,en,pea green
130,0,255,en,purple
255,0,117,en,magenta
255,0,90,en,red
181,255,0,en,lime green
213,255,0,en,lemon
255,98,0,en,orange
119,0,255,en,purple
255,0,49,en,red
255,116,0,en,orange
255,255,0,en,yellow
162,255,0,en,line green
217,0,255,en,fushia
255,223,0,en,yellos
255,187,0,en,orange
255,4,0,en,red
255,0,29,en,red
255,0,171,en,magenta
255,0,211,en,magenta
93,255,0,en,lime green
255,0,201,en,magenta
255,150,0,en,orange
224,0,255,en,magenta
177,0,255,en,purple
255,233,0,en,yellow
255,0,199,en,fushia pink
255,0,82,en,red
163,255,0,en,lemon green
255,0,235,en,pink
255,0,153,en,rose pink
72,0,255,en,purple blue
195,0,255,en,purple
255,0,69,en,red
255,142,0,en,orange
86,0,255,en,navy
255,191,0,en,peach
62,255,0,en,green
255,0,199,en,magenta
243,255,0,en,yellow
255,209,0,en,mustard
255,0,57,en,red
255,80,0,en,rust
255,0,223,en,hot pink
207,0,255,en,neon purple
71,0,255,en,royal blue
252,0,255,en,florecent pink
255,0,127,en,rouge
248,0,255,en,pinkple
255,0,77,en,scarlet
144,255,0,en,sunlight through a thin leaf
255,152,0,en,butt mustard
179,0,255,en,prince purple
82,255,0,en,one rupee zelda coin
255,174,0,en,simba gold
255,0,253,en,magenta
255,45,0,en,red
255,0,223,en,magenta
255,218,0,en,yellow
255,0,173,en,magenta
255,0,9,en,red
255,168,0,en,orange
255,137,0,en,orange
255,176,0,en,mustard
255,217,0,en,goldenrod
114,255,0,en,lime green
94,0,255,en,royal blue
255,0,9,en,red
255,0,197,en,pink
204,0,255,en,fuchsia
255,254,0,en,yellow
145,255,0,en,lime green
255,0,152,en,magenta
155,0,255,en,violet
255,190,0,en,gold
255,201,0,en,custard yellow
252,0,255,en,pink
255,0,19,en,red
110,255,0,en,green
255,130,0,en,orange
255,9,0,en,red
255,0,123,en,rose pink
135,255,0,en,neon green
255,115,0,en,orange
150,0,255,en,purple
255,214,0,en,yellow orange
255,141,0,en,burnt orange
255,0,45,en,red
255,235,0,en,yellow
224,255,0,en,yellow
255,88,0,en,orange
255,158,0,en,orange
212,0,255,en,purple
242,255,0,en,yellow
255,0,78,en,red
146,0,255,en,purple
255,226,0,en,gold
255,0,108,en,pinkish red
255,0,42,en,red
255,0,212,en,magenta
255,102,0,en,red orange
224,0,255,en,fuchsia
255,131,0,en,orange
255,0,68,en,crimson
255,170,0,en,yellow orange
255,0,58,en,red
255,0,107,en,hot pink
82,0,255,en,blue
253,255,0,en,yellow
255,0,160,en,pink
255,5,0,en,red
227,0,255,en,fuchsia
255,0,71,en,red
255,0,112,en,magenta
255,0,84,en,dark pink
255,133,0,en,orange
255,0,185,en,pink
255,0,7,en,red
63,255,0,en,lime green
255,0,141,en,magenta
255,0,107,en,pink
255,202,0,en,pee yellow
255,99,0,en,organge
255,140,0,en,light organe
98,255,0,en,neon green
199,255,0,en,neon yellow
255,0,195,en,neon pink
255,196,0,en,neon orange
213,0,255,en,purple
255,177,0,en,orange
255,0,129,en,hot pink
234,0,255,en,purple
255,0,239,en,neon purple
255,0,50,en,red
255,0,163,en,barbie pink
154,0,255,en,purple
255,176,0,en,orange
255,0,22,en,red
255,55,0,en,red
187,0,255,en,light purple
255,0,206,en,magenta
224,0,255,en,purple
255,202,0,en,gold
255,87,0,en,burnt orange
94,255,0,en,green
255,243,0,en,yellow
255,0,144,en,pink
255,223,0,en,yellow
255,0,252,en,magenta
255,0,170,en,pink
215,255,0,en,lime green
142,0,255,en,purple
191,0,255,en,purple
255,75,0,en,red
255,0,28,en,red
255,0,78,en,pink
98,255,0,en,green
255,182,0,en,orange
255,88,0,en,orange
255,0,226,en,magenta
255,62,0,en,red
255,0,181,en,dark pink
100,255,0,en,lime green
200,255,0,en,chartruse
255,0,136,en,magenta
255,148,0,en,orange
182,0,255,en,purple
112,255,0,en,chartreuse
255,199,0,en,yellow
233,255,0,en,neon yellow
255,0,254,en,magenta
255,90,0,en,dark orange
255,0,84,en,red
255,0,236,en,pink
255,0,85,en,red
255,130,0,en,orange
255,0,130,en,magenta
252,255,0,en,yellow
255,0,184,en,pink
255,176,0,en,orange
149,255,0,en,green
182,255,0,en,chartreuse
229,255,0,en,yellow
255,223,0,en,yellow
255,0,25,en,red
255,157,0,en,burnt orange
255,0,205,en,pink
255,0,133,en,fuschia
255,0,165,en,pink
121,0,255,en,purple
255,46,0,en,red
255,0,61,en,red
255,47,0,en,red
241,255,0,en,yello
255,0,220,en,purple
255,0,247,en,pink
255,209,0,en,ochre
104,255,0,en,green
255,0,182,en,lavender
255,236,0,en,yellow
255,0,44,en,red
218,0,255,en,purple
255,42,0,en,burnt orange
230,0,255,en,purple
255,0,60,en,red
255,0,83,en,red
157,255,0,en,line green
255,0,119,en,rose
255,64,0,en,red orange
255,145,0,en,burnt orange
89,0,255,en,purple
255,252,0,en,yellow
255,133,0,en,orange
255,25,0,en,red
255,0,101,en,magenta
255,0,138,en,rose
255,0,205,en,magenta
255,0,146,en,hot pink
255,181,0,en,golden rod
196,0,255,en,purple
255,251,0,en,yellow
202,255,0,en,pea green
255,0,134,en,fuscia
255,0,242,en,lavender
114,255,0,en,green
255,132,0,en,orange
139,255,0,en,pea green
64,0,255,en,dark blue
255,0,225,en,pink
255,0,8,en,red
255,0,213,en,magenta
255,89,0,en,burnt orange
72,255,0,en,neon green
255,0,26,en,red
255,0,51,en,red
255,0,82,en,red
255,160,0,en,orange
255,191,0,en,dark yellow
145,0,255,en,purple
255,0,144,en,fuscia
255,88,0,en,burnt orange
245,0,255,en,fushia
217,255,0,en,neon yellow
71,0,255,en,royal blue
255,207,0,en,golden rod yellow
255,237,0,en,yellow
134,0,255,en,purple
171,255,0,en,puke yellow green
255,115,0,en,orange red
255,0,166,en,rose
255,197,0,en,gold
99,0,255,en,purple
255,0,55,en,red
255,121,0,en,orange
255,0,175,en,pink
255,0,207,en,pink
129,0,255,en,purplee
255,0,234,en,pink
255,166,0,en,yellow
126,255,0,en,green
255,253,0,en,yellow
255,187,0,en,yellow
255,0,70,en,red
255,62,0,en,orange
242,0,255,en,purple
204,0,255,en,bright purple
255,238,0,en,goldenrod
255,0,242,en,pink
229,255,0,en,yellow green
255,174,0,en,burnt orange
255,0,254,en,hot pink
255,0,25,en,red
84,255,0,en,bright green
255,0,184,en,magenta
255,251,0,en,yellow
145,255,0,en,green
255,0,29,en,red
255,0,137,en,pink
255,92,0,en,orange
255,238,0,en,yellow
212,0,255,en,purple
215,255,0,en,yellow
255,0,102,en,red
255,145,0,en,orange
181,255,0,en,lime
255,0,219,en,magenta
253,255,0,en,yellow
180,0,255,en,purple
145,0,255,en,violet
255,0,167,en,pink
255,118,0,en,hunters orange
107,0,255,en,royal purple
255,0,24,en,bright red
255,139,0,en,tangerine
255,0,70,en,magenta
255,0,209,en,magenta
255,0,13,en,red
255,214,0,en,yellow
125,255,0,en,lime
232,0,255,en,<agemta
255,67,0,en,red
167,0,255,en,purple
145,0,255,en,purple
235,0,255,en,fuchsia
242,255,0,en,yellow
187,255,0,en,yellow green
255,159,0,en,orange
255,0,64,en,red
255,133,0,en,orange
255,0,41,en,red
255,164,0,en,orange
255,0,60,en,red
187,255,0,en,lime
255,0,132,en,magenta
255,108,0,en,orange
255,243,0,en,yellow
255,60,0,en,red
255,120,0,en,orange
255,202,0,en,mustard yellow
228,255,0,en,yellow
255,0,202,en,hot pink
255,0,224,en,neon pink
255,93,0,en,orange
126,0,255,en,purple
33,0,255,en,royal blue
171,255,0,en,yellow green
116,255,0,en,green yellow
255,0,159,en,deep pink
171,0,255,en,pink purple
255,0,46,en,red
255,0,241,en,hot pink
233,0,255,en,pink purple
133,0,255,en,purple
255,0,138,en,dark pink
255,225,0,en,golden
255,0,120,en,dark pink
220,255,0,en,ugly green
255,52,0,en,dark orange
232,255,0,en,neon yellow
255,161,0,en,orange
255,0,24,en,tomato red
255,0,176,en,dark pink
255,0,250,en,neon pink
255,0,59,en,dull red
255,0,87,en,pinky red
255,128,0,en,dark orange
255,191,0,en,golden
255,214,0,en,yellow
145,255,0,en,like green
255,115,0,en,orange
78,255,0,en,bright green
255,0,72,en,red pink
255,0,101,en,dark pink
255,0,166,en,hot pink
176,0,255,en,purple
255,154,0,en,mustard yellow
224,0,255,en,fuscha
108,255,0,en,lime green
177,0,255,en,violet
255,134,0,en,orange
255,224,0,en,yellow
255,0,225,en,magenta
255,50,0,en,red
196,255,0,en,yellow green
255,0,221,en,fuschia
255,250,0,en,banana yellow
19,255,0,en,green
255,0,183,en,magenta
255,160,0,en,gold
255,226,0,en,yellow
255,104,0,en,orange
102,0,255,en,purple
255,0,75,en,lipstick red
255,0,53,en,red
255,0,143,en,pink
255,208,0,en,yellow
255,0,38,en,red
255,165,0,en,orangw
61,255,0,en,lime green
236,0,255,en,lilac
198,255,0,en,lime green
251,0,255,en,magenta
255,187,0,en,gold
255,0,162,en,fuschia
197,0,255,en,purple
255,58,0,en,red
255,0,104,en,red violent
255,0,32,en,red
172,255,0,en,spring green
255,164,0,en,light orange
209,255,0,en,neon yellow
255,145,0,en,orange
77,255,0,en,neon green
255,0,125,en,pink
255,119,0,en,reddish orange
108,0,255,en,purple
255,0,98,en,magenta
255,121,0,en,orange
255,0,117,en,fuschia
110,255,0,en,spring green
255,0,187,en,magenta
255,0,52,en,cherry
255,247,0,en,yellow
255,219,0,en,marigold
226,255,0,en,lime green
255,0,213,en,orchid
149,255,0,en,yellow green
115,255,0,en,granny smith
255,0,161,en,pink
255,0,217,en,light pink
255,0,76,en,reddish pink
255,215,0,en,yellow
255,0,255,en,light pink
236,255,0,en,neon yellow
255,189,0,en,yellow
167,0,255,en,purple
240,0,255,en,orchid
255,125,0,en,yellow orange
255,0,242,en,not quite mauve
255,0,39,en,red
249,255,0,en,sunshine yellow
197,0,255,en,light purple
255,0,82,en,strawberry
255,199,0,en,mustard
255,0,171,en,magenta
255,113,0,en,rust
255,0,181,en,pink
255,0,40,en,red
142,255,0,en,yellow green
74,0,255,en,blue
255,78,0,en,reddish orange
145,0,255,en,purple
255,182,0,en,gold
255,0,255,en,fushia
255,0,126,en,red violet
166,0,255,en,violet
255,122,0,en,copper
65,0,255,en,blueberry
255,0,40,en,red
255,79,0,en,red orange
137,255,0,en,lime green
255,0,50,en,red
255,0,169,en,orchid
118,255,0,en,lime green
255,193,0,en,goldenod
204,255,0,en,yellow
255,40,0,en,red orange
156,0,255,en,medium purple
255,0,186,en,orchid
255,0,87,en,hot pink
255,110,0,en,orange
255,215,0,en,sunshine yellow
15,255,0,en,lime green
255,160,0,en,goldenrod
255,0,120,en,rose pink
174,0,255,en,neon purple
255,114,0,en,orange
255,186,0,en,goldenrod
255,0,199,en,fuscia
255,56,0,en,red orange
230,255,0,en,chartreuse
255,0,150,en,cerise
255,0,244,en,neon pink
124,255,0,en,green
255,213,0,en,yellow
255,0,20,en,red
255,0,104,en,rose
132,255,0,en,green
119,0,255,en,purple
255,0,58,en,red
152,255,0,en,green
255,0,169,en,pink
255,0,23,en,red
142,255,0,en,green
151,0,255,en,indigo
255,192,0,en,gold
104,255,0,en,green
255,0,101,en,deep pink
255,214,0,en,yellow
255,144,0,en,orange
255,0,243,en,pink
255,41,0,en,red
255,161,0,en,orange
255,0,184,en,pink
255,0,9,en,red
255,0,109,en,magenta
204,0,255,en,purple
255,0,74,en,red
255,247,0,en,yellow
2,0,255,en,royal blue
203,0,255,en,violet
255,0,117,en,deep pink
201,255,0,en,grass green
255,120,0,en,orange
255,92,0,en,orange
221,255,0,en,yellow
255,227,0,en,yellow
255,184,0,en,yellow
255,251,0,en,yellow
245,0,255,en,pink
255,0,123,en,magenta
255,115,0,en,orange
255,0,244,en,fuchsia
247,0,255,en,fuchsia
255,0,183,en,deep pink
255,0,173,en,magenta
255,160,0,en,gold
255,74,0,en,red
255,0,233,en,fusia
255,208,0,en,apircot
196,255,0,en,yellow green
255,58,0,en,red
255,113,0,en,orange
21,255,0,en,green
255,123,0,en,rust
175,255,0,en,lime
255,167,0,en,rust
255,220,0,en,dark apircot
255,0,140,en,hot pink
92,255,0,en,green
255,252,0,en,yellow
255,0,204,en,fusia
242,0,255,en,dark lavender
255,0,24,en,red
158,0,255,en,purple
255,0,153,en,pink
255,0,56,en,crimson
179,0,255,en,lavender
174,0,255,en,purple
255,118,0,en,orange
255,0,192,en,fuchsia
5,255,0,en,green
255,219,0,en,yellow
255,0,153,en,fuchsia
102,0,255,en,dark blue
255,0,28,en,red
2,0,255,en,bright blue
255,157,0,en,orange
255,0,106,en,magenta
155,255,0,en,light lime green
255,0,62,en,red
255,69,0,en,orange
74,255,0,en,lime green
255,231,0,en,yellow
255,0,217,en,magenta
255,0,50,en,red
142,0,255,en,purple
255,149,0,en,orange
255,0,126,en,dark magenta
198,255,0,en,neon green
202,255,0,en,light lime green
255,0,219,en,fuchsia
255,0,255,en,fuchsia
243,255,0,en,yellow
255,0,131,en,magenta
255,142,0,en,orange
255,200,0,en,gold
179,255,0,en,yellow green
255,0,94,en,rose
255,58,0,en,reddish orange
216,0,255,en,violet
115,255,0,en,light green
255,185,0,en,goldenrod
255,88,0,en,burnt orange
255,0,164,en,magenta
255,0,37,en,red
255,0,178,en,magenta
255,161,0,en,orange
255,245,0,en,yellow
255,0,249,en,violet
190,0,255,en,purple
255,0,167,en,fuschia
154,255,0,en,lime
96,0,255,en,purple
238,255,0,en,yellow
255,0,40,en,red
255,0,181,en,pink
57,255,0,en,electric green
255,0,231,en,fuschia
243,0,255,en,fuschia
255,206,0,en,yellow
255,0,67,en,red
255,226,0,en,yellow
255,0,98,en,red
255,0,129,en,rose
255,180,0,en,mustard
255,99,0,en,orange
198,255,0,en,lime
255,60,0,en,burnt orange
255,147,0,en,pumpkin
255,150,0,en,tangerine
255,0,151,en,magenta
255,0,125,en,rspberry
74,255,0,en,spring green
75,0,255,en,blue
255,255,0,en,yelow
200,255,0,en,chartruse
178,0,255,en,purple
255,165,0,en,orange
239,0,255,en,lilac
158,255,0,en,chartruse
255,0,67,en,cool red
255,111,0,en,burnt orange
255,0,4,en,red
255,58,0,en,warm red
255,0,231,en,magenta
255,189,0,en,gold
255,0,101,en,rose red
255,230,0,en,yellow
255,0,196,en,raspberry
141,0,255,en,periwinkle
255,99,0,en,orange
142,255,0,en,spring green
255,0,50,en,red
255,0,166,en,magenta
255,0,189,en,pink
110,255,0,en,florescent green
171,0,255,en,purple
255,0,17,en,bright red
255,0,110,en,coral
88,0,255,en,indigo
255,43,0,en,orange red
255,145,0,en,sunshine orange
255,0,234,en,pink
222,255,0,en,florescent yello
255,205,0,en,light orange
130,0,255,en,purple
255,180,0,en,light orange
255,228,0,en,orange yellow
245,255,0,en,yello
255,0,136,en,magenta
225,0,255,en,light purple
109,0,255,en,purple
238,0,255,en,purple
255,174,0,en,orange
255,182,0,en,orange
255,0,122,en,red
255,0,92,en,red
255,0,191,en,purple
167,255,0,en,green
190,0,255,en,purple
208,255,0,en,green
255,110,0,en,orange
255,0,168,en,pink
255,0,234,en,purple
255,0,54,en,red
255,146,0,en,orange
255,252,0,en,yellow
255,219,0,en,orange
255,0,19,en,red
255,70,0,en,red
111,255,0,en,green
255,94,0,en,red orange
255,0,200,en,magenta
255,0,130,en,pink
255,180,0,en,orange yellow
255,0,101,en,pink
190,255,0,en,yellow green
255,0,156,en,red pink
255,0,68,en,pink red
246,0,255,en,purple magenta
255,249,0,en,yellow
113,0,255,en,blue
255,242,0,en,orange yellow
255,80,0,en,red
47,255,0,en,yellow green
255,194,0,en,orange
172,255,0,en,green yellow
255,130,0,en,red orange
255,0,47,en,red
255,0,223,en,magenta
204,0,255,en,purple
255,0,78,en,pink
255,0,9,en,red
188,255,0,en,green
174,255,0,en,green
255,177,0,en,orange
255,65,0,en,orange
255,0,239,en,pink
132,0,255,en,blue
255,0,99,en,purple
236,255,0,en,yellow
121,255,0,en,green
255,221,0,en,yellow
255,0,202,en,pink
226,0,255,en,purple
255,141,0,en,orange
255,192,0,en,orange
255,0,132,en,pink
189,0,255,en,purple
255,0,148,en,pink
255,95,0,en,orange
255,90,0,en,red orange
235,0,255,en,light purple
123,255,0,en,light green
255,0,157,en,magenta
216,255,0,en,lime green
138,255,0,en,light green
255,250,0,en,yellow
255,141,0,en,orange
255,0,228,en,magenta
166,0,255,en,purple
132,0,255,en,royal purple
255,73,0,en,red
80,0,255,en,blue
255,0,108,en,fusha
255,0,188,en,magenta
255,188,0,en,marigold
255,220,0,en,yellow
255,0,213,en,fuschia
255,22,0,en,crimson
255,165,0,en,orange
255,0,59,en,red
255,0,15,en,red
255,0,141,en,magenta
255,156,0,en,orange
255,247,0,en,yellow
255,0,122,en,rose
172,0,255,en,purple
212,255,0,en,yellow green
255,0,173,en,fuschia
255,0,108,en,rose
165,255,0,en,chartreuse
255,0,42,en,red
255,100,0,en,orange
255,84,0,en,red orange
255,239,0,en,gold
255,185,0,en,orange
177,255,0,en,lime
255,178,0,en,oeange
255,0,79,en,pink
255,0,251,en,purple
255,229,0,en,yellow
252,0,255,en,magenta
255,0,64,en,rose
255,183,0,en,yellow orange
255,130,0,en,orange
115,255,0,en,chartreuse
149,0,255,en,purple
255,0,200,en,fuschia
255,0,167,en,magenta
255,183,0,en,dark yellow
97,255,0,en,lime green
255,250,0,en,yellow
255,0,41,en,red
255,123,0,en,orange
255,0,118,en,pink
255,0,250,en,magenta
255,0,79,en,pink
255,179,0,en,yellow orange
255,0,109,en,pink
119,0,255,en,purple
255,108,0,en,orange
80,0,255,en,blue
255,62,0,en,orange
175,0,255,en,purple
155,255,0,en,lime green
255,0,176,en,pink
255,238,0,en,yellow
195,255,0,en,lime green
255,0,213,en,pink
255,183,0,en,canary
255,0,121,en,hot pink
255,76,0,en,medium orange
255,161,0,en,marigold
255,0,252,en,fuschia
200,0,255,en,purple
121,0,255,en,iris
255,0,255,en,magenta
255,205,0,en,yellow
255,77,0,en,red
255,0,197,en,hot pink
255,165,0,en,orange
255,245,0,en,yellow
100,255,0,en,bright green
76,0,255,en,royal blue
223,255,0,en,neon yellow
255,0,38,en,red
255,152,0,en,tangerine
172,255,0,en,chartreuse
255,0,121,en,pink
238,0,255,en,purplish pink
116,255,0,en,lime green
255,0,43,en,red
255,0,218,en,fuchsia
173,255,0,en,chartreuse
255,130,0,en,orange
254,0,255,en,fuscia
255,0,125,en,pink
255,216,0,en,butterscotch
255,212,0,en,dandelion
229,255,0,en,neon yellow
255,0,67,en,crimson
255,205,0,en,gold
214,0,255,en,magenta
225,255,0,en,lemon lime
255,92,0,en,red orange
255,126,0,en,orange
175,255,0,en,lime
255,0,130,en,neon pink
255,0,160,en,hot pink
246,255,0,en,neon yellow
255,0,199,en,magenta
255,103,0,en,carrot
255,0,59,en,rose
255,0,230,en,fuschia
255,217,0,en,yellow
107,255,0,en,chartreuse
255,104,0,en,carrot
255,0,230,en,magenta
249,255,0,en,neon yellow
255,0,203,en,fuscia
255,23,0,en,scarlet
255,0,32,en,crimson
255,211,0,en,gold
255,158,0,en,orange
255,0,149,en,fuchsia
137,255,0,en,lime green
238,255,0,en,neon green
255,0,60,en,red
255,142,0,en,burnt orange
237,0,255,en,magenta
255,0,145,en,dark pink
255,0,190,en,magenta
255,72,0,en,red orange
255,166,0,en,gold
249,255,0,en,bright yellow
218,255,0,en,lime green
52,0,255,en,dark blue
255,0,68,en,red
254,255,0,en,yellow
92,0,255,en,purple
36,255,0,en,neon green
255,0,95,en,red
255,0,85,en,red pink
144,0,255,en,neon purple
255,0,230,en,magenta
118,255,0,en,yellow green
255,0,36,en,red
255,0,56,en,vermillion
231,0,255,en,bright violet
255,236,0,en,yellow
188,0,255,en,purple
255,64,0,en,red
255,172,0,en,orange
247,255,0,en,yellow
200,255,0,en,lime
255,0,85,en,pinky red
255,184,0,en,yellow orange
182,255,0,en,lime green
255,0,182,en,pink
255,129,0,en,orange
176,0,255,en,purple
255,0,145,en,pink
255,119,0,en,orange
255,223,0,en,yellow
255,50,0,en,red
255,170,0,en,yellow orange
169,0,255,en,purple
207,255,0,en,yellow
255,0,147,en,pink
255,0,84,en,pink
255,158,0,en,orange
152,0,255,en,purple
255,0,238,en,pink
255,0,122,en,pink
255,79,0,en,brick
255,0,73,en,pink
255,116,0,en,orange
148,255,0,en,lemon
125,255,0,en,green
255,224,0,en,yellow
255,0,195,en,pink
238,0,255,en,pink
255,246,0,en,yellow
255,191,0,en,yellow
255,150,0,en,yellow
255,0,12,en,red
255,191,0,en,yellow orange
101,255,0,en,yellow green
255,93,0,en,orange red
171,255,0,en,chartruse
255,0,38,en,red
255,29,0,en,red orange
255,0,194,en,magenta
255,0,142,en,pink
255,142,0,en,orange
15,0,255,en,blue
198,0,255,en,purple
190,255,0,en,chartruse
255,242,0,en,yellow
248,255,0,en,yellow
93,0,255,en,blue
255,0,88,en,red
255,0,220,en,magenta
255,0,62,en,red
255,174,0,en,orange
255,0,251,en,magenta
255,0,155,en,pink
255,0,140,en,pink
255,213,0,en,yellow
195,0,255,en,purple
255,0,68,en,red
255,110,0,en,orange
255,69,0,en,red
255,0,230,en,magenta
255,253,0,en,yellow
255,0,100,en,coral red
217,255,0,en,yellow green
255,0,143,en,pink
241,255,0,en,neon yellow
255,37,0,en,orange red
255,0,145,en,hot pink
255,230,0,en,yellow
255,0,239,en,fuchsia
133,255,0,en,lime green
255,0,26,en,red
255,0,201,en,magenta
255,0,50,en,violet red
255,133,0,en,orange
255,0,90,en,hot pink
255,154,0,en,yellow orange
255,0,46,en,red
117,255,0,en,lime
255,0,205,en,magenta
233,0,255,en,violet
255,0,146,en,fuschia
255,100,0,en,orange
170,255,0,en,lime
255,217,0,en,gold
255,191,0,en,yellow orange
255,0,70,en,red
181,0,255,en,purple
255,49,0,en,red orange
85,0,255,en,indigo
255,0,217,en,magenta
255,148,0,en,orange
139,0,255,en,violet
255,94,0,en,orange
255,0,114,en,hot pink
196,255,0,en,light lime
252,255,0,en,yellow
255,244,0,en,yellow
255,113,0,en,orange
255,0,64,en,red violet
81,255,0,en,chartreuse
255,0,253,en,fuchsia
255,0,100,en,magenta
255,0,140,en,fuchsia
255,0,154,en,magenta
166,0,255,en,violet
191,255,0,en,chartreuse
255,0,45,en,red
255,233,0,en,yellow
255,180,0,en,yellow orange
255,0,181,en,fuchsia
255,0,105,en,hot pink
210,255,0,en,lime green
255,40,0,en,red
255,237,0,en,yellow
179,255,0,en,lime green
255,161,0,en,orange
165,0,255,en,purple
255,0,113,en,magenta
219,0,255,en,lilac
255,133,0,en,orange
255,0,236,en,fuchsia
255,186,0,en,yellow orange
146,255,0,en,chartreuse
255,49,0,en,red
121,0,255,en,violet
255,0,150,en,hot pink
255,135,0,en,orange
231,255,0,en,yellow
86,255,0,en,light green
255,0,71,en,red
255,0,29,en,brick red
102,0,255,en,royal purple
255,0,124,en,hot pink
255,112,0,en,burnt orange
255,0,67,en,magenta
255,0,244,en,magenta
255,200,0,en,gold
255,0,21,en,red
255,0,178,en,magenta
255,112,0,en,burnt orange
130,0,255,en,purple
255,0,103,en,corundum
255,0,46,en,red
255,142,0,en,orange
255,0,76,en,red
245,255,0,en,yellow
173,0,255,en,purple
255,0,238,en,magenta
255,0,196,en,pink
108,0,255,en,indigo
255,0,145,en,deep pink
255,0,93,en,dark pink
192,255,0,en,light lime green
255,172,0,en,light orange
177,255,0,en,lime
185,0,255,en,phlox
255,41,0,en,brick orange
255,0,201,en,hot pink
255,0,134,en,fuchsia
204,255,0,en,lime green
255,184,0,en,pumpkin
255,175,0,en,orange
255,0,87,en,pink
239,255,0,en,tellow
227,0,255,en,orchid
255,61,0,en,red
255,241,0,en,yellow
255,0,142,en,magenta
162,255,0,en,neon green
205,255,0,en,neon yellow
56,255,0,en,green
255,0,189,en,fuschia
255,244,0,en,bright yellow
255,212,0,en,dandelion
255,0,130,en,hot pink
255,102,0,en,orange
14,255,0,en,green
255,0,220,en,neon pink
255,227,0,en,yellow
255,0,165,en,magenta
255,179,0,en,burnt sienna
255,114,0,en,orange
255,205,0,en,yellow
220,0,255,en,purple
255,203,0,en,orange yellow
255,244,0,en,yellow
255,151,0,en,burnt orange
246,0,255,en,hot pink
255,220,0,en,royal yellow
89,255,0,en,lime
255,0,220,en,bright pink
255,76,0,en,red orange
255,149,0,en,tangerine
255,242,0,en,lemon yellow
255,0,106,en,magenta
255,0,78,en,hot pink
117,0,255,en,indigo
255,0,132,en,rose
227,0,255,en,magenta
29,255,0,en,green
255,166,0,en,orange
168,0,255,en,purple
255,0,59,en,red
255,0,7,en,red
255,0,223,en,pink
201,255,0,en,lime green
255,77,0,en,burnt orange
159,255,0,en,neon green
218,255,0,en,chartreuse
255,0,103,en,raspberry
255,188,0,en,gold
255,236,0,en,yellow
203,0,255,en,bright purple
255,0,42,en,red
255,83,0,en,burnt orange
255,0,141,en,raspberry
96,255,0,en,chartreuse
255,146,0,en,orange
150,0,255,en,purple
255,86,0,en,burnt orange
120,255,0,en,lime green
255,221,0,en,yellow
145,255,0,en,yellow green
255,0,184,en,pink
255,234,0,en,yellow
255,0,236,en,fuscia
255,0,38,en,red
255,0,78,en,dark pink
41,0,255,en,blue
73,255,0,en,lime green
201,255,0,en,yellow green
83,0,255,en,medium dark blue
243,0,255,en,pink
255,0,209,en,pink
255,0,151,en,pink
161,255,0,en,light green
255,215,0,en,yellow
137,255,0,en,lime green
147,0,255,en,purple
255,0,11,en,red
255,127,0,en,orange
255,0,88,en,magenta
2,0,255,en,dark blue
255,0,146,en,pink
255,0,186,en,magenta
173,255,0,en,lemon lime
255,174,0,en,golden yellow
255,21,0,en,red
255,250,0,en,yellow
82,255,0,en,lime green
255,0,228,en,pink
228,0,255,en,pink
255,0,182,en,pink
232,255,0,en,yellow
255,0,122,en,magenta
255,136,0,en,orange
255,0,171,en,pink
235,255,0,en,electric yellow
255,6,0,en,red
255,193,0,en,gold
255,0,70,en,red
199,0,255,en,magenta
255,154,0,en,butterscotch
255,59,0,en,orange
197,255,0,en,lime green
255,191,0,en,yellow
255,100,0,en,orange
255,0,74,en,red
168,0,255,en,violet
255,76,0,en,geranium
255,144,0,en,harvest orange
255,189,0,en,yellow orange
255,224,0,en,corn
223,255,0,en,sunlight yellow
110,255,0,en,chartreuse
255,0,106,en,magenta
255,0,71,en,scarlet
255,154,0,en,orange
255,0,8,en,red
252,255,0,en,yellow
255,0,254,en,fuschia
255,220,0,en,gold
255,0,141,en,hot pink
255,202,0,en,golden yellow
255,0,152,en,pink
255,91,0,en,red orange
255,127,0,en,burnt orange
160,0,255,en,purple
234,0,255,en,fuschia
171,0,255,en,purple
255,0,81,en,dark pink
144,0,255,en,purple
255,126,0,en,orange
255,0,192,en,fuschia
63,0,255,en,royal blue
170,0,255,en,violet
190,255,0,en,chartreuse
255,0,192,en,magenta
255,193,0,en,orange
207,0,255,en,fusia
255,233,0,en,yellow
187,255,0,en,lime green
255,0,107,en,pink
255,0,102,en,fuschia
255,178,0,en,golden yellow
255,0,120,en,dark pink
254,255,0,en,bright yellow
255,83,0,en,burnt orange
255,0,228,en,orchid
103,0,255,en,violet
255,0,30,en,red
66,255,0,en,lime green
149,255,0,en,chartreuse
255,0,128,en,magenta
255,109,0,en,orange
255,0,226,en,fuschia
255,0,154,en,dark pink
255,191,0,en,goldish yellow
255,36,0,en,red
87,0,255,en,violet
255,0,157,en,magenta
64,255,0,en,lime
255,0,32,en,red
132,0,255,en,purple
255,147,0,en,orange
255,36,0,en,orange red
255,0,136,en,magenta
255,0,56,en,rose red
255,109,0,en,tangerine
255,0,170,en,hot pink
255,42,0,en,fire red
255,0,213,en,fuschia
198,0,255,en,purple
255,0,20,en,true red
255,0,121,en,bright pink
255,175,0,en,mustard yellow
227,255,0,en,yellow
255,240,0,en,yellow
255,0,225,en,pink
255,0,135,en,pink
255,191,0,en,orange
255,0,69,en,red
220,255,0,en,yellow
189,0,255,en,purple
96,255,0,en,green
111,0,255,en,blue
255,0,239,en,pink
255,0,72,en,pink
255,0,126,en,pink
231,0,255,en,purple
255,0,205,en,pink
168,255,0,en,yellow
255,159,0,en,orange
255,0,4,en,red
255,209,0,en,yellow
255,0,86,en,raspberry
204,255,0,en,chartreuse
153,0,255,en,royal purple
255,254,0,en,lemon yellow
255,208,0,en,school bus yellow
255,220,0,en,maize
255,176,0,en,gold
255,0,137,en,hot pink
114,0,255,en,purple
255,116,0,en,orange
105,255,0,en,lime green
255,130,0,en,orange
255,25,0,en,red
255,0,175,en,pink
255,0,193,en,pink
255,0,97,en,red
255,0,255,en,pink
181,255,0,en,yellow
42,255,0,en,green
255,119,0,en,orange
255,0,159,en,pink
255,151,0,en,orange
255,50,0,en,red
255,0,83,en,pink
255,243,0,en,yellow
255,217,0,en,orange
234,255,0,en,yellow
157,0,255,en,purple
49,0,255,en,blue
255,0,6,en,red
255,115,0,en,orange
255,130,0,en,orange
255,166,0,en,orange
170,0,255,en,purple
255,0,82,en,pink
255,0,244,en,fushia
255,220,0,en,yellow
168,255,0,en,lime green
255,251,0,en,yellow
255,199,0,en,gold
217,0,255,en,fushia
255,47,0,en,red
255,0,247,en,fushia
50,0,255,en,blue
255,0,209,en,magenta
255,156,0,en,burnt orange
255,0,71,en,red
255,0,101,en,red
255,0,164,en,pink
129,0,255,en,purple
255,0,19,en,orange
255,0,136,en,pink
255,239,0,en,yellow
255,0,252,en,fuschia
255,206,0,en,mustard
255,75,0,en,rust
141,255,0,en,light nein green
255,207,0,en,orange
255,151,0,en,orange
231,255,0,en,yellow
255,223,0,en,yellow
255,0,248,en,purple
51,255,0,en,green
170,255,0,en,green
255,166,0,en,pale orange
255,0,80,en,reddish pink
42,0,255,en,royal blue
131,0,255,en,purple
255,0,118,en,hot pink
55,255,0,en,neon green
255,0,95,en,fuschia
213,255,0,en,bright yellow
255,97,0,en,orange red
255,0,52,en,red
255,58,0,en,red orange
255,0,234,en,fuchsia
255,250,0,en,yellow
102,255,0,en,light yellow green
181,0,255,en,blue purple
255,103,0,en,orange
255,0,229,en,purple
193,255,0,en,green
255,53,0,en,red
203,0,255,en,purple
255,206,0,en,yellow
255,0,117,en,raspberry
95,0,255,en,purple
255,222,0,en,yellow
255,0,90,en,blue red
255,0,180,en,fuchsia
255,0,211,en,fuschia
255,0,171,en,hot pink
175,0,255,en,purple
255,151,0,en,pale orange
255,0,196,en,neon pink
231,255,0,en,bright yellow
255,89,0,en,rust
255,0,30,en,red
255,121,0,en,burnt sienna
255,169,0,en,goldenrod
158,255,0,en,light yellow green
255,0,255,en,fuchsia
255,0,24,en,red
214,255,0,en,yellow
255,0,167,en,raspberry
255,0,159,en,raspberry
239,255,0,en,chartreuse
238,0,255,en,berry
255,0,197,en,warm berry
255,0,232,en,magenta
255,166,0,en,orange
255,0,197,en,hot pink
255,0,220,en,fuchsia
54,0,255,en,cobalt blue
255,0,62,en,orange red
255,196,0,en,yellow
255,0,171,en,raspberry
255,111,0,en,orange
255,0,112,en,pink
222,255,0,en,yellow
255,0,74,en,red pink
160,0,255,en,purple
255,39,0,en,red
207,255,0,en,medium yellow green
255,214,0,en,golden yellow
255,119,0,en,red orange
255,0,134,en,raspberry
255,96,0,en,red orange
155,0,255,en,blue purple
255,0,93,en,berry
251,255,0,en,yellow
255,0,121,en,magenta
126,255,0,en,lime green
255,126,0,en,orange
205,255,0,en,neon yellow
255,160,0,en,light orange
101,255,0,en,yellow green
225,0,255,en,fuchsia
255,153,0,en,red orange
37,255,0,en,yellow green
184,255,0,en,light yellow green
255,244,0,en,yellow
255,65,0,en,red
196,0,255,en,blue purple
255,0,16,en,red
255,0,126,en,pink
213,0,255,en,purple
255,220,0,en,orange yellow
255,114,0,en,orange
68,255,0,en,lime
255,0,39,en,red
232,255,0,en,yellow
206,0,255,en,magenta
117,0,255,en,purple
255,227,0,en,yellow
255,118,0,en,orange
255,56,0,en,red/orange
255,0,24,en,red
255,200,0,en,gold
255,246,0,en,yellow
171,255,0,en,green
255,111,0,en,orange
255,124,0,en,orange
255,182,0,en,orange
89,0,255,en,cobalt
150,0,255,en,blue purple
255,0,255,en,pink purple
255,0,109,en,magenta
255,58,0,en,red orange
255,0,49,en,red
165,255,0,en,lime green
78,0,255,en,navy blue
136,255,0,en,lime green
75,0,255,en,royal blue
242,255,0,en,yellow
255,198,0,en,marigold
99,255,0,en,grass green
255,241,0,en,sungold
255,0,104,en,magenta
255,128,0,en,orange
162,255,0,en,neon green
255,0,253,en,magenta
255,0,150,en,raspberry
255,0,183,en,hot pink
69,0,255,en,navy blue
255,0,72,en,red
255,0,210,en,hot pink
255,0,186,en,pink
255,144,0,en,orange
255,184,0,en,yellow orange
255,0,146,en,magenta
255,172,0,en,yellow orange
255,0,218,en,pink purple
212,255,0,en,lime green
255,99,0,en,orange
255,65,0,en,red
255,0,57,en,deep pink
173,255,0,en,green yellow
252,0,255,en,fuschia
128,0,255,en,purple
233,255,0,en,yellow
255,6,0,en,red orange
166,0,255,en,lavender
255,0,36,en,red
255,0,201,en,pink
255,0,226,en,fuschia
255,0,65,en,firetruck red
217,255,0,en,mustard
255,0,166,en,magenta
255,127,0,en,orange
255,228,0,en,yello
255,0,103,en,pink
255,0,30,en,red
255,0,197,en,fuschia
186,0,255,en,purple
159,0,255,en,violet
243,0,255,en,lavender
255,112,0,en,orange
255,163,0,en,marigold
255,0,140,en,pink
255,174,0,en,golden rod
255,182,0,en,yellow
255,0,220,en,fuschia
255,0,131,en,pink
255,0,167,en,red violet
214,255,0,en,yellow green
132,255,0,en,green
255,0,46,en,red
142,255,0,en,chartruse
255,250,0,en,yellow
255,0,170,en,magenta
255,68,0,en,orange
218,255,0,en,yellow
255,0,209,en,magenta
52,0,255,en,royal blue
255,0,136,en,magenta
255,155,0,en,golden rod
255,184,0,en,gold
255,0,239,en,violet
255,228,0,en,neon yellow
192,0,255,en,violet
121,0,255,en,purple
252,0,255,en,magenta
255,0,59,en,orangy red
255,86,0,en,orange
118,255,0,en,lime green
255,0,91,en,burgandy
255,140,0,en,goldenrod
255,0,40,en,red
255,0,64,en,light red
247,255,0,en,yellow
199,255,0,en,greenish yellow
255,189,0,en,light orange
255,121,0,en,orange
255,155,0,en,light orange
255,0,175,en,light reddish purple
255,110,0,en,orange
179,255,0,en,yellowish green
255,0,246,en,vivid light purple
255,0,128,en,light puplish red
255,0,245,en,dull light purple
255,0,39,en,red
255,177,0,en,green
204,255,0,en,yellow
255,0,76,en,red
246,0,255,en,pink
255,233,0,en,yellow
255,56,0,en,reddish orange
69,255,0,en,bright green
153,0,255,en,dark purple
255,0,190,en,light purple
204,0,255,en,medium purple
255,0,104,en,purplish red
147,255,0,en,green
255,255,0,en,yellow
255,0,127,en,mauve
255,0,238,en,pink
255,73,0,en,red
103,255,0,en,green
255,234,0,en,green
255,0,108,en,mauve
209,0,255,en,blue
255,85,0,en,red
136,0,255,en,blue
255,147,0,en,orange
255,195,0,en,orance
255,0,159,en,purple
255,0,194,en,purple
255,200,0,en,goldenrod
140,255,0,en,lime green
128,0,255,en,purple
211,255,0,en,lime green
184,0,255,en,magenta
255,138,0,en,orange
255,204,0,en,mustard
255,0,55,en,red
255,0,101,en,magenta
255,0,211,en,rasberry
255,0,34,en,red
255,228,0,en,golden rod
255,0,150,en,hot pink
92,255,0,en,lime green
247,255,0,en,yellow
255,0,119,en,magenta
255,181,0,en,mustard
235,0,255,en,magenta
255,71,0,en,orange red
137,255,0,en,chartruese
255,113,0,en,orange
255,0,208,en,hot pink
200,0,255,en,purple
129,0,255,en,purlple
210,255,0,en,green
154,255,0,en,green
95,255,0,en,green
255,0,74,en,red
255,227,0,en,yellow
255,0,235,en,pink
255,0,40,en,red
255,0,188,en,pink
255,0,168,en,hot pink
255,185,0,en,gold
255,123,0,en,burnt orange
255,164,0,en,orange
255,89,0,en,orange
255,61,0,en,red
255,0,95,en,red
255,0,124,en,pink
255,0,246,en,pink
252,255,0,en,yellow
255,0,156,en,fuscia
255,49,0,en,red
221,255,0,en,green yellow
255,103,0,en,orange
35,255,0,en,fluorescent green
182,0,255,en,purple
135,255,0,en,lime green
255,0,11,en,red
186,255,0,en,lime green
152,0,255,en,violet
255,95,0,en,orange
101,255,0,en,electric green
15,255,0,en,neon green
255,40,0,en,red orange
255,0,251,en,magenta
255,0,151,en,fuschia
255,0,86,en,raspberry
255,0,199,en,fuscia
102,255,0,en,lime green
255,247,0,en,yellow
255,0,77,en,fuscia red
255,231,0,en,maize
255,174,0,en,umber
255,0,4,en,cherry
135,0,255,en,purple
255,0,125,en,fuscia
255,0,252,en,fuscia
255,196,0,en,umber
255,126,0,en,orange
255,0,213,en,fuscia
245,255,0,en,neon yellow
255,120,0,en,orange
173,0,255,en,violet
255,227,0,en,yellow
255,0,130,en,fuschia
255,0,193,en,magenta
65,0,255,en,blue
255,0,235,en,magenta
255,163,0,en,yellow orange
255,0,93,en,fuschia
177,255,0,en,lime green
255,0,52,en,red
255,201,0,en,mustard yellow
255,131,0,en,dark orange
255,32,0,en,red
135,255,0,en,lime
116,255,0,en,slightly darker lime
255,0,85,en,dark pink
255,158,0,en,light orange
255,0,175,en,magenta
255,0,193,en,magenta
255,193,0,en,golden yellow
255,0,75,en,dark pink
181,0,255,en,purple
255,247,0,en,yellow
59,0,255,en,blue
255,123,0,en,orange
255,0,52,en,red
255,238,0,en,yellow
255,0,87,en,pink
255,88,0,en,orange
225,0,255,en,purple
255,0,181,en,pink
14,255,0,en,lime green
215,255,0,en,yellow green
255,0,216,en,magenta
219,0,255,en,light puruple
255,232,0,en,yellow
255,0,138,en,dark pink
255,83,0,en,orange
157,0,255,en,purple
255,0,15,en,pred
255,17,0,en,red
255,0,105,en,pink
255,132,0,en,orange
255,0,5,en,red
255,171,0,en,orange
98,0,255,en,purple
255,224,0,en,maize
255,244,0,en,yellow
255,201,0,en,gold
254,0,255,en,fuchsia
255,159,0,en,apricot
223,255,0,en,chartreuse
255,0,123,en,crimson
255,0,37,en,red
188,0,255,en,violet
161,0,255,en,indigo
255,0,108,en,crimson
255,0,226,en,fuchsia
166,255,0,en,chartreuse
255,109,0,en,cadmium
255,49,0,en,orange
50,0,255,en,royal blue
255,147,0,en,apricot
255,0,174,en,fuchsia
74,255,0,en,lime
189,255,0,en,lime green
255,241,0,en,beige
204,0,255,en,purple
255,167,0,en,orange
255,243,0,en,khaki
183,255,0,en,green
255,0,211,en,pink
67,255,0,en,neon green
255,143,0,en,orange
86,0,255,en,blue
111,0,255,en,purple
38,255,0,en,green
255,0,140,en,pink
255,0,105,en,dark pink
255,112,0,en,dark orange
255,0,56,en,red
251,0,255,en,purple
255,0,207,en,pinkish purple
255,200,0,en,beige
255,53,0,en,orange red
255,0,47,en,red
255,0,170,en,dark pink
82,255,0,en,green
204,0,255,en,purple
255,0,130,en,pink
255,109,0,en,orange
44,0,255,en,blue
255,0,22,en,red
255,0,137,en,dark pink
255,0,86,en,dark red
255,0,176,en,pinkish red
255,0,226,en,magenta
255,0,204,en,magenta
255,0,169,en,hot pink
153,0,255,en,purple
255,0,86,en,light red
255,240,0,en,yellow
255,28,0,en,red
166,255,0,en,lime green
255,0,23,en,orangey red
255,243,0,en,yello
255,170,0,en,light orange
255,0,112,en,cherry
188,0,255,en,grape
219,255,0,en,chartreuse
255,0,53,en,cherry red
255,158,0,en,light orange
255,0,156,en,dark pink
183,0,255,en,purple
255,117,0,en,brown
255,227,0,en,dark yellow
255,0,70,en,red
196,255,0,en,yellowish green
255,0,247,en,magenta
242,255,0,en,yellow
178,255,0,en,yellowish green
31,255,0,en,green
255,186,0,en,light brown
102,255,0,en,green
127,0,255,en,magenta
255,52,0,en,redish brown
255,126,0,en,brown
255,0,255,en,fuschia
255,0,186,en,pink
255,255,0,en,yellow
255,0,115,en,pink
255,0,144,en,pink
124,0,255,en,purple
255,227,0,en,dark yellow
255,66,0,en,orange
163,255,0,en,lime green
255,89,0,en,orange
255,162,0,en,yellow orange
255,0,84,en,pink
255,0,62,en,bright pink
255,212,0,en,mustard
116,255,0,en,green
255,0,153,en,pink
255,0,87,en,red
169,255,0,en,green
24,0,255,en,blue
120,0,255,en,purple
255,149,0,en,orange
255,0,71,en,red
222,255,0,en,lime green
255,178,0,en,orange
255,187,0,en,orange
255,0,237,en,hot pink
218,0,255,en,purple
255,48,0,en,red
234,255,0,en,yellow
255,216,0,en,gold
255,0,35,en,red
255,0,119,en,magenta
255,86,0,en,orange
168,0,255,en,purple
255,0,188,en,hot pink
255,92,0,en,orange
185,255,0,en,lime green
133,0,255,en,purple
255,0,7,en,red
255,208,0,en,goldenrod
255,0,164,en,pink
255,0,141,en,pink
255,238,0,en,yellow
209,0,255,en,lavender
255,0,104,en,fushia
248,255,0,en,yellow
122,255,0,en,green
180,255,0,en,lime green
255,196,0,en,mustard
255,0,150,en,hot pink
27,0,255,en,dark blue
255,0,77,en,rose
255,0,132,en,pink
255,156,0,en,orange
43,255,0,en,lime green
255,235,0,en,yellow
255,0,212,en,hot pink
255,0,19,en,red
225,255,0,en,dark yellow
214,0,255,en,purple
255,0,184,en,pink
255,249,0,en,yellow
255,202,0,en,goldenrod
255,0,58,en,crimson
255,0,251,en,magenta
255,0,147,en,fuchsia
255,159,0,en,yellow orange
255,0,187,en,fuchsia
255,0,105,en,fuchsia
255,255,0,en,yellow
255,194,0,en,orange
255,172,0,en,orange
255,137,0,en,orange
255,112,0,en,orange
255,0,138,en,pink
255,0,178,en,pink
188,0,255,en,purple
255,0,50,en,red
255,160,0,en,orange
241,255,0,en,yellow
255,202,0,en,light orange
56,0,255,en,blue
255,129,0,en,orange
255,133,0,en,tangerine
255,0,148,en,magenta
255,0,133,en,magenta
102,255,0,en,green
255,0,202,en,magenta
255,0,248,en,fuschia
255,0,136,en,pink
255,0,231,en,pink
239,0,255,en,magenta
255,0,106,en,pink
139,0,255,en,purple
255,0,42,en,red
255,233,0,en,yellow
255,0,244,en,fuschia
161,255,0,en,neon green
68,255,0,en,green
234,255,0,en,yellow
235,0,255,en,fuschia
164,0,255,en,purple
255,236,0,en,yellow
255,104,0,en,orange
255,0,112,en,mellon
180,0,255,en,purple
223,255,0,en,goldenrod
255,0,196,en,fuscia
255,43,0,en,red
58,255,0,en,lime
255,0,166,en,pink
137,255,0,en,yellow green
214,255,0,en,yellow
255,0,198,en,pink
255,118,0,en,orange
255,0,46,en,red
255,0,106,en,fuschia
149,0,255,en,purple
191,255,0,en,green
255,0,52,en,red
255,0,168,en,pink
255,80,0,en,orange
255,198,0,en,goldenrod
184,0,255,en,bright purple fuschia
255,0,147,en,deep pink
255,146,0,en,light ochre
255,229,0,en,school bus yellow
255,0,38,en,red
39,0,255,en,royal blue
255,0,158,en,pink
150,255,0,en,lime green
124,255,0,en,yellow green
255,0,233,en,fuscia
255,198,0,en,yellow
99,0,255,en,purple blue
255,242,0,en,yellow
255,0,57,en,red
200,0,255,en,magenta
255,95,0,en,orange
97,0,255,en,blue purple
255,126,0,en,amber
255,0,38,en,red
255,138,0,en,orange
255,221,0,en,yellow
255,0,48,en,res
255,74,0,en,orange
255,164,0,en,mustard
255,0,168,en,fuschia
255,63,0,en,red
255,0,86,en,mellon
255,225,0,en,golden rod
225,0,255,en,purple
255,246,0,en,yellow
255,148,0,en,orange
255,152,0,en,orange
255,0,55,en,red
70,0,255,en,ultramarine
255,0,24,en,scarlet
255,73,0,en,vermillion orange
250,255,0,en,yellow
255,0,184,en,hot magenta
255,156,0,en,carrot
255,0,236,en,fuschia
255,0,55,en,dusty red
255,171,0,en,orange
255,73,0,en,red orange
255,0,141,en,magenta
255,87,0,en,orange
219,255,0,en,greenish yellow
255,226,0,en,orangish yellow
255,0,102,en,darker magenta
42,255,0,en,lime green
255,187,0,en,yellowish orange
255,0,213,en,magenta
195,0,255,en,purple
255,0,36,en,light red
89,255,0,en,neon green
255,0,128,en,magenta
185,255,0,en,chartreuse
255,0,85,en,ruby
255,0,79,en,red
244,0,255,en,fuschia
255,99,0,en,orange
255,0,226,en,pink violet
255,0,147,en,fuscia
255,0,85,en,red
255,200,0,en,camel
255,182,0,en,tan
255,0,124,en,magenta
255,0,204,en,magenta
142,255,0,en,limeish green
255,0,74,en,funky red
151,0,255,en,violet
255,0,157,en,brighter cyan
255,128,0,en,orange
245,255,0,en,yellow
247,0,255,en,purply pink
227,255,0,en,yellow
255,103,0,en,orange
255,244,0,en,yellow
255,187,0,en,mustard
255,0,230,en,fuschia
216,0,255,en,purple
255,0,203,en,hot pink
114,0,255,en,purple
255,0,186,en,magenta
255,241,0,en,yellow
184,0,255,en,purple
255,0,12,en,red
180,255,0,en,olive green
255,40,0,en,red
255,252,0,en,yellow
255,0,248,en,fuchsia
255,0,77,en,rose
112,255,0,en,olive green
221,255,0,en,yellow
255,127,0,en,dark orange
72,0,255,en,purple
145,0,255,en,violet
255,229,0,en,gold
147,255,0,en,lime
255,0,142,en,fuschia
170,0,255,en,purple
221,0,255,en,bright purple
255,0,159,en,bright pink
255,0,187,en,hot pink
148,0,255,en,purple
255,132,0,en,bright orange
255,164,0,en,orange
255,0,31,en,red
255,254,0,en,yellow
255,0,72,en,watermelon
255,210,0,en,gold
255,0,93,en,watermelon
39,0,255,en,electric blue
255,108,0,en,orange
218,255,0,en,yellow
255,81,0,en,orange
255,0,218,en,bright pink/fuschia
66,255,0,en,bright green
255,0,65,en,red
255,0,244,en,magenta
255,104,0,en,orange
219,255,0,en,neon yellow
122,0,255,en,purple
255,0,192,en,pink
255,238,0,en,yellow
255,0,149,en,fushia
255,253,0,en,yellow
93,255,0,en,green
255,0,96,en,pink
255,0,125,en,fushia
255,0,34,en,red
255,171,0,en,yellow orange
255,0,246,en,magenta
216,0,255,en,purple
255,1,0,en,red
255,134,0,en,orange
171,255,0,en,neon green
255,200,0,en,yellow
77,0,255,en,electric blue
255,74,0,en,red orange
255,189,0,en,yellow orange
255,0,110,en,magenta
255,0,182,en,hot pink
255,124,0,en,orange
224,0,255,en,purple
255,166,0,en,orange
157,255,0,en,chartreuse
216,0,255,en,purple
222,255,0,en,yellow
255,0,73,en,pink
246,255,0,en,bright yellow
255,0,173,en,hot pink
118,255,0,en,lime green
255,0,114,en,magenta
127,0,255,en,indigo
255,0,241,en,pink
255,237,0,en,yellow
255,100,0,en,orange
255,0,40,en,red
149,0,255,en,purple
175,255,0,en,chartruese
255,178,0,en,goldenrod
129,255,0,en,lime
255,0,102,en,fuscia
255,0,17,en,red
175,0,255,en,purple
255,0,141,en,pink
255,228,0,en,yellow
231,255,0,en,lemon
255,139,0,en,orange
255,199,0,en,goldenrod
239,0,255,en,fuscia
255,0,209,en,pink (ish)
255,0,218,en,pink (ish)
255,119,0,en,orange
255,0,175,en,darker pink
255,23,0,en,red
255,0,70,en,fuscia
255,0,46,en,red
255,232,0,en,yellow
255,0,105,en,cerise
255,90,0,en,orange
200,0,255,en,fuschia
255,194,0,en,goldenrod
255,117,0,en,orange
255,0,192,en,magenta
148,0,255,en,purple
255,164,0,en,light orange
255,0,136,en,pink
255,0,160,en,cranberry
163,255,0,en,light lime green
255,133,0,en,orange
169,0,255,en,purple
64,255,0,en,lime green
255,0,226,en,pinkish purple
252,0,255,en,pinkish purple
255,0,91,en,magnenta
255,197,0,en,charteuse
255,0,37,en,red
199,255,0,en,lime green
164,255,0,en,green
62,255,0,en,green
255,203,0,en,orange
255,0,22,en,red
255,0,93,en,pink
242,0,255,en,purple
255,0,114,en,cerise
255,142,0,en,burnt orange
203,255,0,en,acid yellow
255,169,0,en,orange
255,0,172,en,hot pink
255,0,197,en,bright pink
255,0,227,en,neon pink
255,67,0,en,dark orange
255,220,0,en,yellow
255,0,69,en,magenta
225,255,0,en,chartruese
255,247,0,en,yellow
255,39,0,en,red
172,0,255,en,purple
249,255,0,en,yellow
255,97,0,en,orange
255,0,50,en,red
255,219,0,en,yellow
255,0,179,en,pink
185,255,0,en,acid green
116,0,255,en,violet
255,255,0,en,yellow
255,7,0,en,red
255,0,54,en,red
230,0,255,en,fuschia
63,255,0,en,lime green
255,131,0,en,orange
30,0,255,en,blue
255,0,246,en,pink
127,0,255,en,purple
255,165,0,en,orange
255,0,159,en,pink
255,0,115,en,red
234,255,0,en,yellow
255,0,51,en,blue pink
255,0,168,en,fuschia
255,0,42,en,blue pink
255,0,178,en,fuschia
132,255,0,en,lime
255,28,0,en,burnt orange
251,0,255,en,pink
214,0,255,en,purple
162,255,0,en,lime
255,103,0,en,orange
255,155,0,en,orange
255,222,0,en,yellow
255,0,181,en,fuchsia
16,0,255,en,royal blue
255,0,245,en,pink
204,0,255,en,purple
255,0,124,en,pink
255,83,0,en,red
138,255,0,en,lime green
255,187,0,en,mustard
255,0,126,en,pink
255,0,53,en,red
255,136,0,en,orange
255,0,219,en,fuscia
191,255,0,en,lime green
255,169,0,en,orange
255,0,86,en,pink
123,255,0,en,lime green
255,232,0,en,yellow
168,255,0,en,lime green
225,0,255,en,magenta
154,0,255,en,purple
255,96,0,en,orange
255,0,196,en,fuscia
255,54,0,en,red
255,0,25,en,red
169,0,255,en,purple
255,249,0,en,yellow
25,0,255,en,blue
255,0,156,en,pink
255,0,224,en,fuschia
255,182,0,en,orange
255,0,208,en,fuschia
173,255,0,en,lime green
255,0,140,en,cerise
255,0,57,en,red
255,87,0,en,dark orange
249,255,0,en,yellow
255,0,175,en,fuschia
255,52,0,en,red
255,0,41,en,red
255,0,101,en,red
255,132,0,en,burnt orange
62,255,0,en,bright green
139,0,255,en,purple
251,0,255,en,fuschia
255,168,0,en,orange
211,0,255,en,violet
255,215,0,en,dark yellow
205,255,0,en,lime green
255,252,0,en,yellow
212,255,0,en,yellow green
255,0,180,en,fuschia
162,255,0,en,lime green
255,0,37,en,red
255,180,0,en,orange
255,119,0,en,orange
255,197,0,en,yellow
178,0,255,en,purple
255,0,51,en,red
255,0,83,en,light red
255,146,0,en,orange
255,0,226,en,fuschia
255,216,0,en,yellow
255,80,0,en,orange
255,0,154,en,pink
106,0,255,en,violet
241,0,255,en,purple
68,255,0,en,lim green
255,0,119,en,pink
255,94,0,en,burnt orange
255,222,0,en,yellow submarine
255,0,63,en,reddish
255,183,0,en,marigold
135,0,255,en,purple
255,0,133,en,thick bubblegum pink
126,255,0,en,lime green
200,0,255,en,prince purple
206,255,0,en,shocking green
255,1,0,en,red
255,0,41,en,dcode red
255,0,227,en,electric pink
255,0,210,en,electric pink
255,253,0,en,yellow
255,151,0,en,marigold
225,0,255,en,prince purple
255,155,0,en,marigold
164,255,0,en,lime green
255,0,167,en,thick bubblegum pink
255,0,97,en,off red
255,181,0,en,orange
221,255,0,en,lime green
135,0,255,en,violet
255,0,111,en,magenta
255,0,70,en,coral
255,198,0,en,orange yellow
255,0,28,en,red
225,0,255,en,fuschia
77,0,255,en,deep blue
163,0,255,en,purple
255,80,0,en,red
255,0,172,en,magenta
98,255,0,en,spring green
255,112,0,en,red orange
255,0,137,en,magenta
255,134,0,en,orange
255,231,0,en,gold
255,0,229,en,fuschia
255,250,0,en,yellow
161,255,0,en,line green
255,0,204,en,orchid
255,149,0,en,tangerine
255,99,0,en,orange
212,255,0,en,lime green
255,0,54,en,pink
184,255,0,en,lime green
68,255,0,en,lime green
255,0,20,en,crimson
255,148,0,en,mustard
255,0,211,en,pink
255,0,185,en,hot pink
255,169,0,en,dark yellow
244,0,255,en,puce
255,244,0,en,yello
255,0,96,en,dark pink
255,0,130,en,hot pink
213,0,255,en,purple
255,0,72,en,crimson
133,255,0,en,lime green
212,255,0,en,slightly green yellow
255,86,0,en,orange
255,184,0,en,cerise
255,0,160,en,hot pink
255,217,0,en,yello
140,0,255,en,purple
255,73,0,en,orange
255,140,0,en,orange
55,0,255,en,blue
255,43,0,en,red
255,192,0,en,yellow
255,0,81,en,pink
255,168,0,en,gold
255,0,60,en,rose
217,255,0,en,lime
89,255,0,en,verdant green
205,0,255,en,purple
255,220,0,en,buttercup yellow
255,0,119,en,magenta
255,112,0,en,orange
255,0,34,en,scarlet
182,255,0,en,lime
255,253,0,en,buttercup
255,0,245,en,magenta
108,0,255,en,indigo
255,0,183,en,rose
255,0,250,en,magenta
255,0,147,en,rose
255,48,0,en,red
255,204,0,en,yellow
255,0,41,en,mauve
255,132,0,en,orange
255,0,229,en,purple
139,0,255,en,purple
255,0,166,en,pink
255,0,122,en,pink
255,105,0,en,orange
182,255,0,en,sickly green
248,255,0,en,yellow
255,0,101,en,pink
255,0,249,en,pink
255,0,60,en,red
177,0,255,en,purple
101,255,0,en,green
255,0,180,en,pink
255,171,0,en,orange
223,255,0,en,yellow
255,216,0,en,yellow
255,51,0,en,red
206,255,0,en,yellow
229,0,255,en,magenta
194,0,255,en,magenta
171,255,0,en,lime
255,171,0,en,orange
255,0,48,en,red
121,255,0,en,lime
255,0,117,en,crimson
255,0,146,en,cerise
255,112,0,en,orange
255,0,197,en,magenta
255,0,214,en,magenta
255,187,0,en,orange
117,0,255,en,purple
255,0,72,en,red
16,0,255,en,blue
255,0,110,en,crimson
255,128,0,en,orange
255,255,0,en,yellow
255,217,0,en,gold
138,255,0,en,lime green
255,0,114,en,hot pink
255,0,164,en,bright pink
255,0,85,en,watermelon red
255,0,21,en,red
255,0,249,en,pink
123,0,255,en,purple
255,0,213,en,pink
255,0,62,en,vermillion
111,255,0,en,lime green
255,207,0,en,canary yellow
255,96,0,en,orange
255,177,0,en,orangish yellow
255,228,0,en,yellow
255,34,0,en,red
255,73,0,en,hot summer sun
255,0,111,en,romance
132,255,0,en,neon slime
255,193,0,en,marigold
212,0,255,en,bright purple
247,0,255,en,magenta
255,158,0,en,tangerine
255,0,191,en,hot pink
228,255,0,en,neon yellow
255,247,0,en,yellow
255,145,0,en,orange
54,0,255,en,royal blue
202,0,255,en,purple
255,251,0,en,yellow
255,101,0,en,reddish orange
255,0,61,en,red
232,0,255,en,magenta
255,0,170,en,hot pink
255,196,0,en,marigold
255,123,0,en,orange
156,0,255,en,purple
255,0,223,en,pink
238,0,255,en,magenta
255,200,0,en,gold
255,37,0,en,orange
255,229,0,en,yellow
255,0,70,en,red
75,255,0,en,green
165,0,255,en,purple
255,131,0,en,orange
255,0,188,en,hot pink
255,64,0,en,red
255,0,110,en,magenta
255,196,0,en,marigold
255,107,0,en,red orange
248,255,0,en,yellow
198,255,0,en,lemon lime
255,0,51,en,bright red
255,93,0,en,orange
255,0,22,en,red
42,255,0,en,lime green
255,0,247,en,pink
255,0,219,en,fuschia
255,0,138,en,pink
155,0,255,en,purple
255,0,100,en,rose
255,0,151,en,magenta
184,0,255,en,violet
235,0,255,en,violet
132,255,0,en,yellow green
255,87,0,en,orange red
255,234,0,en,yellow
255,120,0,en,orange
181,255,0,en,lime green
255,189,0,en,pale orange
255,0,9,en,red
246,255,0,en,yellow
182,255,0,en,green
235,0,255,en,pick
255,143,0,en,orange
255,81,0,en,orange
186,0,255,en,purple
194,255,0,en,lime green
255,0,204,en,pink
255,0,105,en,red
233,255,0,en,yellow
255,122,0,en,orange
157,255,0,en,lime green
255,0,41,en,red
255,169,0,en,orange
255,91,0,en,orange
255,0,171,en,magenta
255,0,126,en,pink
42,0,255,en,blue
119,255,0,en,lime green
255,157,0,en,orange
206,0,255,en,purple
241,255,0,en,yellow
252,0,255,en,magenta
204,255,0,en,olive
255,0,180,en,hot pink
255,68,0,en,red
171,255,0,en,yellow green
255,0,53,en,red
255,0,240,en,magenta
255,156,0,en,orange
102,0,255,en,blue
80,0,255,en,blue
238,255,0,en,yellow
255,0,145,en,hot pink
255,225,0,en,yellow
255,0,105,en,warmer hot pink
205,255,0,en,slightly greener yellow
255,0,141,en,hot pink
255,60,0,en,red
154,255,0,en,yellowish lime green
144,0,255,en,purple
156,255,0,en,neon green
214,0,255,en,purple
255,184,0,en,golden orange
255,0,134,en,magenta
255,148,0,en,orange
255,228,0,en,mustard yellow
208,0,255,en,magenta
255,213,0,en,yellow
255,57,0,en,red
255,0,154,en,pink
255,0,136,en,pink
87,0,255,en,purple
155,0,255,en,purple
67,255,0,en,green
255,206,0,en,yellow
255,0,194,en,magenta
135,255,0,en,yellow green
255,21,0,en,red
255,0,223,en,violet
255,0,78,en,rose
255,0,231,en,magenta
192,0,255,en,slightly more purple magenta
255,167,0,en,yellowish orange
119,255,0,en,lime green
255,0,29,en,red
255,0,202,en,slightly pinker magenta
220,255,0,en,chartreuse
255,0,141,en,hot pink
118,255,0,en,neon green
255,0,28,en,red
226,0,255,en,magenta
255,0,188,en,magenta
255,0,114,en,hot pink
247,0,255,en,fuchsia
197,0,255,en,purple
255,168,0,en,yellow
255,99,0,en,orange
255,0,108,en,bright pink
255,0,144,en,pink
117,0,255,en,purple
255,62,0,en,orange
255,0,208,en,pink
255,180,0,en,yellow orange
255,0,152,en,fuschia
59,0,255,en,indigo
255,0,94,en,pinkish red
255,214,0,en,gold
255,194,0,en,gold
85,0,255,en,blue
255,0,117,en,pink
255,136,0,en,orange
105,255,0,en,green
189,255,0,en,green
255,0,231,en,pink
255,48,0,en,orange
255,0,32,en,red
234,255,0,en,lemon
210,255,0,en,green yellow
255,161,0,en,yellow orange
255,142,0,en,orange
255,236,0,en,yellow
255,107,0,en,red orange
159,255,0,en,lime
255,2,0,en,red
246,255,0,en,yellow
255,194,0,en,mustard
55,255,0,en,neon green
255,220,0,en,gold
255,0,140,en,magenta
255,0,162,en,magenta
255,0,223,en,violet
255,0,82,en,red
255,141,0,en,orange
185,255,0,en,yellow green
255,127,0,en,orange
191,255,0,en,lime green
255,87,0,en,red orange
193,0,255,en,purple
255,0,20,en,red
255,193,0,en,mustard
255,20,0,en,red
255,98,0,en,red orange
255,0,16,en,red
255,0,66,en,red
174,0,255,en,purple
71,255,0,en,lime
119,0,255,en,royal blue
255,208,0,en,marigold
207,255,0,en,lime
255,168,0,en,orange
255,244,0,en,yellow
89,0,255,en,royal blue
227,0,255,en,lavender
255,0,180,en,hot pink
255,180,0,en,orange
255,222,0,en,mustard
175,255,0,en,lime green
255,0,180,en,pink
152,0,255,en,purple
92,0,255,en,indigo
255,0,27,en,red
255,0,66,en,bright pink
255,215,0,en,sunflower
255,0,217,en,magenta
201,255,0,en,yellow
255,134,0,en,orange
221,0,255,en,magenta
255,221,0,en,yellow
255,26,0,en,red
255,83,0,en,red orange
205,0,255,en,magenta
255,0,68,en,light red
255,0,130,en,pink
255,220,0,en,golden yellow
255,253,0,en,yellow
255,0,203,en,magenta
255,0,223,en,magenta
198,0,255,en,purple
145,0,255,en,purple
255,0,66,en,red
255,0,153,en,magenta
255,107,0,en,orange
255,138,0,en,light orange
160,0,255,en,purple
207,0,255,en,light purple
255,9,0,en,red
255,158,0,en,orange
255,0,216,en,magenta
255,0,107,en,watermelon red
138,255,0,en,lime green
138,0,255,en,purple
255,0,31,en,red
255,0,195,en,pink
255,0,141,en,reddish pink
255,0,247,en,pink
185,255,0,en,grass green
255,170,0,en,orange
255,0,103,en,neon red
224,255,0,en,puke green
255,129,0,en,orange
236,0,255,en,magenta
255,0,152,en,fuschia
255,0,58,en,red
224,255,0,en,highlighter yellow
255,217,0,en,dandelion yellow
209,0,255,en,purple
255,0,163,en,pink
255,199,0,en,gold yellow
255,0,58,en,red
238,255,0,en,lemon yellow
255,0,189,en,pink
255,253,0,en,yellow
255,0,239,en,magenta
255,0,123,en,pink red
255,110,0,en,orange
255,0,31,en,red
96,255,0,en,lime green
255,0,129,en,fuschia
255,79,0,en,blood orange
255,192,0,en,goldenrod
255,218,0,en,gold
255,0,117,en,hot pink
255,0,201,en,hot pink
38,0,255,en,dark blue
255,99,0,en,orange
211,255,0,en,yellow green
255,199,0,en,maize
255,0,225,en,pink
255,0,249,en,bright purple
255,0,85,en,red
255,152,0,en,orange
125,255,0,en,grass green
255,0,180,en,magenta
5,0,255,en,dark blue
149,0,255,en,purple
255,0,54,en,red
255,0,97,en,pink
175,0,255,en,purple
255,88,0,en,orange
255,0,196,en,pink
167,255,0,en,yellow green
255,234,0,en,dark yellow
255,155,0,en,orange
255,0,206,en,hot pink
255,41,0,en,red
255,97,0,en,blood orange
246,0,255,en,fuschia
103,255,0,en,green
255,133,0,en,orange
255,43,0,en,blood red
255,95,0,en,blood orange
255,0,160,en,magenta
255,0,224,en,bright purple
255,0,119,en,velvet red
255,241,0,en,yellow
255,136,0,en,orange
255,25,0,en,red
255,196,0,en,orange
168,0,255,en,purple
158,0,255,en,purple
255,0,96,en,bright red
96,255,0,en,lime green
199,255,0,en,yellow green
243,255,0,en,yellow
255,0,232,en,hot pink
255,0,56,en,red
255,0,11,en,red
255,0,171,en,fuschia
255,0,124,en,pinkish red
255,141,0,en,orange
147,255,0,en,yellow green
78,0,255,en,dark blue
255,0,41,en,primary red
255,236,0,en,light yellow
255,158,0,en,orange
255,0,218,en,fucia
255,0,251,en,neon purple
25,0,255,en,primary blue
173,0,255,en,purple
255,204,0,en,yellow
255,0,66,en,red
221,255,0,en,yellow green
170,0,255,en,purple
255,206,0,en,light ornage
137,255,0,en,grass green
255,115,0,en,dark orange
255,0,25,en,blood red
231,255,0,en,green yellow
255,0,139,en,hot pink
249,255,0,en,yellow
102,0,255,en,purple
255,29,0,en,red
255,112,0,en,orange
114,255,0,en,lime green
255,0,220,en,magenta
219,0,255,en,magenta
255,235,0,en,yellow
255,202,0,en,yellow orange
255,164,0,en,orange
255,141,0,en,pumpkin
214,0,255,en,magenta
179,255,0,en,yellow green
255,250,0,en,primary yellow
255,0,149,en,barbie pink
255,94,0,en,burnt orange
91,255,0,en,lime green
151,0,255,en,purple
255,139,0,en,light orange
197,255,0,en,green
255,153,0,en,orange
255,0,206,en,magenta
184,0,255,en,purple
72,255,0,en,green
255,204,0,en,orange
255,0,70,en,red
255,59,0,en,red
255,0,215,en,magenta
255,0,21,en,red
243,0,255,en,magenta
255,115,0,en,orange
84,0,255,en,blue
255,249,0,en,yellow
255,0,70,en,red
255,0,107,en,pink
255,0,5,en,red orange
255,0,169,en,magenta
255,0,182,en,bright pink
188,255,0,en,yellow green
119,0,255,en,blue
255,131,0,en,orange
179,255,0,en,green
255,237,0,en,yellow
255,0,115,en,pink
255,0,143,en,pink
255,0,107,en,pink
222,255,0,en,yellow green
255,0,69,en,watermelon pink
255,0,179,en,hot pink
174,255,0,en,spring green
255,0,86,en,dark pink
255,60,0,en,dark orange
255,0,131,en,barbie pink
214,255,0,en,neon yellow
255,105,0,en,orange
255,0,179,en,pink
144,0,255,en,purple
255,0,213,en,pink
255,0,162,en,dk pink
255,250,0,en,yellow
204,0,255,en,purple
255,204,0,en,mustard
255,0,177,en,pink
109,0,255,en,blue
255,0,39,en,red
255,91,0,en,dark orange
188,255,0,en,lime green
255,0,103,en,hot pink
255,248,0,en,yellow
255,158,0,en,orange
255,0,148,en,fuschia
255,47,0,en,red orange
115,255,0,en,lime green
255,0,238,en,magenta
255,0,147,en,pink
255,0,107,en,red
255,0,37,en,red orange
255,0,65,en,red
255,0,113,en,pink
115,0,255,en,indigo
255,123,0,en,orange
135,255,0,en,lime green
255,0,54,en,red
255,0,82,en,magenta
255,254,0,en,yellow
255,210,0,en,marigold
255,59,0,en,red
255,0,19,en,red
255,0,253,en,pink
255,71,0,en,red
255,0,132,en,pink
73,255,0,en,lime green
255,0,50,en,red
255,32,0,en,red
255,145,0,en,orange
255,118,0,en,orange
218,0,255,en,magenta
255,0,33,en,red
145,255,0,en,lime green
71,0,255,en,blue
255,0,66,en,red
215,0,255,en,purple
255,0,118,en,magenta
255,0,172,en,pink
255,175,0,en,gold
255,137,0,en,yellow orange
255,234,0,en,yellow
107,255,0,en,bright green
152,255,0,en,spring green
219,255,0,en,yellow
255,0,232,en,pink
255,0,94,en,red
255,0,182,en,pink
255,0,62,en,red
255,163,0,en,orange
255,206,0,en,yellow
255,0,174,en,hot pink
241,0,255,en,magenta
255,202,0,en,yellow
255,0,91,en,neon pink
255,0,203,en,magenta
19,255,0,en,neon green
244,255,0,en,neon yellow
121,255,0,en,neon green
255,178,0,en,yellow
157,0,255,en,purple
255,0,135,en,hot pink
255,216,0,en,yellow
255,0,227,en,magenta
197,255,0,en,lime green
79,0,255,en,purple
255,0,123,en,pink
238,255,0,en,yellow
255,175,0,en,orange
255,0,92,en,fuscia
255,0,7,en,red
176,0,255,en,purple
172,255,0,en,yellow green
65,255,0,en,green yellow
206,255,0,en,yellow
255,132,0,en,orange
255,0,161,en,pink
137,0,255,en,purple
255,88,0,en,orange
255,218,0,en,yello
253,0,255,en,pink
255,0,110,en,magenta
255,238,0,en,yellow
255,0,254,en,light purple
255,0,41,en,red
70,255,0,en,bright green
223,255,0,en,greenish yellow
255,47,0,en,orangish red
255,0,66,en,red
255,0,180,en,pink
255,0,218,en,pink
255,73,0,en,orange
255,204,0,en,yellow
255,204,0,en,yellow gold
181,255,0,en,light yellow green
255,0,199,en,magenta
255,148,0,en,orange
132,0,255,en,purple
252,255,0,en,yellow
255,81,0,en,orangish red
218,0,255,en,light purple
255,0,138,en,magenta
255,0,150,en,magenta
255,165,0,en,yellow gold
255,0,211,en,bright purple
255,0,49,en,red
255,218,0,en,yellow
255,199,0,en,butter yellow
255,0,80,en,watermelon
255,0,47,en,red
186,0,255,en,purple
255,112,0,en,orange
255,54,0,en,red orange
255,0,158,en,hot pink
255,0,113,en,watermelon
149,0,255,en,purple
233,255,0,en,neon yellow
255,137,0,en,orange
255,175,0,en,yellow orange
182,0,255,en,purple
255,177,0,en,gold
255,0,132,en,magenta
255,213,0,en,bright gold
158,0,255,en,purple
63,255,0,en,bright green
164,255,0,en,neon green
255,0,105,en,watermelon
255,0,213,en,magenta
255,0,180,en,hot pink
255,0,252,en,pink
203,255,0,en,neon yellow
222,0,255,en,magenta
255,113,0,en,burnt orange
255,137,0,en,orange
155,255,0,en,lime green
136,0,255,en,purple
255,0,172,en,pink
255,227,0,en,yellow
255,250,0,en,yellow
255,193,0,en,orange
62,255,0,en,lime green
255,0,63,en,red
255,0,4,en,red
225,255,0,en,electric yellow
255,0,89,en,pink
255,161,0,en,orange
215,0,255,en,magenta
255,45,0,en,red
255,0,246,en,pink purple
255,0,181,en,pink
255,0,116,en,dark pink
145,255,0,en,yellow green
254,255,0,en,yellow
229,0,255,en,amethyst
255,104,0,en,dark orange
255,0,162,en,red magenta
255,0,203,en,magenta
255,66,0,en,bittersweet
255,121,0,en,orange
255,204,0,en,mustard
255,0,13,en,red
220,0,255,en,magenta
190,255,0,en,light green
246,255,0,en,yello
148,255,0,en,green
89,255,0,en,green
255,0,157,en,fuschia
255,0,91,en,raspberry
187,255,0,en,chartreuse
255,0,35,en,red
124,255,0,en,light green
255,0,67,en,raspberry
255,194,0,en,gold
15,0,255,en,medium blue
255,0,233,en,magenta
255,0,76,en,red
255,0,210,en,magenta
145,0,255,en,purple
255,0,177,en,magenta
255,114,0,en,orange
255,0,128,en,red
255,179,0,en,mustard
255,20,0,en,red
30,0,255,en,blue
198,0,255,en,magenta
255,119,0,en,orange
255,0,107,en,red
255,235,0,en,yellow
196,0,255,en,purple
255,118,0,en,orange
255,0,94,en,neon salmon
248,0,255,en,lavender pink
255,0,114,en,magenta
255,0,146,en,raspberry
255,141,0,en,orange
253,0,255,en,magenta
255,0,219,en,magenta
200,0,255,en,purple
255,0,61,en,red
255,253,0,en,yellow
255,255,0,en,yellow
115,0,255,en,violet
161,255,0,en,lime green
255,0,49,en,red
74,255,0,en,light green
218,255,0,en,yellow green
255,0,3,en,orange red
255,0,244,en,light magenta
255,0,39,en,red
151,255,0,en,yellow green
255,0,186,en,magenta
255,0,118,en,deep pink
146,0,255,en,purple
126,255,0,en,yellow green
255,206,0,en,gold
255,174,0,en,deep gold
255,224,0,en,dandelion
255,69,0,en,dark orange
255,0,189,en,hot pink
255,135,0,en,orange
255,41,0,en,salmon
255,0,136,en,pink
255,154,0,en,orange
221,0,255,en,purple
255,0,193,en,hot pink
162,255,0,en,neon green
99,255,0,en,green
255,148,0,en,orange
255,0,152,en,hot pink
255,0,82,en,red
174,0,255,en,purple
255,0,214,en,pink
255,205,0,en,yellow
255,0,23,en,scarlette
255,93,0,en,orange
156,0,255,en,purple
201,255,0,en,yellow
255,222,0,en,dark yellow
231,255,0,en,yellow
255,0,71,en,red
38,255,0,en,green
255,88,0,en,orange
255,0,176,en,pink
94,0,255,en,indigo
71,255,0,en,green
255,71,0,en,red orange
224,0,255,en,violet
156,255,0,en,lime green
255,225,0,en,yellow
255,0,41,en,red
255,190,0,en,orange
255,0,126,en,pink
255,0,57,en,red
255,0,100,en,pinkish red
213,0,255,en,purple
255,145,0,en,red orange
255,0,163,en,pink
255,251,0,en,yellow
185,255,0,en,lime
255,0,244,en,pinkish purple
255,177,0,en,orange
255,66,0,en,red orange
255,183,0,en,goldenrod
255,215,0,en,yellow
255,0,170,en,pink
255,0,105,en,deep pink
203,255,0,en,yellow green
255,156,0,en,orange
255,117,0,en,orange red
202,0,255,en,purple
255,0,111,en,fuchsia
255,249,0,en,yellow
255,0,237,en,purplish pink
255,0,141,en,bright pink
255,0,179,en,pink
255,50,0,en,red
255,240,0,en,yellow
255,116,0,en,orange
190,255,0,en,lime green
255,0,250,en,bright pink
255,0,171,en,pink
164,255,0,en,lime green
255,130,0,en,orange
42,0,255,en,blue
255,0,9,en,red
255,197,0,en,mustard
47,255,0,en,lime green
129,0,255,en,blueish purple
255,166,0,en,orange
255,0,54,en,pinkish red
255,124,0,en,orange
205,0,255,en,periwinkle
255,113,0,en,slightly darker orange
232,255,0,en,highlighter yellow
137,0,255,en,blue purple
255,0,187,en,magenta
243,0,255,en,purple
158,255,0,en,yellow green
189,255,0,en,yellow
255,174,0,en,sienna
255,0,71,en,magenta
255,0,125,en,hot pink
255,238,0,en,yellow green
126,255,0,en,yellow
150,0,255,en,purple
255,243,0,en,yellow
255,0,79,en,magenta
255,0,2,en,red
255,201,0,en,goldenrod
255,81,0,en,orange
206,255,0,en,chartreuse
255,0,229,en,fuschia
255,73,0,en,burnt orange
255,185,0,en,mustard
88,0,255,en,dark blue
255,0,39,en,red
255,0,172,en,pink
255,0,104,en,magenta
255,0,119,en,hot pink
255,0,161,en,magenta
255,234,0,en,yellow
255,136,0,en,orange
246,0,255,en,purple
255,0,94,en,dark pink
255,0,176,en,fuschia
255,0,156,en,magenta
255,31,0,en,red
255,0,95,en,hot pink
245,255,0,en,yellow
255,229,0,en,dandelion
148,255,0,en,yellow green
133,255,0,en,lime green
90,0,255,en,blue
255,172,0,en,orange
166,0,255,en,purple
255,0,229,en,magenta
60,255,0,en,green
255,70,0,en,red orange
255,0,238,en,magenta
255,0,137,en,magenta
255,204,0,en,yellow orange
255,0,23,en,bright red
229,255,0,en,greenish yellow
205,0,255,en,purple
255,140,0,en,orange
133,0,255,en,indigo
255,86,0,en,red orange
122,255,0,en,yellowish green
255,0,53,en,red
232,0,255,en,purple
255,0,200,en,magenta
255,171,0,en,yellow orange
60,0,255,en,dark blue
255,0,104,en,hot pink
230,255,0,en,yellow green
255,214,0,en,yellow
214,0,255,en,violet
255,105,0,en,orange
255,0,20,en,red
255,194,0,en,yellow
252,255,0,en,yellow
255,0,116,en,hot pink
226,0,255,en,violet
255,69,0,en,red
255,165,0,en,orange
255,0,61,en,red
128,0,255,en,purple
255,0,186,en,violet
255,0,149,en,hot pink
68,255,0,en,green
142,255,0,en,yellow green
255,139,0,en,orange
255,0,219,en,hot pink
255,249,0,en,yellow
255,0,233,en,magenta
255,115,0,en,orange
255,236,0,en,yellow
103,0,255,en,purple
255,147,0,en,orange
255,0,248,en,magenta
255,0,91,en,pink
119,255,0,en,green
139,255,0,en,green
255,210,0,en,yellow
255,0,50,en,red
255,0,18,en,red
255,85,0,en,red orange
255,0,125,en,pink
209,255,0,en,yellow
255,0,119,en,pink
255,0,194,en,magenta
255,204,0,en,yellow
199,0,255,en,purple
255,0,170,en,magenta
255,142,0,en,orange
255,174,0,en,orange
255,65,0,en,red
255,0,228,en,magenta
143,0,255,en,purple
255,236,0,en,yellow
119,255,0,en,neon green
255,0,96,en,hot pink
202,0,255,en,violet
62,0,255,en,purple
27,255,0,en,lime green
255,73,0,en,orange
255,0,45,en,red
255,0,58,en,pink
255,167,0,en,dark yellow
184,255,0,en,chartreuse
255,0,74,en,watermelon red
255,255,0,en,chrome yellow
255,0,145,en,fuschia
255,51,0,en,orange
219,0,255,en,magenta
255,0,189,en,magenta
176,255,0,en,neon green
255,0,157,en,pink
221,255,0,en,green yellow
252,0,255,en,magenta
255,250,0,en,yellow
171,0,255,en,royal purple
255,0,128,en,fuschia
255,226,0,en,chrome yellow
255,82,0,en,burnt orange
255,184,0,en,gold
255,0,103,en,magenta
121,0,255,en,violet
255,157,0,en,goldenrod
182,255,0,en,chartruse
255,0,147,en,fushia
255,71,0,en,red
177,0,255,en,purple
95,255,0,en,green
255,85,0,en,orange
255,242,0,en,yellow
217,255,0,en,chartreuse
255,0,228,en,magenta
55,0,255,en,cobalt
255,0,43,en,red
255,0,209,en,fuschia
64,255,0,en,apple green
255,140,0,en,orange
255,163,0,en,orange
255,197,0,en,orange
255,254,0,en,yellow
255,0,227,en,fushia
255,0,184,en,fushia
148,0,255,en,purple
255,0,62,en,pink
221,0,255,en,fushia
255,0,85,en,pink
255,0,141,en,pink
198,255,0,en,yellow
255,0,46,en,red
255,223,0,en,saffron yellow
255,0,243,en,magenta
128,0,255,en,purple
255,0,15,en,ref
153,255,0,en,lime green
255,0,173,en,fuschis
103,255,0,en,neon green
255,120,0,en,orange
255,111,0,en,dark orange
255,0,198,en,pink
106,0,255,en,purple
255,134,0,en,orange
173,255,0,en,green
255,0,90,en,pink
95,255,0,en,green
182,0,255,en,purple
192,255,0,en,yellowy green
255,0,248,en,pink
255,0,151,en,pink
255,220,0,en,yellow
255,0,59,en,dark pink
255,21,0,en,red
255,163,0,en,orange
255,0,215,en,pink
255,198,0,en,orangy yellow
255,0,115,en,pink
231,255,0,en,yellow
255,0,27,en,red
255,96,0,en,orange
255,113,0,en,orage
255,143,0,en,medium orange
255,0,255,en,purple pink
255,161,0,en,light orange
255,0,152,en,pink
255,0,139,en,hot pink
255,0,86,en,red
255,0,63,en,hot pink
103,255,0,en,light green
255,226,0,en,yellow
161,0,255,en,purple
255,24,0,en,red
255,196,0,en,gold
255,253,0,en,light yellow
18,255,0,en,light green
255,0,201,en,hot pink
142,255,0,en,lime green
255,0,236,en,purple pink
215,0,255,en,purple
255,0,25,en,red
189,255,0,en,yellow green
255,0,21,en,crimson
255,126,0,en,rust
254,0,255,en,magenta
255,51,0,en,brick red
255,0,67,en,red
213,255,0,en,lime
255,0,238,en,magenta
214,0,255,en,fuschia
132,255,0,en,yellow green
255,237,0,en,yellow
255,0,94,en,rose
255,0,126,en,pink
255,204,0,en,sunflower
136,0,255,en,purple
231,255,0,en,lime
255,165,0,en,sunfllower
255,0,207,en,magenta
255,0,156,en,rose
255,104,0,en,rust
153,255,0,en,lime
222,255,0,en,lime
110,255,0,en,neon
255,0,88,en,pink
255,26,0,en,red
255,0,190,en,pink
255,0,48,en,red
255,0,221,en,pink
255,251,0,en,yellow
255,118,0,en,orange
255,146,0,en,orange
132,0,255,en,purple
249,0,255,en,pink
255,0,124,en,pink
255,183,0,en,orange
170,255,0,en,neon green
255,232,0,en,yellow
255,0,168,en,pink
255,164,0,en,orange
189,0,255,en,purple
255,0,52,en,red
108,255,0,en,light green
255,0,231,en,magenta
255,0,154,en,dark pink
160,0,255,en,dark purple
255,0,48,en,burgundy
191,0,255,en,royal purple
255,184,0,en,tan
255,244,0,en,sand
185,255,0,en,light green
255,0,54,en,red
255,136,0,en,orange
240,0,255,en,magenta
255,12,0,en,light red
183,0,255,en,purple
255,0,102,en,strawberry red
29,255,0,en,lime green
255,187,0,en,dandelion
255,151,0,en,yellow orange
255,0,74,en,stephanie when drunk
124,0,255,en,deep purple
91,255,0,en,lime
255,36,0,en,red
255,0,235,en,semi deep pink
176,255,0,en,vomit green
255,0,191,en,deep pink
248,255,0,en,yellow
255,0,170,en,magenta
255,0,112,en,strawberry red
255,82,0,en,orange
217,255,0,en,neon yellow
255,164,0,en,yellow orange
251,0,255,en,lavendar
255,218,0,en,sunshine yellow
255,0,4,en,red
73,0,255,en,royal blue
226,255,0,en,yellow green
255,92,0,en,red orange
255,221,0,en,gold
255,251,0,en,yellow
255,0,81,en,pink red
255,0,228,en,fuchsia
255,171,0,en,orange
255,0,201,en,hot pink
255,0,109,en,pink
38,255,0,en,green
222,0,255,en,purple
144,255,0,en,green
240,255,0,en,yellow
255,138,0,en,orange
96,0,255,en,purple
112,255,0,en,bright green
255,225,0,en,yellow orange
222,255,0,en,yellow
255,187,0,en,orange
255,156,0,en,orange
173,0,255,en,purple
255,0,143,en,dusky pink
255,0,137,en,pink
255,0,92,en,rose
239,0,255,en,purple
255,0,196,en,magenta
255,115,0,en,red orange
255,0,9,en,red
254,255,0,en,yellow
255,0,52,en,red
147,255,0,en,yellow green
255,69,0,en,red orange
38,255,0,en,green
255,0,255,en,magenta
255,0,67,en,red
255,0,218,en,magenta
255,148,0,en,orange
182,255,0,en,teal
255,0,172,en,pink
255,94,0,en,orange
255,77,0,en,red
196,255,0,en,yellow
110,0,255,en,purple
255,215,0,en,yellow
255,155,0,en,orange
255,0,18,en,red
255,0,206,en,magenta
255,251,0,en,yellow
33,255,0,en,lime green
168,255,0,en,yellow green
255,0,134,en,magenta
255,61,0,en,red
220,0,255,en,purple
255,157,0,en,light orange
205,0,255,en,purple
255,238,0,en,lemon yellow
239,255,0,en,greenish yellow
255,0,177,en,magenta
216,255,0,en,limey yellow
126,0,255,en,purple
255,203,0,en,dark yellow
255,0,38,en,red
255,0,107,en,magenta
255,0,78,en,scarlet
255,112,0,en,dark orange
255,0,235,en,fuscia
79,255,0,en,lime green
255,135,0,en,light orange
255,0,175,en,dark hot pink
255,0,141,en,pink
255,0,7,en,red
216,0,255,en,purple
255,230,0,en,yellow
255,0,170,en,pink
255,157,0,en,orange
217,255,0,en,yellow
255,0,233,en,pink
255,0,99,en,pink
239,255,0,en,yellow
255,0,247,en,pink
255,0,62,en,red
255,127,0,en,orange
112,255,0,en,green
255,203,0,en,yellow
168,255,0,en,green
255,56,0,en,red
255,0,190,en,pink
106,0,255,en,purple
255,99,0,en,orange
255,218,0,en,yellow
99,255,0,en,lime
255,0,188,en,hot pink
255,0,82,en,red
158,0,255,en,purple
207,0,255,en,fuschia
255,0,191,en,pink
255,135,0,en,orange
255,77,0,en,orange
179,0,255,en,purple
255,0,120,en,pink
255,207,0,en,orange
255,0,148,en,pink
144,255,0,en,green
91,0,255,en,blue
199,255,0,en,yellow
255,154,0,en,orange
100,255,0,en,green
255,0,79,en,red
249,255,0,en,yelow
255,0,240,en,pink
255,0,30,en,red
124,0,255,en,blue
255,0,255,en,pink
255,119,0,en,orange
255,0,87,en,red
255,213,0,en,yellow
255,0,183,en,fuchsia
230,0,255,en,reddish violet
255,121,0,en,orange
255,0,139,en,magenta
48,255,0,en,lime green
255,183,0,en,marigold
255,0,239,en,orchid
210,0,255,en,violet
205,255,0,en,neon yellow
108,0,255,en,indigo
255,228,0,en,gold
255,176,0,en,yellow orange
255,0,58,en,red
255,0,162,en,fuchsia
255,0,103,en,dark pink
255,249,0,en,yellow
255,0,34,en,red
255,117,0,en,red orange
154,255,0,en,chartreuse
255,38,0,en,bright red
255,0,111,en,pink
255,0,66,en,red
255,56,0,en,red orange
255,208,0,en,yellow
255,0,123,en,pink
255,170,0,en,orange
107,255,0,en,green
148,255,0,en,light green
255,0,180,en,pink
255,0,170,en,pink
25,255,0,en,green
192,255,0,en,yellow
255,113,0,en,red orange
147,0,255,en,purple
255,134,0,en,orange
255,218,0,en,yellow
17,0,255,en,dark blue
255,0,234,en,very pink
255,0,45,en,red
233,0,255,en,pink
217,0,255,en,purple
241,255,0,en,yellow
255,55,0,en,orange
255,0,51,en,pink
255,198,0,en,yellow
138,255,0,en,green
255,219,0,en,yellow
255,141,0,en,yellow orange
255,97,0,en,orange
115,255,0,en,green
255,0,209,en,fuschia
255,152,0,en,yellow
188,255,0,en,yellow
158,0,255,en,purple
164,0,255,en,purple
56,0,255,en,blue purple
255,0,239,en,pink
255,0,248,en,pink
255,0,102,en,pink
255,114,0,en,bright orange
255,0,90,en,coral
255,0,35,en,bright red
255,150,0,en,burnt orange
255,59,0,en,red
200,0,255,en,purple
255,147,0,en,orange
255,152,0,en,orange
137,255,0,en,yellow green
255,0,161,en,magenta
255,0,115,en,fuscha
147,255,0,en,green
80,0,255,en,blur
148,0,255,en,purple
255,198,0,en,yellow
255,0,147,en,pink
255,35,0,en,red
255,247,0,en,yellow
255,87,0,en,red
255,144,0,en,orange
230,255,0,en,yellow
255,0,253,en,pink
255,234,0,en,yellow
255,0,224,en,pink
255,167,0,en,orange
255,0,205,en,pink
116,255,0,en,green
255,0,117,en,pink
255,0,72,en,red
255,0,2,en,red
255,0,87,en,red
209,0,255,en,purple
255,0,253,en,red violet
255,0,231,en,red violet
255,0,158,en,magenta
186,0,255,en,violet
96,255,0,en,spring green
255,54,0,en,fire engine red
255,0,30,en,fire engine red
255,0,106,en,red
15,255,0,en,green
255,84,0,en,red
255,137,0,en,orange
255,156,0,en,orange
227,255,0,en,yellow
255,189,0,en,orange
14,0,255,en,blue
255,0,200,en,magenta
117,0,255,en,purple
255,0,68,en,red
255,226,0,en,yellow
255,0,141,en,dark pink
136,255,0,en,spring green
255,245,0,en,yellow
255,0,206,en,pink
255,122,0,en,orange
88,255,0,en,line green
255,49,0,en,red orange
255,131,0,en,light orange
72,255,0,en,neon green
255,222,0,en,yellow
86,0,255,en,purple blue
255,0,45,en,red
255,0,169,en,bright pink
255,97,0,en,orange
184,255,0,en,lime green
255,0,233,en,magenta
238,255,0,en,lemon yellow
177,0,255,en,lavender
211,255,0,en,yellow green
255,0,89,en,watermelon
255,164,0,en,light orange
255,0,112,en,rose
255,0,204,en,magenta
255,0,75,en,watermelon
134,0,255,en,purple
255,0,251,en,pink
255,192,0,en,gold
255,44,0,en,red
255,131,0,en,orange
51,0,255,en,blue
255,238,0,en,yellow
107,255,0,en,green
255,0,81,en,magenta
255,0,103,en,hot fuchsia
125,0,255,en,indigo
255,0,48,en,fire engine red
255,223,0,en,school bus yellow
89,0,255,en,royal blue
255,0,136,en,dark pink
255,180,0,en,mustard yellow
173,255,0,en,lime green
255,0,145,en,hot pink
197,255,0,en,tennis ball
246,255,0,en,greenish yellow
255,0,219,en,magenta
255,0,76,en,pinkish red
239,0,255,en,violet
255,63,0,en,orange
255,0,108,en,coral
117,0,255,en,purple
255,0,220,en,pink
255,221,0,en,goldenrod
255,0,177,en,fuscha
255,0,129,en,dark pink
207,0,255,en,magenta
235,0,255,en,fuscha
236,255,0,en,lemon yellow
255,136,0,en,orange
255,185,0,en,yellow orange
95,255,0,en,lime
255,173,0,en,pumpkin
255,0,16,en,red
133,255,0,en,chartruse
255,0,62,en,red orange
255,0,161,en,pink
255,113,0,en,orange
206,255,0,en,lime
255,108,0,en,orange
255,0,204,en,pink
255,0,38,en,red
255,0,158,en,magenta
169,255,0,en,chartreuse
255,239,0,en,yellow
255,0,253,en,violet pink
255,0,128,en,rose
255,0,92,en,red
255,159,0,en,orange
255,139,0,en,orange
174,0,255,en,purple
188,255,0,en,chartreuse
240,255,0,en,lemon yellow
255,48,0,en,red
132,0,255,en,purple
255,0,70,en,red
106,255,0,en,yellow green
255,202,0,en,gold
255,0,212,en,magenta
192,255,0,en,lime green
255,236,0,en,yellow
255,128,0,en,burnt orange
255,93,0,en,orangey red
255,206,0,en,goldenrod
255,0,86,en,fuchsia
188,0,255,en,bright purple
255,180,0,en,orange
110,0,255,en,french blue
255,0,138,en,neon berry
255,0,211,en,fuchsia
255,0,247,en,electric lavendar
159,255,0,en,vivid lime
255,250,0,en,yellow
255,0,149,en,neon berry
84,255,0,en,electric lime
255,0,41,en,red
255,22,0,en,fire engine red
255,0,49,en,lipstick red
255,0,200,en,bright purple
203,0,255,en,violet
105,0,255,en,indigo
255,0,157,en,pink
210,255,0,en,bright green
173,255,0,en,light green
255,97,0,en,orange
255,0,139,en,pink
255,0,39,en,red
255,251,0,en,yellow
255,179,0,en,yellow orange
255,237,0,en,yellow
255,0,192,en,pink
255,206,0,en,dark yellow
85,255,0,en,green
255,0,98,en,dark pink
99,0,255,en,purple
255,215,0,en,yellow
255,0,36,en,red
255,0,255,en,magenta
255,130,0,en,orange
255,252,0,en,yellow
255,131,0,en,orange
255,70,0,en,red orange
255,0,75,en,dark pink
238,0,255,en,purple
255,0,237,en,pink
255,0,19,en,red
255,0,109,en,pink
91,255,0,en,lime green
255,185,0,en,gold
231,0,255,en,purple
255,0,225,en,magenta
218,0,255,en,purple
126,0,255,en,royal
255,0,199,en,magenta
255,0,136,en,pink
255,214,0,en,marigold
255,168,0,en,orange
146,255,0,en,chartreuse
209,255,0,en,yellow green
237,255,0,en,yellow
255,67,0,en,red orange
255,112,0,en,red orange
255,0,49,en,pink red
255,131,0,en,orange
255,0,167,en,fushia
255,0,208,en,fuchsia
207,255,0,en,lime
96,0,255,en,deep periwinkle
255,0,33,en,red
255,192,0,en,goldenrod
80,0,255,en,royal blue
255,179,0,en,orange
255,0,100,en,magenta
177,255,0,en,lime
255,0,211,en,fuchsia
70,255,0,en,neon green
255,250,0,en,yellow
181,0,255,en,purple
255,0,63,en,red
255,241,0,en,golden yellow
255,51,0,en,red
255,113,0,en,orange
255,0,146,en,hot pink
255,147,0,en,goldenrod
255,0,247,en,fuchsia
255,0,117,en,magenta
255,0,106,en,rose
255,166,0,en,orange
255,0,148,en,hot pink
255,0,63,en,red
255,211,0,en,dark yellow
241,255,0,en,green yellow
255,137,0,en,dark orange
255,244,0,en,yellow
173,0,255,en,purple
225,255,0,en,yellow green
255,183,0,en,yellow orange
40,255,0,en,green
255,0,175,en,magenta
255,213,0,en,goldenrod
255,0,114,en,scarlet
255,0,95,en,pink
255,165,0,en,gold
255,214,0,en,yellow
255,108,0,en,orange
255,125,0,en,orange
77,255,0,en,green
255,155,0,en,yellow orange
120,255,0,en,green
243,0,255,en,magenta
255,0,82,en,scarlet
255,127,0,en,orange
101,0,255,en,indigo
255,0,30,en,red
255,95,0,en,burnt orange
255,0,122,en,pink
163,255,0,en,green
234,255,0,en,yellow
199,255,0,en,green
255,0,175,en,pink
88,0,255,en,blue
255,0,72,en,pink
255,0,194,en,magenta
255,0,74,en,red
255,66,0,en,burnt orange
255,0,217,en,magenta
154,255,0,en,bright green
255,0,1,en,red
237,255,0,en,neon yellow
165,0,255,en,purple
255,235,0,en,yellow
242,0,255,en,fuchsia
255,154,0,en,orange
140,255,0,en,lime green
99,255,0,en,lime green
255,237,0,en,yellow
131,255,0,en,green
255,62,0,en,red
255,0,104,en,pink
255,191,0,en,yellow
255,171,0,en,orange
163,255,0,en,green
17,0,255,en,blue
255,0,21,en,red
255,0,206,en,pink
255,0,211,en,pink
249,255,0,en,yello
189,255,0,en,green
178,0,255,en,purple
255,0,84,en,red
255,141,0,en,orange
255,0,78,en,light red
255,199,0,en,yellow
255,0,156,en,pink
255,243,0,en,yellow
111,255,0,en,light green
141,0,255,en,purple
224,0,255,en,purple
255,0,56,en,red
255,0,144,en,pink
255,148,0,en,orange
255,0,121,en,pink
255,99,0,en,orange
152,0,255,en,purple
255,204,0,en,yellow
255,0,4,en,red
255,0,217,en,pink
151,0,255,en,purple
198,0,255,en,purple
255,0,249,en,purple
255,0,198,en,pink
255,30,0,en,red
255,115,0,en,orange
255,0,54,en,cherry
206,255,0,en,neon green
255,0,47,en,red
255,0,247,en,fuschia
143,0,255,en,purple
255,0,230,en,hot pink
173,255,0,en,neon green
211,255,0,en,yellow green
255,195,0,en,goldenrod
73,0,255,en,purple blue
255,228,0,en,yellow
255,0,75,en,pinkish red
255,239,0,en,yellow
255,0,174,en,fuchsia
255,0,139,en,pink
255,207,0,en,gold
255,0,198,en,fuchsia
255,243,0,en,yellow
59,255,0,en,neon green
167,0,255,en,purple
255,140,0,en,orange
255,0,34,en,red
255,0,173,en,hot pink
255,253,0,en,yellow
139,0,255,en,grape
213,0,255,en,purple
174,255,0,en,electric green
255,0,223,en,fuchsia
51,0,255,en,royal blue
255,172,0,en,honey
255,52,0,en,cherry
255,151,0,en,orange
133,0,255,en,purple
255,0,230,en,magenta
194,0,255,en,purple
255,238,0,en,yellow
255,0,178,en,pink
255,63,0,en,orange red
255,83,0,en,orange
255,0,18,en,red
255,0,123,en,hot pink
255,153,0,en,orange
255,0,205,en,neon pink
224,0,255,en,pinkish purple
255,84,0,en,orangish red
110,255,0,en,neon green
255,51,0,en,red
255,0,88,en,pinkish red
197,255,0,en,lime green
255,88,0,en,orangish red
68,255,0,en,light green
255,213,0,en,yellow
255,187,0,en,dark yellow
255,0,223,en,fuschia
255,0,47,en,red
255,0,196,en,fuschia
38,255,0,en,lime green
255,0,106,en,magenta
248,0,255,en,purple
255,0,168,en,purple
47,0,255,en,royal blue
255,194,0,en,yellow
255,181,0,en,orange
51,255,0,en,green
248,255,0,en,yellow
255,0,135,en,pink
255,0,49,en,pink
255,130,0,en,orange
214,255,0,en,yellow
179,255,0,en,yellow green
202,0,255,en,purple
255,0,108,en,red
255,0,137,en,fuscia
223,0,255,en,violet
255,0,151,en,fuscia
255,168,0,en,yellow
105,0,255,en,purple
253,255,0,en,yellow
255,4,0,en,red
139,255,0,en,lime green
255,141,0,en,orange
255,0,78,en,red
156,0,255,en,purple
255,0,96,en,fuchsia
255,0,177,en,hot pink
255,0,62,en,red
255,117,0,en,yellow orange
244,255,0,en,yellow
255,0,131,en,bright fuchsia
255,201,0,en,yellow
255,0,234,en,fuchsia
255,29,0,en,red orange
102,255,0,en,line green
255,133,0,en,yellow orange
255,0,151,en,fuchsia
255,0,15,en,red orange
140,255,0,en,yellow green
64,0,255,en,blue violet
205,255,0,en,light yellow
255,158,0,en,yellow orange
255,214,0,en,yellow
255,0,134,en,dark pink
255,0,79,en,burgundy
255,0,48,en,red
255,0,167,en,pink
217,0,255,en,light purple
255,228,0,en,yellow
161,0,255,en,dark purple
79,255,0,en,lime green
255,0,86,en,hot pink
106,0,255,en,purple
255,0,13,en,red
255,162,0,en,goldenrod
255,0,201,en,magenta
255,192,0,en,goldenrod
230,255,0,en,yellow
255,0,62,en,hot pink
220,0,255,en,fuschia
255,118,0,en,orange
255,141,0,en,yellow orange
255,0,214,en,magenta
255,35,0,en,red
255,215,0,en,mustard yellow
255,246,0,en,buttercup
255,0,160,en,magenta
41,0,255,en,royal blue
169,0,255,en,purple
255,0,125,en,hot pink
163,255,0,en,light green
34,255,0,en,lime green
255,186,0,en,sienna
162,255,0,en,lime
255,0,126,en,coral
255,151,0,en,orange
255,0,252,en,fuscia
214,0,255,en,purple
255,57,0,en,tangerine
255,251,0,en,yellow
255,218,0,en,gold
255,174,0,en,orange
255,0,147,en,fuscia
205,255,0,en,lime
255,0,108,en,magenta
255,251,0,en,yellow
255,0,225,en,pink
153,0,255,en,purple
255,0,201,en,pink
255,76,0,en,orange
185,255,0,en,lime green
255,150,0,en,orange
255,0,95,en,dark pink
255,0,119,en,rose
108,0,255,en,kinda purple
255,0,29,en,red
255,0,226,en,fusxia
255,0,197,en,hot pink
87,255,0,en,lime
255,99,0,en,orange
218,255,0,en,yellow
255,88,0,en,red
187,0,255,en,purple
255,174,0,en,orange
255,0,149,en,pink
255,0,41,en,red
73,255,0,en,green
255,213,0,en,yellow
255,0,70,en,red
255,200,0,en,yellow
231,0,255,en,pink
255,0,28,en,red
251,255,0,en,yellow
255,0,85,en,dark pink
255,65,0,en,orange
180,255,0,en,neon green
255,155,0,en,orange
255,0,241,en,fushia
191,255,0,en,neon green
119,0,255,en,purple
255,0,56,en,red
255,102,0,en,orange
255,220,0,en,yellow
255,147,0,en,orange
255,0,151,en,pink
92,255,0,en,neon green
255,0,178,en,"pink, magenta"
255,191,0,en,yellow
188,0,255,en,purple
255,0,247,en,fushia
255,0,133,en,pink
177,255,0,en,yellow green
255,107,0,en,orange
255,0,22,en,red
236,255,0,en,yello
255,0,215,en,magenta
255,0,101,en,magenta pink
255,47,0,en,red
255,168,0,en,orange
207,255,0,en,yellow green
161,255,0,en,lime green
109,0,255,en,purple
255,223,0,en,yellow
255,0,177,en,hot pink
250,0,255,en,magenta
255,0,96,en,hot pink
255,0,155,en,strawberry
255,0,54,en,red
215,0,255,en,purple
192,255,0,en,yellow green
255,0,137,en,hot pink
92,0,255,en,blue purple
255,191,0,en,goldenrod
255,63,0,en,red
48,255,0,en,neon green
255,129,0,en,orange
255,159,0,en,orange yellow
255,83,0,en,orange
255,0,9,en,red
255,0,151,en,pink
255,0,132,en,pink
255,243,0,en,yellow
125,255,0,en,lime green
255,245,0,en,yellow
207,0,255,en,purple
240,0,255,en,fushia
255,0,62,en,red
255,204,0,en,orange
255,0,208,en,pink
255,147,0,en,orange
255,0,241,en,pink
255,0,254,en,magenta
255,0,72,en,red
255,96,0,en,burnt orange
113,255,0,en,lime
255,165,0,en,orange
69,255,0,en,lime green
255,46,0,en,red
229,0,255,en,purple
255,231,0,en,yellow
255,0,66,en,magenta
25,255,0,en,lime green
219,255,0,en,neon yellow
159,255,0,en,neon green
255,0,154,en,neon pink
255,201,0,en,yellow orange
145,0,255,en,dark purple
255,124,0,en,pumpkin
255,0,132,en,hot pink
255,221,0,en,yellow
255,170,0,en,orange
228,0,255,en,fuscia
150,255,0,en,lime green
8,0,255,en,blue
255,140,0,en,orange
255,0,204,en,fuscia
255,249,0,en,yellow
255,0,34,en,red
255,0,108,en,rose
255,0,234,en,magenta
255,0,188,en,hot pink
255,248,0,en,yellow
255,85,0,en,pumpkin
255,0,102,en,magenta
255,0,222,en,purple
186,0,255,en,dark purple
41,0,255,en,dark blue
255,0,44,en,red
255,227,0,en,dandelion
255,0,219,en,magenta
244,255,0,en,yellow
136,0,255,en,purple
255,0,192,en,pink
221,255,0,en,yellow
255,82,0,en,red orange
81,255,0,en,green
255,144,0,en,orange
255,180,0,en,yellow orange
255,0,125,en,hot pink
255,0,50,en,red
255,163,0,en,orange
255,0,116,en,rose
126,0,255,en,violet
255,219,0,en,maize
193,0,255,en,purple
255,28,0,en,red
255,206,0,en,gold
188,255,0,en,yellow green
255,0,149,en,dark pink
180,255,0,en,lime
226,255,0,en,canary yellow
255,0,32,en,red
255,0,67,en,red
255,0,83,en,fuchsia
255,0,134,en,fuchsia
255,0,233,en,azalea
22,255,0,en,green
161,255,0,en,lime green
255,0,47,en,red
255,10,0,en,cinnamon red
164,0,255,en,purple
255,185,0,en,yellow orange
255,0,150,en,hot pink
206,0,255,en,purple
255,21,0,en,red
135,255,0,en,lime green
255,0,189,en,fuchsia
26,255,0,en,bright green
116,255,0,en,lime green
255,0,170,en,fuchsia
103,0,255,en,royal blue
255,154,0,en,orange
255,114,0,en,pumpkin
255,247,0,en,lemon
255,242,0,en,canary yellow
255,0,253,en,fuchsia
255,195,0,en,butternut
255,120,0,en,tangerine
255,193,0,en,macaroni
255,32,0,en,red
255,121,0,en,orange
255,178,0,en,orange
255,0,34,en,red
255,92,0,en,red orange
116,0,255,en,indigo
255,0,78,en,red
255,0,150,en,hot pink
255,0,217,en,pink
255,243,0,en,mustard
173,255,0,en,green yellow
255,0,143,en,hot pink
113,255,0,en,lime
235,255,0,en,canary
255,0,171,en,pink
255,0,246,en,pink purple
146,0,255,en,purple
201,255,0,en,yellow green
222,0,255,en,lilac
176,0,255,en,purple
255,229,0,en,mustard
255,0,86,en,red
255,0,135,en,magenta
122,255,0,en,light green
200,255,0,en,yellow green
255,0,199,en,pink
255,0,85,en,pink
167,255,0,en,lime green
130,0,255,en,purple
255,0,54,en,red
255,212,0,en,golden rod yellow
255,70,0,en,orange
255,0,105,en,pink
255,0,230,en,neon purple
255,211,0,en,yellow
255,0,78,en,fuschia
255,213,0,en,yellow
255,32,0,en,red
162,255,0,en,lime green
255,0,248,en,neon pink
107,255,0,en,neon green
255,0,196,en,pink
190,0,255,en,bright purple
255,132,0,en,light orange
255,100,0,en,orange
255,238,0,en,canary
161,255,0,en,lime
255,0,14,en,red
255,182,0,en,gold
255,0,5,en,red
255,0,237,en,purple
255,255,0,en,yellow
255,0,91,en,magenta
255,30,0,en,red
186,255,0,en,green yello
108,255,0,en,green
255,0,202,en,purple
145,0,255,en,purple
255,0,55,en,red
233,255,0,en,neon green
255,95,0,en,orange
255,0,186,en,hot pink
75,255,0,en,lime green
255,163,0,en,mandarin
255,0,70,en,magenta
255,0,154,en,fuchsia
253,0,255,en,purple
255,189,0,en,gold
153,0,255,en,purple
167,0,255,en,purple
255,159,0,en,orange
255,104,0,en,orange
255,130,0,en,orange
162,255,0,en,green
255,234,0,en,gold
255,0,137,en,magenta
255,0,51,en,red
148,0,255,en,purple
255,0,242,en,pink
255,222,0,en,yellow
255,162,0,en,orange
255,233,0,en,lemon yellow
171,0,255,en,magenta
255,0,140,en,pin k
255,0,105,en,red
255,0,43,en,vermilion
255,99,0,en,rust
145,0,255,en,lilac
220,255,0,en,lime
255,152,0,en,orange
255,0,224,en,magenta
255,255,0,en,lemon yellow
222,0,255,en,lilac
255,0,158,en,dark pink
255,45,0,en,vermilion
162,255,0,en,light green
255,0,176,en,magenta
255,0,68,en,vermilion
105,255,0,en,neon green
255,204,0,en,ochre  yellow
255,126,0,en,orange
136,0,255,en,purple
255,0,94,en,red
255,7,0,en,red
255,0,32,en,red
255,233,0,en,yellow
255,0,203,en,pink
74,255,0,en,green
255,0,249,en,pink
255,0,239,en,pink
111,0,255,en,violet
255,207,0,en,yellow
255,0,170,en,cherry pink
255,92,0,en,orange
220,255,0,en,yellow
255,0,69,en,red
255,143,0,en,orange
255,31,0,en,red orange
255,0,131,en,magenta
202,255,0,en,neon yellow
255,75,0,en,red
255,0,80,en,red
255,0,115,en,lollypop pink
200,0,255,en,purple
255,0,45,en,red
164,255,0,en,neon yellow
255,132,0,en,orange
255,184,0,en,tangerine
149,0,255,en,light purple
93,255,0,en,chartreuse
255,0,187,en,hot pink
255,0,173,en,pink
255,90,0,en,orange
182,255,0,en,yellow green
255,0,100,en,red
255,215,0,en,orange
255,254,0,en,yellow
34,0,255,en,blue
255,0,185,en,pink
3,255,0,en,green
255,170,0,en,orange
255,0,35,en,red
255,0,75,en,red
166,0,255,en,putple
255,96,0,en,orange
255,0,202,en,pink
255,0,96,en,hot pink
255,253,0,en,yellow
255,0,214,en,pink
255,182,0,en,orange yellow
250,0,255,en,purple pink
44,0,255,en,royal blue
176,0,255,en,light purple
255,0,48,en,pink red
255,220,0,en,gold
255,0,61,en,ruby
213,255,0,en,yellow green
255,113,0,en,orange yellow
255,59,0,en,orange
255,0,213,en,fuschia
255,0,180,en,fuschia
255,225,0,en,yellow
255,0,136,en,fuschia
215,0,255,en,fuscia
255,138,0,en,orange
182,255,0,en,yellow green
255,171,0,en,yellow orange
255,189,0,en,golden yellow
45,255,0,en,lime green
255,246,0,en,yellow
255,0,37,en,red
255,0,172,en,pink
107,0,255,en,purple
255,0,82,en,ruby
255,0,254,en,fuschia
255,0,53,en,red
183,0,255,en,purple
255,217,0,en,mustard
133,0,255,en,violet
220,255,0,en,yellow green
255,0,194,en,fuscia
255,89,0,en,orange
255,0,126,en,hot pink
255,0,175,en,pink
255,244,0,en,yellow
255,5,0,en,red
255,155,0,en,orange
255,0,218,en,fuscia
255,147,0,en,orange
143,255,0,en,green yellow
255,203,0,en,mustard
132,255,0,en,neon green
255,0,81,en,pinkish red
255,0,251,en,fuscia
255,0,48,en,red
255,95,0,en,orange
255,0,17,en,red
255,0,194,en,pink
164,255,0,en,lime green
255,236,0,en,yellow
83,0,255,en,blue purple
255,0,67,en,red
255,159,0,en,orange
171,0,255,en,purple
255,0,188,en,fuscia
255,0,158,en,pink
255,75,0,en,orange
255,0,72,en,rose
106,255,0,en,lime
176,255,0,en,chartreuse
255,0,6,en,red
255,255,0,en,yellow
110,255,0,en,lime green
155,0,255,en,purple
255,0,81,en,red
204,0,255,en,mauve
255,139,0,en,orange
255,0,161,en,pinky red
255,0,224,en,pink
193,255,0,en,lime green
255,75,0,en,dark orange
255,0,116,en,crimson red
255,210,0,en,dark yellow
243,0,255,en,dark pink
198,255,0,en,chartreuse
255,202,0,en,honey
254,0,255,en,pink
255,127,0,en,orange
97,0,255,en,navy
255,0,101,en,rose
245,255,0,en,lemon
255,236,0,en,yellow
255,94,0,en,orange
255,175,0,en,carrot
255,0,128,en,rose
255,0,243,en,pink
255,103,0,en,orange
73,255,0,en,lime green
255,153,0,en,yellow orange
255,0,52,en,red
255,0,87,en,magenta
255,124,0,en,orange
180,255,0,en,yellow green
255,0,42,en,orange red
255,0,58,en,red
161,0,255,en,purple
255,146,0,en,orange
172,0,255,en,light purple
255,0,245,en,pinkish purple
255,220,0,en,yellow
255,0,88,en,pinkish red
237,255,0,en,bright yellow
255,210,0,en,dark yellow
255,0,150,en,pink
201,255,0,en,yellow
255,215,0,en,yellow
101,0,255,en,purple
255,202,0,en,yellow
255,80,0,en,orange
255,87,0,en,orange
167,0,255,en,light purple
255,0,96,en,pink
255,0,14,en,red
37,0,255,en,blue
255,0,197,en,pink
255,174,0,en,yellow
255,0,71,en,red
236,255,0,en,yellow
255,0,127,en,pink
255,144,0,en,orange
255,0,235,en,purple
143,255,0,en,green
239,0,255,en,purple
123,255,0,en,green
255,150,0,en,orange
255,0,54,en,dark pink
255,0,146,en,medium pink
79,255,0,en,lime green
255,0,189,en,magenta
250,255,0,en,yellow
255,124,0,en,orange
255,217,0,en,yellow
255,0,192,en,pink
255,248,0,en,yellow
255,0,253,en,purple
255,44,0,en,red
255,0,45,en,red
178,0,255,en,purple
255,0,96,en,pink
168,255,0,en,green
255,169,0,en,orange
255,117,0,en,orange
41,255,0,en,green
162,0,255,en,purple
255,206,0,en,yellow
198,255,0,en,green
255,0,234,en,purple
255,0,60,en,red
255,0,145,en,pink
255,0,121,en,pink
255,157,0,en,orange
255,0,14,en,red
255,110,0,en,red orange
255,0,134,en,magenta
185,255,0,en,lime greem
168,0,255,en,violet
255,0,82,en,vermillion
255,0,139,en,pink
103,0,255,en,purple
171,255,0,en,green
185,0,255,en,magenta
255,108,0,en,orange
238,255,0,en,yellow
255,0,241,en,hot pink
255,0,26,en,red
255,0,203,en,fuchsia
255,50,0,en,red
255,203,0,en,mustard
255,151,0,en,orange
221,255,0,en,yellow green
255,0,82,en,red
255,0,154,en,hot pink
96,255,0,en,lime green
234,0,255,en,fuchsia
255,229,0,en,yellow
255,176,0,en,golden yellow
255,0,111,en,hot pink
255,171,0,en,goldenrod
255,67,0,en,true red
255,0,165,en,magenta
235,0,255,en,fuschia
255,112,0,en,burnt orange
255,251,0,en,yellow
100,255,0,en,lime green
130,0,255,en,purple
255,0,135,en,hot pink
255,0,240,en,fuschia
218,0,255,en,fuschia
255,243,0,en,yellow
255,0,68,en,poppy red
255,185,0,en,goldenrod
255,0,28,en,true red
43,0,255,en,ultramarine blue
255,0,194,en,fuschia
150,255,0,en,lime green
221,255,0,en,yellow
255,141,0,en,burnt orange
255,113,0,en,orange
255,0,242,en,magenta
255,0,187,en,bright pink
255,0,147,en,hot pink
113,0,255,en,indigo
255,206,0,en,yellow
255,249,0,en,bright yellow
255,0,44,en,bright red
159,255,0,en,chartreuse
255,170,0,en,yellow orange
77,0,255,en,indigo
181,0,255,en,purple
255,0,54,en,bright red
255,0,113,en,hot pink
253,0,255,en,magenta
188,255,0,en,chartreuse
255,0,105,en,hot pink
109,255,0,en,bright green
255,130,0,en,orange
255,54,0,en,red orange
255,212,0,en,goldenrod
255,220,0,en,yellow
255,0,255,en,magenta
134,0,255,en,purple
202,0,255,en,purple
255,98,0,en,orange
241,255,0,en,yellow
255,0,187,en,fuschia
199,255,0,en,yellow
255,0,42,en,red
255,0,236,en,fuschia
160,255,0,en,green
255,151,0,en,orange
255,0,157,en,fuschia
255,0,105,en,pink
255,0,50,en,red
29,0,255,en,blue
64,255,0,en,green
255,40,0,en,red
255,188,0,en,yellow
255,0,140,en,fuschia
255,154,0,en,orange
255,178,0,en,tangerine
225,255,0,en,neon yellow
255,237,0,en,yellow
255,134,0,en,orange
255,0,133,en,hot pink
255,0,24,en,red
255,0,70,en,garnet
105,0,255,en,indigo
81,255,0,en,lime green
168,0,255,en,purple
37,0,255,en,royal blue
255,0,247,en,fuchsia
255,0,196,en,hot pink
255,212,0,en,goldenrod
255,0,231,en,magenta
255,119,0,en,orange
255,41,0,en,red
255,0,103,en,magenta
136,255,0,en,lime green
255,255,0,en,yellow
255,0,160,en,pink
255,94,0,en,orange red
255,128,0,en,orange
255,75,0,en,red orange
240,255,0,en,yellow
255,0,113,en,fuchsia
223,255,0,en,lemon yellow
223,0,255,en,violet
255,0,46,en,red
255,0,54,en,brick red
255,0,106,en,fuchsia
127,255,0,en,lime green
255,219,0,en,maize
255,0,173,en,fuchsia
255,0,184,en,violet
164,255,0,en,neon green
255,0,229,en,violet
172,0,255,en,purple
255,170,0,en,goldenrod
255,184,0,en,dandelion yellow
114,0,255,en,blue
255,222,0,en,orange
144,255,0,en,lime green
255,58,0,en,red
245,255,0,en,yellow
199,255,0,en,light green
255,188,0,en,orange
254,0,255,en,fushia
255,140,0,en,orange
255,0,159,en,pink
255,0,62,en,red
255,0,238,en,purple
255,0,185,en,pink
28,0,255,en,blue
255,0,112,en,rose
255,175,0,en,orange
255,0,28,en,red
122,255,0,en,lime green
255,0,94,en,rose
120,0,255,en,cornflower blue
255,103,0,en,red orange
186,0,255,en,purple
255,201,0,en,marigold
255,0,137,en,magenta
161,0,255,en,purple
255,0,83,en,red
137,255,0,en,lime green
255,0,162,en,pink
255,130,0,en,orange
255,216,0,en,yellow
255,61,0,en,red orange
251,255,0,en,yellow
39,0,255,en,royal
255,0,53,en,red
190,0,255,en,purple pink
255,0,194,en,pink
119,255,0,en,lime green
255,0,234,en,magenta
255,0,7,en,red
232,0,255,en,pink purple
255,160,0,en,marigold
255,88,0,en,red orange
186,255,0,en,yellow green
255,0,128,en,vibrant pink
188,255,0,en,lime green
255,0,238,en,highlighter purple
255,195,0,en,orange yellow
255,147,0,en,orange
255,181,0,en,burnt yellow
255,119,0,en,deep orange
255,0,98,en,fuscia
123,0,255,en,vibrant purple
255,50,0,en,red
154,255,0,en,lime green
255,0,143,en,pink
166,0,255,en,vibrant purple
24,0,255,en,blue
255,0,201,en,vibrant pink
234,255,0,en,yellow
253,0,255,en,highlighter purple pink
255,0,2,en,red
106,255,0,en,lime green
255,221,0,en,dirty yellow
255,0,70,en,pink red
199,255,0,en,yellow green
255,255,0,en,yellow
255,0,195,en,purple pink
255,201,0,en,yellow=orange
255,88,0,en,red orange
255,222,0,en,dark yellow
185,0,255,en,purple
255,0,38,en,pink red
255,15,0,en,red
73,255,0,en,yellow green
255,178,0,en,yellow orange
230,0,255,en,light purple
255,122,0,en,red orange
135,255,0,en,yellow green
158,0,255,en,purple
255,163,0,en,yellow orange
255,0,89,en,hot pink
255,50,0,en,orange
221,0,255,en,lilac
255,203,0,en,yellow
255,0,156,en,magenta
121,255,0,en,lime green
255,0,40,en,red pink
255,229,0,en,yellow
255,0,134,en,pink
251,255,0,en,yellow
215,255,0,en,yellow green
255,0,62,en,red pink
255,131,0,en,orange
135,255,0,en,lime green
255,107,0,en,orange
255,0,242,en,purple pink
202,0,255,en,purple
255,0,180,en,magenta
255,0,228,en,magenta
255,136,0,en,orange
255,0,207,en,vivid magenta
255,249,0,en,yellow
255,0,163,en,reddish pink
255,0,117,en,pink
255,0,89,en,pink
255,0,23,en,red
255,210,0,en,yellow
255,167,0,en,orange
255,0,153,en,pink
255,233,0,en,yellow
255,0,197,en,pink
255,12,0,en,red
129,0,255,en,purple
255,94,0,en,orange
152,255,0,en,green
255,0,223,en,pink
255,149,0,en,orange
188,255,0,en,green
241,255,0,en,yellow
83,255,0,en,green
255,0,70,en,pink
173,0,255,en,purple
228,0,255,en,purple
255,255,0,en,yellow
255,0,154,en,pink
130,0,255,en,purple
78,0,255,en,violet
255,0,83,en,fuschia
255,0,209,en,pink
239,0,255,en,purple
255,0,190,en,pink
253,255,0,en,yellow
255,188,0,en,orange
255,0,10,en,red
75,255,0,en,green
8,255,0,en,green
63,0,255,en,blue
255,132,0,en,orange
198,255,0,en,yellow green
140,255,0,en,green
255,218,0,en,orange yellow
255,0,61,en,red
255,0,231,en,fuchsia
255,90,0,en,orange
93,0,255,en,blue
239,0,255,en,purple
255,0,194,en,magenta
125,255,0,en,lime green
123,0,255,en,periwinkle
221,0,255,en,purple
255,244,0,en,cadmium yellow
255,109,0,en,orange
163,0,255,en,blue violet
255,81,0,en,bright orange
255,0,233,en,hot pink
255,0,26,en,bright red
200,255,0,en,lime
155,255,0,en,yellow green
255,231,0,en,cadmium yellow
78,0,255,en,ultramarine blue
255,0,144,en,hot pink
255,0,75,en,quinacridone
255,0,133,en,magenta
255,0,109,en,wild strawberry
255,156,0,en,tangerine
255,151,0,en,orange
255,198,0,en,yellow orange
255,0,200,en,pink
161,255,0,en,green
245,255,0,en,yellow
255,0,93,en,red
255,225,0,en,yellow
255,0,69,en,red
189,0,255,en,purple
255,159,0,en,orange
255,0,81,en,red
95,255,0,en,flourscent green
255,194,0,en,tan
255,0,168,en,pink
255,0,191,en,pink
235,255,0,en,yellow
255,87,0,en,red
255,0,252,en,pink
75,0,255,en,royal blue
114,0,255,en,purple
255,0,225,en,pink
211,255,0,en,yellow
255,218,0,en,gold
255,0,40,en,red
255,0,51,en,red
255,54,0,en,red
162,255,0,en,lime green
255,123,0,en,orange
255,0,137,en,pink
255,181,0,en,melon
45,255,0,en,lime green
191,255,0,en,spring green
200,0,255,en,violet
120,0,255,en,indigo
255,0,95,en,scarlett
255,81,0,en,persimmon
255,238,0,en,lemon yellow
184,255,0,en,spring green
255,0,134,en,scarlett
245,0,255,en,magenta
255,0,212,en,fushia
255,247,0,en,yellow
255,0,68,en,scarlett
255,197,0,en,melon
255,99,0,en,persimmon
255,0,14,en,red
255,0,209,en,fushia
255,0,145,en,hot pink
255,141,0,en,pumpkin
255,230,0,en,golden rod
214,255,0,en,greanish
221,0,255,en,cyan
164,0,255,en,purplish
255,206,0,en,almost orange
255,0,40,en,red
255,0,117,en,magenta
255,0,249,en,hot pink
255,0,148,en,fuschia
255,0,176,en,pink
255,205,0,en,dull yellow
147,0,255,en,purple
255,174,0,en,burnt orange
255,0,147,en,fuscia
166,255,0,en,lime green
255,0,245,en,fuscia
246,255,0,en,yellow
255,0,139,en,magenta
171,0,255,en,purple
255,0,225,en,hot pink
255,92,0,en,red orange
138,255,0,en,light green
203,255,0,en,yellow green
255,0,110,en,magenta
255,0,39,en,red
253,0,255,en,fuscia
255,0,13,en,res
255,112,0,en,orange
255,70,0,en,red orange
255,191,0,en,mustard
189,255,0,en,lime green
56,0,255,en,dark blue
255,0,79,en,red
255,0,194,en,fuscia
255,141,0,en,orange
255,0,93,en,red
73,255,0,en,lime green
255,235,0,en,yellow
85,255,0,en,neon green
255,152,0,en,dull orange
255,241,0,en,yellow
255,64,0,en,red orange
147,0,255,en,purple
255,166,0,en,burnt orange
190,0,255,en,lavender
240,255,0,en,yellow green
255,0,56,en,magenta
255,0,103,en,redish pink
77,0,255,en,blue
255,0,179,en,pink
255,201,0,en,merigold
166,255,0,en,lime green
255,0,211,en,pink
216,255,0,en,lime green
255,0,125,en,pink
255,118,0,en,orange
255,0,78,en,red
255,33,0,en,red
106,255,0,en,bright green
103,0,255,en,purple
234,0,255,en,pink
215,0,255,en,purple
255,231,0,en,yellow
238,255,0,en,bright yellow
255,0,45,en,red
255,0,171,en,pink
255,169,0,en,orange
255,121,0,en,bright orange
255,0,158,en,pink
94,0,255,en,purple
255,0,219,en,pink
238,0,255,en,magenta
255,250,0,en,yellow
203,0,255,en,pink
181,255,0,en,like
255,0,33,en,red
66,255,0,en,green
255,66,0,en,red
217,255,0,en,yellow
255,112,0,en,orange
255,191,0,en,tan
255,0,74,en,red
255,173,0,en,orange
255,135,0,en,orange
255,0,122,en,red
255,225,0,en,yello
255,0,102,en,red
255,0,193,en,magenta
255,0,187,en,magenta
255,223,0,en,yellow
67,0,255,en,purple
68,255,0,en,yellow green / lighter green
255,100,0,en,orange
178,0,255,en,purple
255,0,140,en,pink
255,162,0,en,orange
255,0,49,en,red
255,134,0,en,orange
255,0,170,en,magenta
157,255,0,en,lime green
96,0,255,en,purple
240,255,0,en,yellow
255,196,0,en,yellow orange
255,0,36,en,red
255,0,97,en,red
198,255,0,en,yellow
255,0,229,en,magenta
221,0,255,en,purple
255,6,0,en,red
255,0,192,en,fushia
152,255,0,en,lime green
255,0,37,en,red
245,255,0,en,yellow
255,202,0,en,tangerine
203,255,0,en,greenish yellow
201,0,255,en,purple
255,51,0,en,orange
255,0,53,en,pink
255,0,106,en,bright pink
121,255,0,en,green
255,0,231,en,fushia
255,151,0,en,orange
85,0,255,en,purple
255,0,114,en,pink
255,227,0,en,yellow
255,0,158,en,pink
155,0,255,en,purple
240,0,255,en,fushia
255,89,0,en,orange
255,167,0,en,dark yellow
255,0,35,en,red
255,0,213,en,pink
104,255,0,en,neon green
255,42,0,en,red
255,229,0,en,yellow
79,0,255,en,darker blue
216,0,255,en,purple
30,255,0,en,neon green
255,0,60,en,red
248,0,255,en,magenta
249,255,0,en,yellow
203,255,0,en,yellow green
168,0,255,en,purple
255,0,140,en,red pink
255,89,0,en,orange
161,255,0,en,lime green
255,0,89,en,red
255,241,0,en,yellow
255,173,0,en,orange
255,207,0,en,orange yellow
255,137,0,en,orange
125,255,0,en,lime green
255,0,175,en,pink
255,245,0,en,yellow
255,104,0,en,orange
214,255,0,en,neon yellow
136,0,255,en,purple
255,0,61,en,red
255,0,183,en,pink
255,173,0,en,orange yellow
255,130,0,en,darker orange
255,0,229,en,purple pink
123,0,255,en,violet
255,0,208,en,purple pink
255,0,156,en,pink
255,65,0,en,orange
255,0,27,en,orange
222,0,255,en,purple
255,209,0,en,yellow
135,255,0,en,neon green
255,0,125,en,hot pink
255,0,98,en,red pink
191,255,0,en,spring green
255,52,0,en,fire engine red
255,0,153,en,magenta
255,0,213,en,bubble gum
234,255,0,en,yellow
255,0,126,en,plum
255,0,62,en,red
233,0,255,en,fuchsia
149,0,255,en,purple
200,255,0,en,neon
255,0,22,en,red
255,0,218,en,fuchsia
255,240,0,en,yellow
255,128,0,en,orange
255,87,0,en,burnt orange
255,158,0,en,pumpkin
255,0,180,en,pink
210,0,255,en,purple
255,71,0,en,blood orange
169,255,0,en,neon green
255,0,79,en,red
255,0,109,en,cranberry
255,159,0,en,burnt orange
255,0,249,en,hot pink
201,0,255,en,purple
255,218,0,en,beige
255,84,0,en,red
255,0,184,en,pink
255,138,0,en,burnt orange
95,0,255,en,purple
48,255,0,en,green
255,0,45,en,red
165,255,0,en,spring green
255,199,0,en,burnt orange
255,208,0,en,mustard
117,255,0,en,neon green
255,0,176,en,neon pink
255,0,96,en,neon red
255,0,126,en,pink
255,250,0,en,yellow
255,154,0,en,golden rod
255,69,0,en,red orange
255,0,92,en,dark pink
255,125,0,en,orange
183,255,0,en,light green
115,255,0,en,lime green
255,0,157,en,fuscia
188,0,255,en,bright purple
188,255,0,en,lime green
255,0,205,en,fuscia
255,0,238,en,fuscia with a drop of blue
255,210,0,en,mustard yellow
255,0,51,en,red
255,255,0,en,yellow
255,228,0,en,gold
255,84,0,en,red orange
126,0,255,en,bright purple
255,0,137,en,fuscia
255,0,251,en,hot pink
255,0,7,en,red
255,0,191,en,fuschia (hot pink?)
255,0,227,en,hot pink / neon pink
201,255,0,en,chartreuse
169,255,0,en,lime green
209,0,255,en,violet
255,0,25,en,red
52,255,0,en,neon green
255,0,79,en,red
255,229,0,en,yellow
255,0,158,en,fuschia
94,0,255,en,purple
255,151,0,en,orange
220,0,255,en,violet
255,252,0,en,yellow
255,0,101,en,hot pink
255,204,0,en,yellow orange
255,23,0,en,red
255,182,0,en,orange
255,0,136,en,fuschia
255,0,191,en,fuschia
220,0,255,en,violet
255,104,0,en,orange
102,255,0,en,lime
240,255,0,en,yellow
255,136,0,en,pumpkin
255,0,47,en,red
190,0,255,en,purple
255,80,0,en,orange
150,0,255,en,purple
255,0,127,en,fuschia
255,0,86,en,red
255,170,0,en,yellow orange
255,216,0,en,yellow
137,255,0,en,lime
255,0,164,en,fuschia
255,0,78,en,red
255,200,0,en,gold
255,0,214,en,violet
215,255,0,en,chartreuse
255,0,216,en,pink
255,0,24,en,red
163,255,0,en,lime
255,255,0,en,yellow
227,255,0,en,greenish yellow
255,203,0,en,dark yellow
255,240,0,en,yellow
246,0,255,en,pink
163,0,255,en,purple
201,0,255,en,teal
255,0,184,en,pink
255,128,0,en,orange
255,155,0,en,brownish yellow
255,0,148,en,pink
255,0,68,en,red
255,0,101,en,pink
255,98,0,en,tiger orange
255,0,123,en,pink
74,0,255,en,navy blue
255,69,0,en,orange
82,255,0,en,lime green
61,255,0,en,lime
149,255,0,en,chartreuse
150,0,255,en,purple
255,208,0,en,goldenrod
255,241,0,en,gold
255,0,68,en,red
255,250,0,en,yellow
255,0,120,en,magenta
193,255,0,en,chartreuse
132,0,255,en,purple
255,187,0,en,goldenrod
255,0,172,en,hotpink
255,175,0,en,goldenrod
255,0,32,en,red
255,143,0,en,burnt orange
234,0,255,en,fuschsia
191,0,255,en,purple
47,255,0,en,lime
255,0,178,en,magenta
255,119,0,en,burnt orange
255,0,52,en,red
136,255,0,en,chartreuse
255,74,0,en,redorange
255,0,98,en,red
255,0,217,en,magenta
159,0,255,en,purple
255,0,85,en,rose
255,160,0,en,orange
247,0,255,en,magenta
255,0,80,en,red
255,254,0,en,bright yellow
255,240,0,en,yellow
255,0,31,en,red
255,205,0,en,yellow ochre
255,0,225,en,magenta
255,0,206,en,hot pink
199,255,0,en,lime green
255,83,0,en,warm red
255,0,122,en,rose
255,0,146,en,pink
211,0,255,en,purple
255,135,0,en,orange
77,255,0,en,fluorescent green
167,255,0,en,lime green
255,34,0,en,red
208,0,255,en,purple
224,255,0,en,yellow
255,0,160,en,pink
128,255,0,en,chartruesse
255,0,113,en,fuscia
255,100,0,en,orange
255,0,203,en,fuscia
255,0,48,en,red
255,225,0,en,gold
239,255,0,en,yellow
255,0,110,en,dark pink
255,0,49,en,dark mauve
255,22,0,en,dark orange
255,0,109,en,magenta
113,0,255,en,purple
129,255,0,en,lime green
255,0,38,en,dark  mauve
255,116,0,en,burnt orange
232,255,0,en,yellow
255,0,171,en,magenta
255,0,204,en,magenta
255,120,0,en,burnt orange
29,255,0,en,lime
255,0,255,en,light magenta
255,0,125,en,magenta
229,255,0,en,yellow
75,0,255,en,royal blue
183,0,255,en,purple
255,223,0,en,caution yellow
255,0,229,en,purple
255,171,0,en,burnt orange
133,255,0,en,lime green
255,200,0,en,emergency yellow
165,255,0,en,neon green
255,0,115,en,reddish hot pink
255,182,0,en,yellow orange
255,0,230,en,pinkish magenta
193,0,255,en,purple
255,212,0,en,golden yellow
255,93,0,en,dark orange
255,136,0,en,orange
255,68,0,en,red orange
69,0,255,en,ultramarine blue
241,255,0,en,bright yellow
216,255,0,en,neon greenish yellow
255,0,90,en,reddish hot pink
67,255,0,en,neon green
255,0,166,en,hot pink
255,0,200,en,hot magenta
104,0,255,en,purple
255,0,49,en,red
255,0,1,en,red
255,213,0,en,medium cadmium yellow
222,0,255,en,light purple
255,0,115,en,fuschia
255,0,193,en,hot pink
255,197,0,en,mustard
255,0,231,en,fuschia
183,0,255,en,purple
255,175,0,en,mustard
255,0,45,en,red
140,255,0,en,neon green
255,0,72,en,dark pink
255,35,0,en,red
255,112,0,en,orange
255,0,97,en,fuschia
103,0,255,en,royal blue
255,217,0,en,yellow
26,255,0,en,neon green
222,0,255,en,violet
255,0,170,en,fuschia
255,245,0,en,yellow
200,255,0,en,neon yellow
255,139,0,en,orange
132,255,0,en,neon green
255,0,56,en,red
255,32,0,en,red
134,255,0,en,neon green
255,163,0,en,mustard
161,0,255,en,purple
165,0,255,en,purple
255,111,0,en,burnt orange
1,0,255,en,blue
255,0,104,en,magenta
255,0,29,en,red
255,141,0,en,burnt orange
255,0,223,en,pink
233,255,0,en,neon yellow
255,0,189,en,fusia
255,183,0,en,mustard
147,0,255,en,purple
255,0,38,en,red
255,0,73,en,pink
195,255,0,en,yellow green
255,0,191,en,fuschia
209,0,255,en,purple
255,0,114,en,pink
231,255,0,en,yellow
255,0,93,en,pink
255,135,0,en,orange
24,255,0,en,green
255,0,225,en,fuschia
75,255,0,en,green
250,0,255,en,fuschia
255,28,0,en,red
255,194,0,en,yellow
149,255,0,en,green
255,238,0,en,yellow
255,116,0,en,orange
255,153,0,en,yellow orange
255,0,160,en,pink
255,0,108,en,magenta
255,21,0,en,reddish orange
255,238,0,en,yellow
255,244,0,en,yellow
255,0,114,en,magenta
191,0,255,en,purple
255,202,0,en,amber
255,0,147,en,magenta
255,63,0,en,scarlet
255,0,126,en,magenta
107,255,0,en,grass green
255,0,34,en,red
255,0,75,en,red
255,166,0,en,tangerine
255,91,0,en,rust orange
255,0,186,en,magenta
234,0,255,en,pinkish purple
199,255,0,en,chartreuse
255,108,0,en,orange
255,0,133,en,fuschia
102,0,255,en,purple
255,0,237,en,dark pink
244,255,0,en,yellow
255,0,63,en,red
255,215,0,en,light amber
150,0,255,en,violet
255,123,0,en,orange
255,198,0,en,amber
255,0,189,en,hot pink
255,0,104,en,magenta
255,0,23,en,scarlet
255,140,0,en,burnt orange
219,255,0,en,chartreuse
255,47,0,en,red
255,216,0,en,goldenrod yellow
192,0,255,en,bright purple
255,0,44,en,red
146,0,255,en,purple
179,255,0,en,chartreuse
255,0,153,en,magenta
255,145,0,en,orange
105,255,0,en,apple gren
255,183,0,en,tangerine
255,0,210,en,hot pink
221,0,255,en,purple
234,255,0,en,yellow
255,0,41,en,red
255,166,0,en,light orange
255,0,81,en,scarlet
255,0,213,en,pink
255,0,54,en,red
178,0,255,en,violet
255,87,0,en,orange
255,166,0,en,rust
57,255,0,en,lime green
255,206,0,en,mustard yellow
255,0,249,en,purpley pink
255,0,144,en,dark ounk
144,255,0,en,yellow green
255,0,202,en,dark pink
255,1,0,en,red
255,0,130,en,magenta
220,255,0,en,neon yellow
179,255,0,en,green yellow
255,0,160,en,hot pink
120,255,0,en,grass green
255,76,0,en,red
77,255,0,en,lime green
255,0,236,en,magenta
247,255,0,en,bright yellow
255,0,159,en,hot pink
46,0,255,en,midnight blue
255,225,0,en,mustard yellow
152,0,255,en,violet
255,116,0,en,burnt sienna
251,0,255,en,magenta
255,130,0,en,burnt orange
178,255,0,en,yellow green
255,190,0,en,mustard yellow
255,0,69,en,pink
255,101,0,en,orange
245,255,0,en,yellow
255,0,209,en,fuschia
255,171,0,en,orange
206,0,255,en,purple
255,149,0,en,orange
255,0,133,en,pink
255,209,0,en,yellow
255,236,0,en,yello
107,0,255,en,purple
255,0,172,en,pink
41,0,255,en,blue
142,255,0,en,green
255,0,33,en,red
47,255,0,en,green
233,0,255,en,purple
255,0,230,en,fuschia
255,77,0,en,orange
215,255,0,en,yellow
255,0,95,en,pink
14,0,255,en,royal blue
255,0,76,en,red
198,0,255,en,purple
255,68,0,en,orange
228,255,0,en,yellow
255,0,246,en,pink
255,0,127,en,chartruse
255,158,0,en,goldenrod
113,255,0,en,like green
255,103,0,en,orange
165,255,0,en,lime green
135,0,255,en,purple blue
255,0,224,en,dark pink
255,196,0,en,goldenrod
255,0,157,en,red pink
255,0,208,en,helen
255,241,0,en,ed
255,124,0,en,orange but more yellow
255,251,0,en,yellow
255,0,96,en,kenneth
255,0,25,en,red
255,151,0,en,orange
255,175,0,en,yellow orange
252,255,0,en,neon yellow
255,33,0,en,christmas red
156,255,0,en,lime green
255,0,200,en,hot pink
255,0,149,en,fuchsia
255,0,18,en,scarlett
255,0,102,en,scarlett
255,0,139,en,fuchsia
255,112,0,en,red orange
255,0,253,en,neon pink
255,222,0,en,golden yellow
176,0,255,en,vibrant violet
255,0,72,en,christmas red
255,0,221,en,hot pink
136,0,255,en,vibrant violet
93,255,0,en,grass green
205,255,0,en,lime green
255,209,0,en,mustard yellow
255,0,231,en,pink
136,0,255,en,purple
196,0,255,en,purple
255,0,128,en,pink
255,0,107,en,pink
255,28,0,en,orange
255,110,0,en,orange
123,255,0,en,lime green
255,135,0,en,orange
255,0,27,en,red
255,0,182,en,pink
212,255,0,en,yellow
255,208,0,en,yellow
255,215,0,en,yellow
255,0,167,en,pink
255,164,0,en,orange
177,255,0,en,green
255,0,62,en,red
251,255,0,en,yellow
242,0,255,en,pink
255,69,0,en,red orange
255,0,173,en,hot pink
18,255,0,en,green
212,0,255,en,purple
255,0,222,en,pinkish purple
255,0,40,en,red
255,155,0,en,gold
255,0,71,en,red
228,255,0,en,yellow green
243,255,0,en,yellow
255,144,0,en,orange
255,0,185,en,hot pink
232,0,255,en,purple pink
255,218,0,en,yellow gold
255,187,0,en,gold
255,114,0,en,dark orane
173,255,0,en,chartreuse
100,0,255,en,purple
255,0,111,en,reddish pink
58,255,0,en,greenish yellow
66,255,0,en,lime
255,0,147,en,fuschia
255,0,224,en,hot pink
255,189,0,en,yellow orange
228,0,255,en,magenta
255,133,0,en,orange
255,221,0,en,golden yellow
197,255,0,en,chartreuse
255,0,178,en,hot pink
255,0,31,en,scarlet
217,0,255,en,magenta
255,100,0,en,deep orange
255,175,0,en,golden
255,48,0,en,scarlet
255,0,122,en,hot pink
255,0,66,en,red
151,255,0,en,chartreuse
255,0,95,en,fuchsia
254,255,0,en,yellow
116,0,255,en,violet
197,255,0,en,lime
255,146,0,en,tangerine
255,0,255,en,magenta
255,34,0,en,red
255,0,188,en,fuschia
255,214,0,en,mustard
255,252,0,en,yellow
255,0,137,en,pink
255,0,246,en,magenta
255,0,153,en,dark pink
255,172,0,en,mustard
133,0,255,en,purple
255,0,57,en,red
255,201,0,en,dark yellow
149,255,0,en,lime
255,0,7,en,red
255,0,82,en,red
210,0,255,en,purple
255,108,0,en,orange
123,255,0,en,lime
255,0,110,en,pink
226,255,0,en,chartreuse
255,105,0,en,orange
255,0,66,en,red
107,0,255,en,indigo
255,0,223,en,fuchsia
255,71,0,en,red
255,0,177,en,pink
255,147,0,en,orange
255,0,47,en,red
71,255,0,en,green
255,195,0,en,yellow
216,0,255,en,purple
255,221,0,en,yello
164,255,0,en,green
77,0,255,en,indigo
255,0,113,en,red
255,250,0,en,yellow
255,0,149,en,pink
255,0,251,en,pink
255,179,0,en,ochre
93,255,0,en,bright green
255,0,195,en,bright purple
255,186,0,en,yellow
255,0,78,en,pink red
255,0,175,en,bright pink
255,0,221,en,bright purple
133,255,0,en,bright green
255,57,0,en,orange red
255,251,0,en,bright yellox
255,122,0,en,orange
174,0,255,en,purple
255,0,250,en,bright purple
255,222,0,en,yellow
255,0,34,en,red
171,0,255,en,purple
255,179,0,en,mustard
255,249,0,en,yellow
255,0,57,en,red
255,129,0,en,orange
255,221,0,en,yellow
255,0,152,en,pink
255,0,178,en,magents
255,68,0,en,tangerine
188,255,0,en,lime
243,0,255,en,fuschia
184,255,0,en,lime
255,104,0,en,orange
107,255,0,en,lime
255,0,135,en,pink
109,0,255,en,purple
255,0,26,en,red
255,0,231,en,fuschia
255,211,0,en,mustard
255,0,81,en,red
222,255,0,en,yellow
255,0,84,en,red
255,94,0,en,orange
168,0,255,en,purple
255,210,0,en,orange
255,232,0,en,yello
255,0,167,en,pink
241,255,0,en,yellow
255,0,177,en,pink
255,124,0,en,orange
159,255,0,en,green
56,255,0,en,green
255,0,247,en,magenta
255,0,85,en,rose
255,0,60,en,red
255,177,0,en,mustard
255,0,205,en,red violet
149,255,0,en,lime green
255,0,241,en,magenta
207,255,0,en,chartreuse
255,227,0,en,yellow
255,114,0,en,burnt orange
235,255,0,en,neon yellow
79,255,0,en,neon green
87,0,255,en,blue violet
255,0,167,en,hot pink
255,135,0,en,orange
184,0,255,en,purple
255,187,0,en,mustard
120,0,255,en,violet
255,34,0,en,red
255,0,127,en,hot pink
255,0,11,en,red
158,255,0,en,green
233,0,255,en,pink
255,0,240,en,pink
255,0,71,en,red
255,174,0,en,orange
255,0,209,en,pink
243,255,0,en,yellow
255,229,0,en,yellow
106,0,255,en,purple
87,255,0,en,green
255,0,106,en,pink
255,0,151,en,pink
255,0,142,en,pink
255,38,0,en,orange
255,146,0,en,orange
255,106,0,en,orange
255,212,0,en,yellow
230,255,0,en,yellow
180,0,255,en,purple
255,0,46,en,red
255,0,90,en,pink
255,201,0,en,orange
255,0,139,en,pink
255,159,0,en,orange
114,0,255,en,purple
255,229,0,en,yellow
255,0,39,en,red
255,0,195,en,pink
231,0,255,en,pink
255,144,0,en,orange
199,255,0,en,green
251,255,0,en,yellow
255,0,76,en,red
255,48,0,en,red
91,255,0,en,green
255,0,212,en,pink
255,86,0,en,orange
171,0,255,en,purple
178,255,0,en,green
255,0,174,en,pink
255,164,0,en,yellowish orange
247,255,0,en,yellow
190,0,255,en,purple
218,255,0,en,yellow
255,0,194,en,purple
255,104,0,en,orange
231,0,255,en,purple
255,138,0,en,orange
255,0,235,en,purple
255,0,46,en,red
255,0,137,en,purple
146,0,255,en,purple
125,255,0,en,yellowish green
70,0,255,en,blue
255,0,103,en,pink
255,217,0,en,yellow
255,0,50,en,red
134,255,0,en,lime green
255,0,168,en,purple
255,192,0,en,yellow
255,68,0,en,orange
255,244,0,en,yellow
255,169,0,en,yellow orange
241,0,255,en,magenta
255,0,22,en,red
255,144,0,en,orange
176,0,255,en,purple
255,0,112,en,hot pink
255,0,110,en,fuschia
255,0,170,en,bright berry
255,212,0,en,yellow
255,0,217,en,magenta
255,47,0,en,red orange
169,255,0,en,slime green
255,217,0,en,hotrod yellow
255,0,64,en,rose
161,0,255,en,purple
224,255,0,en,bright yellow
255,83,0,en,red orange
99,255,0,en,kelly green
255,0,181,en,magenta
255,0,15,en,apple red
255,0,228,en,fuschia
253,0,255,en,fuschia
255,0,56,en,light red
255,0,181,en,magenta
255,0,100,en,hot pink
255,0,163,en,magenta
137,255,0,en,chartreuse
255,64,0,en,orange red
236,255,0,en,lemon yellow
102,255,0,en,lime green
255,156,0,en,terra cotta
255,220,0,en,light mustard
116,0,255,en,saturated periwinkle
255,202,0,en,bright mustard
255,0,139,en,bougainvillea
255,85,0,en,burnt orange
223,255,0,en,lemon yellow with olive tinge
255,143,0,en,adobe
164,0,255,en,light bright purple violet
255,0,218,en,fuschia
255,0,156,en,hot pink
255,52,0,en,red orange
255,150,0,en,yellow orange
255,0,204,en,fuschia
255,195,0,en,yellow orange
247,255,0,en,yellow
255,167,0,en,dark yellow orange
107,255,0,en,lime green
255,0,82,en,hot pink
57,0,255,en,blue
255,0,129,en,fuschia
255,0,49,en,red violet
216,255,0,en,yellow green
165,0,255,en,violet
150,255,0,en,lime green
255,107,0,en,orange
223,0,255,en,light violet
255,238,0,en,yellow
255,0,14,en,red
158,0,255,en,purple
255,0,76,en,red
255,161,0,en,orange
255,187,0,en,yellow
255,55,0,en,red
255,88,0,en,orange
255,0,148,en,pink
153,0,255,en,purple
255,222,0,en,yellow
194,255,0,en,green
255,121,0,en,orange
183,0,255,en,purple
255,0,233,en,pink
255,0,182,en,pink
246,0,255,en,purple
92,255,0,en,green
255,0,122,en,red
141,255,0,en,green
255,0,84,en,red
250,255,0,en,yellow
255,0,1,en,red
75,0,255,en,blue
255,147,0,en,orange
109,255,0,en,lime green
234,255,0,en,yellow
255,0,51,en,red
255,0,173,en,magenta
255,234,0,en,golden yellow
255,110,0,en,orange
167,0,255,en,purple
255,0,129,en,pink
255,169,0,en,orang
255,0,183,en,magenta
255,0,254,en,pink
255,0,235,en,light purple
255,68,0,en,red orange
152,0,255,en,purple
135,255,0,en,lime green
255,0,105,en,red
255,0,41,en,red
255,194,0,en,light orange
188,255,0,en,puke
255,88,0,en,red
103,255,0,en,green
255,72,0,en,red
255,0,77,en,red
255,120,0,en,orange
255,0,194,en,pink
255,187,0,en,orange
151,0,255,en,purple
233,255,0,en,yellow
255,0,23,en,red
255,0,228,en,pink
228,255,0,en,yellow
255,0,166,en,pink
255,0,116,en,red
180,255,0,en,green
255,230,0,en,yellow
206,0,255,en,purple
255,0,107,en,pink
255,168,0,en,orange
231,0,255,en,purple
255,73,0,en,red
207,255,0,en,yellow
126,255,0,en,green
255,0,124,en,fuscia
255,195,0,en,orange
255,0,212,en,purple
255,0,251,en,purple
255,243,0,en,yellow
255,89,0,en,red
255,140,0,en,orange
255,179,0,en,orange
177,255,0,en,green
255,0,168,en,purple
255,0,73,en,red
255,0,179,en,purple
195,0,255,en,purple
255,0,94,en,pink
255,0,15,en,red
255,225,0,en,yellow
90,0,255,en,blue
140,0,255,en,purple
255,0,114,en,fuchsia
255,68,0,en,orange
255,0,210,en,magenta
255,0,67,en,pinkish
255,0,96,en,magenta
255,171,0,en,yellow orange
255,0,173,en,hot pink
100,255,0,en,grass green
255,0,198,en,magenta
216,0,255,en,lilac
255,0,35,en,red
246,255,0,en,yellow
255,139,0,en,orange
182,255,0,en,chartruese
255,118,0,en,dark orange
195,255,0,en,safety green
255,0,255,en,hot pink
255,227,0,en,corny yellow
255,195,0,en,maize
108,0,255,en,violet
255,0,130,en,pink
255,0,161,en,dark pink
224,255,0,en,yellow
255,0,109,en,dark pink
255,205,0,en,mustard yellow
255,252,0,en,yellow
255,35,0,en,red
94,0,255,en,blueberry purple
175,255,0,en,dirty yellow
211,0,255,en,purple
255,0,243,en,pink
255,0,39,en,red
255,138,0,en,orange
255,0,182,en,purple
146,0,255,en,purple
210,255,0,en,yellow
255,0,92,en,purple
255,127,0,en,orange
4,255,0,en,neon green
255,0,255,en,purple
255,242,0,en,yellow
107,255,0,en,slime green
173,255,0,en,slime green
255,0,211,en,purple
255,0,124,en,purple
255,184,0,en,mustard
255,0,35,en,red
64,0,255,en,blue
233,255,0,en,yellow
255,0,165,en,purple
255,161,0,en,mustard
255,118,0,en,mustard
209,0,255,en,purple
255,0,62,en,red
255,73,0,en,brown
255,9,0,en,red
223,0,255,en,purple
255,251,0,en,yellow
159,0,255,en,purple
255,182,0,en,yellow
255,205,0,en,yellow
255,0,199,en,purple
255,0,108,en,pink
178,0,255,en,purple
255,0,69,en,pink
255,0,244,en,purple
255,0,172,en,pink
255,116,0,en,orange
190,255,0,en,yellow
255,130,0,en,orange
255,225,0,en,yellow
134,255,0,en,green
45,255,0,en,green
255,0,39,en,red
255,0,124,en,pink
255,139,0,en,orange
218,255,0,en,neon yellow
242,0,255,en,magenta
255,0,88,en,strawberry red
245,255,0,en,yellow
255,218,0,en,golden
157,255,0,en,lime green
255,0,74,en,red
134,0,255,en,violet
255,93,0,en,burnt orange
26,255,0,en,lime green
205,0,255,en,purple
255,0,31,en,fire engine red
255,0,179,en,magenta
255,71,0,en,yellow orange
255,164,0,en,orange
255,0,161,en,magenta
255,0,122,en,hot pink
255,194,0,en,golden
42,255,0,en,lime green
255,0,245,en,neon purple
255,189,0,en,gold
255,172,0,en,burnt gold
71,255,0,en,neon green
114,0,255,en,indigo
255,216,0,en,goldenrod
255,0,106,en,pink
255,0,189,en,pink
255,0,229,en,purple
255,121,0,en,orange
175,255,0,en,green
255,0,67,en,red
117,0,255,en,purple
255,167,0,en,orange
171,0,255,en,violet
255,0,192,en,magenta
255,0,9,en,red
255,0,247,en,magenta
79,0,255,en,blue
134,255,0,en,green
255,0,161,en,pink
125,255,0,en,green
255,108,0,en,orange
255,195,0,en,orange
255,0,215,en,pink
255,226,0,en,yellow
255,0,90,en,hot pink
253,255,0,en,yellow
255,73,0,en,orangey red
202,255,0,en,lime
255,150,0,en,orange
255,0,118,en,pink
255,0,134,en,pink
255,0,174,en,pink
255,104,0,en,orange
255,230,0,en,yellow
183,255,0,en,yellow
255,0,187,en,pink
255,0,80,en,red
255,164,0,en,orange
150,0,255,en,purple
192,0,255,en,violet
44,255,0,en,green
255,191,0,en,orange
216,255,0,en,yellow
255,0,218,en,pink
255,25,0,en,red
255,0,26,en,red
255,0,105,en,red
50,0,255,en,blue
255,144,0,en,orange
255,0,252,en,pink
240,255,0,en,yellow
255,194,0,en,orange
255,218,0,en,amber
255,129,0,en,orange
255,0,223,en,pink
230,0,255,en,purple
255,0,153,en,red
213,0,255,en,violet
255,0,71,en,red
255,0,21,en,red
163,255,0,en,green
255,114,0,en,orange
76,0,255,en,blue
233,255,0,en,yellow
255,0,126,en,red
255,74,0,en,red
112,0,255,en,blue
255,157,0,en,orange
255,0,201,en,pink
255,0,95,en,red
188,255,0,en,green
97,255,0,en,green
255,0,221,en,magenta
155,0,255,en,purple
61,0,255,en,blue
255,239,0,en,yellow
255,0,32,en,red
255,136,0,en,orange
255,76,0,en,dark orange
197,255,0,en,lime green
255,0,204,en,magenta
227,0,255,en,purple
255,0,176,en,pink
255,175,0,en,orange
255,0,59,en,red
255,0,139,en,pink
184,255,0,en,green
255,187,0,en,orange
255,89,0,en,red orange
255,0,101,en,red
181,0,255,en,purple
130,255,0,en,apple green
255,253,0,en,yellow
255,0,26,en,red
255,0,141,en,pink
255,0,194,en,pink
255,221,0,en,yellow
115,0,255,en,purple
156,255,0,en,lime green
255,0,60,en,red
255,62,0,en,red
251,255,0,en,yellow
255,0,95,en,red
255,0,224,en,pink
255,200,0,en,orange
207,255,0,en,citrus (yellow green)
86,255,0,en,green
218,0,255,en,purple
247,0,255,en,pink
255,165,0,en,orange
28,0,255,en,dark blue
255,0,173,en,pink
255,138,0,en,orange
255,101,0,en,orange
255,190,0,en,goldenrod
136,255,0,en,lime green
199,0,255,en,violet
255,0,245,en,fuschia
74,0,255,en,royal blue
255,0,14,en,crimson
255,96,0,en,red orange
238,255,0,en,lemon yellow
255,12,0,en,crimson
255,136,0,en,yellow orange
255,0,98,en,magenta
209,255,0,en,lemon yellow
255,0,195,en,fuschia
52,255,0,en,lime green
255,0,56,en,crimson
255,0,157,en,magenta
255,231,0,en,lemon yellow
255,0,142,en,magenta
255,168,0,en,goldenrod
125,0,255,en,grape
249,0,255,en,violet
255,0,215,en,pink
255,178,0,en,orange
81,0,255,en,indigo
255,0,48,en,red
119,0,255,en,violet
255,101,0,en,umber
255,0,67,en,red
90,255,0,en,green
255,238,0,en,yellow
255,52,0,en,red orange
167,255,0,en,grass green
255,131,0,en,orange
210,255,0,en,yellow green
255,0,212,en,pink
255,0,142,en,pink
206,0,255,en,purple
255,253,0,en,yellow
255,0,157,en,pink
255,241,0,en,yellow
255,0,224,en,pink purple
120,0,255,en,blue
255,0,190,en,pink2
255,159,0,en,orange
255,0,162,en,pink
255,200,0,en,orange2
125,255,0,en,lime green
255,0,136,en,pink
255,64,0,en,orange
255,0,2,en,red
255,0,93,en,pink2
227,255,0,en,yellow
255,255,0,en,yellow
255,104,0,en,orange2
193,0,255,en,purple2
142,255,0,en,green
224,0,255,en,purple
255,0,66,en,pink
255,139,0,en,orange
135,0,255,en,purple
211,255,0,en,acid yellow
174,255,0,en,lime green
255,0,228,en,schiaparelli
255,0,23,en,scarlet
255,0,166,en,fuschia
255,0,201,en,fuschia
228,255,0,en,yellow
255,215,0,en,golden yellow
255,0,232,en,magenta
255,161,0,en,orange
255,0,46,en,red
255,198,0,en,golden orange
255,107,0,en,red orange
255,0,145,en,magenta
108,255,0,en,green yellow
255,0,78,en,fuschia
255,147,0,en,orange
255,0,179,en,magenta
255,64,0,en,red orange
255,0,97,en,fuschia
142,0,255,en,purple
217,0,255,en,purple magenta
149,255,0,en,neon green
243,255,0,en,yellow
255,0,140,en,magenta
252,0,255,en,fushia
255,89,0,en,orange
255,0,82,en,pink
255,0,46,en,red
229,0,255,en,purple
210,255,0,en,yellow
212,0,255,en,purple
255,182,0,en,dark yellow
122,255,0,en,yellow green
255,157,0,en,orange
255,147,0,en,light orange
255,72,0,en,dark orange
255,0,49,en,red
255,252,0,en,yellow
255,0,160,en,magenta
150,0,255,en,purple
255,225,0,en,gold
30,255,0,en,green
71,255,0,en,green
202,255,0,en,lime green
255,0,24,en,red
255,83,0,en,coral
255,238,0,en,yellow
255,0,68,en,pink
255,0,212,en,pink
153,255,0,en,green
245,255,0,en,yellow
255,122,0,en,orange
255,193,0,en,hello
143,0,255,en,purple
67,0,255,en,blue
255,35,0,en,red
255,157,0,en,orange
255,0,116,en,pink
255,0,186,en,pink
255,0,249,en,pink
203,0,255,en,purple
255,0,93,en,pink
255,0,155,en,pink
255,0,199,en,pink
142,0,255,en,purple
255,0,233,en,pink
255,51,0,en,red
255,0,84,en,redish pink
248,0,255,en,pink
218,255,0,en,yellow
255,0,18,en,red
255,0,114,en,pink
255,227,0,en,yellow
255,197,0,en,yellow
255,84,0,en,orange
255,139,0,en,orange
210,0,255,en,purple
81,255,0,en,green
170,255,0,en,green
255,181,0,en,orange
255,0,76,en,red
255,0,162,en,pink
255,244,0,en,yellow
255,214,0,en,yellow
95,0,255,en,purple
78,255,0,en,green
255,207,0,en,yellow
255,52,0,en,red
171,0,255,en,purple
255,245,0,en,yellow
65,0,255,en,purple
255,82,0,en,red
230,0,255,en,purple
225,255,0,en,yellow
255,0,170,en,pink
255,0,189,en,pink
255,148,0,en,orange
255,0,64,en,red
255,0,40,en,red
255,0,135,en,pink
255,0,110,en,pink
255,0,236,en,purple
178,255,0,en,green
255,181,0,en,yellow
255,0,60,en,red
255,150,0,en,orange
255,102,0,en,orange
255,191,0,en,yellow
254,0,255,en,purple
255,0,98,en,pink
255,0,167,en,pink
108,255,0,en,green
118,0,255,en,purple
255,0,187,en,pink
208,0,255,en,purple
255,234,0,en,yellow
255,73,0,en,orange
242,255,0,en,yellow
205,255,0,en,yellow
255,0,224,en,purple
255,157,0,en,orange
255,0,134,en,pink
255,0,24,en,red
149,255,0,en,green
255,110,0,en,international orange
3,0,255,en,blue
255,28,0,en,vermillion
107,255,0,en,chartreuse
255,0,86,en,ruby
255,200,0,en,goldenrod
255,0,194,en,magenta
236,255,0,en,yellow
243,0,255,en,fuschia
150,255,0,en,lime green
255,0,141,en,magenta
255,0,44,en,crimson
255,140,0,en,tangerine
255,236,0,en,gold
201,0,255,en,orchid
198,255,0,en,green yellow
255,0,63,en,crimson
255,0,216,en,fuschia
255,0,160,en,orchid
255,178,0,en,tangerine
97,0,255,en,indigo
106,255,0,en,lime green
29,255,0,en,dark lime green
227,0,255,en,fushia
187,255,0,en,pear green
157,0,255,en,light purple
255,179,0,en,pumpkin orange
255,210,0,en,orange yellow
255,0,89,en,hot pink
255,0,71,en,dark hot pink
255,40,0,en,red
255,214,0,en,slightly lighter orange yellow
250,255,0,en,yellow
149,255,0,en,lime green
255,0,234,en,light pink
255,144,0,en,orange
255,104,0,en,dark orange
255,0,201,en,lighter pink
255,0,153,en,darker pink
195,0,255,en,light purple
255,0,140,en,pink
255,0,44,en,red
155,255,0,en,lime
255,195,0,en,autumn
168,0,255,en,purple
255,0,43,en,red
255,0,69,en,hot pink
125,0,255,en,violet
255,0,97,en,pink
255,91,0,en,hot orange
255,140,0,en,orange
255,177,0,en,light orange
255,0,244,en,neon pink
239,0,255,en,pinkish purple
255,35,0,en,red
255,255,0,en,yellow
196,255,0,en,yellowish green
255,0,208,en,hot pink
56,255,0,en,hot green
255,231,0,en,yellow
255,0,161,en,neon pink
255,0,119,en,reddish pink
255,0,64,en,red
255,0,233,en,pink
255,138,0,en,orange
255,17,0,en,red
255,0,82,en,vivid red
255,0,169,en,pink
217,255,0,en,lime green
255,231,0,en,yellow ochre
255,108,0,en,burnt amber
180,0,255,en,purple
227,0,255,en,vivid purple
107,0,255,en,deep purble
255,0,204,en,vivid pink
239,255,0,en,lime green
159,255,0,en,vivid green
255,0,44,en,red vermillion
255,185,0,en,burnt ochre
77,0,255,en,electric blue
62,255,0,en,vivid green
255,179,0,en,orange ochre
255,0,112,en,pinky red
255,0,25,en,red
255,249,0,en,yellow
255,75,0,en,dark orange
177,255,0,en,lime green
255,0,139,en,magenta
144,0,255,en,purple
255,0,64,en,dark pink
75,255,0,en,green
255,0,229,en,pink purple
255,100,0,en,orange
255,222,0,en,yellow
187,0,255,en,purple
255,0,175,en,magenta
29,255,0,en,green
255,0,247,en,pink purple
255,0,83,en,dark pink
255,170,0,en,yellow orange
255,195,0,en,dark yellow
255,137,0,en,dark orange
255,0,204,en,magenta
200,255,0,en,yellow
255,0,94,en,pink
255,22,0,en,red
123,0,255,en,navy blue
255,0,42,en,red
255,122,0,en,orange
255,250,0,en,yellow
171,0,255,en,purple
129,255,0,en,green
255,197,0,en,orange
158,255,0,en,lime green
240,0,255,en,purple
255,228,0,en,yellow
255,156,0,en,orange
255,0,65,en,red
255,0,200,en,periwinkle
255,0,147,en,pink
255,108,0,en,orange
210,255,0,en,lime green
255,0,245,en,periwinkle
255,0,114,en,pink
255,0,108,en,magenta
255,0,176,en,pink
255,0,119,en,red pink
255,204,0,en,yellow
115,255,0,en,limegreen
160,0,255,en,violet
255,71,0,en,red
228,0,255,en,purple
255,238,0,en,yellow
255,0,163,en,magenta
194,255,0,en,limegreen
255,100,0,en,orange
255,0,64,en,ruby
149,255,0,en,limegreen
197,0,255,en,violet
255,121,0,en,orange
255,0,33,en,red
255,0,230,en,purple
249,255,0,en,yellow
255,156,0,en,yellowish orange
255,248,0,en,yellow
119,255,0,en,lime green
255,0,99,en,red
255,0,127,en,pink red
222,255,0,en,yellow green
255,0,173,en,magenta
255,0,73,en,red
218,0,255,en,purple
255,177,0,en,orange yellow
242,0,255,en,light purple
255,100,0,en,orange
255,0,179,en,pink
255,233,0,en,yellow
255,118,0,en,orange
72,0,255,en,dark blue
127,0,255,en,purple
174,255,0,en,green
107,255,0,en,green
184,0,255,en,purple
255,134,0,en,orange
255,0,171,en,pink
255,180,0,en,mustard
255,226,0,en,yellow
255,0,121,en,dark pink
250,255,0,en,yellow
255,0,252,en,fuschia
255,26,0,en,red
255,211,0,en,yellow
255,0,239,en,fuschia
255,0,62,en,red
255,0,190,en,pink
213,255,0,en,green
255,0,23,en,red
255,0,103,en,pink
255,133,0,en,orange
225,0,255,en,magenta
213,0,255,en,magenta
255,0,209,en,magenta
255,214,0,en,yellow
255,0,212,en,magneta
255,202,0,en,yello
151,255,0,en,pea green
255,165,0,en,brownish orange
255,0,66,en,red
3,255,0,en,lime green
255,0,94,en,red
87,255,0,en,lime green
255,0,46,en,red
227,255,0,en,yellow
255,244,0,en,yellow
106,0,255,en,purple
255,118,0,en,orange
255,32,0,en,red
255,120,0,en,orange
100,0,255,en,blue
255,0,61,en,red
172,255,0,en,green
49,255,0,en,green
255,0,28,en,red
255,0,134,en,purple
217,255,0,en,yellow
255,167,0,en,orange
255,99,0,en,orange
252,255,0,en,yellow
255,0,221,en,purple
255,0,90,en,red
221,0,255,en,purple
255,235,0,en,yellow
255,0,154,en,pink
255,0,182,en,purple
255,204,0,en,yellow
255,39,0,en,red
164,0,255,en,purple
255,0,234,en,pink
157,255,0,en,leaf green
218,0,255,en,voilet
255,124,0,en,orange
255,52,0,en,red
203,255,0,en,yellow green
255,0,249,en,pink
255,190,0,en,dark yellow
255,214,0,en,yellow
255,0,191,en,light pink
255,165,0,en,orange
255,0,139,en,rose
255,0,11,en,red
255,0,145,en,rose
255,0,67,en,red
255,0,97,en,dark red
122,255,0,en,light green
255,101,0,en,orange
151,0,255,en,purple
248,255,0,en,yellow
75,0,255,en,blue
255,0,242,en,fuscia
56,255,0,en,lime green
255,0,39,en,red
131,0,255,en,violet
255,0,115,en,pink
255,105,0,en,tangerine
255,0,172,en,hot pink
255,165,0,en,orange
169,255,0,en,lime green
255,249,0,en,lemon
255,131,0,en,orange
255,232,0,en,yellow
255,0,107,en,pink
255,0,59,en,red
255,29,0,en,fire engine red
222,255,0,en,neon yellow
188,0,255,en,purple
255,0,249,en,fuscia
255,209,0,en,orangey yellow
68,0,255,en,navy
255,222,0,en,bright yellow
255,0,77,en,red
255,208,0,en,mustard yellow
255,143,0,en,orange
247,255,0,en,canary yellow
255,0,153,en,fuscia
255,172,0,en,burnt orange
101,0,255,en,deep blue
255,0,135,en,fuschia
255,0,200,en,bright pink
255,0,220,en,fuschia
168,255,0,en,bright green
255,114,0,en,deep orange
255,0,252,en,pink
255,0,64,en,red
135,255,0,en,lime green
255,0,142,en,piiiink
121,255,0,en,liiiiiime green
126,0,255,en,purple
255,0,143,en,piiiiiiiiiink
255,140,0,en,orange
255,102,0,en,dark orange
255,0,84,en,light red
255,178,0,en,light orange
209,255,0,en,lime
255,30,0,en,red
255,0,198,en,pink
179,255,0,en,neon green
255,195,0,en,golden orange
30,255,0,en,green
27,0,255,en,blue
175,0,255,en,purple
255,0,61,en,magenta
255,0,218,en,neon pink
255,0,120,en,magenta
255,0,109,en,magenta
204,255,0,en,lime green
255,231,0,en,yellow
255,58,0,en,red
255,0,172,en,neon pink
255,0,255,en,neon pink
255,0,203,en,neon pink
255,0,43,en,red
255,129,0,en,orange
255,94,0,en,orange
231,255,0,en,yellow
255,160,0,en,orange
124,255,0,en,lime green
111,0,255,en,neon purple
214,0,255,en,purple
255,93,0,en,orange
255,38,0,en,red
255,191,0,en,yellow
225,255,0,en,yellow
255,139,0,en,orange
255,0,61,en,red
255,0,218,en,purple
255,0,131,en,red
255,165,0,en,orange
255,255,0,en,yellow
150,0,255,en,purple
74,0,255,en,blue
255,0,197,en,pink
255,0,63,en,red
255,0,217,en,pink
203,0,255,en,purple
239,255,0,en,yellow
255,120,0,en,orange
255,95,0,en,orange
255,1,0,en,red
100,0,255,en,purple
255,0,131,en,pink
139,255,0,en,green
192,255,0,en,yellow green
255,0,148,en,pink
255,0,105,en,pink
255,179,0,en,orange
255,191,0,en,orange
255,0,33,en,red
115,255,0,en,green
238,0,255,en,magenta
255,237,0,en,yellow
94,0,255,en,blue purple
255,218,0,en,yellow
203,255,0,en,yellow green
163,255,0,en,bright green
220,0,255,en,purple
255,175,0,en,light orange
183,0,255,en,purple
255,252,0,en,yellow
255,136,0,en,orange
255,0,126,en,hot pink
83,255,0,en,green
255,0,83,en,red
255,0,161,en,hot pink
255,74,0,en,red
255,0,202,en,fuchsia
255,209,0,en,yellow
255,0,66,en,red
255,106,0,en,red orange
255,170,0,en,orange
255,0,201,en,hot pink
255,0,73,en,red
198,255,0,en,lime green
255,0,228,en,pink
164,255,0,en,lime green
255,62,0,en,red
255,0,122,en,pink
71,255,0,en,kelly green
255,114,0,en,orange
255,232,0,en,yellow
232,255,0,en,yellow
255,0,47,en,red
196,0,255,en,purple
255,211,0,en,mustard yellow
255,0,81,en,red
255,0,247,en,fuchsia
131,0,255,en,purple
255,123,0,en,orange
255,0,143,en,pink
255,0,9,en,scarlet
255,23,0,en,red
186,255,0,en,chartreuse
255,0,88,en,hot pink
253,0,255,en,magenta
255,246,0,en,yellow
255,90,0,en,dark orange
255,0,60,en,rose
255,159,0,en,light orange
129,255,0,en,green
114,0,255,en,purple
137,255,0,en,green
255,129,0,en,orange
255,0,179,en,purple pink
255,0,142,en,hot pink
255,0,212,en,magenta
255,0,148,en,purple
255,0,119,en,pink
255,40,0,en,red
255,95,0,en,orange
255,0,223,en,purple
255,135,0,en,orange
255,0,102,en,red
103,255,0,en,green
70,0,255,en,blue
255,207,0,en,yellow
255,0,186,en,purple
255,0,150,en,pink
255,180,0,en,orange
135,0,255,en,purple
246,0,255,en,purple
193,255,0,en,lime
255,0,21,en,red
241,255,0,en,yellow
255,229,0,en,yellow
192,0,255,en,puple
179,255,0,en,lime
255,0,64,en,red
255,0,56,en,red
255,209,0,en,yellow orange
255,0,115,en,hot pink
255,0,106,en,pink
85,0,255,en,purple
255,0,32,en,red
255,0,231,en,magenta
255,0,202,en,magenta
255,52,0,en,red
255,106,0,en,orange
255,140,0,en,orange
156,255,0,en,lime
255,224,0,en,yellow
104,255,0,en,light green
255,0,171,en,pink
193,255,0,en,green
118,0,255,en,purple
211,0,255,en,pink
255,170,0,en,orange
235,255,0,en,yellow
255,0,249,en,pink
212,255,0,en,green
255,88,0,en,orange
255,0,36,en,red
255,123,0,en,orange
168,0,255,en,purple
150,0,255,en,purple
219,0,255,en,pink
188,0,255,en,purple
255,196,0,en,yellow
119,255,0,en,green
255,122,0,en,orange
224,255,0,en,green
239,0,255,en,purple
255,164,0,en,orange
255,206,0,en,yellow
99,255,0,en,green
255,0,130,en,pink
191,255,0,en,green
255,0,104,en,pink
163,255,0,en,green
255,0,67,en,pink
68,0,255,en,blue
255,0,231,en,pink
215,0,255,en,purple
255,0,92,en,red
255,167,0,en,yellow
255,0,142,en,pink
255,207,0,en,yellow
255,218,0,en,yellow
255,0,33,en,red
255,0,166,en,pink
156,255,0,en,green
255,0,85,en,red
255,0,142,en,pink
255,108,0,en,orange
255,55,0,en,red
104,0,255,en,purple
255,0,154,en,pink
255,0,220,en,pink
85,0,255,en,blue
247,0,255,en,pink
143,0,255,en,purple
255,115,0,en,orange
82,255,0,en,green
255,0,198,en,pink
255,0,72,en,read
52,255,0,en,green
255,43,0,en,red
255,221,0,en,yellow
255,160,0,en,orange
253,255,0,en,yellow
255,0,217,en,pink
136,255,0,en,green
169,255,0,en,green
255,235,0,en,yelloe
255,244,0,en,yellow
219,255,0,en,green
255,19,0,en,red
255,0,40,en,red
255,0,175,en,pink
255,120,0,en,orange
181,0,255,en,purple
255,139,0,en,orange
255,79,0,en,red
255,0,200,en,pink
255,0,30,en,red
255,164,0,en,yellow
253,255,0,en,yellow
255,82,0,en,red
255,223,0,en,yellow
255,0,252,en,pink
146,0,255,en,purple
255,0,50,en,red
250,255,0,en,yellow
255,0,218,en,pink
255,0,179,en,pink
255,0,62,en,red
255,0,164,en,pink
255,0,136,en,pink
255,0,96,en,red
255,0,187,en,pink
255,190,0,en,yellow
255,0,245,en,bright pink
132,255,0,en,lime
139,0,255,en,purple
255,0,171,en,pink
255,0,135,en,dark pink
255,86,0,en,red orange
255,0,68,en,red
255,122,0,en,orange
255,239,0,en,yellow
255,249,0,en,sunflower
181,0,255,en,purple
177,255,0,en,vomit
255,194,0,en,pumpkin
199,255,0,en,gangrene
234,0,255,en,purple
255,0,88,en,smooth red
255,160,0,en,orange
255,35,0,en,red
255,0,22,en,red
146,0,255,en,indigo
255,0,121,en,pink
255,8,0,en,red
255,166,0,en,orange
255,207,0,en,light orange
255,0,56,en,coral
255,134,0,en,orange
203,255,0,en,lime green
255,254,0,en,yellow
214,0,255,en,purple
177,255,0,en,light green
129,255,0,en,grass green
252,0,255,en,pink
255,0,145,en,hot pink
255,0,216,en,pink
255,117,0,en,orange
255,0,85,en,fuchia
255,0,190,en,pink
255,239,0,en,yellow
255,0,25,en,red
255,247,0,en,yellow
255,0,90,en,pink
142,255,0,en,green
255,0,20,en,red
122,255,0,en,green
255,224,0,en,yellow
255,139,0,en,orange
255,0,213,en,pink
218,0,255,en,purple
85,0,255,en,blue
255,206,0,en,yellow
155,0,255,en,purpel
255,0,194,en,pink
255,0,8,en,red
255,80,0,en,red
252,255,0,en,yellow
255,146,0,en,orange
255,0,158,en,pink
255,0,67,en,red
255,88,0,en,red
255,236,0,en,yellow
57,255,0,en,green
85,0,255,en,dark blue
255,0,76,en,red
255,112,0,en,bright orange
255,0,239,en,pink
255,172,0,en,orange
255,249,0,en,yellow
255,76,0,en,reddish orange
70,255,0,en,green
104,0,255,en,purple
148,0,255,en,purple
255,203,0,en,yellow
255,18,0,en,red
255,0,69,en,red
255,88,0,en,orange
255,0,196,en,pink
255,243,0,en,yellow
255,0,175,en,pink
131,255,0,en,green
255,0,43,en,red
255,0,205,en,pink
255,150,0,en,orange
242,255,0,en,yellow
189,0,255,en,purple
254,0,255,en,light purple
255,221,0,en,yellow
255,149,0,en,orange
213,0,255,en,purple
255,195,0,en,light orange
226,255,0,en,yello
255,103,0,en,orange
255,0,93,en,light red
255,0,211,en,pink
255,186,0,en,yellow
255,0,255,en,pink
255,0,199,en,pinky
255,0,159,en,pink
255,0,125,en,pink
204,0,255,en,purple
255,0,105,en,red
255,0,88,en,red
255,0,222,en,pink
255,0,197,en,pink
255,0,129,en,pink
255,0,79,en,red
255,249,0,en,yellow
70,255,0,en,neo
255,0,136,en,pink
255,44,0,en,red
255,0,249,en,pink
135,255,0,en,green
115,0,255,en,purple
201,255,0,en,yellow
255,0,112,en,reed
255,0,167,en,pink
207,0,255,en,pruple
255,181,0,en,orange
255,0,25,en,red
255,0,168,en,pink
132,0,255,en,purple
136,255,0,en,neo
255,160,0,en,orange
255,2,0,en,red
255,220,0,en,yellow
255,0,13,en,red
166,255,0,en,green
201,255,0,en,green
255,198,0,en,orange
255,142,0,en,peach
255,52,0,en,red
255,0,193,en,magenta
255,0,112,en,coral
79,0,255,en,royal blue
255,0,99,en,nantucket red
211,0,255,en,pink purple
255,196,0,en,gold
255,242,0,en,yellow
255,176,0,en,burnt gold
255,0,171,en,magenta
252,255,0,en,bright yellow
112,255,0,en,bright green
219,255,0,en,green yellow
255,0,222,en,bright pink
188,0,255,en,violet
255,0,165,en,pink
184,255,0,en,kiwi
96,255,0,en,green
255,0,254,en,pink
255,207,0,en,orange
255,0,61,en,red
144,0,255,en,violet
255,120,0,en,orange
255,155,0,en,orange
255,103,0,en,orange
255,0,200,en,pink
255,220,0,en,yellow
255,0,9,en,red
255,137,0,en,burnt orange
255,100,0,en,orange
239,0,255,en,magenta
255,0,57,en,nantucket red
161,255,0,en,lime green
99,0,255,en,indigo
208,255,0,en,kiwi
255,0,142,en,pink
255,0,29,en,red
255,0,93,en,beet red
255,0,223,en,pink
255,245,0,en,yellow
255,75,0,en,orange red
255,167,0,en,yellow orange
255,146,0,en,orange
201,255,0,en,lime
255,0,143,en,magenta
255,100,0,en,red orange
255,0,232,en,magenta
108,0,255,en,indigo
255,69,0,en,vermillion
175,255,0,en,green lime
255,0,33,en,red
255,0,173,en,red magenta
238,0,255,en,blue magenta
99,255,0,en,electric green
242,255,0,en,yellow
255,235,0,en,mid yellow
255,0,74,en,strawberry
42,0,255,en,blue
255,0,103,en,hot pink
255,187,0,en,gold
255,0,185,en,blue magenta
194,0,255,en,purple
247,0,255,en,magenta
255,254,0,en,yellow
255,0,134,en,pink
255,0,186,en,magenta
255,165,0,en,orange
142,255,0,en,green
255,0,86,en,pink
255,0,40,en,red
255,184,0,en,orange
251,255,0,en,yellow
255,0,151,en,magenta
154,0,255,en,dark purple
67,255,0,en,green
194,0,255,en,purple
255,60,0,en,red
255,203,0,en,mustard
255,0,99,en,pink
255,0,72,en,red
193,255,0,en,lime green
255,247,0,en,yellow
225,0,255,en,purple
72,255,0,en,green
255,136,0,en,orange
255,0,55,en,red
255,0,178,en,pink
255,84,0,en,orange
255,227,0,en,yellow
255,0,145,en,pink
186,0,255,en,purple
255,141,0,en,orange
255,99,0,en,yelloworange
255,235,0,en,yellow
134,255,0,en,lime
255,0,35,en,redorange
255,0,58,en,red
255,0,228,en,magenta
255,122,0,en,orange
196,255,0,en,yellowgreen
255,167,0,en,redorange
155,255,0,en,lime green
255,100,0,en,orange
255,72,0,en,dark orange
171,0,255,en,purple
255,177,0,en,orange
255,237,0,en,yellow
255,0,105,en,pink
151,0,255,en,purple
255,0,255,en,pink
191,255,0,en,green
255,0,245,en,pink
65,255,0,en,green
255,0,138,en,pink
255,73,0,en,orange
117,255,0,en,light green
255,135,0,en,orange
255,244,0,en,yellow
252,0,255,en,purple
87,0,255,en,dark blue
222,255,0,en,green
157,255,0,en,green
255,240,0,en,yellow
150,255,0,en,light green
255,0,250,en,pink
255,0,31,en,red
96,255,0,en,green
149,0,255,en,purple
255,123,0,en,orange
255,0,230,en,dark pink
255,153,0,en,orange
255,72,0,en,red
232,255,0,en,yellow
255,0,127,en,bright pink
255,0,173,en,fuchsia
255,217,0,en,yellow
255,212,0,en,yellow
225,0,255,en,lilac
255,138,0,en,orange
145,255,0,en,green
255,0,104,en,dark pink
95,255,0,en,acid green
255,0,59,en,red
255,172,0,en,orange
255,0,135,en,pink
255,0,41,en,red
255,95,0,en,orange
255,0,163,en,pink
255,0,98,en,pink
136,255,0,en,lime green
255,0,253,en,pink
98,255,0,en,green
204,255,0,en,yellow
140,0,255,en,dark purple
255,119,0,en,orange
144,0,255,en,purple
255,0,213,en,pink
255,25,0,en,red
186,0,255,en,purple
255,191,0,en,orange
255,0,185,en,pink
255,0,113,en,pink
255,0,149,en,pink
255,0,76,en,red
255,178,0,en,yellow
255,0,107,en,pink
180,0,255,en,purple
255,77,0,en,oranges
10,0,255,en,navy blue
255,0,114,en,dark pink
191,255,0,en,herbal
255,0,229,en,lilac
255,180,0,en,light orange
255,92,0,en,dark orange
255,141,0,en,orange
255,0,45,en,red
255,187,0,en,dark yellow
255,0,73,en,light red
255,235,0,en,yellow
255,0,208,en,bright pink
204,0,255,en,bright purple
255,0,96,en,dark pink
255,0,162,en,pink
255,29,0,en,red
129,0,255,en,purple
208,0,255,en,dark lilac
63,0,255,en,dark blue
255,0,57,en,red
255,246,0,en,yellow
255,0,27,en,red
255,0,184,en,pink
255,232,0,en,yellow
255,0,237,en,hot pink
255,0,210,en,hot pink
255,195,0,en,gold
255,0,93,en,pink
242,255,0,en,yellow
255,0,8,en,red
255,164,0,en,gold
134,0,255,en,purple
255,41,0,en,orange
184,0,255,en,purple
255,105,0,en,orange
159,255,0,en,green
255,0,70,en,red
255,0,168,en,pink
186,255,0,en,yellow green
234,0,255,en,purple
255,140,0,en,orange
255,0,122,en,pink
59,255,0,en,green
87,0,255,en,purple
255,0,147,en,pink
255,0,238,en,purple pink
255,0,197,en,pink purple
236,255,0,en,yellow
79,255,0,en,green
255,0,100,en,red pink
255,0,63,en,red
169,255,0,en,yellow green
255,208,0,en,gold
255,164,0,en,sunset
228,255,0,en,yellow
255,119,0,en,orange
255,0,13,en,red
255,0,124,en,pink
255,120,0,en,sienna
140,0,255,en,purple
255,10,0,en,red
255,239,0,en,yellow
225,0,255,en,pink
169,0,255,en,purple pink
255,0,127,en,pink
255,124,0,en,orange
255,0,81,en,pink
136,0,255,en,purple
255,210,0,en,yellow
255,0,198,en,pink
255,54,0,en,orange
207,255,0,en,green
255,0,213,en,pink
137,255,0,en,green
255,91,0,en,orange
255,0,35,en,red
255,0,49,en,red
111,255,0,en,green
207,0,255,en,purple
255,0,250,en,pink
255,217,0,en,yellow
255,0,156,en,pink
232,255,0,en,yellow
255,172,0,en,orange
255,215,0,en,orange
253,255,0,en,yellow
255,0,118,en,reddish pink
164,255,0,en,lime green
255,0,248,en,magenta
186,255,0,en,lime green
255,0,212,en,magenta
255,0,98,en,red
255,0,186,en,hot pink
255,134,0,en,orange
136,0,255,en,purple
120,255,0,en,green
255,114,0,en,deep orange
255,0,77,en,reddish pink
255,63,0,en,red
255,188,0,en,orange
255,0,151,en,hot pink
255,0,46,en,red
255,170,0,en,orange
169,0,255,en,purple
255,0,212,en,pink
255,18,0,en,red orange
181,0,255,en,purple
158,255,0,en,lime
255,125,0,en,orange
255,0,40,en,red
255,0,190,en,magenta
255,226,0,en,golden yellow
209,255,0,en,yellow green
255,0,167,en,pink
255,98,0,en,orange
114,0,255,en,indigo
91,255,0,en,lime
255,0,93,en,rose
255,0,254,en,fuschia
255,169,0,en,orange
255,0,128,en,pink
255,0,74,en,red
255,249,0,en,yellow
255,183,0,en,light orange
255,0,64,en,red
255,181,0,en,yellow
230,0,255,en,pink
255,200,0,en,yellow
255,0,217,en,pink
255,146,0,en,orange
255,67,0,en,orange
255,0,81,en,pink
255,0,188,en,pink
169,255,0,en,green
255,88,0,en,orange
255,0,113,en,pink
254,255,0,en,yellow
116,0,255,en,purple
255,235,0,en,yellow
210,0,255,en,magenta
255,0,19,en,red
191,255,0,en,green
51,255,0,en,green
255,0,147,en,pink
255,28,0,en,red
255,224,0,en,yellow
255,0,160,en,hot pink
255,127,0,en,orange
243,0,255,en,fushia
255,0,214,en,magenta
255,185,0,en,yellow orange
178,0,255,en,violet
255,0,48,en,red
255,84,0,en,orrange red
224,255,0,en,yellow green
255,0,61,en,red
255,0,105,en,hot pink
255,252,0,en,yellow
96,255,0,en,light green
255,173,0,en,orange yellow
68,0,255,en,cobalt blue
255,0,182,en,hot pink
172,255,0,en,yellow green
255,0,118,en,magenta
133,0,255,en,purple
255,246,0,en,yellow
255,154,0,en,yellow orange
55,255,0,en,darker yellow green
255,79,0,en,red orange
164,0,255,en,purple
147,255,0,en,yellow green
255,0,142,en,pink
255,99,0,en,orange
104,0,255,en,purple
254,0,255,en,fuschia
255,0,109,en,magenta
255,133,0,en,orange
255,0,192,en,pink
255,0,38,en,orange red
220,0,255,en,pinkish purple
201,255,0,en,highlighter yellow
255,0,157,en,magenta
255,156,0,en,light orange
255,0,217,en,purplish pink
255,0,100,en,hot pink
114,0,255,en,bluish purple
147,255,0,en,neon green
187,0,255,en,dark lilac
255,0,139,en,magenta
255,221,0,en,goldenrod
255,0,49,en,red
255,88,0,en,burnt orange
255,141,0,en,burnt orange
255,0,39,en,red
255,205,0,en,goldenrod
255,79,0,en,pumpkin
255,250,0,en,yellow
100,255,0,en,light green
255,0,178,en,purplish pink
242,0,255,en,pinkish purple
255,0,62,en,red
255,116,0,en,orange
196,255,0,en,yellow with hint of green
255,0,181,en,pink
120,255,0,en,yellow green
140,0,255,en,purple
255,0,100,en,redish pink
255,205,0,en,gold
255,149,0,en,orange
212,0,255,en,purple
255,247,0,en,yellow
255,37,0,en,red orange
255,217,0,en,a bit darker yellow
90,0,255,en,violet
255,0,37,en,red
255,0,157,en,pink with a tad of blue
255,152,0,en,light orange
255,0,119,en,redish pink
255,0,242,en,pinkish purple
176,255,0,en,green yellow
255,0,197,en,fuschia
43,0,255,en,royal blue
255,158,0,en,orange
79,255,0,en,chartreuse
255,70,0,en,burnt orange
255,0,84,en,red
255,208,0,en,peach
255,106,0,en,burnt orange
255,234,0,en,yellow
255,0,131,en,pink
255,128,0,en,orange
255,0,170,en,fuschia
228,0,255,en,purple
255,0,227,en,pink
166,0,255,en,purple
180,255,0,en,lime green
127,0,255,en,blue
255,255,0,en,yellow
228,255,0,en,chartreuse
255,0,32,en,red
255,0,63,en,red
81,0,255,en,royal blue
255,0,153,en,fuchsia
255,189,0,en,gold
255,0,104,en,watermelon
255,102,0,en,orange
255,0,198,en,neon pink
173,0,255,en,purple
255,161,0,en,pumpkin
141,255,0,en,lime green
255,249,0,en,yellow
212,255,0,en,lemon lime
68,255,0,en,green
125,0,255,en,periwinkle
255,0,42,en,watermelon
255,0,113,en,hot pink
255,72,0,en,dark orange
255,0,56,en,watermelon
255,225,0,en,yellow
255,124,0,en,orange
255,0,217,en,fuchsia
238,0,255,en,neon purple
255,143,0,en,orange
255,0,86,en,red
255,0,231,en,pink
204,255,0,en,green
255,0,15,en,red
142,255,0,en,green
255,239,0,en,yellow
255,249,0,en,yellow
77,255,0,en,yellow green
255,0,160,en,bright pink
255,0,223,en,fuchsia
255,211,0,en,dark yellow
230,0,255,en,magenta
255,254,0,en,yellow
255,0,85,en,salmon
255,195,0,en,mustard
255,178,0,en,orange
54,0,255,en,royal blue
255,0,40,en,red
194,0,255,en,pink
255,138,0,en,orange
255,31,0,en,red
255,184,0,en,gold
255,230,0,en,yeallow
255,0,37,en,red
255,0,98,en,red pink
255,200,0,en,yellow orange
255,0,6,en,red
138,0,255,en,bluer purple
167,0,255,en,purple
255,0,192,en,hot pink
58,0,255,en,darker blue
255,0,148,en,hot pink
255,74,0,en,red orange
126,255,0,en,line green
255,0,212,en,hotter pink
255,147,0,en,orange
255,169,0,en,yellow orange
255,0,71,en,red pink
255,114,0,en,less red orange
255,0,127,en,hot pink
255,230,0,en,mustard
207,255,0,en,ugly lime green
237,0,255,en,purple pink
255,251,0,en,yellow
147,255,0,en,dark lime green
255,169,0,en,orange
255,0,13,en,red
255,0,68,en,red
211,0,255,en,fushia
255,0,215,en,pink
209,255,0,en,lime green
255,0,192,en,pink
255,95,0,en,red orange
134,0,255,en,purple
255,125,0,en,orange
255,245,0,en,yellow
168,255,0,en,spring green
255,227,0,en,sunflower yellow
255,0,142,en,pink
255,71,0,en,red orange
221,0,255,en,purple
255,0,96,en,reddish pink
255,0,155,en,pink
255,211,0,en,yellow
109,255,0,en,green
255,0,215,en,pank
248,0,255,en,pink
255,118,0,en,orange
194,0,255,en,"""fuck me"" purple"
255,73,0,en,mexican orange
255,0,160,en,pink
255,255,0,en,yellow
255,178,0,en,orange
255,121,0,en,orange
255,186,0,en,orange
255,0,142,en,pink
228,255,0,en,yellow
255,0,71,en,pink
120,255,0,en,green
255,0,27,en,red
165,255,0,en,green
79,0,255,en,blue
255,0,182,en,purple
255,0,81,en,pink
255,224,0,en,yellow
236,255,0,en,yellow
255,163,0,en,brown
255,0,208,en,pink
255,85,0,en,orange
255,0,159,en,pink
255,0,118,en,pink
255,0,76,en,pink
255,42,0,en,orange
43,255,0,en,green
255,0,26,en,red
255,211,0,en,yellow
224,255,0,en,yellow
137,0,255,en,purple
227,0,255,en,magenta
255,144,0,en,orange
255,0,91,en,pink
172,255,0,en,green
255,240,0,en,yellow
173,0,255,en,lilac
255,0,241,en,fushia
255,0,96,en,magenta
255,0,74,en,magenta
132,255,0,en,lime green
255,71,0,en,red orange
255,135,0,en,orange
255,0,187,en,pink
255,0,14,en,red
255,0,133,en,magenta
255,79,0,en,red
244,0,255,en,violet
229,255,0,en,green yellow
121,255,0,en,leaf green
196,0,255,en,violet purple
160,0,255,en,violet dark-purple
255,0,218,en,magenta violet
174,255,0,en,light moss-green
255,0,187,en,magenta
255,246,0,en,yellow
255,0,131,en,red magneta
255,0,15,en,orange reddish-red
255,178,0,en,pale orange
255,0,58,en,red
255,131,0,en,darker orange
255,86,0,en,red orange
255,0,147,en,pink magenta
255,213,0,en,gold yellow
255,210,0,en,darker yellow
255,0,97,en,red magenta-red
255,141,0,en,light orange
255,0,50,en,vermillion?
255,0,253,en,pinkish purple
255,33,0,en,orange red
255,0,5,en,red
255,196,0,en,yellow
255,0,129,en,pinkish red
255,0,181,en,pink
66,0,255,en,dark blue
139,0,255,en,purple
66,255,0,en,light green
255,153,0,en,mud yellow
167,255,0,en,leaf green
255,92,0,en,mandarin orange
187,0,255,en,purple
255,0,223,en,pink
213,255,0,en,light greenish yellow
233,255,0,en,yellow
255,225,0,en,yellow
255,0,152,en,dark pink
255,0,96,en,vermillion
255,163,0,en,orange
255,203,0,en,orange
255,0,54,en,red
255,223,0,en,yellow orange
207,255,0,en,yellow
255,0,24,en,red
185,0,255,en,magenta
66,255,0,en,lime green
255,48,0,en,orange
255,0,250,en,fuschia
179,255,0,en,kiwi
255,0,72,en,raspberry
255,0,40,en,raspberry
104,0,255,en,purple
255,0,99,en,fuschia
255,0,131,en,fuschia
248,255,0,en,canary yellow
255,0,184,en,magenta
255,194,0,en,yellow
255,85,0,en,orange
255,0,160,en,fuschia
227,255,0,en,yellow
255,241,0,en,canary yellow
255,166,0,en,maize
255,140,0,en,orange
255,0,225,en,magenta
230,255,0,en,lime green
255,82,0,en,red orange
128,0,255,en,purple
255,0,0,en,red
199,0,255,en,fuschia
240,255,0,en,yellow green
255,0,87,en,dark red
255,0,45,en,scarlet
255,213,0,en,yellow ochre
255,141,0,en,orange
255,0,120,en,hot pink
255,0,174,en,dark pink
238,0,255,en,fuschia
255,0,183,en,dark pink
255,175,0,en,light orange
78,255,0,en,green
255,0,211,en,pink
255,0,51,en,red orange
138,255,0,en,lime green
255,189,0,en,yellow orange
255,0,15,en,red
91,0,255,en,purple
227,0,255,en,light purple
255,0,141,en,magenta
255,0,111,en,rose
255,0,54,en,red
255,0,181,en,light purple
255,75,0,en,brick red
229,255,0,en,pea grean
155,255,0,en,green
255,170,0,en,orange
255,0,148,en,magenta
207,0,255,en,purple
255,109,0,en,grapefruit
255,228,0,en,macaroni yellow
255,195,0,en,gold
255,254,0,en,yellow
152,0,255,en,purple
255,0,225,en,light purple
62,255,0,en,green
255,140,0,en,orange
255,0,200,en,pink
217,0,255,en,purple
255,0,76,en,orange
255,240,0,en,yellow
255,0,211,en,pink
240,255,0,en,fluoro yellow
255,0,123,en,dark pink
150,255,0,en,light green
255,0,155,en,dark pink
255,255,0,en,yellow
255,55,0,en,red
255,105,0,en,orange
255,140,0,en,orange
255,206,0,en,orange
255,0,5,en,red
255,0,61,en,red
78,255,0,en,green
255,0,208,en,purple
205,255,0,en,lime
255,170,0,en,orange
46,0,255,en,blue
255,0,139,en,pink
255,0,165,en,pink
223,0,255,en,purple
173,0,255,en,purple
143,255,0,en,green
93,0,255,en,blue
255,0,107,en,red
255,229,0,en,yellow
255,0,228,en,purple
255,0,169,en,hot pink
209,0,255,en,magenta
38,0,255,en,deep blue
110,0,255,en,royal purple
255,0,110,en,pink
255,0,225,en,hot pink
255,0,63,en,red pink
255,73,0,en,red orange
255,120,0,en,orange
255,0,39,en,red
255,100,0,en,basketball
76,255,0,en,green
253,0,255,en,hot pink
150,255,0,en,lime
255,210,0,en,yellow
255,0,182,en,hot pink
255,0,139,en,pink
255,165,0,en,golden
201,255,0,en,lime
255,221,0,en,yellow
232,255,0,en,yellow lime
255,0,162,en,bright pink
132,0,255,en,purple
255,0,218,en,neon pink
238,255,0,en,yellow
240,0,255,en,pinkish purple
255,115,0,en,orange
255,0,197,en,bright pink
255,0,23,en,red
255,213,0,en,gold
255,0,106,en,pinkish purple
255,29,0,en,brick red
209,255,0,en,lemon
255,122,0,en,orange
146,255,0,en,lime green
255,161,0,en,kumquat
255,0,68,en,rose
255,199,0,en,gold
201,0,255,en,purple
255,0,131,en,pinkish purple
111,255,0,en,green
255,0,65,en,hot pink
111,0,255,en,purple
255,0,94,en,pink
153,255,0,en,yellow
255,0,135,en,hot pink
255,0,149,en,slightpurplepink
255,196,0,en,light orange
244,0,255,en,light purple
255,93,0,en,dark orange
255,170,0,en,orange
202,255,0,en,yellow
164,0,255,en,purple
255,221,0,en,yelloworange
255,0,214,en,purplepink
255,127,0,en,light orange
129,255,0,en,lime
58,0,255,en,violet
233,255,0,en,yellow
255,0,205,en,purplepink
255,0,47,en,hot pink
255,72,0,en,orange
255,0,14,en,red
255,0,126,en,pink
255,188,0,en,yellow
255,0,199,en,purple
58,255,0,en,lime green
182,0,255,en,purple
255,0,93,en,pink
255,182,0,en,yellow
255,0,171,en,pink
255,91,0,en,orange
100,0,255,en,purple
255,254,0,en,yellow
228,0,255,en,purple
159,255,0,en,lime green
255,130,0,en,orange
255,221,0,en,yellow
255,51,0,en,orange
255,0,213,en,purple
196,255,0,en,lime green
255,0,54,en,pink
159,0,255,en,magenta
255,17,0,en,red
255,0,122,en,hot pink
255,192,0,en,orange
80,255,0,en,lime green
253,255,0,en,yellow
255,0,253,en,pink
255,0,198,en,pink
255,108,0,en,orange
255,0,171,en,pink
199,0,255,en,"purple, magenta"
255,237,0,en,yellow
255,179,0,en,dark yellow
58,0,255,en,"dark blue, electric blue"
214,255,0,en,green
255,0,53,en,red
255,0,222,en,fluro pink
255,0,89,en,hot pink
255,145,0,en,orange
152,255,0,en,lime green
255,0,23,en,red
255,133,0,en,orange
180,255,0,en,green
255,0,132,en,pink
255,0,22,en,red
190,255,0,en,green
255,243,0,en,yellow
117,0,255,en,violet
167,0,255,en,purple
255,0,100,en,pink
255,0,251,en,purple
255,0,217,en,pink
255,218,0,en,yellow
255,162,0,en,orange
255,36,0,en,red
255,0,200,en,pink
255,0,51,en,red
255,0,149,en,pink
255,115,0,en,orange
121,255,0,en,green
255,199,0,en,yellow
109,255,0,en,green
255,26,0,en,red
255,0,233,en,purple
140,0,255,en,purple
255,220,0,en,gold
255,143,0,en,orange
246,0,255,en,magenta
255,40,0,en,red
227,255,0,en,yellow green
255,0,100,en,hot pink
61,255,0,en,green yellow
176,0,255,en,purple
255,93,0,en,orange
255,180,0,en,light orange
255,158,0,en,light orange
217,255,0,en,lime green
201,0,255,en,purple
255,125,0,en,orange
255,0,73,en,red
255,0,120,en,dark pink
255,0,175,en,pink
255,93,0,en,dark orange
255,0,251,en,purple
170,255,0,en,green
255,197,0,en,golden rod
255,0,114,en,bright pink
255,0,235,en,pink purple
255,0,210,en,pink purple
255,246,0,en,yellow
173,255,0,en,green yellow
255,0,69,en,red
255,0,46,en,red
255,0,173,en,pink
113,0,255,en,purple
255,235,0,en,yellow
255,0,97,en,red
255,0,31,en,red
255,245,0,en,lemon yellow
255,0,206,en,purple
255,186,0,en,ochre
87,0,255,en,purple
255,113,0,en,pumpkin
255,0,55,en,scarlet
255,0,164,en,fuchsia
253,255,0,en,canary yellow
255,0,44,en,fire engine red
95,255,0,en,lime green
192,0,255,en,bright purple
255,198,0,en,puce
255,0,87,en,geranium
255,0,124,en,dark pink
117,0,255,en,dark purple
255,0,227,en,pink
255,175,0,en,dull orange
255,0,254,en,bright purple
160,255,0,en,lime green
255,143,0,en,dark orange
209,255,0,en,yellow green
255,218,0,en,yellow orange
255,0,184,en,dark pink
255,62,0,en,dull red
246,255,0,en,yellow
255,48,0,en,red
255,0,80,en,red
255,120,0,en,orange
209,0,255,en,magenta
255,100,0,en,orange
255,0,213,en,pink
186,255,0,en,lime green
255,0,41,en,red
255,0,152,en,pink
61,255,0,en,green
230,0,255,en,magenta
255,241,0,en,yellow
162,255,0,en,lime green
255,0,195,en,magenta
255,0,110,en,red
97,0,255,en,purple
255,180,0,en,orange
255,185,0,en,orange
255,0,79,en,coral
73,255,0,en,neon green
170,0,255,en,violet
255,0,149,en,fuchsia
255,0,218,en,hot pink
210,255,0,en,dirty yellow
236,0,255,en,lilac
166,255,0,en,acid green
255,115,0,en,adobe orangge
136,0,255,en,violet
255,205,0,en,yellow orange
54,0,255,en,periwinkle
255,66,0,en,pumpkin orange
255,207,0,en,goldenrod
230,255,0,en,yellow
255,0,234,en,fucsia
148,0,255,en,purple
252,0,255,en,magenta
255,0,202,en,hot pink
255,0,93,en,hot pink
255,0,129,en,fucsia
255,0,79,en,hot pink
255,123,0,en,orange
185,255,0,en,spring green
255,0,154,en,fucsia
100,255,0,en,green
200,0,255,en,purple
255,222,0,en,goldenrod
255,176,0,en,goldenrod
255,250,0,en,yellow
255,0,36,en,red
255,95,0,en,orange
255,77,0,en,tangerine
255,135,0,en,orange
255,73,0,en,orange
255,0,128,en,pink
255,0,210,en,pink
212,255,0,en,lime
255,104,0,en,orange
65,255,0,en,bright green
255,0,18,en,red
255,191,0,en,gold
255,0,224,en,pink
216,0,255,en,magenta
237,0,255,en,pink
255,171,0,en,golf
177,255,0,en,green
240,255,0,en,yellow
255,0,156,en,pink
255,0,81,en,pink/red
255,0,80,en,pink/red
103,0,255,en,purple
255,218,0,en,yellow
255,231,0,en,cadmium yellow
255,0,38,en,red
255,0,192,en,pink
255,0,167,en,pink
47,255,0,en,light green
234,0,255,en,bright purple
255,0,123,en,pink
91,0,255,en,ultramarine
123,0,255,en,violet
255,0,49,en,cadmium red
255,0,227,en,pink
240,255,0,en,lemon yellow
200,255,0,en,green
255,178,0,en,orange
255,82,0,en,cadmium orange
255,124,0,en,orange
255,0,91,en,crimson red
160,255,0,en,green
255,208,0,en,orange
255,77,0,en,orange
180,0,255,en,purple
255,0,132,en,fushcia
255,0,213,en,pink
255,174,0,en,gold
97,0,255,en,purple
255,0,43,en,red
255,0,96,en,fushcia
255,199,0,en,yellow
255,0,182,en,pink
255,0,153,en,mauve
255,69,0,en,orange
255,221,0,en,gold
255,255,0,en,yellow
255,0,71,en,pink
255,90,0,en,orange
1,255,0,en,green
255,250,0,en,neon yellow
255,210,0,en,chicken yellow
255,0,200,en,dark pink
255,0,235,en,neon purple
255,0,98,en,red
255,0,158,en,fucsia
144,0,255,en,purple
122,255,0,en,green
197,0,255,en,purple
77,0,255,en,blue
111,0,255,en,blue
255,255,0,en,yellow
255,0,131,en,pink
255,143,0,en,orange
255,0,40,en,red
255,0,50,en,red
255,73,0,en,orange
255,111,0,en,orange
225,255,0,en,yellow
255,0,250,en,purple
255,0,189,en,pink
255,0,246,en,purple
255,158,0,en,orange
255,0,107,en,pink
255,56,0,en,orange red
255,0,126,en,pink
237,255,0,en,yellow
255,0,167,en,hot pink
180,255,0,en,lime
119,255,0,en,green
255,0,39,en,red
209,0,255,en,magenta
156,0,255,en,purple
227,0,255,en,pink
255,149,0,en,orange
255,0,240,en,bright pink
255,0,58,en,red
255,119,0,en,orange
255,234,0,en,yello
255,0,205,en,pink
219,255,0,en,lemon yellow
255,194,0,en,canary yellow
29,255,0,en,green
255,102,0,en,orange
234,0,255,en,purple
255,0,128,en,pink
255,0,106,en,pink
255,198,0,en,yellow
109,255,0,en,green
180,0,255,en,purple
149,255,0,en,green
199,255,0,en,yellow
153,0,255,en,purple
255,0,80,en,pink
255,0,31,en,red
255,37,0,en,red
255,164,0,en,yellow
207,0,255,en,purple
31,255,0,en,neon green
255,0,31,en,red
78,0,255,en,dark blue
243,255,0,en,yellow
255,0,175,en,hot pink
255,157,0,en,orange
255,219,0,en,red yellow
255,0,246,en,pink
255,145,0,en,orange
115,0,255,en,purple
213,255,0,en,green
255,196,0,en,orange
255,196,0,en,yellowish orange
255,0,193,en,hot pink
51,255,0,en,neon green
255,146,0,en,clementine orange
255,0,90,en,redish hot pink
255,0,165,en,dark hot pink
255,0,80,en,pinkish red
244,255,0,en,lemon yellow
134,255,0,en,neon dark green
210,0,255,en,violet
255,0,229,en,love pink
227,255,0,en,neon yellow
255,0,28,en,hot red
255,0,113,en,relish neon pink
255,157,0,en,double orange
92,0,255,en,light purplish blue
246,0,255,en,neon purple
255,117,0,en,hot double orange
255,236,0,en,banana yellow
255,71,0,en,orange red
168,255,0,en,lime
255,0,175,en,fuchsia
255,0,70,en,red/pink
255,0,217,en,hot pink
255,136,0,en,pumpkin orange
98,0,255,en,blue violet
113,255,0,en,yellow green
255,179,0,en,yellow orange
255,0,142,en,barbie pink
176,0,255,en,violet
255,0,195,en,fuchsia
72,0,255,en,indigo
255,119,0,en,orange
255,61,0,en,tomato orange
255,0,48,en,fire engine red
255,185,0,en,squash yellow
192,255,0,en,lemon lime
241,255,0,en,neon yellow
255,223,0,en,gold yellow
255,0,82,en,hot pink
248,0,255,en,neon purple
19,255,0,en,green
255,0,245,en,hot pink
255,146,0,en,dark orange
255,164,0,en,orange
246,0,255,en,light pink
255,0,204,en,fuscia
115,255,0,en,lime green
255,209,0,en,peach
255,0,143,en,pink
155,0,255,en,indigo
255,0,40,en,red
255,0,102,en,rose
255,115,0,en,orange
255,0,72,en,scarlet
240,255,0,en,lemon yellow
255,225,0,en,orange yellow
255,0,134,en,rose
255,72,0,en,red
221,255,0,en,yellow green
176,0,255,en,violet
255,0,229,en,pink
255,193,0,en,tangerine
187,255,0,en,lime green
254,0,255,en,pink
255,0,129,en,magenta
255,33,0,en,red
255,242,0,en,yellow
255,0,87,en,red
255,0,59,en,red
118,255,0,en,grass green
255,0,155,en,pink
135,255,0,en,green
255,123,0,en,orange
255,182,0,en,tangerine
255,0,229,en,magenta
111,0,255,en,cornflower
125,255,0,en,lime
249,255,0,en,lemon
255,221,0,en,marigold
255,0,155,en,fuscha
255,0,186,en,magenta
255,0,35,en,hot pink
255,8,0,en,red
255,140,0,en,orange
173,255,0,en,lime
255,0,122,en,magenta
255,180,0,en,tangerine
255,0,111,en,magenta
234,0,255,en,purple
213,255,0,en,lemon
255,0,75,en,fuscha
255,86,0,en,dark orange
255,202,0,en,orange
255,0,123,en,pink
171,255,0,en,yellow green
255,21,0,en,red
255,0,16,en,medium red
242,0,255,en,hot pink
202,255,0,en,yellow green
255,0,173,en,pink
88,255,0,en,lime green
255,160,0,en,yellow orange
255,222,0,en,dafodil
191,0,255,en,purple
255,0,232,en,hot pink
255,129,0,en,orange
255,119,0,en,red orange
255,0,107,en,pink
238,255,0,en,neon yellow
255,0,179,en,hot pink
255,0,72,en,red
132,0,255,en,violet
255,163,0,en,orange
210,0,255,en,purple
170,255,0,en,green
227,255,0,en,yellow
244,0,255,en,purple
255,189,0,en,light orange
255,0,46,en,red
255,0,243,en,purple
255,0,121,en,magenta
89,255,0,en,green
255,120,0,en,orange
255,0,60,en,red
255,0,153,en,magenta
255,0,122,en,hot pink
255,0,40,en,red
134,255,0,en,green
114,0,255,en,purple
255,0,156,en,bluer than hot pink
255,0,244,en,bluer pink
255,0,255,en,bluer pink
204,0,255,en,purple
255,215,0,en,yellow
255,0,182,en,purple pink
255,0,67,en,red hot pink
255,200,0,en,goldenrod
255,0,103,en,magenta
255,50,0,en,red
115,255,0,en,bright green
190,255,0,en,lime green
255,168,0,en,orange yellow
255,252,0,en,lighter yellow
255,142,0,en,orange yellow with less yellow
255,86,0,en,dark orangw
255,0,8,en,red
255,0,96,en,magenta
255,0,173,en,pink
163,255,0,en,lime green
255,218,0,en,yellow
255,0,65,en,pink
255,0,229,en,purple
255,138,0,en,orange
156,0,255,en,purple
255,201,0,en,yellow
221,0,255,en,purple
206,255,0,en,lime green
255,85,0,en,orange
255,167,0,en,orange
255,0,220,en,magenta
255,0,80,en,red
160,255,0,en,chartreuse
255,134,0,en,orange
255,206,0,en,yellow orange
166,0,255,en,royal blue
223,0,255,en,purple
255,99,0,en,red orange
255,234,0,en,yellow
255,54,0,en,red
255,0,121,en,pink
214,255,0,en,chartreuse
247,255,0,en,bright yellow
255,0,205,en,light purple
255,0,96,en,magenta
255,0,46,en,red
255,170,0,en,orange
137,0,255,en,royal blue
255,0,171,en,pink
81,255,0,en,green
255,0,99,en,magenta
66,0,255,en,blue
96,0,255,en,cerulean
255,71,0,en,orange
101,255,0,en,lime green
174,0,255,en,violet
255,0,127,en,pink
255,244,0,en,yellow
255,210,0,en,gold
186,255,0,en,lime
255,0,46,en,red
255,0,241,en,purple
255,164,0,en,orange
255,227,0,en,yellow
255,0,75,en,raspberry
255,129,0,en,orange
255,0,185,en,pink
255,84,0,en,red orange
235,0,255,en,purple
255,0,151,en,magenta
152,255,0,en,lime
255,78,0,en,red
255,159,0,en,orange
255,0,219,en,pink
255,0,103,en,bright pink
251,255,0,en,bright yellow
255,233,0,en,mid yellow
214,255,0,en,yellow
200,0,255,en,purple
255,0,192,en,bright pink
255,116,0,en,orange
255,0,143,en,pink
255,0,70,en,red
171,255,0,en,bright green
121,0,255,en,purple
255,124,0,en,orange
255,0,137,en,pink
255,0,33,en,red
255,0,248,en,pink
30,0,255,en,blue
255,204,0,en,yellow
112,255,0,en,green
255,215,0,en,gold
255,138,0,en,bronze
255,0,102,en,dark purple
255,0,132,en,purple
14,255,0,en,light green
255,109,0,en,brown
255,0,217,en,purple pink
255,0,148,en,dark purple
255,24,0,en,red
238,0,255,en,violet
172,0,255,en,indigo
137,255,0,en,light green
222,255,0,en,burned yello
255,0,189,en,neon purple
255,177,0,en,brown
108,255,0,en,green
255,203,0,en,bronze
255,0,43,en,scarlett
255,0,52,en,rose red
255,248,0,en,gold
160,0,255,en,violet
255,0,84,en,maroon
255,0,254,en,purple
255,0,191,en,hot pink
255,252,0,en,yellow
255,145,0,en,honey
255,94,0,en,ochre
255,228,0,en,dark yellow
131,255,0,en,light green
155,0,255,en,violet
202,255,0,en,yellow green
255,0,220,en,hot pink
212,0,255,en,purple
255,0,23,en,red
255,0,58,en,deep pink
255,38,0,en,dark orange
255,0,114,en,maroon
157,255,0,en,light green
255,176,0,en,ochre
255,0,164,en,purple
255,186,0,en,honey
188,0,255,en,purple
255,218,0,en,yellow
255,84,0,en,red orange
243,0,255,en,lavender
255,132,0,en,orange
255,0,22,en,red
255,0,54,en,red
255,0,162,en,pink
255,165,0,en,orange
128,255,0,en,green
255,0,225,en,purple
255,31,0,en,red
145,0,255,en,blue
255,211,0,en,gold
255,253,0,en,yellow
255,0,142,en,pink
192,255,0,en,neon green
140,255,0,en,green
255,0,205,en,purple
255,0,108,en,red
255,0,244,en,pink
255,143,0,en,orange
255,166,0,en,light orange
147,255,0,en,neon green
79,0,255,en,purple blue
255,0,2,en,red
215,255,0,en,gross yello
255,89,0,en,orange
224,0,255,en,purple
255,20,0,en,red
86,255,0,en,neon green
255,231,0,en,yello
255,0,86,en,red
255,46,0,en,cardinal
120,255,0,en,lime
139,255,0,en,seven up
255,0,213,en,light purple
221,255,0,en,yellow
255,0,151,en,pink
255,0,72,en,red pink
229,0,255,en,purple
255,0,141,en,redpink
255,0,208,en,light purple
255,92,0,en,orange
255,219,0,en,dark yellow
255,247,0,en,yellow
255,0,87,en,red pink
195,0,255,en,purple
148,0,255,en,purple
255,171,0,en,burnt orange
255,0,16,en,red
255,137,0,en,dark burnt orange
255,197,0,en,yellow
255,194,0,en,sunset
101,255,0,en,lime
242,0,255,en,purple
255,0,224,en,confused purple
255,0,201,en,pink
255,104,0,en,orange
226,255,0,en,yellow
255,0,222,en,purple
255,76,0,en,red orange
191,255,0,en,lime green
255,207,0,en,mustard
227,0,255,en,magenta
255,0,104,en,fuscia
255,141,0,en,orange
255,117,0,en,burnt orange
45,255,0,en,green
133,0,255,en,puple
255,0,52,en,brick red
255,0,22,en,mid red
255,0,150,en,fuscia
255,169,0,en,sienna
171,0,255,en,purple
255,0,184,en,magenta
174,255,0,en,lime green
255,230,0,en,sienna
254,255,0,en,yellow
255,0,118,en,cerise
205,255,0,en,lime green
134,0,255,en,periwinkle
26,0,255,en,cobalt blue
255,0,162,en,magenta
255,198,0,en,gold
95,255,0,en,lime green
255,88,0,en,burnt orance
255,228,0,en,yellow
255,0,204,en,fuschia
255,0,141,en,magenta
224,0,255,en,purple
255,0,55,en,red
255,0,215,en,fuschia
255,122,0,en,orange
255,169,0,en,orange
158,255,0,en,lime green
255,64,0,en,burnt orange
255,253,0,en,yellow
182,0,255,en,purple
255,0,84,en,raspberry red
255,0,34,en,red
255,231,0,en,gold
255,148,0,en,orange
226,255,0,en,lime green
255,0,33,en,red
255,114,0,en,burnt orange
255,247,0,en,yellow
255,0,156,en,magenta
255,0,255,en,magenta
107,255,0,en,lime
207,255,0,en,yellow green
255,232,0,en,dandelion
90,0,255,en,cyan
255,0,30,en,raspberry red
255,106,0,en,burnt orange
200,0,255,en,purple
255,0,133,en,pink
255,0,213,en,violet
255,0,208,en,violet
255,159,0,en,orange
255,0,17,en,red
255,255,0,en,yellow
255,0,206,en,fuscia
255,0,54,en,strawberry red
255,0,30,en,red
144,0,255,en,purple
255,105,0,en,copper
255,0,102,en,red pink
255,45,0,en,red orange
72,255,0,en,neon green
255,0,46,en,red
255,199,0,en,gold
255,0,111,en,pink
240,255,0,en,neon yellow
255,0,49,en,red
186,0,255,en,purple
87,255,0,en,green
255,135,0,en,orange
255,79,0,en,red orange
255,164,0,en,gold
255,0,92,en,lip pink
199,255,0,en,lime green
255,0,138,en,fushia
202,0,255,en,purple
255,99,0,en,orange
255,0,188,en,neon pink
190,255,0,en,lime green
157,0,255,en,purple
255,0,37,en,red
255,119,0,en,oranage
252,0,255,en,fuchsia
255,0,77,en,pink
255,224,0,en,gold
124,0,255,en,purple
238,0,255,en,fusia
215,255,0,en,yellow
255,0,159,en,hot pink
255,99,0,en,orange
255,0,184,en,pink
127,255,0,en,light green
255,80,0,en,burnt orange
143,255,0,en,yellow green
255,174,0,en,gold
167,255,0,en,yellow green
255,0,74,en,pink
255,0,109,en,dark pink
255,124,0,en,orange
255,225,0,en,yellow
98,0,255,en,purple
255,0,183,en,magenta
255,0,194,en,magenta
208,0,255,en,purple
255,0,85,en,fusha
255,225,0,en,yellow
100,255,0,en,yellow green
222,0,255,en,bright purple
76,255,0,en,lime
255,61,0,en,red orange
255,0,249,en,violet
179,255,0,en,light green
255,0,100,en,pink
255,213,0,en,dandelion yellow
255,140,0,en,light orange
255,0,56,en,red
255,0,78,en,red
255,0,115,en,raspberry pink
255,148,0,en,orange
60,0,255,en,blue
255,221,0,en,yellow
255,183,0,en,gold
222,0,255,en,vibrant purple
255,137,0,en,orange
255,237,0,en,medium yellow
255,104,0,en,bright orange
174,255,0,en,puke green
255,0,171,en,flower pink
179,0,255,en,purple
255,188,0,en,barf
255,0,108,en,not rlly pink but kinda
255,0,211,en,fuscahshas
184,255,0,en,ewwww
255,0,44,en,rojo
230,0,255,en,the minnesota vikings
255,143,0,en,cleavelan
255,161,0,en,autumn orange
255,0,54,en,strawberry
255,0,237,en,light purple
209,0,255,en,grape
255,151,0,en,gold
255,0,195,en,neon purple
232,255,0,en,yellow
255,0,128,en,peony pink
135,255,0,en,green yellow
255,0,226,en,neon pink
255,0,160,en,magenta
255,170,0,en,golden orange
255,137,0,en,burnt orange
255,211,0,en,golden yellow
255,71,0,en,red orange
255,0,84,en,pink
255,0,153,en,fuchsia
255,0,131,en,satin pink
237,255,0,en,yellow
255,56,0,en,blood orange
255,0,181,en,purple
255,133,0,en,orange
255,93,0,en,orange
255,0,162,en,little bit darker pink
250,255,0,en,yellow
111,255,0,en,neon green
255,0,195,en,pink
255,0,34,en,red
255,66,0,en,red orange
245,0,255,en,purple
71,0,255,en,dark blue
255,227,0,en,yellow
255,0,2,en,red
174,255,0,en,lime green
255,0,67,en,dark red
132,0,255,en,purple
197,255,0,en,yellow green
255,0,227,en,light purple
255,0,119,en,hot pink
255,0,140,en,pink
251,255,0,en,yellow
207,0,255,en,purple
210,255,0,en,pea green
255,211,0,en,gold
255,0,176,en,fuschia
74,255,0,en,green
255,111,0,en,orange
123,0,255,en,purple/blue
255,223,0,en,golden yellow
255,109,0,en,dull orange
216,255,0,en,yellow
222,0,255,en,pinkish violet
255,199,0,en,macaroni yellow
255,0,39,en,fire engine red
251,0,255,en,fushia
255,10,0,en,red
255,0,173,en,satin pink
163,255,0,en,lime green
255,231,0,en,sun yellow
238,255,0,en,neon yellow
255,150,0,en,boring orange
154,0,255,en,light purple
255,60,0,en,blaze orange
192,255,0,en,lime green
134,255,0,en,electric green
255,0,76,en,light red
255,0,86,en,hot pink
255,142,0,en,beige
255,0,113,en,pink
236,255,0,en,yellow
255,155,0,en,orange yellow
255,233,0,en,dark yellow
255,115,0,en,dark orange
255,0,60,en,hot pink
255,212,0,en,yellow gold
255,0,226,en,light purple
182,255,0,en,yellow green
205,0,255,en,purple
255,0,98,en,pink
255,132,0,en,burnt orange
255,159,0,en,orange
255,0,243,en,fusia
255,0,133,en,hot pink
158,0,255,en,purple
255,0,73,en,red
255,0,216,en,magenta
255,0,149,en,pink
255,194,0,en,gold
233,255,0,en,yellow
255,138,0,en,orange
255,236,0,en,yeller
100,0,255,en,blue
255,159,0,en,cleaveland
199,255,0,en,mustard
255,0,158,en,magenta
171,0,255,en,purple
255,60,0,en,dark orange
255,0,44,en,pink
255,205,0,en,yellow
48,255,0,en,grass green
255,252,0,en,yellow
255,0,71,en,pink red
255,0,145,en,magenta
51,255,0,en,neon green
255,54,0,en,orangish red
255,0,203,en,bright pink
255,173,0,en,light pumpkin orange
255,123,0,en,dark pumpkin orange
200,0,255,en,dank
255,0,142,en,magenta
255,85,0,en,orange
255,252,0,en,yelp
255,0,58,en,rojo
228,255,0,en,anaranja
63,255,0,en,lemonande
255,0,148,en,pank
255,0,200,en,o
255,48,0,en,breadcrumbs
255,175,0,en,yellow/orange
255,0,233,en,pinkish/purple
255,0,112,en,pink
255,163,0,en,dusty orange
97,0,255,en,midnight purple
255,0,131,en,hot pink
185,255,0,en,lime green
255,212,0,en,mustard yellow
255,0,69,en,deep pink
255,0,212,en,deep fuchsia
255,38,0,en,red
255,0,187,en,fusia
214,255,0,en,green yellow
255,156,0,en,sunset orange
106,0,255,en,dark purple
255,0,213,en,bright pink
255,0,141,en,rose pink
255,0,98,en,red
204,0,255,en,violet
255,60,0,en,red
219,255,0,en,yellow
247,255,0,en,yellow
113,255,0,en,green
135,255,0,en,lime green
255,0,160,en,hot pink
108,0,255,en,dark blue
255,193,0,en,peach
255,115,0,en,light red
219,255,0,en,lime
242,255,0,en,light yellow
255,0,169,en,pink
255,189,0,en,golden rod
255,0,82,en,fuchsia
255,52,0,en,red orange
255,0,175,en,bright purple
117,0,255,en,violet blue
255,0,50,en,stop sign red
72,0,255,en,sailor blue
255,0,232,en,lipstick pink
78,255,0,en,neon green
126,0,255,en,bright purple
71,255,0,en,green
205,0,255,en,purple
167,255,0,en,lime green
255,0,217,en,pink
255,189,0,en,orangeyellow
255,165,0,en,gold
255,0,240,en,magenta
255,252,0,en,yellow
249,0,255,en,purple
255,0,139,en,magenta
255,100,0,en,orange
174,255,0,en,booger green
255,0,123,en,magenta
234,0,255,en,neon purple
113,255,0,en,grass green
210,255,0,en,yellow green
205,0,255,en,bright purple
255,225,0,en,macaroni yellow
255,216,0,en,gold
255,0,165,en,pink
218,0,255,en,lavender
255,105,0,en,orange
224,0,255,en,purple
83,255,0,en,green
114,255,0,en,neon green
173,0,255,en,purple
255,149,0,en,orange
255,0,89,en,red
255,0,195,en,hot pink
255,0,175,en,pink
255,0,39,en,red
255,248,0,en,yellow
255,0,76,en,dark pink
255,223,0,en,dark yellow
255,197,0,en,gold
255,0,20,en,red
255,0,103,en,dark pink
255,0,131,en,hot pink
114,0,255,en,violet
255,0,187,en,pink purple
207,255,0,en,yellow
255,0,154,en,hot pink
218,0,255,en,purple
75,0,255,en,blue
26,255,0,en,green yellow
255,0,24,en,red
99,0,255,en,blue
255,81,0,en,red
255,247,0,en,yellow
255,136,0,en,dull orange
255,0,69,en,red/pink
255,198,0,en,golden yellow
144,0,255,en,blue
255,0,208,en,pink
244,0,255,en,lipstick purple
255,0,236,en,purple pink
255,169,0,en,orange
255,0,19,en,red
255,114,0,en,orange
255,0,89,en,coral
255,0,189,en,pink
255,0,47,en,red
255,152,0,en,oragne
255,87,0,en,rust
129,255,0,en,leaf
255,211,0,en,auburn yellow
255,0,83,en,dark pink
255,0,121,en,bright pink
255,110,0,en,dark pumpkin orange
202,0,255,en,purple
191,255,0,en,yellow green
255,106,0,en,orange
255,0,79,en,red
255,69,0,en,red orange
255,216,0,en,gold
255,0,241,en,pink
255,192,0,en,gold
255,141,0,en,orange
161,255,0,en,yellow green
255,0,95,en,hot pink
255,172,0,en,salmon
255,0,248,en,lavender
255,214,0,en,mustard
255,0,235,en,purple pink
255,0,47,en,red
192,255,0,en,green
255,0,93,en,pink
255,231,0,en,yellow
255,0,70,en,pink
255,0,38,en,red
125,0,255,en,purple
255,58,0,en,orange
255,0,199,en,pink
183,0,255,en,violet
125,255,0,en,lime green
255,228,0,en,gold
151,255,0,en,lime green
255,93,0,en,orange
255,254,0,en,yellow
255,129,0,en,orange
128,255,0,en,green
125,0,255,en,blue
255,53,0,en,red
255,0,203,en,pink
255,178,0,en,orange
255,0,97,en,red
255,223,0,en,yellow
193,0,255,en,purple
255,174,0,en,burnt orange
161,0,255,en,purple
255,0,142,en,pink/purple
255,0,204,en,fuschia
255,239,0,en,yellow
255,0,56,en,hot pink
138,0,255,en,violet
255,0,54,en,red
39,255,0,en,green
255,107,0,en,orange
255,123,0,en,orange
225,0,255,en,purple
255,190,0,en,orange
248,255,0,en,yellow
255,0,165,en,pink
19,0,255,en,really dark blue
255,240,0,en,yellow
107,0,255,en,purple/blue
255,70,0,en,orange/red
255,0,69,en,red
255,177,0,en,gold
200,255,0,en,green/yellow
255,0,60,en,red
218,255,0,en,yellow
121,255,0,en,neon green
140,255,0,en,neon green
255,0,133,en,magenta
44,0,255,en,dark blue
35,255,0,en,neon green
255,206,0,en,mustard yellow
84,255,0,en,dark neon green
217,255,0,en,yellow green
165,255,0,en,light green
255,219,0,en,yellow orange
255,159,0,en,orange
255,0,113,en,fuchia
255,0,206,en,violet
255,92,0,en,red orange
255,64,0,en,red
195,255,0,en,yellow/green
172,0,255,en,lilac
140,255,0,en,green/yellow
255,0,164,en,pink
255,0,103,en,pink
255,225,0,en,golden yellow
42,255,0,en,lime green
255,0,154,en,pink
255,115,0,en,orange
252,255,0,en,yellow
255,69,0,en,red
234,0,255,en,fushia
255,222,0,en,gold
255,0,64,en,red
80,255,0,en,green
255,0,239,en,lavender
255,206,0,en,beige
255,0,23,en,red
255,180,0,en,gold
232,255,0,en,yellow
255,0,209,en,purple
255,169,0,en,orange
251,255,0,en,yellow
255,197,0,en,yellow orange
255,82,0,en,red orange
255,240,0,en,yellow
255,0,122,en,magenta
204,0,255,en,purple
235,0,255,en,perwikle
255,0,248,en,purple magenta
170,255,0,en,lime sea green
255,240,0,en,mellow yellow
255,0,239,en,bright pink magenta
255,0,46,en,pinkish red
144,0,255,en,purple with a hint of blue
255,0,88,en,pink
139,0,255,en,blue purple
255,0,61,en,pink
255,25,0,en,red orange
255,0,243,en,violet
255,0,31,en,pink red
225,0,255,en,purple
160,255,0,en,lime
255,207,0,en,yellow orange
255,172,0,en,yellow orange
255,0,231,en,fushia
255,0,31,en,scarlet
227,255,0,en,green yellow
255,0,4,en,red
255,207,0,en,gold
255,0,122,en,hot pink
84,255,0,en,green
255,255,0,en,yellow
255,124,0,en,orange
105,0,255,en,navy
197,0,255,en,fushia
255,0,98,en,watermelon
255,0,201,en,pink
255,0,135,en,watermelon
255,201,0,en,gold
255,166,0,en,orange
255,0,179,en,pink
255,0,146,en,magenta
46,0,255,en,blue
255,119,0,en,red orange
255,0,123,en,magenta
208,255,0,en,lime green
131,0,255,en,violet
255,85,0,en,rusty
171,255,0,en,lime green
255,0,150,en,hot pink
255,0,182,en,pink
255,221,0,en,yellow
255,0,218,en,purple/pink
255,0,109,en,pink
255,149,0,en,goldenrod
228,0,255,en,purple/pink
255,157,0,en,rusty orange
208,255,0,en,mellow
255,19,0,en,red
255,0,69,en,royal red
197,0,255,en,purple
102,0,255,en,blue
255,126,0,en,orange
255,0,90,en,red
255,0,14,en,red
243,255,0,en,yellow
255,0,55,en,red
183,255,0,en,yellow green
157,0,255,en,blue purple
255,169,0,en,yellow orange
255,146,0,en,orange
255,118,0,en,red orange
205,0,255,en,purple
219,255,0,en,yellow
255,194,0,en,yellow
255,0,235,en,fuschia
195,0,255,en,purple
255,124,0,en,orange
255,0,141,en,pink
135,0,255,en,purple
234,0,255,en,purple
255,130,0,en,orange
255,0,128,en,pink
252,255,0,en,yellow
255,223,0,en,golden yellow
255,0,25,en,red
3,0,255,en,blue
255,0,78,en,red
124,255,0,en,green
135,255,0,en,yellow green
153,0,255,en,violet
255,0,249,en,rose pink
255,191,0,en,yellow orange
255,0,35,en,red
255,131,0,en,orange
198,255,0,en,pear green
255,0,96,en,salmon
255,255,0,en,dandelion
255,0,120,en,sunset pink
255,0,78,en,pink red
196,0,255,en,viking purple
255,241,0,en,dandelion
255,0,204,en,light purple
255,93,0,en,pumpkin orange
255,154,0,en,yellow orange
172,255,0,en,chartruse
255,170,0,en,orange
255,0,230,en,pink
128,255,0,en,lime green
255,122,0,en,blood orange
33,255,0,en,green
255,254,0,en,yellow
255,85,0,en,red orange
255,0,75,en,magentia
138,0,255,en,purple
255,65,0,en,red
255,160,0,en,orange
255,103,0,en,orange
255,0,35,en,red
127,0,255,en,purple
255,254,0,en,yellow
182,0,255,en,purple
255,120,0,en,orange
255,204,0,en,goldenrod
255,250,0,en,yellow
241,0,255,en,violet
255,83,0,en,red orange
255,0,193,en,magenta
98,255,0,en,lime green
164,0,255,en,purple
255,0,134,en,pink
36,0,255,en,blue
232,255,0,en,yellow
255,0,157,en,pink
255,0,92,en,red
179,255,0,en,yellow
109,255,0,en,green
255,0,70,en,red
243,0,255,en,violet
255,116,0,en,orange
122,0,255,en,purple
180,255,0,en,lime green
255,0,24,en,red
186,0,255,en,dark purple
255,0,56,en,rose
255,52,0,en,red
149,255,0,en,lime green
183,0,255,en,light purple
255,217,0,en,light orange
255,0,225,en,light pink
85,0,255,en,dark blue
255,0,181,en,dark pink
213,0,255,en,purple
120,0,255,en,dark blue
255,0,38,en,red
255,164,0,en,orange
137,255,0,en,green
189,255,0,en,light green
244,255,0,en,yellow
255,0,147,en,hot pink
255,0,255,en,pink
55,0,255,en,violet
255,0,187,en,magenta
255,156,0,en,orange
255,251,0,en,yellow
255,0,102,en,hot pink
255,0,156,en,bright pink
255,0,31,en,red
255,0,145,en,pink
255,254,0,en,yellow
255,223,0,en,mustard yellow
255,0,59,en,salmon
116,255,0,en,lime green
189,255,0,en,puke green
114,0,255,en,blue
255,178,0,en,gold rod
104,255,0,en,green
212,255,0,en,yeller
251,0,255,en,purple
142,255,0,en,greeeeeeeen
255,0,170,en,pank
255,0,55,en,red
255,0,222,en,dark pink
255,214,0,en,yellow orange
237,255,0,en,yellow
255,0,247,en,pink
255,0,189,en,pink
255,116,0,en,orange
255,0,86,en,red
255,0,175,en,pink
194,255,0,en,neon green
255,0,247,en,pink
255,223,0,en,gold
255,244,0,en,yellow
255,0,235,en,fushchia
255,85,0,en,red
255,0,177,en,magenta
255,0,97,en,pink
255,217,0,en,yellow
212,255,0,en,green
255,172,0,en,orange
255,0,32,en,red
255,0,206,en,pink
255,93,0,en,oarange
255,80,0,en,red
255,0,221,en,magentia
255,0,137,en,pink
255,218,0,en,yellow orange
162,255,0,en,lime green
255,0,29,en,red
205,0,255,en,purple
255,0,22,en,red
244,0,255,en,light purple
255,0,226,en,light purple
143,0,255,en,violet
255,0,119,en,pink
253,0,255,en,purple
129,255,0,en,green
255,0,196,en,purple
199,255,0,en,yellow
255,230,0,en,yellow
255,0,87,en,pink
196,255,0,en,chartruse
255,224,0,en,gold
255,38,0,en,red
255,0,99,en,fushia
255,0,250,en,pink
91,0,255,en,indigo
255,200,0,en,light orange
255,0,100,en,red pink
255,0,118,en,fuschia
255,119,0,en,orange
255,0,169,en,hot pink
255,0,213,en,pink violet
255,239,0,en,yellow
255,0,86,en,magenta
255,0,30,en,red
123,255,0,en,bright green
255,212,0,en,gold
255,16,0,en,red
255,0,198,en,pink
255,0,251,en,pink
255,213,0,en,yellow
255,0,69,en,red
255,57,0,en,red
46,0,255,en,blue
255,112,0,en,orange
255,0,141,en,pink
255,141,0,en,dark orange
120,255,0,en,lime green
157,0,255,en,purple
255,168,0,en,orange
255,194,0,en,light ornage
255,0,78,en,dark pink
255,0,175,en,light pink
255,0,100,en,pink
255,0,36,en,red
212,255,0,en,neon yellow
255,44,0,en,rad
255,168,0,en,orang
255,0,216,en,pernk
255,0,210,en,pink
255,203,0,en,gold
255,238,0,en,yellow
255,98,0,en,orenge
180,255,0,en,lime green
255,168,0,en,orange
255,0,222,en,pink
107,0,255,en,purple
191,0,255,en,purple
255,186,0,en,orange
255,80,0,en,orange
95,0,255,en,blue
255,0,57,en,red
255,88,0,en,rusty orane
255,0,24,en,red
255,0,115,en,hot pink
255,24,0,en,red
255,122,0,en,orange
255,145,0,en,orange
255,170,0,en,orange yellow
211,255,0,en,yellow green
168,255,0,en,leaf green
143,0,255,en,purple
255,219,0,en,yellow
255,39,0,en,red orange
255,0,209,en,pink
81,255,0,en,lime green
255,0,39,en,red
255,0,114,en,red purple
255,0,90,en,red pink
255,0,175,en,magenta
255,203,0,en,yellow orange
255,0,160,en,majenta
255,0,219,en,pink
255,42,0,en,red orange
70,0,255,en,blue
255,0,184,en,pink
124,255,0,en,lime green
255,253,0,en,yellow
251,0,255,en,light purple
255,0,103,en,pink
50,255,0,en,green
255,132,0,en,orange
255,199,0,en,yellow orange
200,255,0,en,lime green
255,0,169,en,magentia
255,0,216,en,pink
255,0,255,en,pank
143,255,0,en,lime
255,119,0,en,orange
255,0,181,en,pink pank
255,0,98,en,hot pink
255,0,72,en,red
255,70,0,en,orange
255,0,172,en,purple
137,255,0,en,green
255,0,222,en,purple
255,199,0,en,yellow
255,174,0,en,orange
255,0,180,en,pink
255,236,0,en,yellow
130,255,0,en,green
86,0,255,en,roal blue
203,0,255,en,puple
231,255,0,en,yellow
255,0,62,en,red
255,71,0,en,red orange
201,255,0,en,lime green
169,255,0,en,yucky green
255,0,145,en,magenta
255,56,0,en,red
113,255,0,en,grass green
255,145,0,en,pumpkin
255,201,0,en,dandelion
152,0,255,en,violet
255,0,151,en,magenta
255,247,0,en,yellow
213,255,0,en,lime
140,255,0,en,lime green
255,109,0,en,orange
255,85,0,en,blood orange
184,0,255,en,purple
161,0,255,en,dark purple
255,244,0,en,yellow
255,0,182,en,rose
255,0,16,en,red
255,0,131,en,magenta
255,0,145,en,fushia
255,0,64,en,burgundy
228,0,255,en,purple
255,0,137,en,pink
242,255,0,en,yellow
255,93,0,en,dark orange
164,0,255,en,purple
255,0,241,en,magenta
94,255,0,en,lime green
255,237,0,en,yellow
240,0,255,en,magenta
198,255,0,en,green yellow
255,198,0,en,yellow orange
155,255,0,en,lime green
105,255,0,en,green
255,144,0,en,orange
255,189,0,en,orange
255,0,91,en,red
255,0,218,en,pink
255,0,197,en,pink
255,0,68,en,red orange
255,0,158,en,pink
255,0,242,en,magenta
255,0,31,en,red
255,47,0,en,orange red
255,0,105,en,pink
255,0,204,en,fuscia
255,210,0,en,golden yellow
255,172,0,en,light orange
255,0,254,en,dark pink
137,255,0,en,stem green
255,0,124,en,hot pink
216,0,255,en,purple
255,127,0,en,orange
255,0,70,en,red
255,0,239,en,violet
255,181,0,en,gold
255,0,71,en,crimson red
255,0,16,en,bold red
255,0,235,en,fuscia
167,0,255,en,light purple
229,255,0,en,neon yellow
255,107,0,en,tiger orange
255,0,118,en,pink
255,0,167,en,pretty pink
50,0,255,en,royal blue
255,141,0,en,golden orange
255,0,111,en,hot pink
255,238,0,en,dandelion yellow
255,22,0,en,vivacious red
255,248,0,en,light yellow
132,0,255,en,royal purple
255,0,102,en,pink
255,134,0,en,orange
195,0,255,en,purple
255,0,178,en,magenta
255,0,59,en,pink
156,0,255,en,purple
255,0,141,en,hot pink
182,255,0,en,yellow green
255,0,175,en,pink
255,150,0,en,orange
255,0,236,en,purple
255,0,61,en,red
255,151,0,en,orange
255,0,42,en,red
33,0,255,en,royal blue
255,0,168,en,magenta
255,173,0,en,orange yellow
255,0,126,en,hot pink
255,240,0,en,yellow
255,0,65,en,pink red
234,0,255,en,pink purple
255,0,130,en,pink
54,0,255,en,blue
255,0,13,en,red
255,0,138,en,magentia
154,0,255,en,purple
255,0,205,en,hot pink
255,82,0,en,blood orange
255,0,220,en,pink
255,148,0,en,ornage
234,255,0,en,yellow
255,0,138,en,pink
142,255,0,en,lime green
255,162,0,en,orange
255,0,172,en,magenta
82,255,0,en,lime green
157,0,255,en,violet
226,0,255,en,purple
255,155,0,en,orange
255,0,31,en,red
255,0,202,en,purple
255,0,229,en,light purplee
252,255,0,en,yellow
255,0,65,en,pink
255,0,100,en,magenta
162,255,0,en,green yellow
255,139,0,en,orange
255,0,189,en,pink purple
255,0,65,en,red with a little pink
255,203,0,en,dull yellow
42,0,255,en,blue
255,0,90,en,red pink
210,0,255,en,purple
255,0,154,en,purple pink
203,255,0,en,yellow green
255,156,0,en,light orange
255,0,82,en,red
255,0,255,en,purple
255,93,0,en,orange
255,251,0,en,yellow
255,0,118,en,pink
215,0,255,en,blue
255,232,0,en,yellow
255,134,0,en,orange
255,0,127,en,pink
255,0,82,en,salmon
238,255,0,en,yellow
148,0,255,en,purple
255,52,0,en,red
153,255,0,en,green
202,0,255,en,neon purple
255,242,0,en,sunshine yellow
255,121,0,en,orange
255,0,24,en,red
255,207,0,en,faint yellow
255,0,120,en,magenta
255,0,111,en,pink
255,95,0,en,orange
255,26,0,en,red
255,0,47,en,dark red
189,0,255,en,purple
255,217,0,en,yellow
255,246,0,en,yellow
255,0,72,en,red
255,127,0,en,orange
255,0,211,en,magenta
255,0,36,en,red
255,0,141,en,rose
255,0,83,en,reddish pink
211,255,0,en,lime green
255,0,160,en,violet
255,238,0,en,yellow
255,0,210,en,pink
255,0,141,en,dark pink
255,0,16,en,red
255,0,199,en,magenta
255,0,106,en,pink
160,255,0,en,pea green
255,207,0,en,yellow orange
255,172,0,en,orange
246,255,0,en,yellow
32,255,0,en,neon green
255,150,0,en,dusty orange
255,224,0,en,buttercup
201,255,0,en,yellow green
255,0,222,en,hot pink
255,185,0,en,yellow orange
255,71,0,en,red
170,255,0,en,lime
176,0,255,en,purple
255,109,0,en,red orange
255,183,0,en,light orange
255,0,117,en,magenta
255,85,0,en,red orange
151,255,0,en,light green
173,0,255,en,lavender
255,122,0,en,orange
255,0,87,en,pink
230,0,255,en,pink purple
246,255,0,en,yellow
255,0,176,en,pink
255,187,0,en,orange
61,255,0,en,light green
255,0,89,en,hot pink
195,0,255,en,pink purple
255,242,0,en,yellpw
161,0,255,en,purple
186,255,0,en,frog green
255,0,55,en,red
255,0,207,en,pink
253,255,0,en,banana yellow
255,129,0,en,orange
178,255,0,en,yellow green
255,222,0,en,golden yellow
255,103,0,en,red orange
255,0,132,en,magenta
255,253,0,en,yellow
255,0,92,en,watermelon pink
255,251,0,en,yellow
255,0,39,en,red
110,255,0,en,lime green
255,0,130,en,rose pink
255,78,0,en,dark orange
255,138,0,en,orange
255,173,0,en,orange
255,196,0,en,light orange
96,255,0,en,lime green
255,0,159,en,pink
255,65,0,en,red
138,0,255,en,purple
135,255,0,en,light green
255,83,0,en,red orange
251,0,255,en,light purple
255,0,213,en,pinkish purple
125,255,0,en,lime green
255,133,0,en,orange
255,0,113,en,magenta
255,193,0,en,yellow
172,0,255,en,purple
255,0,59,en,red
255,0,114,en,hot pink
120,0,255,en,violet
109,255,0,en,yellow green
255,112,0,en,pumpkin orange
255,0,168,en,fuschia
255,0,0,en,red orange
255,0,81,en,pink
255,131,0,en,bright orange
173,255,0,en,lime green
255,239,0,en,yellow
255,0,60,en,red
149,0,255,en,purple
255,0,191,en,magenta
229,255,0,en,yellow
255,74,0,en,red
255,0,102,en,magenta
255,0,143,en,dark pink
33,255,0,en,lime green
242,0,255,en,purple
255,255,0,en,yellow
255,0,203,en,pink
255,154,0,en,orange
8,0,255,en,navy blue
206,255,0,en,grass green
255,0,71,en,red
255,134,0,en,orange
125,255,0,en,lime green
255,86,0,en,dark orange
225,0,255,en,eccentric purple
255,0,43,en,strawberry red
255,160,0,en,pumpkin orange
255,0,164,en,pink
255,0,248,en,purple
255,0,61,en,red
255,0,40,en,red
255,0,233,en,purple
92,255,0,en,green
157,255,0,en,electric green
255,80,0,en,red
169,0,255,en,purpel
220,255,0,en,yellow green
255,195,0,en,orange
255,0,121,en,pink
255,128,0,en,traffic cone orange
221,0,255,en,deep purple
184,0,255,en,dark purple
201,255,0,en,yellowish green
255,215,0,en,mustard
93,255,0,en,lime green
255,71,0,en,red
255,0,19,en,red
255,0,244,en,violet
208,255,0,en,yellow green
255,224,0,en,gold
255,96,0,en,red orange
255,199,0,en,gold
255,49,0,en,red
206,255,0,en,greenish yellow
255,87,0,en,orange
255,78,0,en,orange
255,187,0,en,orange yellow
255,0,202,en,magenta
181,255,0,en,greenish yellow
101,0,255,en,dark puple
255,0,250,en,magentya
255,86,0,en,rust
255,0,142,en,pink
255,29,0,en,red
255,157,0,en,gold
255,0,242,en,magenta
255,0,65,en,blood red
181,255,0,en,light green
255,0,16,en,red
255,228,0,en,fall orange
59,255,0,en,green
238,0,255,en,liac
255,192,0,en,orange
255,245,0,en,dark yellow
255,175,0,en,pure orange
202,0,255,en,violet
154,255,0,en,lime green
255,191,0,en,orange
82,255,0,en,neon green
255,0,254,en,neon pink
201,0,255,en,purple
197,255,0,en,green yellow
113,0,255,en,dark blue
255,0,99,en,magenta
255,58,0,en,bright red
233,255,0,en,yellow with a hint of green
255,0,218,en,pink with purple
107,0,255,en,blue with a little purple
255,223,0,en,golden yellow
255,230,0,en,yellow orange
255,41,0,en,red orange
255,174,0,en,orange
159,255,0,en,yellow green
255,0,98,en,pink
255,0,54,en,blood red
229,0,255,en,lilac
255,0,136,en,pink
190,0,255,en,purple
255,67,0,en,red orange
255,0,47,en,red
130,255,0,en,lime green
255,43,0,en,red
211,255,0,en,yellow
255,0,183,en,purple
158,0,255,en,blue
137,0,255,en,dark purple
129,255,0,en,greenish yellow
255,0,72,en,red pink
255,178,0,en,orange
255,0,181,en,pink
255,0,249,en,purple pink
255,209,0,en,dark yellow
251,0,255,en,purple
255,0,96,en,red pink
87,255,0,en,lime green
116,0,255,en,dark blue
255,142,0,en,dark orange
255,214,0,en,dark yellow
255,78,0,en,red
128,0,255,en,blue purple
255,121,0,en,pumpkin orange
255,101,0,en,red blue
180,255,0,en,lime green
255,242,0,en,yellow
59,0,255,en,blue
255,162,0,en,orange
255,0,78,en,dark pink
255,0,35,en,red
255,239,0,en,yellow
255,0,225,en,magenta
255,0,80,en,pink/red
170,0,255,en,purple
231,255,0,en,yellow
255,205,0,en,gold
119,255,0,en,like green
255,89,0,en,redish orange
255,160,0,en,orange
168,0,255,en,purple
255,0,229,en,bright pink
255,0,138,en,hot pink
89,255,0,en,lime green
255,0,248,en,pink purple
134,255,0,en,frog green
255,0,167,en,pink
143,255,0,en,lime green
255,199,0,en,ywlloe
255,0,3,en,red
200,0,255,en,purple
255,0,121,en,pink
57,0,255,en,dark blue
255,138,0,en,orange
255,0,81,en,magenta
255,192,0,en,mustard
255,0,177,en,hot pink
255,0,101,en,red
255,104,0,en,orange
255,245,0,en,yellow
255,170,0,en,orange
255,0,1,en,red
190,255,0,en,yellow green
255,196,0,en,yellow orange
74,255,0,en,lime green
255,0,214,en,hot pink
170,0,255,en,lavender
255,154,0,en,orange
255,127,0,en,burnt orange
255,55,0,en,red
231,0,255,en,magenta
255,174,0,en,orange yellow
206,0,255,en,purple
255,0,241,en,fuschia
255,0,206,en,hot pink
255,0,40,en,red
243,0,255,en,light purple
255,0,101,en,pink red
205,0,255,en,purple
149,0,255,en,blue purple
255,0,68,en,red
255,0,146,en,pink
255,157,0,en,tangerine
255,0,243,en,magenta
255,164,0,en,orange
209,255,0,en,yellow green
255,241,0,en,yellow orange
242,255,0,en,yellow
255,45,0,en,red
81,255,0,en,neon green
255,170,0,en,redish orange
82,0,255,en,dark blue
157,0,255,en,lavender
255,226,0,en,cream
255,76,0,en,red
255,0,205,en,purple
219,255,0,en,yellow
255,94,0,en,red
255,162,0,en,orange
255,201,0,en,orange
255,240,0,en,yellow
67,255,0,en,lime green
255,0,53,en,cherry red
213,0,255,en,purple
249,0,255,en,magenta
255,0,245,en,magenta
238,255,0,en,yellow
115,0,255,en,indigo
255,0,108,en,pink
255,0,164,en,purple
255,210,0,en,yellow
166,255,0,en,yellow
255,0,46,en,red
255,157,0,en,orange
255,232,0,en,yellow
255,0,59,en,red
255,122,0,en,orange
255,0,232,en,purple
130,255,0,en,yellow
255,116,0,en,red orange
255,74,0,en,red
255,0,160,en,magenta
255,0,204,en,rose
255,225,0,en,musatrd
255,168,0,en,orange
255,0,169,en,magenta
253,255,0,en,yellow
211,255,0,en,lime green
136,0,255,en,indigo
255,0,22,en,red
255,0,195,en,magenta
255,0,238,en,magenta
220,255,0,en,mod yellow
255,84,0,en,burnt orange
255,0,171,en,hot pink
154,0,255,en,dark purple
255,105,0,en,red
239,0,255,en,purple
255,0,149,en,magenta
70,0,255,en,blue
135,0,255,en,dark purple
255,218,0,en,orange yellow
255,0,185,en,rose pink
255,193,0,en,yellow orange
255,0,222,en,pink
152,0,255,en,light purple
255,175,0,en,dark yellow orange
255,0,54,en,red
252,0,255,en,magenta
172,255,0,en,light green
255,0,101,en,red pink
255,0,216,en,pink purple
187,0,255,en,light purple
230,255,0,en,yellow
255,0,4,en,red
255,0,193,en,purple pink
255,0,125,en,dark pink
43,255,0,en,lime green
255,0,123,en,magenta
255,92,0,en,burnt orange
238,0,255,en,bright purple
255,0,34,en,bright red
255,0,98,en,pink
255,130,0,en,light orange
255,250,0,en,yellow
255,90,0,en,orange
201,255,0,en,yellow/green
255,0,255,en,light purple
255,0,136,en,bright pink
255,0,176,en,magenta
196,0,255,en,purple
255,0,204,en,purple pink
255,233,0,en,gold
235,255,0,en,yellow
255,0,216,en,purple pink
255,138,0,en,orange
137,255,0,en,lime green
255,0,97,en,pink
255,0,204,en,purple pink
255,0,27,en,red
255,0,73,en,red
255,0,166,en,pink
255,0,134,en,magenta
255,253,0,en,yellow
255,163,0,en,dark orange
169,255,0,en,green pear
255,0,243,en,lavender purple
255,150,0,en,orange red
255,0,124,en,rosy red
255,0,174,en,dark purple pink
216,255,0,en,highlight yellow
235,255,0,en,spicy yellow
223,255,0,en,yellow green
246,255,0,en,yellow
255,0,159,en,pink
220,0,255,en,purple
61,255,0,en,lime green
255,0,241,en,magenta
255,162,0,en,orange
255,0,84,en,salmon
255,134,0,en,pumpkin orange
255,98,0,en,burnt orange
255,194,0,en,orange
93,255,0,en,lime green
159,0,255,en,magenta
255,0,166,en,hot pink
177,255,0,en,pea green
255,0,48,en,red
255,51,0,en,orange red
255,168,0,en,peach
255,117,0,en,orange
255,136,0,en,pumpkin orange
255,196,0,en,gold
255,0,0,en,red
255,0,197,en,pink
255,0,73,en,redish pink
99,0,255,en,dark blue
255,142,0,en,orange
166,255,0,en,lime green
255,0,249,en,violate
255,0,9,en,red
255,99,0,en,burnt orange
255,244,0,en,yellow
255,0,160,en,hot pink
145,255,0,en,lime green
255,224,0,en,yellow
255,0,87,en,red pink
82,255,0,en,lime green
46,0,255,en,royal blue
255,0,188,en,magenta
255,0,251,en,light purple
255,26,0,en,red
255,190,0,en,light orange
255,0,214,en,hot pink
255,0,20,en,scarlet
224,255,0,en,dandelion
255,0,50,en,red pink
198,255,0,en,lime green
255,212,0,en,gold yellow
233,255,0,en,yellow
86,0,255,en,indigo
255,99,0,en,red
255,139,0,en,orange
28,255,0,en,green
241,255,0,en,yellow
204,255,0,en,green
101,255,0,en,green
255,0,205,en,pink
227,0,255,en,lavendar
255,0,199,en,pink
159,0,255,en,purple
255,227,0,en,yellow
255,79,0,en,rust
255,88,0,en,rust
255,0,66,en,red
255,219,0,en,peach
225,255,0,en,neon yellow
255,0,173,en,hot pink
169,0,255,en,violet purple
255,100,0,en,pumpkin orange
231,0,255,en,lavender
255,0,147,en,hot pink
255,0,39,en,red
255,0,192,en,purple pink
152,0,255,en,indigo
255,0,74,en,red pink
255,223,0,en,yellow
255,0,131,en,hot pink
255,0,8,en,orange
255,69,0,en,red orange
255,0,217,en,magenta
203,255,0,en,green yellow
255,50,0,en,red
255,0,43,en,pink
255,0,141,en,purple pink
255,175,0,en,gold
227,0,255,en,purple
130,255,0,en,green
147,0,255,en,violet
255,0,161,en,magenta
255,132,0,en,pumpkin orange
255,0,55,en,hot pink
255,7,0,en,red
148,255,0,en,pea green
179,0,255,en,purple
255,136,0,en,orange
255,0,68,en,pink red
255,34,0,en,red
255,0,43,en,orange red
129,255,0,en,lime green
8,255,0,en,green
255,74,0,en,brown red
255,140,0,en,dark orange
172,0,255,en,purple
245,255,0,en,yellow
255,0,64,en,pink
255,0,67,en,coral pink
255,9,0,en,deep red
214,255,0,en,green yellow
255,158,0,en,orange
255,244,0,en,mild yellow
254,0,255,en,electric violet
109,255,0,en,sublimal green
255,0,109,en,tulip pink
246,0,255,en,light purple
255,0,18,en,red
139,0,255,en,violet
255,0,81,en,fuchia
255,0,167,en,magenta
255,0,227,en,medium purple
99,0,255,en,blue violet
255,103,0,en,burnt orange
133,255,0,en,weak green
255,0,226,en,magenta pink
212,0,255,en,eletric purple
255,0,157,en,bright pink
255,0,178,en,pink
145,0,255,en,violet
255,99,0,en,orange
255,235,0,en,yellow
255,166,0,en,yellow orange
255,0,33,en,red
255,0,100,en,hot pink
255,75,0,en,burnt orange
172,0,255,en,purple
255,162,0,en,dark orange
255,0,161,en,deep pink
255,0,142,en,violet red
255,0,91,en,crimson
185,0,255,en,purple
255,0,75,en,red
255,0,79,en,red pink
255,0,115,en,pink
255,0,197,en,pink
31,0,255,en,darker blue
255,105,0,en,orange
234,0,255,en,purple
255,0,244,en,pink
145,0,255,en,violet
215,255,0,en,green yellow
255,242,0,en,gold
255,0,195,en,fuchsia
255,0,214,en,hot pink
115,255,0,en,lime green
255,245,0,en,lemon
74,0,255,en,royal blue
255,0,103,en,pink
255,0,44,en,raspberry re
255,191,0,en,gold
129,255,0,en,lime green
255,203,0,en,orange
255,129,0,en,orange red
252,0,255,en,violet
4,255,0,en,lime
94,0,255,en,cornflower blue
255,98,0,en,red orange
175,255,0,en,green yellow
255,31,0,en,rose
255,0,30,en,scarlet
194,0,255,en,dark purple
143,255,0,en,green apple
187,255,0,en,yellow green
255,233,0,en,yellow
255,80,0,en,red orange
255,153,0,en,orange
255,0,170,en,electric pink
255,151,0,en,blood orange
241,255,0,en,sunshine yellow
255,218,0,en,golden yellow
255,0,251,en,pink purple
255,0,207,en,pinky purple
204,0,255,en,purple
255,177,0,en,gold
186,255,0,en,yellow green
255,0,40,en,raspberry red
255,0,42,en,red
201,0,255,en,purple
255,228,0,en,yellow
255,61,0,en,red/orange
255,0,121,en,pink
255,207,0,en,golden yellow
255,0,100,en,magenta
255,146,0,en,orange
255,0,64,en,pink flower
109,0,255,en,purple blue
255,245,0,en,yellow
242,0,255,en,violet
255,150,0,en,orange
255,200,0,en,yellow orange
255,0,160,en,bright pink
255,178,0,en,light orange
255,0,62,en,pink
255,46,0,en,red orange
255,0,26,en,red
48,255,0,en,lime green
255,115,0,en,burnt orange
255,0,225,en,bright purple
124,255,0,en,bright green
154,255,0,en,green sucker
255,0,168,en,pink
255,244,0,en,yellow
255,25,0,en,red
187,255,0,en,lime green
195,0,255,en,light purple
163,0,255,en,dark purple
117,255,0,en,green
246,0,255,en,violet
242,255,0,en,yellow
221,0,255,en,violet
255,0,149,en,pink
122,255,0,en,lime
169,0,255,en,purple
255,0,179,en,magenta
255,0,72,en,crimson
255,69,0,en,blood orange
255,98,0,en,orange
209,255,0,en,ochre
255,0,97,en,crimson
255,0,223,en,magenta
152,255,0,en,lime
255,0,142,en,rose
255,0,44,en,red
255,160,0,en,orange
255,0,189,en,pink and ourple
255,119,0,en,dark orange
255,77,0,en,red
255,130,0,en,orange
40,255,0,en,lime green
255,171,0,en,organge
255,201,0,en,gold
255,0,162,en,dark pink
255,0,242,en,violet
170,255,0,en,lime green
255,0,214,en,pink
157,255,0,en,yellow green
213,255,0,en,yellow
255,0,83,en,red
255,180,0,en,orange
82,255,0,en,lime green
255,0,137,en,red pink
255,0,208,en,pink
255,235,0,en,yellow
255,126,0,en,orange
255,244,0,en,yellow
255,199,0,en,yellow orange
151,0,255,en,violet
255,235,0,en,yellow
255,0,60,en,red
255,0,115,en,pink and red
255,0,43,en,red
255,245,0,en,lemon yellow
124,255,0,en,lime green
255,0,37,en,red
232,0,255,en,magenta
131,0,255,en,violet
255,0,107,en,pink
141,255,0,en,yellow green
255,0,139,en,magenta
200,255,0,en,schartruce
255,0,222,en,hot pink
255,0,210,en,magenta
255,0,128,en,fuschia
255,0,53,en,alizarin crimson
255,62,0,en,red
255,196,0,en,cadmium yellow
255,234,0,en,yellow
255,0,190,en,pink
218,255,0,en,yellow green
255,225,0,en,gold
255,87,0,en,red orange
255,0,214,en,magenta
177,0,255,en,purple
155,0,255,en,violet
3,0,255,en,dark blue
240,255,0,en,dark yellow
255,0,180,en,magenta
255,0,103,en,pink
255,97,0,en,red orange
240,0,255,en,purple
255,0,41,en,red
220,255,0,en,dark yellow
255,191,0,en,gold
80,255,0,en,lime green
255,119,0,en,orange
255,0,58,en,red
255,0,215,en,bright pink
255,62,0,en,red orange
255,0,123,en,magenta
255,0,167,en,pink
255,227,0,en,gold
165,255,0,en,yellow green
255,180,0,en,orange
255,0,118,en,pink
109,255,0,en,lime green
255,248,0,en,yellow
255,184,0,en,light orange
230,0,255,en,purple
255,0,110,en,magenta
255,143,0,en,orange
255,115,0,en,dark orange
149,255,0,en,yellow green
255,55,0,en,red
108,0,255,en,dark blue
255,159,0,en,orange
213,0,255,en,purple
255,0,207,en,magenta
169,255,0,en,light green
255,184,0,en,orange
74,255,0,en,neon green
255,255,0,en,yellow
168,0,255,en,purple
255,0,205,en,lighter purple
255,0,74,en,red
255,198,0,en,pee yellow
221,0,255,en,neon purple
255,0,130,en,hot pink
255,224,0,en,yellow
255,0,234,en,pink
255,0,7,en,red
255,0,80,en,red pink
193,255,0,en,yellow green
255,225,0,en,gold
255,0,166,en,magenta
255,138,0,en,orange
255,172,0,en,lighter orange
196,255,0,en,yellow
255,229,0,en,gold
210,255,0,en,green/yelloe
255,0,109,en,pink
243,0,255,en,neon purple
255,186,0,en,mustard
255,153,0,en,light orange
255,39,0,en,red
95,0,255,en,dark blue
255,77,0,en,dark orange
255,0,155,en,pink
255,0,96,en,fuscia
255,103,0,en,dull orange
255,235,0,en,yellow
255,0,39,en,red
255,0,254,en,light purple
255,0,128,en,dark pink
255,0,222,en,lighter purple
214,0,255,en,purple
255,0,68,en,red
255,0,120,en,pink
241,255,0,en,yellow
255,0,144,en,pink/purple
126,0,255,en,neon purple
255,0,215,en,neon pink
255,0,201,en,pink
202,0,255,en,purple
250,255,0,en,yellow
255,141,0,en,dark orange
224,255,0,en,mustard yellow
255,239,0,en,yellow/orange
255,163,0,en,orange
255,0,104,en,hot pink
255,188,0,en,light orange
255,0,229,en,purple
255,143,0,en,orange
255,0,106,en,pink
255,247,0,en,yellow
255,0,178,en,fuschia
255,47,0,en,red
126,255,0,en,neon green
181,0,255,en,purple
255,79,0,en,orange
255,224,0,en,yelloe
255,0,198,en,brighter purple
255,206,0,en,dull yellow
255,0,33,en,red
255,79,0,en,orange
185,255,0,en,yellow/green
255,90,0,en,orange
255,240,0,en,yellow
35,255,0,en,green
255,162,0,en,orange
255,0,1,en,red
255,0,118,en,pink
255,0,107,en,pink
255,160,0,en,orange
255,0,22,en,red
255,235,0,en,yellow
145,255,0,en,yellow green
175,0,255,en,purple
255,67,0,en,orange/red
255,0,45,en,red
255,187,0,en,sand
255,176,0,en,gold
237,0,255,en,hot pink
188,255,0,en,yellow green
255,0,115,en,red pink
255,0,145,en,pink
166,255,0,en,green
62,255,0,en,green
255,0,163,en,pink
201,0,255,en,purple
255,0,188,en,pink
255,0,237,en,purple
190,255,0,en,yellow
255,124,0,en,orange
255,0,246,en,purple
255,186,0,en,orange
156,0,255,en,blue purple
255,0,165,en,fuschia
255,0,117,en,pink
230,255,0,en,yellow
255,0,56,en,red
110,255,0,en,light green
255,249,0,en,yellow
255,232,0,en,dark yellow
255,0,119,en,pink
155,255,0,en,yucky green
115,255,0,en,green
255,203,0,en,mustard yellow
255,0,253,en,neon purplde
255,0,211,en,pink
255,0,122,en,pink
121,255,0,en,green
255,0,170,en,pink
255,0,251,en,pink
255,0,243,en,lesser bright purple
255,173,0,en,orange
138,0,255,en,more dull blue
255,150,0,en,dill orange
255,0,150,en,bright purple
243,255,0,en,yellow
255,0,249,en,less bright purple
79,0,255,en,dull blue
255,0,51,en,red
255,0,117,en,magenta
255,0,20,en,red
255,0,83,en,magenta
255,234,0,en,yelllow
146,0,255,en,purple
255,0,63,en,red
255,0,216,en,dark pink
255,173,0,en,mustard
255,0,209,en,purple
255,105,0,en,orange
255,0,94,en,hot pink
255,250,0,en,yellow
255,186,0,en,yellow
255,151,0,en,orange
255,167,0,en,orange
144,255,0,en,green
255,109,0,en,orange
195,0,255,en,purple
123,255,0,en,lime green
255,43,0,en,red orange
159,255,0,en,light green
255,134,0,en,rustic orange
255,0,193,en,fuchia
255,0,24,en,red
255,191,0,en,gold
255,191,0,en,faint orange
255,0,252,en,purple
79,0,255,en,blue
114,0,255,en,puple/blue
255,255,0,en,yellow
210,255,0,en,yellow/green
166,0,255,en,purple
255,0,15,en,red
255,78,0,en,dark orange
255,0,163,en,pink
255,127,0,en,orange
255,95,0,en,rustic orange
255,161,0,en,orange yellow
255,255,0,en,yellow
255,0,246,en,red violet
207,255,0,en,yellow green
255,0,117,en,razzmatazz
255,0,249,en,purple
255,0,42,en,red
181,255,0,en,faint yellow
255,0,80,en,pink
255,0,94,en,pink
255,52,0,en,red/orange
255,143,0,en,orange
216,255,0,en,yellow
255,0,94,en,light dark pink
255,0,76,en,dark pink
255,0,114,en,light purple
144,255,0,en,neon green
255,96,0,en,dull orange
255,183,0,en,yellow orange
255,0,219,en,magenta
255,87,0,en,orange
251,255,0,en,yellow
191,255,0,en,yellow green
255,60,0,en,red orange
255,154,0,en,yellow orange
160,0,255,en,purple
255,0,93,en,razzmatazz
233,0,255,en,light purple
155,0,255,en,purple
193,0,255,en,violet
255,0,70,en,red pink
255,228,0,en,middle yellow
255,0,174,en,magenta
202,0,255,en,purple
242,0,255,en,pink/purple
255,145,0,en,orange
255,0,112,en,pinkish red
255,0,211,en,pink
255,205,0,en,gold
180,255,0,en,lime green
255,0,95,en,red
255,0,115,en,fushia
255,220,0,en,mustard yellow
255,0,208,en,pink/purple
159,0,255,en,magenta
252,255,0,en,light yellow
255,0,214,en,pink/purple
255,179,0,en,orange
213,0,255,en,light purple
255,109,0,en,blood orange
255,182,0,en,orange
128,255,0,en,lime green
163,0,255,en,purple
151,0,255,en,indigo
48,0,255,en,blue
242,0,255,en,magenta
165,0,255,en,purple
157,255,0,en,yellow green
255,0,191,en,magenta
255,124,0,en,orange
255,0,170,en,pink
126,255,0,en,yellow green
255,124,0,en,burnt orange
86,0,255,en,royal blue
255,0,207,en,pink
246,255,0,en,yellow
255,0,211,en,magenta
255,217,0,en,gold
222,255,0,en,yellow
255,116,0,en,rusty orange
48,255,0,en,lime green
255,186,0,en,orange/yellow
255,0,69,en,rose red
255,8,0,en,red
255,123,0,en,orange
226,255,0,en,yellow
255,0,167,en,fushia
128,255,0,en,green
255,0,251,en,purple
255,0,189,en,pink
255,0,82,en,rose red
255,226,0,en,yellow
255,117,0,en,orange
31,255,0,en,green
255,0,216,en,purple
147,0,255,en,purple
86,0,255,en,royal blue
255,0,47,en,rose red
255,195,0,en,gold
253,255,0,en,yellow
255,0,131,en,pink
171,255,0,en,lemon lime
255,155,0,en,orange
212,0,255,en,purple
255,0,116,en,rosy pink
240,255,0,en,yellow
255,100,0,en,orange
110,0,255,en,dark violet
127,255,0,en,yellow green
161,255,0,en,lime green
255,0,107,en,hot pink
255,199,0,en,gold
186,0,255,en,magenta
247,255,0,en,yellow
255,148,0,en,orange
255,0,18,en,red
255,0,249,en,magenta
54,0,255,en,navy
98,255,0,en,lime green
255,0,158,en,hot pink
255,84,0,en,burnt orange
255,0,228,en,fuschia
255,45,0,en,red
228,255,0,en,yellow
255,0,205,en,pink
255,0,232,en,pink purple
255,195,0,en,yellow orange
255,161,0,en,orange
221,0,255,en,violet
179,255,0,en,yellow green
255,71,0,en,orange red
255,0,156,en,rosy pink
89,0,255,en,dark blue
255,0,64,en,red pink
255,0,38,en,red
255,232,0,en,gold
221,255,0,en,lemon
7,255,0,en,electric green
195,0,255,en,purple
255,0,88,en,pink
255,150,0,en,orange
255,0,159,en,hot pink
255,111,0,en,orange
119,255,0,en,lime green
117,0,255,en,indigo
184,0,255,en,royal purple
255,0,206,en,fuchsia
255,0,152,en,magenta
255,56,0,en,orange
255,0,87,en,pink
255,206,0,en,yellow
255,245,0,en,yellow
255,0,205,en,magenta
5,0,255,en,royal blue
255,172,0,en,golden yellow
119,0,255,en,purple
238,0,255,en,light purple
203,255,0,en,lime green
252,255,0,en,yellow
255,0,40,en,red
255,0,213,en,magenta
255,0,175,en,hot pink
1,0,255,en,dark blue
255,127,0,en,orange
255,0,39,en,red
153,0,255,en,violet
255,232,0,en,yellow
184,0,255,en,purple
237,0,255,en,magenta
255,0,242,en,magenta
255,94,0,en,orange
255,55,0,en,red
255,0,207,en,pink
255,155,0,en,light orange
255,128,0,en,orange
255,93,0,en,dark orange
255,235,0,en,yellow
255,0,138,en,dark pink
255,0,79,en,scarlet
255,0,146,en,fuschia
45,255,0,en,lime green
107,0,255,en,indigo
255,0,6,en,red
255,203,0,en,golden yellow
255,0,33,en,red
189,255,0,en,puke green
255,0,73,en,salmon
255,0,106,en,pink
255,67,0,en,burnt orange
255,205,0,en,gold
255,235,0,en,yellow
255,0,101,en,rose
163,0,255,en,purple
255,197,0,en,light orange
135,255,0,en,lime green
255,0,72,en,red
115,255,0,en,electric green
255,0,97,en,alizarin crimson
134,255,0,en,lime green
255,132,0,en,orange
255,48,0,en,red
192,255,0,en,schartruce
255,0,133,en,hot pink
255,96,0,en,red
255,178,0,en,orange
255,0,247,en,magenta
255,231,0,en,yellow
216,0,255,en,purple
233,255,0,en,lemon yellow
255,0,236,en,pinky purple
255,0,195,en,hot pink
177,255,0,en,puke green
233,0,255,en,purple
255,0,127,en,hot pink
250,255,0,en,yellow
255,161,0,en,orange
255,132,0,en,rust orange
255,129,0,en,orange
73,255,0,en,green
154,255,0,en,light green
255,0,246,en,pink
201,255,0,en,yellow green
255,244,0,en,yellow
255,0,174,en,pink
255,0,188,en,pink
255,29,0,en,red
255,176,0,en,orange
255,103,0,en,dark orange
255,218,0,en,bright orange
255,0,72,en,magenta
255,0,110,en,dark pink
255,0,17,en,red
255,0,236,en,pink
177,0,255,en,purple
255,202,0,en,yellow orange
141,0,255,en,purple
255,0,124,en,dark pink
255,151,0,en,orange
255,0,141,en,magenta
255,0,94,en,hot pink
255,0,206,en,light purple
255,0,59,en,red
174,0,255,en,purple
255,252,0,en,yellow
222,0,255,en,purple
255,117,0,en,orange
255,209,0,en,mustard yellow
255,0,23,en,red
186,0,255,en,dark purple
255,0,173,en,pink
211,255,0,en,yellow green
255,0,142,en,fuchia
255,0,140,en,violet red
255,0,52,en,scarlet
255,0,104,en,rose red
255,0,171,en,pink
255,188,0,en,gold
226,255,0,en,yellow
255,0,48,en,red
162,255,0,en,yellow green
242,0,255,en,light purple
255,0,109,en,fuchia
255,0,66,en,red
107,255,0,en,green
255,246,0,en,yellow
255,49,0,en,red
255,0,185,en,purple
255,159,0,en,orange
255,0,240,en,light purple
122,0,255,en,purple
255,0,172,en,magenta
255,191,0,en,orange
255,174,0,en,light orange
255,117,0,en,dark orange
69,255,0,en,green
12,0,255,en,dark blue
255,224,0,en,orange
148,255,0,en,green
217,255,0,en,yellow
251,0,255,en,magenta
255,0,27,en,red
255,59,0,en,dark orange
255,0,212,en,fuchia
120,0,255,en,indigo
144,255,0,en,yellow green
255,230,0,en,yellow
255,123,0,en,orange
255,59,0,en,orange red
255,0,65,en,scarlet
255,0,45,en,red
255,196,0,en,musturd
155,0,255,en,indigo
255,0,93,en,magenta
255,97,0,en,pumpkin
255,0,149,en,fuchsia
222,255,0,en,line green
239,255,0,en,lemon
255,143,0,en,yam
255,238,0,en,musturd
255,0,133,en,fuscia
255,0,205,en,magenta
125,255,0,en,lime
245,0,255,en,fuschia
255,165,0,en,pumpkin
144,255,0,en,chartreuse
166,0,255,en,indigo
255,0,244,en,magenta
255,0,155,en,pink
255,200,0,en,gold
202,255,0,en,yellow
245,0,255,en,purple
209,255,0,en,green
255,7,0,en,red
133,0,255,en,purple
255,0,40,en,red
255,224,0,en,yellow
255,0,217,en,pink
255,0,132,en,pink
255,0,102,en,pink
43,255,0,en,green
255,147,0,en,orange
255,85,0,en,orange
255,248,0,en,yellow
255,185,0,en,orange
246,255,0,en,yellow
255,0,102,en,pink
255,0,140,en,magenta
255,0,176,en,pink
255,96,0,en,orange
255,0,51,en,red
104,255,0,en,green
112,0,255,en,purple
255,163,0,en,gold
213,0,255,en,purple
185,255,0,en,green
255,161,0,en,orange
255,0,55,en,red
255,0,154,en,pink
255,0,191,en,pink
255,0,96,en,pink
255,93,0,en,red orange
163,0,255,en,violet
255,0,233,en,hot pink
255,132,0,en,orange
255,0,139,en,rose
255,178,0,en,yellow orange
255,0,250,en,hot purple
243,0,255,en,pink
255,0,29,en,red
147,255,0,en,green
255,120,0,en,orange
255,238,0,en,yellow
255,53,0,en,red
57,0,255,en,blue
168,0,255,en,purple
255,0,224,en,magnta
255,196,0,en,yellow orange
255,0,52,en,red
159,0,255,en,purple
255,0,153,en,hot pink
255,250,0,en,yellow
255,46,0,en,red
174,255,0,en,lime green
114,255,0,en,lime green
255,0,35,en,red
255,237,0,en,yellow
255,0,209,en,hot pink
21,0,255,en,blue
207,255,0,en,yellow green
255,125,0,en,orange
255,199,0,en,yellow
255,114,0,en,orange
255,241,0,en,yellow
1,255,0,en,green
255,0,103,en,pink
255,0,62,en,red
110,0,255,en,purple
255,0,159,en,pink
78,0,255,en,purple
255,63,0,en,orange
227,0,255,en,purple
186,255,0,en,yellow
148,255,0,en,lime green
242,255,0,en,yellow
28,0,255,en,persian blue
60,255,0,en,lime green
139,255,0,en,lawn green
255,197,0,en,amber
255,0,191,en,hot pink
255,213,0,en,gold
255,10,0,en,scarlett
213,0,255,en,purple
255,0,117,en,pink
122,0,255,en,indigo
255,0,87,en,red
241,0,255,en,fuschia
255,0,235,en,pink
255,67,0,en,orange
255,0,22,en,red
255,0,145,en,hot pink
216,0,255,en,violet
255,250,0,en,pineapple
255,0,110,en,rose
255,0,241,en,fushia
255,93,0,en,safety orange
255,0,112,en,deep pink
244,255,0,en,yellow
70,255,0,en,green
255,0,211,en,fuschia
255,237,0,en,gold
255,0,54,en,red
255,105,0,en,orange
255,32,0,en,red orange
147,255,0,en,yellow green
255,0,181,en,fuschia
255,0,171,en,fuschia
255,209,0,en,goldenrod
255,153,0,en,orange
255,133,0,en,orange
255,0,13,en,red
223,255,0,en,yellow green
158,0,255,en,purple
116,255,0,en,green
203,255,0,en,yellow green
255,174,0,en,orange
255,236,0,en,gold
255,0,248,en,fuschia
167,255,0,en,green
246,255,0,en,yellow
255,84,0,en,red orange
246,255,0,en,bright yellow
255,0,127,en,hot pink
129,255,0,en,lime green
255,108,0,en,reddish orange
255,207,0,en,yellow
255,0,63,en,red
255,157,0,en,orange
255,0,169,en,fuscia
205,255,0,en,chartreuse
129,0,255,en,royal purple
255,135,0,en,tiger
255,153,0,en,tangerine
255,0,38,en,crimson
255,0,58,en,strawberry
242,0,255,en,wineberry
255,98,0,en,orange
255,0,13,en,bright red
255,0,226,en,light purple
255,0,95,en,hot pink
255,0,189,en,light purple
183,0,255,en,lavender
255,0,255,en,purple
255,76,0,en,burnt orange
255,0,71,en,pink
255,0,151,en,pink
255,0,192,en,fuschia
255,0,132,en,pink
255,0,46,en,red
255,192,0,en,orange
166,0,255,en,purple
255,0,239,en,fuschia
255,0,83,en,pink
255,51,0,en,red orange
255,150,0,en,orange
239,0,255,en,purple pink
216,255,0,en,yellow green
255,227,0,en,yellow
99,0,255,en,blue purple
255,0,109,en,pink red
170,255,0,en,green yellow
255,143,0,en,orange yellow
255,0,187,en,pink
178,0,255,en,purple
255,253,0,en,yellow
229,255,0,en,chartreuse
255,0,164,en,hot pink
165,255,0,en,yellow green
255,148,0,en,salmon
110,255,0,en,green
255,224,0,en,peach
255,0,69,en,red
118,0,255,en,purple
255,0,62,en,pink
200,0,255,en,purple
220,255,0,en,yellow
255,95,0,en,orange
255,0,97,en,pink
255,180,0,en,orange
150,255,0,en,green
255,0,31,en,red
84,0,255,en,purple
96,0,255,en,purple
255,0,190,en,pink
255,188,0,en,orange
255,0,129,en,pink
242,255,0,en,yellow
255,66,0,en,orange
255,148,0,en,orange
71,0,255,en,blue
255,0,220,en,pink
255,0,180,en,pink
255,171,0,en,orange
255,0,114,en,red
174,0,255,en,purple
88,255,0,en,green
255,0,13,en,red
255,0,146,en,pink
255,0,222,en,purple
116,255,0,en,green
251,0,255,en,purple
255,225,0,en,yellow
255,93,0,en,orange
255,0,241,en,pink
255,132,0,en,orange
251,0,255,en,purple
124,255,0,en,green
255,72,0,en,red
255,0,1,en,red
255,153,0,en,orange
187,255,0,en,green
47,0,255,en,blue
255,0,153,en,pink
255,0,199,en,pink
255,146,0,en,orange
60,255,0,en,green
255,0,132,en,red
250,255,0,en,yellow
255,97,0,en,red
255,0,110,en,red
255,186,0,en,orange
255,70,0,en,oraange
97,0,255,en,blue
255,160,0,en,orange
255,0,128,en,pink
167,255,0,en,green
255,196,0,en,orange
212,0,255,en,purple
255,226,0,en,yellow
234,255,0,en,yellow
255,0,207,en,pink
252,0,255,en,purple
255,0,58,en,red
103,0,255,en,blue
255,232,0,en,yellow
209,0,255,en,purple
163,255,0,en,green
255,0,239,en,purple
204,255,0,en,green
255,0,168,en,pink
255,0,34,en,red
255,0,93,en,pink
255,0,54,en,pink
115,0,255,en,purple
255,0,51,en,cardinal
255,236,0,en,yellow
255,107,0,en,orange
255,0,252,en,magenta
255,63,0,en,burnt orange
255,0,87,en,pinkish red
205,0,255,en,violet
128,255,0,en,lime green
255,0,178,en,magenta
255,0,250,en,magenta
255,0,107,en,hot pink
255,212,0,en,duck bill yello
255,0,59,en,raspberry
114,0,255,en,purple
255,131,0,en,orange
255,0,169,en,magenta
216,255,0,en,yellow green
107,255,0,en,dirty green
82,0,255,en,navy blue
102,255,0,en,lime green
255,0,244,en,pink
255,0,31,en,brick red
255,0,198,en,mauve
255,103,0,en,orange
103,0,255,en,purple
255,0,125,en,violet
255,0,28,en,red
167,0,255,en,purple
255,252,0,en,yellow
255,0,121,en,pink red
255,0,232,en,magenta
255,198,0,en,marigold
255,0,203,en,pink
148,255,0,en,yellow green
255,161,0,en,orange
255,0,169,en,magenta
255,69,0,en,orange
177,255,0,en,dark yellow
255,145,0,en,school bus orange
255,0,136,en,magenta
255,0,253,en,pink
255,0,90,en,red
255,132,0,en,orange
252,255,0,en,yellow
191,0,255,en,purple
255,0,80,en,brick red
255,78,0,en,red orange
162,255,0,en,light green
255,0,167,en,mauve
255,0,227,en,purple
255,213,0,en,yellow orange
255,0,20,en,red orange
255,96,0,en,burnt orange
254,255,0,en,yellow
186,255,0,en,lime green
255,172,0,en,orange
255,167,0,en,orange
255,221,0,en,gold
255,184,0,en,light orange
202,255,0,en,yellow green
255,0,228,en,neon purple
235,255,0,en,gold yellow
255,0,79,en,pink
255,69,0,en,orange
230,255,0,en,yellow
225,0,255,en,purple
255,245,0,en,yellow
255,193,0,en,orange
255,155,0,en,orange
228,255,0,en,yellow
128,0,255,en,neon purple blue
140,255,0,en,yellow green
98,255,0,en,green
255,208,0,en,gold
255,0,101,en,magenta
255,0,250,en,light purple
255,101,0,en,orange red
255,0,176,en,light magenta
255,0,207,en,purple
255,0,14,en,red
255,0,117,en,pink
255,86,0,en,orange
42,0,255,en,blue
255,179,0,en,gold orange
255,222,0,en,gold
255,0,155,en,pink purple
255,0,29,en,pink red
164,0,255,en,light purple
255,138,0,en,orange
255,0,118,en,magenta
191,255,0,en,yellow green
255,0,74,en,magenta
255,0,39,en,red
255,0,101,en,pink
255,103,0,en,orange
150,255,0,en,yellow green
91,0,255,en,indigo
255,143,0,en,orange
177,0,255,en,purple
255,0,245,en,purple
255,51,0,en,orange
255,0,161,en,purple
144,255,0,en,green
255,0,70,en,red
89,255,0,en,green
117,0,255,en,purple
255,228,0,en,yellow
255,0,98,en,pink
255,0,243,en,pink
156,0,255,en,purple
255,221,0,en,yellow
255,126,0,en,orange
255,54,0,en,red
255,0,156,en,dark pink
255,0,183,en,neon pink
255,208,0,en,dandelion yellow
243,0,255,en,magenta
235,255,0,en,neon yellow
255,164,0,en,yellow orange
113,255,0,en,lime green
205,0,255,en,purple
255,0,123,en,red pink
255,0,210,en,pink
255,247,0,en,yellow
255,0,112,en,pink
255,0,12,en,red
255,0,49,en,red
255,0,103,en,pink
148,0,255,en,purple
255,191,0,en,yellow
255,71,0,en,orange
255,0,172,en,pink
114,255,0,en,green
255,178,0,en,yellow
255,111,0,en,orange
192,255,0,en,yellow
185,255,0,en,yellow
255,132,0,en,orange
255,230,0,en,yellow
255,0,247,en,purple
255,0,211,en,pink
213,0,255,en,purple
162,0,255,en,light purple
255,137,0,en,orange
255,236,0,en,yellow
255,0,249,en,violet
255,202,0,en,mustard
255,0,38,en,red
255,0,78,en,hot pink
255,0,182,en,magenta
249,255,0,en,yellow
213,255,0,en,mustard
255,103,0,en,orange
255,0,221,en,magenta
255,75,0,en,orange
179,0,255,en,grape
66,0,255,en,blue
159,255,0,en,lime
255,157,0,en,orange
255,0,82,en,red
97,255,0,en,lime green
255,0,150,en,hot pink
255,0,141,en,hot pink
255,0,80,en,salmon
255,246,0,en,yellow
255,97,0,en,orange
255,0,141,en,pink
255,53,0,en,red orange
255,0,254,en,purple
255,237,0,en,dark yellow
255,192,0,en,orange yellow
75,0,255,en,purplish blue
200,255,0,en,yellow green
255,0,108,en,pink
255,0,39,en,pink red
128,255,0,en,light green
255,0,157,en,pink
255,127,0,en,orange
175,255,0,en,yellow green
255,0,240,en,purple pink
255,172,0,en,light orange
197,0,255,en,purple
255,0,203,en,pink purple
255,254,0,en,yellow
255,218,0,en,gold
117,0,255,en,lavender
255,0,31,en,red
71,255,0,en,light green
255,0,83,en,hot pink
255,0,151,en,pink
197,255,0,en,neon yellow
255,122,0,en,orange
138,255,0,en,neon green
255,174,0,en,light orange
255,117,0,en,orange
255,189,0,en,gold
255,0,229,en,pink
83,0,255,en,blue
229,0,255,en,violet
255,53,0,en,red
255,0,67,en,hot pink
255,0,190,en,rose pink
209,0,255,en,purple
255,0,127,en,rose
87,255,0,en,lime green
129,0,255,en,purple
255,0,169,en,pink
255,0,132,en,indigo
255,108,0,en,orange
255,0,179,en,pink
247,255,0,en,yellow
255,0,51,en,maroon
255,0,43,en,red
255,143,0,en,orange
160,255,0,en,yellow green
255,56,0,en,red orange
211,255,0,en,light yellow
255,0,255,en,light pink
255,0,100,en,indigo
200,0,255,en,orchid
255,0,212,en,pink
255,184,0,en,light orange
255,231,0,en,yellow
255,161,0,en,orange
255,0,185,en,pink
255,4,0,en,red
255,0,111,en,burgundy
66,0,255,en,royal blye
255,169,0,en,orange
160,0,255,en,purple
126,255,0,en,right green
255,245,0,en,yellow
255,142,0,en,auburn
214,255,0,en,mustard
244,0,255,en,magenta
255,204,0,en,musty yellow
255,0,47,en,red
255,87,0,en,orange and red mix
193,0,255,en,purple
255,0,231,en,magenta
255,0,139,en,deep pink
255,0,147,en,pink
255,214,0,en,mustard
157,255,0,en,puke green
255,0,77,en,red
108,255,0,en,green
139,0,255,en,purple
29,0,255,en,blue
255,0,52,en,pink
255,62,0,en,orange
255,0,82,en,pink
221,0,255,en,purple
240,255,0,en,yellow
255,240,0,en,yellow
255,0,117,en,pink
255,202,0,en,gold
255,99,0,en,orange
255,0,151,en,purple
216,255,0,en,yellow
255,152,0,en,orange
255,0,242,en,purple
255,0,203,en,purple
255,0,15,en,red
140,255,0,en,green
181,0,255,en,purple
255,123,0,en,orange
182,255,0,en,yellow green
111,0,255,en,purple
255,0,166,en,fuschia
255,102,0,en,burnt orange
212,255,0,en,yellow
85,0,255,en,indigo
255,0,56,en,red
255,0,192,en,magenta
237,0,255,en,fuschia
244,255,0,en,yellow
255,178,0,en,gold
172,0,255,en,purple
255,0,119,en,magenta
255,0,21,en,red
255,0,245,en,fuschia
255,199,0,en,gold
41,255,0,en,green
255,60,0,en,burnt orange
255,0,86,en,magenta
255,151,0,en,burnt yellow
255,226,0,en,yellow
137,255,0,en,green
170,0,255,en,purple
255,73,0,en,red orange
255,140,0,en,orange
255,0,245,en,pink
32,0,255,en,blue
255,0,208,en,pink
255,199,0,en,yellow orange
98,255,0,en,green
255,0,53,en,red
255,218,0,en,yellow
255,0,252,en,pink
197,255,0,en,green
255,0,150,en,pink
255,182,0,en,yellow
255,245,0,en,yellow
255,0,157,en,pink
255,107,0,en,orange
255,71,0,en,red
255,0,61,en,red
255,0,226,en,magenta
255,150,0,en,orange
142,0,255,en,purplish
255,154,0,en,orange
143,255,0,en,green
255,0,251,en,purple
219,255,0,en,yellow
255,0,139,en,red
255,0,108,en,red
255,0,37,en,red
255,211,0,en,yellow
255,0,178,en,purple
79,255,0,en,green
255,232,0,en,yellow
64,0,255,en,blue
194,0,255,en,purple
255,0,129,en,pink
251,255,0,en,yellow
255,118,0,en,orange
145,0,255,en,purple
255,0,93,en,red
255,0,11,en,red
245,255,0,en,yellow
255,0,252,en,magenta
255,228,0,en,mustard
255,82,0,en,salmon
192,255,0,en,green
206,0,255,en,lavender
129,255,0,en,green
255,0,38,en,red
255,18,0,en,red
255,0,181,en,pink
148,0,255,en,lavender
255,0,216,en,magenta
255,0,139,en,pinkish purple
255,148,0,en,orange
255,0,53,en,red
255,176,0,en,orange
170,255,0,en,green
255,183,0,en,orange
255,0,149,en,pink
255,0,75,en,red
106,0,255,en,even darker blue
255,225,0,en,peach
76,0,255,en,darkest blue
255,0,227,en,purply pink
255,0,172,en,pink
135,255,0,en,pukey green
255,200,0,en,mustard
83,255,0,en,lime green
255,0,196,en,pink
255,0,250,en,chartruse
255,133,0,en,orange
208,0,255,en,purple
255,0,100,en,faded red
173,0,255,en,purple
255,0,200,en,pinkish
255,0,39,en,red
109,255,0,en,puke green
255,123,0,en,burnt orange
255,69,0,en,the same red
163,255,0,en,yellow green
66,0,255,en,dark blue
255,0,92,en,chartruse
255,0,22,en,red
255,102,0,en,orange
255,168,0,en,mustard
161,0,255,en,purple
255,222,0,en,yellow
255,16,0,en,pretty red
247,255,0,en,bright yellow
255,0,51,en,tomato
187,255,0,en,vomit
255,0,170,en,pink
255,0,240,en,pink
255,0,115,en,pink
255,172,0,en,orange
205,255,0,en,puke yellow
255,110,0,en,sort of a soft fuzzy armchair type of orange
255,189,0,en,vanilla red
255,0,142,en,pink
255,0,250,en,violet
255,249,0,en,yellow
255,0,189,en,deep pink
255,92,0,en,deep orange
156,255,0,en,neon green
255,0,85,en,off red
255,0,229,en,lavender pink
255,224,0,en,harvest yellow
255,0,59,en,red
255,49,0,en,orange red
255,144,0,en,pumpkin ornage
205,255,0,en,lime green
56,0,255,en,navy blue
255,0,16,en,red
151,0,255,en,purple
255,0,152,en,pink
110,255,0,en,lime green
255,0,114,en,orange red
255,0,251,en,neon purple
252,255,0,en,yellow
190,0,255,en,purple
255,152,0,en,pumpkin orange
255,187,0,en,orange
214,255,0,en,charteuse
255,0,238,en,light purple
201,0,255,en,purple
255,0,144,en,pink
255,0,112,en,hot pink
255,0,58,en,red pink
255,0,107,en,magenta
255,144,0,en,orange
255,240,0,en,yellow
255,0,198,en,pink purple
240,0,255,en,purple
255,198,0,en,gold
255,90,0,en,red orange
95,0,255,en,indigo
255,37,0,en,red
255,0,42,en,red
88,0,255,en,royal blue
170,255,0,en,pea green
249,255,0,en,yellow
255,167,0,en,orange
104,255,0,en,lime green
255,0,151,en,violet
255,0,51,en,soft red
255,0,24,en,red
255,0,87,en,dark pink
212,0,255,en,violet
255,0,122,en,purple
172,255,0,en,greenish yellow
255,207,0,en,cream
255,0,224,en,light purple
158,255,0,en,green
224,0,255,en,ceres
255,0,158,en,pink
243,255,0,en,yellow
255,238,0,en,yellow
255,0,223,en,purple
255,0,119,en,pink
255,191,0,en,yellow
215,255,0,en,lime
255,96,0,en,orange
255,0,72,en,red
255,0,82,en,pink
142,0,255,en,purple
60,0,255,en,purple
255,200,0,en,warm orange
255,240,0,en,warm yellow
51,0,255,en,deep blue
209,255,0,en,lime
255,0,71,en,red
255,0,35,en,red
168,0,255,en,purple
255,81,0,en,crimson
255,225,0,en,yellow
255,123,0,en,orange
152,255,0,en,lime green
187,255,0,en,yellower green
76,255,0,en,green
107,0,255,en,blue/purple
255,0,232,en,magenta
255,0,130,en,hot pink
255,0,26,en,red
197,0,255,en,purple
255,0,154,en,hot pink
255,0,74,en,red
255,91,0,en,orange
255,185,0,en,yellow
255,0,193,en,pink
234,255,0,en,yellow
255,0,92,en,pink
255,159,0,en,orange
255,0,246,en,purple
255,0,192,en,pink
87,0,255,en,dark blue
231,0,255,en,magneta
255,0,86,en,red
182,0,255,en,violet
255,176,0,en,orange
240,255,0,en,yellow
170,0,255,en,purple
255,0,82,en,cool red
255,0,161,en,magenta
255,214,0,en,warm yellow
255,208,0,en,orange
123,0,255,en,purple blue
255,0,46,en,red
255,209,0,en,yellow orange
255,0,170,en,pink
255,0,216,en,magneta
157,255,0,en,lime green
255,134,0,en,orange
255,248,0,en,yellow
255,55,0,en,bright red
255,242,0,en,warm yellow
255,0,144,en,hot pink
255,0,226,en,pink
255,248,0,en,lemon yellow
178,0,255,en,purple
255,0,176,en,pink
255,241,0,en,yello
215,255,0,en,yellow green
94,255,0,en,time green
255,0,78,en,dark pink
255,112,0,en,orange
255,0,119,en,pink
143,0,255,en,purple
214,255,0,en,mustard yellow
255,0,246,en,magenta
255,83,0,en,red orange
255,0,137,en,rose
255,154,0,en,dusky orange
157,255,0,en,pale green
255,0,56,en,red
114,255,0,en,grass green
255,0,199,en,rose pink
255,77,0,en,vermillion
255,0,36,en,red
255,0,223,en,pink
255,143,0,en,orange
255,205,0,en,gold
224,0,255,en,fushia
106,255,0,en,light green
224,255,0,en,yellow green
255,0,181,en,red pink
247,255,0,en,sun yellow
255,0,223,en,dark pink
255,0,19,en,red
103,0,255,en,purple
255,0,172,en,fushia pink
161,255,0,en,green yellow
255,231,0,en,golden yellow
255,87,0,en,coral orange
255,0,10,en,red
255,0,251,en,magenta
255,0,187,en,hot pink
121,255,0,en,lime green
255,220,0,en,yellow
255,150,0,en,tangerine
200,255,0,en,lime green
255,67,0,en,red
193,0,255,en,magenta
243,255,0,en,banana yellow
255,0,237,en,hot pink
255,0,79,en,red
255,189,0,en,dark yellow
148,255,0,en,.lime green
255,158,0,en,tangerine
255,0,132,en,pink
255,0,145,en,hot pink
255,117,0,en,orange
255,0,104,en,red pink
119,0,255,en,purple
255,126,0,en,"am,ber"
255,0,92,en,red pink
255,0,115,en,dark pink
191,0,255,en,indigo
255,70,0,en,orange coral
255,0,63,en,red
255,181,0,en,gold
255,0,194,en,hot pink
255,0,111,en,pink
255,0,45,en,red
207,255,0,en,nasty green
255,221,0,en,yellowy orange
255,0,170,en,slightly less hot pink
167,0,255,en,purple
255,180,0,en,orange
9,255,0,en,very bright green
137,0,255,en,violet
255,64,0,en,red
255,0,126,en,dark pink
171,255,0,en,lime? neon green?
255,245,0,en,yellow
255,205,0,en,yellowy orange
109,255,0,en,a vibrant green
255,123,0,en,red orange
255,0,234,en,this is the same pink
255,103,0,en,red
255,0,248,en,as this pink
213,255,0,en,chartreuse
255,172,0,en,orange
138,255,0,en,lime
138,0,255,en,purple
255,0,112,en,fuschia
255,188,0,en,orange
255,0,231,en,magenta
185,0,255,en,purple
255,0,77,en,fuschia
255,0,38,en,red
16,255,0,en,green
255,83,0,en,red orange
255,220,0,en,yellow
225,0,255,en,magenta
255,0,97,en,fuschia
255,0,170,en,magenta
255,57,0,en,red orange
255,133,0,en,orange
255,0,196,en,magenta
42,255,0,en,green
255,244,0,en,yellow
255,181,0,en,light orange
255,112,0,en,orange
217,255,0,en,yellow
255,69,0,en,dark orange
255,0,93,en,hot pink
147,255,0,en,yellow green
255,0,214,en,magenta
65,0,255,en,indigo
255,0,254,en,magenta
99,0,255,en,indigo
255,142,0,en,dark orange
255,0,67,en,hot pink
255,0,37,en,red
178,0,255,en,purple
255,207,0,en,yellow
117,255,0,en,yellow green
255,0,130,en,hot pink
255,254,0,en,yellow
255,0,166,en,magenta
255,0,183,en,magenta
255,227,0,en,dark yellow
255,191,0,en,yellow
255,0,89,en,pink
255,89,0,en,orange
255,0,63,en,red
237,0,255,en,purple
161,0,255,en,purple
255,0,213,en,pink
196,0,255,en,purple
255,0,38,en,red
255,0,148,en,pink
255,0,203,en,pink
255,250,0,en,yellow
102,255,0,en,green
157,255,0,en,green
255,143,0,en,orange
255,229,0,en,yellow
255,19,0,en,red
255,0,142,en,pink
192,255,0,en,green
255,167,0,en,orange
47,0,255,en,purple
255,193,0,en,yellowq
226,0,255,en,purple
255,0,110,en,magenta
255,0,165,en,purple pink
121,255,0,en,sickly green
251,255,0,en,yellow
81,0,255,en,indigo
255,156,0,en,orange
255,0,22,en,red
255,0,240,en,pink
180,255,0,en,lime
255,141,0,en,orange
255,215,0,en,yellow but not the same
255,0,139,en,magenta
255,26,0,en,red
161,0,255,en,purple
255,113,0,en,orange
206,0,255,en,slightly redder purple
255,0,72,en,red pink
206,255,0,en,greenish yellow
255,0,190,en,magenta
255,157,0,en,orange
255,0,170,en,fusia
189,255,0,en,bright green
255,65,0,en,red/orange
255,0,72,en,red
255,0,208,en,pink
113,0,255,en,purple
255,236,0,en,yellow
255,124,0,en,orange
255,0,218,en,pink
255,0,201,en,pink
33,0,255,en,blue
255,186,0,en,orange
55,255,0,en,green
151,0,255,en,purple
230,0,255,en,pink
255,0,127,en,hot pink
187,255,0,en,inch worm
243,0,255,en,fusia
83,255,0,en,lime
150,255,0,en,inch worm
255,0,70,en,candy apple
255,250,0,en,yellow
255,10,0,en,red
208,0,255,en,purple
255,217,0,en,yellow
255,0,161,en,pink
255,78,0,en,orange red
106,0,255,en,blue
255,0,222,en,pink
255,91,0,en,orange
255,0,84,en,pink
255,0,36,en,red
221,255,0,en,yellow
255,0,118,en,pink
136,255,0,en,green
249,255,0,en,yellow
255,0,73,en,pink
255,147,0,en,orange
255,99,0,en,orange
255,177,0,en,orange
255,182,0,en,orange
255,205,0,en,orange
255,0,70,en,red
178,255,0,en,green
255,0,20,en,red
233,0,255,en,pink
255,129,0,en,orange
255,232,0,en,yellow
208,0,255,en,purple
87,0,255,en,purple
255,0,216,en,pink
215,255,0,en,yellow
255,0,143,en,pink
255,0,88,en,red
255,0,205,en,pink
255,94,0,en,orange
255,248,0,en,yellow
255,0,136,en,pink
132,255,0,en,green
101,0,255,en,purple
255,51,0,en,orange
255,0,27,en,red
215,0,255,en,purple
255,0,154,en,fushia
255,191,0,en,mustard
255,249,0,en,canarie yellow
255,151,0,en,orange
255,228,0,en,yellow
255,0,181,en,fushia
255,0,129,en,pink
255,0,91,en,burgandy
255,206,0,en,yellow
158,255,0,en,light green
255,0,195,en,pink
198,255,0,en,yello
255,93,0,en,orange
171,0,255,en,purple
255,199,0,en,mustard yellow
90,255,0,en,green
255,0,238,en,pink
239,255,0,en,yellow
255,0,57,en,red
175,0,255,en,purple
255,146,0,en,orange
232,0,255,en,purple
255,0,170,en,pink
146,0,255,en,purple
255,159,0,en,orange
255,118,0,en,orange
255,0,138,en,pink
185,255,0,en,neon yellow
255,0,209,en,pink
202,255,0,en,neon yellow
255,0,99,en,burgandy
255,38,0,en,red
255,0,21,en,red
255,232,0,en,yellow
255,196,0,en,yellow
255,129,0,en,orange
255,0,92,en,magenta
241,0,255,en,fuchsia
255,0,171,en,fuchsia
131,0,255,en,purple
255,0,177,en,fuchsia
201,255,0,en,neon green
255,0,23,en,red
96,255,0,en,neon green
255,176,0,en,yellow
212,0,255,en,purple
255,72,0,en,red
255,0,120,en,magenta
255,0,221,en,fuchsia
255,0,54,en,red
255,245,0,en,yellow
255,238,0,en,lemon yellow
255,84,0,en,red orange
152,255,0,en,yellow green
30,255,0,en,light green
255,0,32,en,red
255,0,89,en,magenta
219,0,255,en,purple
255,0,229,en,pink
255,103,0,en,orange
57,255,0,en,light green
255,250,0,en,yellow
255,0,187,en,magenta
255,199,0,en,dark yellow
255,0,65,en,formula red
255,137,0,en,orange
172,0,255,en,purple
210,255,0,en,ligth yellow
255,0,205,en,fusia
255,251,0,en,yellow
255,0,121,en,hot pink
255,202,0,en,orange
208,0,255,en,purple
180,255,0,en,inch worm
255,0,55,en,red
255,14,0,en,red
255,0,12,en,red
92,0,255,en,blue
255,0,102,en,pink
255,227,0,en,yellow
255,149,0,en,orange
255,0,225,en,fusia
255,113,0,en,orange
255,164,0,en,orange
219,255,0,en,inch worm
104,255,0,en,lime
255,0,158,en,pink
244,0,255,en,purple
254,255,0,en,yellow
255,0,116,en,pink
120,0,255,en,purple
255,0,151,en,pink
255,0,210,en,pink
255,208,0,en,yellow
186,0,255,en,purple
255,83,0,en,orange
255,24,0,en,red
77,255,0,en,green
255,236,0,en,yellow
255,127,0,en,orange
220,0,255,en,purple
255,193,0,en,yellow
255,0,224,en,purple
255,220,0,en,yellow
255,92,0,en,orange
255,0,58,en,pink
159,0,255,en,purple
36,0,255,en,blue
255,126,0,en,orange
255,21,0,en,red
76,255,0,en,green
255,118,0,en,orange
255,0,140,en,pink
236,255,0,en,yellow
255,46,0,en,orange
255,131,0,en,orange
255,0,160,en,pink
255,0,16,en,red
255,0,201,en,pink
255,0,216,en,purple
255,0,44,en,red
255,0,143,en,pink
255,0,73,en,red
255,0,98,en,pink
255,0,247,en,purple
255,155,0,en,orange
231,0,255,en,purple
255,222,0,en,orange yellow
240,255,0,en,yellow
255,0,11,en,red
255,0,184,en,pink
255,0,69,en,red
255,71,0,en,red
177,255,0,en,light green
201,255,0,en,light green
104,255,0,en,green
201,0,255,en,purple
136,255,0,en,green
255,49,0,en,orange
255,126,0,en,orange
255,0,207,en,pink
255,0,53,en,red
255,212,0,en,yellow
255,0,105,en,pink
255,131,0,en,orange
120,255,0,en,green
185,255,0,en,green
255,0,128,en,pink
255,221,0,en,yellow
255,83,0,en,orange
255,0,199,en,pink
255,239,0,en,yellow
255,0,25,en,red
156,255,0,en,green
255,133,0,en,orange
235,0,255,en,light purple
255,100,0,en,dark orange
255,174,0,en,orange
88,255,0,en,lime green
195,255,0,en,green
180,0,255,en,dark purple
255,0,161,en,dark pink
255,148,0,en,orange
255,207,0,en,yellow
255,0,44,en,red
255,0,153,en,pink
255,0,79,en,hot pink
255,0,106,en,hot pink
208,255,0,en,yellow
171,255,0,en,light green
152,0,255,en,dark purple
255,205,0,en,orange
255,0,235,en,light purple
172,0,255,en,purple
126,0,255,en,blue
255,0,152,en,pink
247,255,0,en,yellow
158,255,0,en,green
255,212,0,en,yellow
255,0,184,en,pink
255,179,0,en,ornange
190,255,0,en,green
255,130,0,en,orange
255,0,195,en,dark pink
255,62,0,en,red orange
255,197,0,en,light orange
255,253,0,en,yellow
255,0,235,en,magenta
255,0,110,en,pink
255,255,0,en,yellow
255,54,0,en,orange
255,0,151,en,pink
255,0,216,en,purple
255,133,0,en,orange
255,226,0,en,yellow
255,168,0,en,orang
226,0,255,en,puple
255,0,184,en,pink
255,0,113,en,pink
150,255,0,en,lime green
255,0,138,en,fushia
255,0,87,en,hot pink
255,0,64,en,hot pink
252,0,255,en,light purple
255,12,0,en,red
255,0,227,en,pink
255,227,0,en,yellow
138,0,255,en,purple
255,155,0,en,orange
255,87,0,en,orange
194,255,0,en,yellow
255,0,86,en,pink
255,84,0,en,orange
135,0,255,en,blue
216,255,0,en,green
210,0,255,en,puple
255,0,164,en,pink
255,0,77,en,red
255,249,0,en,yellow
255,0,60,en,red
200,0,255,en,purple
255,195,0,en,yellow
255,154,0,en,orange
223,255,0,en,yellow
140,0,255,en,purple
255,0,140,en,pink
103,255,0,en,green
255,83,0,en,orange
255,0,157,en,purple
50,255,0,en,green
255,0,247,en,purple
255,191,0,en,yellowish
255,0,225,en,purple
252,255,0,en,yellow
255,77,0,en,orange
153,0,255,en,purple
255,176,0,en,light orange
255,0,48,en,red
134,255,0,en,darker green
203,0,255,en,light purple
225,255,0,en,yellow
255,0,180,en,violet
255,0,85,en,pink
255,0,144,en,hot pink
255,65,0,en,orange
241,255,0,en,gold
169,255,0,en,lime green
255,0,224,en,pink
255,66,0,en,red
178,255,0,en,green
109,255,0,en,green
255,0,88,en,red
255,0,40,en,red
255,187,0,en,orange
110,255,0,en,green
247,0,255,en,magenta
255,177,0,en,orange
255,205,0,en,orange
255,230,0,en,yellow
255,0,147,en,pink
226,255,0,en,yellow
181,255,0,en,light green
255,0,145,en,pink
255,0,115,en,pink
255,0,4,en,red
255,189,0,en,yellow
255,255,0,en,yellow
233,0,255,en,pink
182,255,0,en,light green
97,0,255,en,dark purple
255,0,81,en,dark pink
255,75,0,en,orange
255,91,0,en,red
255,0,4,en,red
213,0,255,en,purple
255,120,0,en,orange
255,0,124,en,pink
103,0,255,en,purple
255,118,0,en,orange
255,0,166,en,pink
255,0,236,en,pink
255,0,178,en,pink
255,0,26,en,red
255,0,185,en,hot pink
255,231,0,en,yellow
255,0,237,en,fushia
255,145,0,en,orange
154,0,255,en,purple
255,0,169,en,pink
255,0,123,en,darker pink
255,223,0,en,yellow
255,100,0,en,dark orange
255,158,0,en,orange
71,255,0,en,grass green
186,0,255,en,purple
255,233,0,en,yellow
255,0,113,en,pink
255,149,0,en,orange
255,0,107,en,viollet
255,0,7,en,red
255,0,194,en,pink
255,156,0,en,orangeish
148,0,255,en,purple
193,0,255,en,purple
255,0,192,en,pink
209,255,0,en,yellow
255,0,161,en,hot pink
185,255,0,en,dirty yellow
238,255,0,en,bright yellow
255,115,0,en,orange
255,0,49,en,red
255,0,132,en,dark pink
255,247,0,en,yellow
242,0,255,en,purple
255,0,168,en,dark purple
233,255,0,en,yellow
255,0,210,en,purple
255,0,249,en,purple
40,0,255,en,blue
186,255,0,en,yellow
164,0,255,en,purple
163,255,0,en,yellow
255,0,222,en,pink
255,191,0,en,orange
255,186,0,en,dark yellow
255,0,106,en,dark pink
255,113,0,en,orange
255,120,0,en,dark orange
251,255,0,en,yellow
255,0,136,en,vilote
255,0,204,en,dark pink
255,0,116,en,pink
255,0,79,en,red
237,255,0,en,yellow
255,0,235,en,dark pink
255,233,0,en,yellow
255,0,35,en,red
255,0,136,en,hot pink
255,0,237,en,pink purple
170,0,255,en,purple
86,255,0,en,green
255,96,0,en,orange
255,132,0,en,orange
255,226,0,en,yellow
255,178,0,en,orange
255,0,22,en,red
245,0,255,en,pink
184,0,255,en,purple
235,255,0,en,yellow
255,74,0,en,orange
228,255,0,en,yellow
255,0,49,en,red/ pink
130,255,0,en,lime green
238,255,0,en,yellow
50,0,255,en,dark blue
255,178,0,en,orange
213,255,0,en,green yellow
255,0,149,en,fushia
255,186,0,en,skin
171,0,255,en,purple
255,96,0,en,red orange
255,241,0,en,yellow
255,176,0,en,orange
255,15,0,en,red
213,255,0,en,green
38,255,0,en,green
180,0,255,en,purple
124,0,255,en,blue
255,0,125,en,pink
255,0,208,en,purple
255,185,0,en,orange
255,0,151,en,pink
255,138,0,en,orange
101,0,255,en,purple
255,0,96,en,pink
255,0,177,en,vileot
255,111,0,en,orange
229,255,0,en,yellow
255,120,0,en,orange
255,0,39,en,red
255,112,0,en,dark orange
135,0,255,en,purple blue
255,199,0,en,yellow
255,0,37,en,red
255,162,0,en,dirty orange
182,0,255,en,purple
255,140,0,en,orange
255,0,113,en,hot pink
255,0,27,en,red
255,43,0,en,lite red
111,255,0,en,lite green
255,0,92,en,hot pink
255,0,141,en,purple
255,128,0,en,orange
255,0,196,en,purple
255,0,69,en,hot pink
255,0,151,en,purple
255,73,0,en,red
255,0,215,en,pinkish purple
255,149,0,en,orange
255,0,84,en,pink
255,250,0,en,yellow
134,0,255,en,purple
255,201,0,en,yellow
255,172,0,en,yellow
239,0,255,en,purple
255,0,71,en,hot pink
91,0,255,en,purple
255,0,144,en,pink
229,255,0,en,yellow
91,0,255,en,purple
196,0,255,en,purple
255,137,0,en,orange
255,46,0,en,orange
255,0,240,en,purple
90,255,0,en,green
153,0,255,en,purple
255,90,0,en,red
78,255,0,en,green
255,0,79,en,pink
255,0,46,en,red
156,255,0,en,green
255,0,85,en,pink
255,0,178,en,purple
255,238,0,en,yellow/orange
255,204,0,en,orange
255,141,0,en,orange dark
255,0,224,en,purple light
255,0,107,en,dark purple
255,231,0,en,yellow
68,255,0,en,green
255,0,18,en,red
255,167,0,en,orange
202,255,0,en,yellow green
255,0,79,en,pink
255,25,0,en,dark orange
255,160,0,en,orange
126,255,0,en,green
162,255,0,en,green
215,0,255,en,purple
255,96,0,en,orange
255,0,238,en,light purple
81,255,0,en,green
255,0,89,en,dark pink
255,0,56,en,red
255,233,0,en,dirty yellow
255,2,0,en,read
223,0,255,en,purple
255,240,0,en,yellow
255,172,0,en,orange
255,244,0,en,yellow
244,0,255,en,purple
255,103,0,en,orange
107,0,255,en,deep purple
255,85,0,en,orange
255,242,0,en,yellow
255,174,0,en,orange
255,0,3,en,red
255,0,127,en,pink
235,255,0,en,yellow
255,0,247,en,purple
255,0,67,en,red
135,0,255,en,blue
255,0,122,en,hot pink
255,0,250,en,purple
255,0,209,en,pink
190,255,0,en,green
255,0,31,en,red
168,0,255,en,purple
255,161,0,en,orange
255,193,0,en,dark yellow
255,63,0,en,orangish red
55,0,255,en,purple
220,0,255,en,viellot
255,0,126,en,pink
236,255,0,en,yellow
255,185,0,en,yellow orange
255,145,0,en,orange
255,0,52,en,red
199,0,255,en,purple
173,255,0,en,lime green
255,0,184,en,pink
255,0,123,en,pink red
255,116,0,en,orange
255,238,0,en,yellow
138,0,255,en,purple
255,0,1,en,red
255,0,215,en,purple
255,0,188,en,pink
255,207,0,en,yellow
255,0,101,en,pink
175,255,0,en,green
255,198,0,en,orange
255,0,200,en,purple
255,0,49,en,pink
230,0,255,en,purple
255,0,101,en,pink
255,0,130,en,pink
196,255,0,en,green
255,126,0,en,orange
255,0,171,en,pink
255,247,0,en,yellow
255,0,80,en,pink
199,0,255,en,purple
255,0,234,en,violet
255,236,0,en,yellow
255,0,159,en,violet
178,255,0,en,dark yellow
52,255,0,en,green
66,0,255,en,blue
255,0,245,en,pink
143,0,255,en,purple
255,14,0,en,red
255,0,83,en,red purple
248,255,0,en,yellow
255,0,158,en,pink purple
238,0,255,en,purple pink
255,0,136,en,pink
255,0,184,en,magenta
184,0,255,en,purple
122,255,0,en,lime green
255,180,0,en,golden yellow
255,135,0,en,orange
184,255,0,en,green yellow
255,235,0,en,yellow
255,0,221,en,violet
255,192,0,en,golden yellow
255,56,0,en,red orange
255,0,52,en,red
250,0,255,en,pink
224,255,0,en,yellow
148,0,255,en,purple
255,0,146,en,magenta
255,0,82,en,red
245,255,0,en,yellow
255,0,14,en,red orange
255,0,87,en,red
255,203,0,en,yellow
255,137,0,en,orange
255,92,0,en,orange
232,0,255,en,purple
255,0,243,en,purple
161,0,255,en,purple
77,255,0,en,green
5,255,0,en,green
255,0,30,en,red
255,0,72,en,red
148,255,0,en,chartreuse
255,0,156,en,pink
255,0,120,en,pink
198,255,0,en,chartreuse
255,0,199,en,fushia
255,218,0,en,mustard
255,72,0,en,red orange
255,156,0,en,orange
246,255,0,en,yellow
190,0,255,en,purple
37,0,255,en,blue
255,0,238,en,pink
253,0,255,en,fusia
133,255,0,en,neon green
255,0,123,en,pink
255,234,0,en,yellow
255,167,0,en,orange
255,0,69,en,maroon
255,173,0,en,orange
255,84,0,en,redish orange
255,0,254,en,pink
139,255,0,en,bright green
237,255,0,en,yellow
255,0,22,en,red
39,0,255,en,blue
255,186,0,en,yellow
255,95,0,en,orange
255,120,0,en,light orange
255,0,254,en,pinkish purple
140,0,255,en,purple
255,0,173,en,pink
200,255,0,en,yellow
108,255,0,en,green
232,255,0,en,yellow
177,0,255,en,purple
255,18,0,en,red
255,0,42,en,maroon
255,0,221,en,pink
255,0,91,en,redish pink
255,0,116,en,pink
255,45,0,en,red
255,139,0,en,orange
188,255,0,en,green
255,0,198,en,hot pink
40,255,0,en,green
116,0,255,en,dark purple
67,255,0,en,green
184,0,255,en,purple
255,214,0,en,yellow
255,207,0,en,yellow
255,0,56,en,red
255,0,217,en,pink
255,0,87,en,red
255,0,176,en,pink
255,0,2,en,red
255,188,0,en,yellow orange
150,255,0,en,neon green
50,0,255,en,blue purple
212,0,255,en,magenta
255,0,234,en,fuschia
255,164,0,en,yellow orange
255,0,108,en,hot pink
122,255,0,en,neon green
255,243,0,en,neon yellow
255,105,0,en,orange
255,0,51,en,cherry red
255,0,210,en,fuschia
255,0,128,en,darker hot pink
255,122,0,en,orange
255,0,145,en,hot pink
223,0,255,en,fuschia
153,0,255,en,royal purple
235,255,0,en,neon yellow
192,255,0,en,chartreuse
255,46,0,en,blood orange
255,205,0,en,yellow
255,0,202,en,pink
255,0,161,en,pink
255,88,0,en,orange
255,165,0,en,orange
230,255,0,en,yellow
144,255,0,en,green
255,0,92,en,pink
255,0,21,en,red
255,0,228,en,pink
227,0,255,en,pink
255,0,136,en,pink
157,0,255,en,purple
255,243,0,en,yellow
255,139,0,en,orange
255,78,0,en,orange
255,215,0,en,yellow
255,0,69,en,pink
86,255,0,en,green
1,255,0,en,green
189,0,255,en,purple
255,212,0,en,yellow
255,92,0,en,orange
255,50,0,en,burnt umber
255,0,105,en,fuschia
199,255,0,en,flourescent yellow
81,255,0,en,lime green
255,174,0,en,yellow
255,0,79,en,pink
220,0,255,en,pink
124,0,255,en,violet
255,239,0,en,yellow
255,0,195,en,fuschia
255,0,22,en,red
255,0,164,en,pink
255,250,0,en,yellow
255,246,0,en,yellow
255,240,0,en,yellow
255,0,227,en,magenta
255,72,0,en,orange
255,0,72,en,red
255,0,122,en,pink
81,255,0,en,green
250,0,255,en,magenta
255,0,155,en,raspberry
255,132,0,en,pumpkin
166,0,255,en,purple
255,180,0,en,golden yellow
255,95,0,en,orange
255,0,82,en,pink
255,185,0,en,yellow
139,255,0,en,green
255,0,205,en,pink
186,255,0,en,green
157,0,255,en,purple
27,255,0,en,green
255,0,36,en,red
255,250,0,en,yellow
119,255,0,en,green
255,0,45,en,red
255,0,109,en,pink
255,100,0,en,orange
255,199,0,en,gold
255,70,0,en,orange
255,0,132,en,pink
255,0,250,en,purple pink
255,0,218,en,purple pink
255,0,184,en,magenta
255,0,59,en,strawberry red
216,255,0,en,chartruce
164,255,0,en,chartruce
111,0,255,en,purple blue
188,0,255,en,pink purple
255,125,0,en,orange
255,235,0,en,sun yellow
69,0,255,en,royal blue
255,0,167,en,pink
255,172,0,en,gold
255,122,0,en,orange
255,0,96,en,fuschia
255,156,0,en,orange
255,92,0,en,red orange
255,62,0,en,red
255,0,124,en,fuschia
255,208,0,en,ochre
155,0,255,en,violet
255,0,50,en,red
255,0,175,en,pink
213,255,0,en,chartreuse
18,0,255,en,royal blue
149,255,0,en,yellow green
251,255,0,en,yellow
255,241,0,en,yellow
216,0,255,en,purple
255,0,20,en,scarlet
255,0,189,en,pink
255,0,222,en,pink
70,255,0,en,lime green
247,0,255,en,lavender
255,0,244,en,violet
112,0,255,en,purple
255,235,0,en,yellow
255,0,174,en,magenta
255,0,200,en,magenta
250,0,255,en,violet
255,0,47,en,red
255,20,0,en,blood orange
255,144,0,en,orange
255,84,0,en,orange
255,0,72,en,red
255,181,0,en,orange
255,0,114,en,magenta
175,255,0,en,lime green
255,194,0,en,orange
210,255,0,en,yellow green
255,0,102,en,magenta
101,255,0,en,green yellow
231,255,0,en,yellow
178,0,255,en,purple
255,0,246,en,pink
255,0,150,en,hot pink
255,0,224,en,pink
255,0,134,en,pink
255,0,82,en,red
209,0,255,en,pink
255,130,0,en,orange
133,255,0,en,green
255,155,0,en,orange
209,255,0,en,yellow
136,0,255,en,purple
255,0,32,en,red
255,242,0,en,yellow
255,0,79,en,red
255,83,0,en,orange
91,255,0,en,green
255,44,0,en,red
255,0,201,en,pink
255,190,0,en,orange
255,254,0,en,yellow
255,0,164,en,purple
255,59,0,en,orange
255,152,0,en,orange
145,0,255,en,purple
255,0,194,en,purple
255,230,0,en,yellow
255,148,0,en,orange
67,255,0,en,green
255,197,0,en,yellow
185,0,255,en,purple
173,255,0,en,yellow
255,0,94,en,purple
255,0,229,en,purple
255,204,0,en,mustard
151,255,0,en,green
203,255,0,en,green
255,0,30,en,red
134,0,255,en,purple
255,0,230,en,pink
255,0,86,en,pink
214,0,255,en,purple
255,0,143,en,pink
50,255,0,en,green
255,0,76,en,pink
255,249,0,en,yellow
255,0,140,en,pink
255,0,188,en,pink
255,219,0,en,yellow
255,84,0,en,orange
255,77,0,en,orange
254,0,255,en,pink
255,149,0,en,orange
74,0,255,en,purple
255,163,0,en,yellow
197,0,255,en,purple
255,0,130,en,hot pink
255,0,35,en,red
91,0,255,en,royal blue
219,255,0,en,highlighter yellow
255,0,255,en,magenta
255,0,194,en,pink
255,88,0,en,orange
212,0,255,en,violet
69,255,0,en,lime green
255,103,0,en,orange
237,255,0,en,yellow
185,255,0,en,yellow green
255,211,0,en,gold
202,255,0,en,yellow green
255,0,118,en,raspberry
255,0,184,en,magenta
255,0,54,en,red
110,0,255,en,indigo
255,0,250,en,magenta
255,128,0,en,orange
255,222,0,en,yellow
255,0,87,en,red
255,0,0,en,red
255,0,9,en,red
255,0,164,en,raspberry
255,162,0,en,light orange
255,0,225,en,magenta
255,0,29,en,red
255,0,204,en,pink
255,171,0,en,orange
52,0,255,en,blue
203,255,0,en,yellow
191,0,255,en,blue
164,255,0,en,yellow
255,0,170,en,pink
255,238,0,en,yellow
255,0,92,en,pink
255,0,112,en,pink
255,0,78,en,pink
255,102,0,en,red
255,66,0,en,red
255,123,0,en,orange
255,0,212,en,pink
148,0,255,en,blue
254,255,0,en,yellow
44,255,0,en,orange
255,186,0,en,orange
255,0,248,en,blue
81,0,255,en,royal blue
255,49,0,en,red
255,0,206,en,fuschia
255,0,64,en,cherry red
194,255,0,en,lime green
255,0,89,en,watermelon
255,125,0,en,orange
255,206,0,en,mustard
255,89,0,en,tomato red
94,0,255,en,marine
255,0,113,en,cherry red
198,0,255,en,violet
255,253,0,en,yellow
231,0,255,en,magenta
255,156,0,en,orange
255,216,0,en,musrard
255,0,216,en,magenta
255,0,31,en,red
180,255,0,en,lime green
125,255,0,en,light green
255,0,151,en,fuschia
255,114,0,en,orange
255,0,128,en,dark pink
101,255,0,en,light green
199,255,0,en,yellow
255,0,203,en,hot pink
255,179,0,en,yellowish orange
255,0,1,en,red
255,42,0,en,dark orange
255,0,152,en,hot pink
255,242,0,en,yellow
255,0,110,en,dark pink
255,255,0,en,yellow
255,0,77,en,reddish pink
255,129,0,en,orange
255,255,0,en,yellow
255,0,236,en,pink
234,0,255,en,pink
255,185,0,en,orange
89,255,0,en,light green
255,0,182,en,pink
171,255,0,en,mellow green
255,0,162,en,pink
143,0,255,en,purple
255,0,13,en,red
255,0,60,en,red
101,0,255,en,purple
255,0,47,en,red
25,255,0,en,green
255,210,0,en,goldenrod
255,0,194,en,fuchsia
247,255,0,en,yellow
255,0,111,en,magenta
64,0,255,en,royal blue
255,142,0,en,orange
228,255,0,en,lemon yellow
255,0,213,en,fuchsia
255,104,0,en,burnt orange
255,0,255,en,light purple
255,0,157,en,magenta
43,255,0,en,lime green
255,57,0,en,red
255,222,0,en,goldenrod
255,0,130,en,magenta
255,153,0,en,orange
163,255,0,en,green yellow
164,0,255,en,purple
255,249,0,en,lemon yellow
255,0,146,en,fuschia
255,213,0,en,golden yellow
238,0,255,en,hot pink
111,255,0,en,neon green
255,157,0,en,marigold
181,0,255,en,bright light purple
255,0,89,en,fuschia
255,0,27,en,dark red
255,0,70,en,raspberry
152,0,255,en,purple
255,0,219,en,hot pink
255,151,0,en,goldenrod
165,255,0,en,lime green
255,191,0,en,golden yellow
255,0,190,en,fuschia
255,0,120,en,berry
219,255,0,en,lemon yellow
255,57,0,en,tangerine
255,86,0,en,pumpkin orange
115,0,255,en,cobalt
182,0,255,en,violet
255,27,0,en,red
246,255,0,en,yellow
192,255,0,en,yellow green
227,0,255,en,periwinkle
255,0,153,en,magenta
255,184,0,en,orange yellow
255,0,214,en,fuscia
255,0,188,en,fuscia
86,255,0,en,lime green
172,255,0,en,yellow green
255,0,110,en,hot pink
255,147,0,en,orange
255,0,130,en,magenta
255,95,0,en,red orange
255,166,0,en,squash
255,0,30,en,red
255,218,0,en,yellow
255,0,76,en,rose
255,0,215,en,magenta
255,0,203,en,magenta
189,0,255,en,purple
255,88,0,en,orange
255,0,48,en,red
255,0,47,en,red
255,0,175,en,pink
255,72,0,en,orange
174,255,0,en,yellow green
255,172,0,en,orange
59,0,255,en,blue
247,255,0,en,yellow
101,255,0,en,green
255,0,118,en,magenta
255,0,97,en,red
255,197,0,en,gold
250,0,255,en,magenta
198,255,0,en,yellow green
147,0,255,en,purple
255,127,0,en,orange
255,233,0,en,yellow
255,159,0,en,dr orange
43,255,0,en,kelly green
255,149,0,en,mango orange
255,0,76,en,reddisk\h
159,255,0,en,flourescent green
255,0,118,en,hot pimk
216,255,0,en,yellow
187,0,255,en,purple
255,77,0,en,red
255,0,205,en,magenta
255,0,107,en,reddixh pink
255,0,236,en,hot pink
235,0,255,en,pinkish
255,202,0,en,mustard yellow
255,0,30,en,brick red
240,255,0,en,yellow
255,226,0,en,bright yellow
152,0,255,en,purple
255,117,0,en,dark orange
255,0,144,en,magenta
255,250,0,en,yellow
170,0,255,en,purple
81,0,255,en,blue
255,0,76,en,red
255,0,164,en,pink
255,165,0,en,orange
255,93,0,en,orange
115,0,255,en,indigo
255,207,0,en,gold
255,142,0,en,orange
246,0,255,en,purple
198,255,0,en,lime
255,33,0,en,red
255,0,101,en,pink
255,0,111,en,magenta
255,0,108,en,magenta
255,0,234,en,periwinkle
255,185,0,en,mustard
255,103,0,en,orange
255,0,10,en,red
255,0,191,en,purple
241,0,255,en,purple
111,0,255,en,violet
203,255,0,en,lime
75,0,255,en,royal blue
255,224,0,en,mustard
255,143,0,en,tangerine
164,255,0,en,lime
177,0,255,en,purple
255,0,54,en,hot pink
255,244,0,en,mustard
255,0,173,en,pink
89,255,0,en,neon green
255,77,0,en,burnt orange
255,159,0,en,orange
255,184,0,en,orange
255,0,178,en,pink
255,104,0,en,orange red
179,0,255,en,purple
255,215,0,en,gold
255,249,0,en,yellow
210,255,0,en,chartreuse
255,152,0,en,orange
255,150,0,en,orange
255,0,73,en,hot pink
255,0,20,en,red
255,77,0,en,orange
255,0,150,en,magenta
255,0,82,en,pink red
255,0,255,en,orchid
97,255,0,en,bright green
118,0,255,en,purple
179,255,0,en,chartreuse
255,0,119,en,hot pink
255,0,219,en,magenta
170,255,0,en,green
255,238,0,en,yellow
200,255,0,en,green
255,0,39,en,fushchia
255,19,0,en,red
83,0,255,en,purple
255,176,0,en,amber
255,126,0,en,orange
255,0,206,en,pink
255,0,246,en,pink
255,0,56,en,fushchia
255,0,228,en,pink
255,0,156,en,pink
211,0,255,en,purple
255,0,87,en,fushchia
255,95,0,en,orange
255,198,0,en,yellow
112,255,0,en,green
255,0,137,en,pink
114,0,255,en,purple
255,255,0,en,yellow
72,0,255,en,blue
255,103,0,en,orange
255,252,0,en,yellow
173,0,255,en,purple
255,219,0,en,yellow
15,255,0,en,lime
255,0,91,en,pink
255,129,0,en,orange
255,158,0,en,orange
255,192,0,en,yellow
125,0,255,en,purple
138,255,0,en,green
245,0,255,en,magenta
255,0,168,en,pink
186,255,0,en,lime
255,53,0,en,red
255,0,67,en,red
119,255,0,en,green
255,0,7,en,red
255,0,114,en,pink
255,0,181,en,pink
255,0,231,en,magenta
117,255,0,en,green
247,255,0,en,yellow
105,0,255,en,purple
215,255,0,en,yellow green
255,162,0,en,orange
255,0,208,en,pink
255,135,0,en,orange
255,224,0,en,yellow
255,0,121,en,pink
255,0,191,en,pink
255,0,234,en,pink
255,163,0,en,yellow orange
255,0,99,en,pink
179,0,255,en,purple
255,152,0,en,yellow orange
255,0,145,en,pink
255,0,156,en,pink
190,255,0,en,green yellow
255,200,0,en,yellow
101,255,0,en,green
179,255,0,en,green yellow
255,0,48,en,red
255,0,191,en,magenta
255,218,0,en,yellow
169,255,0,en,chartruese
255,0,46,en,red
248,255,0,en,primary yellow
90,255,0,en,green
255,198,0,en,yellow
255,0,49,en,carmine red
121,0,255,en,purple
255,141,0,en,orange
27,0,255,en,dark blue
239,255,0,en,yellow
255,129,0,en,orange
255,0,250,en,magenta
128,0,255,en,purple
198,0,255,en,magenta
255,0,198,en,magenta
255,214,0,en,priamary yellow
255,0,163,en,magenta
255,0,226,en,magenta
255,0,138,en,fuchsia
255,177,0,en,yellow
255,67,0,en,orange
252,0,255,en,magenta
255,0,127,en,pink
255,0,86,en,red
255,119,0,en,orange
255,78,0,en,orange
255,0,52,en,red
255,182,0,en,yellow
255,0,236,en,magenta
208,255,0,en,yellow/green
66,255,0,en,light green
255,0,160,en,magenta
72,0,255,en,purple
255,0,255,en,magenta
255,0,22,en,red
255,251,0,en,yellow
255,0,112,en,pink
255,75,0,en,orange
255,0,206,en,magenta
140,255,0,en,lime green
255,109,0,en,orange
255,216,0,en,yellow
255,0,55,en,red/pink
112,0,255,en,purple
210,0,255,en,magenta
255,124,0,en,orange
255,0,244,en,bright pink
255,184,0,en,gold
255,181,0,en,gold
255,0,110,en,magenta
255,222,0,en,yellow
112,0,255,en,violet
255,169,0,en,orange
255,0,209,en,bright pink
255,0,142,en,fuchsia
238,255,0,en,neon yellow
191,255,0,en,neon yellow
54,255,0,en,neon green
181,0,255,en,neon purple
255,0,220,en,fuchsia
255,112,0,en,dark orange
255,126,0,en,orange
255,0,80,en,pink red
255,67,0,en,red orange
255,0,44,en,red
255,199,0,en,yellow orange
255,0,248,en,bright purple
150,255,0,en,green yellow
255,0,85,en,red
255,0,144,en,fuchsia
255,209,0,en,yellow
255,0,92,en,pink
223,0,255,en,purple
156,0,255,en,purple
255,223,0,en,yellow
255,119,0,en,orange
225,255,0,en,green
255,0,123,en,pink
255,181,0,en,orange
255,80,0,en,oragne
255,0,196,en,purple
135,0,255,en,purple
255,0,102,en,magenta
255,225,0,en,mustard
211,0,255,en,violet
255,0,255,en,purple
131,255,0,en,green
255,15,0,en,red
255,0,40,en,red
196,255,0,en,green
255,0,188,en,purple
255,0,61,en,red
255,0,123,en,pink
255,162,0,en,orange
255,139,0,en,orange
255,189,0,en,orange
255,0,234,en,purple
144,255,0,en,green
255,0,158,en,pink
255,104,0,en,orange
255,251,0,en,yellow
255,82,0,en,red
255,224,0,en,yellow
162,255,0,en,light green
252,0,255,en,fuchsia
217,255,0,en,mustard
255,0,102,en,hot pink
255,0,122,en,hot pink
66,255,0,en,neon green
173,0,255,en,violet
255,120,0,en,rust
255,183,0,en,orange
231,255,0,en,mustard yellow
255,0,68,en,hotter pink
255,0,39,en,red
255,202,0,en,orange
255,230,0,en,mustard
255,0,183,en,magenta
245,255,0,en,yellow
255,0,162,en,hot pink
255,64,0,en,red
255,0,207,en,fuchsia
75,0,255,en,dark blue
255,171,0,en,orange
147,0,255,en,violet
255,0,215,en,neon purple
245,0,255,en,magenta
126,0,255,en,violet
185,255,0,en,yellow green
255,111,0,en,light maroon
255,0,112,en,rose
255,149,0,en,orange
153,255,0,en,lime green
145,0,255,en,purple
255,238,0,en,yellow
255,160,0,en,orange
255,122,0,en,orange
255,246,0,en,yellow
255,106,0,en,orange
255,0,117,en,pink
255,81,0,en,orange
70,255,0,en,green
255,211,0,en,yellow
255,0,129,en,bright pink
255,0,71,en,deep pink
255,0,151,en,magenta
255,170,0,en,orange
246,255,0,en,yellow
185,255,0,en,lime green
255,0,37,en,deep red
72,255,0,en,green
255,0,108,en,magenta
255,0,78,en,dark magenta
255,0,235,en,light pink
255,38,0,en,maroon
255,162,0,en,macaroni
255,0,163,en,light pink
165,0,255,en,dull violet
255,52,0,en,red
128,0,255,en,purple
255,0,36,en,red
255,101,0,en,orange
255,0,137,en,hot pink
244,0,255,en,purple
255,0,211,en,purple
225,255,0,en,yellow
42,255,0,en,lime green
255,0,106,en,magenta
113,0,255,en,perrywinkle
224,0,255,en,bright purple
255,117,0,en,orange
175,0,255,en,violet
255,0,24,en,red
176,0,255,en,purple
255,0,109,en,pink
255,0,155,en,pink
255,0,214,en,purple
255,0,191,en,purple
255,0,41,en,red
255,0,182,en,magenta
255,64,0,en,orange
255,199,0,en,i had to pee yellow
255,237,0,en,yellow
255,0,225,en,light purple
255,137,0,en,i haven't peed for 4 days orange
255,238,0,en,yellow
255,0,109,en,hot pink
255,131,0,en,orange
203,255,0,en,yellow
255,170,0,en,orange
138,255,0,en,puke green
180,255,0,en,green
255,0,248,en,purple
189,255,0,en,green
255,0,65,en,red
40,0,255,en,blue
122,255,0,en,green
255,0,152,en,hot pink
255,0,66,en,red
172,0,255,en,purple
255,254,0,en,yellow
255,0,191,en,purple
255,207,0,en,honeycomb
81,255,0,en,light green
196,0,255,en,purple
255,0,235,en,violet
255,0,120,en,pink
255,0,13,en,red
255,0,188,en,magenta
255,64,0,en,orange
255,214,0,en,gold
220,255,0,en,greenish yellow
158,0,255,en,purple
255,133,0,en,orange
255,0,90,en,dark pink
255,0,72,en,dark pink
255,172,0,en,light orange
241,255,0,en,yellow
255,90,0,en,dark orange
255,151,0,en,orange
174,0,255,en,purple
191,255,0,en,lime
255,116,0,en,tangerine
255,0,146,en,magenta
255,212,0,en,mustard
255,0,254,en,pink
33,255,0,en,light green
171,255,0,en,yellow green
255,193,0,en,dark gold
255,0,163,en,dark pink
42,0,255,en,dark blue
255,173,0,en,light orange
211,255,0,en,yellow green
255,0,79,en,magenta
255,24,0,en,red
255,0,254,en,fusia
255,0,127,en,pink
255,139,0,en,orange
184,255,0,en,yellow green
255,0,199,en,fusia
238,255,0,en,yellow
202,0,255,en,violet
255,0,28,en,red pink
68,0,255,en,indigo
116,0,255,en,blue violet
255,61,0,en,red
78,255,0,en,forest green
255,165,0,en,orange
165,255,0,en,yellow green
255,0,206,en,fuchsia
255,0,92,en,bright pink
255,0,241,en,magenta
255,246,0,en,yellow
255,230,0,en,sunflower
220,0,255,en,purple
255,0,1,en,red
255,0,123,en,pink
255,0,59,en,bright pink
255,0,218,en,fusia
255,237,0,en,yellow
104,255,0,en,green
255,195,0,en,yellow orange
255,0,167,en,pink
156,0,255,en,purple
255,110,0,en,i haven't peed for 3 days orange
255,0,86,en,magenta
255,0,184,en,bright blued fuchsia
255,0,166,en,bright reddish fuchsia
255,123,0,en,slight reddish orange
185,255,0,en,lime
255,105,0,en,shaded orange
255,217,0,en,golden yellow
255,0,106,en,reddish fuchsia
187,255,0,en,lime
255,0,131,en,shaded reddish fuchsia
255,0,223,en,bright blued fuchsia
255,0,30,en,saturated clear red
255,0,57,en,red from purpled side
255,192,0,en,yellow with more orange
241,0,255,en,blue purple
87,255,0,en,slightly blued yellow green
182,0,255,en,shaded violet
255,40,0,en,slightly orange red
255,181,0,en,yellow orange
159,0,255,en,tinted violet
235,255,0,en,green yellow
255,0,130,en,pink
255,252,0,en,yellow
159,0,255,en,purple
255,0,208,en,purple pink
255,81,0,en,lava orange
255,0,157,en,pink
255,0,216,en,neon pink
184,0,255,en,neon purple
230,255,0,en,yellow
255,201,0,en,light orange
255,220,0,en,dark yellow
255,175,0,en,orange
255,132,0,en,dark orange
255,0,46,en,red
164,255,0,en,light green
81,255,0,en,grass green
255,0,59,en,redder
255,0,98,en,red pink
237,0,255,en,neon purple
255,117,0,en,dark orange
96,255,0,en,green
255,232,0,en,yellow
255,0,85,en,red pink
255,0,126,en,pink
255,0,49,en,red orange
255,159,0,en,yellow orange
255,85,0,en,orange
255,0,32,en,red
255,202,0,en,yellow orange
255,0,188,en,pink
255,0,241,en,light pink
192,255,0,en,yellow green
119,0,255,en,purple
255,26,0,en,red
255,0,155,en,pink
160,255,0,en,light green
182,0,255,en,purple
76,0,255,en,dark blue
255,130,0,en,orange
253,255,0,en,yellow
255,206,0,en,mustard
255,0,50,en,red
255,0,92,en,red magenta
123,255,0,en,lime green
237,255,0,en,chartreuse
255,0,34,en,deep red
255,0,123,en,magenta
190,255,0,en,yellow green
255,0,182,en,magenta
174,0,255,en,purple
255,76,0,en,red
63,0,255,en,blue
255,131,0,en,rusty orange
255,182,0,en,orange yellow
255,216,0,en,mustard yellow
179,255,0,en,lime green
255,95,0,en,red orange
109,0,255,en,violet
255,0,214,en,magenta violet
255,0,254,en,magenta purple
255,0,171,en,magenta
255,108,0,en,orange
255,203,0,en,marigold
255,0,207,en,magenta
255,0,45,en,red
254,255,0,en,yellow
140,0,255,en,purpe
88,0,255,en,purple
232,0,255,en,magenta
255,235,0,en,yellow
255,0,230,en,pink
255,0,76,en,red
255,80,0,en,orange
255,156,0,en,orange
201,0,255,en,purple
255,0,152,en,pink
255,0,105,en,red
255,0,135,en,pink
134,255,0,en,green
214,255,0,en,yellow
102,255,0,en,green
255,0,219,en,purple
255,0,121,en,hot pink
255,0,52,en,dark pink
255,34,0,en,red
241,0,255,en,purple
255,136,0,en,orange
154,0,255,en,purple
255,0,118,en,pink
255,153,0,en,orange
255,192,0,en,tangerine
214,255,0,en,yellow
255,0,21,en,red
215,0,255,en,purple
255,0,89,en,hot pink
196,255,0,en,yellow
255,225,0,en,yellow
255,0,149,en,pinkish
252,255,0,en,yellow
255,193,0,en,honeycomb
116,0,255,en,light purple
255,0,194,en,magenta
227,255,0,en,stale
216,0,255,en,crushed my finger purple
255,0,163,en,purple pink thing
255,0,65,en,raddish
241,0,255,en,purple
108,255,0,en,easter grass
255,189,0,en,orange
255,0,219,en,neon purple
255,224,0,en,yellow
255,44,0,en,scarlet
200,0,255,en,royal
255,0,193,en,fuschia
40,0,255,en,electric blue
102,255,0,en,lime
134,255,0,en,pee
162,0,255,en,purple
255,0,172,en,hot pink
72,0,255,en,blue
255,0,36,en,red
255,172,0,en,honeycomb
255,93,0,en,orange
119,255,0,en,puke green
166,255,0,en,puke green
255,0,205,en,purple
255,235,0,en,once told me
255,0,96,en,in the shed
255,0,221,en,she was looking
255,128,0,en,with a finger and her thumb
171,255,0,en,"in the shape of an ""l"""
255,109,0,en,on her forehead
255,171,0,en,tangerine
255,0,134,en,neon pink
255,0,32,en,red
255,13,0,en,dark red
255,120,0,en,dark orange
255,0,101,en,dark pink
177,255,0,en,lime cola
255,96,0,en,darker orange
147,0,255,en,light purple
52,0,255,en,blue
255,0,236,en,light purple
255,197,0,en,yellow orange
107,255,0,en,lime
255,21,0,en,red
255,0,165,en,fuschia
255,0,54,en,pink
208,255,0,en,yellow green
232,255,0,en,yellow
197,255,0,en,light green
255,160,0,en,orange
255,0,139,en,purple pink
40,0,255,en,darkest of all the blues
36,255,0,en,darker then darker then light green
255,0,81,en,purple red
255,0,148,en,a misinterpretation of a neon pink sign
158,255,0,en,lime lime lime
255,0,224,en,purple pink thats kind of pastel
109,0,255,en,periwinkle is pretty cool
74,255,0,en,krypton green
255,137,0,en,i haven't peed for four days orange
255,251,0,en,pee yellow
255,0,48,en,kind of pink kind of red
255,0,223,en,hot rod
255,83,0,en,tangerine
255,125,0,en,bright
255,216,0,en,golden
255,0,90,en,lipgloss
255,252,0,en,sun
253,0,255,en,queen
255,0,57,en,hot sauce
255,244,0,en,the years start
255,0,31,en,coming and they don't
97,255,0,en,stop coming
255,189,0,en,fed to the rules
255,1,0,en,and i hit
255,0,137,en,didn't make sense not
255,156,0,en,but your head gets dumb
224,0,255,en,"so much to do, so much to see"
255,62,0,en,red orange
255,0,221,en,magenta
255,240,0,en,banana yellow
101,255,0,en,lime green
160,0,255,en,purple
255,0,118,en,washy pink
255,0,154,en,pink purple
255,248,0,en,yellow
255,0,55,en,dark red
255,202,0,en,orange
255,0,89,en,very dark pink
255,255,0,en,yellow
111,255,0,en,leaf green
237,0,255,en,light purple
218,0,255,en,purple
255,19,0,en,deep fake blood red
255,0,51,en,pink but red but pink
255,91,0,en,flames orange
255,0,204,en,pink purple and kind of pastel
212,0,255,en,light pink purple
255,0,188,en,purple pink
255,126,0,en,pee orange
255,0,91,en,hot pink
255,204,0,en,yellow
255,0,6,en,deep red
235,0,255,en,violet
134,255,0,en,green
255,0,80,en,hot pink
200,255,0,en,lime green
255,161,0,en,light orange
255,113,0,en,semi dark orange
53,0,255,en,dark blue
255,0,20,en,red
174,0,255,en,purple
255,0,201,en,pink
160,255,0,en,green
255,0,129,en,pink
255,82,0,en,orange
255,175,0,en,orange
255,147,0,en,orange
12,255,0,en,green
255,0,90,en,pink
103,0,255,en,blue
250,0,255,en,purple
255,219,0,en,yellow
56,0,255,en,blue
255,0,30,en,red
191,0,255,en,purple
255,0,156,en,magenta
230,255,0,en,yellow
255,165,0,en,orange
45,0,255,en,dark blue
205,0,255,en,purple
255,0,130,en,pink
186,255,0,en,olive green
255,0,53,en,red
255,0,224,en,pink
255,241,0,en,yellow
255,0,208,en,pink
255,105,0,en,orange
109,255,0,en,green
254,255,0,en,yellow
255,0,0,en,maraschino red
255,0,144,en,pink
255,0,95,en,red
148,255,0,en,green
142,0,255,en,purple
255,0,34,en,red
255,209,0,en,yellow
246,0,255,en,pink
255,122,0,en,orange
255,0,4,en,red
255,0,82,en,cranberry
225,255,0,en,yellow green
255,0,62,en,raspberry
117,255,0,en,green
155,255,0,en,lime green
255,0,213,en,pink
255,115,0,en,orange
255,47,0,en,red
255,0,173,en,magenta
191,0,255,en,purple
255,236,0,en,yellow
255,200,0,en,goldenrod
241,0,255,en,purple
255,245,0,en,yellow
255,0,193,en,magenta
255,142,0,en,orange
255,169,0,en,orange
148,0,255,en,purple
255,0,123,en,pink
255,242,0,en,yellow
255,70,0,en,red
189,0,255,en,purple
255,0,5,en,red
248,0,255,en,purple
255,151,0,en,orange
255,0,227,en,pink
255,161,0,en,orange
255,0,179,en,pink
77,255,0,en,green
65,0,255,en,dark blue
255,186,0,en,orange
255,108,0,en,orange
177,255,0,en,green yellow
255,0,166,en,dark pink
255,0,66,en,red
205,255,0,en,green yellow
255,0,118,en,off color red
144,0,255,en,purple
243,255,0,en,yellow
255,0,111,en,off color red
255,0,57,en,crimson
255,100,0,en,burnt orange
126,255,0,en,neon green
255,139,0,en,orange
255,0,82,en,maroon
255,0,190,en,pink purple
255,0,36,en,red
255,166,0,en,mustard
238,0,255,en,purple
142,255,0,en,neon green
255,0,160,en,hot pink
255,229,0,en,yellow
255,18,0,en,red
255,0,223,en,hot purple
255,212,0,en,groos
255,0,123,en,nice
133,0,255,en,true purple
249,255,0,en,true yellow
208,0,255,en,fake purple
217,255,0,en,this exsists?
175,255,0,en,lime green
255,118,0,en,burnt orange
121,255,0,en,light green
226,255,0,en,yellow
255,0,98,en,burgandy
165,0,255,en,purple
255,0,147,en,hot pink
255,0,20,en,red
255,39,0,en,red orange
241,0,255,en,lavendar
255,0,132,en,rose
255,247,0,en,yellow
255,0,215,en,pink
255,151,0,en,mustard
255,0,80,en,rose
255,0,208,en,pink
92,0,255,en,purple
255,228,0,en,yellow
255,194,0,en,gold
255,160,0,en,mustard yellow
100,0,255,en,blue
255,0,82,en,red
234,0,255,en,purple
255,164,0,en,orange
255,139,0,en,orange
255,0,184,en,pink
255,0,34,en,red
255,97,0,en,orange
51,255,0,en,green
246,255,0,en,yellow
157,255,0,en,lime green
255,0,155,en,pink
255,66,0,en,crimson
255,0,192,en,fuchsia
255,0,3,en,red
147,0,255,en,purple
89,0,255,en,dark blue
255,0,73,en,dark pink
147,255,0,en,yellow green
255,0,157,en,pink
218,0,255,en,purple
255,155,0,en,orange
255,0,210,en,fuchsia
187,255,0,en,light green yellow
233,0,255,en,pinkish purple
255,0,117,en,dark pink
255,0,108,en,dark pink
255,241,0,en,yellow
255,133,0,en,orange
255,87,0,en,red
255,189,0,en,light yellow
110,255,0,en,light green
250,255,0,en,neon yellow
255,57,0,en,red orange
255,0,114,en,pink
255,0,162,en,magenta
255,181,0,en,gold
255,0,177,en,magenta
255,226,0,en,yellow
170,255,0,en,yellow green
92,0,255,en,violet
175,0,255,en,purple
232,255,0,en,yellow
255,202,0,en,gold
209,255,0,en,yellow
255,86,0,en,burnt orange
255,0,88,en,red pink
255,0,240,en,purple
255,0,45,en,light pink
113,255,0,en,yellow green
255,0,73,en,red pink
255,150,0,en,gold
255,0,249,en,magenta
255,0,69,en,cranberry
150,0,255,en,royal purple
255,0,170,en,fuschia
75,0,255,en,dark blue
255,228,0,en,yellow
255,209,0,en,golden yellow
255,0,252,en,violet
255,0,111,en,rose
255,101,0,en,orange
188,255,0,en,mustard
231,255,0,en,yellow
32,255,0,en,grass green
255,45,0,en,saffron
255,152,0,en,orange
65,255,0,en,lime
255,0,208,en,pink
255,0,44,en,red
255,0,221,en,mauve
255,134,0,en,burnt orange
154,255,0,en,lemon lime
189,0,255,en,purple
255,0,121,en,berry
255,79,0,en,orange/red
255,0,31,en,red
255,92,0,en,burnt orange
135,255,0,en,lime green
255,0,186,en,fushia
255,0,173,en,fushia
255,120,0,en,orange
255,225,0,en,yellow
122,0,255,en,purple
199,0,255,en,dark lilac
255,0,241,en,magenta
255,167,0,en,gold
69,255,0,en,neon green
87,0,255,en,blue violet
255,0,118,en,reddish pink
255,0,95,en,red
252,0,255,en,violet
204,255,0,en,yello green
255,251,0,en,yellow
255,183,0,en,gold
255,0,79,en,red
255,0,209,en,pink
100,0,255,en,dark blue
255,205,0,en,yellow
255,0,52,en,red
188,255,0,en,neon green
255,136,0,en,orange
106,255,0,en,lime green
255,0,91,en,rose
182,255,0,en,neon green
255,65,0,en,light red
255,92,0,en,orange
255,0,30,en,red
63,0,255,en,dark blue
255,162,0,en,mustard
255,0,163,en,rose
255,0,134,en,light red
170,0,255,en,violet
255,0,213,en,pink
255,218,0,en,dark yellow
255,255,0,en,yellow
255,0,254,en,pink
109,0,255,en,purple
254,255,0,en,yellow
236,0,255,en,fuchsia
255,0,116,en,scarlet
255,0,66,en,scarlet
197,255,0,en,yellow
255,0,193,en,fuchsia
216,0,255,en,purple
255,0,18,en,red
49,0,255,en,purple
115,255,0,en,neon green
154,255,0,en,light green
255,39,0,en,red
255,169,0,en,gold
255,0,211,en,fuchsia
255,0,162,en,purple
255,107,0,en,orange
255,123,0,en,orange
118,255,0,en,green
255,194,0,en,yellow
133,0,255,en,purple
255,159,0,en,orange
190,255,0,en,green
255,0,65,en,red
197,0,255,en,purple
255,253,0,en,yellow
255,121,0,en,orange
142,255,0,en,green
255,229,0,en,yellow
255,0,165,en,magenta
255,0,216,en,magenta
255,116,0,en,orange
255,0,202,en,magenta
234,0,255,en,purple
255,0,35,en,red
255,0,141,en,hot pink
255,0,90,en,red
255,37,0,en,red
255,0,133,en,pink
255,0,181,en,violet
255,0,98,en,red orange
139,0,255,en,violet
186,0,255,en,purple
255,223,0,en,yellow
185,255,0,en,green yellow
235,255,0,en,yellow
255,0,74,en,red
255,203,0,en,orange
242,0,255,en,purple
255,0,14,en,red
255,61,0,en,red orange
222,255,0,en,yellow
255,0,148,en,pink
255,130,0,en,orange
255,180,0,en,orange
112,255,0,en,green yellow
255,0,230,en,purple
255,113,0,en,orange
255,65,0,en,lava orange
255,0,84,en,red pink
255,0,132,en,hot pink
255,126,0,en,orange
254,0,255,en,neon purple
217,255,0,en,yellow
134,255,0,en,lime green
150,0,255,en,blue purple
255,0,240,en,neon purple
255,238,0,en,yellow
255,0,3,en,red
128,255,0,en,lime green
255,196,0,en,dark yellow
213,0,255,en,purple
255,173,0,en,light orange
255,0,78,en,red pink
231,255,0,en,yellow
255,0,188,en,neon pink
255,105,0,en,lava orange
255,0,171,en,hot pink
181,255,0,en,green
255,0,190,en,pink
255,212,0,en,yellow
108,0,255,en,blue
255,138,0,en,orange
255,220,0,en,yellow
236,255,0,en,yellow
255,0,93,en,pink
193,255,0,en,lime
255,0,168,en,pink
255,97,0,en,orange
103,255,0,en,green
255,0,115,en,pink
255,78,0,en,ornage
255,0,53,en,red
255,0,228,en,purple
230,0,255,en,purple
255,170,0,en,orange
255,0,44,en,red
205,0,255,en,purple
255,226,0,en,goldenrod
255,253,0,en,yellow
255,0,76,en,red
135,0,255,en,purple
255,106,0,en,orange
255,173,0,en,goldenrod
255,0,118,en,magenta
168,0,255,en,lilac
224,0,255,en,pink purple
132,255,0,en,lime
255,44,0,en,red
255,0,190,en,pink
255,0,19,en,red
152,255,0,en,lime
255,0,167,en,pink
255,197,0,en,goldenrod
255,0,217,en,pink
189,255,0,en,yellow green
255,0,89,en,magenta
255,147,0,en,orange yellow
131,0,255,en,purple
241,255,0,en,dandelion
255,237,0,en,yellow
255,209,0,en,hot yellow
155,255,0,en,green
255,0,79,en,red
255,0,43,en,red
255,0,153,en,pink purple
202,255,0,en,yellow
255,0,218,en,purple
255,0,121,en,pink
233,0,255,en,purple
94,255,0,en,light green
255,118,0,en,orange
255,50,0,en,red
255,176,0,en,yellow orange
213,0,255,en,purple
255,0,208,en,light purple
255,138,0,en,orange
255,0,103,en,pink
229,0,255,en,fuschia
255,0,164,en,neon pink
213,0,255,en,purple mountains majesty
255,0,222,en,pink
255,123,0,en,orange
181,255,0,en,light green
193,255,0,en,baby poop green
255,179,0,en,orange
255,0,115,en,pink
255,0,22,en,red
255,235,0,en,yellow
255,0,53,en,salmon pink
62,0,255,en,indigo
245,255,0,en,yellow
96,0,255,en,violet
255,183,0,en,light orange
110,255,0,en,light green
255,69,0,en,red orange
255,116,0,en,orange
255,0,85,en,magenta
255,0,194,en,neon pink
255,218,0,en,yellow
198,0,255,en,purple
255,186,0,en,gold
255,0,8,en,red
220,255,0,en,lime
116,0,255,en,mauve
255,66,0,en,red
255,0,168,en,pink
255,117,0,en,orange
119,255,0,en,green
255,121,0,en,orange
255,0,247,en,pink
255,0,245,en,pink
83,0,255,en,mauve
255,243,0,en,yellow
255,168,0,en,gold
255,0,188,en,pink
175,255,0,en,lime
255,0,76,en,red
255,0,97,en,red
255,0,117,en,pink/red
255,71,0,en,orange
255,0,216,en,neon pink
255,0,60,en,strawberry
143,255,0,en,lime
247,255,0,en,yellow
132,0,255,en,purple
255,0,126,en,dark pink
255,0,176,en,hot pink
255,105,0,en,orange
255,0,182,en,hot pink
255,0,250,en,neon pink
206,255,0,en,yellow green
39,255,0,en,lime green
121,255,0,en,yellow green
255,225,0,en,lemon
255,191,0,en,macaroni
255,0,10,en,red
255,133,0,en,dark orange
255,0,96,en,strawberry
255,158,0,en,orange
177,0,255,en,purple
255,0,187,en,hott pink
90,255,0,en,kimi (green)
255,0,102,en,cherry red
151,0,255,en,purple
255,213,0,en,cowardly
255,0,232,en,hott pink
255,0,129,en,magenta
166,255,0,en,lime
255,211,0,en,yellow
255,172,0,en,bague
184,0,255,en,purple
255,239,0,en,yellow
255,0,90,en,magenta
255,152,0,en,orange
255,0,216,en,pink purple
255,0,132,en,pink
179,0,255,en,purple
255,0,74,en,magenta
207,255,0,en,yellow green
255,173,0,en,medium orange
255,0,19,en,red
255,0,144,en,magenta
120,0,255,en,blue purple
255,188,0,en,medium yellow orange
252,0,255,en,purple
255,102,0,en,orange
76,255,0,en,bright green
165,255,0,en,lime green
255,0,182,en,pink
255,245,0,en,yellow
255,48,0,en,red
255,100,0,en,orange
212,255,0,en,bright yellow
255,121,0,en,amber
255,23,0,en,deep red
23,0,255,en,dark blue
255,0,171,en,pink
255,0,62,en,red
236,255,0,en,yellow
255,0,30,en,red
232,0,255,en,purple
190,0,255,en,violet
255,0,71,en,red
255,195,0,en,yellow
255,0,239,en,violet
255,141,0,en,orange
255,226,0,en,yellow
255,100,0,en,dark orange
255,160,0,en,orange
50,0,255,en,dark blue
245,255,0,en,yellow
255,0,26,en,red
255,0,203,en,purple
113,255,0,en,light green
255,0,79,en,red
255,0,251,en,violet
136,255,0,en,light green
255,0,169,en,purple
120,0,255,en,dark purple
206,0,255,en,purp
255,0,130,en,red
255,189,0,en,orange
255,0,106,en,red
255,57,0,en,dark orange
211,255,0,en,yellow
181,255,0,en,lime green
202,0,255,en,violet
233,255,0,en,yellow
255,0,106,en,pink
140,0,255,en,purple
255,0,45,en,red
255,0,134,en,pink
255,128,0,en,orange
255,85,0,en,orange
255,180,0,en,tangerine
255,208,0,en,yellowish gold
255,13,0,en,red
255,0,145,en,pink
221,0,255,en,purple
202,255,0,en,green
255,0,203,en,pink
255,0,97,en,red
255,0,159,en,rose
255,79,0,en,red orange
255,0,23,en,red
255,0,232,en,pink
255,150,0,en,orange
255,189,0,en,orange
155,0,255,en,blue
240,0,255,en,purple
255,111,0,en,red
255,251,0,en,yellow
174,0,255,en,purple
59,255,0,en,green
219,255,0,en,yellow
255,155,0,en,orange
77,0,255,en,blue
23,255,0,en,green
170,255,0,en,green
255,0,58,en,red
255,0,130,en,pink
255,239,0,en,yellow
156,255,0,en,green
255,190,0,en,orange
255,213,0,en,orange
96,255,0,en,green
179,0,255,en,purps
247,255,0,en,yellow
255,0,63,en,red
255,0,106,en,pink
255,92,0,en,orange
255,0,238,en,purple
255,0,16,en,red
57,0,255,en,blue
255,0,120,en,pink
255,0,239,en,magenta
255,225,0,en,yellow
180,0,255,en,purple
255,0,149,en,fushia
255,0,125,en,pink
138,0,255,en,violet
243,255,0,en,light yellow
255,0,157,en,pink
255,192,0,en,orange
200,255,0,en,chartreuse
255,0,45,en,red orange
255,0,101,en,magenta
255,0,58,en,red
145,255,0,en,lime green
251,0,255,en,fushia
255,157,0,en,orange
255,151,0,en,orange
216,255,0,en,yello
255,0,84,en,hot pink
255,0,244,en,pink
211,0,255,en,purple
104,0,255,en,indigo
23,0,255,en,royal blue
255,0,178,en,hot pink
255,57,0,en,scarlet
255,109,0,en,orange
255,119,0,en,orange
255,59,0,en,red
85,255,0,en,lime green
255,0,48,en,scarlet
255,0,69,en,rasberry
255,0,198,en,pink
255,201,0,en,yellow
55,0,255,en,royal blue
214,255,0,en,lime
255,0,31,en,red
255,0,135,en,magenta
255,50,0,en,orangish red
255,0,174,en,purplish magenta
255,0,188,en,purple
255,92,0,en,orange
255,0,118,en,magenta
255,0,253,en,lilac
239,255,0,en,yellow
75,255,0,en,lime green
177,255,0,en,chartreuse
255,126,0,en,orange
255,167,0,en,yellow orange
255,236,0,en,golden yellow
97,255,0,en,lime
255,0,251,en,purple
244,255,0,en,yello
255,0,121,en,hot red
255,49,0,en,red orange
115,0,255,en,purple
255,112,0,en,orange
195,0,255,en,purple
255,0,185,en,magenta
255,0,102,en,red
188,255,0,en,lime
149,255,0,en,monster energy
255,225,0,en,corn yellow
255,0,227,en,purple
255,244,0,en,yellow
255,0,124,en,pink
255,0,49,en,red
255,0,160,en,pink
255,0,236,en,pink
255,189,0,en,maize
255,0,173,en,magenta
255,0,22,en,red
255,179,0,en,autumn corn
255,150,0,en,pumpkin
255,0,64,en,red
36,255,0,en,green
195,255,0,en,green
255,241,0,en,yellow
255,0,96,en,pink
255,149,0,en,orange
232,0,255,en,purple
255,191,0,en,yellow
255,0,176,en,pink
183,0,255,en,purple
255,94,0,en,orange
255,0,30,en,red
154,255,0,en,green
255,65,0,en,orange
100,0,255,en,purple
129,255,0,en,green
255,173,0,en,yellow
255,0,186,en,pink
255,194,0,en,burnt yellow
170,0,255,en,violet
99,0,255,en,mauve
236,0,255,en,fuscia
255,0,54,en,majenta
255,71,0,en,burnt oarange
255,226,0,en,gold
255,145,0,en,orange
214,255,0,en,yellow
255,0,167,en,pink
255,0,93,en,majenta
114,255,0,en,lime
255,171,0,en,burnt orange
255,0,27,en,red
255,0,237,en,purple
172,255,0,en,line green
252,255,0,en,yellow
255,0,140,en,fuscia
255,116,0,en,darker burnt orange
185,255,0,en,hot gren
191,255,0,en,hot green
255,0,213,en,magenta
255,0,162,en,magenta
255,63,0,en,tangerine
255,0,202,en,magenta
255,184,0,en,putrid yellow
255,106,0,en,orange
255,239,0,en,yellow
255,0,37,en,red
81,255,0,en,bright green
128,0,255,en,purple
255,245,0,en,yellow
255,0,84,en,bright pink
255,0,69,en,red
189,0,255,en,purple
255,149,0,en,orange
235,0,255,en,magenta
255,174,0,en,orange
245,255,0,en,yellow
255,0,100,en,magenta
255,194,0,en,orange
255,57,0,en,orange
98,255,0,en,green
107,0,255,en,purple
222,255,0,en,yellow
255,0,3,en,red
255,0,161,en,magenta
255,0,207,en,purple
255,0,232,en,magenta
255,147,0,en,orange
250,0,255,en,pink
151,255,0,en,lime
255,218,0,en,yellow
179,0,255,en,purple
255,92,0,en,orange
255,0,133,en,magenta
255,0,54,en,pink
163,255,0,en,lime green
255,0,98,en,rose
255,242,0,en,yellow
255,0,224,en,pink
250,255,0,en,lemon
255,72,0,en,red
255,0,191,en,pink
255,123,0,en,orange
255,188,0,en,orange
148,0,255,en,violet
81,0,255,en,indigo
255,0,2,en,red
255,0,123,en,pink
218,0,255,en,purple
255,0,147,en,pink
255,177,0,en,amber
86,255,0,en,green
255,111,0,en,orange
243,0,255,en,pink
191,255,0,en,green
255,0,53,en,red
219,0,255,en,fuschia
73,255,0,en,lime
255,0,118,en,fluro pink
255,108,0,en,orange
109,0,255,en,indigo
255,160,0,en,mustard
255,0,143,en,fuscia
247,255,0,en,fluro yellow
194,0,255,en,fluro purple
255,0,95,en,fluro pink
140,255,0,en,fluro green
255,134,0,en,orange
199,255,0,en,fluro yellow
255,0,13,en,red
255,0,242,en,fuscia
255,0,193,en,fluro pink
255,213,0,en,sunny yellow
255,0,65,en,red
255,75,0,en,orange
255,191,0,en,mustard
255,145,0,en,orange
95,0,255,en,violet
255,78,0,en,deep orange
97,255,0,en,lime
255,0,35,en,red
255,0,122,en,hot pink
255,0,172,en,pink
180,0,255,en,purple
255,212,0,en,sandy yellow
255,100,0,en,dark orange
255,218,0,en,yellow
197,255,0,en,lime
255,0,99,en,deep pink
255,0,205,en,candy pink
255,249,0,en,yellow
255,0,211,en,pink
145,255,0,en,lime
255,0,77,en,rose pink
255,168,0,en,orange
241,0,255,en,candy pink
255,0,222,en,hot pink
255,150,0,en,orange
255,56,0,en,red
255,0,166,en,pink
226,0,255,en,purple
255,177,0,en,orange
188,255,0,en,lime green
255,0,181,en,pink
139,255,0,en,green
255,0,215,en,pink
255,0,97,en,hot pink
119,0,255,en,purple
255,132,0,en,orange
25,0,255,en,blue
255,208,0,en,yellow
255,98,0,en,orange
87,255,0,en,green
255,0,4,en,red
185,0,255,en,purple
255,0,131,en,pink
255,0,73,en,reddy pink
255,246,0,en,yellow
255,225,0,en,dark yellow
255,0,245,en,purple
114,0,255,en,bu
255,202,0,en,orange
196,0,255,en,purple
255,0,96,en,pink
255,30,0,en,red
244,0,255,en,purple
255,164,0,en,orange
255,0,230,en,pink
255,0,135,en,pink
78,0,255,en,blue
109,255,0,en,green
243,255,0,en,yellow
255,147,0,en,brown
255,237,0,en,yellow
255,111,0,en,oange
255,122,0,en,orange
79,255,0,en,green
157,255,0,en,yellow
255,0,137,en,pink
255,0,152,en,pink
255,0,38,en,red
255,22,0,en,red
255,0,81,en,red
255,0,180,en,pink
255,0,70,en,red
255,225,0,en,yellow
192,0,255,en,purple
255,61,0,en,red
210,255,0,en,chartreuse yellow
15,255,0,en,green
255,0,101,en,fuschia
255,138,0,en,orange
147,255,0,en,chartreuse green
255,0,179,en,magenta
255,0,123,en,hot pink
121,0,255,en,eggplant
170,0,255,en,purple
255,0,60,en,fuschia
255,115,0,en,orange
255,0,29,en,red
255,153,0,en,orange
65,255,0,en,apple green
255,190,0,en,ochre
255,253,0,en,yellow
255,227,0,en,gold
228,0,255,en,purple
255,0,241,en,magenta
255,0,152,en,pink
71,0,255,en,blue
255,0,106,en,pink
255,0,213,en,magenta
255,179,0,en,yellow
255,69,0,en,orange
255,0,27,en,red
255,0,129,en,pink
255,84,0,en,orange
255,0,72,en,red
255,221,0,en,yellow
249,255,0,en,yellow
207,0,255,en,purple
54,255,0,en,green
139,0,255,en,purple
255,210,0,en,yellow
149,255,0,en,green
255,0,200,en,pink
255,0,252,en,purple
255,0,174,en,pink
255,136,0,en,orange
223,255,0,en,yellow
255,67,0,en,red
198,255,0,en,light green
222,0,255,en,violet
137,255,0,en,lime
255,0,193,en,dark pink
255,158,0,en,dark orange
145,0,255,en,purple
255,0,124,en,dark pink
255,0,90,en,red
255,252,0,en,yellow
188,0,255,en,light purple
255,0,77,en,red
255,0,41,en,red orange
42,255,0,en,lime green
255,202,0,en,tangerine
255,0,220,en,bright pink
255,0,170,en,bright pink
255,214,0,en,yellow orange
255,135,0,en,orange
255,119,0,en,darker orange
113,255,0,en,green
255,192,0,en,orange
255,115,0,en,red
255,0,60,en,red
123,0,255,en,blue
255,239,0,en,yellow
255,37,0,en,red
255,0,137,en,pink
178,255,0,en,yellow
255,0,209,en,pink
255,139,0,en,orange
22,0,255,en,blue
255,0,95,en,pink
255,0,238,en,pink
183,0,255,en,purple
255,0,149,en,pink
255,0,23,en,red
205,255,0,en,yellow
255,154,0,en,orange
246,0,255,en,pink
242,255,0,en,yellow
255,0,222,en,magenta
255,247,0,en,yellow
255,0,101,en,pink
132,255,0,en,lime green
126,0,255,en,purple
255,120,0,en,orange
255,189,0,en,yellow
255,156,0,en,orange
255,0,147,en,magenta
255,0,141,en,magenta
255,0,188,en,hot pink
255,78,0,en,oragne
255,0,30,en,red
255,238,0,en,yellow
91,0,255,en,royal blue
255,0,247,en,magenta
255,0,72,en,red
145,255,0,en,lime green
255,105,0,en,orange
217,255,0,en,yellow
255,0,49,en,red
146,255,0,en,highlighter green
193,255,0,en,yellow green
255,250,0,en,yellow
255,63,0,en,blood orange
200,0,255,en,indigo
255,0,210,en,light purple
228,0,255,en,purple
255,155,0,en,gold
255,0,92,en,crimson
255,0,16,en,red
255,0,152,en,blood purple
255,0,123,en,dark pink
255,193,0,en,gold
120,255,0,en,highlighter green
255,243,0,en,yellow
146,0,255,en,purple
255,84,0,en,blood orange
255,147,0,en,dark gold
71,0,255,en,dark purple
255,0,252,en,pink
131,0,255,en,purple
255,205,0,en,yellow
255,0,39,en,red?
255,0,154,en,pink
255,0,142,en,pink
255,0,233,en,pink
255,89,0,en,e
25,255,0,en,green
248,255,0,en,yellow
255,0,207,en,n
212,255,0,en,yellow
255,0,53,en,v
255,0,101,en,u
103,255,0,en,green
255,227,0,en,yellow
255,57,0,en,red/orange
178,0,255,en,purple
176,255,0,en,gross yellow
255,182,0,en,pencil/school bus
255,0,203,en,magenta
255,0,103,en,rose red
255,170,0,en,light orange
255,117,0,en,orange
255,213,0,en,yellow orange
71,255,0,en,neon green
255,0,56,en,red
220,255,0,en,yellow green
255,0,156,en,hot pink
255,0,41,en,red
255,72,0,en,orange
163,0,255,en,purple
255,207,0,en,yellow orange
255,0,142,en,hot pink
233,255,0,en,yellow green
255,0,226,en,fucsia
255,142,0,en,orange
175,255,0,en,lime
134,0,255,en,purple
255,0,247,en,magenta
207,0,255,en,violet
255,0,60,en,red
105,255,0,en,light green
255,205,0,en,gold
255,255,0,en,yellow
255,0,26,en,red
255,111,0,en,orange
255,173,0,en,gold
190,255,0,en,light green
255,229,0,en,yellow
255,0,189,en,pink
255,0,219,en,pink
255,125,0,en,orange
255,0,142,en,pink
255,68,0,en,orange
255,0,150,en,pink
144,255,0,en,light green
255,0,250,en,violet
144,0,255,en,purple
255,0,100,en,red
255,231,0,en,yellow
255,0,19,en,red
255,0,97,en,magenta
255,175,0,en,yellow ochre
255,0,239,en,violet
255,124,0,en,burnt orange
255,0,117,en,fusica
255,0,164,en,hot pink
255,0,206,en,purple pink
108,255,0,en,lime green
70,0,255,en,royal blue
141,0,255,en,purple
255,200,0,en,cadmium yellow
166,0,255,en,purple
214,255,0,en,yellow green
255,0,75,en,apple red
255,21,0,en,red
158,255,0,en,lime green
255,119,0,en,orange
255,245,0,en,yellow
255,0,255,en,pink purple
255,153,0,en,orange
53,255,0,en,light green
250,0,255,en,lilac
66,0,255,en,dark blue
255,0,213,en,pink
40,255,0,en,green
134,0,255,en,violet
207,0,255,en,dark purple
255,0,132,en,pink
255,70,0,en,orange
255,0,39,en,scarlet
255,211,0,en,yellow
137,0,255,en,violet
255,0,91,en,hot pink
255,159,0,en,orange
255,0,217,en,magenta
93,255,0,en,green
255,90,0,en,red
255,0,95,en,magenta
255,74,0,en,red
243,255,0,en,yellow
178,0,255,en,purple
255,175,0,en,orange
255,210,0,en,yellow
255,0,139,en,pink
255,0,199,en,purple
255,0,235,en,purple
255,0,36,en,red
255,0,51,en,red
209,255,0,en,yellow
255,0,159,en,magenta
255,213,0,en,yellow
255,120,0,en,orange
255,0,254,en,purple
137,0,255,en,purple
146,255,0,en,green
255,0,33,en,red
255,0,169,en,magenta
255,109,0,en,orange
138,0,255,en,purple
131,255,0,en,lime green
243,255,0,en,yellow
164,255,0,en,green yellow/ lime
206,0,255,en,dark violet
255,0,64,en,red
255,160,0,en,orange
255,0,238,en,magenta
255,240,0,en,yellow
255,146,0,en,orange
255,198,0,en,sandy yellow
255,0,118,en,violet red
252,0,255,en,magenta
255,0,194,en,violet
255,53,0,en,red
197,255,0,en,pear
255,0,83,en,red
255,0,52,en,red
198,0,255,en,purple
255,0,99,en,dark magenta
255,78,0,en,burnt orange
84,255,0,en,lime green
255,0,123,en,magenta
255,139,0,en,orange
255,0,159,en,bright magenta
255,0,43,en,red
114,0,255,en,violet
255,191,0,en,tangerine
255,0,200,en,magenta
83,0,255,en,blue violet
223,255,0,en,day glow yellow
255,0,228,en,hot pink
34,255,0,en,bright green
230,255,0,en,yellow green
255,242,0,en,yellow
228,0,255,en,grape
255,107,0,en,burnt orange
176,255,0,en,light green
255,179,0,en,light orange
255,0,150,en,purple
255,0,93,en,pink
239,255,0,en,yellow
255,159,0,en,orange
255,129,0,en,orange
255,0,234,en,purple
255,191,0,en,yellow
255,0,44,en,pink
255,107,0,en,orange
255,218,0,en,yellow
142,255,0,en,green
226,255,0,en,yellow
230,0,255,en,purple
255,0,80,en,pink
255,0,181,en,pink
255,0,139,en,pink
255,70,0,en,orange
126,255,0,en,green
93,0,255,en,purple
171,0,255,en,purple
255,147,0,en,ripe orange
201,255,0,en,lemon lime green
255,0,153,en,hot pink
61,0,255,en,evening blue
137,255,0,en,bright green
238,255,0,en,lemon lime yellow
255,0,46,en,true bright red
255,0,243,en,fuchsia pink
255,0,71,en,red
255,71,0,en,firetruck red
125,255,0,en,true bright green
255,0,91,en,raspberry
255,202,0,en,orange yellow
132,0,255,en,periwrinkle
255,0,140,en,raspberry
255,213,0,en,canary yellow
255,172,0,en,orange yellow
165,0,255,en,purple
255,0,180,en,hot pink
255,117,0,en,ripe orange
255,140,0,en,orange
255,54,0,en,red
119,0,255,en,purple
255,0,160,en,pink
255,201,0,en,yellow
255,0,37,en,pink
255,178,0,en,yellow
184,255,0,en,green
76,255,0,en,green
255,228,0,en,yellow
255,0,61,en,pink
255,0,134,en,purple
255,0,238,en,purple
255,0,103,en,pink
255,0,254,en,pink
255,250,0,en,yellow
255,117,0,en,orange
221,255,0,en,yellow
255,0,190,en,pink
64,0,255,en,blue
255,114,0,en,orange
255,0,126,en,magenta
255,211,0,en,yellow
255,0,0,en,red
255,158,0,en,orange
132,255,0,en,green
177,255,0,en,green
255,128,0,en,orange
255,0,199,en,magenta
255,0,70,en,red
255,0,88,en,red
254,255,0,en,yellow
191,255,0,en,green
255,0,169,en,magenta
170,0,255,en,purple
117,0,255,en,purple
230,0,255,en,magenta
255,0,226,en,magenta
255,0,17,en,red
255,241,0,en,yellow
255,0,202,en,pink
255,126,0,en,orange
255,162,0,en,light orange
85,0,255,en,purple
222,255,0,en,yellow
255,0,156,en,pink
59,255,0,en,green
255,238,0,en,yellow
255,198,0,en,yellow
255,0,212,en,pink
255,115,0,en,orange
177,0,255,en,purple
151,0,255,en,purple
255,243,0,en,yellow
232,0,255,en,purple
255,0,73,en,red
255,0,129,en,red
255,0,97,en,red
172,255,0,en,green
255,0,25,en,red
255,24,0,en,red
113,0,255,en,indigo
255,228,0,en,yellow
255,48,0,en,orange
133,255,0,en,yellow green
217,255,0,en,yellow
235,255,0,en,yellow
255,0,110,en,pink
255,102,0,en,orange
255,0,11,en,red
255,0,231,en,pink
245,0,255,en,pink
255,0,209,en,pink
255,0,150,en,pink
117,255,0,en,green
181,0,255,en,purple
255,175,0,en,orange
255,0,68,en,red
255,212,0,en,yellow orange
255,149,0,en,orange
255,0,133,en,pink
236,255,0,en,yellow
255,205,0,en,orange
255,0,163,en,pink
255,0,24,en,red
255,0,197,en,pink
130,255,0,en,green
255,0,62,en,red
229,255,0,en,yellow
255,74,0,en,red
255,151,0,en,orange
243,0,255,en,pink
64,0,255,en,blue
255,164,0,en,orange
255,0,104,en,red
215,0,255,en,purple
255,0,233,en,pink
255,0,125,en,pink
108,0,255,en,indigo
255,90,0,en,orange
255,229,0,en,yellow
139,255,0,en,green
255,177,0,en,orange
152,255,0,en,lime green
255,0,117,en,shocking pink
255,194,0,en,almost yellow orange
255,0,250,en,magenta
255,147,0,en,pumpkin
255,116,0,en,ruddy orange
167,0,255,en,violet
115,255,0,en,green apple
214,255,0,en,sickly yellow
255,0,167,en,shocking pink
255,0,23,en,red
255,64,0,en,scarlet
119,0,255,en,royal blue
255,237,0,en,yellow
173,255,0,en,light green
255,0,87,en,pink
255,0,50,en,red
255,108,0,en,orange
255,0,201,en,pink
255,162,0,en,orange
165,0,255,en,purple
255,0,134,en,pink
255,43,0,en,red
255,0,168,en,pink
109,255,0,en,light green
233,0,255,en,purple
251,255,0,en,yellow
255,145,0,en,orange
195,255,0,en,light green
255,0,214,en,pink
212,255,0,en,lime
246,0,255,en,magenta
132,255,0,en,light green
255,0,162,en,pink
164,0,255,en,purple
133,255,0,en,green
255,0,28,en,red
255,0,127,en,dark pink
255,0,180,en,pink
255,0,255,en,purple
249,255,0,en,yellow
255,147,0,en,orange
139,0,255,en,purple
255,174,0,en,orange
167,255,0,en,green
99,255,0,en,green
255,148,0,en,orange
255,118,0,en,orange
255,0,156,en,pink
255,44,0,en,red
255,0,117,en,dark pink
255,0,240,en,light purple
206,0,255,en,dark purple
255,95,0,en,orange
133,0,255,en,purple
255,193,0,en,urine yellow
17,255,0,en,green
255,190,0,en,orange
255,235,0,en,yellow
138,0,255,en,purple
255,0,214,en,magenta
255,0,45,en,red
255,0,11,en,red
172,255,0,en,green
255,36,0,en,red
123,0,255,en,purple
255,230,0,en,yellow
255,223,0,en,yellow
255,0,182,en,purple
255,0,53,en,red
123,0,255,en,blue
255,0,111,en,pink
115,255,0,en,lime green
255,253,0,en,yellow
255,237,0,en,yellow
255,130,0,en,orange
127,0,255,en,purple
108,0,255,en,purple
255,225,0,en,yellow
255,43,0,en,red
255,0,142,en,pink
255,0,206,en,purple
255,0,2,en,red
255,85,0,en,orange
108,255,0,en,green
203,255,0,en,yellow
253,0,255,en,purple
255,105,0,en,orange
83,255,0,en,green
255,0,57,en,red
255,0,233,en,pink
227,255,0,en,yellow
182,0,255,en,purple
255,120,0,en,orange
255,0,70,en,red
255,174,0,en,light orange
255,0,163,en,bright purple
255,0,183,en,purple
255,228,0,en,yellow
136,255,0,en,bright green
85,255,0,en,neon
255,177,0,en,yellow/orange
255,0,75,en,pink red
233,255,0,en,yellow
255,192,0,en,yellow/orange
255,0,132,en,deep pink
255,85,0,en,brick orange
255,149,0,en,dark orange
255,55,0,en,red
255,0,112,en,pink
122,255,0,en,green
255,0,99,en,pink
255,131,0,en,orange
255,153,0,en,orange
255,0,218,en,purple
255,234,0,en,yellow
255,64,0,en,red
255,210,0,en,yellow
233,255,0,en,yellow
255,0,75,en,pink
175,0,255,en,purple
229,0,255,en,pink
255,207,0,en,yellow
255,136,0,en,orange
180,255,0,en,green
250,255,0,en,yellow
255,0,50,en,red
255,0,170,en,pink
241,0,255,en,purple
255,224,0,en,yellow
255,0,137,en,pink
255,40,0,en,red
105,0,255,en,purple
255,0,27,en,red
255,136,0,en,orange
62,0,255,en,dark blue
95,255,0,en,lime
255,0,59,en,red
255,0,117,en,pink
255,0,9,en,red
255,0,220,en,bright pink
255,0,35,en,red
175,255,0,en,yellow
224,255,0,en,yellow
200,0,255,en,purple
255,92,0,en,orange
231,255,0,en,yellow
255,0,250,en,pink
255,195,0,en,orange
255,0,169,en,pink
255,223,0,en,yellow
255,0,226,en,pink
255,119,0,en,dark orange
255,189,0,en,dark yellow
255,174,0,en,light orange
255,0,95,en,dark pink
126,0,255,en,dark purple
255,17,0,en,red
255,55,0,en,dark orange
255,232,0,en,yellow
255,0,136,en,fuchsia
85,255,0,en,green
255,247,0,en,light yellow
255,87,0,en,orange
255,0,41,en,red
255,0,192,en,pink
255,0,164,en,pink
251,255,0,en,yellow
255,0,99,en,red
255,184,0,en,orange
255,169,0,en,orange
255,148,0,en,orange
255,0,114,en,pink
85,0,255,en,blue
236,255,0,en,yellow
255,0,35,en,red
255,0,169,en,dark pink
255,44,0,en,red
255,0,217,en,fluorescent pink
91,0,255,en,marine blue
255,0,134,en,dark pink
255,0,83,en,red
255,160,0,en,orange
255,0,245,en,pink
164,0,255,en,purple
255,0,62,en,raspberry
255,0,148,en,magenta
255,83,0,en,burnt orange
255,188,0,en,mustard
255,170,0,en,mustard
189,255,0,en,lime green
255,99,0,en,orange
255,0,147,en,pink
255,222,0,en,yellow
255,0,190,en,pink
106,0,255,en,purple
255,176,0,en,orange
140,255,0,en,green
216,255,0,en,yellow
255,253,0,en,neon yellow
245,0,255,en,purple
224,255,0,en,yellow
255,0,48,en,red
255,0,106,en,pink
255,0,135,en,pink
255,0,205,en,pink
222,255,0,en,yellow
255,0,245,en,purple
255,0,36,en,red
255,201,0,en,light orange
255,173,0,en,orange
255,254,0,en,yellow
104,255,0,en,green
136,255,0,en,green
216,0,255,en,purple
255,0,108,en,pink
255,0,54,en,red
254,255,0,en,yellow
135,255,0,en,green
255,0,235,en,pink
255,104,0,en,orange
153,255,0,en,lime green
255,78,0,en,deep orange
105,0,255,en,dark blue
255,0,206,en,magenta
255,0,37,en,red
255,0,88,en,pink red
84,0,255,en,dark blue
255,225,0,en,yellow
171,0,255,en,purple
224,255,0,en,yellow
255,0,61,en,red
255,0,159,en,pink
81,255,0,en,green
255,111,0,en,dark orange
255,0,80,en,red
255,0,245,en,purple
255,130,0,en,orange
255,0,172,en,pink
255,0,201,en,dark pink
255,0,247,en,purple
229,255,0,en,yellow
255,158,0,en,light orange
138,0,255,en,violet
255,0,227,en,pink
223,255,0,en,yellow
255,126,0,en,orange
255,0,203,en,fuchsia
255,0,57,en,red
255,161,0,en,orange
255,16,0,en,red
142,0,255,en,purple
255,0,200,en,pink
255,0,33,en,red
255,203,0,en,yellow
190,0,255,en,purple
224,0,255,en,pink
255,0,5,en,red
239,0,255,en,lavender
255,0,113,en,pink
255,0,245,en,light magenta
189,0,255,en,purple
171,255,0,en,lime green
255,0,201,en,magenta
255,156,0,en,orange
255,139,0,en,orange
255,0,82,en,dark pink
222,255,0,en,yellow very light green
255,217,0,en,dark yellow
243,0,255,en,light purple
255,186,0,en,orange
210,0,255,en,purple
255,0,111,en,fuchsia
155,255,0,en,light green
255,0,144,en,pink
255,0,250,en,fluorescent pink
255,0,179,en,pink
182,0,255,en,purple
164,255,0,en,light green
147,0,255,en,dark purple
255,0,50,en,red
255,187,0,en,very light orange
88,255,0,en,fluorescent green
255,94,0,en,dark orange
255,0,67,en,red
255,0,6,en,red
255,0,85,en,tomato pink
255,0,199,en,lavendar
255,214,0,en,yellow
255,0,229,en,purple
255,109,0,en,orange
255,0,254,en,lavendar
137,255,0,en,green
255,0,161,en,pink
215,0,255,en,purple
255,170,0,en,orange
241,255,0,en,yelow
255,192,0,en,orange
94,0,255,en,purple
255,72,0,en,red
255,122,0,en,orange
220,255,0,en,yellow
115,255,0,en,green
255,0,121,en,pink
255,0,165,en,pink
255,144,0,en,orange
170,0,255,en,purple
255,241,0,en,yellow
92,255,0,en,green
246,255,0,en,yellow 2
255,0,73,en,red
255,155,0,en,orange
255,0,189,en,pink
255,0,14,en,red
255,0,100,en,pink red
255,119,0,en,darker orange
255,193,0,en,dark goldy yellow
140,0,255,en,purple
167,255,0,en,slime green
255,0,252,en,pink 2
255,0,187,en,fuscia
255,251,0,en,yellow
255,180,0,en,oragne
255,0,58,en,red
166,255,0,en,vivid green
207,255,0,en,lime
255,131,0,en,burnt orange
225,0,255,en,purple
76,255,0,en,bright green
255,0,164,en,pink
200,0,255,en,purple
255,109,0,en,red orange
255,0,226,en,fuscia
255,230,0,en,yellow
255,0,133,en,fuscia
255,209,0,en,amber
255,0,45,en,cherry
255,0,99,en,pink
255,70,0,en,red orange
134,0,255,en,purple
52,255,0,en,green
255,0,193,en,magenta
255,64,0,en,red
240,255,0,en,yellow
212,255,0,en,dirty yellow
148,255,0,en,lime green
255,0,211,en,magenta
232,0,255,en,lavender
115,255,0,en,lime
255,0,209,en,orchid
255,170,0,en,tangerine
255,0,237,en,berry
255,0,142,en,magenta
255,0,99,en,raspberry
234,0,255,en,violet
255,126,0,en,bright orange
255,0,13,en,red
255,25,0,en,red orange
255,244,0,en,yellow
255,0,147,en,plum berry
212,255,0,en,highlighter yellow
166,0,255,en,purple
142,0,255,en,indigo
180,255,0,en,peridot
255,0,61,en,ruby
255,202,0,en,mustard
255,215,0,en,dandelion
255,98,0,en,orange red
255,0,249,en,fuchsia
255,0,158,en,pink
255,63,0,en,orange
255,180,0,en,orange
172,255,0,en,lime
247,255,0,en,yellow
255,89,0,en,orange
214,0,255,en,purple
255,140,0,en,orange
201,255,0,en,lime
255,222,0,en,banana
157,0,255,en,purple
255,0,67,en,strawberry
255,0,138,en,pink
255,0,220,en,fuchsia
255,199,0,en,banana
255,0,191,en,fuchsia
255,0,95,en,pink
255,0,15,en,red
120,255,0,en,lime
255,0,158,en,pink
247,255,0,en,yellow
255,223,0,en,mustard
214,255,0,en,yellow
255,0,101,en,rose
255,0,141,en,pink
249,255,0,en,yellow
76,255,0,en,green
255,8,0,en,red
255,214,0,en,yellow
159,0,255,en,purple
255,0,220,en,magenta
255,0,190,en,magenta
166,0,255,en,purple
255,195,0,en,yellow
255,0,61,en,scarlet
255,0,136,en,magenta
147,255,0,en,green
228,255,0,en,yellow
255,168,0,en,orange
255,137,0,en,orange
61,0,255,en,cerulean
255,0,44,en,scarlet
255,0,147,en,magenta
255,97,0,en,dark orange
255,0,96,en,pink
220,0,255,en,purple
99,255,0,en,lime
255,0,243,en,magenta
255,225,0,en,dandelion
255,0,60,en,red pink
255,0,138,en,pink
214,255,0,en,yellow
220,0,255,en,purple
255,63,0,en,scarlet
255,110,0,en,orange
198,0,255,en,purple
255,152,0,en,light orange
255,0,86,en,pink
255,132,0,en,yellow orange
255,0,63,en,red
245,255,0,en,yellow
255,0,220,en,fuschia
66,0,255,en,navy
200,0,255,en,purple
255,79,0,en,orange
255,175,0,en,tangerine
255,202,0,en,sun
207,255,0,en,lime
255,0,81,en,passion
255,0,132,en,violet
62,255,0,en,grass
255,224,0,en,yellow
133,255,0,en,neon green
255,89,0,en,tangerine
255,0,162,en,fuschia
255,139,0,en,orange
5,255,0,en,neon green
230,0,255,en,purple
255,0,189,en,violet
120,0,255,en,royal purple
255,0,7,en,red
255,0,228,en,magenta
255,0,174,en,fuchia
190,255,0,en,highlighter green
9,255,0,en,bright green
68,0,255,en,indigo
168,255,0,en,highlighter green
109,255,0,en,green
255,0,71,en,pink
255,0,108,en,pink
255,186,0,en,yellow
227,0,255,en,pinkish purple
255,233,0,en,yellow
231,255,0,en,yellow
99,0,255,en,purple
255,83,0,en,orange
255,0,191,en,fuchisa
255,0,48,en,dark pink
255,167,0,en,yellow
255,120,0,en,orange
255,24,0,en,red
255,0,130,en,magenta
176,0,255,en,violet
255,154,0,en,orange
21,0,255,en,blue
255,127,0,en,tang
255,0,65,en,red
253,0,255,en,magenta
193,255,0,en,lime green
157,0,255,en,violet
255,0,227,en,magenta
255,0,177,en,magenta
255,40,0,en,red
172,255,0,en,lime green
255,0,91,en,pink
255,0,21,en,red
255,184,0,en,orange yellow
255,0,123,en,magenta
255,0,148,en,pink
255,89,0,en,orange
255,220,0,en,dark yellow
60,255,0,en,forest green
254,255,0,en,yellow
255,42,0,en,red
255,178,0,en,orange
88,0,255,en,blue
81,255,0,en,yellow green
255,236,0,en,yellow
225,255,0,en,yellow
255,117,0,en,orange
255,0,185,en,pink
255,0,146,en,pink
255,0,131,en,pink
176,255,0,en,greenish yellow
255,0,242,en,pinkish urple
255,0,26,en,red
115,0,255,en,purple
255,0,50,en,pinkish red
191,0,255,en,purple
234,0,255,en,purple
40,255,0,en,green
253,255,0,en,yellow
255,205,0,en,yellow
255,0,100,en,pink
255,125,0,en,orange
255,235,0,en,yellow
255,175,0,en,yellow orange
255,0,127,en,hot pink
255,0,176,en,hot pink
142,0,255,en,purple
255,0,54,en,red tinted pink
255,127,0,en,orange
191,255,0,en,dirty yellow
216,0,255,en,pink tinted purple
242,0,255,en,hot pink
83,255,0,en,leaf green
255,0,146,en,hot pink
255,202,0,en,mustard yellow
255,246,0,en,yellow
255,0,40,en,soft red
182,255,0,en,green yellow
255,116,0,en,orange
255,0,103,en,pink
255,0,236,en,purple tinted pink
255,0,173,en,pink
203,0,255,en,purple
246,255,0,en,yellow
255,0,5,en,red
72,255,0,en,green
255,127,0,en,orange
255,234,0,en,yellow
255,35,0,en,red
255,0,132,en,pink
255,153,0,en,orange
255,0,221,en,purple
255,0,201,en,purple
255,0,56,en,red
255,104,0,en,orange
210,255,0,en,yellow
181,255,0,en,lime
104,0,255,en,purple
223,0,255,en,pink
255,0,83,en,red
255,184,0,en,orange
255,250,0,en,lemon yellow
199,255,0,en,lime green
255,0,105,en,raspberry
81,255,0,en,fluo green
255,0,28,en,red
255,151,0,en,orange
240,0,255,en,bright violet
255,0,208,en,pink
255,0,160,en,magneta
255,0,190,en,fuscia
255,0,138,en,strawberry
255,178,0,en,orange
255,0,11,en,red
255,230,0,en,yellow
255,138,0,en,orange
212,0,255,en,purple
255,0,245,en,magenta
255,188,0,en,gold
255,0,102,en,strawberry
241,255,0,en,yellow
255,0,78,en,red
84,255,0,en,green
229,0,255,en,magenta
179,255,0,en,lime
160,0,255,en,purple
255,115,0,en,orange
231,255,0,en,yello
255,62,0,en,orange
255,0,227,en,pink
255,147,0,en,orange
148,0,255,en,purple
176,255,0,en,green
255,0,174,en,pink
255,0,71,en,pink
255,0,111,en,pink
255,223,0,en,yellow
54,255,0,en,green
57,0,255,en,purple
244,0,255,en,pink
255,0,209,en,pink
255,0,140,en,pink
255,116,0,en,orange
206,0,255,en,purple
255,0,5,en,red
196,255,0,en,green
255,184,0,en,orange
255,174,0,en,orange
255,184,0,en,orange
178,255,0,en,lime green
255,179,0,en,orange
255,130,0,en,tangerine
255,0,133,en,pink
131,255,0,en,neon green
255,238,0,en,yellow
255,0,229,en,purple
255,0,53,en,red
214,0,255,en,purple
255,0,202,en,pink
251,0,255,en,fuchsia
255,67,0,en,red
138,0,255,en,purple
255,0,18,en,red
255,247,0,en,yellow
255,0,152,en,fuchsia
205,255,0,en,ugly duck yellow
255,113,0,en,orange
255,144,0,en,orange
255,0,145,en,pink
255,0,60,en,red
255,0,252,en,purple
111,255,0,en,green
255,0,181,en,magenta
255,198,0,en,yellow
255,0,116,en,pink
255,0,90,en,magenta
255,161,0,en,orange
255,213,0,en,yellow
255,0,45,en,red
194,255,0,en,yellow
32,0,255,en,blue
255,79,0,en,rustic orange
255,248,0,en,yellow
133,0,255,en,periwinkle
166,0,255,en,lilac
255,93,0,en,orange
146,255,0,en,green
255,0,224,en,magenta
255,255,0,en,yellow
175,0,255,en,puple
255,0,122,en,hot pink
56,0,255,en,dark purple
255,0,247,en,magenta
180,255,0,en,greenish yellow
255,0,78,en,pink
255,0,170,en,pink
255,158,0,en,yellow
255,0,205,en,pink
255,76,0,en,orange
255,144,0,en,yello
255,215,0,en,yellow
255,0,36,en,red
255,199,0,en,yellow
255,97,0,en,orange
83,255,0,en,green
133,0,255,en,purple
255,0,244,en,purple
224,255,0,en,yellow
255,0,99,en,pink
255,166,0,en,orange
255,0,78,en,red
255,0,31,en,red
255,0,123,en,fucshia
255,29,0,en,red
255,0,188,en,pink
255,82,0,en,red
255,245,0,en,yellow
255,229,0,en,yellow
48,255,0,en,lime green
149,255,0,en,yellow green
255,201,0,en,orange
13,0,255,en,blue
159,0,255,en,purple
255,0,161,en,fuchia
255,0,93,en,red
255,0,226,en,purple
249,0,255,en,purple
199,255,0,en,yellow
255,138,0,en,orange
165,0,255,en,purple
255,0,178,en,magenta
255,85,0,en,orange
255,231,0,en,yellow
255,160,0,en,yellow orange
255,0,26,en,red
255,0,160,en,magenta
255,0,103,en,pink
210,255,0,en,yellow green
255,251,0,en,yellow
255,0,116,en,pink
255,0,212,en,magenta
43,255,0,en,lime green
255,121,0,en,orange
149,255,0,en,yellow green
207,0,255,en,magenta
255,0,71,en,dark pink
237,0,255,en,magenta
255,206,0,en,mustard yellow
103,0,255,en,violet
255,81,0,en,burnt orange
255,240,0,en,yellow
176,0,255,en,purple
255,68,0,en,dark orange
255,0,241,en,light purple
248,0,255,en,light purple
255,0,12,en,red
255,130,0,en,orange
255,0,78,en,red
200,255,0,en,lime
255,0,178,en,light purple
170,255,0,en,lime
74,255,0,en,green
255,93,0,en,orange
255,0,153,en,light purple
127,0,255,en,purple
255,200,0,en,orange
255,246,0,en,yellow
255,0,143,en,light purple
255,0,95,en,light purple
255,179,0,en,orange
255,78,0,en,orange
198,0,255,en,purple
44,0,255,en,dark blue
255,233,0,en,yellow
255,0,217,en,magenta
255,0,199,en,magenta
99,0,255,en,purple
255,138,0,en,orange
255,0,59,en,red
201,255,0,en,yellow green
255,0,111,en,magenta
232,255,0,en,yellow
58,255,0,en,green
255,0,43,en,red
255,193,0,en,yellow
30,0,255,en,blue
255,132,0,en,orange
255,0,243,en,fuchsia
118,0,255,en,purple
255,169,0,en,orange
255,249,0,en,yellow
255,0,179,en,pink
255,42,0,en,red
255,218,0,en,yellow
255,102,0,en,orange
255,0,189,en,pink
55,0,255,en,navy
255,0,219,en,soft pink
255,74,0,en,orange
255,0,175,en,hot pink
132,255,0,en,neon green
255,0,82,en,neon red
237,255,0,en,yellow
255,84,0,en,gator orange
243,0,255,en,purple
255,0,79,en,pinkish neon red
255,0,133,en,neon pink purple
255,170,0,en,dull gold
255,225,0,en,soviet yellow
255,0,224,en,pink
255,82,0,en,orange
255,0,58,en,red
255,244,0,en,yellow
200,255,0,en,chartreuse
86,255,0,en,fluorescent green
247,0,255,en,magenta
255,0,198,en,pink
255,0,105,en,crimson
183,255,0,en,chartreuse
255,157,0,en,yellow orange
255,136,0,en,orange
255,0,138,en,magenta
255,60,0,en,orange red
208,0,255,en,red purple
255,0,35,en,red
69,0,255,en,dark blue
135,0,255,en,purple
255,0,147,en,magenta
255,213,0,en,yellow
255,204,0,en,orange yellow
255,88,0,en,orange
195,0,255,en,purple
255,68,0,en,dark orange
64,0,255,en,dark blue
255,0,122,en,pink
255,0,82,en,red
255,163,0,en,dark yellow
255,254,0,en,light yellow
255,231,0,en,yellow
255,0,251,en,hot pink
255,0,152,en,fushia
255,0,61,en,red
255,0,21,en,red
255,0,204,en,hot pink
130,0,255,en,purple
255,0,216,en,hot pink
95,255,0,en,light green
255,191,0,en,light orange
255,133,0,en,dark orange
204,255,0,en,chartreuse
183,255,0,en,chartreuse
126,255,0,en,green
255,0,222,en,magenta
156,0,255,en,purple
255,174,0,en,mustard gold
255,0,46,en,red
255,140,0,en,dark mustard
255,81,0,en,red orange
156,255,0,en,chartreuse
218,255,0,en,puce
255,57,0,en,orange red
89,0,255,en,colbalt blue
255,203,0,en,gold mustard
224,0,255,en,magenta
194,0,255,en,purple magenta
255,216,0,en,yellow gold
255,0,60,en,red
255,0,147,en,fuscia
255,0,137,en,fuscia
255,245,0,en,yellow
255,0,179,en,hot pink
255,0,89,en,watermelon
255,241,0,en,yelow
255,172,0,en,orange
112,0,255,en,ultramarine blue
255,4,0,en,bright red
255,193,0,en,yellow ochre
255,0,255,en,pink
255,0,240,en,magenta?
28,255,0,en,yellow green
255,0,48,en,orange red
255,0,86,en,red
255,0,123,en,pink red
255,0,154,en,magenta
255,136,0,en,burnt orange
255,247,0,en,yellow
91,255,0,en,bright yellow green
172,255,0,en,yellow green
226,255,0,en,light yellow green
169,0,255,en,purple
255,0,71,en,red
255,93,0,en,red orange
255,0,203,en,magenta
255,250,0,en,yellow
255,124,0,en,orange
255,0,223,en,pink
140,255,0,en,green
211,255,0,en,yellow green
255,41,0,en,red
255,0,118,en,rose
255,0,151,en,magenta
243,0,255,en,purple
255,0,55,en,red
255,119,0,en,orange
174,0,255,en,purple
94,0,255,en,purple
255,231,0,en,yellow
255,0,9,en,red
255,0,183,en,pink
97,255,0,en,green
255,153,0,en,orange
255,0,104,en,pink
255,192,0,en,orange
255,0,54,en,red
139,0,255,en,purple
189,255,0,en,lime
255,0,173,en,magenta
255,0,97,en,red
255,245,0,en,yellow
255,0,0,en,red
255,234,0,en,yellow
110,255,0,en,lime
191,0,255,en,purple
255,0,129,en,red
255,0,195,en,magenta
243,0,255,en,fuschia
255,0,229,en,magenta
255,148,0,en,orange
255,200,0,en,gold
169,255,0,en,lime
255,155,0,en,orange
255,0,17,en,red
255,99,0,en,orange
255,0,222,en,fuschia
255,165,0,en,orange
203,255,0,en,lime green
140,0,255,en,purple
255,247,0,en,yellow
255,0,143,en,pink
255,0,248,en,orchid
255,0,140,en,pink
255,230,0,en,yellow
255,0,206,en,pink
101,255,0,en,green
255,0,62,en,red
255,142,0,en,orange
255,102,0,en,dark orange
255,105,0,en,red orange
148,0,255,en,violet
255,0,143,en,magenta
125,255,0,en,lime green
255,148,0,en,orange
255,250,0,en,bright yellow
255,169,0,en,amber
255,0,146,en,fuschia
163,255,0,en,lime green
255,0,97,en,carmine
255,0,218,en,pink
255,0,254,en,orchid
255,0,50,en,crimson
255,0,45,en,cherry
255,203,0,en,honey
189,0,255,en,violet
255,78,0,en,pumpkin
194,255,0,en,lime green
255,217,0,en,canary
255,164,0,en,gold
255,0,32,en,red
255,0,126,en,fushia
255,0,96,en,magenta
183,0,255,en,violet
255,224,0,en,yellow
255,48,0,en,orange
255,0,205,en,fushia
255,189,0,en,gold
198,255,0,en,yellow green
255,0,65,en,dark pink
134,255,0,en,light green
255,0,230,en,fushia
255,133,0,en,orange
255,0,151,en,fushia
255,255,0,en,yellow
144,0,255,en,purple
255,0,247,en,mauve
255,103,0,en,orange
110,255,0,en,yellow green
255,0,92,en,red
50,0,255,en,blue
86,255,0,en,green
255,253,0,en,yellow
255,0,11,en,red
255,191,0,en,orange
176,0,255,en,purple
255,0,214,en,pink
255,0,199,en,pink
255,119,0,en,orange
223,0,255,en,purple
255,0,130,en,red
255,0,70,en,red
255,61,0,en,red
255,0,153,en,red
255,233,0,en,yellow
157,0,255,en,blue purple
212,255,0,en,yellow green
176,255,0,en,green
255,181,0,en,orange
255,134,0,en,orange
113,0,255,en,blue
255,201,0,en,gold
200,255,0,en,yellow green
255,166,0,en,orange
255,0,51,en,red
255,117,0,en,orange
255,55,0,en,red orange
236,0,255,en,violet
255,0,144,en,pink
81,255,0,en,yellow green
255,123,0,en,orange
18,0,255,en,blue
255,234,0,en,yellow
255,0,95,en,red
255,0,9,en,red orange
255,0,120,en,red
253,255,0,en,yellow
158,255,0,en,yellow green
255,0,241,en,violet
255,0,180,en,violet
191,0,255,en,purple
255,117,0,en,orange
60,0,255,en,blue
255,0,192,en,pink
234,255,0,en,yellow
188,255,0,en,green
113,255,0,en,green
255,231,0,en,chrome yellow
255,0,72,en,bright red
255,65,0,en,orange
255,0,223,en,pink
255,208,0,en,yellow
255,181,0,en,chrome yellow
255,0,142,en,dark pink
255,0,145,en,pink
255,0,28,en,red
255,124,0,en,orange
139,0,255,en,violet
158,255,0,en,light green
230,0,255,en,pink
173,0,255,en,purple
255,0,61,en,red
255,166,0,en,ochre
120,255,0,en,lime
192,0,255,en,violet
255,208,0,en,yellow
255,0,219,en,magenta
255,189,0,en,orange
103,255,0,en,yellow green
89,0,255,en,purple
255,0,163,en,hot pink
255,130,0,en,orange
215,0,255,en,purple
255,0,241,en,magenta
255,177,0,en,orange yellow
255,52,0,en,scarlet
255,0,89,en,hot pink
255,0,188,en,magenta
208,255,0,en,chartruese
140,255,0,en,lime
255,0,141,en,magenta
255,226,0,en,yellow
255,91,0,en,orange
255,0,38,en,red
255,246,0,en,yellow
255,0,66,en,red
159,0,255,en,purple
255,0,255,en,magenta
255,0,101,en,red
255,0,168,en,pink
125,0,255,en,purple
210,255,0,en,green
255,183,0,en,orange
95,255,0,en,green
239,255,0,en,yellow
255,0,18,en,red
255,216,0,en,yellow
255,0,55,en,red
255,138,0,en,orange
255,160,0,en,orange
255,32,0,en,red
255,0,237,en,pink
255,0,254,en,pink
167,255,0,en,green
255,0,113,en,red
164,0,255,en,purple
255,0,198,en,pink
255,84,0,en,orange
255,0,164,en,magenta
255,116,0,en,pumpkin orange
255,171,0,en,orange
244,255,0,en,yellow
59,255,0,en,neon green
255,73,0,en,red orange
255,149,0,en,tan
255,0,60,en,red
94,0,255,en,purple
255,126,0,en,orange
255,0,157,en,pink
255,165,0,en,yellow
255,0,194,en,hot pink
179,0,255,en,purple
255,219,0,en,yellow
255,0,26,en,red
255,108,0,en,orange
238,255,0,en,yelloe
223,255,0,en,yellow
255,183,0,en,yellow orange
255,0,136,en,hot pink
84,255,0,en,yellow green
184,255,0,en,lime green
255,80,0,en,orange
255,0,85,en,pink
239,0,255,en,purple
255,0,218,en,purple
255,0,228,en,pink
255,182,0,en,yellow
181,0,255,en,purple
255,0,135,en,magenta
255,122,0,en,orange
255,0,59,en,red
255,201,0,en,yellow
255,0,193,en,pink
218,255,0,en,highlighter yellow
52,0,255,en,navy blue
255,0,154,en,pink
255,0,86,en,red
134,0,255,en,purple
255,72,0,en,red/orange
147,255,0,en,lime green
255,93,0,en,orange
252,255,0,en,highlighter yellow
255,228,0,en,yellow
93,255,0,en,green
255,0,255,en,pink
255,0,23,en,red
71,255,0,en,green
227,0,255,en,purple
255,86,0,en,scarlet
143,255,0,en,yellow green
255,124,0,en,orange
255,0,137,en,pink
255,38,0,en,red
255,0,38,en,red
140,0,255,en,vilet
255,67,0,en,orange
255,0,254,en,purple
255,249,0,en,yellow
255,0,80,en,red
255,0,219,en,purple
97,255,0,en,green
219,0,255,en,violet purple
188,255,0,en,yellow green
142,255,0,en,light green
255,0,186,en,pink violet
146,0,255,en,purple
255,0,138,en,pink
255,219,0,en,yellow
255,0,59,en,magenta
255,161,0,en,orange
255,186,0,en,yellow orange
156,0,255,en,purple
131,255,0,en,neon green
232,0,255,en,purplish pink
74,0,255,en,purple
255,216,0,en,yellow
141,255,0,en,light green
255,0,240,en,pink
255,0,87,en,red
255,0,188,en,neon pink
255,37,0,en,red
255,212,0,en,mustard yellow
255,243,0,en,neon yellow
255,82,0,en,orange
192,255,0,en,lime green
202,0,255,en,violet purple
121,255,0,en,neon green
255,0,219,en,pinkish purple
69,0,255,en,blue
255,101,0,en,orange
255,0,45,en,red
255,133,0,en,light orange
255,0,228,en,pink
255,0,171,en,hot pink
134,0,255,en,purple
255,0,113,en,megenta
255,0,83,en,salman
128,255,0,en,green
174,0,255,en,purple
255,0,97,en,pink
255,104,0,en,orange
255,195,0,en,yellow
255,181,0,en,yellow
255,0,166,en,pink
104,255,0,en,yellow
229,0,255,en,light purple
255,0,129,en,pink
255,0,57,en,hot pink
179,0,255,en,purple
202,255,0,en,green
255,151,0,en,orange
106,255,0,en,green
214,255,0,en,green yellow
255,107,0,en,red orange
207,0,255,en,purple
255,246,0,en,yellow
88,0,255,en,dark purple
145,255,0,en,light green
255,0,45,en,red
255,0,138,en,pink
255,41,0,en,red
255,0,86,en,dark pink
255,199,0,en,yellow
255,236,0,en,yellow
255,0,150,en,pink
197,255,0,en,lime green
255,0,188,en,light violet
255,246,0,en,yellow
255,0,62,en,light purple
255,0,108,en,pink
220,255,0,en,dandelion
205,0,255,en,purple
255,0,28,en,red
255,0,177,en,magenta
35,255,0,en,lime green
255,0,226,en,fuchsia
255,0,163,en,fuchsia
255,245,0,en,yellow
69,0,255,en,navy blue
211,0,255,en,purple
255,193,0,en,orange
255,0,246,en,pink
255,165,0,en,orange
255,0,214,en,pink
255,177,0,en,orange
184,255,0,en,green
255,99,0,en,orange
90,255,0,en,green
255,0,126,en,pink
255,42,0,en,red
38,255,0,en,green
255,0,155,en,pink
255,137,0,en,orange
255,0,237,en,pink
255,203,0,en,green
255,0,107,en,pink
255,177,0,en,yellow orange
255,0,44,en,greenish purple
255,0,178,en,pink
255,0,74,en,fire red
255,0,175,en,pink
172,255,0,en,lime green
255,197,0,en,yellow
255,136,0,en,orang
255,95,0,en,reddish orange
255,0,68,en,slightly pinkish red
127,0,255,en,purple
255,0,41,en,red
255,164,0,en,orangish yellow
158,255,0,en,green
221,255,0,en,yellow
255,0,206,en,purple
255,0,113,en,pink
255,229,0,en,yellow
255,138,0,en,organ
255,191,0,en,orange
255,0,169,en,pink
53,0,255,en,blue
255,168,0,en,orange
255,0,178,en,villiot
255,0,255,en,purple
255,0,97,en,hot pink
219,0,255,en,violet purple
255,0,15,en,red
255,203,0,en,yellow orange
255,0,64,en,red orange
255,0,227,en,violet
255,174,0,en,orange
255,208,0,en,light yello
184,255,0,en,puke green
255,0,254,en,pink
255,0,198,en,hot pink
255,216,0,en,yello
203,255,0,en,mustard
255,22,0,en,red
190,0,255,en,purple
255,0,241,en,pink
255,255,0,en,yellow
255,0,201,en,pink
188,0,255,en,purple
255,0,255,en,pink
255,136,0,en,orange
14,255,0,en,yellow
255,93,0,en,orange
60,0,255,en,dark purple
255,11,0,en,firey purple
101,0,255,en,purple
135,255,0,en,baby poop yellow
255,249,0,en,lime green
255,216,0,en,green
255,6,0,en,red
40,0,255,en,blue
255,0,139,en,light purple
204,0,255,en,light violet
133,0,255,en,violet
255,182,0,en,tam
255,0,231,en,light violet
255,92,0,en,tan
255,118,0,en,orange
255,0,80,en,red pink
248,0,255,en,mageta
196,0,255,en,purple
255,0,169,en,hot pink
255,216,0,en,yellow
141,255,0,en,green
255,0,27,en,red
255,0,190,en,hot pink
146,0,255,en,purple
189,255,0,en,green
255,222,0,en,yellow
255,138,0,en,orange
255,0,57,en,pink
255,110,0,en,orange
67,255,0,en,green
255,0,186,en,pink
255,148,0,en,orange
255,254,0,en,yellow
36,255,0,en,green
145,0,255,en,purple
219,0,255,en,purple
255,197,0,en,orange
255,0,80,en,pink
213,0,255,en,purple
255,0,159,en,pink
230,255,0,en,yellow
255,228,0,en,mustard yellow
255,0,110,en,dark pink
255,0,143,en,hot pink
255,0,35,en,neon red
233,0,255,en,purple
255,151,0,en,sun orange
122,0,255,en,dark violet
255,154,0,en,orange
255,0,157,en,hot pink
185,255,0,en,light green
92,0,255,en,purple
255,70,0,en,orange
255,0,132,en,pink
255,232,0,en,yellow
255,0,188,en,puple pink
255,0,31,en,red
170,255,0,en,light green
255,149,0,en,tam
255,0,253,en,light violet
255,166,0,en,tam
255,0,104,en,light purple
255,0,154,en,light purple
58,255,0,en,lime green
255,228,0,en,yellow
255,172,0,en,orange
246,255,0,en,yello
113,255,0,en,puke green
255,0,80,en,magenta
255,151,0,en,orange
255,0,125,en,hot pink
27,255,0,en,green
143,0,255,en,purple
255,173,0,en,orange
44,255,0,en,green
255,145,0,en,orange
152,255,0,en,light green
255,0,115,en,pink
255,212,0,en,yellow
255,0,63,en,red
255,102,0,en,dark orange
186,255,0,en,green yellow
255,0,85,en,violet red
255,0,240,en,light purple
255,12,0,en,red
255,201,0,en,orange
248,255,0,en,yellow
255,0,224,en,purple
255,0,252,en,purple
83,255,0,en,green
255,30,0,en,orange
255,0,62,en,pink
255,230,0,en,yellow
255,0,5,en,red
255,0,121,en,pink
255,105,0,en,orange
255,63,0,en,red
118,255,0,en,light green
255,248,0,en,yellow
142,0,255,en,light purple
166,0,255,en,purple
255,0,169,en,pink
206,255,0,en,yellow
255,209,0,en,yellow
234,255,0,en,yellow
255,178,0,en,yellow
140,255,0,en,green
255,131,0,en,orange
255,140,0,en,orange
255,236,0,en,yellow
255,190,0,en,burnt yellow
255,0,238,en,fuscia
247,0,255,en,purple
255,0,112,en,hot pink
255,81,0,en,burnt orange
255,0,11,en,red
255,0,82,en,pink
255,0,75,en,hot pink
255,243,0,en,yellow
255,100,0,en,orange
255,169,0,en,yellow
169,0,255,en,purple
255,103,0,en,orang
255,226,0,en,yellow
255,200,0,en,gold
151,255,0,en,lime green
255,0,98,en,fuschsia
255,0,71,en,red
255,51,0,en,tomato red
255,0,142,en,magenta
159,0,255,en,purple
255,0,225,en,fuschia
255,0,163,en,hot pink
28,255,0,en,bright green
43,0,255,en,navy blue
198,0,255,en,purple
219,255,0,en,lime green
255,0,203,en,fuschia
252,255,0,en,yellow
255,0,20,en,red
236,0,255,en,purple
255,157,0,en,orange
77,255,0,en,green
255,137,0,en,orange
249,255,0,en,yellow
255,181,0,en,orange
255,0,185,en,purple
255,0,63,en,red
255,148,0,en,dark orange
255,0,110,en,pink
152,255,0,en,green
255,0,25,en,dark red
255,0,39,en,red
134,255,0,en,green
255,67,0,en,orange
255,161,0,en,yellow
6,0,255,en,blue
255,0,255,en,purple
255,191,0,en,yellow
255,0,189,en,pink
227,255,0,en,yellow
151,0,255,en,purple
255,0,77,en,red
255,126,0,en,orange
255,224,0,en,yellow
255,0,220,en,pink
190,0,255,en,purple
255,0,98,en,red
255,0,136,en,pink
108,255,0,en,green
255,107,0,en,orange
255,0,159,en,pink
255,251,0,en,yellow
135,255,0,en,light green
255,199,0,en,yellow
255,0,52,en,red
79,0,255,en,indigo
255,66,0,en,red orange
255,115,0,en,orange
255,0,92,en,pink
204,255,0,en,yellow green
255,0,254,en,magenta
255,0,37,en,red
255,63,0,en,orange red
255,232,0,en,yellow
255,0,78,en,light red
255,0,163,en,magenta
203,0,255,en,purple
230,255,0,en,yellow
255,0,180,en,pink
255,76,0,en,red orange
255,0,52,en,red
255,160,0,en,orange
104,255,0,en,neon green
255,213,0,en,yellow
251,0,255,en,purple
255,202,0,en,yellow orange
161,255,0,en,green
100,0,255,en,indigo
255,0,117,en,pimk
172,0,255,en,purple
255,212,0,en,yellow
177,0,255,en,purple
67,255,0,en,light green
255,0,134,en,pink
145,0,255,en,purple
255,155,0,en,orange
255,0,151,en,pink
255,152,0,en,orange
198,255,0,en,green
254,0,255,en,purple
255,252,0,en,yellow
255,0,63,en,red
126,255,0,en,green
255,138,0,en,orange
255,0,180,en,pink
255,0,222,en,pink
255,0,130,en,pink
163,255,0,en,yellow green
184,0,255,en,purple
255,0,160,en,pink
255,0,21,en,red
126,0,255,en,violet
255,0,194,en,pink
255,150,0,en,orange
255,0,61,en,red
250,255,0,en,yellow
255,0,86,en,reddish pink
167,255,0,en,lime
255,0,142,en,dark pink
248,255,0,en,neon yellow
255,0,41,en,red
255,228,0,en,yellow
255,0,206,en,pink
255,0,242,en,magenta
255,130,0,en,orange
255,0,57,en,red
255,246,0,en,yellow
255,194,0,en,orange
255,0,238,en,magenta
255,218,0,en,yellow
255,164,0,en,orange
255,0,175,en,magenta
255,0,103,en,pink
255,146,0,en,orange
255,0,22,en,red
238,255,0,en,yellow
174,0,255,en,purple
255,0,219,en,pink
255,180,0,en,orange
150,255,0,en,green
4,0,255,en,blue
255,167,0,en,orange
255,224,0,en,yellow
255,0,207,en,magenta
255,87,0,en,red orange
255,0,156,en,neon pink
255,0,251,en,purple
255,0,67,en,red
195,255,0,en,green
255,253,0,en,yellow
255,72,0,en,red
255,157,0,en,orange
255,253,0,en,yellow
255,0,81,en,red
255,101,0,en,orange
255,121,0,en,orange
255,0,101,en,red
255,196,0,en,yellow
255,0,181,en,pink
255,0,172,en,pink
142,0,255,en,purple
255,221,0,en,yellow
255,0,36,en,red
143,0,255,en,purple
255,175,0,en,orange
255,0,93,en,red
155,255,0,en,green
240,0,255,en,purple
255,0,216,en,pink
255,0,89,en,geranium
184,0,255,en,purple
255,158,0,en,yellow orange
255,0,194,en,hot pink
62,255,0,en,neon green
255,110,0,en,dark orange
255,1,0,en,red
255,0,91,en,pink
215,0,255,en,purple
255,0,164,en,hot pink
255,0,218,en,fushia
255,153,0,en,orange
255,194,0,en,yellow orange
255,0,188,en,hot pink
255,0,78,en,red
255,144,0,en,orange
53,255,0,en,neon green
255,0,68,en,red
227,0,255,en,light purple
137,255,0,en,like get green
255,163,0,en,orange
255,0,33,en,red
233,0,255,en,purple
255,214,0,en,yellow
255,120,0,en,dark orange
148,255,0,en,light green
255,0,61,en,red
255,0,240,en,magenta
165,0,255,en,purple
255,123,0,en,orange
255,0,57,en,red
255,184,0,en,orange
255,0,253,en,purple
248,255,0,en,yellow
142,255,0,en,green
227,255,0,en,yellow green
255,0,142,en,pink
255,237,0,en,yellow
255,39,0,en,red
255,102,0,en,orange
82,0,255,en,dark blue
152,0,255,en,purple
255,247,0,en,yellow
255,0,216,en,magenta
255,0,75,en,pink red
255,82,0,en,rusty orange
255,0,227,en,magenta
255,0,132,en,hot pink
255,155,0,en,yellow orange
255,189,0,en,yellow
255,0,147,en,hot pink
216,255,0,en,yellow neon
59,0,255,en,dark blue
255,0,174,en,hot pink
238,255,0,en,yellow
95,0,255,en,dark purple
255,189,0,en,yellow orange
255,0,129,en,geranium
189,255,0,en,green yellow
255,0,117,en,magenta
255,64,0,en,reddish orange
255,86,0,en,dark orange
255,254,0,en,yellow
255,0,225,en,purple
170,0,255,en,purple
255,0,88,en,red
255,147,0,en,orange
255,0,162,en,magenta
237,255,0,en,yellow
229,0,255,en,purple
95,255,0,en,lime green
255,0,141,en,hot pink
255,0,249,en,neon pink
128,0,255,en,neon purple
255,0,207,en,pink
186,255,0,en,neon yellow
255,0,94,en,dark pink
255,49,0,en,red orange
255,214,0,en,yellow
128,255,0,en,light green
255,208,0,en,dark yellow
255,91,0,en,orange
167,255,0,en,neon yellow
255,0,64,en,red
66,255,0,en,lime
255,0,83,en,crimson
176,255,0,en,green yellow
236,255,0,en,yellow
255,0,208,en,fuchsia
84,0,255,en,purple
255,180,0,en,orange
255,74,0,en,dark orange
255,0,157,en,deep pink
255,199,0,en,lighter orange
255,0,237,en,magenta
219,0,255,en,violet
255,0,48,en,red
255,222,0,en,yellow orange
226,255,0,en,yellow green
255,0,73,en,reddy pink
118,0,255,en,purple
166,0,255,en,dark violet
255,0,137,en,magenta
255,111,0,en,dark orange
255,132,0,en,orange
255,170,0,en,yellowed orange
246,0,255,en,pinkish purple
255,110,0,en,orange
255,0,170,en,magenta
255,0,53,en,scarlet
121,0,255,en,imperial violet
255,0,81,en,scarlet
255,0,127,en,magenta
234,255,0,en,yellow
255,227,0,en,canary yellow
255,0,214,en,deep pink
179,255,0,en,puke green
255,0,229,en,bright pinl
255,47,0,en,red orange
255,0,65,en,red
255,130,0,en,orange
255,0,130,en,fushia
255,0,192,en,pink
191,255,0,en,yellow
255,0,98,en,pink
255,167,0,en,orange
151,255,0,en,green
120,0,255,en,purple
100,255,0,en,green
255,116,0,en,orange
255,217,0,en,yellow
255,212,0,en,yellow orange
255,255,0,en,bright yellow
255,0,254,en,purple
255,0,22,en,red
203,0,255,en,purple
255,0,143,en,pink
160,0,255,en,purple
255,0,108,en,hot pink
255,178,0,en,gold
255,218,0,en,yellow
255,0,172,en,pink
209,0,255,en,magenta
71,255,0,en,green
255,189,0,en,gold
202,255,0,en,yellow green
255,0,135,en,magenta
255,0,62,en,red
255,24,0,en,red
255,135,0,en,orange
29,0,255,en,royal blue
255,0,253,en,pink
249,255,0,en,yellow
255,0,45,en,red
255,0,191,en,hot pink
255,91,0,en,orange
255,0,240,en,pink
171,255,0,en,yellow green
255,0,241,en,magenta
255,170,0,en,orange
255,0,116,en,ruby red
184,0,255,en,purple
255,0,166,en,pink
241,255,0,en,yellow
255,147,0,en,orange
255,215,0,en,lemon yellow
255,107,0,en,tangerine
255,197,0,en,yellow
255,0,200,en,magenta
255,0,108,en,ruby red
207,255,0,en,highlighter yellow
255,46,0,en,blood orange
154,255,0,en,chartreuse
55,255,0,en,green
255,0,63,en,red
139,0,255,en,purple
51,0,255,en,royal blue
249,0,255,en,magenta
255,0,34,en,scarlet
194,0,255,en,fuchsia
255,0,83,en,rose
255,224,0,en,gold
151,255,0,en,lime
255,147,0,en,orange
255,0,115,en,cerise
255,165,0,en,pumpkin
243,255,0,en,sunflower
255,85,0,en,sienna
255,0,223,en,hot pink
245,0,255,en,fuchsia
255,0,170,en,cerise
255,187,0,en,gold
255,0,72,en,rose
73,0,255,en,cobalt
255,74,0,en,rust
255,0,45,en,red
255,0,185,en,pink
117,255,0,en,lime
201,255,0,en,lemongrass
135,0,255,en,purple
255,171,0,en,burnt orange
188,255,0,en,lime
255,0,96,en,rose
255,187,0,en,gold
255,141,0,en,ochre
255,106,0,en,orange
250,255,0,en,yellow
174,0,255,en,indigo
55,0,255,en,royal blue
44,255,0,en,neon green
255,0,131,en,rose
255,0,69,en,red
255,0,167,en,pink
255,66,0,en,red
255,0,37,en,red
255,0,234,en,violet
237,0,255,en,lavender
144,255,0,en,lime green
255,216,0,en,gold
255,0,202,en,pink
150,0,255,en,purple
255,0,102,en,magenta
214,255,0,en,yellow
235,0,255,en,violet
255,0,174,en,pink
167,255,0,en,chartruse
255,112,0,en,oorange
209,0,255,en,violet
255,0,205,en,red violet
255,0,26,en,red
255,209,0,en,sunflower
255,120,0,en,orange
255,0,115,en,magenta
255,233,0,en,yellow
96,0,255,en,indigo
255,25,0,en,red orange
255,0,225,en,red violet
235,255,0,en,yellow
255,0,54,en,magenta
255,179,0,en,yellow orange
129,255,0,en,yellow green
255,0,251,en,purple
152,255,0,en,green
255,0,174,en,pink
255,0,219,en,purple
36,255,0,en,green
255,0,128,en,pink
255,72,0,en,red
54,255,0,en,green
208,255,0,en,green
255,133,0,en,orange
255,159,0,en,orange
255,239,0,en,yellow
250,255,0,en,yellow
117,0,255,en,purple
211,0,255,en,purple
255,0,81,en,red
255,0,59,en,red
255,101,0,en,orange
255,0,180,en,pink
255,0,35,en,red
255,185,0,en,orange
71,0,255,en,blue
207,0,255,en,purple
255,0,99,en,pink red
255,0,168,en,pink
255,170,0,en,orange
255,0,54,en,red
113,255,0,en,green
255,0,177,en,pink
239,0,255,en,purple
141,255,0,en,green
255,226,0,en,yellow orange
252,255,0,en,yellow
255,0,244,en,pink
141,0,255,en,purple
255,130,0,en,orange
255,76,0,en,orange red
255,95,0,en,orange
255,209,0,en,yellow orange
255,0,137,en,pink
217,255,0,en,yellow green
255,0,39,en,red
255,233,0,en,yellow
255,0,85,en,pinkish red
255,0,225,en,magenta
125,255,0,en,yellow green
149,255,0,en,brighter yellow green
255,186,0,en,reddish yllow
255,0,55,en,red
255,0,9,en,red
255,160,0,en,orangish yellow
255,0,177,en,magenta
86,0,255,en,bluish violet
202,0,255,en,bright reddish violet
161,0,255,en,reddish violet
255,18,0,en,red
255,89,0,en,reddish orange
255,0,145,en,yellowish magenta
255,0,117,en,reddish magenta
255,250,0,en,reddish yellow
226,255,0,en,bluish yellow
255,127,0,en,orange
255,0,251,en,bluish magenta
255,0,178,en,hot pink
255,0,22,en,red
255,0,69,en,bright red
255,131,0,en,orange
148,0,255,en,purple
255,0,159,en,magenta
255,235,0,en,yellow
255,0,54,en,red
255,0,193,en,magenta
255,70,0,en,fire orange
53,0,255,en,purple
255,132,0,en,orange
242,255,0,en,yellow
230,255,0,en,yellow
255,0,44,en,red
255,0,155,en,red
111,255,0,en,green
255,187,0,en,dandelion
250,0,255,en,magenta
255,86,0,en,red
234,255,0,en,yellow
166,0,255,en,purple
255,0,245,en,magenta
255,0,115,en,hot pink
102,255,0,en,neon green
199,255,0,en,lime green
255,152,0,en,orange
255,173,0,en,orange
255,98,0,en,orange
255,206,0,en,yellow
255,0,85,en,red
255,0,222,en,purple
167,255,0,en,green
234,0,255,en,purple
172,0,255,en,purple
255,0,140,en,red
160,0,255,en,purple
255,232,0,en,yellow
151,255,0,en,green
255,50,0,en,red
255,0,110,en,magenta
255,0,183,en,magenta
159,255,0,en,lime green
255,0,240,en,hot pink
255,0,104,en,pink
223,0,255,en,purple
99,255,0,en,green
145,0,255,en,violet
206,0,255,en,purple
255,244,0,en,yellow
255,0,221,en,magenta
160,0,255,en,purple
186,255,0,en,lime
255,197,0,en,orange
127,255,0,en,lime green
255,0,244,en,fusia
255,0,37,en,red
206,0,255,en,fusia
242,255,0,en,yellow
145,255,0,en,green yellow
223,0,255,en,fusia
97,255,0,en,lime green
164,255,0,en,yellow green
226,255,0,en,yellow
255,0,223,en,fusia
255,0,125,en,pink
217,0,255,en,purple
255,0,53,en,red
255,201,0,en,yellow
255,182,0,en,yellow orange
255,227,0,en,yellow
255,82,0,en,red orange
255,0,166,en,magenta
255,136,0,en,macaroni
223,0,255,en,purple
255,227,0,en,yellow
255,94,0,en,orange
255,81,0,en,orange
255,0,55,en,red
255,134,0,en,orange
255,0,159,en,magenta
255,154,0,en,orange
255,0,105,en,fusia
238,255,0,en,yellow
255,146,0,en,orange
255,0,116,en,maroon
255,0,43,en,red
255,156,0,en,orange
222,255,0,en,yellow
255,202,0,en,yellow orange
233,255,0,en,sunshine
255,0,78,en,magenta
255,56,0,en,orange
255,0,180,en,magenta
255,0,89,en,red
209,0,255,en,purple
255,0,113,en,red
255,0,25,en,red
122,255,0,en,green
160,255,0,en,green
76,0,255,en,cobalt
255,0,246,en,fusia
255,66,0,en,orange
255,0,31,en,ews
255,0,144,en,pink
255,98,0,en,orange
137,0,255,en,purple
255,0,177,en,pink
255,228,0,en,yellow
255,197,0,en,marigold
196,0,255,en,purple
255,0,78,en,red
255,0,250,en,pink
255,101,0,en,orange
255,0,221,en,pink
255,0,133,en,fuschia
255,216,0,en,orange
255,0,196,en,pink
238,0,255,en,violet
116,255,0,en,green
255,0,114,en,magenta
255,0,51,en,red
255,0,35,en,red
255,227,0,en,yellow
55,0,255,en,blue
255,79,0,en,red orange
195,255,0,en,chartreuse
255,0,194,en,magenta
255,153,0,en,orange
178,255,0,en,chartreuse
255,0,163,en,bright pink
111,0,255,en,purple
255,0,175,en,magenta
255,0,103,en,red
178,255,0,en,green
255,80,0,en,orange
255,200,0,en,yellow
255,179,0,en,orange
218,255,0,en,neon
255,137,0,en,orange
192,0,255,en,purple
255,0,104,en,fuschia
255,0,8,en,red
54,255,0,en,lime green
255,128,0,en,orange
240,255,0,en,yellow
255,0,159,en,hot pink
255,0,251,en,fuschia
255,0,187,en,magenta
97,0,255,en,indigo
255,0,93,en,red
233,255,0,en,yellow
255,0,60,en,red
255,182,0,en,marigold
72,0,255,en,navy
255,150,0,en,orange
192,0,255,en,violet
255,0,34,en,red
255,236,0,en,yellow
255,96,0,en,red orange
255,0,232,en,hot pink
99,255,0,en,lime green
255,0,141,en,hot pink
184,255,0,en,chartreuse
255,195,0,en,marigold
255,65,0,en,red
207,255,0,en,yellow
255,206,0,en,yellow
255,36,0,en,red
255,0,179,en,magenta
255,0,59,en,red
255,0,138,en,pink
255,222,0,en,yellow
35,0,255,en,blue
255,0,147,en,magenta
119,0,255,en,violet
255,249,0,en,yellow
163,255,0,en,green
172,0,255,en,purple
255,0,26,en,red
255,0,87,en,red
255,125,0,en,orange
255,167,0,en,orange
255,0,210,en,magenta
255,87,0,en,orange
199,255,0,en,lime
129,255,0,en,green
223,0,255,en,purple
255,0,94,en,fusia pink
224,0,255,en,lavendar purple
255,0,49,en,hot pink
255,0,167,en,pink
255,176,0,en,sunset yellow
117,0,255,en,purple
255,250,0,en,yellow
182,0,255,en,purple
255,0,11,en,red
55,255,0,en,green
255,0,212,en,pink
255,121,0,en,orange
255,0,205,en,pink
159,255,0,en,lime green
255,197,0,en,yellow
255,0,140,en,pink
255,213,0,en,yellow
255,105,0,en,orange
203,255,0,en,lime green
255,73,0,en,orange
255,0,253,en,pink
178,255,0,en,green
255,0,37,en,red
255,194,0,en,orange
255,57,0,en,orange
74,255,0,en,green
255,125,0,en,orange
177,0,255,en,purple
255,233,0,en,yellow
255,178,0,en,orange
216,255,0,en,yellow
115,0,255,en,purple
255,0,105,en,pink
255,0,115,en,pink
255,93,0,en,orange
255,0,79,en,pink
255,0,236,en,purple
255,0,166,en,pink
255,0,199,en,pink
255,247,0,en,yellow
255,0,170,en,hot pink
255,69,0,en,orange
255,0,66,en,dark pink
255,167,0,en,tangerine
255,0,39,en,red
255,0,124,en,magenta
255,0,103,en,pink
119,0,255,en,indigo
255,81,0,en,dark orange
196,255,0,en,green yellow
230,0,255,en,purple
43,0,255,en,royal blue
234,255,0,en,yellow
255,129,0,en,orange
255,0,246,en,neon purple
159,255,0,en,lime green
255,234,0,en,yellow
255,0,200,en,magenta
193,0,255,en,purple
255,192,0,en,yellow orange
114,255,0,en,light green
137,0,255,en,purple
255,196,0,en,gold
255,0,7,en,red
33,0,255,en,blue
44,255,0,en,green
220,255,0,en,yellow
255,176,0,en,gold
255,0,252,en,violet
255,0,208,en,violet
255,229,0,en,yellow
255,0,122,en,pink
181,255,0,en,green
236,255,0,en,yellow
255,0,159,en,purple
255,131,0,en,gold
255,52,0,en,red
186,0,255,en,purple
255,0,234,en,violet
255,108,0,en,orange
255,0,72,en,pink
255,0,105,en,pink
255,0,96,en,pink
255,0,76,en,hot pink
255,0,214,en,magenta
136,255,0,en,lime
16,255,0,en,neon green
226,0,255,en,violent
255,0,4,en,red
255,155,0,en,tangerine
166,0,255,en,purple
255,0,182,en,fuschia
159,0,255,en,violet
255,0,155,en,magenta
255,143,0,en,papaya
255,0,78,en,red
255,155,0,en,orange
255,0,126,en,purplish red
215,255,0,en,greenish yellow
255,0,192,en,magenta
255,212,0,en,mustard
210,0,255,en,purple
255,238,0,en,yellow
155,255,0,en,light green
255,248,0,en,yellow
255,121,0,en,orange
255,0,5,en,red
255,0,157,en,magenta
255,0,227,en,pink
255,48,0,en,brick red
251,0,255,en,magenta
139,0,255,en,purple
255,0,92,en,brick red
112,255,0,en,lime green
255,86,0,en,orange
255,186,0,en,mustard
255,0,103,en,fuschia
255,0,215,en,pink purple
255,129,0,en,orange
255,0,112,en,hot pink
198,255,0,en,neon yellow
167,255,0,en,lime green
26,255,0,en,bright green
255,62,0,en,burnt orange
114,255,0,en,lime green
255,166,0,en,light orange
255,100,0,en,orange
255,0,190,en,fuschia
255,0,249,en,pink purple
255,228,0,en,yellow
255,0,93,en,pink
34,0,255,en,blue
123,255,0,en,green
208,255,0,en,yellow
143,255,0,en,green
255,0,194,en,pink
255,162,0,en,orange
255,184,0,en,orange
255,0,130,en,pink
255,0,65,en,pink
198,0,255,en,purple
255,124,0,en,orange
255,0,174,en,pink
255,0,163,en,pink
53,0,255,en,royal blue
255,175,0,en,orange
161,0,255,en,indigo
255,255,0,en,yellow
255,85,0,en,red
255,0,120,en,pink
103,255,0,en,green
255,0,60,en,red
255,121,0,en,orange
255,14,0,en,red
135,255,0,en,green
255,0,97,en,pink
255,0,214,en,pink
255,0,45,en,pinkish red
255,0,99,en,pink
255,0,150,en,fushia
255,67,0,en,orange
255,0,207,en,purple
30,0,255,en,dark blue
255,230,0,en,yellow
196,0,255,en,pupple
255,0,51,en,red
255,0,33,en,red
121,255,0,en,geeen
255,0,123,en,pupple
225,0,255,en,pupple
255,91,0,en,dark orange
255,149,0,en,orange
216,255,0,en,green
255,239,0,en,yellow
255,0,159,en,hot pink
236,0,255,en,magenta
255,0,82,en,pink
146,0,255,en,purple
28,0,255,en,dark blue
187,0,255,en,violet
255,0,234,en,magenta
255,159,0,en,yellow orange
110,0,255,en,blue purple
255,85,0,en,scarlet
255,0,23,en,cherry red
255,205,0,en,tangerine
106,255,0,en,grass green
244,255,0,en,canary yellow
255,0,156,en,hot pink
229,255,0,en,yellow
231,0,255,en,violet
27,255,0,en,lime green
255,68,0,en,red orange
86,0,255,en,royal blue
255,0,112,en,fuschia
215,255,0,en,green yellow
68,255,0,en,lime green
255,243,0,en,yellow
255,56,0,en,red
255,0,236,en,light purple
255,0,141,en,pink
255,190,0,en,gold
255,95,0,en,orange
255,168,0,en,light orange
15,255,0,en,bright green
255,0,72,en,dark pink
255,0,177,en,bright pink
154,255,0,en,green
179,0,255,en,purple
255,0,110,en,pink
239,255,0,en,yellow
255,135,0,en,orange
159,0,255,en,purple
255,0,162,en,pink
255,0,8,en,red
248,0,255,en,purple
255,42,0,en,red
240,0,255,en,pink
255,104,0,en,orange
255,0,148,en,pink
255,144,0,en,green
111,0,255,en,blue
216,255,0,en,yellow
255,0,255,en,pink
255,202,0,en,yellowy orange
255,0,45,en,red
255,101,0,en,orange
20,0,255,en,blue
255,0,91,en,more redy pink
255,0,145,en,redy pink
255,75,0,en,red
255,0,237,en,dark pink
255,234,0,en,yellow
255,0,31,en,dark red
255,0,121,en,dark pink
255,208,0,en,green
255,0,75,en,red
222,255,0,en,mustard yellow
255,0,152,en,fuchsia
255,80,0,en,red orange
255,0,200,en,pink
116,255,0,en,grass green
255,0,244,en,purple
255,239,0,en,yellow
255,0,125,en,pink
255,114,0,en,orange
138,255,0,en,light green
52,0,255,en,dark blue
255,251,0,en,yellow
255,0,52,en,red
235,0,255,en,purple
255,0,18,en,red
92,0,255,en,blue purple
255,202,0,en,saffron
255,180,0,en,light orange
201,0,255,en,purple
255,133,0,en,orange
255,0,106,en,pink
255,0,103,en,magenta
255,198,0,en,goldenrod
142,0,255,en,violet
255,51,0,en,red
255,0,19,en,red
81,0,255,en,royal blue
255,0,75,en,dark hot pink
170,255,0,en,granny smith appple green
174,0,255,en,purple
81,255,0,en,spring green
255,144,0,en,orange
255,178,0,en,goldenrod
255,250,0,en,yellow
255,0,170,en,magenta
255,234,0,en,goldenrod
207,255,0,en,spring green
255,0,202,en,violet
255,0,212,en,violet
255,0,126,en,magenta
10,255,0,en,yellow green
255,0,247,en,violet
255,236,0,en,yellow
255,249,0,en,yellow
205,0,255,en,purple
255,0,182,en,pink
255,90,0,en,orange
255,20,0,en,red
217,255,0,en,green
255,205,0,en,yellow
255,0,106,en,pink
255,0,52,en,red
255,144,0,en,orange
157,255,0,en,green
255,0,241,en,purple
255,0,163,en,pink
73,0,255,en,blue
255,0,120,en,pink
255,0,29,en,red
255,0,247,en,pink
255,153,0,en,orange
145,0,255,en,purple
115,255,0,en,green
255,216,0,en,yellow
255,0,77,en,red
255,164,0,en,orange
255,196,0,en,yellow orange
156,255,0,en,lime
255,0,141,en,magenta
160,0,255,en,purple
255,0,85,en,hot pink
255,0,220,en,magenta
40,255,0,en,bright green
113,255,0,en,lime green
255,95,0,en,orange
186,255,0,en,yellow green
255,0,184,en,hot pink
255,38,0,en,red
255,244,0,en,yellow
255,0,149,en,magenta
246,0,255,en,bubblegum pink
193,0,255,en,purple
255,143,0,en,orange
255,0,46,en,red
255,0,192,en,pink
255,147,0,en,orange
255,238,0,en,yellow
240,255,0,en,pale yellow
255,0,174,en,deep pink
255,0,97,en,red pink
255,187,0,en,deep yellow
255,205,0,en,yellow
255,0,90,en,rose
243,0,255,en,violet
255,179,0,en,mustard yellow
255,0,24,en,brick red
255,0,149,en,flamingo pink
255,86,0,en,orange
255,0,116,en,pink
255,75,0,en,burnt orange
249,255,0,en,yellow
255,0,57,en,lipstick red
255,0,219,en,fuchsia
255,179,0,en,orange
236,0,255,en,purple
255,147,0,en,orange
255,0,242,en,purple
159,255,0,en,lime
255,252,0,en,yellow
255,223,0,en,yellow
191,0,255,en,purple
255,0,116,en,pink
52,0,255,en,dark ble
255,0,172,en,pink
52,255,0,en,lime
255,103,0,en,orange
145,0,255,en,purple
255,0,27,en,crimson
255,69,0,en,orange
255,0,177,en,pink
255,0,91,en,pink
255,0,53,en,red
193,255,0,en,lime
255,189,0,en,orange
255,0,83,en,hot pink
255,199,0,en,ye4llow
255,0,239,en,light purple
255,0,158,en,fuschia
123,255,0,en,neon green
255,177,0,en,dark yellow
45,0,255,en,royal blue
255,135,0,en,orange
255,0,188,en,fuschia
255,243,0,en,yellow
228,0,255,en,neon purple
255,0,117,en,hot pink
118,0,255,en,purple
255,0,11,en,red
202,0,255,en,neon purple
255,35,0,en,red orange
255,110,0,en,orange
255,0,78,en,hot pink
151,255,0,en,light green
250,255,0,en,bright yellow
229,255,0,en,green yellow
255,0,107,en,rose
255,160,0,en,yellow
216,0,255,en,fucsia
255,0,72,en,red
160,255,0,en,light green
255,0,115,en,rose
255,198,0,en,yellow
255,2,0,en,red
51,0,255,en,purple blue
248,0,255,en,fucsia
213,255,0,en,light fluo green
75,255,0,en,green
255,0,48,en,red
115,0,255,en,purple
255,237,0,en,yellow
255,0,200,en,fucsia
255,145,0,en,orange
250,255,0,en,lemon yellow
255,0,154,en,pink
255,90,0,en,dark orange
255,0,218,en,fucsia
255,0,181,en,pink
255,0,26,en,red
255,0,151,en,pink
255,95,0,en,orange
255,252,0,en,yellow
255,0,57,en,pink
225,0,255,en,magenta
255,0,177,en,hot pink
255,0,143,en,pink
255,250,0,en,yellow
255,0,153,en,pink
132,255,0,en,neon green
255,151,0,en,orange
255,207,0,en,mustard yellow
255,155,0,en,orange
255,0,97,en,fuchsia
185,0,255,en,violet
206,255,0,en,neon green
255,119,0,en,orange
255,0,80,en,red pink
172,255,0,en,neon green
255,0,242,en,fuchsia
255,70,0,en,orange
255,236,0,en,yellow
101,0,255,en,violet blue
255,0,44,en,red
87,0,255,en,navy blue
199,255,0,en,green
255,102,0,en,orange
255,0,39,en,red
255,244,0,en,yellow
255,0,100,en,pink
255,0,76,en,pink
255,192,0,en,yellow
255,0,142,en,purple
255,0,255,en,purple
255,79,0,en,orange
255,148,0,en,orange
255,227,0,en,yellow
191,0,255,en,purple
107,0,255,en,purple
173,255,0,en,green
255,170,0,en,yellow
55,0,255,en,blue
255,0,192,en,pink
255,0,173,en,pink
112,255,0,en,green
255,0,245,en,pink
255,0,221,en,hot pink
255,0,125,en,cerise
255,118,0,en,orange
228,0,255,en,magenta
4,255,0,en,green
171,0,255,en,purple
90,255,0,en,light green
160,255,0,en,yellow green
255,124,0,en,orange
255,0,151,en,pink
196,255,0,en,lime green
255,0,68,en,red
255,191,0,en,goldenrod
255,0,105,en,cerise
159,0,255,en,violet
255,164,0,en,yellow orange
255,19,0,en,red
255,0,25,en,scarlet
232,255,0,en,yellow
255,220,0,en,goldenrod
255,0,186,en,hot pink
255,126,0,en,orange
255,0,199,en,pink
255,0,230,en,pink
255,0,17,en,red
228,255,0,en,yellow
123,255,0,en,green
91,0,255,en,purple
165,255,0,en,green
255,0,172,en,pink
255,0,77,en,red
255,0,249,en,pink
255,160,0,en,orange
113,0,255,en,purple
180,0,255,en,purple
255,198,0,en,yellow
240,255,0,en,yellow
255,101,0,en,orange
255,0,92,en,pink
255,230,0,en,yellow
255,0,140,en,pink
255,80,0,en,orange
255,0,243,en,magenta
255,0,15,en,red
255,90,0,en,orange
255,0,89,en,pink
248,255,0,en,yellow
255,0,139,en,pink
138,255,0,en,green
255,24,0,en,red
255,162,0,en,orange
255,0,58,en,red
255,187,0,en,yellow
189,0,255,en,purple
255,0,159,en,magenta
93,0,255,en,purple
255,0,254,en,pink
127,255,0,en,green
255,0,201,en,magenta
255,132,0,en,orange
255,229,0,en,yellow
199,255,0,en,yellow
255,0,233,en,pink
255,0,24,en,red
255,210,0,en,orange
255,57,0,en,red
255,229,0,en,yellow
255,148,0,en,orange
70,0,255,en,blue
255,0,158,en,pink
176,255,0,en,lime green
209,255,0,en,green
102,255,0,en,green
255,0,188,en,pink
255,0,135,en,pink
255,0,50,en,red
234,0,255,en,violet
185,0,255,en,purple
244,255,0,en,yellow
255,0,108,en,pink
255,161,0,en,orange
148,0,255,en,purple
255,118,0,en,orange
251,255,0,en,yellow
255,0,31,en,red
255,84,0,en,orange
179,255,0,en,lime green
168,0,255,en,purple
255,62,0,en,red orange
255,0,127,en,rose
217,255,0,en,lime green
7,255,0,en,green
255,230,0,en,dark yellow
254,0,255,en,pink
255,166,0,en,orange
92,0,255,en,blue
83,255,0,en,lime green
255,0,96,en,red
255,0,165,en,dark pink
255,0,234,en,pink
255,196,0,en,tangarine
255,129,0,en,dark orange
255,0,177,en,dark pink
255,0,72,en,red
237,0,255,en,fuchia
255,222,0,en,yellow
130,0,255,en,purple
255,0,22,en,red
255,114,0,en,orange
255,254,0,en,yellow
35,255,0,en,sea green
255,0,163,en,pinkish purple
255,0,78,en,pinkish red
158,255,0,en,kinda green
203,255,0,en,yellow green
214,0,255,en,purple kinda
55,255,0,en,green
255,6,0,en,red
255,0,98,en,sliding ted
255,0,239,en,purples
255,136,0,en,orange
255,203,0,en,dark yellow
255,0,136,en,pink
255,169,0,en,darker orange
255,0,209,en,purples
255,0,136,en,pink
255,213,0,en,yellow
255,151,0,en,orange
123,0,255,en,purple
255,0,41,en,red
255,202,0,en,yellow
255,0,90,en,pink
59,0,255,en,dark blue
255,223,0,en,yellow
139,0,255,en,purple
255,189,0,en,dark yellow
255,126,0,en,orange
134,255,0,en,green
255,0,199,en,hot pink
255,160,0,en,light orange
191,255,0,en,lime green
255,78,0,en,red
254,255,0,en,yellow
221,0,255,en,pink
255,148,0,en,orange
182,255,0,en,green
55,0,255,en,blue
216,0,255,en,purple
208,255,0,en,lime green
255,244,0,en,yellow
255,115,0,en,orange
251,0,255,en,purple
255,44,0,en,red
255,0,190,en,pink
255,227,0,en,yellow
255,0,27,en,red
255,0,107,en,bubblegum pink
109,0,255,en,purple
255,0,170,en,pink
74,255,0,en,strong lime green
255,206,0,en,yellow
255,0,151,en,pink
255,0,106,en,pink
255,173,0,en,orange
132,255,0,en,green
255,0,60,en,pink
255,0,229,en,purple
255,174,0,en,orange
174,0,255,en,purple
255,0,239,en,pink
255,0,73,en,red
176,255,0,en,yellow
255,0,181,en,pink
83,0,255,en,blue
255,0,126,en,pink
255,0,218,en,pink
255,114,0,en,orange
208,0,255,en,purple
255,0,65,en,red
255,104,0,en,orange
255,0,126,en,pink
255,0,33,en,red
235,0,255,en,purple
255,251,0,en,yellow
210,255,0,en,green
255,77,0,en,red orange
104,255,0,en,green
255,0,170,en,pink
255,0,141,en,deep pink
255,220,0,en,gold
255,137,0,en,dark orange
255,175,0,en,orange
58,0,255,en,medium blue
255,0,75,en,crimson
255,0,109,en,deep pink
110,255,0,en,lawn green
255,0,247,en,magenta
255,208,0,en,gold
142,0,255,en,blue violet
255,239,0,en,yellow
255,0,175,en,fuchsia
255,0,34,en,poppy red
255,201,0,en,golden
107,0,255,en,blue purple
255,153,0,en,golden orange
207,0,255,en,purple
255,112,0,en,dark orange
255,125,0,en,orange
255,0,77,en,pink poppy
219,255,0,en,bright yellow green
255,63,0,en,scarlett
255,0,136,en,bright pink
150,255,0,en,mute bright green
132,255,0,en,light green
220,0,255,en,electric purple
255,0,225,en,fuchsia
255,250,0,en,yellow
255,0,192,en,pink
255,129,0,en,orange
255,0,171,en,pink
132,0,255,en,purple
255,0,80,en,red
175,255,0,en,green lemon
255,166,0,en,light orange
255,0,128,en,magenta
255,0,84,en,red
255,220,0,en,yellow
255,0,225,en,pink
255,0,39,en,dark red
251,0,255,en,pink
255,81,0,en,orange
236,255,0,en,lemon green
255,0,183,en,magenta
124,255,0,en,green
255,116,0,en,orange
214,255,0,en,lemon green
185,0,255,en,purple
85,0,255,en,dark purple
255,199,0,en,dark yellow
207,0,255,en,purple
220,255,0,en,light green
255,135,0,en,orange
255,0,116,en,hot pink
160,255,0,en,light green
255,42,0,en,red
255,220,0,en,tangerine
115,255,0,en,light green
250,255,0,en,yellow
255,0,106,en,pink
255,0,45,en,red
255,0,246,en,pink
255,0,195,en,pink
255,0,245,en,pink
255,0,79,en,red
255,203,0,en,orange
131,0,255,en,blue
255,118,0,en,orange
255,177,0,en,orange
255,0,172,en,pink
255,229,0,en,warm yellow
255,78,0,en,red orange
255,0,102,en,magenta
255,0,45,en,cherry red
255,0,240,en,bright violet
255,199,0,en,warm yellow orange
221,255,0,en,bright yellow green
178,255,0,en,lime green
255,176,0,en,orange
255,0,57,en,cherry red
131,0,255,en,purple
255,0,123,en,dark pink
255,148,0,en,orange brown
222,0,255,en,violet
189,0,255,en,blue violet
255,0,150,en,pink
255,105,0,en,orange
255,0,186,en,pink purple
235,255,0,en,highlighter yellow
128,255,0,en,acid green
194,255,0,en,neon yellow green
199,0,255,en,bright purple
42,0,255,en,vivid dark blue
255,147,0,en,tangarine
255,0,61,en,red
105,0,255,en,bright medium blue
83,255,0,en,neon green yellow
255,0,95,en,dark rose pink
255,0,251,en,medium neon purple
141,255,0,en,neon yellow green
255,0,123,en,dark pink
255,0,218,en,bright purple
255,225,0,en,dark yellow
255,64,0,en,blood orange
240,255,0,en,neon medium yellow
255,0,18,en,bright red
255,0,201,en,magenta
255,0,152,en,pink rose red
255,175,0,en,dark mustard yellow
255,198,0,en,disco yellow
255,84,0,en,orange red
255,0,120,en,fuchsia
255,82,0,en,orange
255,0,64,en,red
255,0,194,en,magenta
81,0,255,en,curulean
255,0,235,en,fuchsia
255,149,0,en,orange
206,255,0,en,lime green
221,0,255,en,purple
203,0,255,en,purple
255,0,35,en,red
110,255,0,en,lime green
247,255,0,en,yellow
255,227,0,en,marigold
144,255,0,en,lime green
255,180,0,en,gold
96,0,255,en,purple
255,68,0,en,rust
255,0,158,en,magenta
255,212,0,en,gold
255,0,85,en,hot pink
152,255,0,en,lime
178,0,255,en,violet
255,0,31,en,red
223,0,255,en,purple
255,100,0,en,orange
255,28,0,en,blood orange
104,255,0,en,green
255,0,191,en,pink
187,255,0,en,lime
255,0,149,en,pink
255,0,225,en,purple
106,0,255,en,purple
239,255,0,en,yellow
255,0,134,en,pink
255,0,96,en,pink
255,237,0,en,yello
255,185,0,en,orange
255,163,0,en,orange
255,141,0,en,orange
255,0,50,en,red
255,0,246,en,magenta
255,149,0,en,orange
197,255,0,en,yellow green
255,185,0,en,yellow orange
255,0,64,en,red
255,228,0,en,yellow
255,0,154,en,magenta
255,0,195,en,light magenta
111,255,0,en,green yellow
134,0,255,en,purple
255,0,6,en,red
255,0,242,en,violet magenta
255,35,0,en,red orange
255,0,123,en,red magenta
255,158,0,en,yellow orange
191,0,255,en,magenta
255,95,0,en,orange
240,255,0,en,light yellow
167,255,0,en,green yellow yellow
255,0,102,en,light red
255,129,0,en,orange
255,61,0,en,red
255,219,0,en,yellow
125,0,255,en,purple
255,181,0,en,tan
232,255,0,en,yellow
255,104,0,en,orange red
255,0,147,en,magenta
142,255,0,en,yellow green
173,0,255,en,violet
255,0,233,en,mangenta
255,0,87,en,red
238,0,255,en,violet
255,0,61,en,red
255,0,127,en,magenta
255,0,185,en,red violet
198,255,0,en,neon
255,209,0,en,yellow brown
132,255,0,en,green
255,0,7,en,red
255,0,157,en,pink
255,0,183,en,pink
255,37,0,en,red
255,0,110,en,coral
255,0,215,en,violet
255,111,0,en,orange
45,255,0,en,green
247,0,255,en,fusia
255,121,0,en,orange
255,246,0,en,yellow
146,0,255,en,purple
172,0,255,en,busia
71,0,255,en,violet
255,0,40,en,red
255,0,128,en,coral
38,255,0,en,green
146,255,0,en,green
255,158,0,en,orange
255,187,0,en,tan
199,255,0,en,olive
255,0,59,en,red
255,238,0,en,yellow
255,0,4,en,red
255,0,175,en,magenta
255,179,0,en,peach
255,99,0,en,orange
255,201,0,en,yellow
137,0,255,en,purple
255,225,0,en,yellow
169,0,255,en,violet
255,0,189,en,pink
255,0,116,en,reddish pink
255,68,0,en,tomato red
255,134,0,en,orange
255,0,78,en,corvette red
201,255,0,en,lime green
100,255,0,en,neon green
221,0,255,en,dark magenta
231,255,0,en,greenish yellow
255,0,232,en,magenta
255,0,97,en,pinkish red
155,255,0,en,lime green
82,255,0,en,bright green
255,136,0,en,orange
162,255,0,en,yellow green
255,0,42,en,red
255,95,0,en,orange
255,224,0,en,dark yellow
255,65,0,en,orange red
232,255,0,en,bright yellow
255,0,159,en,hot pink
255,236,0,en,yellow
255,0,116,en,pink
255,249,0,en,yellow
106,0,255,en,blue purple
255,125,0,en,orange
255,0,81,en,dark pink
255,0,255,en,magenta
48,0,255,en,blue
255,191,0,en,orange
255,0,206,en,pink
78,255,0,en,green
184,0,255,en,purple
255,0,155,en,pink
184,255,0,en,yellowish green
255,50,0,en,red
255,160,0,en,orange
205,255,0,en,yellow green
255,0,40,en,red
255,105,0,en,orange
255,0,57,en,red
255,0,231,en,pink
255,112,0,en,orange
255,247,0,en,yellow
255,0,206,en,pink
215,255,0,en,green
220,0,255,en,pink
62,0,255,en,purple
255,0,232,en,pink
255,0,172,en,magenta
255,227,0,en,yellow
164,255,0,en,green
255,194,0,en,orang
166,0,255,en,purple
255,147,0,en,orange
85,255,0,en,lime
255,0,2,en,red
255,0,124,en,pink
119,0,255,en,purple
255,0,99,en,magenta
255,0,49,en,red
255,162,0,en,orange
255,44,0,en,dark orange
163,255,0,en,neon green
255,120,0,en,orange
255,107,0,en,red orange
255,209,0,en,pumpkin
207,0,255,en,purple
129,255,0,en,neon green
255,64,0,en,red
255,0,92,en,fuchsia
255,229,0,en,golden yellow
255,164,0,en,orange
255,0,239,en,hot pink
224,255,0,en,neon yellow
255,0,255,en,hot pink
255,0,146,en,fuchsia
255,0,195,en,hot pink
255,0,57,en,red
65,0,255,en,royal blue
255,0,48,en,red
240,255,0,en,yellow
95,0,255,en,purple
255,0,137,en,fuchsia
34,255,0,en,green
255,65,0,en,red
255,168,0,en,orange
248,255,0,en,yellow
255,0,113,en,pink
255,223,0,en,dark yellow
94,0,255,en,blue
255,0,64,en,reddish
224,255,0,en,yellow
255,0,212,en,pink
255,0,8,en,red
217,0,255,en,purple
255,114,0,en,orange
227,0,255,en,pink
255,120,0,en,orange
112,255,0,en,light green
255,0,158,en,pink
255,194,0,en,orange
255,0,176,en,pink
175,255,0,en,yellow
255,0,85,en,purple
255,106,0,en,dark orange
116,255,0,en,green
255,157,0,en,light orange
209,0,255,en,magenta
235,255,0,en,yellow green
255,60,0,en,red orange
255,0,124,en,pink
186,255,0,en,lime green
255,0,57,en,red
255,0,208,en,pink
255,200,0,en,gold
224,0,255,en,magenta
255,0,172,en,hot pink
255,221,0,en,yellow
255,132,0,en,orange
255,0,221,en,magenta
146,255,0,en,lime green
161,0,255,en,purple
255,0,6,en,red
255,0,101,en,red
229,0,255,en,pink
32,255,0,en,green
255,0,30,en,red
65,255,0,en,lime green
221,255,0,en,greenish yellow
90,0,255,en,purple
255,0,50,en,dark red
255,187,0,en,yellow
255,0,116,en,pink
255,0,167,en,pink
255,140,0,en,orange
232,255,0,en,yellow
134,255,0,en,green
255,171,0,en,orange
255,221,0,en,yellow
138,0,255,en,purple
255,0,214,en,pink
255,65,0,en,orange
255,0,182,en,pink
255,96,0,en,orange
166,0,255,en,purple
255,0,97,en,pinkish red
237,0,255,en,purple
172,255,0,en,chartreuse
255,0,219,en,magenta
83,255,0,en,lime green
255,211,0,en,mustard
255,0,169,en,pink
255,0,60,en,red
189,255,0,en,chartreuse
255,0,194,en,magenta
147,0,255,en,violet
255,0,42,en,red
207,0,255,en,purple
236,255,0,en,yellow
255,149,0,en,orange
255,63,0,en,red orange
255,0,120,en,magenta
255,0,101,en,magenta
255,112,0,en,dark orange
85,0,255,en,royal blue
255,234,0,en,yellow
255,177,0,en,yellow orange
255,0,219,en,magenta
255,238,0,en,yellow
255,38,0,en,red
112,255,0,en,lime green
126,0,255,en,purple
222,0,255,en,bright purple
255,127,0,en,orange
255,204,0,en,mustard
255,0,170,en,magenta
255,0,99,en,red
26,255,0,en,green
255,0,72,en,red
69,0,255,en,blue
230,255,0,en,yellow
237,255,0,en,yellow
255,0,40,en,red
173,255,0,en,lime green
186,0,255,en,purple
255,0,201,en,purple
255,162,0,en,orange
255,86,0,en,red orange
255,0,122,en,magenta
27,255,0,en,green
128,0,255,en,purple
39,0,255,en,blue
255,63,0,en,orange
182,0,255,en,purple
255,0,107,en,rose pink
255,223,0,en,yellow
255,0,226,en,fuschia
246,0,255,en,purple
255,135,0,en,orange
223,255,0,en,yellow
119,255,0,en,green
255,0,80,en,red
165,255,0,en,green
255,86,0,en,orange
255,175,0,en,orange
255,202,0,en,mustard
255,0,167,en,pink
255,0,116,en,rose pink
255,0,14,en,orange
255,0,194,en,fuschia
255,255,0,en,yellow
255,0,62,en,red
205,0,255,en,magenta
255,227,0,en,yellow
181,255,0,en,light green
120,0,255,en,indigo
255,203,0,en,orange
255,0,100,en,hot pink
244,255,0,en,snot yellow
255,117,0,en,burnt orange
255,0,44,en,red
236,0,255,en,ms paint purple
255,62,0,en,orangish red
17,255,0,en,squished caterpillar green
255,0,221,en,magenta
255,0,177,en,hot pink
255,122,0,en,red orange
255,0,125,en,hot pink
255,0,156,en,magenta
101,255,0,en,grass green
255,168,0,en,orange
205,255,0,en,lime green
255,214,0,en,yellow
255,0,145,en,pink
255,0,182,en,purple
255,201,0,en,orange
255,0,98,en,pink
164,255,0,en,yellow green
255,0,245,en,purple
255,0,58,en,red
255,178,0,en,orange
152,0,255,en,lavender
228,0,255,en,purple
249,255,0,en,yellow
188,255,0,en,yellow greem
216,0,255,en,purple
255,151,0,en,red orange
255,0,138,en,pink
109,255,0,en,yellow green
255,0,24,en,red
255,56,0,en,red orange
255,114,0,en,orange
89,0,255,en,purple
255,120,0,en,orange
249,255,0,en,yellow
33,0,255,en,violet
255,0,231,en,purple
255,213,0,en,yellow
255,109,0,en,red
255,0,130,en,pink
249,255,0,en,yellow
155,255,0,en,green
222,255,0,en,lime
255,192,0,en,orange
255,235,0,en,yellow
255,0,65,en,crimson
255,164,0,en,orange
255,0,252,en,magenta
255,0,225,en,pink
255,4,0,en,red
255,0,11,en,red
255,0,81,en,crimson
148,0,255,en,purple
255,139,0,en,orange
255,0,182,en,pink
117,255,0,en,light green
198,0,255,en,magenta
255,0,170,en,light pink
255,53,0,en,red
100,0,255,en,royal purple
255,0,220,en,neon purple
255,0,110,en,magenta
91,255,0,en,neon green
208,0,255,en,purple
255,0,59,en,red
255,0,203,en,fuchsia
255,186,0,en,light orange
255,0,146,en,magenta
255,162,0,en,orange
255,124,0,en,orange
255,107,0,en,brick
242,255,0,en,canari
255,243,0,en,yellow
241,0,255,en,purple
255,0,122,en,magenta
255,0,4,en,red
255,232,0,en,yellow
255,0,88,en,scarlet
233,255,0,en,highlighter
255,190,0,en,yellow orange
107,255,0,en,neon green
255,0,54,en,red
104,0,255,en,indigo
238,0,255,en,indigo
255,49,0,en,red
187,0,255,en,purple
255,0,140,en,fuchsia
65,0,255,en,royal blue
180,255,0,en,booger green
255,0,154,en,fuchsia
255,0,243,en,pink purple
255,0,176,en,hot pink
255,177,0,en,light orange
255,146,0,en,orange
198,255,0,en,highlighter
255,0,36,en,red
255,90,0,en,red orange
255,203,0,en,gold
222,0,255,en,purple
226,255,0,en,yellow
255,133,0,en,orange
255,168,0,en,orange yellow
255,0,167,en,fuscia
241,255,0,en,other yellow
255,0,75,en,hot pink
255,0,100,en,fuscia
116,255,0,en,yellow green
255,0,120,en,light purple
255,96,0,en,orange
255,0,29,en,red
255,239,0,en,gold
187,0,255,en,fuscia
139,255,0,en,yellow green
255,27,0,en,red
109,0,255,en,purple
255,0,194,en,indigo
255,0,211,en,indigo
70,0,255,en,dark blue
255,0,224,en,light purple
255,0,147,en,pink
231,0,255,en,purple
255,123,0,en,orange
255,100,0,en,dark orange
102,0,255,en,violet
49,255,0,en,green
255,170,0,en,orange
255,0,33,en,red
137,255,0,en,light green
255,0,199,en,purple
255,207,0,en,light orange
255,50,0,en,red
255,0,95,en,dark red
203,0,255,en,purple
207,255,0,en,light green
255,239,0,en,dark yellow
255,248,0,en,yellow
255,0,25,en,red
188,0,255,en,voilet
255,52,0,en,orange red
255,0,183,en,pink
255,0,147,en,moderate pink
255,103,0,en,orange
255,254,0,en,yellow
255,0,127,en,pink
255,0,95,en,moderate pink
228,0,255,en,voilet
255,0,49,en,red
255,0,239,en,voilet
171,255,0,en,light green
142,0,255,en,moderate voilet
255,198,0,en,yellow
255,177,0,en,sandal yellow
255,219,0,en,light yellow
109,255,0,en,green
255,151,0,en,sandal yellow
224,255,0,en,light yellow
255,0,23,en,red
255,109,0,en,orange
169,0,255,en,purple
17,255,0,en,green
151,255,0,en,green
255,0,131,en,pink
228,255,0,en,yellow
255,0,239,en,pink
243,255,0,en,yellow
255,0,82,en,red
255,33,0,en,red
255,237,0,en,yellow
255,0,167,en,pink
127,255,0,en,green
255,0,252,en,pink
115,0,255,en,purple
255,0,62,en,red
255,186,0,en,yellow
255,138,0,en,orange
255,0,181,en,pink
255,177,0,en,orange
255,122,0,en,orange
255,42,0,en,red
255,117,0,en,orange
64,255,0,en,lime green
255,0,55,en,cerise
255,0,131,en,cherry
175,0,255,en,magenta
255,208,0,en,yellow
121,0,255,en,purple
255,0,103,en,rose
255,0,215,en,rose
238,0,255,en,fuschia
255,0,196,en,fuschia
255,0,36,en,red orange
181,255,0,en,chartreuse
255,0,166,en,fuschia
196,255,0,en,chartreuse
255,245,0,en,yellow
255,157,0,en,orange
255,243,0,en,yellow
90,0,255,en,violet
155,0,255,en,purple
71,255,0,en,lime green
255,108,0,en,sunset orange
255,203,0,en,yellow
255,0,93,en,magenta
255,0,26,en,red
255,0,63,en,light red
255,122,0,en,light orange
255,0,225,en,light pink
255,0,198,en,pink
255,170,0,en,orange
255,245,0,en,yellow
180,0,255,en,purple
252,0,255,en,light pink
255,64,0,en,orange
255,0,133,en,pink
159,255,0,en,green yellow
255,0,158,en,magenta
255,231,0,en,gold
224,255,0,en,yellow green
255,0,65,en,cherry red
255,0,251,en,hot pink
255,0,228,en,pink
255,251,0,en,yellow
149,255,0,en,green
138,0,255,en,violet
121,255,0,en,leafy green
76,0,255,en,aqua
255,205,0,en,yellow orange
255,0,145,en,pink
185,0,255,en,purple
255,168,0,en,orange
255,0,39,en,red
58,0,255,en,navy
252,0,255,en,pink
255,0,122,en,pink red
255,98,0,en,orange
255,0,71,en,red
203,255,0,en,chartreuse
111,255,0,en,green
104,0,255,en,purple
248,255,0,en,yellow
255,0,185,en,pink
255,140,0,en,orange
151,255,0,en,green
255,77,0,en,red orange
255,0,84,en,pink red
255,0,231,en,pink purple
255,225,0,en,orange yellow
147,0,255,en,purple
255,0,231,en,pink
108,255,0,en,light green
255,152,0,en,orange
255,41,0,en,red
153,0,255,en,purple
255,0,192,en,violet
193,255,0,en,yellow green
177,0,255,en,neon purple
160,255,0,en,lime green
255,251,0,en,yellow
255,0,80,en,magenta
255,46,0,en,red
255,145,0,en,orange
255,0,100,en,magenta
255,0,8,en,fire engine red
255,0,255,en,violet
255,0,243,en,violet
255,0,133,en,hot pink
255,110,0,en,orange
255,180,0,en,yellow orange
255,0,166,en,violet
255,238,0,en,yellow
255,199,0,en,orange
130,255,0,en,lime green
189,255,0,en,green
255,0,128,en,fuchsia
255,26,0,en,red
255,0,237,en,pink
113,0,255,en,purple
196,0,255,en,pink
255,0,77,en,red
233,255,0,en,yellow
255,174,0,en,orange
255,130,0,en,red orange
255,0,158,en,hot pink
255,212,0,en,goldenrod
168,255,0,en,green yellow
255,0,192,en,fuchsia
255,217,0,en,yellow
242,0,255,en,hot pink
128,255,0,en,yellow green
255,0,105,en,pinkish red
255,0,48,en,red
255,86,0,en,orange red
255,0,26,en,red
255,63,0,en,red
255,0,136,en,pink
172,255,0,en,yellow green
255,0,145,en,pink
255,232,0,en,yellow
255,191,0,en,orange
255,0,107,en,rose
255,124,0,en,dark orange
255,0,243,en,light purple
120,255,0,en,green
255,0,251,en,light purple
255,249,0,en,yellow
255,116,0,en,dark orange
255,0,191,en,pink
255,175,0,en,yellow orange
198,255,0,en,yellow green
190,0,255,en,purple
67,0,255,en,dark blue
113,0,255,en,blue purple
255,0,73,en,red
255,214,0,en,yellow
160,255,0,en,pale green
255,104,0,en,orange
129,0,255,en,purple
255,219,0,en,yellow
255,153,0,en,burnt ochre
255,75,0,en,orange
141,255,0,en,lime
255,0,27,en,red
241,0,255,en,pink
255,144,0,en,ochre
192,255,0,en,lime
255,0,63,en,red
174,0,255,en,purple
255,188,0,en,ochre
255,0,196,en,pink
255,0,156,en,dark rose
255,0,93,en,rose
93,255,0,en,apple green
255,0,227,en,pink
247,255,0,en,lime yellow
255,0,132,en,dark rose
255,111,0,en,dark ochre
136,0,255,en,purple
255,0,129,en,hot pink
255,0,21,en,red
255,171,0,en,orange
141,0,255,en,purple
255,204,0,en,dirty yellow
94,255,0,en,lime green
193,0,255,en,violet
255,0,182,en,pink
255,0,85,en,salmon pink
255,194,0,en,yellow orange
166,255,0,en,lime green
228,255,0,en,yellow
127,0,255,en,purple
255,0,247,en,darker pink
255,227,0,en,gold
255,0,113,en,fuschia
255,76,0,en,orange red
234,0,255,en,purple
255,0,218,en,hot pink
255,0,158,en,hot pink
222,255,0,en,yellow
255,106,0,en,orange
176,255,0,en,lime green
255,55,0,en,orange red
255,0,104,en,dark pink
255,233,0,en,banana yellow
247,255,0,en,yellow
255,0,58,en,red
255,137,0,en,orange
255,0,202,en,hot pink
255,0,63,en,red pink
255,0,226,en,pink purple
130,255,0,en,yellow green
255,140,0,en,orange
255,107,0,en,dark orange
189,0,255,en,purple
255,0,39,en,red
255,160,0,en,orange
255,0,164,en,pink
244,255,0,en,yellow
255,0,242,en,magenta
139,0,255,en,purple
255,0,132,en,rose
133,255,0,en,lime green
255,0,70,en,red
255,0,167,en,pink
255,74,0,en,red orange
255,189,0,en,orange
200,255,0,en,yellow
255,0,116,en,dark pink
158,0,255,en,purple
144,255,0,en,grass green
255,175,0,en,orange
255,0,152,en,pink
61,255,0,en,ligh green
255,60,0,en,red
255,0,208,en,indigo
248,0,255,en,violet
192,0,255,en,purple
252,255,0,en,yellow
255,119,0,en,orange
255,217,0,en,yellow
255,0,237,en,indigo
255,0,82,en,dark pink
255,94,0,en,orange
255,184,0,en,orange yellow
255,0,27,en,red
255,0,71,en,dark pink
255,0,186,en,magenta
134,255,0,en,light green
255,155,0,en,orange
255,242,0,en,yellow
255,0,172,en,fuscia
255,0,154,en,pink
255,0,43,en,red
137,0,255,en,purple
255,0,54,en,red
255,0,122,en,pink
226,255,0,en,yellow
255,158,0,en,orange
64,255,0,en,green
255,194,0,en,yellow
255,75,0,en,red
255,124,0,en,orange
246,0,255,en,pink
39,255,0,en,green
255,253,0,en,yellow
255,243,0,en,yellow
255,99,0,en,orange
255,0,180,en,pink
255,0,101,en,pink
135,255,0,en,green
206,0,255,en,purple
255,0,217,en,pink
255,0,252,en,neon pink
255,86,0,en,orange
255,0,62,en,pink red
255,0,92,en,fuschia
91,255,0,en,lime green
255,0,192,en,magenta
203,0,255,en,magenta
255,75,0,en,orange
239,255,0,en,lemon yellow
255,194,0,en,taxicab yellow
255,171,0,en,light orange
92,0,255,en,violet
255,0,158,en,neon pink
255,127,0,en,yellow orange
255,0,34,en,red
255,235,0,en,yellow
255,0,140,en,fuschia
216,255,0,en,yellow green
255,0,232,en,magenta
137,255,0,en,lime green
255,106,0,en,orange
255,224,0,en,yellow
255,0,202,en,purple
170,0,255,en,indigo
255,0,51,en,red
66,255,0,en,light green
255,0,105,en,pink
255,147,0,en,orange
255,18,0,en,red
160,255,0,en,green
255,0,121,en,pink
255,0,213,en,purple
199,255,0,en,green
211,0,255,en,purple
126,0,255,en,indigo
255,0,201,en,purple
255,201,0,en,yellow
255,161,0,en,orange
255,0,161,en,purple
255,0,101,en,pink
255,0,61,en,red
255,253,0,en,yellow
255,108,0,en,orange
255,233,0,en,yellow
86,255,0,en,green
238,0,255,en,purple
255,0,48,en,red
255,131,0,en,orange
106,255,0,en,green lightly
251,0,255,en,parple
255,189,0,en,yellow
255,0,92,en,pink lovely
156,255,0,en,green love
255,156,0,en,yelloow
152,255,0,en,kelley green
190,255,0,en,yellow green
236,255,0,en,yellow
134,0,255,en,violet
255,177,0,en,orange
255,0,229,en,magenta
255,0,204,en,pink
255,0,79,en,coral
255,193,0,en,yellow gold
247,0,255,en,bright purple
255,0,94,en,hot pink
255,44,0,en,scarlet
255,132,0,en,deep orange
255,0,161,en,pink
255,0,41,en,red
255,0,141,en,hot pink
255,93,0,en,orange
255,240,0,en,yellow
41,255,0,en,light green
171,0,255,en,bright purple
255,0,97,en,red
255,46,0,en,orange
255,0,220,en,magenta
255,0,147,en,pink
255,212,0,en,yellow
255,0,247,en,magenta
255,238,0,en,yellow
152,0,255,en,purple
255,0,203,en,magenta
255,164,0,en,orange
237,255,0,en,yellow
162,255,0,en,green
205,0,255,en,violet
74,0,255,en,blue
255,0,63,en,red
255,0,47,en,red
101,255,0,en,green
255,0,118,en,pink
255,109,0,en,orange
255,142,0,en,orange
216,255,0,en,yellow
69,0,255,en,dark blue
255,0,45,en,red
255,0,177,en,pink
255,18,0,en,blood red
255,167,0,en,pumpkin
255,215,0,en,yellow
197,0,255,en,plum
145,255,0,en,green
225,0,255,en,magenta
255,0,168,en,pink
255,0,98,en,blood red
255,203,0,en,yellow
107,0,255,en,purple
255,0,133,en,red
201,255,0,en,lime green
255,130,0,en,pumpkin
110,255,0,en,lime green
232,255,0,en,yellow
255,0,75,en,blood red
255,0,224,en,magenta
255,112,0,en,pumkin
255,0,29,en,red
255,196,0,en,sunkist orange
255,0,171,en,fushia
255,141,0,en,oranag
121,0,255,en,violet
255,0,76,en,pink
255,154,0,en,brown orange
255,0,90,en,red
209,255,0,en,lime yellow
255,0,233,en,magenta
234,0,255,en,fushia
255,0,185,en,pink purple
255,63,0,en,red
166,255,0,en,yellow
197,0,255,en,purple
238,255,0,en,mustard
115,255,0,en,lime green
255,235,0,en,golf
255,110,0,en,orange
255,81,0,en,orange
255,238,0,en,yellow
164,255,0,en,green
255,0,128,en,pink
218,0,255,en,purple
255,0,238,en,pink
255,135,0,en,pumpkin
255,179,0,en,goldenrod
189,0,255,en,fuchia
187,255,0,en,lime
255,0,1,en,red
255,57,0,en,scarlet
255,195,0,en,goldenrod
255,0,73,en,cherry
141,0,255,en,purple
255,0,226,en,fuchia
185,255,0,en,lime green
255,0,165,en,hot pink
105,255,0,en,neon green
255,0,107,en,cherry
255,0,248,en,fushia
255,107,0,en,pumpkin
77,0,255,en,blue
242,255,0,en,yellow
255,242,0,en,yellow
255,0,121,en,cherry
255,0,209,en,hot pink
255,66,0,en,dark orange
249,0,255,en,pink
255,116,0,en,orange
255,204,0,en,goldenrod
193,0,255,en,warm purple
255,0,168,en,pink
255,0,105,en,persimmon
154,0,255,en,cool purple
255,216,0,en,saffron
203,255,0,en,chartreuse
148,255,0,en,grass
224,0,255,en,warm purple
248,255,0,en,yellow
255,57,0,en,tomato
255,0,116,en,persimmon
255,142,0,en,orange
255,179,0,en,yellow orange
255,0,236,en,cool magenta
255,0,185,en,rose
255,0,44,en,persimmon
255,96,0,en,burnt umber
255,0,72,en,persimmon
255,255,0,en,yellow
255,0,115,en,pink
171,0,255,en,purple
255,205,0,en,yellow
255,0,94,en,pink
255,157,0,en,orange
255,0,68,en,red
169,255,0,en,green
255,230,0,en,yellow
111,255,0,en,green
255,146,0,en,orange
255,117,0,en,orange
10,255,0,en,green
255,0,0,en,red
255,0,207,en,pink
255,0,43,en,red
145,0,255,en,purple
195,255,0,en,yellow
255,0,249,en,pink
255,0,169,en,pink
80,0,255,en,blue
255,0,214,en,pink
255,33,0,en,red
255,0,140,en,pink
224,255,0,en,yellow
140,0,255,en,purple
255,95,0,en,orange
255,0,198,en,pink
255,255,0,en,yellow
255,0,100,en,pink
255,0,153,en,pink
255,0,232,en,pink
255,0,51,en,red
72,255,0,en,toxic green
255,0,28,en,red
255,0,247,en,pink
255,152,0,en,orange
255,167,0,en,orange
255,202,0,en,yellow
255,217,0,en,yellow
163,255,0,en,light green
163,0,255,en,purple
255,0,230,en,pink
255,0,195,en,pink
235,255,0,en,yellow
202,255,0,en,yellow
222,0,255,en,pink
255,0,50,en,red
255,124,0,en,orange
255,177,0,en,yellow
158,0,255,en,purple
101,255,0,en,green
255,219,0,en,yellow
255,43,0,en,red
255,0,80,en,pink
255,0,161,en,pink
255,0,40,en,red
165,255,0,en,green
178,0,255,en,purple
255,0,132,en,pink
255,186,0,en,yellow
255,89,0,en,orange
63,0,255,en,blue
200,255,0,en,yellow green
255,0,80,en,red violet
255,190,0,en,dandilion
255,0,134,en,fucshia
255,0,189,en,magenta
255,0,243,en,purple pink
151,255,0,en,green yellow
255,218,0,en,golden yellow
255,178,0,en,orange yellow
255,0,145,en,fucshia
255,116,0,en,orange
120,255,0,en,light green
143,0,255,en,grape
255,0,82,en,red violet
255,0,43,en,red
255,146,0,en,orange yellow
228,0,255,en,purple
232,255,0,en,yellow
184,0,255,en,purple
255,14,0,en,red
255,0,195,en,radiant orchid
189,255,0,en,chartreuse
255,196,0,en,orange
255,0,102,en,magenta
255,175,0,en,orange
255,0,23,en,red
162,0,255,en,lilac
255,0,137,en,radiant orchid
255,218,0,en,goldenrod
148,255,0,en,chartreuse
91,0,255,en,blue violet
255,0,58,en,pomegranate
255,106,0,en,orange
212,0,255,en,lilac
255,249,0,en,yellow
255,61,0,en,orange red
242,0,255,en,fuschia
255,0,150,en,magenta
18,255,0,en,spring green
255,0,227,en,puce
255,128,0,en,orange
79,255,0,en,leaf green
255,235,0,en,yellow
211,255,0,en,gold
255,0,70,en,magenta
56,255,0,en,lime green
255,176,0,en,ochre
255,110,0,en,orange
255,183,0,en,yellow orange
255,0,103,en,magenta
255,53,0,en,red
255,151,0,en,light orange
255,0,150,en,fushcia
210,0,255,en,purple
251,255,0,en,yellow
255,0,178,en,magenta
168,255,0,en,swamp green
255,0,249,en,pink
255,0,140,en,red pink
138,0,255,en,royal purple
255,0,35,en,red
255,0,221,en,fushcia
255,161,0,en,yellow ochre
255,0,158,en,magenta
255,234,0,en,yellow
54,0,255,en,indigo
255,0,16,en,red
255,104,0,en,orange
255,0,197,en,pinnk
255,0,104,en,pink
193,255,0,en,moss green
240,0,255,en,magenta
255,0,130,en,pink
238,255,0,en,lemon yellow
167,0,255,en,violet
255,138,0,en,saffron
149,255,0,en,green
88,255,0,en,green
255,0,218,en,pink
119,0,255,en,violet
255,0,69,en,vermilion red
255,190,0,en,chrome yellow
255,53,0,en,orange
255,0,2,en,red
255,0,70,en,crimson
255,0,247,en,magenta
119,255,0,en,leaf green
155,0,255,en,purple
165,255,0,en,lime green
255,0,111,en,cerise
248,255,0,en,yellow
255,114,0,en,orange
255,205,0,en,mustard
255,0,230,en,fuschia
255,0,140,en,magenta
255,142,0,en,ochre
255,62,0,en,tomato
255,239,0,en,yellow
255,181,0,en,mustard
255,0,181,en,fuschia
255,0,145,en,cerise
197,255,0,en,lime green
255,187,0,en,sunset orange
255,146,0,en,burnt orange
255,0,227,en,hot pink
132,0,255,en,purple
255,0,65,en,scarlet
192,255,0,en,yellow green
170,255,0,en,lime
255,179,0,en,orange
255,0,181,en,fuschia
255,115,0,en,orange
255,0,252,en,hot pink
255,75,0,en,dark orange
255,222,0,en,mustard
108,255,0,en,lime green
134,0,255,en,purple
255,0,88,en,dark pink
255,0,251,en,bright purple
255,0,31,en,red
255,82,0,en,orange
83,255,0,en,light green
255,0,116,en,pink
251,255,0,en,yellow
255,0,211,en,pink
255,79,0,en,red
163,255,0,en,light green
255,0,163,en,pink
255,0,55,en,red
255,191,0,en,light orange
255,234,0,en,yellow
255,0,181,en,pink
191,0,255,en,purple
255,143,0,en,dark orange
209,255,0,en,yellow green
255,165,0,en,orage
158,255,0,en,chartreuse
199,0,255,en,purple
255,195,0,en,golden yellow
255,58,0,en,orange red
255,0,58,en,red
90,0,255,en,indigo
255,0,119,en,magenta
255,147,0,en,orange
255,0,204,en,mulberry
255,0,157,en,magenta
255,117,0,en,orange
130,0,255,en,purple
236,0,255,en,lavender
255,0,26,en,red
255,171,0,en,orange
221,255,0,en,chartreuse
66,255,0,en,yellow green
255,0,101,en,magenta
255,232,0,en,golden yellow
252,255,0,en,yellow
255,0,245,en,purple
104,0,255,en,purple
255,85,0,en,orange
195,255,0,en,yellow
255,0,127,en,fuscia
255,0,62,en,red
175,255,0,en,yellow
255,122,0,en,orange
255,0,19,en,red
255,184,0,en,gold
80,255,0,en,lime green
255,159,0,en,orange
206,0,255,en,purple
252,255,0,en,yellow
255,0,92,en,fuscia
255,0,178,en,bright purple
245,0,255,en,bright purple
255,0,219,en,bright purple
255,0,165,en,fuscia
255,238,0,en,yellow
255,9,0,en,red
255,32,0,en,vermilion
255,199,0,en,mustard yellow
45,0,255,en,ultramarine blue
251,0,255,en,fuschia
255,178,0,en,orange
255,214,0,en,yellow
255,0,25,en,red
188,255,0,en,lime
227,0,255,en,pink
255,149,0,en,orange
255,89,0,en,orange
122,0,255,en,purple
255,165,0,en,yellnge
229,255,0,en,yellow
255,0,35,en,red
183,255,0,en,neon green
193,0,255,en,purple
255,233,0,en,yellow
255,19,0,en,red
123,255,0,en,green
255,190,0,en,orange
255,0,160,en,pink
255,0,202,en,purple
255,0,71,en,red
255,0,227,en,pink
255,0,140,en,pink
249,255,0,en,yellow
255,0,96,en,red
210,0,255,en,magenta
255,69,0,en,red
223,0,255,en,lighter magenta
126,0,255,en,purple
255,116,0,en,burnt orange
216,255,0,en,lime green
255,0,122,en,pink
255,142,0,en,orange
251,255,0,en,yellow
255,198,0,en,yellow orange
255,0,51,en,red
255,160,0,en,orange
162,255,0,en,lime green
255,0,156,en,pink
255,0,111,en,red pink
255,0,178,en,pink
70,255,0,en,bright green
255,216,0,en,gold
255,0,31,en,red
255,0,213,en,magenta
255,116,0,en,orange
255,246,0,en,yellow
255,200,0,en,darker orange
216,255,0,en,lighter yellow
255,0,176,en,purpule
255,0,4,en,red
246,0,255,en,ligher purpule
255,61,0,en,darker orange
139,0,255,en,purple
255,0,204,en,pink
255,149,0,en,orange
255,233,0,en,yellow
255,98,0,en,orange
255,7,0,en,orange red
255,166,0,en,light orange
211,255,0,en,yellow green
219,0,255,en,bright purple
255,0,155,en,hot pink
123,255,0,en,neon green
255,0,239,en,magenta
255,0,93,en,hot pink
251,255,0,en,yellow
255,188,0,en,sunset yellow
255,0,120,en,pink
195,0,255,en,purple
173,255,0,en,neon green
255,0,52,en,pink red
255,0,186,en,pink
255,0,75,en,red
255,145,0,en,orange
255,0,108,en,pink
255,159,0,en,orange
255,77,0,en,orange
255,231,0,en,yellow
255,199,0,en,yellow
255,0,139,en,pink
93,0,255,en,purple
252,255,0,en,yellow
134,255,0,en,green
255,0,222,en,pink
197,0,255,en,purple
95,255,0,en,green
255,106,0,en,orange
255,242,0,en,yellow
255,0,199,en,magenta
123,0,255,en,purple
255,0,41,en,red
95,255,0,en,green
255,64,0,en,orange red
255,0,101,en,pink
222,255,0,en,yellow
255,195,0,en,yellow orange
255,0,145,en,magenta
169,0,255,en,purple
255,0,61,en,red pink
255,152,0,en,orange
255,119,0,en,red orange
142,255,0,en,yellow green
255,248,0,en,yellow
255,0,232,en,purple
255,142,0,en,orange
38,255,0,en,green
255,0,132,en,pink
241,0,255,en,purple
255,0,114,en,pink
255,0,23,en,red
255,0,180,en,pink
214,0,255,en,purple
255,166,0,en,yellow
119,0,255,en,purple
233,0,255,en,pink
196,255,0,en,green
255,248,0,en,yellow
33,0,255,en,blue
255,227,0,en,yellow
255,148,0,en,orange
32,255,0,en,green
255,0,235,en,pink
255,0,164,en,pink
255,65,0,en,red
255,183,0,en,orange
117,255,0,en,green
151,255,0,en,green
255,0,74,en,pink
255,91,0,en,orange
255,0,84,en,pink
255,127,0,en,orange
255,0,120,en,dark pink
255,0,186,en,pink
247,0,255,en,fushia
126,255,0,en,fluorescent light green
255,46,0,en,red
173,0,255,en,purple
255,0,151,en,pink
255,0,76,en,maroon
255,174,0,en,orange
137,0,255,en,magenta
255,0,247,en,lavender
255,91,0,en,red orange
255,207,0,en,tangerine
255,133,0,en,orange
60,0,255,en,indigo
255,252,0,en,yellow
66,255,0,en,yellow green
255,124,0,en,orange
158,255,0,en,light green
255,222,0,en,yellow
255,14,0,en,red
100,0,255,en,indigo
211,255,0,en,lime green
220,0,255,en,violet
255,0,47,en,red
255,0,174,en,fuschia
255,0,90,en,magenta
118,255,0,en,lime green
255,211,0,en,yellow
255,109,0,en,orange
255,0,228,en,violet
255,0,73,en,vermillion
255,245,0,en,yellow
255,0,202,en,fuschia
169,0,255,en,purple
255,0,135,en,magenta
255,171,0,en,amber
28,255,0,en,green
235,0,255,en,purple
255,0,13,en,red
255,0,169,en,magenta
255,0,52,en,red
255,0,203,en,fuscia
206,255,0,en,lime
255,26,0,en,red
255,0,126,en,magenta
98,0,255,en,indigo
84,255,0,en,green
231,255,0,en,yellow
255,129,0,en,orange
190,0,255,en,purple
255,231,0,en,yellow
255,0,97,en,dark pink
255,182,0,en,squash orange
70,0,255,en,blue
185,255,0,en,green
255,0,242,en,bright purple
255,209,0,en,dark yellow
255,104,0,en,orange
255,0,103,en,magenta
255,129,0,en,orange
39,0,255,en,ultramarine
230,255,0,en,lemon yellow
255,0,35,en,red
255,224,0,en,cadmium yellow
255,0,129,en,magenta
255,187,0,en,yellow orange
150,0,255,en,purple
255,89,0,en,orange
179,255,0,en,lime
243,255,0,en,lemon yellow
182,0,255,en,purple
255,0,53,en,crimson
255,0,176,en,magenta
40,255,0,en,grass green
255,12,0,en,vermillion
226,0,255,en,purple
255,0,237,en,purple
255,179,0,en,orange
255,0,147,en,magenta
100,255,0,en,green
141,0,255,en,purple
231,0,255,en,pink
173,255,0,en,green
255,180,0,en,yellow
255,0,121,en,rose
255,83,0,en,orange
255,0,212,en,oink
176,0,255,en,purple
255,0,73,en,red
201,255,0,en,light green
255,231,0,en,yellow
255,0,23,en,red
255,151,0,en,orange
246,0,255,en,violet
255,0,163,en,purple
175,255,0,en,chartreuse
255,55,0,en,orange red
255,221,0,en,yellow
255,0,124,en,pink
255,0,107,en,pink
255,160,0,en,orange
255,255,0,en,yellow
219,255,0,en,yellow
255,204,0,en,orange
255,0,30,en,pink
188,0,255,en,purple
255,0,73,en,pink
255,0,240,en,purple
255,0,189,en,purple
255,111,0,en,orange
85,255,0,en,green
121,0,255,en,purple
255,0,118,en,hot pink
245,0,255,en,purple
197,255,0,en,yellow green
255,255,0,en,yellow
255,0,91,en,fuschia
255,0,31,en,red
255,106,0,en,orange
255,208,0,en,golden yellow
255,0,72,en,carnelian
131,0,255,en,purple
255,64,0,en,red orange
255,0,169,en,pink
255,0,223,en,pink
174,255,0,en,yellow green
255,136,0,en,light orange
255,242,0,en,yellow
255,167,0,en,yellow orange
103,255,0,en,green
255,0,190,en,pink
206,0,255,en,purple
255,0,216,en,pink
196,0,255,en,purple
115,0,255,en,indigo
255,0,185,en,darker pink?
180,255,0,en,lime green
252,255,0,en,yellow
41,255,0,en,green
255,229,0,en,yellow
255,0,175,en,pink
255,80,0,en,dark orange
188,255,0,en,lime green
255,0,246,en,purple
255,108,0,en,orange
255,0,131,en,dark pink
255,0,58,en,pale red
83,0,255,en,indigo blue
255,0,83,en,pink
255,129,0,en,orange
255,154,0,en,light orange
255,0,38,en,salmon
255,191,0,en,yellow
255,168,0,en,orange
255,90,0,en,blood orange
184,255,0,en,lime green
255,0,107,en,warm pink
255,58,0,en,red
255,0,20,en,red
255,0,178,en,magenta
255,0,148,en,pink
255,0,73,en,redish pink
253,0,255,en,purple
113,0,255,en,blue
255,137,0,en,orange
255,213,0,en,yellow orange
70,255,0,en,green
253,255,0,en,yellow
220,255,0,en,mustard yellow
255,189,0,en,orange
255,0,141,en,pink
196,0,255,en,purple
255,0,229,en,magenta
255,0,213,en,pink
255,151,0,en,orange
255,0,110,en,violet
255,0,33,en,red
207,0,255,en,purple
255,0,202,en,pink
223,0,255,en,fusia
255,225,0,en,yellow
255,254,0,en,yellow
255,156,0,en,orange
70,255,0,en,lime green
255,33,0,en,red
255,0,56,en,red
255,0,158,en,pink
255,0,135,en,rose pink
255,114,0,en,orange
138,255,0,en,lime green
152,0,255,en,purple
216,255,0,en,yellow green
255,196,0,en,orange yellow
70,0,255,en,blue purple
255,0,254,en,pink
255,0,77,en,hot pink
255,0,81,en,dark pink
255,0,217,en,pink
246,255,0,en,yellow
81,0,255,en,purple
255,182,0,en,orange yellow
255,0,190,en,pink
255,0,129,en,dark pink
255,120,0,en,light orange
255,193,0,en,yellow
255,86,0,en,dark orange
159,255,0,en,light green
255,0,155,en,dark pink
94,255,0,en,light green
255,233,0,en,yellow
94,0,255,en,purple
209,0,255,en,pink
255,0,41,en,red
212,255,0,en,greenish yellow
255,4,0,en,red
255,51,0,en,red
255,0,222,en,purple
255,0,69,en,pink
202,255,0,en,yellow
255,0,18,en,red
255,193,0,en,yellow
255,142,0,en,orange
222,0,255,en,pink
155,255,0,en,green
255,0,82,en,pink
120,255,0,en,green
255,180,0,en,yellow
241,255,0,en,yelloq
147,0,255,en,purple
191,0,255,en,purple
255,88,0,en,orange
255,0,136,en,pink
255,0,180,en,pink
255,240,0,en,yellow
255,0,150,en,pink
22,0,255,en,blue
51,0,255,en,blue
241,255,0,en,yellow
255,0,42,en,red
229,255,0,en,yellow
255,149,0,en,orange
255,0,157,en,pink
255,174,0,en,orange
178,255,0,en,green
255,64,0,en,red
255,0,50,en,red
255,231,0,en,yellow
255,0,127,en,hot pink
255,0,207,en,pink
255,0,245,en,fuchsia purple
255,0,88,en,red
168,0,255,en,purple
255,187,0,en,yellow
255,111,0,en,orange
255,0,246,en,pink
135,0,255,en,purple
42,255,0,en,green
201,255,0,en,green
255,197,0,en,orange
86,255,0,en,green
255,0,231,en,pink
255,0,48,en,red
180,255,0,en,green
255,0,77,en,red
255,87,0,en,red
255,0,112,en,pink
255,0,188,en,pink
255,130,0,en,orange
255,0,93,en,red
255,80,0,en,red
238,255,0,en,yellow
255,166,0,en,orange
255,0,148,en,pink
132,0,255,en,purple
73,0,255,en,purple
255,238,0,en,yellow
166,0,255,en,purple
228,0,255,en,purple
255,115,0,en,orange
255,188,0,en,marigold
255,0,154,en,fuchsia
156,255,0,en,lime green
255,0,135,en,salmon
255,139,0,en,auburn
255,0,245,en,magenta
255,0,66,en,red
190,0,255,en,violet
196,255,0,en,lime
255,246,0,en,yellow
255,0,203,en,magenta
45,255,0,en,neon green
255,36,0,en,red
139,0,255,en,purple
255,0,251,en,magenta
255,178,0,en,marigold
255,227,0,en,yellow
255,0,32,en,red
255,0,97,en,red
158,0,255,en,purple
255,0,29,en,red
255,0,152,en,pink
172,0,255,en,purple
255,205,0,en,yellow
255,0,105,en,pink
255,223,0,en,yellow
255,180,0,en,yellow
40,255,0,en,green
53,255,0,en,green
255,147,0,en,orange
255,0,126,en,pink
255,248,0,en,yellow
242,0,255,en,purple
87,0,255,en,purple
255,0,179,en,pink
255,110,0,en,orange
155,255,0,en,green
255,0,59,en,red
255,0,242,en,purple
213,255,0,en,yellow
255,35,0,en,red
255,0,42,en,red
152,0,255,en,purple
255,0,74,en,orange
255,0,88,en,burgundy
255,68,0,en,orange
255,0,137,en,red
255,0,219,en,hotpink
255,211,0,en,darkyellow
201,255,0,en,lightyellow
255,0,186,en,purple
255,242,0,en,yellow
255,110,0,en,red
182,255,0,en,lightgreen
255,147,0,en,yorange
255,0,250,en,purple
255,170,0,en,orange
255,0,173,en,red
214,0,255,en,purple
251,255,0,en,myellow
68,255,0,en,greeni
255,148,0,en,red
51,0,255,en,blue
255,0,223,en,magenta
255,111,0,en,red
255,241,0,en,yellow
255,197,0,en,yellow brown
244,255,0,en,yellow
255,154,0,en,orange
209,255,0,en,green
255,71,0,en,red
255,0,76,en,red
255,0,195,en,magenta
173,255,0,en,green
100,0,255,en,blue
255,0,32,en,red
255,0,85,en,red
255,0,127,en,red bluer
255,0,145,en,magenta
172,0,255,en,dark purple
115,255,0,en,green
255,0,251,en,light purple
176,255,0,en,lime green
255,37,0,en,burnt orange
255,250,0,en,yellow
74,255,0,en,yellow/green
255,0,71,en,fuschia
197,255,0,en,lime green
34,0,255,en,navy blue
255,0,33,en,red
171,0,255,en,dark purple
255,0,233,en,purple
255,153,0,en,mustard
232,0,255,en,medium purple
255,0,87,en,magenta
255,108,0,en,burnt orange
255,0,123,en,fuschia
255,0,166,en,raspberry
255,0,182,en,raspberry
109,0,255,en,purple
255,142,0,en,mustard
255,185,0,en,sunflower
255,220,0,en,yellow
255,190,0,en,burnt orange
255,241,0,en,yellow
255,138,0,en,orange
255,161,0,en,orange
255,0,249,en,fuschia
255,0,14,en,red
255,0,112,en,scarlet
83,0,255,en,dark blue
255,0,202,en,pink
155,255,0,en,lime green
169,0,255,en,purple
255,62,0,en,red
255,0,99,en,crimson
255,102,0,en,orange brown
204,255,0,en,fluorescent green
248,255,0,en,yellow
255,0,174,en,fuschia
156,0,255,en,purple
255,0,63,en,red
255,0,239,en,fuschia
255,0,201,en,pink
255,95,0,en,orange
185,255,0,en,green
255,0,142,en,pink
255,0,149,en,pink
255,169,0,en,orange
255,192,0,en,orange
255,0,56,en,red
255,9,0,en,red
9,0,255,en,blue
159,255,0,en,green
223,0,255,en,purple
206,0,255,en,purple
255,0,12,en,red
247,255,0,en,yellow
160,0,255,en,purple
255,215,0,en,orange
255,0,219,en,pick
44,255,0,en,green
255,133,0,en,orange
255,0,92,en,red
255,164,0,en,orange
255,0,151,en,pink
223,0,255,en,neon purple
147,0,255,en,purple
255,0,88,en,hot pink
255,122,0,en,ochre
107,255,0,en,lime
255,224,0,en,yellow
65,0,255,en,indigo
255,0,129,en,magenta
255,0,229,en,pink
255,0,56,en,red
255,0,195,en,magenta
255,0,36,en,red
225,255,0,en,yellow green
154,255,0,en,lime
255,103,0,en,orange
232,255,0,en,yellow
177,0,255,en,purple
255,77,0,en,ochre
255,185,0,en,gold
255,0,74,en,magenta
221,255,0,en,yellow
255,64,0,en,red
146,0,255,en,purple
161,255,0,en,light green
210,0,255,en,light purple
89,255,0,en,lime green
255,0,203,en,pink
255,210,0,en,orange
255,0,141,en,pink
255,103,0,en,orange
255,0,6,en,red
255,0,83,en,magenta
255,222,0,en,yellow
255,163,0,en,light orange
53,0,255,en,dark blue
255,0,158,en,pink
230,255,0,en,yellow
255,0,20,en,red
210,0,255,en,purple
255,104,0,en,orange
255,0,248,en,pink
201,255,0,en,green
255,0,254,en,pink
255,131,0,en,orange
240,255,0,en,yellow
255,0,244,en,pink
255,0,154,en,pink
111,255,0,en,green
255,0,113,en,hot pink
255,128,0,en,orange
255,221,0,en,yellow
95,0,255,en,indigo
255,196,0,en,orange
255,156,0,en,orange
150,255,0,en,green
255,0,236,en,pink
255,0,71,en,red
255,0,198,en,pink
255,0,89,en,red
255,56,0,en,red
126,0,255,en,purple
255,0,153,en,pink
29,0,255,en,royal blue
255,0,190,en,magenta
255,0,57,en,scarlet
255,106,0,en,burnt sienna
238,255,0,en,yellow
255,223,0,en,sunshine yellow
255,0,123,en,pink
255,181,0,en,tangerine
255,0,88,en,rose
255,0,238,en,purple
213,0,255,en,lilac
255,43,0,en,red
255,0,31,en,red
241,0,255,en,light purple
146,255,0,en,lime green
255,191,0,en,lighto range
191,255,0,en,pear green
108,255,0,en,lime green
255,124,0,en,peach
31,255,0,en,bright green
255,245,0,en,yellow
255,0,175,en,pink
255,0,34,en,red
255,0,111,en,mauve
78,255,0,en,lime green
255,230,0,en,yellow
255,92,0,en,red orange
255,131,0,en,orange
255,0,64,en,red
255,0,155,en,hot pink
206,0,255,en,pink
255,0,248,en,pink
255,193,0,en,ochre
207,255,0,en,pale green
255,0,43,en,red
255,31,0,en,red
255,0,215,en,fuschia
255,100,0,en,orange
255,0,85,en,red
51,255,0,en,green
255,233,0,en,yellow
255,0,186,en,hot pink
255,0,135,en,fuschia
255,130,0,en,orange
255,155,0,en,orange
183,255,0,en,pale green
255,249,0,en,yelloe
98,0,255,en,violet
255,5,0,en,red
194,0,255,en,purple
81,0,255,en,blue
255,86,0,en,orange
255,0,131,en,pink
255,245,0,en,yellow
168,255,0,en,grreen
255,0,139,en,pink
99,0,255,en,purple
255,0,183,en,fuchsia
255,254,0,en,yellow
255,31,0,en,red
255,122,0,en,orange
189,255,0,en,yellow
255,0,150,en,fuchsia
255,0,54,en,red
255,154,0,en,orange
255,227,0,en,yellow
4,255,0,en,green
255,0,106,en,fuchsia
227,0,255,en,purple
255,0,33,en,red
255,0,229,en,fuchsia
36,0,255,en,blue
163,0,255,en,purple
255,197,0,en,gold
129,255,0,en,lime
255,111,0,en,orange
219,255,0,en,mustard
255,0,242,en,pinkish purple
255,0,102,en,rose pink
170,255,0,en,yellow green lime
255,30,0,en,red
248,0,255,en,pinkish purple
255,136,0,en,orange
255,0,191,en,pink
127,0,255,en,purple blue
255,0,59,en,rose pink
255,219,0,en,dirty yellow
255,86,0,en,darker orange
255,0,9,en,red
255,0,134,en,pink
255,244,0,en,yellow
255,0,152,en,pink
255,200,0,en,yellow
176,0,255,en,purple
78,255,0,en,green
255,159,0,en,dark yellow orange
83,255,0,en,lime
255,0,86,en,magenta
237,0,255,en,purple
255,102,0,en,orange
255,0,222,en,pink
220,255,0,en,yellow
255,0,63,en,red
255,136,0,en,orange
255,202,0,en,gold
255,116,0,en,orange
209,0,255,en,violet
160,255,0,en,bright chartruse
148,0,255,en,purple
255,0,41,en,red
255,0,219,en,hot pink
81,0,255,en,deep violet
255,0,165,en,hot pink
209,255,0,en,greenish yellow
72,255,0,en,yellowish green
255,0,62,en,red
227,0,255,en,magenta
255,0,128,en,pink red
255,242,0,en,yellow
255,0,86,en,deep coral
255,246,0,en,yellow
255,209,0,en,orange yellow
255,53,0,en,orange red
255,134,0,en,orange
255,153,0,en,light orange
255,0,199,en,hot pink
136,255,0,en,lime green
255,164,0,en,orange
255,0,192,en,magenta
224,255,0,en,yellow
255,57,0,en,red
195,0,255,en,purple
255,139,0,en,orange
255,0,103,en,magenta
255,184,0,en,yellow ochre
255,93,0,en,orange
255,0,132,en,hot pink
225,0,255,en,purple
255,0,73,en,burgundy
255,0,160,en,pink
92,255,0,en,lime green
136,0,255,en,purple
255,238,0,en,yellow
255,0,23,en,red
248,255,0,en,yellow
255,0,235,en,magenta
255,0,92,en,raspberry
255,170,0,en,orange
245,255,0,en,yellow
255,108,0,en,dark orange
209,255,0,en,lime green
255,201,0,en,orange
255,0,185,en,fusia
197,0,255,en,purple
255,0,68,en,red
56,0,255,en,blue
247,0,255,en,fusia
255,0,244,en,fusia
255,230,0,en,yellow
255,37,0,en,red
121,0,255,en,purple
255,0,44,en,red
255,0,165,en,fusia
255,134,0,en,orange
138,255,0,en,lime
114,255,0,en,lime
255,0,126,en,dark pink
255,249,0,en,yellow
213,255,0,en,dew yellow
255,14,0,en,red
41,255,0,en,lime green
220,0,255,en,purple
255,0,196,en,hot pink
255,98,0,en,sunrise orange
255,0,230,en,majenta
255,135,0,en,orange
169,0,255,en,purple
255,0,42,en,red
255,0,215,en,pink
140,255,0,en,green
255,74,0,en,red
255,158,0,en,orange
247,0,255,en,pink purple
255,0,136,en,pink
255,0,81,en,red
200,255,0,en,lime green
19,0,255,en,blue
255,242,0,en,yellow
255,254,0,en,yellow
255,87,0,en,orange
107,255,0,en,green
144,0,255,en,purple
255,0,162,en,pink
255,0,49,en,red
255,0,209,en,pink
255,193,0,en,mustard
255,98,0,en,orange
144,255,0,en,lime green
255,0,3,en,red
255,0,53,en,maroon
255,123,0,en,light orange
255,0,92,en,violet
255,28,0,en,red orange
255,0,20,en,red
184,255,0,en,greenyellow
217,255,0,en,greenyellow
185,0,255,en,purple
255,28,0,en,red
255,176,0,en,orange
255,197,0,en,orange
255,0,200,en,pink
255,134,0,en,orange
255,254,0,en,yellow
255,0,105,en,redpink
120,0,255,en,purpleblue
255,215,0,en,orange
255,0,172,en,pink
97,255,0,en,green
255,118,0,en,orange
255,0,245,en,pink
255,0,116,en,redpink
234,0,255,en,purplepink
255,0,72,en,red
73,255,0,en,lime green
255,0,227,en,magenta
255,0,57,en,red
255,242,0,en,yellow
255,198,0,en,goldenrod
255,67,0,en,orange
255,148,0,en,ochre
255,0,139,en,magenta
255,244,0,en,mustard yellow
255,117,0,en,brick orange
110,0,255,en,colonial blue
221,0,255,en,violet
127,0,255,en,violet
255,0,154,en,magenta
67,0,255,en,indigo
255,0,140,en,fuchsia
255,61,0,en,dark orange
255,0,89,en,magenta
255,251,0,en,bright yellow
255,0,33,en,red
255,0,205,en,fuchsia
207,0,255,en,purple
255,0,219,en,hot pink
255,203,0,en,golden yellow
255,98,0,en,orange
255,180,0,en,yellow orange
255,0,72,en,crimson
255,122,0,en,orange
255,217,0,en,golden yellow
219,0,255,en,light purple
149,255,0,en,lime green
87,255,0,en,bright green
191,255,0,en,yellow green
255,0,255,en,purple
66,0,255,en,blue
255,0,141,en,pink
255,56,0,en,orange
255,241,0,en,yellow
255,0,46,en,red
255,253,0,en,yellow
218,255,0,en,green
255,175,0,en,orange
123,0,255,en,purple
255,0,239,en,pink
255,0,86,en,red
255,0,157,en,pink
255,90,0,en,orange
255,0,37,en,red
255,145,0,en,dark yellow
255,174,0,en,yellow
164,255,0,en,neon yellow
255,0,206,en,pink
94,255,0,en,neon green
123,0,255,en,purple
255,0,64,en,red
45,0,255,en,deep blue
217,255,0,en,neon yellow
255,0,143,en,pink
250,255,0,en,yellow
255,186,0,en,dirty yellow
233,0,255,en,purple
203,0,255,en,purple
255,57,0,en,orange red
255,0,125,en,pink
255,0,239,en,purple
255,0,97,en,pink
255,232,0,en,yellow
255,0,178,en,pink
255,0,231,en,neon pink
239,0,255,en,magenta
162,255,0,en,gum green
255,249,0,en,yellow
255,0,80,en,red pink
255,0,132,en,bright pink
198,0,255,en,neon purple
255,65,0,en,orange
255,0,17,en,red
255,0,97,en,pink
255,0,48,en,red
255,87,0,en,orange
176,0,255,en,purple
255,255,0,en,yellow
41,0,255,en,electric blue
255,0,167,en,electric pink
255,0,50,en,crismon
255,0,217,en,pink
255,0,255,en,bright pink
255,185,0,en,yellow orange
124,255,0,en,bright green
114,255,0,en,neon green
119,0,255,en,neon purple
255,0,107,en,pink
221,255,0,en,greenish yellow
255,80,0,en,orangy red
255,0,119,en,rose pink
255,142,0,en,dark orange
255,240,0,en,sun yellow
255,161,0,en,light orange
67,0,255,en,blue
222,255,0,en,yellow
255,142,0,en,orange
255,96,0,en,red organge
180,255,0,en,yellow green
163,0,255,en,bright purple
255,219,0,en,yellow orange
255,156,0,en,orange
39,255,0,en,bright green
227,255,0,en,chartreuse
255,173,0,en,light orange
96,255,0,en,kelly green
91,0,255,en,purple
255,0,238,en,fuschia
255,0,100,en,bright red
255,108,0,en,orange
255,37,0,en,red
255,137,0,en,orange
255,0,4,en,red
180,0,255,en,purple
255,213,0,en,yellow
255,0,161,en,hot pink
255,193,0,en,mustard yellow
229,0,255,en,fuschia
251,255,0,en,yellow
255,0,194,en,pink
133,0,255,en,purple
255,0,51,en,red
255,251,0,en,yellow
225,0,255,en,purple
255,236,0,en,yellow
174,0,255,en,purple
156,0,255,en,purple
127,255,0,en,green
255,166,0,en,orange
255,0,174,en,purple
255,0,129,en,pink
255,135,0,en,orange
255,0,44,en,red
255,0,63,en,pink
255,0,239,en,purple
255,95,0,en,orange
255,78,0,en,red
178,255,0,en,green
255,0,198,en,pink
227,255,0,en,yellow
255,0,111,en,pink
255,185,0,en,orange
255,61,0,en,red
58,0,255,en,royal blue
255,0,146,en,fuscia
167,255,0,en,lime green
255,128,0,en,orange
255,0,244,en,magenta
180,255,0,en,yellow green
255,0,192,en,fuchsia
255,162,0,en,orange
255,66,0,en,red
255,97,0,en,orange red
255,241,0,en,yellow
219,0,255,en,purple
208,0,255,en,lavender
255,113,0,en,burnt orange
66,255,0,en,neon green
255,29,0,en,brick red
255,0,240,en,purple
255,0,112,en,coral
255,0,180,en,dark pinl
90,0,255,en,sea blue
255,0,28,en,brick
238,255,0,en,bananna
255,226,0,en,mustard
94,0,255,en,blue
225,255,0,en,yellow
255,0,169,en,light purple
255,0,101,en,coral
255,0,52,en,orange red
232,0,255,en,lavender
255,132,0,en,orange
255,190,0,en,mustard
255,168,0,en,burnt sand
167,255,0,en,banana green
255,0,118,en,dark pink
187,0,255,en,purple
131,0,255,en,dark purple
255,0,186,en,pink
159,255,0,en,green
255,0,241,en,purple
255,0,155,en,pink
217,255,0,en,yellow
122,255,0,en,green
255,0,248,en,purple
255,102,0,en,orange
255,0,109,en,pink
255,123,0,en,orange
255,76,0,en,orange red
255,0,139,en,pink
183,255,0,en,yellow green
219,0,255,en,magenta
250,255,0,en,yellow
174,0,255,en,purple (bright)
255,193,0,en,yellow (almost mustard)
255,0,213,en,pink (bright)
255,167,0,en,goldenrod
123,255,0,en,green (bright/light)
255,0,16,en,red
255,101,0,en,orange
255,0,80,en,dark pint
255,122,0,en,orange (slightly more yellow)
190,255,0,en,yellow green
255,0,200,en,pink (a little bright)
97,0,255,en,blue (with some purple)
255,0,101,en,pink (dark)
255,0,151,en,pink
255,213,0,en,yellow (almost goldenrod)
30,0,255,en,blue
137,255,0,en,green
198,0,255,en,purple
136,0,255,en,purple
255,0,103,en,pink
96,255,0,en,green
255,43,0,en,red
255,0,143,en,pink
255,0,219,en,pink
255,114,0,en,orange
255,0,22,en,red
255,121,0,en,orange
255,232,0,en,yellow
255,0,130,en,pink
255,0,187,en,pink
255,188,0,en,oange
255,0,65,en,red
204,255,0,en,green
255,169,0,en,orange
248,255,0,en,yellow
255,0,247,en,pink
255,0,140,en,pink
167,255,0,en,yellow green
255,53,0,en,red
255,243,0,en,yellow
60,255,0,en,green
255,109,0,en,orange
255,136,0,en,orange
255,163,0,en,orange
255,0,93,en,pink
255,0,16,en,red
255,0,178,en,pink
255,232,0,en,yellow
255,0,170,en,pink
222,0,255,en,purple
192,0,255,en,purple
97,0,255,en,violet
255,0,58,en,red
194,255,0,en,yellow
255,206,0,en,gold
255,0,234,en,pink
255,0,177,en,pink
255,0,64,en,red
255,0,41,en,red
211,0,255,en,purple
66,0,255,en,blue
255,252,0,en,yellow
255,191,0,en,orange
255,253,0,en,yellow
255,0,188,en,fuchsia
147,255,0,en,lime
255,23,0,en,cherry
169,0,255,en,purple
86,255,0,en,green
245,255,0,en,yellow
255,93,0,en,rust
255,225,0,en,yellow
255,187,0,en,orange
255,0,235,en,magenta
115,0,255,en,purple
255,0,68,en,pink
255,163,0,en,mandarin
255,0,118,en,magenta
255,146,0,en,orange
255,27,0,en,red
177,255,0,en,green
229,255,0,en,yellow
255,0,197,en,magenta
253,0,255,en,magenta
255,0,33,en,red
12,0,255,en,blue
255,0,108,en,pink
255,0,251,en,magenta
134,0,255,en,purple
255,112,0,en,orange
205,255,0,en,lime green
255,189,0,en,yello orange
255,242,0,en,yellow
255,0,103,en,red
255,184,0,en,marigold
255,244,0,en,bright yellow
240,0,255,en,magenta
255,0,41,en,primary red
255,52,0,en,red orange
255,0,225,en,pink
255,127,0,en,orange
184,0,255,en,purple
164,255,0,en,lime green
255,0,196,en,pink
255,0,91,en,coral
196,255,0,en,lime green
255,157,0,en,orange
34,255,0,en,green
136,0,255,en,royal blue
83,255,0,en,linen green
255,234,0,en,dandelion
255,115,0,en,orange
255,0,175,en,hot pink
255,0,140,en,neon pink
255,0,68,en,red pink
255,0,130,en,pink
255,194,0,en,gold
255,0,97,en,pink
255,228,0,en,yellow
176,255,0,en,lime green
202,0,255,en,purple
255,119,0,en,orange
242,0,255,en,magenta
255,0,67,en,red
255,0,35,en,red
255,78,0,en,red orange
255,167,0,en,orange
255,0,199,en,pink
186,0,255,en,purple
255,121,0,en,orange
255,0,172,en,pink
182,255,0,en,yellow green
255,0,183,en,pink
67,0,255,en,royal blue
255,51,0,en,red
255,0,143,en,pink
231,255,0,en,yellow
255,0,2,en,red
255,0,52,en,dark red
44,255,0,en,green
255,218,0,en,mustard yellow
255,0,232,en,pink
255,84,0,en,red orange
252,0,255,en,pink
119,0,255,en,pale purple
255,185,0,en,light orange
223,255,0,en,yellow
255,172,0,en,orange
255,0,106,en,hot pink
255,0,81,en,pink
255,0,22,en,red
197,255,0,en,lime
255,176,0,en,yellow
255,0,132,en,magenta
255,62,0,en,orange
245,0,255,en,purple
255,252,0,en,yellow
255,89,0,en,orange
255,209,0,en,yellow
255,0,185,en,magenta
255,121,0,en,orange
255,238,0,en,yellow
168,255,0,en,lime
166,0,255,en,purple
255,0,234,en,purple
100,0,255,en,violet
108,255,0,en,green
255,0,49,en,pink
255,0,149,en,purple
255,0,255,en,purple
172,0,255,en,violet
255,0,225,en,pink
255,147,0,en,orange
255,0,178,en,pink
255,0,170,en,pink
255,0,65,en,red
141,0,255,en,blue
255,35,0,en,red
255,0,23,en,red
255,108,0,en,orange
241,255,0,en,yellow
161,255,0,en,lightgreen
62,0,255,en,blue
211,255,0,en,yellow
255,205,0,en,orange
255,161,0,en,darkorange
255,0,86,en,red
255,0,135,en,pink
59,255,0,en,green
255,227,0,en,lightorange
248,255,0,en,bright yellow
203,0,255,en,purple
250,0,255,en,magenta
103,0,255,en,violet
255,0,147,en,pink
255,136,0,en,orange
255,0,90,en,red
255,198,0,en,yellow orange
185,255,0,en,lime green
61,255,0,en,green
255,227,0,en,yellow
255,172,0,en,orange
255,91,0,en,sunset
255,0,120,en,deep pink
255,47,0,en,red
60,0,255,en,blue violet
255,0,185,en,magenta
255,0,36,en,red
255,0,75,en,crimson
229,255,0,en,greenish yellow
255,0,224,en,purple
255,0,57,en,red
255,0,225,en,pink
255,0,2,en,red
230,255,0,en,yellow
180,255,0,en,fuck if i know
255,0,173,en,pink
94,0,255,en,blue
255,0,100,en,pink
255,202,0,en,yellowish
255,103,0,en,orange
255,217,0,en,"a bit more yellow than the last one but meh. they're both yellow, it just feels wrong"
255,153,0,en,orange
69,255,0,en,green
255,246,0,en,now *this* is yellow
255,16,0,en,red
205,0,255,en,purple
255,0,140,en,fuchsia?
255,0,254,en,it's either pink or purple and either way i'm an idiot. i miss the yellows
255,123,0,en,orange
255,0,180,en,pink
255,0,248,en,purple pink
255,0,18,en,red
255,0,215,en,pink
255,165,0,en,orange
255,214,0,en,yellow
179,0,255,en,purple
93,255,0,en,grass green
236,255,0,en,sunflower yellow
255,107,0,en,orange
255,202,0,en,sunshine yellow
255,33,0,en,brighter red
255,0,58,en,red
220,255,0,en,lime yellow
71,0,255,en,night blue
255,0,164,en,pink pop
255,130,0,en,organge
255,0,82,en,old red
178,255,0,en,lime
255,0,137,en,hot pink
155,0,255,en,baby purple
255,0,206,en,barbie pink
255,0,142,en,pink
255,0,97,en,cherry
104,255,0,en,light green
255,89,0,en,orange
255,67,0,en,vermilion
156,255,0,en,lime green
255,0,175,en,magenta
255,185,0,en,gold orange
255,145,0,en,tangerine orange
255,0,18,en,red
255,246,0,en,yellow
214,255,0,en,fluorescent
255,0,71,en,scarlet red
102,0,255,en,indigo
255,0,242,en,bubble gum pink
188,0,255,en,violet
255,0,181,en,hot pink
254,0,255,en,red violet
255,228,0,en,bumblebee yellow
255,160,0,en,carrot yellow
255,0,135,en,pink
125,255,0,en,green
255,246,0,en,yellow
255,163,0,en,orange
223,255,0,en,yellow
12,0,255,en,blue
255,0,218,en,pink
255,0,18,en,red
255,0,95,en,pink
136,0,255,en,violet
255,0,67,en,red
255,150,0,en,orange
255,216,0,en,yellow
255,34,0,en,red
253,0,255,en,pink
255,0,187,en,pink
255,98,0,en,orange
209,0,255,en,violet
143,255,0,en,green
255,191,0,en,yellow
255,0,153,en,pink
255,0,208,en,pink
87,0,255,en,blue
255,0,91,en,pink
255,100,0,en,orange
116,255,0,en,green
255,52,0,en,orange
255,161,0,en,orange
228,255,0,en,yellow
255,190,0,en,orange
244,255,0,en,yellow
255,0,133,en,pink
255,123,0,en,orange
255,235,0,en,yellow
112,0,255,en,blue
255,0,53,en,red
197,0,255,en,purple
255,0,160,en,pink
255,0,28,en,red
255,0,249,en,pink
153,255,0,en,green
255,0,241,en,pink
255,157,0,en,mandarin
255,0,104,en,fushia
255,0,241,en,hot pink
255,0,128,en,blush pink
255,0,55,en,fire engine red
246,0,255,en,magenta
109,255,0,en,lime green
255,232,0,en,yellow
255,0,177,en,hot pink
255,79,0,en,fire engine red
125,0,255,en,violet
255,127,0,en,orange
195,0,255,en,magenta
215,255,0,en,yellow green
255,247,0,en,lemon yellow
133,255,0,en,bright green
255,0,27,en,red
91,0,255,en,periwinkle blue
255,201,0,en,mustard
255,0,160,en,fushia
255,88,0,en,burnt orange
255,179,0,en,orange
255,0,169,en,pink
255,218,0,en,yellow
213,255,0,en,neon yellow
255,0,86,en,red
255,254,0,en,yellow
255,0,4,en,bright red
198,0,255,en,purple
255,77,0,en,orange
112,255,0,en,green
95,0,255,en,bright blue
255,0,65,en,maroon
37,255,0,en,green
147,255,0,en,neon green
255,0,210,en,purple
255,191,0,en,yellow
255,122,0,en,orange
39,0,255,en,dark blue
255,0,132,en,pink
255,0,216,en,pink
255,95,0,en,dark orange
255,0,246,en,purple
234,255,0,en,yellow
229,255,0,en,yellow
255,0,42,en,red
255,207,0,en,dandelion
255,0,66,en,red
255,0,85,en,raspberry
255,0,122,en,magenta
255,79,0,en,red orange
174,0,255,en,purple
155,255,0,en,lime green
255,0,181,en,pink
118,0,255,en,indigo
255,0,218,en,pink
255,150,0,en,orange
251,0,255,en,pink purple
93,255,0,en,lime green
255,0,157,en,magenta
255,173,0,en,orange
255,221,0,en,yellow
255,91,0,en,orange red
255,111,0,en,orange
255,4,0,en,red
255,196,0,en,dandelion
235,255,0,en,yellow
64,255,0,en,lime green
255,0,48,en,red
169,255,0,en,yellow green
255,0,123,en,magenta
190,255,0,en,neon yellow
174,0,255,en,bright purple
255,0,150,en,hot pink
255,0,95,en,red pink
238,0,255,en,neon purple
138,0,255,en,blue purple
255,0,229,en,magenta
255,0,199,en,hot pink
255,181,0,en,dandelion
255,0,79,en,red
255,218,0,en,golden
255,133,0,en,orange
255,0,6,en,red
255,0,149,en,magenta
161,255,0,en,green
109,0,255,en,purple
255,23,0,en,red
190,0,255,en,purple
202,255,0,en,green
131,255,0,en,green
255,0,112,en,magenta
255,163,0,en,orange
255,241,0,en,yellow
255,0,60,en,red
255,109,0,en,orange
255,245,0,en,yellow
255,0,237,en,magenta
255,0,95,en,pink
255,189,0,en,orange
255,136,0,en,orange
255,0,181,en,magenta
223,0,255,en,purple
255,0,230,en,purple
102,255,0,en,green
255,156,0,en,orange
255,216,0,en,yellow
255,0,32,en,red
255,116,0,en,orange
255,142,0,en,orange
255,0,141,en,purple
207,0,255,en,purple
255,247,0,en,yellow
255,0,191,en,pink
173,255,0,en,green
255,207,0,en,orange
191,255,0,en,green
255,78,0,en,orange
90,0,255,en,blue
255,0,63,en,red
255,0,84,en,red
96,0,255,en,blue
255,0,152,en,pink
251,0,255,en,purple
43,0,255,en,blue
255,249,0,en,yellow
255,221,0,en,goldenrod
255,48,0,en,red
255,0,137,en,fuscia
202,255,0,en,yellow green
255,186,0,en,orange
98,0,255,en,blue
255,0,7,en,red
162,255,0,en,lime green
255,0,64,en,red
255,181,0,en,goldenrod
125,255,0,en,lime green
255,0,86,en,red
255,0,169,en,fuscia
255,96,0,en,orange
255,128,0,en,burnt orange
255,0,183,en,pink
255,0,219,en,fuscia
188,0,255,en,purple
227,0,255,en,violet
215,0,255,en,purple
134,255,0,en,green
255,0,143,en,pink
255,98,0,en,orange
209,255,0,en,lime green
255,229,0,en,yellow
237,0,255,en,purple
255,245,0,en,yellow
255,0,35,en,red
255,23,0,en,red
255,0,73,en,red
255,149,0,en,orange
255,0,129,en,pink
255,0,179,en,pink
255,0,241,en,purple
255,0,91,en,pink
255,156,0,en,orange
136,0,255,en,purple
255,206,0,en,yellow
48,255,0,en,green
255,0,142,en,hot pink
255,0,42,en,red
255,0,91,en,red
255,162,0,en,goldenrod
222,0,255,en,violet
255,0,188,en,hot pink
255,131,0,en,goldenrod
255,0,158,en,fuscia
148,255,0,en,lime green
90,255,0,en,lime green
188,0,255,en,purple
255,183,0,en,goldenrod
255,0,50,en,red
223,255,0,en,yellow
244,255,0,en,yellow
55,0,255,en,royal blue
255,48,0,en,red
255,229,0,en,yellow
255,115,0,en,burnt orange
255,0,238,en,fucsia
108,0,255,en,purple
255,0,175,en,pink
255,0,60,en,red
255,237,0,en,yellow
255,0,227,en,pink
255,0,90,en,red
255,0,200,en,pink
255,67,0,en,orange
235,255,0,en,yellow
255,0,111,en,hot pink
116,255,0,en,green
255,141,0,en,orange
150,0,255,en,purple
191,255,0,en,green
43,0,255,en,blue
166,0,255,en,purple
255,93,0,en,orange
255,172,0,en,orange
255,188,0,en,orange
255,0,27,en,red
184,255,0,en,green
229,0,255,en,purple
255,0,204,en,magenta
91,255,0,en,forest green
255,67,0,en,orange
255,0,158,en,magenta
44,0,255,en,royal blue
255,128,0,en,orange
149,255,0,en,green
255,164,0,en,orange
255,209,0,en,yellow
241,255,0,en,yellow
255,115,0,en,orange
130,0,255,en,purple
255,0,33,en,red
254,0,255,en,indigo
255,0,91,en,pink red
255,0,227,en,purple
255,0,56,en,red
217,0,255,en,purple
255,239,0,en,yellow
196,255,0,en,yellow
255,0,120,en,magenta
255,0,28,en,red
21,0,255,en,cobalt
255,0,180,en,fuschia
215,255,0,en,mucus green
255,0,74,en,pink red
255,0,173,en,hot pink
255,0,220,en,fuschia
255,0,104,en,pink red
255,172,0,en,warm yellow
92,0,255,en,bluish purple
255,108,0,en,orange
139,255,0,en,lime green
238,0,255,en,flat fuschia
255,205,0,en,light mustard
255,29,0,en,red orange
255,220,0,en,matte yellow
91,255,0,en,neon green
255,0,139,en,hot pink
255,141,0,en,muted orange
189,0,255,en,medium purple
255,24,0,en,red
255,160,0,en,orange
255,0,217,en,pink
255,150,0,en,orane
255,0,57,en,red
124,0,255,en,purple
255,0,98,en,red
255,0,148,en,pink
255,0,112,en,reddish pink
255,0,197,en,pink
243,255,0,en,yellow
255,219,0,en,gold
255,0,18,en,red
134,255,0,en,bright green
255,206,0,en,orange
255,0,97,en,magenta
255,195,0,en,dark yellow
58,255,0,en,green
162,255,0,en,light green
255,60,0,en,orange
255,0,155,en,pink
239,255,0,en,lemon yellow
255,229,0,en,yellow
253,255,0,en,yellow
161,255,0,en,yellow green
255,0,92,en,pink
255,0,201,en,puschia pink
196,0,255,en,violet
120,255,0,en,yellow green
115,0,255,en,violet
255,171,0,en,brown
255,0,31,en,red
255,210,0,en,yellow orange
255,0,152,en,dark pink
255,125,0,en,orange
255,0,49,en,light red
71,255,0,en,green
255,0,209,en,magenta
232,0,255,en,purple
255,0,115,en,red
255,251,0,en,yellow
255,0,242,en,purple
65,0,255,en,dark blue
255,111,0,en,orange
255,0,43,en,red
255,80,0,en,red
255,143,0,en,orange
168,0,255,en,purple
165,255,0,en,green
255,0,101,en,red
255,180,0,en,gold
255,217,0,en,gold
223,255,0,en,yellow green
255,0,54,en,red
255,0,173,en,purple
113,0,255,en,purple
255,201,0,en,gold
255,141,0,en,orange
246,0,255,en,fuscia
164,255,0,en,lime green
255,0,217,en,fuscia
255,0,42,en,red
255,224,0,en,yellow
255,159,0,en,orange
203,255,0,en,green
255,100,0,en,orange
110,0,255,en,navy blue
255,0,184,en,fuscia
255,21,0,en,red
255,0,93,en,pink
76,0,255,en,royal blue
130,255,0,en,green
201,0,255,en,violet
255,0,116,en,pink
255,0,170,en,fuscia
236,255,0,en,yellow
255,183,0,en,mustard
74,0,255,en,purple
255,0,147,en,hot pink
255,0,101,en,dark pink
66,255,0,en,limegreen
255,201,0,en,yellow/orange
255,83,0,en,orange
255,129,0,en,orange
255,98,0,en,dark orange
255,0,10,en,red
255,162,0,en,light orange
255,252,0,en,yellow
255,0,37,en,red
255,0,73,en,berries
255,160,0,en,orange
194,0,255,en,bright purple
255,4,0,en,red pepper
255,183,0,en,yellow orange/ butternut
255,0,96,en,red
255,0,236,en,light purple
255,0,146,en,magenta
255,0,76,en,red
255,0,252,en,light purple
184,0,255,en,purple
255,0,226,en,fusia
255,0,95,en,berry
220,0,255,en,neon purple
255,0,162,en,pink lipstick
255,0,128,en,magenta
255,124,0,en,organe
255,255,0,en,highlight yellow
255,0,142,en,hot pink
174,255,0,en,yellow green
255,0,240,en,pink
190,0,255,en,light purple
221,0,255,en,pink purple
255,0,176,en,dark pink
255,0,36,en,red
255,234,0,en,yellow
255,52,0,en,scarlett
255,208,0,en,golden rod
105,255,0,en,lime
255,0,177,en,pink
222,255,0,en,yellow green
145,0,255,en,purple
255,0,113,en,magenta
161,255,0,en,light green
255,0,57,en,pink red
112,0,255,en,pruple
255,216,0,en,yellow orange
210,255,0,en,yellow green
255,78,0,en,red orange
255,162,0,en,orange
255,233,0,en,yellow
255,126,0,en,orange
126,0,255,en,purple
255,0,180,en,hot pink
224,255,0,en,yellow green
255,252,0,en,sunshine
255,104,0,en,burnt orange
255,0,89,en,pink
255,73,0,en,orange
255,0,64,en,red
255,0,226,en,magenta
255,119,0,en,burnt orange
93,255,0,en,neon green
255,254,0,en,yellow
150,0,255,en,purple
255,0,192,en,magenta
255,0,160,en,pinkblue
215,0,255,en,purple
255,234,0,en,yellow
255,186,0,en,yelloworange
246,0,255,en,magenta
255,129,0,en,orange
255,0,6,en,red
54,0,255,en,blue
255,0,129,en,pink
255,170,0,en,orange
216,255,0,en,lime green
159,255,0,en,green
120,0,255,en,purple
186,255,0,en,green
255,0,181,en,pink
236,255,0,en,yellow
255,0,170,en,pink
255,0,90,en,red
236,255,0,en,yellow
102,0,255,en,purple
230,255,0,en,yellow
171,0,255,en,purple
255,165,0,en,orange
255,0,75,en,red
255,0,230,en,pink
255,28,0,en,red
131,255,0,en,green
255,93,0,en,orange
255,194,0,en,yellow
255,0,255,en,purple
255,0,111,en,hotpink
255,0,169,en,pink
174,255,0,en,lime
255,0,34,en,red
255,120,0,en,orange
255,224,0,en,yellow
255,0,206,en,pink
255,0,124,en,pink
255,175,0,en,orange
111,255,0,en,lime green
255,221,0,en,yellow
255,137,0,en,dark orange
255,191,0,en,orange
255,0,119,en,pink
255,0,187,en,magenta
144,0,255,en,purple
255,0,54,en,red
165,255,0,en,neon green
195,0,255,en,royal purple
214,255,0,en,mustard yellow
255,0,46,en,red
255,0,165,en,hot pink
255,0,210,en,magenta
255,106,0,en,orange
73,0,255,en,royal blue
252,0,255,en,fucia
255,69,0,en,red orange
255,0,110,en,pinkish
235,255,0,en,yellow
255,78,0,en,dark orange
32,0,255,en,royal blue
255,0,19,en,red
255,133,0,en,orange
255,0,254,en,magenta
255,161,0,en,orange
212,255,0,en,faded yellow
255,0,86,en,coral
218,0,255,en,royal purple
255,204,0,en,light orange
255,0,159,en,pink
255,94,0,en,red orange
255,241,0,en,yellow orange
255,0,222,en,neon pink
255,0,176,en,pink
255,253,0,en,flat yellow
109,255,0,en,grass green
255,0,65,en,red
255,0,140,en,hot pink
153,0,255,en,royal purple
150,255,0,en,light green
255,0,154,en,fushia
255,226,0,en,sunny
179,255,0,en,lime green
187,255,0,en,yellow green
255,21,0,en,crimson
255,212,0,en,warm yellow
255,76,0,en,red
136,0,255,en,purple
238,255,0,en,yellow
230,0,255,en,magenta
255,0,183,en,pink
255,200,0,en,yellow
255,0,57,en,red
255,234,0,en,yellow
221,255,0,en,yellow
255,118,0,en,orange
215,0,255,en,purple
255,0,34,en,red
255,150,0,en,orange
138,255,0,en,green
255,170,0,en,orange
50,255,0,en,green
255,0,101,en,red
255,0,164,en,pink
255,0,114,en,pink
255,0,221,en,pink
255,0,63,en,red
255,0,101,en,pink
255,59,0,en,orange
255,242,0,en,yellow
31,0,255,en,blue
194,0,255,en,purple
255,0,224,en,purple
255,141,0,en,orange
207,255,0,en,yellow
243,0,255,en,purple
255,0,46,en,red
255,0,118,en,pink
115,255,0,en,green
183,255,0,en,yellow
255,189,0,en,orange
255,0,208,en,pink
255,158,0,en,orange
134,0,255,en,violet
255,244,0,en,yellow
255,107,0,en,orange
255,0,174,en,pink
255,247,0,en,yellow
255,196,0,en,orange
255,0,206,en,hot pink
255,21,0,en,red
255,0,238,en,fushia
152,0,255,en,purple
202,255,0,en,mustard yellow
194,255,0,en,lime green
255,109,0,en,red orange
168,255,0,en,lime green
255,205,0,en,yellow orange
255,0,101,en,red pink
67,0,255,en,blue
233,255,0,en,yellown
255,0,132,en,pink
255,0,47,en,red
255,75,0,en,red orange
255,176,0,en,yellow orange
192,0,255,en,purple
255,140,0,en,orange
99,255,0,en,lime green
97,0,255,en,indigo
255,0,61,en,red pink
255,237,0,en,yellow
255,0,165,en,magenta
255,0,200,en,pink
255,0,229,en,pink purple
193,0,255,en,purple
255,0,177,en,magenta
224,255,0,en,lime green
255,0,236,en,pinkish purple
255,188,0,en,sunflower yellow
255,156,0,en,burnt yellow
255,138,0,en,orange
131,0,255,en,sharp purple
255,3,0,en,flame red
255,246,0,en,yellow
255,0,146,en,hot pink
255,0,25,en,red!
255,97,0,en,hot cheeto red
255,0,66,en,lipstick red
255,0,131,en,deep pink
55,255,0,en,brighter green
255,0,84,en,desaturated red
239,0,255,en,immature purple
155,255,0,en,grass green
255,240,0,en,sunglass yellow
255,0,44,en,red
9,255,0,en,green
159,0,255,en,purple
255,0,70,en,red
255,234,0,en,yellow
255,163,0,en,orange
135,255,0,en,green
255,0,129,en,pink
255,150,0,en,orange
214,0,255,en,purple
231,255,0,en,yellow
255,64,0,en,red
255,212,0,en,yellow
255,0,84,en,red
255,0,199,en,pink
229,255,0,en,yellow
235,0,255,en,purple
46,255,0,en,green
255,0,214,en,pink
255,100,0,en,orange
255,0,163,en,pink
253,0,255,en,fuscia
232,255,0,en,yellow
255,137,0,en,orange
191,0,255,en,violet
255,204,0,en,yellow
255,170,0,en,gold
255,0,28,en,red
190,255,0,en,green yellow
255,96,0,en,burnt orange
255,0,197,en,pink
100,255,0,en,green apple
184,255,0,en,yellow
255,0,148,en,pink
255,0,99,en,hot pink
255,81,0,en,burnt orange
255,238,0,en,yellow
150,0,255,en,purple
255,0,72,en,pink
255,0,231,en,pink
255,0,131,en,pink
255,59,0,en,burnt orange
255,95,0,en,orange
255,0,129,en,fushia
241,0,255,en,purple
255,0,80,en,dark pink
255,213,0,en,dark yellow
255,0,16,en,red
199,255,0,en,lime green
180,255,0,en,lime green
86,255,0,en,green
236,255,0,en,yellow
255,159,0,en,orange
135,0,255,en,purple
255,0,192,en,pink
255,0,211,en,fushia
255,187,0,en,yellow
255,0,168,en,dark pink
215,0,255,en,purple
65,0,255,en,dark blue
255,143,0,en,orange
255,0,94,en,brick red
48,255,0,en,lime green
152,0,255,en,purple
255,0,149,en,pink
255,0,47,en,red
255,0,136,en,pink
255,48,0,en,red
44,0,255,en,blue
255,0,75,en,red
100,0,255,en,blue
183,0,255,en,purple
255,0,127,en,pink
255,0,88,en,red
216,255,0,en,green
82,0,255,en,blue
73,255,0,en,green
255,163,0,en,orange
255,0,146,en,pink
255,0,252,en,purple
255,0,32,en,red
255,150,0,en,orange
255,0,215,en,pink
255,195,0,en,yellow
144,255,0,en,green
255,219,0,en,yellow
255,92,0,en,orange
253,255,0,en,yellow
255,0,50,en,red
255,62,0,en,red
255,0,187,en,purple
255,62,0,en,red
255,0,199,en,fuschia
123,255,0,en,lime green
255,241,0,en,yellow
255,0,227,en,fuschia
123,0,255,en,purple
255,113,0,en,burnt orange
255,0,68,en,ruby
242,255,0,en,yellow
255,0,45,en,dark pink
255,171,0,en,mustard
78,0,255,en,blue
255,145,0,en,orange
255,190,0,en,mustard
198,255,0,en,parrot green
255,0,89,en,ruby
222,0,255,en,violet
217,0,255,en,violet
255,0,114,en,pink
149,255,0,en,parrot green
255,0,153,en,fuschia
255,164,0,en,orange
255,0,115,en,hot pink
255,230,0,en,yellow
65,255,0,en,green
255,0,192,en,pink
255,0,93,en,hot oink
255,211,0,en,dark yellow
255,156,0,en,orange
185,255,0,en,lime
195,0,255,en,purple
255,220,0,en,yellow
255,253,0,en,yellow
255,0,190,en,magenta
255,0,134,en,pink
255,95,0,en,dark orange
255,2,0,en,red
136,0,255,en,purple
255,0,28,en,red
255,210,0,en,yellow
255,0,66,en,pinkish red
59,0,255,en,indigo
255,0,234,en,fuscia
255,130,0,en,orange
89,255,0,en,lime
255,0,251,en,magenta
255,0,174,en,pink
255,0,105,en,pink
215,255,0,en,yellow green
255,175,0,en,orange
255,232,0,en,yellow
255,0,36,en,red
71,255,0,en,green
255,211,0,en,curry yellow
255,163,0,en,orange
255,0,255,en,pink purpel
132,0,255,en,purpel
255,0,133,en,pink
255,142,0,en,orange
40,0,255,en,dark blue
255,0,102,en,red
255,0,223,en,purple
255,0,157,en,pink
255,116,0,en,orange
201,0,255,en,purple
215,255,0,en,yellow
239,255,0,en,yellow
193,0,255,en,purpel
255,0,76,en,light red
255,17,0,en,red
155,255,0,en,lime green
255,0,81,en,dark pink
163,0,255,en,purple
255,26,0,en,red
255,149,0,en,orange
165,255,0,en,lime green
255,0,131,en,pink
255,0,201,en,purple
255,0,77,en,red
252,0,255,en,purple
255,0,15,en,tomato red
255,0,66,en,red pink
255,0,222,en,fushia
255,2,0,en,red
255,139,0,en,orange
255,0,186,en,magenta
249,255,0,en,yellow
255,0,128,en,dark pink
184,255,0,en,green yellow
198,255,0,en,yellow green
159,0,255,en,puple
255,0,162,en,pink
117,255,0,en,green
255,193,0,en,yellow
255,103,0,en,orange
255,0,250,en,puple pink
255,0,80,en,red pink
193,0,255,en,purple
255,238,0,en,light yellow
255,181,0,en,orange
255,177,0,en,orange
255,0,58,en,red
255,89,0,en,red orange
255,205,0,en,yellow orange
211,0,255,en,purple
255,0,188,en,red pink
255,234,0,en,yellow
185,255,0,en,pea green
255,50,0,en,red
255,0,7,en,red
255,0,247,en,bright pink
255,0,82,en,pick red
206,255,0,en,pea green
255,131,0,en,orange
255,0,229,en,dark pink
82,255,0,en,pea green
255,0,172,en,dark pink
245,255,0,en,yellow
255,0,115,en,red pink
153,0,255,en,dark purple
255,0,254,en,magenta
255,132,0,en,orange
255,0,106,en,fuchsia pink
53,255,0,en,green
174,0,255,en,purple
255,0,214,en,magenta
253,255,0,en,yellow
255,0,76,en,raspberry pink
255,222,0,en,dark yellow
255,100,0,en,orange
126,0,255,en,purple
255,0,209,en,magenta
255,74,0,en,orange
152,255,0,en,lime green
208,255,0,en,yellow green
255,0,160,en,magenta
255,195,0,en,yellow orange
255,0,27,en,red
255,176,0,en,darker yellow orange
255,0,113,en,pink
30,0,255,en,deep blue
255,228,0,en,yellow
255,0,184,en,fuschia
255,197,0,en,yellow orange
149,255,0,en,light green
255,0,86,en,hot pink
255,0,162,en,pink
239,0,255,en,magenta
176,0,255,en,purple
255,133,0,en,orange
255,0,122,en,hot pink
255,0,3,en,red
255,153,0,en,orange
208,255,0,en,yellow green
255,0,199,en,fuscia
91,0,255,en,purple
255,0,97,en,red
255,141,0,en,orange
199,255,0,en,lime green
255,0,21,en,red
242,255,0,en,yellow
255,118,0,en,orange
255,190,0,en,orange
111,0,255,en,purple
181,255,0,en,lime green
255,29,0,en,red
186,0,255,en,purple
255,176,0,en,orange
255,239,0,en,yellow
255,0,59,en,red
255,0,112,en,red
46,255,0,en,green
255,0,211,en,fuscia
255,0,147,en,red
228,0,255,en,purple
255,0,242,en,bubble gum pink
206,0,255,en,purple
247,0,255,en,pastel pinkish purple
255,0,88,en,pink
255,200,0,en,yellow
255,0,75,en,dark bubble gum pink
143,0,255,en,violet
54,255,0,en,neon green
56,0,255,en,royal blue
255,0,45,en,red
189,255,0,en,green
255,0,168,en,dark pink
255,0,141,en,pink
255,48,0,en,red
244,255,0,en,yellowish green
255,116,0,en,orange
255,162,0,en,bright orange
172,255,0,en,green
255,229,0,en,sun yellow
255,0,198,en,pink
255,126,0,en,orange
255,133,0,en,orange
255,246,0,en,yellow
210,255,0,en,yellow green
255,0,109,en,fuschia
255,22,0,en,red
255,0,19,en,red
255,0,244,en,magenta
180,0,255,en,purple
255,220,0,en,yellow
130,0,255,en,blue purple
255,0,133,en,fuschia
255,0,207,en,magenta
255,165,0,en,pumpkin orange
255,108,0,en,burnt orange
255,0,167,en,fuschia
232,0,255,en,hot purple
49,255,0,en,neon green
255,199,0,en,yellow
147,255,0,en,bright green
255,0,56,en,red
255,226,0,en,yellow
255,153,0,en,orange
184,255,0,en,gren
255,0,103,en,pink
255,76,0,en,orange
255,0,212,en,pink
223,0,255,en,purple
255,0,76,en,red
210,255,0,en,lime
255,200,0,en,mustard
255,134,0,en,ginger
167,0,255,en,purple
93,255,0,en,green
147,0,255,en,purple
242,255,0,en,yellow
255,0,152,en,cerise
255,0,129,en,cerise
255,112,0,en,orange
255,0,33,en,red
255,0,207,en,pink
255,0,175,en,saturated pink
255,0,207,en,pink
2,0,255,en,deep blue
255,246,0,en,yellow
255,0,103,en,hot pink
255,123,0,en,orange
255,0,213,en,pink
255,240,0,en,yellow
255,178,0,en,pumpkin orange
255,118,0,en,orange
255,188,0,en,gold
140,255,0,en,grass green
255,0,247,en,pink
255,0,158,en,voilet
254,255,0,en,yellow
10,255,0,en,green
145,0,255,en,pink
255,0,191,en,voilet
255,0,55,en,ren
255,0,15,en,red
206,0,255,en,voilet
138,255,0,en,green
255,218,0,en,yellow
255,0,122,en,red
255,0,94,en,red
95,255,0,en,green
255,199,0,en,yellow
255,0,210,en,voilet
226,255,0,en,yellow
255,48,0,en,red
255,98,0,en,voilet
255,149,0,en,yellow
255,156,0,en,yellow
252,0,255,en,pink
221,0,255,en,neon purple
255,141,0,en,orange
255,0,148,en,pink
255,0,97,en,dark pink
255,0,137,en,pink
71,255,0,en,neon green
255,228,0,en,yellow
116,0,255,en,purple
255,0,186,en,pink
252,0,255,en,magenta
123,255,0,en,medium green
255,253,0,en,yellow
255,209,0,en,gold
162,255,0,en,light green
255,0,133,en,pink
255,94,0,en,orange
255,0,236,en,magenta
255,48,0,en,orange
255,0,22,en,red
255,224,0,en,yellow
255,0,10,en,red
255,0,61,en,light red
198,0,255,en,neon purple
255,76,0,en,dark orange
231,255,0,en,neon yellow
255,0,109,en,pink
255,0,58,en,red
255,0,155,en,magenta
255,152,0,en,mustard
255,0,190,en,purple/magenta
195,0,255,en,purple
207,255,0,en,neon green
255,173,0,en,mustard
147,0,255,en,purple
255,202,0,en,dark yellow
174,255,0,en,neon yellow
255,0,214,en,bright pink
32,255,0,en,neon green
206,255,0,en,neon yellow
255,172,0,en,dark yellow
50,0,255,en,dark blue
255,87,0,en,dark orange
178,255,0,en,green
255,183,0,en,gold
255,0,90,en,pink
255,0,223,en,light purple pink
255,0,179,en,dark purple pink
83,0,255,en,dark blue
178,0,255,en,dark purple
236,0,255,en,light purple
255,246,0,en,yellow
255,163,0,en,orange
255,239,0,en,yellow
255,116,0,en,orange
214,0,255,en,purple
69,255,0,en,green
255,49,0,en,red
255,0,95,en,pink
255,0,203,en,purple
138,255,0,en,green
255,0,127,en,pink
255,0,28,en,red
197,255,0,en,green
255,184,0,en,orange
255,0,155,en,pink
255,0,217,en,pink
255,0,52,en,red
106,0,255,en,blue
240,255,0,en,yellow
255,124,0,en,orange
246,0,255,en,purple
255,213,0,en,yellow
255,0,249,en,pink
255,68,0,en,red
255,0,205,en,pink
117,0,255,en,purple
80,255,0,en,green
161,255,0,en,green
255,149,0,en,orange
255,0,36,en,red
208,0,255,en,purple
255,0,96,en,pink
255,183,0,en,orange
255,249,0,en,yellow
255,0,49,en,red
255,0,242,en,pink
230,255,0,en,yellow
255,0,159,en,pink
255,0,164,en,magenta
47,255,0,en,green
255,0,63,en,red
188,0,255,en,purple
255,0,191,en,fushia
255,94,0,en,orange
255,247,0,en,yellow
255,226,0,en,yellow
175,255,0,en,like green
255,0,100,en,red
242,0,255,en,purple
255,135,0,en,orange
255,72,0,en,orange
255,180,0,en,mustard yellow
255,0,48,en,red
255,0,226,en,fuscha
202,255,0,en,chartreuse
255,206,0,en,yellow
116,0,255,en,purple
255,0,131,en,pink
255,0,66,en,red
195,0,255,en,purple
218,255,0,en,neon yellow
255,0,97,en,fuchsia
255,207,0,en,yellow
255,137,0,en,orange
255,0,205,en,magenta
255,0,245,en,magenta
155,255,0,en,lime green
154,0,255,en,purple
90,255,0,en,light green
255,174,0,en,orange
255,64,0,en,red
255,0,118,en,fuchsia
255,0,35,en,red
255,225,0,en,yellow
255,89,0,en,orange
255,0,175,en,fuchsia
231,0,255,en,magenta
243,255,0,en,neon yellow
55,255,0,en,green
255,129,0,en,orange
255,0,71,en,red
255,177,0,en,orange
178,255,0,en,lime
255,219,0,en,yellow
255,77,0,en,orange
255,0,28,en,red
209,0,255,en,purple
255,0,116,en,cerise
255,0,155,en,pink
255,0,188,en,pink
255,0,219,en,violet
255,254,0,en,yellow
221,0,255,en,purple
216,255,0,en,yellow
255,0,108,en,pink
161,0,255,en,purpl
255,185,0,en,orange
255,92,0,en,orange
255,134,0,en,orange
255,90,0,en,rusty orange
43,0,255,en,royal blue
159,255,0,en,lime green
255,201,0,en,yellow
255,0,225,en,purple
255,0,173,en,pink
255,57,0,en,orange
206,0,255,en,purple
232,255,0,en,bright yellow
255,181,0,en,rusty yellow
255,0,124,en,dark pink
255,221,0,en,yellow
255,0,88,en,dark pink
255,0,17,en,red
237,0,255,en,purple
255,0,200,en,dark dink
255,0,56,en,red
120,255,0,en,light green
194,255,0,en,yellow
38,255,0,en,green
155,0,255,en,purple
255,0,161,en,pink
255,0,200,en,fusia
227,0,255,en,purple
255,0,239,en,fusia
189,255,0,en,neon green
137,255,0,en,neon vreen
255,167,0,en,orange
255,220,0,en,yellow
255,140,0,en,orange
255,0,66,en,pink red
255,105,0,en,orange
253,255,0,en,yellow
121,0,255,en,royal blue
78,255,0,en,neon green
255,0,131,en,pink
255,0,22,en,fire engine red
255,201,0,en,yellow
210,0,255,en,purple
255,40,0,en,red
255,0,89,en,lipstick pink
255,0,255,en,purple
255,98,0,en,orange
255,0,232,en,purple
236,255,0,en,yellow
255,0,194,en,pink
255,0,51,en,red
255,156,0,en,orange
255,0,132,en,pink
203,255,0,en,lemon
255,196,0,en,gold
103,255,0,en,lime green
154,255,0,en,lime green
110,0,255,en,purple
255,80,0,en,orange
190,0,255,en,purple
78,0,255,en,purple
255,0,162,en,hot pink
255,219,0,en,yellow
255,126,0,en,orange
255,0,12,en,red
255,0,111,en,pink
255,5,0,en,red
255,149,0,en,orange
255,109,0,en,orange
255,211,0,en,yellow
212,255,0,en,yellow
243,255,0,en,yellow
255,0,208,en,pink
255,0,146,en,pink
182,255,0,en,green
217,255,0,en,green
255,207,0,en,orange
255,22,0,en,red
255,0,248,en,magenta
255,0,55,en,pink red
255,156,0,en,orange
255,0,153,en,bright pink
171,255,0,en,green
235,255,0,en,yellow
255,0,215,en,pink
255,0,182,en,pink
255,0,107,en,magenta
255,217,0,en,yellow
184,0,255,en,purple
255,109,0,en,orange
49,255,0,en,green
69,0,255,en,blue
255,137,0,en,orange
141,0,255,en,purple
255,0,47,en,red
255,0,130,en,pink
255,0,117,en,hot pink
255,228,0,en,yellow
255,0,7,en,red
255,251,0,en,yellow
138,0,255,en,purple
200,0,255,en,violet
255,50,0,en,dark orange
255,0,183,en,hot pink
255,0,169,en,dark hot pink
255,196,0,en,gold orange
175,255,0,en,bright lime green
255,153,0,en,lightish orange
255,0,104,en,pink
255,90,0,en,orange
223,255,0,en,yellow green
245,0,255,en,brightish violet
255,0,64,en,rose pink
255,0,228,en,bright violet
255,132,0,en,orange
124,255,0,en,dark lime green
255,150,0,en,orange
255,0,73,en,magenta
118,0,255,en,purple
236,255,0,en,yellow
255,0,124,en,hot pink
255,236,0,en,goldenrod
255,72,0,en,red orange
255,194,0,en,golden
184,0,255,en,purple
181,255,0,en,lime
255,0,186,en,magenta
224,0,255,en,plum
255,0,36,en,red
255,0,152,en,hot pink
112,255,0,en,green
255,94,0,en,orange red
255,0,211,en,pink
255,160,0,en,goldenrod
255,0,96,en,hot pink
210,255,0,en,lime
255,234,0,en,yellow
255,0,222,en,magenta
255,161,0,en,light orange
255,0,119,en,light red
233,0,255,en,purple
255,22,0,en,red
255,0,148,en,pink
255,206,0,en,dirty yellow
255,133,0,en,orange
255,246,0,en,yellow
211,0,255,en,magenta
255,0,75,en,red
255,0,28,en,light red
255,96,0,en,orange
255,0,83,en,red
216,255,0,en,yellow green
133,0,255,en,purple
156,255,0,en,light lime
255,0,180,en,pink
106,255,0,en,lime
255,115,0,en,orange
255,0,252,en,purple
255,250,0,en,yellow
255,173,0,en,orange
255,0,168,en,pink
255,0,223,en,pink
121,255,0,en,green
255,135,0,en,orange
255,0,26,en,light red
117,255,0,en,green
156,255,0,en,yellow green
139,0,255,en,purple
255,171,0,en,orange
255,2,0,en,red
255,0,53,en,light red
255,220,0,en,light orange
255,142,0,en,orange
209,255,0,en,yellow green
251,255,0,en,yellow
206,0,255,en,magenta
68,0,255,en,dark purple
255,127,0,en,orange
255,0,198,en,pink
255,246,0,en,yellow
255,0,86,en,pink
255,0,32,en,red
255,234,0,en,yellow
255,0,223,en,pink
155,0,255,en,purple
255,0,249,en,pink
191,255,0,en,yellow green
165,255,0,en,green
255,0,166,en,pink
115,255,0,en,green
255,0,131,en,pink
255,0,71,en,red
255,177,0,en,orange
255,77,0,en,orange
255,202,0,en,yellow
255,111,0,en,orange
64,0,255,en,blue
194,0,255,en,purple
255,0,179,en,fuschia
164,255,0,en,light green
82,255,0,en,green
255,157,0,en,orange
255,125,0,en,dark orange
255,0,215,en,hot pink
255,198,0,en,yellow
255,52,0,en,red
255,242,0,en,yellow
211,255,0,en,light green
255,0,61,en,hot red
255,0,22,en,red
92,0,255,en,blue purple
255,0,164,en,magenta
255,0,122,en,hot pink
255,184,0,en,mustard
233,0,255,en,light purple
95,255,0,en,neon green
255,176,0,en,mustard
197,255,0,en,neon green
212,0,255,en,purple
255,0,244,en,mauve
255,62,0,en,red/orange
255,150,0,en,mustard
255,250,0,en,yellow
255,0,3,en,red
255,0,80,en,light red
255,0,187,en,mauve
255,83,0,en,light orange
255,0,107,en,pink
126,0,255,en,purple
255,218,0,en,yellow
255,0,167,en,mauve
78,0,255,en,purple
176,255,0,en,neon green
255,0,125,en,pink
182,255,0,en,lime green
255,229,0,en,danilion
200,255,0,en,light green
255,251,0,en,yellow
255,0,127,en,magenta
255,0,212,en,hot pink
158,0,255,en,purple
255,0,176,en,pink
100,255,0,en,green
255,0,154,en,hot pink
177,0,255,en,purple
240,0,255,en,magenta
255,168,0,en,orange
43,0,255,en,blue
255,97,0,en,orange
255,0,15,en,red
255,0,118,en,fucia
255,0,200,en,light purple
255,55,0,en,blood orange
207,255,0,en,yellow
139,255,0,en,puke green
171,0,255,en,purple
255,0,94,en,hot pink
255,245,0,en,yellow
193,255,0,en,yellow ochre
255,0,181,en,pink
146,255,0,en,green
255,0,254,en,dark pink
255,120,0,en,orange
255,106,0,en,red
255,212,0,en,warm yellow
255,0,149,en,warm pink
158,0,255,en,purple
255,0,191,en,purpley pink
255,110,0,en,orange
184,255,0,en,lime
255,162,0,en,gentle orange
209,255,0,en,limey yellow
240,0,255,en,purpley pink
204,0,255,en,purple
255,0,41,en,red
255,45,0,en,red
72,0,255,en,electric blue
255,0,222,en,pink
242,255,0,en,yellow
255,0,120,en,bright pink
255,0,69,en,red
255,0,95,en,pinkish red
255,150,0,en,orange
255,242,0,en,yellow
123,255,0,en,lime green
177,255,0,en,light green
255,62,0,en,red
255,0,36,en,dark red
118,255,0,en,lime green
255,0,79,en,pink
255,109,0,en,orange
255,0,209,en,pink
255,0,120,en,pink
144,255,0,en,neon green
142,0,255,en,purple
255,59,0,en,scarlett
12,255,0,en,lime green
255,0,74,en,cherry red
255,0,146,en,magenta
255,0,89,en,strawberry red
255,0,115,en,dark pink
243,255,0,en,yellow
255,0,1,en,red
255,221,0,en,dandelion
255,148,0,en,orange
255,0,177,en,magenta
255,0,254,en,fuchsia
102,255,0,en,lime green
213,255,0,en,chartreuse
255,167,0,en,orange
255,84,0,en,burnt orange
204,0,255,en,purple
255,197,0,en,mustard
255,0,221,en,magenta
255,0,52,en,red
255,251,0,en,yellow
255,64,0,en,red
255,0,206,en,pink
255,93,0,en,orange
255,200,0,en,yellow
255,182,0,en,orange
188,0,255,en,violet
123,255,0,en,green
255,134,0,en,orange
162,255,0,en,lime
87,0,255,en,dark blue
255,0,151,en,bright pink
255,224,0,en,yellow
230,0,255,en,magenta
255,0,10,en,true red
255,199,0,en,orange orange
255,109,0,en,orange red
255,171,0,en,orange
133,0,255,en,magenta
235,255,0,en,sick yellow
255,0,116,en,hot pink
255,0,179,en,hot pink
255,0,92,en,red
255,0,238,en,magenta
20,255,0,en,green
255,58,0,en,red
255,0,49,en,red
187,255,0,en,lime
215,0,255,en,fucsia
244,255,0,en,yellow
255,0,81,en,magenta
255,135,0,en,burnt orange
255,0,186,en,light purple
255,0,169,en,magenta
81,0,255,en,blue
255,0,36,en,red
132,0,255,en,purple
255,110,0,en,amber
255,0,77,en,red purple
229,255,0,en,yellow
173,255,0,en,lime green
255,185,0,en,dark yellow
126,255,0,en,neon green
255,223,0,en,yellow
255,0,119,en,light purple
255,0,217,en,magenta
255,78,0,en,burnt sienna
248,0,255,en,electric purple
255,174,0,en,dark yellow
255,0,93,en,hot pink
255,84,0,en,orange
217,255,0,en,neon yellow
255,0,230,en,magenta
52,255,0,en,neon green
255,124,0,en,orange
237,0,255,en,magenta
144,255,0,en,spring green
255,69,0,en,red orange
255,0,133,en,hot pink
255,163,0,en,tangerine
255,0,163,en,hot pink
255,0,200,en,hot pink
212,0,255,en,neon purple
236,255,0,en,yellow
255,0,32,en,red
255,224,0,en,marigold
255,0,62,en,red
255,204,0,en,gold
158,0,255,en,purple
255,0,138,en,pinkish
255,0,213,en,something
255,251,0,en,yellow
67,0,255,en,blue
255,208,0,en,gold
255,131,0,en,orange
201,255,0,en,yellow
175,0,255,en,purple
255,0,74,en,red
255,0,23,en,red
255,0,91,en,pink
255,0,194,en,pink
96,0,255,en,blue
228,0,255,en,purple
255,74,0,en,orange
255,156,0,en,orange
255,0,166,en,pink
255,215,0,en,yellow
255,104,0,en,orange
156,255,0,en,green
88,255,0,en,green
255,0,206,en,magenta
215,255,0,en,yellow
255,110,0,en,orange
255,0,91,en,fuchsia
255,146,0,en,tangerine
218,0,255,en,magenta
255,212,0,en,gold
79,255,0,en,lime green
255,0,245,en,magenta
255,159,0,en,tangerine
255,0,61,en,crimson
255,0,14,en,red
255,0,136,en,fuchsia
255,18,0,en,red
246,0,255,en,purple
94,0,255,en,violet
236,255,0,en,yellow
255,205,0,en,gold
255,0,174,en,fuchsia
158,255,0,en,chartreuse
255,0,16,en,red
255,113,0,en,orange
255,0,138,en,hot pink
255,233,0,en,yellow
255,147,0,en,orange
113,0,255,en,purple
255,0,156,en,magenta
255,184,0,en,amber
217,255,0,en,yellow green
117,255,0,en,green
255,0,199,en,fuchsia
234,255,0,en,yellow
219,0,255,en,purple
255,0,78,en,red
255,0,221,en,fuchsia
209,0,255,en,purple
153,255,0,en,green
255,165,0,en,orange
255,0,87,en,red
255,38,0,en,red
255,159,0,en,orange
128,0,255,en,purple
219,0,255,en,dark pink
255,191,0,en,goldenrod
255,0,191,en,magenta
255,0,93,en,dark pink
204,0,255,en,purple
255,238,0,en,yellow
171,255,0,en,highlighter green
255,0,153,en,dark pink
36,255,0,en,light green
255,0,47,en,red
255,0,77,en,red pink
217,255,0,en,yellowgreen
255,247,0,en,yellow
125,255,0,en,lime green
255,48,0,en,redorange
255,94,0,en,orange
255,0,112,en,dark pink
255,0,218,en,magenta
255,125,0,en,orange
75,0,255,en,royal purple
255,0,13,en,red
229,0,255,en,purple
255,77,0,en,red
255,0,70,en,red
157,255,0,en,light green
239,255,0,en,yellow
255,181,0,en,orange
191,0,255,en,purple
255,0,245,en,pink
126,0,255,en,purple
255,200,0,en,orange
255,0,86,en,red
255,0,204,en,pink
255,0,115,en,red
255,99,0,en,orange
229,255,0,en,yellow
255,227,0,en,yellow
80,255,0,en,green
255,136,0,en,orange
255,134,0,en,orange
128,255,0,en,green
255,0,16,en,red
255,113,0,en,orange
255,204,0,en,yellow
190,0,255,en,purple
255,33,0,en,red
255,176,0,en,light orange
255,0,230,en,pink
255,0,165,en,dark pink
255,0,142,en,dark pink
144,255,0,en,green
239,0,255,en,pink
128,0,255,en,purple
198,255,0,en,light green
255,0,203,en,dark pink
255,245,0,en,yellow
255,0,58,en,red
255,217,0,en,light orange
255,0,243,en,pink
240,255,0,en,yellow
255,204,0,en,yellow
255,20,0,en,red
84,255,0,en,green
184,0,255,en,purple
255,0,100,en,pink
255,0,255,en,magenta
255,0,209,en,pink
255,0,55,en,red
185,255,0,en,yellow green
255,0,148,en,pink
228,255,0,en,yellow
255,154,0,en,orange
156,0,255,en,magenta
255,91,0,en,orange
255,0,7,en,red
63,0,255,en,blue
255,0,135,en,pink
255,123,0,en,orange
255,221,0,en,yellow
206,255,0,en,yellow
139,0,255,en,purple
255,0,141,en,pink
126,255,0,en,green
255,166,0,en,orange
50,0,255,en,dark blue
255,77,0,en,red
255,0,232,en,hot pink
255,0,149,en,pink
255,102,0,en,orange
246,0,255,en,magenta
255,210,0,en,gold
255,74,0,en,red orange
131,0,255,en,purple
207,255,0,en,neon yellow
255,149,0,en,orange
98,255,0,en,green
255,0,80,en,light red
156,255,0,en,yellow green
174,0,255,en,violet
255,0,10,en,red
255,233,0,en,gold
255,0,129,en,red
255,175,0,en,orange
255,0,206,en,magenta
255,251,0,en,yellow
255,0,82,en,red
255,168,0,en,mandarin orange
255,186,0,en,orange
255,0,94,en,strawberry pink
255,136,0,en,orange
252,255,0,en,daisy yellow
255,0,193,en,hot pink
255,0,254,en,pink
93,0,255,en,blue
255,237,0,en,yellow
255,0,74,en,pink
103,255,0,en,green
255,0,167,en,pink
255,21,0,en,red
198,0,255,en,purple
255,0,220,en,pink
255,0,141,en,pink
255,102,0,en,orange
255,0,31,en,red
207,255,0,en,lime green
184,255,0,en,lime green
205,255,0,en,lime green
255,186,0,en,ochre
255,0,247,en,magenta
255,170,0,en,orange
255,0,139,en,puce
142,0,255,en,violet
255,142,0,en,orange
255,0,235,en,magenta
255,13,0,en,scarlet
255,238,0,en,yellow
165,0,255,en,purple
255,0,66,en,raspberry red
255,0,19,en,red
252,255,0,en,yellow
179,255,0,en,apple green
255,0,144,en,puce
255,102,0,en,burnt orange
255,0,198,en,puce
65,0,255,en,royal blue
255,0,96,en,raspberry red
110,255,0,en,lime green
151,0,255,en,violet
255,0,42,en,red
255,28,0,en,red
255,0,63,en,red
255,128,0,en,orange
78,255,0,en,green
209,0,255,en,purple
255,0,206,en,purple
255,0,32,en,red
197,255,0,en,lime green
255,189,0,en,orange
255,161,0,en,orange
255,0,224,en,purple
255,140,0,en,orange
87,255,0,en,lime green
255,0,146,en,pink
255,0,145,en,pink
255,0,103,en,pink
255,165,0,en,orange
255,28,0,en,red
76,0,255,en,blue
236,0,255,en,pink
90,255,0,en,green
255,0,192,en,pink
255,0,223,en,purple
255,0,75,en,red
255,0,31,en,red
119,0,255,en,purple
235,255,0,en,yellow
255,119,0,en,orange
204,0,255,en,purple
255,0,116,en,pink
255,240,0,en,yellow
255,183,0,en,orange
255,132,0,en,orange
223,255,0,en,yellow
160,255,0,en,green
255,0,75,en,raspberry
255,0,185,en,flamingo
255,0,38,en,red
255,171,0,en,macaroni
191,255,0,en,lime
255,137,0,en,orange
255,0,218,en,magenta
255,24,0,en,brick red
127,0,255,en,purple
195,0,255,en,magenta
137,255,0,en,boogie
244,255,0,en,un mellow yellow
255,193,0,en,macaroni
255,217,0,en,golden yellow
255,0,128,en,mauvelous
255,0,163,en,razzle dazzle rose
255,0,100,en,fuzzy wuzzy
255,95,0,en,burnt orange
231,0,255,en,"almost, but not quite royal purple"
78,255,0,en,bright yellow green
255,0,100,en,magenta
120,0,255,en,taki purple
98,255,0,en,chartreuse
255,205,0,en,university yellow
255,48,0,en,cherry red
244,255,0,en,highlighter yellow
255,169,0,en,marigold
255,146,0,en,autumn
212,255,0,en,chartreuse
255,0,56,en,strawberry red
255,0,218,en,magenta
255,237,0,en,yellow
255,0,166,en,magenta
180,0,255,en,neon violet
255,112,0,en,orange
146,255,0,en,chartreuse
227,0,255,en,neon pink purple
255,0,113,en,hot pink
61,0,255,en,royal blue
255,0,185,en,magenta
255,0,30,en,cherry red
218,0,255,en,violet
255,203,0,en,mustard yellow
66,0,255,en,deep blue
150,0,255,en,indigo
244,255,0,en,lemon yellow
255,0,133,en,hot pink
255,0,16,en,bright red
255,0,234,en,neon pink
255,94,0,en,hot orange
255,0,101,en,cherry red
249,0,255,en,fuchsia
141,255,0,en,neon lime
255,0,146,en,hot pink
255,0,181,en,neon pink
104,255,0,en,neon green
255,0,68,en,red
255,36,0,en,red red
255,224,0,en,medium yellow
191,255,0,en,citron
255,155,0,en,fire orange
255,134,0,en,dark orange
255,0,29,en,red
255,44,0,en,red
255,0,54,en,red
253,0,255,en,purple
255,155,0,en,orange
255,0,84,en,magenta
255,0,118,en,magenta
199,0,255,en,purple
255,0,144,en,pink
255,138,0,en,orange
71,255,0,en,lime green
255,0,202,en,purple/pink
255,213,0,en,yellow
144,255,0,en,lime green
255,250,0,en,yellow
255,98,0,en,burnt orange
255,203,0,en,mustard
202,255,0,en,lime green
128,0,255,en,purple
255,0,239,en,purple
167,0,255,en,purple
255,0,168,en,pink
113,0,255,en,blue
136,255,0,en,green
193,255,0,en,lime green
255,102,0,en,orange
255,0,67,en,red
255,68,0,en,red orange
255,0,82,en,pink
255,178,0,en,orange
255,0,226,en,pink
255,142,0,en,orange
255,0,24,en,red
88,255,0,en,green
255,194,0,en,orange
247,255,0,en,yellow
255,0,136,en,pink
255,0,203,en,pink
239,0,255,en,pink
255,123,0,en,pumpkin orange
149,255,0,en,celery green
255,0,217,en,pink
255,0,138,en,fushia
255,0,170,en,lipstick pink
127,255,0,en,spring green
255,179,0,en,yellow orange
255,0,79,en,hot pink
255,198,0,en,sunflower
212,0,255,en,lilac
255,85,0,en,halloween orange
255,0,47,en,fingernail polish pink
255,235,0,en,bright yellow
255,0,249,en,sunset pink
255,42,0,en,red orange
255,246,0,en,banana yellow
221,255,0,en,yellow
255,0,181,en,middle pink
162,0,255,en,purple
255,0,99,en,cupcake pink
186,255,0,en,green yellow
255,0,172,en,pink
233,0,255,en,magenta
255,0,88,en,red
255,93,0,en,orange
70,255,0,en,lime green
255,201,0,en,gold
255,0,45,en,brick red
255,0,235,en,magenta
27,255,0,en,green
255,0,77,en,red pink
255,70,0,en,red
71,0,255,en,lavander
255,167,0,en,orange
255,254,0,en,yellow
97,0,255,en,deep blue
255,142,0,en,orange
218,0,255,en,purple
255,0,209,en,magenta
168,255,0,en,lime
255,227,0,en,gold
206,0,255,en,violet
255,189,0,en,light orange
255,151,0,en,orange
255,0,139,en,pink
255,40,0,en,red
255,169,0,en,mango
68,0,255,en,dark blue
225,255,0,en,yellow
255,229,0,en,mustard
255,0,228,en,bright pink
253,0,255,en,pink
255,0,69,en,red
114,0,255,en,purple
255,0,17,en,red
255,255,0,en,yellow
255,101,0,en,orange
129,255,0,en,green
255,0,157,en,pink
255,0,104,en,pink
176,255,0,en,yellowish green
255,0,178,en,pink
255,0,205,en,magenta
255,3,0,en,red
255,157,0,en,orange
255,202,0,en,yellow
212,0,255,en,purple
153,0,255,en,purple
226,0,255,en,magenta
255,229,0,en,yellow
255,0,228,en,pink
255,0,2,en,red
255,121,0,en,orange
255,0,60,en,red
255,0,134,en,pink
193,255,0,en,green yellow
234,255,0,en,yellow
255,0,152,en,pink
255,93,0,en,orange
255,0,107,en,brick red
104,255,0,en,lime green
186,0,255,en,purple
255,0,117,en,red
255,0,68,en,red
255,172,0,en,orange
255,123,0,en,orange
119,255,0,en,green
204,255,0,en,neon
255,222,0,en,yellow orange
255,0,47,en,red
255,206,0,en,gold
176,255,0,en,neon
255,62,0,en,red
255,87,0,en,red
255,0,180,en,pink
122,0,255,en,purple
255,0,243,en,purple
254,0,255,en,purple
255,0,92,en,red
255,0,171,en,red
255,246,0,en,yellow
255,0,179,en,pink
255,129,0,en,orange
131,0,255,en,violet
255,85,0,en,red orange
182,0,255,en,magenta
255,197,0,en,mustard yellow
255,39,0,en,red
225,255,0,en,lime
255,0,53,en,red
255,0,47,en,red
160,255,0,en,green
255,0,111,en,pink
26,0,255,en,royal blue
255,0,91,en,red
249,255,0,en,yellow
255,0,244,en,magenta
227,0,255,en,violet
255,0,169,en,pink
45,255,0,en,neon green
255,177,0,en,orange
255,193,0,en,dark yellow
255,0,82,en,dark pink
254,255,0,en,yellow
255,0,135,en,hot pink
213,0,255,en,purple
255,157,0,en,dark yellow
255,0,74,en,pink
255,0,223,en,pink
255,0,40,en,red
255,0,252,en,magenta
255,0,182,en,pink
79,0,255,en,dark blue
255,58,0,en,orange
132,0,255,en,purple
255,0,160,en,pink
255,119,0,en,orange
255,238,0,en,yellow
176,255,0,en,gda
130,255,0,en,gasg
255,140,0,en,asgsag
225,255,0,en,agsg
255,0,45,en,red
164,255,0,en,lime green
61,255,0,en,neon green
255,149,0,en,dark orange
255,0,223,en,neon purple
195,255,0,en,green yellow
255,209,0,en,orange
255,179,0,en,orange
255,0,135,en,hot pink
178,0,255,en,purple
37,0,255,en,blue
255,0,62,en,red
225,0,255,en,purple
255,1,0,en,red
255,0,208,en,magenta
234,255,0,en,yellow
142,0,255,en,purple
255,0,96,en,dark pink
255,97,0,en,orange
255,0,144,en,hot pink
255,215,0,en,tangerine
255,121,0,en,orange
230,0,255,en,purple
255,0,23,en,red
255,0,95,en,dark pink
255,0,147,en,pink
255,241,0,en,gold
255,255,0,en,yellow
255,97,0,en,dark orange
255,6,0,en,red
255,190,0,en,gold
126,0,255,en,light indigo
255,0,194,en,hot pink
32,255,0,en,lime
165,0,255,en,purple
161,255,0,en,lime green
255,0,128,en,hot pink
113,255,0,en,bright green
255,0,52,en,red
195,255,0,en,puce
255,172,0,en,orange
255,0,224,en,pink
255,197,0,en,red
255,224,0,en,red
217,0,255,en,yellow
255,0,207,en,orange
204,255,0,en,violet
255,150,0,en,red
255,0,242,en,orange
197,0,255,en,magenta
255,0,159,en,hot pink
255,228,0,en,yellow
232,255,0,en,lime yellow
95,0,255,en,indigo/purple
149,255,0,en,lime green
255,169,0,en,tangerine orange
110,255,0,en,lime green
255,0,56,en,red
255,66,0,en,red orange
74,0,255,en,ocean blue
255,0,45,en,fire red
255,109,0,en,orange
255,149,0,en,light orange
191,255,0,en,lime yellow
255,0,83,en,strawberry pink
255,0,208,en,hot pink
237,0,255,en,fuschia
36,255,0,en,lime green
255,190,0,en,tangerine orange
255,0,141,en,pink
255,0,215,en,hot pink
255,204,0,en,goldenrod
255,153,0,en,tangerine
255,145,0,en,pumpkin
255,0,128,en,hot pink
255,0,46,en,fuschia
255,113,0,en,orange
255,0,89,en,magenta
90,0,255,en,blue
126,255,0,en,green apple
205,255,0,en,charteuse
133,0,255,en,violet
255,0,54,en,red
237,255,0,en,yellow slightly green
212,0,255,en,purple
171,255,0,en,lime
255,0,205,en,magenta
255,72,0,en,burnt orange
255,0,159,en,dark bright-pink
248,0,255,en,purple
255,233,0,en,yellow
255,0,224,en,purple pink
255,0,95,en,magenta
255,0,156,en,pink
255,149,0,en,orange
255,178,0,en,light orange
255,0,79,en,red
255,0,208,en,pink
110,0,255,en,royal blue
173,0,255,en,purple
255,234,0,en,yellow
255,201,0,en,marigold
219,0,255,en,magenta
255,0,120,en,hot pink
164,255,0,en,lime green
237,255,0,en,bright yellow
185,255,0,en,lime green
255,57,0,en,red
255,108,0,en,burnt organ
33,255,0,en,bright green
255,0,232,en,pink
255,0,7,en,red
85,255,0,en,bright green
255,103,0,en,burnt orange
255,0,84,en,raspberry red
255,0,255,en,magenta
31,0,255,en,blue
102,0,255,en,indigo
167,0,255,en,purple
158,255,0,en,safety green
255,0,194,en,magenta
255,216,0,en,yellow
255,73,0,en,red/orange
255,175,0,en,sunflower yellow
204,255,0,en,bright yello
255,0,147,en,magenta
255,0,74,en,red
255,202,0,en,yellow
48,255,0,en,bright green
240,255,0,en,yellow
255,144,0,en,orange
255,0,125,en,raspberry
255,0,2,en,red
255,0,219,en,magenta
70,0,255,en,blue
255,0,146,en,mauve
255,104,0,en,orange
149,0,255,en,purple
255,0,207,en,pink
255,45,0,en,orange
255,219,0,en,yellow
255,0,62,en,red
255,139,0,en,orane
255,172,0,en,orange
181,255,0,en,green
131,255,0,en,green
255,194,0,en,mustard
216,0,255,en,purple
255,0,236,en,purple
16,255,0,en,lime green
255,0,251,en,purple
255,0,129,en,pink
255,0,85,en,mauve
227,255,0,en,yellow
252,255,0,en,mustard
255,0,32,en,red
255,0,138,en,magenta
255,212,0,en,gold
255,0,88,en,hot pink
165,255,0,en,lime green
255,222,0,en,yellow
255,106,0,en,orange
255,155,0,en,yellow orange
255,0,35,en,red
255,0,246,en,pink
255,0,239,en,pink
255,38,0,en,red
146,0,255,en,blue purple
184,0,255,en,purple
255,0,161,en,magenta
255,0,78,en,hot pink
237,255,0,en,yellow
64,0,255,en,dark blue
255,122,0,en,orange
222,255,0,en,golden rod
255,0,204,en,magenta
52,255,0,en,lime green
255,242,0,en,yellow
255,0,113,en,magenta
253,0,255,en,violet
255,0,93,en,dark pink
255,155,0,en,golden yellow
238,255,0,en,light yellow
255,0,165,en,purple
255,69,0,en,orange
188,255,0,en,lime green
84,255,0,en,light green
255,0,35,en,red
190,0,255,en,purple
170,255,0,en,lime green
255,136,0,en,orange
255,0,56,en,dark pink
255,113,0,en,orance
104,0,255,en,purple
255,0,222,en,violet
255,0,186,en,magneta
255,185,0,en,golden yellow
255,0,155,en,pink
255,158,0,en,pumpkin orange
255,0,255,en,hot pink
59,255,0,en,bright green
173,255,0,en,light green
220,255,0,en,puke green
72,0,255,en,navy blue
255,0,241,en,magenta
255,240,0,en,yellow
255,0,203,en,magenta pink
255,0,81,en,pink red
255,0,50,en,red
255,134,0,en,light orange
255,117,0,en,jack o-lantern orange
255,0,116,en,pink
124,0,255,en,purple
255,255,0,en,yellow
255,0,9,en,red
255,79,0,en,dark orange
205,0,255,en,violet
255,189,0,en,yellow orange
255,0,151,en,pink
255,0,142,en,pink
255,0,211,en,purple
205,255,0,en,yellow
255,0,16,en,red
255,0,206,en,purple
53,0,255,en,blue
255,215,0,en,yellow
185,255,0,en,green
255,114,0,en,orange
255,161,0,en,dark yellow
202,0,255,en,purple
255,210,0,en,yellow
255,0,76,en,pink
226,0,255,en,purple
127,255,0,en,green
255,37,0,en,red
244,255,0,en,yellow
255,0,105,en,pink
115,0,255,en,purple
255,143,0,en,orange
191,255,0,en,green
255,86,0,en,red
255,0,238,en,fuschia
255,0,105,en,red
255,160,0,en,orange
255,142,0,en,orange
41,0,255,en,blue
255,196,0,en,orange
255,255,0,en,yellow
255,0,190,en,pink
200,0,255,en,purple
115,255,0,en,green
255,0,252,en,fuschia
255,55,0,en,red
255,0,120,en,red
96,0,255,en,blue
255,227,0,en,yellow
255,0,147,en,pink
177,255,0,en,green
255,0,72,en,red
255,0,2,en,red
255,0,122,en,hot pink
255,246,0,en,yellow
255,0,168,en,magenta
255,208,0,en,orange
255,0,32,en,red
255,95,0,en,bright orange
255,0,94,en,hot pink
195,0,255,en,purple
255,121,0,en,orange
197,255,0,en,neon yellow
255,0,185,en,magenta
255,0,240,en,magenta
255,219,0,en,dark yellow
220,0,255,en,darker magenta
133,255,0,en,neon green
255,0,80,en,hot red
106,0,255,en,purple
255,156,0,en,orange
89,255,0,en,lime
255,55,0,en,blood orange
255,237,0,en,yellow
206,255,0,en,lime
203,0,255,en,purple
255,0,33,en,red
54,255,0,en,green
232,0,255,en,violet
157,255,0,en,lime
255,76,0,en,red
255,0,233,en,bright purple
255,0,179,en,dark pink
255,163,0,en,light orange
255,100,0,en,orange
255,0,81,en,pink red
162,0,255,en,violet
255,211,0,en,dark yellow
255,142,0,en,light orange
255,0,134,en,dark pink
246,255,0,en,bright yellow
255,0,71,en,pink red
255,0,149,en,dark pink
255,0,36,en,red
255,0,177,en,hot pink
255,0,255,en,light purple
255,238,0,en,yellow
255,179,0,en,light orange
255,0,211,en,magenta pink
255,0,132,en,pink
255,0,166,en,magenta pink
194,0,255,en,purple
255,146,0,en,orange
255,0,102,en,hot pink
103,0,255,en,indigo
231,255,0,en,yellow
255,70,0,en,red
199,255,0,en,yellow green
182,255,0,en,light green
255,210,0,en,light orange
255,0,61,en,violet red
255,118,0,en,orange
120,255,0,en,lime green
255,0,199,en,magenta
207,0,255,en,fusia
227,255,0,en,chartrueuse
99,255,0,en,yellow green
255,0,74,en,rose
172,255,0,en,lime green
255,152,0,en,yellow orange
101,0,255,en,purple
255,0,213,en,magenta
255,58,0,en,red orange
255,0,20,en,red
255,0,105,en,hot pink
255,96,0,en,orange
255,0,138,en,hot pink
76,0,255,en,purple
255,171,0,en,goldenrod
255,214,0,en,yellow
255,248,0,en,highlighter yellow
255,0,146,en,magenta
223,0,255,en,fuscia
255,208,0,en,dark yellow
255,190,0,en,orange
255,142,0,en,orange
255,0,83,en,red
255,0,36,en,red
255,219,0,en,yellow
234,255,0,en,yellow green
167,255,0,en,neon green
255,53,0,en,red
255,0,224,en,hot pink
255,0,201,en,hot pink
255,94,0,en,orange
60,255,0,en,neon green
255,179,0,en,orange
238,0,255,en,neon purple
255,0,151,en,pink
106,0,255,en,purple
186,255,0,en,neon green
255,0,142,en,pink
75,0,255,en,purple
194,0,255,en,purple
255,0,52,en,red
188,255,0,en,lime
255,0,143,en,magenta
255,0,80,en,red
255,82,0,en,tangerine
255,0,193,en,fuschia
241,255,0,en,butter
185,255,0,en,chartreuse
255,10,0,en,rose
255,0,147,en,raspberry
255,0,109,en,ruby
255,130,0,en,tiger
255,199,0,en,corn
17,0,255,en,blue
255,0,225,en,magenta
255,180,0,en,apricot
255,231,0,en,corn
115,0,255,en,violet
255,0,27,en,red
127,255,0,en,lime
185,0,255,en,purple
255,0,148,en,pink
255,195,0,en,yellow
255,60,0,en,red
255,134,0,en,orange
255,152,0,en,orange
255,0,197,en,hot pink
240,0,255,en,pinkish purple
255,112,0,en,orange
255,0,61,en,red
233,255,0,en,yellow
106,0,255,en,dark purple
150,255,0,en,light green
164,0,255,en,purple
255,0,42,en,red
255,0,217,en,pink
186,255,0,en,bright green
124,255,0,en,green
255,0,113,en,red
255,232,0,en,yellow
255,0,109,en,red
255,0,241,en,bright purple
199,0,255,en,purple
255,0,127,en,raspberry
244,255,0,en,yellow
255,215,0,en,gold
255,0,251,en,bright purple
255,0,159,en,electric purple
255,0,17,en,red
255,0,79,en,raspberry
255,0,82,en,raspberry
117,255,0,en,elecrtic green
255,154,0,en,orange
255,210,0,en,mustard
255,218,0,en,yellow
191,0,255,en,purple
255,0,167,en,pink
255,120,0,en,orange
255,0,252,en,pink
255,252,0,en,yellow
116,0,255,en,purple
255,0,43,en,red
255,0,139,en,pink
255,0,81,en,red
255,0,70,en,red
255,115,0,en,orange
255,0,233,en,pink
130,255,0,en,green
198,255,0,en,lime
255,41,0,en,red
172,255,0,en,lime
255,0,200,en,pink
255,231,0,en,goldenrod
244,255,0,en,yellow
6,0,255,en,blue
232,0,255,en,magenta
63,255,0,en,lime green
255,0,207,en,deep magenta
255,0,109,en,red
255,0,121,en,red
255,200,0,en,goldenrod
255,0,166,en,cranberry
181,0,255,en,light purple
255,0,245,en,magenta
189,255,0,en,chartreuse
162,0,255,en,purple
255,47,0,en,red
255,99,0,en,red orange
157,255,0,en,lime green
255,0,80,en,red
255,163,0,en,orange
255,137,0,en,deep orange
40,255,0,en,lime green
255,0,14,en,red
255,0,218,en,magenta
255,28,0,en,red
255,0,39,en,red
185,0,255,en,purple
255,0,95,en,alizarin red
123,0,255,en,purple
255,131,0,en,orange
255,167,0,en,orange
255,221,0,en,yellow
255,102,0,en,orange
255,191,0,en,yellow
143,255,0,en,green
255,0,171,en,magenta
194,255,0,en,green
255,47,0,en,red
255,153,0,en,tangerine
109,255,0,en,lime green
255,0,203,en,hot pink
193,0,255,en,purple
255,243,0,en,yellow
255,104,0,en,orange
162,255,0,en,lime green
251,0,255,en,pink
255,131,0,en,tangerine
255,0,41,en,red
255,0,239,en,magenta
255,0,173,en,barbie
255,0,126,en,hot pink
255,251,0,en,yellow
132,0,255,en,violet
255,72,0,en,red
255,109,0,en,orange
255,0,151,en,magenta
255,171,0,en,golden yellow
255,0,45,en,bright red
198,0,255,en,purpley magenta
38,0,255,en,purple/blue
255,0,228,en,magenta
255,0,88,en,red
91,255,0,en,lime green
255,183,0,en,golden yellow
255,0,68,en,cherry red
255,0,251,en,magenta/tints of purple
255,231,0,en,yellow
255,148,0,en,orange
255,0,182,en,magenta
255,0,115,en,red/hot pink
170,255,0,en,light neon green
222,255,0,en,green/yellow
255,0,204,en,pink
255,244,0,en,yellow
255,69,0,en,red
173,255,0,en,lime green
255,215,0,en,light orange
255,177,0,en,orange
255,209,0,en,light orange
211,0,255,en,purple
255,96,0,en,red
128,0,255,en,violet
255,0,112,en,reddish pink
255,0,250,en,pink
255,0,224,en,pink
100,255,0,en,green
48,0,255,en,blue
255,133,0,en,orange
255,0,171,en,pink
255,0,80,en,red
255,0,10,en,red
255,0,106,en,reddish pink
210,255,0,en,lime yellow
255,0,85,en,res
255,0,153,en,pink
255,0,53,en,red
255,209,0,en,yellowish orange
255,242,0,en,lemon yellow
28,0,255,en,dark blue
255,0,195,en,pink
255,0,13,en,red
127,255,0,en,neon green
255,144,0,en,pinky orange
218,255,0,en,yellowish green
255,173,0,en,yellowish orange
255,110,0,en,reddish orange
124,0,255,en,purple
255,0,243,en,pink
255,81,0,en,reddish orange
255,250,0,en,yellow
221,0,255,en,purplish pink
178,255,0,en,yellowish green
255,0,127,en,dark pink
188,0,255,en,purple
125,0,255,en,purple
255,0,184,en,pink
255,0,152,en,red
255,231,0,en,yellow
233,0,255,en,purple
251,255,0,en,yellow
134,255,0,en,green
255,0,7,en,red
47,0,255,en,blue
255,75,0,en,red
255,142,0,en,orange
255,181,0,en,orange
255,0,102,en,red
255,82,0,en,red
192,0,255,en,purple
255,0,128,en,red
255,0,64,en,red
255,190,0,en,orange
204,255,0,en,green
255,0,216,en,purple
57,255,0,en,green
255,71,0,en,red
49,255,0,en,neon green
152,0,255,en,purple
202,255,0,en,yellow green
255,82,0,en,orange
142,255,0,en,bright green
255,0,247,en,pink
255,0,172,en,bright pink
241,255,0,en,yellow
255,211,0,en,orange yellow
255,137,0,en,oreange
255,0,90,en,hot pink
255,0,188,en,bright pink
255,0,217,en,pink
255,223,0,en,mustard yellow
255,0,23,en,red
185,0,255,en,purple
255,181,0,en,dark yellow
255,0,123,en,bright pink
255,0,65,en,pink red
183,0,255,en,purple
255,30,0,en,red
255,235,0,en,yellow
255,0,129,en,rose pink
246,0,255,en,light purple
255,0,242,en,light purple
255,0,89,en,red
255,188,0,en,pumpkin orange
255,0,145,en,rose pink
255,0,189,en,light purple
255,135,0,en,light orange
255,0,31,en,darker red
255,168,0,en,pumpkin orangel
255,0,52,en,red
192,255,0,en,green yellow
167,255,0,en,dark green yellow
255,246,0,en,yellow
115,0,255,en,purple
96,255,0,en,lime green
255,0,128,en,pink
70,0,255,en,indigo
163,0,255,en,purple
255,0,239,en,magenta
229,255,0,en,yellow
229,0,255,en,purple
255,0,95,en,pink
255,144,0,en,orange
255,78,0,en,red
164,0,255,en,purple
255,253,0,en,yellow
255,0,73,en,pink
158,255,0,en,green
255,0,198,en,magenta
255,233,0,en,yellow
255,86,0,en,orange
255,0,176,en,magenta
255,0,26,en,red
255,177,0,en,yellow
87,255,0,en,green
255,196,0,en,yellow
255,180,0,en,mustard
255,0,159,en,magenta
220,0,255,en,red violet
180,255,0,en,neon lime
255,30,0,en,red
204,0,255,en,orchid
157,0,255,en,purple
233,255,0,en,neon yellow
255,0,204,en,fushia
255,0,42,en,blood red
255,237,0,en,yellow
255,0,124,en,rose
255,0,62,en,dark red
84,0,255,en,dark blue
255,138,0,en,rust
255,183,0,en,puke
255,102,0,en,coral
255,0,97,en,red violet
57,255,0,en,bright gree
185,255,0,en,lime
255,0,74,en,fuscia
255,231,0,en,yellow
255,0,130,en,hot pink
255,0,243,en,magenta
175,0,255,en,purple
147,0,255,en,purple
148,255,0,en,light green
248,255,0,en,yellow
255,101,0,en,burnt orange
204,255,0,en,yellow green
93,255,0,en,electric green
255,0,179,en,hot pink
255,139,0,en,orange
255,79,0,en,burnt orange
255,152,0,en,orange
255,0,41,en,scarlett
255,206,0,en,yellow orange
255,0,151,en,hot pink
221,0,255,en,purple
255,0,98,en,fuscia
255,69,0,en,red
255,189,0,en,orange
227,255,0,en,lime green
255,0,34,en,red
255,179,0,en,orange
70,0,255,en,blue
255,227,0,en,dark yellow
255,255,0,en,bright yellow
255,0,114,en,pink
255,124,0,en,orange
236,0,255,en,fuchsia
255,107,0,en,orange
181,255,0,en,lime green
126,0,255,en,purple
255,0,227,en,bright pink
255,0,49,en,red
255,0,164,en,pink
255,0,200,en,bright pink
255,0,86,en,red
123,255,0,en,lime green
215,0,255,en,bright purple
146,255,0,en,light green
255,151,0,en,orange
255,0,80,en,magenta
244,255,0,en,yellow
255,226,0,en,ochre
255,0,141,en,pink
255,118,0,en,burnt orange
255,0,172,en,pink
255,170,0,en,yellow orange
210,0,255,en,purple
255,54,0,en,red orange
255,0,19,en,crimson
204,255,0,en,yellow green
255,205,0,en,yellow ochre
132,255,0,en,light green
220,0,255,en,pink purple
255,0,87,en,magenta
143,0,255,en,violet
255,0,199,en,pink
58,0,255,en,blue
255,0,226,en,fuscia
244,0,255,en,magenta
255,156,0,en,orange
255,133,0,en,orange
89,0,255,en,dark blue
255,0,123,en,pink
255,0,37,en,red
255,86,0,en,orange
161,255,0,en,lime
255,73,0,en,dark orange
240,255,0,en,yellow
76,255,0,en,light green
122,0,255,en,blue/purple
255,0,83,en,dark pink
183,0,255,en,purple
255,0,144,en,pink
255,218,0,en,yellow
190,255,0,en,lime
255,0,176,en,rose
255,0,72,en,dark pink
255,0,226,en,magenta
255,188,0,en,mustard
255,0,180,en,violet
255,255,0,en,yellow
116,0,255,en,purple
255,40,0,en,light red
124,255,0,en,green
255,0,59,en,dark red
255,0,137,en,crimson
255,162,0,en,sick orange
255,0,104,en,crimson
255,0,156,en,violet
255,109,0,en,dark orange
255,239,0,en,yellow
182,0,255,en,purple
236,0,255,en,light violet
188,255,0,en,green
170,255,0,en,sick green
255,0,242,en,dark violet
255,0,26,en,red
255,134,0,en,orange
84,0,255,en,dark purple
255,199,0,en,yellow skin
116,255,0,en,"lime, but more blue"
255,0,120,en,hot pink
232,0,255,en,violet
255,85,0,en,red orange
255,0,96,en,magenta
151,255,0,en,"lime, but more yellow"
218,255,0,en,stale lemon yellow
255,0,197,en,"pink, but purple undertones"
255,151,0,en,orange
255,53,0,en,red orange
201,0,255,en,wisteria purple
255,0,34,en,red
255,0,231,en,"purple, but pink undertones"
255,238,0,en,banana yellow
255,0,50,en,red
255,0,173,en,"pink, but purple undertones"
255,255,0,en,banana yellow
255,174,0,en,orange
66,0,255,en,standard blue
255,196,0,en,peach orange
116,0,255,en,"blue, but with purple undertones"
255,172,0,en,tangerine
255,0,145,en,fuchsia
255,0,45,en,orange red
255,0,247,en,magenta
255,0,103,en,pink red
255,0,131,en,dark pink
108,255,0,en,neon yellow green
255,0,117,en,pink
255,64,0,en,red orange
255,0,250,en,fuchsia
34,255,0,en,neon green
255,0,207,en,magenta
255,146,0,en,orange
217,0,255,en,purple
123,0,255,en,indigo
255,0,110,en,fuchsia
255,184,0,en,yellow
255,0,181,en,hot pink
248,0,255,en,pink
255,80,0,en,orange
91,255,0,en,neon green
243,255,0,en,bright yellow
255,0,175,en,fuchsia
255,0,59,en,red
209,255,0,en,neon yellow
196,0,255,en,purple
255,221,0,en,yellow
255,0,31,en,red
255,0,115,en,fuchsia
255,169,0,en,ochre
255,146,0,en,ochre
255,0,241,en,hot pink
255,107,0,en,orange
139,255,0,en,neon green
94,0,255,en,purple
255,208,0,en,yellow
180,0,255,en,purple
255,0,200,en,pink
150,255,0,en,green
214,255,0,en,green
255,213,0,en,yellow
107,0,255,en,purple
255,59,0,en,red
255,0,160,en,pink
244,0,255,en,purple
255,174,0,en,orange
255,255,0,en,yellow
255,0,133,en,pink
255,0,18,en,red
255,124,0,en,orange
255,0,94,en,red
52,255,0,en,green
255,0,52,en,red
255,90,0,en,orange
255,0,212,en,pink
253,255,0,en,yellow
123,255,0,en,pea green
255,0,221,en,fusia
216,0,255,en,purple
219,0,255,en,lavender
255,0,119,en,magenta
255,110,0,en,orange
255,0,134,en,pink
255,0,177,en,purple
159,255,0,en,green
255,0,23,en,red
248,0,255,en,purple
255,76,0,en,orange
255,0,106,en,pink
110,255,0,en,green
255,0,222,en,purple
255,0,151,en,purple
255,0,66,en,red
255,175,0,en,yellow
232,255,0,en,yellow
219,255,0,en,yellow
115,0,255,en,purple
93,0,255,en,blue
255,124,0,en,orange
255,221,0,en,yellow
255,0,82,en,red
255,0,191,en,purple
193,255,0,en,yellow green
255,81,0,en,orange
210,0,255,en,purple
255,211,0,en,yellow
255,219,0,en,yellow
255,143,0,en,orange
255,0,160,en,magenta
255,0,58,en,red
255,176,0,en,orange
174,255,0,en,yellow green
255,185,0,en,orange
255,0,3,en,red
255,72,0,en,red
255,0,156,en,magenta
255,168,0,en,tangerine
255,190,0,en,marigold
185,0,255,en,violet
255,0,204,en,bubblegum pink
255,215,0,en,sunflower
120,255,0,en,neon green
255,0,99,en,strawberry
255,0,137,en,pink
221,0,255,en,fuchsia
188,255,0,en,chartreuse
255,91,0,en,orange
138,255,0,en,lime green
255,120,0,en,safety orange
255,0,51,en,strawberry red
255,255,0,en,bright yellow
255,0,239,en,fuchsia
112,0,255,en,purple
255,61,0,en,orange red
255,0,41,en,red
255,0,158,en,pink
255,107,0,en,orange
255,0,78,en,bright red
255,20,0,en,red
255,0,30,en,red
213,0,255,en,purple
85,0,255,en,blue
228,255,0,en,yellow
242,0,255,en,magenta
255,196,0,en,goldenrod
255,0,203,en,hot pink
255,0,81,en,bright red
68,255,0,en,green
255,0,114,en,bright pink
255,0,227,en,hot pink
114,0,255,en,purple
255,241,0,en,yellow
158,255,0,en,lime green
255,144,0,en,oranfe
254,255,0,en,yellow
255,157,0,en,orange
255,201,0,en,yellow
255,219,0,en,yellow
84,255,0,en,green
43,0,255,en,blue
255,12,0,en,red
255,0,11,en,red
209,0,255,en,pink
255,0,95,en,red
102,0,255,en,violet
255,241,0,en,yellow
255,158,0,en,orange
255,0,215,en,pink
255,0,118,en,rose
255,129,0,en,orange
255,0,31,en,red
139,255,0,en,neon green
79,255,0,en,lime green
255,115,0,en,burnt orange
255,0,58,en,scarlet
200,255,0,en,yellow green
233,255,0,en,highlighter yellow
255,199,0,en,orange
255,48,0,en,brick
255,0,202,en,magenta
213,0,255,en,pink purple
71,0,255,en,violet
255,0,94,en,red
252,0,255,en,magenta
255,0,162,en,hot pink
255,75,0,en,red
255,0,159,en,pink
255,0,47,en,red
255,0,67,en,red
255,179,0,en,yellow
255,110,0,en,orange
255,250,0,en,yellow
255,195,0,en,yellow
175,255,0,en,green
255,0,110,en,pink
205,255,0,en,green
195,0,255,en,purple
238,0,255,en,pink
96,0,255,en,blue
255,228,0,en,yellow
255,132,0,en,orange
255,0,125,en,pink
255,0,178,en,pink
255,0,223,en,pink
113,255,0,en,green
255,0,102,en,grapefruit
255,72,0,en,tangerine
185,255,0,en,chartreuse
87,255,0,en,spring green
255,0,151,en,magenta
255,0,232,en,magenta
255,0,194,en,magenta
222,0,255,en,purple
201,0,255,en,purple
255,178,0,en,marigold
255,0,58,en,grapefruit
255,190,0,en,marigold
255,250,0,en,sun yellow
222,255,0,en,lemon yellow
255,226,0,en,goldenrod
130,0,255,en,royal blue
255,0,138,en,magenta
255,121,0,en,tangerine
255,178,0,en,gold
255,147,0,en,orange
255,115,0,en,orange
255,184,0,en,yellow
255,0,235,en,magenta
255,0,108,en,berry
255,0,251,en,magenta
255,0,154,en,pink
255,0,2,en,red
201,255,0,en,chartreuse
248,255,0,en,yellow
255,216,0,en,yellow
118,0,255,en,purplo
183,0,255,en,purple
169,255,0,en,lime
130,255,0,en,lime
255,0,116,en,pink
255,0,188,en,pink
255,77,0,en,dark orange
255,0,57,en,red
255,0,66,en,dark red
234,255,0,en,yellow
255,0,0,en,red
255,83,0,en,darkorange
255,132,0,en,orange
215,255,0,en,dark yellow
255,164,0,en,light orange
255,0,109,en,pink
255,0,237,en,purple
182,0,255,en,purple
15,0,255,en,blue
255,0,251,en,pink
255,0,202,en,purple
183,255,0,en,yellow
162,0,255,en,purple
255,201,0,en,orange
255,0,155,en,pink
255,0,38,en,red
255,227,0,en,orange
64,255,0,en,green
255,0,116,en,dark red
235,255,0,en,yellow
255,0,242,en,pink
255,0,253,en,pink
172,0,255,en,purple
255,0,172,en,pink
255,49,0,en,orange
255,0,110,en,pink
255,96,0,en,orange
255,173,0,en,orange
255,0,25,en,red
191,255,0,en,lime
255,0,177,en,pink
255,0,80,en,red
34,255,0,en,green
161,255,0,en,lime
255,0,116,en,pink
255,209,0,en,yellow
107,255,0,en,green
255,215,0,en,yellow
129,0,255,en,violet
255,123,0,en,orange
236,0,255,en,magenta
242,255,0,en,yellow
255,0,41,en,red
44,255,0,en,lime green
255,0,60,en,bright red
255,133,0,en,orange
255,0,218,en,magenta
255,0,96,en,pink red
255,0,139,en,bluish red
195,255,0,en,lime green
255,46,0,en,red
255,193,0,en,orange yellow
217,0,255,en,purple
181,255,0,en,neon green
255,0,161,en,pink
255,119,0,en,orange
159,0,255,en,purple
255,202,0,en,yellow
255,46,0,en,red
52,0,255,en,blue
255,166,0,en,orange
255,0,188,en,hot pink
180,0,255,en,purple
232,0,255,en,pink
121,255,0,en,neon green
229,255,0,en,yellow
255,0,72,en,red
255,0,122,en,pinkish red
142,255,0,en,green
255,130,0,en,orange
255,0,224,en,pink
255,251,0,en,yellow
255,0,43,en,red
255,213,0,en,puke
255,0,94,en,redish
255,0,28,en,red
197,255,0,en,neon yellow
216,0,255,en,purple
255,166,0,en,orange
255,202,0,en,yellow
255,0,227,en,magenta
255,216,0,en,yellow
255,0,141,en,dark magenta
120,0,255,en,violet
255,0,106,en,fuchsia
255,0,70,en,fuchsia
233,255,0,en,neon yellow
255,66,0,en,scarlet
130,255,0,en,neon green
255,0,144,en,fuchsia
255,0,252,en,magenta
255,0,176,en,magenta
255,109,0,en,orange
175,255,0,en,yellow green
84,0,255,en,violet
255,151,0,en,light orange
255,77,0,en,coral
255,0,74,en,alizarin crimson
92,255,0,en,lime
255,0,227,en,magenta
255,251,0,en,yellow
255,0,25,en,red
134,0,255,en,periwinkle
255,193,0,en,tangerine
255,219,0,en,yellow
255,0,112,en,magenta
255,0,146,en,pink
255,162,0,en,orange
147,255,0,en,neon gree
252,0,255,en,fuschia
230,255,0,en,canary yellow
255,122,0,en,orange
255,0,92,en,alizarin crimson
255,88,0,en,coral
39,255,0,en,green
255,0,180,en,fucshia
69,0,255,en,aquamarine
184,0,255,en,purple
255,196,0,en,yellow
255,0,203,en,pink
125,255,0,en,green
255,0,81,en,red
193,255,0,en,lime green
255,0,227,en,fuscia
219,0,255,en,purple
255,0,63,en,red
255,221,0,en,yellow
255,246,0,en,yellow
255,0,47,en,red
175,0,255,en,purple
255,178,0,en,yellow orange
108,0,255,en,blue purple
255,0,115,en,pinkish red
174,255,0,en,lime green
255,122,0,en,orange
255,58,0,en,red orange
255,114,0,en,orange
255,0,156,en,fuscia
255,0,158,en,pink
74,255,0,en,green
255,111,0,en,orange
255,135,0,en,orange
255,188,0,en,yellow
255,0,181,en,pink
255,176,0,en,orange
255,0,91,en,pink
255,0,67,en,red
198,0,255,en,purple
255,215,0,en,yellow
188,255,0,en,green
255,73,0,en,red
255,0,232,en,purple
246,255,0,en,yellow
160,0,255,en,purple
255,0,119,en,pink
255,0,16,en,red
183,255,0,en,green
255,0,255,en,purple
255,0,209,en,pink
136,0,255,en,purple
255,215,0,en,yellow
213,0,255,en,purple
255,0,231,en,pink
255,152,0,en,orange
255,124,0,en,orange
255,0,153,en,pink
255,89,0,en,blood orange
255,0,53,en,red
255,168,0,en,orange
255,254,0,en,yellow
255,220,0,en,yellow
162,255,0,en,lime green
255,196,0,en,yellow
186,255,0,en,green
255,0,187,en,pink
255,0,235,en,pink
255,0,44,en,red
185,0,255,en,purple
255,0,118,en,raspberry
116,0,255,en,purple
118,255,0,en,green
247,0,255,en,pink
81,0,255,en,blue
255,81,0,en,orange
255,0,98,en,raspberry
96,0,255,en,periwinkle
210,255,0,en,yellow
255,149,0,en,orange
255,0,96,en,fuschia
255,0,150,en,fuschia
255,0,112,en,fuschia
68,0,255,en,periwinkle
255,0,41,en,fuschia
184,255,0,en,yellow
255,104,0,en,red orange
255,191,0,en,orange
255,0,233,en,purple
98,255,0,en,lime green
240,0,255,en,purple
255,0,177,en,purple
255,173,0,en,orange
235,255,0,en,yellow
255,0,70,en,red
255,239,0,en,yellow
255,64,0,en,red orange
184,0,255,en,purple
174,0,255,en,violent
191,255,0,en,yellow green
255,164,0,en,rust orange
255,0,105,en,hot pink
255,0,244,en,purple
255,0,129,en,pink
255,0,73,en,red pink
134,0,255,en,blueish purple
255,0,163,en,hot pink
238,0,255,en,violent
242,255,0,en,yellow
120,255,0,en,light green
255,67,0,en,red
255,0,190,en,light purple
255,0,19,en,red
255,141,0,en,orange
255,188,0,en,light orange
255,100,0,en,rust orange
255,0,108,en,reddish pink
255,109,0,en,orange
255,0,195,en,pink
131,0,255,en,blueish purple
255,0,9,en,red
255,0,154,en,dark pink
169,0,255,en,purple
26,255,0,en,florescent green
255,254,0,en,yellow
255,148,0,en,orange
90,255,0,en,fluorescent green
255,0,217,en,pinkish purple
55,0,255,en,blue
255,223,0,en,dark yellow
215,255,0,en,yellow
255,164,0,en,orange
255,187,0,en,light orange
239,0,255,en,pinkish purple
255,0,126,en,reddish purple
158,255,0,en,fluorescent green
255,10,0,en,red
255,0,80,en,purplish red
255,0,130,en,red
255,207,0,en,yellow
255,0,187,en,pink
191,255,0,en,lime
28,0,255,en,blue
247,0,255,en,purple
255,0,55,en,red
170,255,0,en,lime
255,142,0,en,orange
255,0,232,en,pink
235,255,0,en,yellow
255,0,161,en,magenta
255,0,42,en,red
255,231,0,en,yellow
255,170,0,en,orange
255,115,0,en,orange
122,255,0,en,green
207,0,255,en,purple
255,0,81,en,red
95,0,255,en,blue
255,27,0,en,red
255,110,0,en,orange
255,0,79,en,red
255,0,8,en,red
255,121,0,en,orange
227,255,0,en,yellow
255,15,0,en,red
235,0,255,en,light purple
255,226,0,en,yellow
255,153,0,en,orange
255,0,149,en,magenta
192,0,255,en,purple
255,0,236,en,pink
255,95,0,en,orange
124,255,0,en,green
255,0,114,en,magenta
255,0,98,en,magenta
255,126,0,en,orange
255,0,195,en,pink
179,255,0,en,light green
255,251,0,en,yellow
255,0,48,en,red
255,70,0,en,orange
255,220,0,en,yellow
26,255,0,en,neon green
255,0,57,en,red
255,153,0,en,orange
255,211,0,en,yellow
255,210,0,en,dark yellow
137,0,255,en,deep purple
205,255,0,en,yellow green
255,0,76,en,red
255,0,125,en,fuschia
168,255,0,en,neon green
255,0,192,en,magenta
255,142,0,en,orange
255,111,0,en,orange
99,0,255,en,purple
255,78,0,en,orange red
81,0,255,en,purple
255,0,47,en,red
234,0,255,en,magenta purple
255,0,228,en,magenta
207,0,255,en,purple
255,0,161,en,fuschia
212,255,0,en,yellow
255,0,107,en,red
111,255,0,en,chartreuse
254,255,0,en,yellow
197,255,0,en,yellow green
255,0,138,en,magenta
255,107,0,en,orange
255,81,0,en,red
255,0,35,en,red
255,0,90,en,red
255,0,162,en,magenta
254,0,255,en,magenta
84,0,255,en,blue
106,255,0,en,neon green
255,0,214,en,magenta
255,154,0,en,orange
239,255,0,en,yellow
150,0,255,en,purple
197,0,255,en,purple
255,150,0,en,orange
255,0,60,en,red
176,255,0,en,yellow green
255,0,185,en,magenta
255,226,0,en,yellow
255,210,0,en,dark yellow
166,255,0,en,lime green
255,24,0,en,red
255,206,0,en,orange
235,255,0,en,yellow
255,0,250,en,magenta
255,0,102,en,pink
255,0,67,en,red
220,255,0,en,neon green
255,0,126,en,hot pink
100,0,255,en,royal blue
255,95,0,en,dark orange
191,0,255,en,royal purple
255,219,0,en,mustard yellow
255,0,224,en,pink
255,0,171,en,pink
40,0,255,en,blue
255,135,0,en,hot orange
255,0,5,en,red
255,157,0,en,orange
105,255,0,en,lime green
255,0,207,en,hot pink
255,0,138,en,magenta
155,0,255,en,purple
243,0,255,en,pink
173,255,0,en,lime
255,0,10,en,red
255,118,0,en,orange
167,0,255,en,purple
255,216,0,en,yellow
255,12,0,en,red
255,147,0,en,orange
255,0,75,en,pink
191,255,0,en,lemon lime
255,159,0,en,orange
255,0,163,en,purple
110,255,0,en,lime green
246,255,0,en,yelloq
255,0,100,en,magenta
255,0,197,en,purple
255,0,240,en,purple
255,211,0,en,orange
255,235,0,en,yellow
208,0,255,en,purple
255,0,244,en,pink
255,101,0,en,orange
255,164,0,en,yellow
255,35,0,en,red
255,0,196,en,magenta
255,0,123,en,ruby red
255,0,95,en,red
224,0,255,en,purple
255,0,50,en,rose red
255,149,0,en,gold
255,0,167,en,hot pink
255,203,0,en,butter yellow
221,255,0,en,neon green
255,0,46,en,rose red
136,255,0,en,light green
80,255,0,en,grass green
31,0,255,en,dark blue
111,0,255,en,violet
231,255,0,en,neon yellow
139,255,0,en,lime green
255,147,0,en,dark orange
196,0,255,en,purple
255,176,0,en,light orange
230,255,0,en,yellow
255,0,117,en,dark pink
255,0,9,en,red
255,0,100,en,dark pink
255,0,255,en,purple
255,221,0,en,yellow
255,0,150,en,pink
255,0,230,en,purple
84,0,255,en,blue
57,255,0,en,lime green
255,112,0,en,orange
255,255,0,en,yellow
255,0,63,en,red
255,205,0,en,mustard yellow
255,23,0,en,red
154,0,255,en,purple
255,0,197,en,purple
133,255,0,en,yellow green
255,166,0,en,orange
255,0,67,en,hot pink
255,191,0,en,yellow orange
255,76,0,en,red orange
255,131,0,en,orange
74,255,0,en,lime green
255,100,0,en,red orange
236,255,0,en,yellow
196,255,0,en,yellow green
221,0,255,en,purple
255,0,224,en,hot pink
255,0,155,en,pink
143,0,255,en,violet
84,0,255,en,indigo
255,0,134,en,fascia
255,223,0,en,yellow
255,0,93,en,magenta
255,0,208,en,pink
255,0,29,en,red
174,0,255,en,purple
247,0,255,en,magenta
139,0,255,en,purple
104,255,0,en,green
255,165,0,en,orange
255,188,0,en,light orange
255,0,114,en,hot pink
255,238,0,en,yellow
255,0,225,en,pink
223,255,0,en,yellowish green
54,0,255,en,electric blue
178,255,0,en,grass
255,86,0,en,blood orange
255,0,97,en,rose
209,0,255,en,magenta
255,0,47,en,red
255,147,0,en,orange
255,54,0,en,blood orange
255,0,50,en,red
235,255,0,en,yellow
255,0,165,en,hot pink
255,0,193,en,pink
255,108,0,en,orange
255,0,131,en,pink
255,0,219,en,magenta
255,0,66,en,red
255,139,0,en,orange
177,0,255,en,purple
102,255,0,en,lime green
255,200,0,en,yellow
138,255,0,en,green
231,255,0,en,neon yellow
211,255,0,en,yellow
255,179,0,en,orange
255,50,0,en,red
234,0,255,en,purple
255,231,0,en,yellow
118,0,255,en,purple
255,0,24,en,red
255,0,167,en,magenta
255,0,87,en,red
255,0,209,en,pink
255,70,0,en,pumpkin reddish orange
210,0,255,en,magenta
150,0,255,en,reddish purple
255,176,0,en,ochre
255,0,95,en,dark reddish pink
255,132,0,en,yellowish orange
255,0,227,en,bright purplish pink
248,255,0,en,yellow
255,0,155,en,slighly bluer version of hot pink
215,255,0,en,tennis ball neon greenish yellow
229,0,255,en,magenta
255,0,133,en,hot pink
41,255,0,en,bright green
255,210,0,en,medium yellow slightly brownish
255,0,32,en,red
255,240,0,en,yellow
169,255,0,en,lime green
255,100,0,en,pumpkin reddish orange
255,0,50,en,slightly bluer red
255,0,204,en,magenta
245,255,0,en,yellow
255,0,120,en,pink
255,242,0,en,yelow
255,196,0,en,fire orange
64,255,0,en,lime green
255,0,251,en,magenta
255,132,0,en,oragne
255,105,0,en,orange
188,255,0,en,yellow green
184,0,255,en,purple
255,0,175,en,pink
255,0,36,en,red
255,174,0,en,orange
163,0,255,en,purple
138,255,0,en,lime green
255,0,89,en,pink
255,29,0,en,red
255,0,66,en,pink
255,0,186,en,magenta
255,0,211,en,magenta
237,255,0,en,yellow
255,37,0,en,red
255,131,0,en,orange
255,0,69,en,dark red
126,0,255,en,purple
139,255,0,en,neon green
255,0,169,en,pink
255,0,245,en,pink
255,210,0,en,yellow orange
195,0,255,en,purple
255,0,39,en,red
255,0,89,en,dark pink
255,0,127,en,dark pink
255,220,0,en,yellow
95,255,0,en,neon green
203,255,0,en,yellow green
255,0,191,en,pink
255,162,0,en,yellow orange
228,0,255,en,purple
255,111,0,en,orange
255,211,0,en,yellow
239,0,255,en,fuchsia
207,0,255,en,violet
255,0,181,en,hot pink
255,0,123,en,magenta
255,0,87,en,red
141,255,0,en,lime green
255,0,63,en,red
255,0,43,en,red
243,255,0,en,yellow
255,76,0,en,dark orange
118,255,0,en,lime green
255,164,0,en,orange
255,150,0,en,orange
255,117,0,en,orange
151,0,255,en,purple
255,216,0,en,yellow
229,255,0,en,chartreuse
255,0,156,en,hot pink
255,0,214,en,barbie pink
255,180,0,en,orange
198,255,0,en,lime yellow
201,0,255,en,light purple
255,0,99,en,light red
255,0,58,en,red
255,0,29,en,orange red
255,187,0,en,orange
255,0,178,en,pink
255,0,114,en,red
155,0,255,en,purple
239,255,0,en,yellow
255,92,0,en,orange
255,0,157,en,pink
104,255,0,en,lime green
255,0,240,en,purple
234,0,255,en,purple
255,139,0,en,orange
154,255,0,en,lime green
255,50,0,en,orange
255,222,0,en,yellow
255,0,190,en,hot pink
255,243,0,en,yellow
159,255,0,en,lime green
255,154,0,en,amber
225,0,255,en,lavender
255,106,0,en,orange
255,0,99,en,pinkish red
176,0,255,en,blurple
255,194,0,en,gold
255,216,0,en,gold
255,41,0,en,amber
24,255,0,en,lime green
65,0,255,en,blue
255,0,62,en,red
255,121,0,en,orange
255,0,146,en,hot pink
94,255,0,en,lime green
223,255,0,en,yellow
255,0,21,en,red
255,0,219,en,hot pink
158,0,255,en,purple
255,0,131,en,pinkish red
255,212,0,en,mustard
255,0,78,en,red pink
255,0,160,en,hot pink
255,140,0,en,orange
255,110,0,en,dark orange
192,0,255,en,purple
255,0,182,en,hot pink
63,0,255,en,navy blue
255,0,255,en,neon purple
255,0,215,en,bright pink
197,255,0,en,kelly green
255,64,0,en,red orange
255,222,0,en,yellow
160,255,0,en,lime green
248,255,0,en,bright yellow
78,255,0,en,neon green
255,0,124,en,hot pink
125,0,255,en,royal purple
255,168,0,en,orange
255,0,20,en,red
255,0,100,en,dark pink
255,139,0,en,orange
255,179,0,en,light orange
255,0,218,en,dark pink
255,0,101,en,red
142,0,255,en,purple
193,255,0,en,green
255,251,0,en,yellow
150,255,0,en,green
255,0,128,en,pink
69,0,255,en,dark blue
255,0,34,en,red
255,198,0,en,yellow
222,0,255,en,purple
113,255,0,en,green
255,0,50,en,red
255,114,0,en,orange
255,225,0,en,yellow
255,0,152,en,pink
194,0,255,en,purple
255,0,202,en,dark pink
255,58,0,en,red
226,0,255,en,orange
255,0,236,en,orange
255,208,0,en,orange
255,0,169,en,orange
255,174,0,en,orange
229,255,0,en,orange
255,0,87,en,orange
255,0,29,en,red
134,0,255,en,purple
255,197,0,en,yellow
255,0,192,en,pink
255,0,240,en,purple pink
255,123,0,en,orange
255,0,164,en,pink
255,250,0,en,yellow
255,156,0,en,orange
255,0,69,en,red pink
255,99,0,en,orange
255,0,121,en,dark pink
180,0,255,en,purple
144,255,0,en,neon green
218,255,0,en,green yellow
255,53,0,en,orange red
121,255,0,en,light green
255,214,0,en,yellow
255,0,106,en,dark pink
229,0,255,en,purple
217,0,255,en,purpled
255,0,83,en,red
139,255,0,en,green
255,164,0,en,orange
138,0,255,en,dark purple
255,0,222,en,pink
255,135,0,en,orange
255,74,0,en,red
255,192,0,en,orange
239,0,255,en,purple
255,104,0,en,orange
255,0,47,en,red
255,0,158,en,pink
255,214,0,en,yellow
255,253,0,en,yellow
216,255,0,en,yellow
255,0,209,en,purple
91,255,0,en,green
255,0,119,en,pink
255,0,75,en,red
255,155,0,en,orange
255,0,20,en,red
255,0,212,en,magenta
255,202,0,en,chrome yellow
255,0,111,en,rose
165,255,0,en,chartreuse
255,230,0,en,yellow
206,255,0,en,lime green
255,126,0,en,dark orange
255,0,209,en,hot pink
82,255,0,en,yellowish green
102,0,255,en,violet
255,0,132,en,rose
199,0,255,en,purple
254,0,255,en,fuchsia
255,0,70,en,crimson
255,101,0,en,dark orange
255,18,0,en,scarlet
255,253,0,en,yellow
255,0,162,en,magenta
66,0,255,en,indigo
255,0,145,en,pink
255,0,117,en,pink
255,25,0,en,red
183,255,0,en,lime green
255,0,245,en,magenta
255,0,71,en,red
251,0,255,en,magenta
109,255,0,en,green
50,0,255,en,blue
157,0,255,en,purple
255,206,0,en,gold
191,255,0,en,lime green
255,0,92,en,red
255,133,0,en,orange
202,0,255,en,purple
255,219,0,en,gold
255,0,16,en,red
255,166,0,en,orange
255,82,0,en,orange
253,255,0,en,yellow
255,0,192,en,pink
255,0,63,en,red
255,0,183,en,magenta
119,255,0,en,lime
255,0,149,en,magenta
162,0,255,en,violet
255,160,0,en,orange
179,255,0,en,lime
229,0,255,en,violet
255,0,142,en,dark magenta
255,0,229,en,magenta
255,0,6,en,red
255,208,0,en,golden yellow
213,0,255,en,violet
255,93,0,en,orange
255,0,87,en,red
255,238,0,en,yellow
255,67,0,en,red
227,255,0,en,chartruse
255,128,0,en,orange
90,0,255,en,purple
255,252,0,en,yellow
255,0,18,en,red
255,141,0,en,orange
255,0,60,en,red
64,255,0,en,green
255,115,0,en,orange
228,255,0,en,yellow
143,0,255,en,purple
255,0,107,en,red
237,255,0,en,yellow
255,0,213,en,pink
81,0,255,en,purple
164,0,255,en,magenta
255,69,0,en,red orange
243,0,255,en,pink
255,0,128,en,hot pink
255,227,0,en,yellow
255,154,0,en,orange
145,255,0,en,lime green
255,0,166,en,pink
255,207,0,en,yellow
255,0,177,en,pink
255,126,0,en,orange
119,255,0,en,neon green
255,0,124,en,hot pink
255,0,249,en,fuchsia
255,0,24,en,red
80,0,255,en,violet blue
162,255,0,en,neon green
215,0,255,en,hot pinky purple
255,115,0,en,orange
255,0,177,en,neon pink
246,255,0,en,neon yellow
255,208,0,en,neon yellow orange
128,0,255,en,violey
255,0,244,en,hot pink
255,0,54,en,red
255,218,0,en,yellow
255,0,158,en,hot pink
255,0,81,en,red
194,255,0,en,neon yellow
255,153,0,en,orange
255,0,0,en,red
145,0,255,en,purple
255,144,0,en,orange
255,0,206,en,"pink, magenta"
112,255,0,en,"green, lime green"
198,0,255,en,"purple, light purple, pinkish purple"
255,0,150,en,"hot pink, fuschia"
255,255,0,en,yellow
229,255,0,en,fluorescent yellow
255,0,33,en,vermillion
255,0,80,en,pinkish red
255,62,0,en,red
255,114,0,en,orange
255,0,224,en,hot pink
255,207,0,en,"yellow, maize"
255,176,0,en,orangish yellow
255,0,128,en,fuschia
134,255,0,en,lime green
255,0,82,en,magenta
255,236,0,en,yellow
250,0,255,en,fuschia
255,0,231,en,magenta
255,0,32,en,orange red
255,0,185,en,hot pink
255,177,0,en,mustard
255,0,61,en,pink red
120,0,255,en,purple
255,125,0,en,orange
255,233,0,en,yellow
255,98,0,en,deep orange
255,0,153,en,hot pink
149,255,0,en,lime green
255,0,123,en,dark hot pink
102,255,0,en,medium neon green
255,197,0,en,mustard
240,0,255,en,magenta
227,255,0,en,greener yellow
181,0,255,en,purple
255,249,0,en,yellow
255,0,108,en,hot pink
255,69,0,en,deep orange
255,0,98,en,magenta
255,122,0,en,tangerine
255,95,0,en,orange
255,223,0,en,yellow
190,255,0,en,neon yellow
255,0,43,en,red
125,255,0,en,lime green
255,0,134,en,magenta
255,0,148,en,hot pink
113,0,255,en,purple
255,175,0,en,mustard
255,56,0,en,red orange
213,0,255,en,hot pink
255,204,0,en,mustard
255,245,0,en,yellow
62,0,255,en,midnight blue
179,255,0,en,yellow green
244,0,255,en,magenta
255,0,107,en,pinkish red
255,226,0,en,yellow
109,255,0,en,lime green
255,0,80,en,reddish pink
255,0,137,en,pink
11,255,0,en,neon green
152,255,0,en,yellowish lime green
255,10,0,en,bright red
239,0,255,en,pink
255,0,197,en,really pink
255,168,0,en,gold
141,0,255,en,dark purple
255,195,0,en,yellow
196,0,255,en,purple
255,88,0,en,burnt orange
255,0,162,en,bright pink
255,245,0,en,yellow
255,0,9,en,red
255,136,0,en,orange
202,255,0,en,yellowish lime green
255,0,212,en,pink
255,217,0,en,super sonic
255,0,63,en,kunckles
255,68,0,en,fire orange
159,0,255,en,purple
255,0,42,en,red
255,82,0,en,fire orange
245,255,0,en,piss yellow
255,0,198,en,amy pink
191,255,0,en,neon green
255,0,171,en,amy pink
255,0,122,en,hot pink
129,255,0,en,neon green
244,0,255,en,purple pink
255,152,0,en,orange
135,255,0,en,neon green
255,189,0,en,roo orange
255,0,106,en,hot pink
255,0,225,en,neon pink
255,149,0,en,roo shirt orange
167,0,255,en,purple
63,255,0,en,green
255,0,225,en,magenta
255,172,0,en,orange
140,0,255,en,purple
255,0,91,en,red
255,250,0,en,yellow
255,0,130,en,pink
255,0,190,en,magenta
255,136,0,en,orange
215,255,0,en,yellow
66,0,255,en,periwinkle
250,0,255,en,purple
255,0,41,en,red
255,241,0,en,yellow
255,202,0,en,golden yellow
255,0,56,en,red
255,88,0,en,red orange
189,0,255,en,purple
157,255,0,en,lime green
255,77,0,en,red orange
255,0,145,en,magenta
255,0,128,en,magenta
255,189,0,en,orange
133,255,0,en,lime
255,255,0,en,yellow
255,0,163,en,pink
243,0,255,en,violet
255,138,0,en,orange
255,223,0,en,yellow
255,109,0,en,burnt orange
194,0,255,en,purple
255,173,0,en,gold
255,40,0,en,ref
255,0,21,en,red
255,0,217,en,pink
255,0,74,en,red
255,0,191,en,pink
255,0,90,en,magenta
113,255,0,en,electric green
86,0,255,en,royal blue
134,0,255,en,purple
219,255,0,en,fluorescent yellow
255,0,33,en,tomato
255,134,0,en,orange
255,117,0,en,blood orange
255,0,155,en,magenta
255,194,0,en,honey
255,51,0,en,red
122,0,255,en,purple
255,0,242,en,magenta
255,240,0,en,golden
208,255,0,en,lime
53,255,0,en,grass
255,162,0,en,tangerine
255,0,205,en,burn my eyes
255,0,80,en,rose
255,0,118,en,rose
255,251,0,en,highlighter
206,0,255,en,lavender
255,0,248,en,magenta
116,255,0,en,lime green
100,0,255,en,violet
161,255,0,en,greenish yellow
255,0,212,en,neon pink
233,255,0,en,yellow
255,0,106,en,pink
189,0,255,en,purple
85,0,255,en,royal blue
252,0,255,en,neon pink
255,0,9,en,red
224,255,0,en,yellow
255,0,127,en,pink
255,0,52,en,pink
255,0,169,en,neon pink
255,36,0,en,red
255,115,0,en,orange
255,123,0,en,orange
255,173,0,en,orangish yellow
255,212,0,en,yellow
255,218,0,en,yellow
255,0,101,en,hot pink
44,0,255,en,royal blue
255,153,0,en,orange
165,255,0,en,lime green
237,0,255,en,purple
107,0,255,en,purple
108,255,0,en,lime green
255,0,218,en,fuchsia
255,0,154,en,hot pink
255,0,177,en,flamingo pink
255,0,31,en,red
255,50,0,en,orange
255,219,0,en,yellow
255,247,0,en,bright yellow
255,0,76,en,red
255,146,0,en,tangerine
214,255,0,en,lime
255,0,140,en,hot pink
194,0,255,en,purple
255,118,0,en,orange
255,196,0,en,yellow
255,0,217,en,pink
85,0,255,en,indigo
121,0,255,en,purple
169,255,0,en,greenish yellow
255,56,0,en,brown
255,0,74,en,red
255,0,48,en,red
255,0,139,en,pink
255,0,208,en,purple
255,253,0,en,yellow
255,96,0,en,brown
186,0,255,en,purple
255,0,101,en,pink
213,0,255,en,purple
225,255,0,en,yellow green
255,115,0,en,orange
255,126,0,en,orange
96,0,255,en,purple
255,188,0,en,orange
255,0,165,en,pink
62,0,255,en,purple
255,0,114,en,light red
243,255,0,en,greenish yellow
255,177,0,en,orange
255,0,74,en,red
255,217,0,en,orangish yellow
255,49,0,en,red
255,0,211,en,pink
255,0,249,en,pink
255,0,198,en,pink
255,0,44,en,red
107,255,0,en,green
182,255,0,en,green
255,0,142,en,pink
98,0,255,en,blue
255,235,0,en,yellow
255,0,19,en,red
255,85,0,en,orange
187,0,255,en,purple
181,255,0,en,greenish yellow
252,0,255,en,purple
255,12,0,en,red
255,0,205,en,pink
255,0,171,en,pink
255,0,51,en,red
255,0,215,en,pink
255,0,166,en,magenta
255,175,0,en,light orange
225,255,0,en,yellow
180,255,0,en,yellow greeen
255,208,0,en,mustard
146,0,255,en,purple
255,0,108,en,pink
255,255,0,en,yellow
255,232,0,en,gold
255,0,189,en,pink
98,0,255,en,purple
221,255,0,en,greenish yellow
31,0,255,en,blue
142,255,0,en,lime
255,0,240,en,neon pink
255,0,137,en,pink
255,0,153,en,bright pink
255,157,0,en,tangerine
255,0,192,en,dark pink
228,255,0,en,neon yellow
234,255,0,en,bright yellow
101,255,0,en,neon green
255,6,0,en,red
255,115,0,en,burn orange
255,0,100,en,dark salmon
198,0,255,en,neon purple
255,228,0,en,dark yellow
255,0,3,en,bright red
255,0,248,en,bright pink
255,205,0,en,dark yellow
255,0,66,en,red
94,0,255,en,bright purple
159,255,0,en,neon green
255,145,0,en,autumn
255,0,116,en,pink
255,0,62,en,light red
170,0,255,en,purple
255,0,219,en,magenta
255,126,0,en,light orange
255,0,29,en,red
255,102,0,en,orange
255,62,0,en,lightred
253,255,0,en,light yellow
255,0,186,en,pink
100,255,0,en,lime green
255,235,0,en,banana
255,0,249,en,magenta
255,0,119,en,dark pink
82,0,255,en,dark blue
255,203,0,en,mustard yellow
255,84,0,en,orange
136,255,0,en,lime green
255,58,0,en,red
238,0,255,en,purple
255,242,0,en,yellow
255,0,234,en,dark pink
255,153,0,en,orange
255,0,147,en,pink
255,0,6,en,bright red
255,0,53,en,red
255,152,0,en,orange
204,0,255,en,purple
243,255,0,en,yellow
52,255,0,en,lime green
201,255,0,en,sickly yellow
255,0,83,en,red
255,0,180,en,pink
255,116,0,en,orange
180,0,255,en,fuschia
255,0,92,en,hibiscus
209,255,0,en,fluorescent yellow
252,0,255,en,magenta
255,222,0,en,goldenrod
104,0,255,en,royal purple
255,0,57,en,red
255,0,128,en,hot pink
255,130,0,en,poppy
255,0,222,en,magenta
255,66,0,en,crimson
255,0,205,en,fuschia
53,255,0,en,flourescent  green
255,0,174,en,dark hot pink
255,204,0,en,goldenrod
255,179,0,en,light orange
168,255,0,en,lime green
16,255,0,en,green
236,255,0,en,highlighter
255,110,0,en,orange
255,0,153,en,magenta
216,0,255,en,purple
255,157,0,en,light orange
239,255,0,en,yellow
255,0,197,en,magenta
255,0,223,en,magenta
255,0,68,en,red
62,0,255,en,dark blue
255,0,254,en,magenta
255,236,0,en,yellow
255,0,116,en,red
255,143,0,en,orange
255,0,101,en,red
255,0,48,en,red
255,193,0,en,yellow
172,255,0,en,cactus green
93,255,0,en,green
139,0,255,en,purple
255,58,0,en,orange
189,255,0,en,lime green
70,255,0,en,lime green
193,255,0,en,greenish yellow
255,0,81,en,red
255,238,0,en,yellow
255,0,154,en,pink
143,255,0,en,lime green
255,0,121,en,rose
242,255,0,en,yellow
255,0,24,en,red
255,38,0,en,scarlet
255,0,184,en,magenta
161,0,255,en,purple
255,0,250,en,fuchsia
255,177,0,en,light orange
255,0,220,en,magenta
255,83,0,en,sunset
255,0,75,en,red
255,198,0,en,sunflower
255,138,0,en,orange
209,0,255,en,violet
255,189,0,en,goldenrod
255,0,53,en,crimson
255,0,202,en,pink
149,255,0,en,yellow green
200,255,0,en,acid green
255,0,216,en,barbie pink
181,0,255,en,pinkish purple
255,0,6,en,red
255,251,0,en,yellow
255,0,147,en,vivid pink
255,90,0,en,orange
230,0,255,en,fuschia
132,255,0,en,leaf green
255,128,0,en,orange
255,164,0,en,light orange
114,0,255,en,violet
255,240,0,en,yellow
255,0,85,en,cerise
255,60,0,en,red
255,0,131,en,hot pink
253,0,255,en,magenta
255,0,32,en,red
105,255,0,en,neon green
204,0,255,en,purple
255,171,0,en,yellow orange
255,0,124,en,pink
255,103,0,en,orange
255,0,237,en,pink
255,30,0,en,red
255,195,0,en,tangerine
255,0,210,en,pink
197,255,0,en,green
255,0,89,en,dark pink
171,255,0,en,green
255,138,0,en,orange
255,0,160,en,pink
161,0,255,en,purple
255,0,51,en,red
245,255,0,en,yellow
26,255,0,en,green
255,226,0,en,yellow
255,0,100,en,hot pink
225,0,255,en,purple
206,255,0,en,highlighter yellow
255,0,140,en,pink
255,0,17,en,red
207,0,255,en,purple
255,149,0,en,orange
255,0,211,en,pink
255,114,0,en,orange
255,0,189,en,pink
159,0,255,en,purple
255,65,0,en,red orange
255,180,0,en,mustard yellow
106,255,0,en,lime green
255,0,159,en,pink
255,210,0,en,yellow
255,243,0,en,bright yellow
255,231,0,en,bright yellow
255,0,69,en,red
158,255,0,en,lime green
255,0,33,en,red
255,217,0,en,yellow
71,255,0,en,green
255,44,0,en,red
70,0,255,en,royal blue
255,0,114,en,magenta
255,170,0,en,gold
248,255,0,en,yell
169,255,0,en,lime green
255,0,208,en,hot pink
223,0,255,en,purple
196,255,0,en,yellow green
255,0,231,en,magenta
255,133,0,en,orange
205,0,255,en,purple
118,0,255,en,purple
255,0,90,en,red
255,0,153,en,magenta
255,203,0,en,gold
255,0,55,en,red
255,84,0,en,burnt orange
204,0,204,en,purple
204,0,136,en,magenta
204,0,30,en,dark red
204,60,0,en,mandarin orange
204,129,0,en,mustard yellow
104,204,0,en,lime green
166,0,204,en,lavender purple
204,0,158,en,pinkish purple
131,204,0,en,lime green
204,87,0,en,rusty orange
204,0,193,en,fluorescent purple
129,153,0,en,dark green apple
153,151,0,en,goldish yellow
153,133,0,en,gold
204,0,44,en,stop sign red
93,0,204,en,blueish purple
153,124,0,en,dark gold
204,0,81,en,light red
204,0,101,en,dark pink
204,114,0,en,orange
255,218,0,en,mustard yellow
155,255,0,en,lime green
255,183,0,en,orange yellow
255,0,127,en,hot pink
255,251,0,en,yellow
255,0,253,en,neon pink
255,0,16,en,red
255,49,0,en,red orange
128,0,255,en,purple
255,99,0,en,orange red
255,0,169,en,hot pink
191,255,0,en,neon lime green
214,0,255,en,light purple
121,255,0,en,neon green
255,0,105,en,bubble gum pink
255,172,0,en,kraft mac and cheese orange
255,0,53,en,red pink
255,0,207,en,neon pink
255,137,0,en,fruit orange
255,0,239,en,pink
255,25,0,en,red
246,255,0,en,yellow
255,0,92,en,pink
142,0,255,en,purple
203,255,0,en,lime
86,0,255,en,blue
255,113,0,en,orange
255,151,0,en,orange
255,0,19,en,red
255,0,120,en,pink
206,0,255,en,purple
133,255,0,en,light green
255,0,62,en,red
255,216,0,en,light orange
255,0,166,en,pink
185,255,0,en,chartreuse
255,195,0,en,orange
255,0,16,en,red
197,255,0,en,chartreuse
243,0,255,en,purple
255,0,187,en,magenta
14,255,0,en,green
255,103,0,en,orange
249,255,0,en,yellow
255,227,0,en,yellow
126,255,0,en,green
255,58,0,en,red
255,0,96,en,magenta
255,0,117,en,magenta
215,0,255,en,purple
255,0,159,en,magenta
255,181,0,en,orange
255,138,0,en,orange
152,0,255,en,violet
255,0,226,en,purple
255,0,55,en,red
255,58,0,en,red
255,232,0,en,yellow
159,255,0,en,lime
255,162,0,en,orange
255,149,0,en,orange
93,255,0,en,lime green
255,0,249,en,magenta
255,0,165,en,hot pink
255,0,180,en,neon pink
255,0,214,en,magenta
211,255,0,en,lemon lime
125,0,255,en,purple
255,0,133,en,hot pink
255,0,97,en,magenta
255,0,60,en,red
255,244,0,en,yellow
255,108,0,en,orange
255,203,0,en,goldenrod yellow
187,0,255,en,red violet
255,0,2,en,red
255,22,0,en,red
255,218,0,en,yellow
255,195,0,en,yellow
199,255,0,en,yellow
255,0,116,en,pink
255,0,104,en,pink
255,0,239,en,purple
96,0,255,en,blue
252,255,0,en,yellow
187,0,255,en,purple
255,0,153,en,pink
255,0,80,en,pink
255,181,0,en,yellow
255,103,0,en,orange
255,0,29,en,red
255,0,177,en,purple
135,255,0,en,green
255,126,0,en,orange
84,0,255,en,blue
239,0,255,en,purple
104,255,0,en,green
137,255,0,en,acid green
75,255,0,en,lime green
255,0,210,en,fuschia
255,0,140,en,hot pink
255,226,0,en,yellow
248,0,255,en,magenta
193,0,255,en,purple
140,0,255,en,royal purple
255,0,164,en,hot pink
255,0,71,en,red
255,0,103,en,lipstick pink
200,255,0,en,acid green
255,83,0,en,red orange
255,173,0,en,orange
255,253,0,en,lemon yellow
255,0,240,en,magenta
255,0,10,en,red
255,77,0,en,red orange
255,194,0,en,gold
255,132,0,en,orange
234,0,255,en,magenta
255,0,72,en,salmon
205,255,0,en,chartreuse
255,0,29,en,red
255,251,0,en,yellow
255,179,0,en,orange
255,233,0,en,yellow
164,255,0,en,chartreuse
255,44,0,en,red
152,0,255,en,purple
255,0,217,en,magenta
255,0,101,en,salmon
213,0,255,en,fuchsia
255,0,144,en,hot pink
255,137,0,en,orange
255,0,183,en,hot pink
255,0,133,en,pink
255,193,0,en,yellow
125,255,0,en,chartreuse
255,111,0,en,burnt orange
255,0,117,en,fuscia
255,0,233,en,magenta
255,0,189,en,neon pink
74,0,255,en,royal blue
255,223,0,en,mustard
234,255,0,en,neon yellow
255,0,151,en,hot pink
121,255,0,en,lime green
255,190,0,en,goldenrod
144,0,255,en,purple
242,0,255,en,pink
255,0,9,en,red
127,0,255,en,purple
252,255,0,en,yellow
227,255,0,en,yellow
255,94,0,en,orange
142,255,0,en,green
255,0,185,en,pink
194,0,255,en,purple
131,255,0,en,green
255,127,0,en,orange
255,0,107,en,red
255,234,0,en,yellow
255,0,227,en,pink
255,0,175,en,pink
255,197,0,en,orange
255,0,128,en,pink
255,61,0,en,red
255,153,0,en,orange
255,0,50,en,red
255,0,130,en,pink
144,0,255,en,blue
255,0,163,en,magenta
212,255,0,en,lime
255,125,0,en,orange
255,0,46,en,red
255,80,0,en,dark orange
255,167,0,en,light orange
255,230,0,en,yellow
255,201,0,en,orange
74,0,255,en,blue
255,0,213,en,magenta
255,0,93,en,red
181,0,255,en,purple
255,0,209,en,magenta
155,255,0,en,leaf green
255,97,0,en,dark orange
232,255,0,en,yellow
255,0,80,en,red
113,255,0,en,leaf green
255,0,3,en,red
255,0,182,en,fuchsia
255,0,167,en,magenta
255,173,0,en,gold
255,134,0,en,yellow orange
255,71,0,en,orange
255,0,66,en,deep red
31,0,255,en,blue
101,0,255,en,cobalt
196,0,255,en,purple
255,0,139,en,magenta
255,0,233,en,electric purple
255,92,0,en,red orange
78,255,0,en,lime green
255,235,0,en,gold
255,0,89,en,blush
255,191,0,en,dark gold
255,255,0,en,yellow
197,255,0,en,chartreuse
175,255,0,en,chartreuse
255,164,0,en,orange
255,243,0,en,yellow
255,105,0,en,orange
255,73,0,en,orange
255,0,201,en,pink
255,0,74,en,red
91,0,255,en,blue
127,0,255,en,purple
255,0,147,en,pink
255,0,120,en,pink
255,138,0,en,orange
255,0,85,en,red
220,0,255,en,purple
145,255,0,en,green
255,205,0,en,yellow
255,0,234,en,pink
189,0,255,en,purple
255,0,7,en,red
53,255,0,en,green
212,255,0,en,green
241,255,0,en,yellow
255,73,0,en,orange
255,152,0,en,tangerine
255,0,16,en,red
255,0,67,en,red pink
121,0,255,en,purple
255,0,229,en,magenta
255,0,161,en,hot pink
255,0,188,en,pink
255,229,0,en,yellow
211,0,255,en,magenta
255,144,0,en,orange
255,118,0,en,orange
84,255,0,en,neon green
255,0,78,en,red
255,173,0,en,light orange
255,250,0,en,yellow
255,138,0,en,orange
184,255,0,en,lime green
255,0,11,en,red
255,185,0,en,yellow
255,0,225,en,light purple
198,255,0,en,neon yellow
255,0,110,en,pink
255,0,161,en,pink
255,0,184,en,hot pink
255,19,0,en,red
255,0,249,en,hot pink
145,0,255,en,purple
209,0,255,en,light purple
70,0,255,en,dark blue
255,238,0,en,yellow
255,0,1,en,red
255,245,0,en,yellow
119,0,255,en,indigo
184,0,255,en,purple
223,0,255,en,light purple
255,0,199,en,fuchsia
255,0,148,en,pink
255,215,0,en,yellow
255,0,84,en,red
255,0,116,en,dark pink
60,255,0,en,lime green
255,187,0,en,light orange
255,149,0,en,orange
152,255,0,en,chartreuse
255,0,220,en,fuchsia
255,84,0,en,blood orange
255,177,0,en,orange
255,19,0,en,red
229,255,0,en,yellow
255,0,66,en,punch
107,255,0,en,neon green
255,141,0,en,orange
255,226,0,en,mustard
164,0,255,en,violet
188,255,0,en,lime
169,255,0,en,lime
57,0,255,en,blue
255,193,0,en,orange
255,114,0,en,tangerine
255,0,115,en,magenta
255,0,32,en,red
255,245,0,en,yellow
238,0,255,en,fuchsia
255,0,110,en,wine
255,179,0,en,mustard
255,81,0,en,rust orange
255,0,245,en,neon purple
255,0,61,en,red
142,0,255,en,purple
255,0,152,en,magenta
255,0,181,en,fushsia
255,254,0,en,yellow
255,0,127,en,violet
255,0,247,en,light blue
255,138,0,en,red
255,91,0,en,red
255,207,0,en,orange
53,255,0,en,neon green
255,34,0,en,red
255,170,0,en,tangerine
255,230,0,en,yellow
255,0,166,en,violet
255,0,239,en,violet
122,0,255,en,blue
255,0,92,en,red
255,0,75,en,red
255,0,47,en,red
212,255,0,en,yellow
161,255,0,en,tangerine
255,197,0,en,orange
255,234,0,en,yellow
169,255,0,en,lemon green
208,0,255,en,magenta
255,252,0,en,yellow
255,0,226,en,rubine red
255,75,0,en,red
255,0,166,en,kandy
249,0,255,en,fucsia
82,255,0,en,green
136,0,255,en,purple
197,255,0,en,yellow green
255,0,82,en,red
255,201,0,en,gold yellow
255,118,0,en,orange
255,0,188,en,fucsia
255,0,121,en,fucsia
255,179,0,en,gold yellow
255,0,63,en,red
255,0,14,en,red
255,147,0,en,orange
255,0,90,en,strawberry red
255,128,0,en,dark orange
255,0,255,en,light pink
255,0,186,en,light purple
255,0,216,en,dark pink
255,0,147,en,pink red
255,206,0,en,dark yellow
131,255,0,en,light green
255,0,45,en,red
255,0,70,en,strawberry red
242,255,0,en,light yellow
121,0,255,en,purple
255,213,0,en,dark yellow
156,255,0,en,light green
255,92,0,en,light brown orange
186,0,255,en,purple
255,71,0,en,dark brown orange
255,0,122,en,peach
255,168,0,en,yellow orange
190,255,0,en,dark green lizard
169,255,0,en,neon green
210,0,255,en,purple
255,115,0,en,orange
255,179,0,en,light orange
48,0,255,en,cobalt blue
255,0,89,en,magenta
253,255,0,en,yellow
227,255,0,en,neon green
255,76,0,en,burnt orange
156,0,255,en,purple
255,0,232,en,pink
21,255,0,en,green
255,0,75,en,magenta
255,0,124,en,magenta
93,255,0,en,neon green
255,217,0,en,burnt yellow
255,201,0,en,yellow
255,0,192,en,pink
255,121,0,en,orange
255,0,15,en,red
255,0,254,en,neon pink
255,0,175,en,rose
255,178,0,en,yellow orange
225,255,0,en,acid green
255,119,0,en,orange
110,0,255,en,purple
255,187,0,en,yellow orange
255,125,0,en,orange
255,40,0,en,red orange
255,0,86,en,hot pink
85,0,255,en,purple
255,0,131,en,pink
241,0,255,en,magenta
255,245,0,en,yellow
255,0,239,en,pink magenta
255,208,0,en,yellow
255,127,0,en,orange
255,0,96,en,hot pink
255,181,0,en,saturated tan
255,0,153,en,pink
101,255,0,en,green
197,255,0,en,yellow green
255,0,76,en,red
145,255,0,en,green yellow
170,0,255,en,purple
255,0,237,en,neon pink
242,0,255,en,neon magenta
255,96,0,en,orange
255,0,196,en,pink
254,255,0,en,neon yellow
255,68,0,en,vermillion
88,0,255,en,indigo
121,0,255,en,purple
255,232,0,en,yellow
255,0,30,en,red
255,0,140,en,pink
255,201,0,en,yellow
255,98,0,en,orange
255,0,225,en,pink
255,0,38,en,red
255,179,0,en,honey yellow
255,0,60,en,pink red
255,0,197,en,magenta
152,255,0,en,lime green
145,0,255,en,dark purple
218,0,255,en,light purple
72,0,255,en,midnight blue
221,255,0,en,neon yellow
255,0,117,en,redish pink
255,0,149,en,pink
229,0,255,en,magenta
255,0,111,en,redish pink
238,255,0,en,neon yellow
255,219,0,en,mustard yellow
255,81,0,en,orange red
255,149,0,en,orange
128,255,0,en,green
255,0,97,en,fuchsia
255,74,0,en,vermillion
73,0,255,en,indigo
255,110,0,en,persimmon
238,255,0,en,chartreuse
255,180,0,en,clementine
139,255,0,en,lime green
255,136,0,en,orange
255,0,113,en,t mobile pink
255,0,197,en,magenta
255,0,77,en,candy red
255,0,170,en,hot pink
54,255,0,en,bright green
246,0,255,en,purplish magenta
194,0,255,en,violet
255,237,0,en,yellow
255,0,34,en,red
207,255,0,en,chartreuse
255,0,229,en,magenta
105,0,255,en,indigo
255,205,0,en,yellow
255,169,0,en,yellow orange
255,109,0,en,orange
255,212,0,en,yellow
255,0,172,en,magenta
255,228,0,en,yellow
166,255,0,en,neon green
255,124,0,en,orange
255,61,0,en,red
255,249,0,en,yellow
255,0,98,en,hot pink
183,0,255,en,neon purple
255,0,220,en,magenta
255,0,208,en,magenta
141,0,255,en,dark purple
255,0,23,en,red
255,0,54,en,red
115,255,0,en,neon green
211,255,0,en,acid green
255,0,254,en,fuschia
56,0,255,en,dark blue
255,0,142,en,magenta
255,0,141,en,fuschia
187,0,255,en,purple
255,0,156,en,fuschia
255,166,0,en,yellow ochre
255,0,187,en,magenta hot pink
82,0,255,en,blue purple
255,49,0,en,cadmium red
255,0,33,en,true red
255,123,0,en,orange
255,0,242,en,fuschia
230,255,0,en,highlighter yellow
173,255,0,en,neon grass green
87,255,0,en,rgb green
255,231,0,en,true yellow
105,0,255,en,violet
255,115,0,en,orange
224,0,255,en,fuschia
255,0,58,en,true red
255,0,85,en,red leaning pink
255,185,0,en,dark slightly orangey yellow
244,255,0,en,lemon yellow
255,220,0,en,yellow
199,255,0,en,yellow green
97,0,255,en,halloween purple
255,0,251,en,neon pink
255,62,0,en,red
255,170,0,en,orange
255,247,0,en,lemon yellow
180,255,0,en,lime green
255,0,246,en,magenta
255,72,0,en,orange red
255,0,112,en,pink
255,220,0,en,yellow
255,0,250,en,magenta
255,0,167,en,cerise
220,255,0,en,dirty yellow
255,0,94,en,pink
255,181,0,en,yellow
255,0,72,en,dark pink
255,0,209,en,magenta
196,0,255,en,purple
118,255,0,en,green
255,0,53,en,red
255,237,0,en,yellow
252,0,255,en,purple
204,255,0,en,lime
255,0,26,en,red
255,55,0,en,blood orange
255,135,0,en,orange
177,255,0,en,lime
255,191,0,en,gold
169,0,255,en,purple
255,154,0,en,orange
255,0,126,en,pink
69,0,255,en,blue
255,247,0,en,yellow
255,0,164,en,magenta
255,0,97,en,raspberry
255,0,238,en,purple
147,0,255,en,violet
255,0,177,en,magenta
255,98,0,en,orange
255,67,0,en,vermillion
255,0,52,en,red
174,255,0,en,lime green
255,0,144,en,magenta
255,103,0,en,burnt orange
255,155,0,en,tangerine
224,0,255,en,magenta
20,0,255,en,royal blue
241,255,0,en,yellow
255,0,144,en,pink
230,255,0,en,yellow green
255,93,0,en,orange
255,50,0,en,crimson
255,0,177,en,fuchsia
255,176,0,en,gold
255,0,75,en,red
192,0,255,en,magenta
255,0,90,en,reddish pink
255,0,27,en,red
137,255,0,en,lime green
255,0,212,en,fuchsia
255,186,0,en,gold
102,255,0,en,lime green
255,120,0,en,orange
255,0,135,en,fuchsia
255,230,0,en,golden yellow
106,0,255,en,purple
52,0,255,en,dark blue
255,0,237,en,fuchsia
204,0,255,en,violet red
255,0,152,en,pink
255,0,109,en,hot pink
158,255,0,en,neon yellow
255,210,0,en,yellow
137,0,255,en,purple
248,0,255,en,fuchsia
255,0,67,en,red pink
227,255,0,en,neon yellow
255,102,0,en,orange
118,255,0,en,neon green
255,0,43,en,deep pink
255,240,0,en,golden yellow
255,30,0,en,red orange
255,0,112,en,hot pink
255,160,0,en,yellow orange
255,136,0,en,golden orange
255,0,180,en,neon pink
255,255,0,en,neon yellow
255,251,0,en,yellow
31,255,0,en,green
137,0,255,en,violet
255,0,192,en,magenta
255,0,243,en,pink violet
191,255,0,en,yellow green
255,0,148,en,magenta
255,107,0,en,orange
101,255,0,en,lime green
255,161,0,en,orange
201,0,255,en,purple
255,23,0,en,red
152,0,255,en,purple
255,142,0,en,orange
253,0,255,en,magenta
255,0,217,en,magenta
255,0,101,en,hot pink
255,0,66,en,red
255,252,0,en,yellow
255,0,22,en,red
255,0,194,en,magenta
255,0,126,en,hot pink
255,230,0,en,yellow
255,207,0,en,yellow
181,255,0,en,neon green
255,0,253,en,fuchsia
255,86,0,en,red
255,219,0,en,yellow
215,255,0,en,lime
46,0,255,en,indigo
255,0,133,en,magenta
255,0,42,en,red
255,0,68,en,red
107,255,0,en,green
255,0,106,en,magenta
162,255,0,en,lime
32,255,0,en,green
255,254,0,en,yellow
255,164,0,en,orange
255,30,0,en,red
160,0,255,en,purple
255,0,179,en,magenta
176,0,255,en,purple
255,0,235,en,fuchsia
255,0,158,en,magenta
255,210,0,en,yellow
255,126,0,en,orange
255,0,107,en,magenta
255,0,253,en,pink
255,0,121,en,magenta
255,102,0,en,orange
255,159,0,en,light orange
255,0,188,en,hot pink
255,242,0,en,yellow
246,255,0,en,yellow
255,0,227,en,pink
209,255,0,en,chartreuse
255,199,0,en,orange
67,255,0,en,neon green
255,0,51,en,red
255,30,0,en,red
136,0,255,en,purple
201,0,255,en,purple
255,0,39,en,red
255,0,173,en,hot pink
137,255,0,en,green
255,121,0,en,orange
255,0,133,en,hot pink
93,255,0,en,neon green
255,0,209,en,magenta
255,131,0,en,orange
185,255,0,en,neon green
255,0,107,en,neon red
254,255,0,en,yellow
255,0,194,en,cool pink
255,0,148,en,warm pink
255,211,0,en,warm yellow
255,83,0,en,orange
23,255,0,en,neon green
255,0,140,en,hot pink
255,73,0,en,orange
240,0,255,en,purple
211,0,255,en,purple
255,255,0,en,yellow
255,199,0,en,yellow
255,237,0,en,yellow
65,0,255,en,blue
255,0,62,en,red
188,255,0,en,green
255,179,0,en,orange
255,0,166,en,pink
129,255,0,en,green
255,0,99,en,pink
255,0,5,en,red
255,0,189,en,pink
255,0,130,en,pink
255,0,234,en,purple
255,81,0,en,orange
178,255,0,en,green
124,0,255,en,purple
255,130,0,en,orange
255,169,0,en,orange
44,255,0,en,neon green
255,0,76,en,red
47,0,255,en,dark blue
231,0,255,en,neon purple
140,0,255,en,purple
255,0,160,en,neon pink
255,0,33,en,red
255,96,0,en,orange
255,0,227,en,neon pink
255,0,143,en,hot pink
255,0,194,en,neon pink
235,255,0,en,yellow
255,224,0,en,sunset yellow
176,255,0,en,neon green
255,207,0,en,lemon
255,14,0,en,red
169,0,255,en,purple
255,130,0,en,orange
196,255,0,en,green
255,0,86,en,red
255,0,241,en,magenta
255,98,0,en,dark orange
255,0,91,en,rose
126,0,255,en,purple
255,127,0,en,orange
255,234,0,en,yellow
255,0,151,en,bright pink
196,0,255,en,purple
87,255,0,en,lime green
255,0,128,en,hot pink
211,255,0,en,yellow green
18,0,255,en,dark blue
226,0,255,en,magenta
255,184,0,en,orange
255,0,72,en,red
255,247,0,en,yellow
255,0,17,en,red
136,255,0,en,lime green
255,0,201,en,magenta
255,180,0,en,light orange
255,26,0,en,red
255,0,198,en,neon pink
255,0,78,en,red
255,101,0,en,soft red
255,146,0,en,orange
221,255,0,en,lime
63,255,0,en,grass green
255,0,239,en,magenta
5,0,255,en,blue
255,0,46,en,hot pink
255,0,77,en,hot pink
255,81,0,en,orange
255,236,0,en,yellow
255,0,163,en,magenta
255,0,190,en,magenta
241,0,255,en,purple
255,100,0,en,orange
52,255,0,en,green
155,0,255,en,purple
190,255,0,en,geenish yellow
161,255,0,en,lime
255,0,86,en,pink
255,255,0,en,yellow
255,0,127,en,hot pink
255,168,0,en,orange
255,187,0,en,orange
255,138,0,en,orange
191,0,255,en,purple
125,255,0,en,bright green
255,230,0,en,canary yellow
88,0,255,en,violet
255,105,0,en,safety orange
255,0,178,en,pink
255,196,0,en,light orange
214,255,0,en,yellow green
255,0,221,en,magenta
224,0,255,en,bright purple
255,56,0,en,red orange
255,0,78,en,red
255,243,0,en,yellow
128,0,255,en,medium purple
255,0,12,en,red
177,255,0,en,bright neon green
255,170,0,en,orange
255,0,147,en,reddish pink
255,124,0,en,orange
255,0,110,en,pinkish red
255,0,138,en,dark pink
210,0,255,en,bright purple
255,132,0,en,tangerine
255,102,0,en,red orange
255,198,0,en,yellow orange
105,0,255,en,royal blue
77,0,255,en,bright navy blue
189,0,255,en,bright amethyst
255,0,213,en,magenta
255,0,255,en,neon pinkish purple
255,0,42,en,bright red
242,255,0,en,neon yellow
203,255,0,en,greenish yellow
255,173,0,en,pumpkin
255,0,117,en,punch
255,0,108,en,rose
169,255,0,en,green yellow
255,0,59,en,raspberry
255,0,146,en,magenta
255,230,0,en,golden yellow
59,255,0,en,chartreuse green
255,51,0,en,candy red
255,0,199,en,purple pink
224,0,255,en,purple
255,0,233,en,magenta
255,41,0,en,red orange
194,255,0,en,yellow green
255,0,144,en,pink
255,152,0,en,orange
255,0,73,en,red
164,255,0,en,light green
255,223,0,en,yellow
103,255,0,en,green
255,0,90,en,red violet
187,0,255,en,purple
255,0,20,en,red
255,0,138,en,red violet
99,0,255,en,indigo
255,186,0,en,golden yellow
255,100,0,en,orange red
255,132,0,en,orange
255,246,0,en,yellow
255,0,186,en,magenta
255,0,198,en,fuchsia
184,255,0,en,lime
129,0,255,en,magento
206,0,255,en,purple
255,231,0,en,lemon
255,185,0,en,dark yelloe
255,154,0,en,orange
255,0,233,en,magento
255,130,0,en,orange
255,78,0,en,burnt orange
255,0,118,en,magento
255,0,173,en,magento
97,255,0,en,lime green
207,255,0,en,neon yellow
255,0,93,en,magenta red
228,0,255,en,magenta
255,178,0,en,yellow orange
255,203,0,en,goldenrod
183,255,0,en,yellow green
255,0,126,en,magenta pink
255,91,0,en,red orange
255,141,0,en,orange
255,0,45,en,red
255,223,0,en,golden yellow
147,0,255,en,royal purple
253,255,0,en,yellow
255,45,0,en,red
255,0,172,en,magenta pink
182,0,255,en,royal purple
255,0,192,en,magenta
255,0,73,en,red
255,0,233,en,magenta
255,158,0,en,orange
252,0,255,en,purple
255,22,0,en,red
255,0,134,en,pink
155,255,0,en,lime green
255,0,89,en,salmon
84,255,0,en,light green
255,0,233,en,pink
255,0,75,en,red
170,0,255,en,purple
186,255,0,en,lime green
255,128,0,en,orange
255,0,184,en,hot pink
255,223,0,en,yellow
255,186,0,en,orange
255,0,6,en,red
255,91,0,en,orange
122,0,255,en,violet
255,0,159,en,pink
255,246,0,en,yellow
255,0,83,en,pink
113,255,0,en,lime
255,230,0,en,mango
246,255,0,en,yellow
158,255,0,en,lime
255,0,143,en,purpish
255,174,0,en,light orange
255,0,44,en,pink
255,28,0,en,red orange
187,0,255,en,purple
255,125,0,en,orange
112,0,255,en,purple
255,0,229,en,magenta
255,195,0,en,mango
222,255,0,en,yellow
255,0,59,en,red
255,0,148,en,pink
255,106,0,en,orange
249,0,255,en,purple
255,0,197,en,magenta
209,0,255,en,purple
255,0,175,en,magenta
255,239,0,en,yellow
93,0,255,en,indigo
112,255,0,en,lime
255,0,112,en,pink
161,255,0,en,light green
255,0,85,en,velvet
255,202,0,en,yellow
255,0,229,en,magenta
255,108,0,en,orange
255,180,0,en,light orange
255,0,4,en,red
224,0,255,en,purple
255,243,0,en,yellow
255,0,62,en,velvet
200,255,0,en,light green
255,0,203,en,magenta
255,124,0,en,orange
255,0,217,en,violet
255,0,163,en,hot pink
255,46,0,en,orange/red
209,0,255,en,purple
255,0,29,en,red
255,0,83,en,pink
255,247,0,en,yellow
255,189,0,en,yellow
255,0,141,en,pinl
255,0,183,en,purple
255,0,69,en,pink
255,92,0,en,orange
220,255,0,en,neon yellow
98,255,0,en,neon green
255,242,0,en,yellow
158,255,0,en,green
161,0,255,en,purple
255,136,0,en,orange
228,0,255,en,purple
24,0,255,en,dark blue
255,154,0,en,orange
255,0,175,en,fuchsia
255,0,60,en,dark pink
255,0,85,en,pink
57,255,0,en,lime green
255,0,238,en,neon purple
255,93,0,en,orange
255,166,0,en,yellow orange
205,255,0,en,neon yellow
142,0,255,en,blue purple
255,128,0,en,orange
255,0,190,en,fuchsia
255,197,0,en,golden yellow
247,255,0,en,yellow
255,0,116,en,pink
255,239,0,en,yellow
176,255,0,en,yellow green
224,0,255,en,fuchsia
255,0,14,en,red
255,73,0,en,orange
214,0,255,en,fuchsia
255,170,0,en,orange
200,255,0,en,yellowish green
255,148,0,en,orange
255,0,39,en,red
255,193,0,en,orange
255,214,0,en,yellow
255,0,167,en,pink
23,255,0,en,green
210,0,255,en,purple
255,0,224,en,pinkish purple
255,0,122,en,pink
128,0,255,en,blueish purple
255,0,204,en,pinkish purple
137,255,0,en,light green
255,0,124,en,pink
255,0,1,en,red
255,215,0,en,yellowish orange
213,255,0,en,greenish yellow
140,0,255,en,violet
165,0,255,en,purp
255,182,0,en,orangish yellow
255,240,0,en,yellow
255,161,0,en,orange
255,0,17,en,red
255,0,171,en,magenta
255,142,0,en,orange
50,0,255,en,bright blue
170,255,0,en,greenish yellow
222,0,255,en,voilet
100,255,0,en,lime
255,0,70,en,pink
255,47,0,en,reddish orange
255,0,107,en,dark pink
205,255,0,en,lime yellow
255,0,117,en,magenta
255,247,0,en,yellow
255,0,214,en,purple
255,115,0,en,orange
255,0,194,en,purple
255,211,0,en,yellow
255,0,184,en,pink
247,0,255,en,purple
255,175,0,en,orange
255,0,128,en,pink
223,0,255,en,purple
255,107,0,en,orange red
188,255,0,en,yellow green
148,255,0,en,charteuse
255,0,223,en,magenta
41,255,0,en,green
255,0,165,en,rose
213,0,255,en,violet
247,255,0,en,yellow
255,0,198,en,magenta
255,196,0,en,orange
145,0,255,en,purple
255,0,78,en,rose red
255,0,91,en,rose
255,0,113,en,rose
255,240,0,en,yellow
255,179,0,en,orange yellow
255,132,0,en,orange
255,45,0,en,red
255,0,40,en,red
121,0,255,en,purple
144,255,0,en,green
255,84,0,en,orange
255,0,100,en,pink
255,0,250,en,purple
205,255,0,en,spring green
184,0,255,en,purple
255,0,243,en,pink
255,156,0,en,orange
240,255,0,en,neon yellow
255,0,134,en,pink
42,255,0,en,green
255,0,179,en,fushia
255,123,0,en,orange
255,0,55,en,red
255,194,0,en,yellow
255,230,0,en,yellow
255,35,0,en,red
255,0,154,en,pink
255,0,43,en,red
205,255,0,en,chartreuse
255,0,212,en,fuchsia
35,0,255,en,blue
255,0,200,en,fuchsia
255,181,0,en,tangerine
255,0,173,en,fuchsia
255,31,0,en,tomato
255,0,117,en,fuchsia
255,248,0,en,yellow
255,0,58,en,magenta
255,125,0,en,tangerine
78,255,0,en,lime
255,0,93,en,fuchsia
227,0,255,en,violet
167,0,255,en,purple
255,240,0,en,yellow
255,0,45,en,red
255,102,0,en,orange
105,0,255,en,royal
255,189,0,en,tangerine
162,255,0,en,lime
255,0,13,en,orange
255,0,192,en,pink
255,0,91,en,red
255,0,76,en,red
255,174,0,en,orange
255,252,0,en,yellow
113,0,255,en,purple
234,0,255,en,pink
255,231,0,en,yellow
255,191,0,en,orange
255,0,172,en,pink
255,134,0,en,orange
255,0,137,en,pink
217,0,255,en,purple
230,255,0,en,yellow
117,255,0,en,lime
158,255,0,en,lime
255,0,223,en,pink
255,73,0,en,orange
255,88,0,en,orange
255,0,217,en,magnenta
255,0,92,en,violet
119,0,255,en,purple
255,141,0,en,orange
90,0,255,en,indigo
192,255,0,en,chartruse
255,0,147,en,pink
156,255,0,en,chartruse
255,0,188,en,pink
255,0,129,en,violet
247,0,255,en,magnenta
255,240,0,en,yellow
255,63,0,en,red
255,89,0,en,coral
125,255,0,en,chartruse
255,0,48,en,red
187,0,255,en,purple
255,248,0,en,yellow
255,0,69,en,violet
255,159,0,en,ocher
255,207,0,en,mustard
255,0,116,en,magenta
255,0,185,en,pink
255,0,75,en,red
255,203,0,en,mustard yellow
255,247,0,en,pale yellow
211,255,0,en,lime green
155,255,0,en,acid green
78,0,255,en,indigo
255,0,51,en,scarlet red
255,0,104,en,red
255,0,218,en,shocking purple
210,0,255,en,purple
255,115,0,en,orange
255,192,0,en,orange
255,224,0,en,yellow
126,0,255,en,purple
255,0,167,en,fushia
119,255,0,en,lime green
255,171,0,en,orange
255,244,0,en,yellow
255,27,0,en,red
255,0,246,en,shocking purple
234,255,0,en,yellow
255,135,0,en,orange
255,0,184,en,pink
193,0,255,en,purple
255,243,0,en,yellow
132,0,255,en,blue
255,109,0,en,orange
255,0,163,en,pink
255,0,59,en,red
255,0,98,en,orange red
255,157,0,en,orange
195,255,0,en,lime
255,0,36,en,red
255,206,0,en,orange
255,24,0,en,red
120,255,0,en,lime
255,0,116,en,pink red
163,255,0,en,lime
255,0,238,en,pink
221,0,255,en,purple
255,0,188,en,pink
255,0,217,en,pink
255,0,134,en,magenta
130,0,255,en,purple
255,136,0,en,orange
255,112,0,en,orange
255,126,0,en,orange
129,0,255,en,purple
255,46,0,en,red
255,172,0,en,tangerine
119,255,0,en,lime green
255,0,114,en,fuchsia
255,0,162,en,magenta
255,0,52,en,red
147,255,0,en,lime green
255,0,30,en,red
255,235,0,en,yellow
209,255,0,en,yellow green
255,0,83,en,pale red
234,255,0,en,neon yellow
255,0,249,en,fuchsia
218,0,255,en,magenta
255,0,195,en,pink
255,199,0,en,marigold
255,0,233,en,fuchsia
107,255,0,en,chartreuse
255,0,202,en,magenta
255,241,0,en,yellow
255,0,47,en,red
255,81,0,en,orange
255,190,0,en,gold
219,255,0,en,chartreuse
255,0,96,en,coral
255,140,0,en,orange
241,0,255,en,neon purple
255,24,0,en,fire truck red
158,255,0,en,chartreuse
255,0,228,en,magenta
203,0,255,en,purple
255,0,166,en,dark pink
255,0,58,en,brick red
152,0,255,en,purple
255,175,0,en,gold
255,251,0,en,yellow
255,0,134,en,rouge
45,255,0,en,neon green
207,255,0,en,yellow green
141,255,0,en,lime green
255,243,0,en,yellow
255,96,0,en,orange
255,0,155,en,magenta
150,0,255,en,purple
255,0,196,en,magenta
255,178,0,en,goldenrod
255,209,0,en,marigold
255,77,0,en,orange
255,0,223,en,fuschia
255,0,100,en,salmon
225,0,255,en,light purple
255,248,0,en,yellow
255,0,51,en,scarlet
255,0,119,en,hot pink
255,121,0,en,tangerine
213,0,255,en,dark light purple
255,0,8,en,red
255,32,0,en,red
249,255,0,en,yellow
255,0,246,en,neon purple
255,208,0,en,orange
255,0,101,en,hot pink
145,255,0,en,lime green
255,0,60,en,red pink
56,255,0,en,kelly green
255,85,0,en,orange red
223,0,255,en,neon purple
255,140,0,en,orange
255,153,0,en,tangerine
130,0,255,en,purple
207,0,255,en,neon purple
255,216,0,en,yellowish orange
38,0,255,en,royal
255,0,136,en,dark pink
255,0,163,en,hot pink
187,255,0,en,lime
255,0,23,en,red
255,0,191,en,neon pink
255,170,0,en,orange
255,150,0,en,dark orange
189,255,0,en,yellow green
255,245,0,en,yellow
255,215,0,en,dark yellow
255,0,179,en,bright pink
255,0,5,en,bright red
255,0,107,en,pink red
156,255,0,en,dark yellow green
93,0,255,en,purple
255,89,0,en,red orange
255,207,0,en,dark yellow
255,0,165,en,pinkish red
255,0,120,en,red
255,0,78,en,red
255,80,0,en,dark orange
255,0,225,en,dark pink
82,255,0,en,green
187,0,255,en,purple
255,255,0,en,yellow
254,0,255,en,magenta
166,0,255,en,purple
93,255,0,en,lime
255,236,0,en,yellow
255,0,97,en,crimson
255,54,0,en,orange red
36,255,0,en,lime
255,116,0,en,orange
255,161,0,en,orange
255,0,235,en,magenta
255,0,180,en,magenta
255,123,0,en,orange
255,0,156,en,magenta
59,0,255,en,violet
173,255,0,en,yellow green
255,183,0,en,orange
129,0,255,en,purple
255,0,30,en,red
255,0,126,en,magenta
255,0,78,en,crimson
223,255,0,en,yellow
255,0,202,en,fuschia
156,0,255,en,purple
143,255,0,en,lime green
255,0,244,en,fuschia
253,255,0,en,yellow
255,85,0,en,orange
177,0,255,en,purple
255,0,83,en,magenta
196,255,0,en,neon yellow
255,230,0,en,yellow
255,3,0,en,red
255,0,139,en,fuschia
255,209,0,en,yellow
255,0,36,en,red
255,176,0,en,orange
226,0,255,en,purple
255,0,79,en,red
255,0,168,en,pink
255,137,0,en,orange
68,255,0,en,green
255,139,0,en,orange
255,0,33,en,red
255,0,187,en,pink
208,0,255,en,purple
35,255,0,en,green
255,169,0,en,orange
255,0,103,en,red
235,255,0,en,yellow
255,0,122,en,pink
255,93,0,en,orange
126,0,255,en,purple
255,211,0,en,yellow
107,255,0,en,green
186,255,0,en,green
255,0,239,en,pink
224,0,255,en,magenta
117,0,255,en,purple
255,142,0,en,orange
191,0,255,en,purple
255,0,210,en,pink
255,0,43,en,red
68,0,255,en,blue
255,0,120,en,pink
255,217,0,en,goldenrod
255,76,0,en,red
208,255,0,en,yellow green
243,255,0,en,yellow
255,0,218,en,magenta
255,0,76,en,red
255,0,171,en,magenta
255,0,82,en,red
83,255,0,en,lime green
255,82,0,en,red
255,187,0,en,orange
255,175,0,en,orange
175,255,0,en,lime green
255,0,119,en,magenta
255,0,201,en,pink
255,166,0,en,pumpkin
255,247,0,en,yellow
255,0,79,en,red
161,0,255,en,purple
255,0,143,en,dark pink
255,100,0,en,orange
255,0,44,en,red
255,0,228,en,pink
255,52,0,en,red orange
229,255,0,en,yellow
151,255,0,en,yellow green
87,255,0,en,lime green
255,0,104,en,dark pink
255,195,0,en,maize
255,0,246,en,magenta
255,127,0,en,orange
195,0,255,en,purple
255,213,0,en,yellow
255,247,0,en,yellow
255,147,0,en,orange
255,0,64,en,magenta
255,0,197,en,hot pink
255,205,0,en,golden yellow
252,0,255,en,pink
110,0,255,en,purple
213,255,0,en,vermilion
255,91,0,en,orange
255,0,107,en,magenta
158,255,0,en,lime green
255,0,16,en,red
119,255,0,en,lime green
255,52,0,en,red
255,0,150,en,pink
255,0,237,en,hot pink
185,0,255,en,purple
255,0,126,en,magenta
255,219,0,en,yellow
255,177,0,en,gold
255,99,0,en,orange
140,255,0,en,lime
255,232,0,en,lemon
255,0,59,en,cherry red
255,0,6,en,red
255,162,0,en,mandarine
139,0,255,en,purple
255,58,0,en,red orange
255,0,136,en,hot pink
255,0,204,en,cool pink
195,255,0,en,kiwi
226,0,255,en,magenta
78,0,255,en,indigo
255,0,167,en,pink
121,255,0,en,kiwi
255,0,91,en,cool red
255,253,0,en,yellow
197,0,255,en,violet
255,0,211,en,cool pink
255,185,0,en,marigold
32,255,0,en,green
255,121,0,en,orange
255,0,237,en,pinkish
255,123,0,en,orange
255,202,0,en,goldy yellow
255,100,0,en,reddish orange
255,0,90,en,pinkish red
255,27,0,en,red
16,255,0,en,green
166,0,255,en,purple
255,89,0,en,orange
128,255,0,en,lime
255,0,50,en,red
212,0,255,en,pink
255,0,22,en,red
17,0,255,en,blue
177,255,0,en,yellow green
255,0,189,en,pink
255,0,138,en,red pink
255,180,0,en,yellow
255,60,0,en,orange
238,0,255,en,pink
224,255,0,en,green brown
255,213,0,en,yellow
255,149,0,en,orange
255,211,0,en,marigold
255,76,0,en,tangerine
255,238,0,en,neon yellow
255,0,124,en,magenta
255,0,235,en,pink purple
183,255,0,en,chartreuse
255,0,88,en,red pink
255,0,144,en,magenta
206,255,0,en,chartreuse
255,177,0,en,orange
255,0,59,en,red
166,0,255,en,purple
246,255,0,en,yellow
53,255,0,en,neon green
255,0,12,en,warm red
255,93,0,en,tangerine
255,0,207,en,magenta
109,0,255,en,purple blue
76,0,255,en,indigo
242,0,255,en,magenta
176,0,255,en,purple
255,0,19,en,red
255,0,72,en,patel red
255,232,0,en,yellow
255,211,0,en,dark yellow
255,174,0,en,gold
96,255,0,en,bright green
255,122,0,en,orange
255,104,0,en,dark orange
234,255,0,en,chartreuse
255,0,191,en,magenta
255,0,68,en,red
216,0,255,en,pink purple
162,0,255,en,bright purple
255,0,88,en,red
255,0,153,en,magenta
204,255,0,en,chartreuse
255,229,0,en,yellow
246,0,255,en,pink purple
255,63,0,en,dark orange
255,0,35,en,red orange
156,255,0,en,bright green
24,0,255,en,royal blue
255,201,0,en,yellow
255,0,127,en,bright magenta
255,0,213,en,pink purple
255,173,0,en,mustard yellow
255,0,131,en,fuchsia
106,0,255,en,lavender
255,107,0,en,orange
255,0,42,en,red
255,162,0,en,yellow
255,70,0,en,slightly darker orange
80,0,255,en,blue
157,255,0,en,green
255,0,83,en,red with a bit of pink
255,205,0,en,yellow
255,0,58,en,red
244,0,255,en,violet?
230,255,0,en,yellow
255,244,0,en,yellow (the yellow ones all look the same)
255,0,152,en,purple red
209,0,255,en,purple
255,0,240,en,purple with a bit more pink
255,146,0,en,yellowy orange
82,255,0,en,green
255,214,0,en,yellow
255,0,191,en,violet or smth idk
182,255,0,en,lime green
255,85,0,en,orange
252,0,255,en,purple
154,0,255,en,violet
255,129,0,en,orange
100,255,0,en,light green
255,190,0,en,yellow orange
255,168,0,en,orange
170,0,255,en,purple
255,0,171,en,hot pink
255,0,233,en,purple
255,0,51,en,red
255,0,133,en,hot pink
255,0,190,en,purple
255,0,86,en,pink
255,249,0,en,neon yellow
219,255,0,en,yellow
255,0,45,en,scarlet red
255,79,0,en,blood orange
255,222,0,en,yellow
255,88,0,en,red orange
164,255,0,en,yellow green
255,0,180,en,magenta
255,81,0,en,red orange
255,149,0,en,orange
255,0,75,en,red
255,232,0,en,yellow
255,0,90,en,red
215,0,255,en,purple
255,0,47,en,red
190,255,0,en,yellow green
255,199,0,en,gold
255,0,225,en,magenta
255,0,134,en,red
255,0,164,en,magenta
255,255,0,en,yellow
93,0,255,en,blue
223,0,255,en,purple
107,255,0,en,yellow green
255,179,0,en,orange
255,84,0,en,orange
146,255,0,en,lime
255,0,25,en,red
255,0,164,en,hot pink
239,0,255,en,purple
255,164,0,en,orange
255,134,0,en,dark orange
255,0,205,en,magenta
255,0,104,en,cherry red
255,0,238,en,violet
255,172,0,en,orange
255,235,0,en,yellow
237,255,0,en,lemon
209,255,0,en,seafoam
255,0,131,en,pink
113,255,0,en,green
255,116,0,en,orange
157,0,255,en,purple
249,0,255,en,purple
88,0,255,en,purple
255,61,0,en,orange
255,137,0,en,orange
255,212,0,en,yellow
195,0,255,en,purple
255,0,35,en,red
168,255,0,en,green
255,0,71,en,red
255,0,149,en,purple
143,0,255,en,purple
255,0,205,en,pink
255,0,83,en,red
255,0,76,en,red
180,0,255,en,dark pink
255,0,39,en,crimson
255,0,95,en,fuschia
255,0,76,en,red pink
255,0,147,en,hot pink
96,0,255,en,violet
255,229,0,en,sunflower yellow
142,255,0,en,neon green
240,255,0,en,pale yellow
255,62,0,en,blood orange
255,0,115,en,hot pink
255,85,0,en,orange
255,129,0,en,warm orange
255,0,248,en,violet pink
255,0,186,en,hot pink
66,255,0,en,lime green
255,178,0,en,mustard yellow
255,208,0,en,corn yellow
192,255,0,en,yellow green
182,0,255,en,violet
255,0,230,en,pink
241,0,255,en,pink
154,0,255,en,purple
255,0,107,en,pink
255,0,8,en,red
255,112,0,en,orange
255,0,172,en,pink
255,218,0,en,yellow
255,0,243,en,pink
255,131,0,en,orange
255,177,0,en,orange
255,249,0,en,yellow
220,255,0,en,lime
255,191,0,en,orange
78,255,0,en,green
255,0,132,en,pink
176,255,0,en,lime
213,0,255,en,purple
255,42,0,en,red
255,0,202,en,pink
255,0,69,en,red
255,0,131,en,pink
255,205,0,en,yellow
133,0,255,en,purple
255,0,73,en,red
255,0,108,en,pink
252,0,255,en,fushia
255,0,207,en,pink
255,220,0,en,yellow
255,0,61,en,red
242,0,255,en,pink
255,0,166,en,pink
144,0,255,en,pruple
255,0,32,en,red
255,68,0,en,red
76,255,0,en,green
255,248,0,en,yellow
149,255,0,en,green
255,204,0,en,yellow
255,109,0,en,orange
190,255,0,en,green
255,148,0,en,orange
255,0,83,en,red
255,0,216,en,pink
201,0,255,en,purple
255,174,0,en,yellow
255,0,141,en,pink
255,0,199,en,magenta
200,255,0,en,lime green
255,76,0,en,red orange
255,126,0,en,orange
255,251,0,en,yellow
255,161,0,en,orange
89,0,255,en,blue
255,0,145,en,magenta
255,0,117,en,magenta
255,116,0,en,orange
255,0,83,en,pink
255,0,57,en,pink
255,200,0,en,yellow
255,0,41,en,pink
97,0,255,en,violet
255,229,0,en,yellow
224,0,255,en,purple
99,255,0,en,lime green
151,255,0,en,lime green
255,0,214,en,purple
214,0,255,en,purple
169,0,255,en,light purple
77,0,255,en,dark blue
109,0,255,en,dark purple
255,118,0,en,burnt orange
255,228,0,en,mustard yellow
248,255,0,en,yellow
255,149,0,en,orange
255,0,112,en,pink
255,0,59,en,dark pink
255,0,8,en,red
255,0,165,en,pink
255,0,87,en,dark pink
255,0,255,en,magenta
255,4,0,en,red
255,165,0,en,orange
255,209,0,en,mustard yellow
174,255,0,en,lime green
255,0,189,en,pink
255,0,220,en,magenta
122,255,0,en,lime green
193,255,0,en,lime green
255,162,0,en,orange
239,0,255,en,magenta
255,0,230,en,pink
255,0,197,en,fusica
255,207,0,en,yellow
255,0,165,en,hot pink
112,0,255,en,neon purple
255,0,34,en,neon red
186,0,255,en,magenta
173,255,0,en,lime
255,41,0,en,red
255,0,113,en,hot pink
255,0,106,en,neon pink
255,0,73,en,red
255,119,0,en,orange
224,255,0,en,yellow green
103,255,0,en,lime
233,255,0,en,yellow green
255,123,0,en,orange
255,217,0,en,yellow
255,0,93,en,red
255,0,67,en,red
205,0,255,en,purple
255,0,9,en,red
255,0,138,en,pink
248,0,255,en,purple
255,0,156,en,pink
134,0,255,en,purple
255,113,0,en,orange
255,0,238,en,pink
255,141,0,en,orange
46,0,255,en,pink
205,255,0,en,fluorescent yellow
255,61,0,en,red
235,255,0,en,yellow
255,184,0,en,orange
255,231,0,en,yellow
155,255,0,en,green
255,0,187,en,pink
78,255,0,en,green
255,156,0,en,orange
255,121,0,en,orange
255,206,0,en,yellow
226,255,0,en,neon yellow
148,255,0,en,neon green
255,0,54,en,red
255,84,0,en,orange
255,0,219,en,magnta
255,0,170,en,pink
41,255,0,en,green
255,0,136,en,hot pink
255,0,22,en,red
95,0,255,en,dark blue
227,0,255,en,purple
255,251,0,en,yellow
255,127,0,en,orange
106,255,0,en,green
255,0,79,en,pink
196,0,255,en,purple
242,0,255,en,purple
255,0,136,en,pink
255,0,91,en,pink
141,0,255,en,purple
255,255,0,en,yellow
216,255,0,en,yellow
255,0,25,en,red
255,0,216,en,purple
255,194,0,en,yellow
255,69,0,en,orange
163,255,0,en,green
255,0,199,en,purple
255,90,0,en,orange
255,173,0,en,orange
255,226,0,en,yellow
19,255,0,en,green
255,0,167,en,pink
255,0,119,en,hot pink
253,0,255,en,magenta
255,0,98,en,fuschia
255,0,13,en,red
255,212,0,en,yellow
106,255,0,en,green
255,154,0,en,orange
255,0,236,en,hot pink
255,135,0,en,orange
255,0,182,en,fuschia
239,255,0,en,yellow
214,0,255,en,purple
205,255,0,en,lime green
183,255,0,en,lime green
255,0,145,en,pink
255,13,0,en,red
255,0,56,en,scarlet
255,228,0,en,yellow
155,0,255,en,purple
255,94,0,en,orange
255,83,0,en,red
255,176,0,en,light orange
206,0,255,en,purple
255,0,176,en,hot pink
255,135,0,en,dark orange
255,0,133,en,hot pink
121,0,255,en,blue
255,255,0,en,yellow
255,0,154,en,hot pink
111,255,0,en,neon green
147,255,0,en,neon green
255,234,0,en,yellow
254,0,255,en,purple
255,0,55,en,red
255,0,214,en,purple
255,0,40,en,red
223,255,0,en,yellow
255,74,0,en,orange
255,0,83,en,red
255,207,0,en,yellow
185,255,0,en,light green
255,253,0,en,yellow
255,0,38,en,red
222,0,255,en,purple
255,214,0,en,school bus yellow
255,0,93,en,pink red
255,0,61,en,red
155,0,255,en,purple
255,207,0,en,goldenrod
250,255,0,en,yellow
255,134,0,en,orange
255,0,172,en,pink
244,0,255,en,magenta
255,237,0,en,yellow
195,0,255,en,purple
230,255,0,en,yellow
255,0,45,en,red
255,98,0,en,orange
51,0,255,en,bkue
167,255,0,en,green
255,0,141,en,pink
255,0,102,en,pink
56,255,0,en,green
255,0,195,en,pink
255,63,0,en,scarlet
255,0,238,en,magenta
255,171,0,en,mustard
255,0,69,en,cherry red
255,0,209,en,pink
255,169,0,en,orange
255,183,0,en,orange
215,0,255,en,purple
255,0,255,en,pinkish purple
255,0,165,en,dark pink
255,129,0,en,orange
255,108,0,en,dark orange
255,232,0,en,yellow
144,255,0,en,light green
44,0,255,en,blue
255,0,13,en,red
211,255,0,en,yellow green
255,0,106,en,dark pink
131,255,0,en,light green
255,77,0,en,red
126,0,255,en,purple
255,0,75,en,red
255,0,126,en,pink
255,0,230,en,pinkish purple
255,255,0,en,yellow
104,255,0,en,green
255,188,0,en,redishgreen
255,0,88,en,red
76,0,255,en,blue
255,227,0,en,yellow
255,0,47,en,red
255,0,107,en,raspberry
51,0,255,en,royal blue
87,255,0,en,lime green
255,0,120,en,raspberry
157,0,255,en,purple
255,0,225,en,magenta
255,0,55,en,red
255,0,185,en,magenta
255,177,0,en,goldenrod
255,0,162,en,fuschia
255,90,0,en,orange
255,0,247,en,purpley pink
246,255,0,en,yellow
227,255,0,en,greenish yellow
255,42,0,en,red
255,204,0,en,yellowey orange
182,255,0,en,lime green
173,0,255,en,purple
255,150,0,en,orange
255,0,135,en,magenta
255,77,0,en,orange
255,0,190,en,fuchsia
255,0,73,en,red
255,146,0,en,orange
255,0,214,en,fuchsia
255,100,0,en,orange
50,255,0,en,green
239,0,255,en,magenta
112,0,255,en,indigo
255,0,40,en,red
255,243,0,en,yellow
255,0,165,en,magenta
255,0,101,en,red
209,0,255,en,purple
255,208,0,en,amber
246,255,0,en,yellow
175,255,0,en,chartreuse
192,255,0,en,chartreuse
255,167,0,en,orange
255,0,55,en,pink
255,91,0,en,orange
255,0,187,en,fuchsia
201,0,255,en,purple
255,0,238,en,fuchsia
148,255,0,en,neon green
191,255,0,en,neon yellow
127,0,255,en,purple
255,221,0,en,yellow
60,255,0,en,neon green
255,189,0,en,yellow
255,0,112,en,pink
255,0,168,en,fuchsia
255,132,0,en,orange
90,0,255,en,purple
255,43,0,en,red
240,255,0,en,yellow
255,0,40,en,red
255,0,246,en,fuchsia
255,0,97,en,red
255,175,0,en,orange
224,0,255,en,hot pink
255,0,201,en,pink
255,211,0,en,yellow
255,163,0,en,orange
255,0,244,en,pink
255,0,63,en,red
255,0,87,en,red
255,112,0,en,burnt orange
255,37,0,en,red
255,237,0,en,yellow
255,0,155,en,pink
59,0,255,en,indigo
156,255,0,en,lime green
138,0,255,en,purple
255,0,140,en,pink
252,255,0,en,yellow
255,0,32,en,red
109,255,0,en,lime
199,255,0,en,green
176,0,255,en,purple
255,141,0,en,burnt orange
194,0,255,en,purple
255,0,72,en,red
255,118,0,en,orange
255,80,0,en,red orange
255,0,191,en,pink
255,0,215,en,hot pink
255,0,121,en,pink
255,0,95,en,red pink
160,0,255,en,purple
252,255,0,en,yellow
255,0,251,en,fushia
255,0,48,en,red
179,255,0,en,lime green
255,0,172,en,fushia
255,123,0,en,organge
255,213,0,en,yellow
131,255,0,en,lime green
215,255,0,en,fluorescent yellow
255,187,0,en,yellow orange
255,168,0,en,yellow orange
255,0,131,en,pink
62,255,0,en,neon green
156,255,0,en,light green
255,142,0,en,orange
130,0,255,en,purple
78,0,255,en,dark blue
225,0,255,en,violet
255,186,0,en,mustard
255,0,231,en,pink
255,0,32,en,red
217,255,0,en,yellow green
255,70,0,en,orange red
255,0,49,en,red
255,228,0,en,mustard
255,166,0,en,orange
255,251,0,en,yellow
255,0,92,en,cherry red
255,93,0,en,orange
217,0,255,en,violet
255,0,67,en,red
255,214,0,en,yellow
255,0,153,en,pink
187,255,0,en,green
255,185,0,en,orange
255,153,0,en,orange
255,0,36,en,red
255,0,119,en,pink
105,255,0,en,green
161,0,255,en,purple
255,22,0,en,red
255,0,82,en,pink
255,141,0,en,orange
255,0,221,en,pink
88,0,255,en,blue
255,103,0,en,orange
246,0,255,en,pink
240,255,0,en,yellow
183,0,255,en,purple
139,255,0,en,light green
255,0,191,en,pink
255,0,79,en,red
255,0,246,en,lighter pink
130,0,255,en,purple
255,0,162,en,pink
167,255,0,en,chartreuse
255,97,0,en,orange
255,45,0,en,vermilion
255,0,139,en,hot pink
255,232,0,en,yellow
153,0,255,en,purple
255,0,161,en,pink
255,0,48,en,red
255,162,0,en,orange
255,0,71,en,red
255,121,0,en,orange
255,227,0,en,yellow
68,255,0,en,green
180,0,255,en,purple
255,0,230,en,pink
255,96,0,en,orange
162,255,0,en,green
255,184,0,en,orange
241,255,0,en,yellow
255,62,0,en,red
255,0,203,en,pink
229,255,0,en,yellow
255,0,136,en,pink
255,0,93,en,red
232,0,255,en,purple
255,162,0,en,light orange
255,251,0,en,yellow
24,255,0,en,chartreuse
255,0,201,en,hot pink
255,146,0,en,orange
255,0,99,en,pinky red
255,0,219,en,hot purple
255,193,0,en,light orange
255,0,38,en,red
199,255,0,en,chartreuse
59,0,255,en,deep blue
214,0,255,en,bright purple
111,255,0,en,chartreuse
212,255,0,en,yellow green
255,0,132,en,pink
255,199,0,en,yellow orange
133,0,255,en,purple
255,0,147,en,pink
90,255,0,en,green
241,255,0,en,yellow
255,151,0,en,orange
255,0,93,en,pink
193,0,255,en,purple
255,94,0,en,red orange
255,152,0,en,orange
255,67,0,en,red
255,0,177,en,pink
255,0,56,en,red
241,0,255,en,pink
255,0,34,en,red
149,255,0,en,green
255,0,216,en,pink
255,224,0,en,yellow
255,157,0,en,orange
255,189,0,en,orange
255,120,0,en,dark orange
255,215,0,en,yellow
255,0,161,en,fuschia
255,0,59,en,red
151,255,0,en,green
77,255,0,en,green
255,0,207,en,hpt pink
255,0,120,en,fuschia
255,0,19,en,red
255,0,224,en,hot pink
255,101,0,en,dark orange
116,0,255,en,purple
194,0,255,en,purple
255,0,99,en,fuschia
255,48,0,en,red
86,0,255,en,indigo
255,254,0,en,yellow
255,0,253,en,hot pink
220,255,0,en,lime green
255,139,0,en,carrot orange
255,163,0,en,goldenrod
255,0,96,en,orangeish hot pink
255,0,188,en,hot pink
255,242,0,en,yellow
255,0,249,en,magenta
255,0,31,en,red
255,212,0,en,"yellow (french's mustard yellow, which is not mustard yellow)"
198,255,0,en,"chartreuse, yellowish green"
255,115,0,en,pumpkin orange
117,255,0,en,leaf green
143,0,255,en,medium purple
255,0,56,en,cool blueish red
255,0,114,en,fuchsia
177,0,255,en,pinkish purple
255,52,0,en,scarlet
255,0,173,en,magenta
255,251,0,en,cool yellow
147,255,0,en,"lime green, neon green, highlighter green"
255,0,230,en,heliotrope
255,0,6,en,red
255,0,240,en,pink
255,132,0,en,orange
178,255,0,en,green
255,26,0,en,red
130,255,0,en,neon green
255,188,0,en,mustard yellow
224,255,0,en,light green
255,0,69,en,red
255,0,176,en,hot pink
255,237,0,en,yellow
255,85,0,en,orange
255,0,163,en,hot pink
255,0,98,en,pink
255,0,34,en,red
218,0,255,en,purple
255,0,208,en,pink
224,255,0,en,yellow
21,0,255,en,blue
255,0,101,en,red
173,255,0,en,yellow green
255,191,0,en,orange
255,218,0,en,yellow
244,255,0,en,bright yellow
255,45,0,en,red
255,165,0,en,orange
255,149,0,en,orange
150,0,255,en,purple
255,0,152,en,pink
255,0,66,en,red
248,0,255,en,pink
82,255,0,en,green
255,0,140,en,pink
255,0,232,en,pink
255,98,0,en,orange
255,0,229,en,magenta
211,255,0,en,green
255,238,0,en,mustard
255,96,0,en,orange
255,0,49,en,red
255,0,134,en,pink
255,0,89,en,red
112,0,255,en,blueish purple
255,240,0,en,yellow
255,0,45,en,red
255,147,0,en,orange
255,67,0,en,orange
255,202,0,en,yellow
255,203,0,en,yellow
255,0,207,en,pink
255,85,0,en,orange
218,255,0,en,lime green
102,0,255,en,dark blue
172,255,0,en,green
255,231,0,en,yellow
255,0,108,en,pink
255,201,0,en,gold
201,255,0,en,light green
255,0,247,en,violet
44,255,0,en,green
255,0,49,en,red
255,164,0,en,orange
206,0,255,en,purple
255,0,103,en,red
255,0,208,en,pink
255,198,0,en,orange
255,0,45,en,red
255,42,0,en,red
243,0,255,en,purple pink
255,24,0,en,red
245,255,0,en,yellow
255,129,0,en,orange
202,0,255,en,purple
255,108,0,en,orange
255,121,0,en,orange
36,0,255,en,dark blue
255,0,240,en,pink purple
245,255,0,en,yellow
255,0,149,en,pink
255,60,0,en,orange red
255,164,0,en,orange
255,0,242,en,pink
255,149,0,en,light orange
255,0,125,en,pink
255,0,30,en,red
255,70,0,en,dark orange
255,0,189,en,pink shok
151,255,0,en,green
255,144,0,en,orange
255,115,0,en,orange
136,0,255,en,purple
95,255,0,en,green
255,157,0,en,orange
255,0,225,en,purple
183,0,255,en,purple
255,213,0,en,yellow
255,0,94,en,pink
255,0,138,en,pink
130,255,0,en,green
255,0,248,en,pink purple
255,0,23,en,red
255,0,60,en,red
212,255,0,en,yellow
255,0,160,en,pink
255,0,126,en,red
255,228,0,en,yellow
67,0,255,en,blue
255,0,48,en,red
250,255,0,en,yellow
227,0,255,en,purple
103,0,255,en,purpule
210,0,255,en,dark pink
255,90,0,en,orange
255,0,163,en,pink
232,255,0,en,light yellow
159,255,0,en,green
120,0,255,en,purple blue
255,191,0,en,dark mustard
84,255,0,en,green
216,255,0,en,pee yellow
255,0,189,en,pink purple
169,255,0,en,greenish yellow
255,0,20,en,red
255,0,237,en,magenta
187,255,0,en,chartreuse
255,0,186,en,hot pink
126,255,0,en,green
255,0,60,en,red
173,0,255,en,purple
255,110,0,en,orange
233,255,0,en,yellow green
255,209,0,en,warm yellow
255,131,0,en,orange
255,77,0,en,red
255,0,144,en,pink
255,243,0,en,yellow
255,0,29,en,red
243,0,255,en,magenta
255,0,117,en,pink
255,171,0,en,mustard yellow
159,0,255,en,purple
255,0,88,en,red pink
159,255,0,en,lime green
223,255,0,en,chartreuse
255,0,127,en,hot pink
137,255,0,en,light green
255,0,96,en,red (but a slightly pinkish red)
150,0,255,en,purple
255,163,0,en,orange
255,141,0,en,orange
255,0,238,en,magenta
98,255,0,en,bright green
255,198,0,en,goldenrod
202,0,255,en,purple
255,231,0,en,yellow
255,0,185,en,magenta
255,0,21,en,red
255,116,0,en,orange
242,255,0,en,yellow
255,0,75,en,red
255,0,254,en,magenta
255,73,0,en,orange
255,0,177,en,pink
108,255,0,en,chartreuse
255,223,0,en,yellow
149,0,255,en,purple
91,0,255,en,dark purple
148,255,0,en,lime green
255,0,160,en,magenta
255,61,0,en,red
255,0,132,en,pink
255,0,232,en,fuchsia
219,0,255,en,purple
195,255,0,en,lime green
255,180,0,en,orange
255,193,0,en,ochre
255,0,40,en,red
191,0,255,en,purple
255,137,0,en,burnt orange
255,91,0,en,red
255,0,74,en,hot red
255,253,0,en,yellow
255,0,108,en,reddish pink
133,0,255,en,purple
255,227,0,en,yellow
255,101,0,en,orange
255,0,110,en,deep pink
255,164,0,en,orange
180,0,255,en,purple
230,255,0,en,greenish yellow
255,0,163,en,deep pink
255,202,0,en,golden orange
255,0,132,en,deep pink
255,48,0,en,orange red
157,255,0,en,lime green
255,0,255,en,light purple
116,255,0,en,lime green
255,0,35,en,red
255,126,0,en,orange
255,0,229,en,light purple
255,0,210,en,light purple
31,255,0,en,light green
255,0,57,en,red
241,255,0,en,yellow
145,0,255,en,purple
255,0,48,en,red
255,84,0,en,orange
255,0,145,en,fuschia
239,0,255,en,magenta
75,255,0,en,green
255,0,101,en,fuschia
81,0,255,en,purple
154,0,255,en,purple
255,223,0,en,yellow
209,0,255,en,purple
166,255,0,en,green
255,0,228,en,pink
255,0,205,en,pink
255,0,147,en,pink
255,26,0,en,orange
255,138,0,en,orange
255,180,0,en,yellow
255,0,138,en,pink
255,0,46,en,red
234,255,0,en,yellow green
255,0,59,en,red
229,0,255,en,pink
255,199,0,en,mustard
203,255,0,en,green
255,103,0,en,orange
92,0,255,en,violet
255,0,179,en,hot pink/neon pink
229,0,255,en,fuschia
178,255,0,en,lime/neon green
255,0,110,en,hot pink
255,0,138,en,barbie pink
255,201,0,en,mustard yellow
220,255,0,en,yellow green
255,0,37,en,firehouse red
255,65,0,en,red orange
178,0,255,en,bright purple
255,93,0,en,orange
255,0,218,en,barbie pink neon pink hot pink
255,0,152,en,bright/hot pink
129,255,0,en,neon green
255,225,0,en,yellow
255,144,0,en,orange
255,173,0,en,yellow orange
255,0,50,en,red leaning a little fuchsia ??
255,246,0,en,yellow
255,188,0,en,light orange
241,255,0,en,yellow
255,0,45,en,red
255,0,84,en,red
255,83,0,en,dark orange
255,0,246,en,purple
255,141,0,en,orange
255,176,0,en,light orange
51,0,255,en,dark blue
255,0,229,en,light purple
160,0,255,en,purple
255,0,130,en,magenta
255,81,0,en,red orange
94,255,0,en,green
156,255,0,en,green
180,0,255,en,purple
210,255,0,en,yellow
255,226,0,en,dark yellow
255,0,58,en,red
255,0,160,en,pink
255,0,196,en,magenta
126,0,255,en,purple
255,160,0,en,oeange
91,255,0,en,green
255,0,160,en,magenta
184,255,0,en,green
255,0,247,en,pink
255,0,68,en,red
252,255,0,en,yellow
255,0,85,en,hot pink
255,163,0,en,orange
255,93,0,en,neon orange
255,250,0,en,yellow
221,0,255,en,fuchsia
255,213,0,en,golden yellow
255,32,0,en,red
206,0,255,en,purple
255,0,207,en,pink
255,201,0,en,golden yellow
205,255,0,en,yellow green
255,0,75,en,red
255,0,119,en,hot pink
255,0,212,en,bright pink
161,0,255,en,neon purple
162,255,0,en,lime green
60,255,0,en,green
255,0,173,en,hot pink
255,147,0,en,orange
255,0,25,en,red
255,238,0,en,yellow
255,0,184,en,fuschia
255,0,130,en,magenta
255,0,58,en,red
255,0,228,en,purple
160,255,0,en,light green
56,0,255,en,deep blue
72,255,0,en,electric green
255,226,0,en,yellow
255,0,71,en,red
255,0,230,en,pink
83,0,255,en,violet
78,255,0,en,light green
255,0,122,en,hot pink
154,0,255,en,purple
255,153,0,en,orange
34,255,0,en,green
255,194,0,en,yellow
219,0,255,en,purple
255,0,166,en,pink
255,0,46,en,red
255,0,200,en,pink
255,96,0,en,orange
199,0,255,en,purple
255,139,0,en,orange
255,248,0,en,yellow
151,255,0,en,green
255,63,0,en,orange
255,0,87,en,red
211,255,0,en,green
255,247,0,en,yellow
255,79,0,en,orange
255,0,42,en,red
255,0,143,en,magenta
255,0,191,en,pink
189,255,0,en,neon green
255,125,0,en,orange
147,255,0,en,neon green
255,0,255,en,magenta
89,0,255,en,purple
101,0,255,en,purple
255,0,83,en,fuchsia
255,0,125,en,pink
255,215,0,en,yellow
107,255,0,en,green
204,0,255,en,magenta
255,0,211,en,magenta
255,115,0,en,orange
255,199,0,en,yellow
255,163,0,en,orange
180,0,255,en,purple
255,0,204,en,pink
226,255,0,en,yellow
255,128,0,en,orange
238,0,255,en,magenta
168,255,0,en,yellow green
122,255,0,en,green
255,0,48,en,red
255,224,0,en,gold
255,101,0,en,orange red
255,0,229,en,pink
255,180,0,en,light orange
255,0,113,en,rose
255,0,154,en,pink
255,209,0,en,gold
255,0,52,en,red
255,46,0,en,red
85,0,255,en,royal blue
231,255,0,en,yellow
129,0,255,en,blue purple
169,0,255,en,purple
255,0,54,en,red
243,255,0,en,yellow
224,255,0,en,green yellow
255,235,0,en,orange yellow
114,0,255,en,purple
255,212,0,en,orange yellow
255,0,126,en,magenta
97,255,0,en,yellowish green
255,0,146,en,pink
255,0,179,en,fuchsia
255,92,0,en,orange
255,0,29,en,red
219,0,255,en,purple
255,161,0,en,orange
255,6,0,en,red
255,131,0,en,orange
255,0,224,en,purpleish pink
255,0,96,en,pinkish red
161,255,0,en,lemon green
255,95,0,en,orange
255,215,0,en,dark yellow
119,0,255,en,purple
212,0,255,en,fuchsia
255,163,0,en,orange
255,0,60,en,red
255,201,0,en,yellow orange
215,255,0,en,neon green
243,255,0,en,yellow
255,255,0,en,yellow
255,0,97,en,hot pink
255,103,0,en,orange
255,37,0,en,red
120,0,255,en,purple
255,242,0,en,sunflower yellow
255,161,0,en,orange
255,0,235,en,magenta
95,255,0,en,neon green
255,0,135,en,hot pink
255,147,0,en,orange
239,0,255,en,magenta
255,0,147,en,hot pink
255,0,78,en,red
255,193,0,en,orange
255,0,6,en,red
166,255,0,en,green
182,0,255,en,purple
255,0,200,en,pink
79,0,255,en,blue
192,255,0,en,green
209,255,0,en,lime green
154,0,255,en,purple
255,0,186,en,magenta
255,0,80,en,red
183,255,0,en,green
177,0,255,en,purple
255,249,0,en,yellow
255,0,253,en,purple
42,0,255,en,blue
255,179,0,en,orange
255,0,115,en,hot pink
255,0,171,en,magenta
255,0,46,en,red
255,97,0,en,orange
255,184,0,en,yellow orange
255,55,0,en,red
255,145,0,en,orange
255,241,0,en,yellow
255,0,239,en,purple
84,255,0,en,green
255,0,86,en,magenta
255,0,76,en,red
255,0,32,en,red
255,209,0,en,yellow
255,0,201,en,purple
255,173,0,en,orange
255,240,0,en,yellow
255,9,0,en,red
241,255,0,en,yellow
255,0,219,en,purple
216,255,0,en,yellow
255,0,147,en,purple
255,0,105,en,purple
255,104,0,en,orange
113,0,255,en,purple
229,0,255,en,purple
255,0,129,en,pink
49,255,0,en,green
255,129,0,en,orange
183,0,255,en,purple
178,255,0,en,green
53,0,255,en,blue
255,0,2,en,red
225,0,255,en,magenta
227,255,0,en,neon green
255,210,0,en,yellow
255,177,0,en,yellow
124,0,255,en,purple
255,0,197,en,pink
134,255,0,en,neon green
51,255,0,en,neon green
255,0,79,en,cherry
255,21,0,en,red
255,108,0,en,rust
255,0,231,en,hot pink
169,0,255,en,purple
255,233,0,en,yellow
78,0,255,en,indigo
255,246,0,en,yellow
255,144,0,en,orange
255,0,158,en,pink
255,0,108,en,pink
255,0,125,en,raspberry
255,0,177,en,pink
159,255,0,en,green yellow
255,0,81,en,reddish link
255,0,140,en,chartreuse
255,0,250,en,purply pink
240,255,0,en,yellow
255,103,0,en,orange
180,0,255,en,purple
138,0,255,en,people
255,188,0,en,orange yellow
122,255,0,en,neon green
255,0,19,en,red
255,224,0,en,yellow
206,255,0,en,yellowy green
255,170,0,en,orange
255,0,148,en,link
255,122,0,en,orange
255,0,52,en,red
255,75,0,en,red orange
255,0,239,en,pink purple
169,255,0,en,yellow green
255,136,0,en,orange
195,255,0,en,chartreuse
255,53,0,en,red
245,255,0,en,yellow
255,0,92,en,magenta
255,221,0,en,yellow
255,0,49,en,red
255,0,175,en,pink
255,0,35,en,red
61,255,0,en,bright green
255,0,229,en,neon pink
255,163,0,en,orange
255,115,0,en,orange
255,0,179,en,pink
212,0,255,en,purple
255,0,248,en,bright pink
255,0,137,en,magenta
148,0,255,en,purple
255,190,0,en,gold
255,0,92,en,magenta
147,255,0,en,lime
187,255,0,en,chartreuse
87,255,0,en,bright green
255,187,0,en,goldenrod
206,0,255,en,purple
234,255,0,en,neon yellow
255,123,0,en,orange
255,0,220,en,magenta
255,175,0,en,goldenrod
255,0,197,en,hot pink
228,0,255,en,violet
255,0,142,en,deep coral
255,88,0,en,dark orange
255,63,0,en,scarlet
94,0,255,en,purple
255,0,167,en,magenta
255,0,46,en,scarlet
255,227,0,en,yellow
255,0,55,en,red
151,255,0,en,lime green
255,115,0,en,orange
255,0,30,en,red
255,238,0,en,yellow
41,255,0,en,light green
237,255,0,en,greenish yellow
255,0,196,en,hot pink
255,0,253,en,magenta
255,81,0,en,orangish red
255,196,0,en,mustard
255,159,0,en,orange
189,0,255,en,purple
255,0,162,en,fucsia
255,0,109,en,pomegranate
255,136,0,en,orange
213,255,0,en,greenish yellow
255,0,244,en,magenta
255,0,123,en,pomegranate
255,0,64,en,red
142,0,255,en,purple
220,0,255,en,magenta
255,0,159,en,pink
255,0,236,en,neon pink
255,0,206,en,bright pink
255,82,0,en,orange
117,0,255,en,purple
255,0,131,en,hot pink
255,0,32,en,red
164,255,0,en,neon leaf green
255,48,0,en,tomato
205,0,255,en,magenta
255,227,0,en,yellow
87,255,0,en,leaf green
255,0,81,en,pink
255,137,0,en,pumpkin
255,0,75,en,dark pink
255,168,0,en,orange
11,0,255,en,blue
201,255,0,en,yellow green
237,255,0,en,bright yellow
255,189,0,en,tangerine
200,0,255,en,magenta
53,255,0,en,neon green
255,136,0,en,orange
255,0,12,en,red
172,255,0,en,pea green
255,164,0,en,orange
255,0,198,en,hot pink
255,0,105,en,raspberry
255,0,142,en,vivid pink
243,0,255,en,magenta
255,0,219,en,vivid pink
255,0,59,en,red
116,0,255,en,bright purple
208,255,0,en,yellow green
255,25,0,en,red
255,0,152,en,magenta
255,229,0,en,yellow
231,255,0,en,yellow green
255,184,0,en,faded orange
255,114,0,en,orange
255,200,0,en,tangerine
151,255,0,en,lime green
255,36,0,en,ruby red
255,0,224,en,magenta
255,0,120,en,barbie pink
255,0,108,en,hot pink
255,168,0,en,orange
76,255,0,en,green
217,255,0,en,chartreuse
255,0,160,en,barbie pink
190,0,255,en,purple
96,0,255,en,indigo
248,0,255,en,magenta
255,0,48,en,firetruck red
74,0,255,en,royal blue
255,0,71,en,rose red
255,99,0,en,orange
255,0,189,en,pink
255,152,0,en,tangerine
233,255,0,en,chartreuse
255,224,0,en,yellow
218,255,0,en,lime
255,0,69,en,red
255,221,0,en,yellow
238,255,0,en,yellow
255,0,148,en,magenta
183,255,0,en,gree
255,29,0,en,red
77,255,0,en,green
152,0,255,en,purple
255,0,20,en,red
255,184,0,en,golden yellow
255,0,102,en,salmon
255,0,126,en,pink
247,0,255,en,fuschia
255,0,184,en,magenta
255,144,0,en,yellow orange
165,0,255,en,purple
255,101,0,en,orange
71,0,255,en,blue
255,156,0,en,orange
255,0,245,en,pink
255,85,0,en,orange
245,255,0,en,yellow
255,75,0,en,orange
255,0,125,en,pink
255,0,240,en,pink
255,224,0,en,yellow
124,0,255,en,purple
201,0,255,en,purple
117,255,0,en,green
255,155,0,en,orange
240,0,255,en,purple
207,255,0,en,green
139,255,0,en,green
255,0,94,en,pink
84,255,0,en,neon green
255,210,0,en,yellow
14,255,0,en,neon green
255,0,178,en,bright pink
255,0,136,en,hot pink
255,129,0,en,orange
255,0,153,en,pink
255,164,0,en,orange
180,255,0,en,lime green
255,223,0,en,yellow
250,0,255,en,pink
136,0,255,en,purple
80,0,255,en,purple blue
255,87,0,en,orange
255,245,0,en,neon yellow
255,0,75,en,hot pink
255,0,91,en,hot pink
255,0,239,en,neon purple pink
212,0,255,en,neon purple
200,255,0,en,neon green
255,48,0,en,orange red
255,0,45,en,red
255,228,0,en,yellow
149,0,255,en,purple
255,0,144,en,pink
255,0,100,en,red
150,255,0,en,lime green
255,0,183,en,pink
255,196,0,en,orange
255,0,48,en,red
255,125,0,en,orange
255,43,0,en,red
242,255,0,en,yellow
25,255,0,en,green
74,255,0,en,green
255,0,216,en,pink
255,0,129,en,rose
255,0,60,en,red
184,0,255,en,purple
255,99,0,en,orange
217,255,0,en,yellow
255,162,0,en,orange
224,0,255,en,purple
255,0,175,en,fuschia
188,255,0,en,yellow green
182,0,255,en,royal purple
255,0,20,en,red
144,255,0,en,lime green
255,138,0,en,orange
7,255,0,en,neon green
225,0,255,en,royal purple
255,197,0,en,goldenrod
255,0,242,en,purple pink
255,0,95,en,saffron
114,0,255,en,purple
17,0,255,en,azure
236,255,0,en,neon yellow
255,222,0,en,goldenrod
255,0,128,en,magenta
255,117,0,en,orange
112,255,0,en,neon green
255,0,206,en,fuschia
255,0,62,en,red
255,0,77,en,magenta
255,67,0,en,magenta
255,0,158,en,magenta
255,0,21,en,magenta
184,0,255,en,violet
97,0,255,en,purple
62,255,0,en,green
255,113,0,en,orange
193,255,0,en,pale green
133,255,0,en,light green
255,0,212,en,pink
255,199,0,en,hello
255,226,0,en,medium yellow
255,0,108,en,dark orange
255,0,182,en,dark pink
255,245,0,en,light yellow
255,0,254,en,pink
255,0,117,en,red
255,140,0,en,orange
255,172,0,en,light orange
136,255,0,en,neon green
255,0,128,en,pink
197,255,0,en,lime green
255,249,0,en,yellow
171,0,255,en,purple
255,0,234,en,fuchsia
255,0,28,en,red
255,0,110,en,pink
255,132,0,en,orange
255,206,0,en,warm yellow
132,255,0,en,green
255,0,200,en,fuchsia
255,238,0,en,bright yellow
255,216,0,en,yellow orange
255,0,147,en,pink
255,148,0,en,orange
255,0,101,en,reddish pink
124,255,0,en,lime green
255,154,0,en,orange
255,0,73,en,pale red
255,0,26,en,red
255,0,179,en,magenta
206,255,0,en,green yellow
255,0,214,en,old rose
250,0,255,en,magenta
255,250,0,en,yellow
210,0,255,en,purple
115,0,255,en,deep purple
163,255,0,en,lime green
255,56,0,en,red orange
255,100,0,en,orange
255,0,116,en,deep pink
255,189,0,en,yello
255,0,73,en,pink
255,0,254,en,purple
255,0,106,en,pink
255,0,116,en,pink
255,23,0,en,orange
255,0,44,en,red
255,0,177,en,pink
242,255,0,en,yellow
255,0,16,en,red
221,0,255,en,magenta
224,255,0,en,neon yellow
255,0,80,en,fushicia
255,0,218,en,pink
97,0,255,en,purple
255,144,0,en,orange
176,255,0,en,olive green
255,0,221,en,purple
255,0,39,en,red
255,0,136,en,pink
255,107,0,en,orange
255,0,92,en,pink
255,138,0,en,saffron
105,0,255,en,violet
255,189,0,en,golden
255,0,149,en,fuchsia
255,79,0,en,vermillion
255,0,35,en,red
252,255,0,en,yellow
255,0,62,en,red
178,0,255,en,royal purple
255,0,199,en,fuchsia
255,0,235,en,magenta
255,158,0,en,golden
131,255,0,en,lime green
235,0,255,en,purple
215,255,0,en,chartreuse
87,0,255,en,royal
255,0,142,en,fuchsia
255,150,0,en,orange
255,111,0,en,pumpkin orange
255,219,0,en,yellow
141,255,0,en,chartreuse
255,0,96,en,bright pink
255,47,0,en,red
220,0,255,en,purple
255,157,0,en,orange
135,255,0,en,lime
127,0,255,en,purple
255,99,0,en,burnt orange
255,147,0,en,orange
126,255,0,en,lime green
255,0,202,en,magenta
164,255,0,en,green
255,0,38,en,red
255,0,155,en,magenta
155,0,255,en,purple
255,0,123,en,hot pink
255,40,0,en,orange red
255,0,179,en,pink
193,255,0,en,neon green
255,169,0,en,orange
50,0,255,en,dark blue
255,0,53,en,red
255,241,0,en,yellow
255,0,251,en,magenta
255,0,214,en,magenta
93,255,0,en,neon green
246,255,0,en,chartreuse
255,206,0,en,sunflower yellow
255,122,0,en,orange
255,0,81,en,ruby
178,0,255,en,purple
255,103,0,en,orange
255,205,0,en,gold
255,172,0,en,orange
212,0,255,en,fuchsia
255,0,74,en,berry
83,0,255,en,cobalt
233,255,0,en,canary
163,255,0,en,neon green
255,0,175,en,fuschia
255,0,126,en,hot pink
255,109,0,en,orange
255,61,0,en,scarlet
255,0,101,en,berry
152,0,255,en,blurple
255,0,202,en,hot pink
205,255,0,en,canary
87,255,0,en,lime green
255,219,0,en,yellow
255,129,0,en,orange
255,0,220,en,bright pink
255,0,43,en,red
144,0,255,en,purple
255,0,99,en,fuschia
255,32,0,en,red
255,0,39,en,red
255,0,205,en,fuschia
255,96,0,en,orange
255,0,118,en,hot pink
255,0,57,en,red
255,200,0,en,goldenrod
255,127,0,en,orange
116,255,0,en,grass green
255,0,226,en,fuschia
176,255,0,en,chartreuse
255,155,0,en,orange
241,0,255,en,fuschia
215,0,255,en,reddish purple
222,255,0,en,greenish yellow
255,0,167,en,fuschia
233,255,0,en,sickly yellow
255,213,0,en,light orange
255,0,125,en,pink
146,255,0,en,lime
140,0,255,en,violet
255,0,18,en,red
230,255,0,en,yellow green
255,0,89,en,red
255,0,248,en,magenta
255,85,0,en,orange
145,0,255,en,purple
255,0,166,en,hot pink
143,255,0,en,neon green
255,230,0,en,yellow
255,208,0,en,dandelion yellow
255,0,83,en,red
255,0,188,en,magenta
235,255,0,en,yellow
179,0,255,en,magenta
255,72,0,en,red
114,255,0,en,green
255,0,197,en,pink
255,0,241,en,pink
255,0,168,en,pink
255,0,77,en,red
255,212,0,en,gold
255,236,0,en,yellow
255,156,0,en,orange
255,143,0,en,orange
255,0,235,en,magenta
255,115,0,en,orange
248,255,0,en,highlighter yellow
200,255,0,en,lime
255,0,36,en,red
255,159,0,en,orange
196,0,255,en,amethyst
120,255,0,en,neon green
255,0,50,en,red
255,77,0,en,dark orange
255,0,120,en,hot pink
255,124,0,en,orange
255,0,246,en,magenta
255,0,26,en,red orange
255,0,174,en,pink
255,0,62,en,red
131,255,0,en,lime green
255,0,202,en,pink
77,0,255,en,dark blue
255,0,115,en,red pink
255,240,0,en,yellow
255,152,0,en,orange
255,0,218,en,magenta
255,142,0,en,orange
241,255,0,en,yellow
187,255,0,en,yellow green
97,0,255,en,blue
255,0,251,en,purple
255,26,0,en,red
144,255,0,en,yellow green
218,0,255,en,purple
255,206,0,en,yellow
255,85,0,en,red orange
255,0,98,en,light red
121,0,255,en,purple
225,255,0,en,yellow
255,49,0,en,red orange
255,141,0,en,orange
255,0,148,en,megenta
255,154,0,en,neon orange
195,0,255,en,purple
255,116,0,en,oranger
255,0,54,en,red
255,0,138,en,pink
255,0,93,en,hot pink
79,0,255,en,dark blue
255,0,211,en,magenta
255,241,0,en,yellow
255,0,48,en,red
255,194,0,en,orange
245,0,255,en,purple
158,255,0,en,green yellow
255,0,181,en,pink
60,255,0,en,green
237,255,0,en,yellow
255,238,0,en,yellow
72,255,0,en,lime
255,0,80,en,rose
255,0,223,en,magenta
255,247,0,en,lemon
255,0,101,en,pink
255,205,0,en,golden yellow
255,0,29,en,red
255,118,0,en,orange
255,0,209,en,pink
255,0,39,en,red
255,161,0,en,orange
102,0,255,en,purple
255,0,51,en,red
255,220,0,en,yellow
255,0,233,en,pink
255,0,165,en,pink
236,0,255,en,purple
212,0,255,en,purple
229,255,0,en,yellow
255,21,0,en,red
103,255,0,en,green
255,0,128,en,pink
255,0,109,en,pink
255,196,0,en,yellow
255,244,0,en,yellow
137,255,0,en,green
255,129,0,en,orange
255,0,124,en,hot pink
172,0,255,en,bright purple
72,255,0,en,lime green
255,178,0,en,marigold
148,0,255,en,purple
255,65,0,en,dark orange
41,0,255,en,dark blue
134,255,0,en,lime green
255,106,0,en,dark orange
255,200,0,en,dark yellow
255,0,152,en,magenta
250,255,0,en,yellow
255,0,212,en,hot pink
255,215,0,en,orange yellow
255,0,95,en,dark pink
255,0,16,en,red
255,0,209,en,hot pink
255,0,66,en,red
200,255,0,en,chartreuse
248,0,255,en,magenta
255,125,0,en,orange
255,188,0,en,goldenrod
255,0,120,en,hot pink
144,0,255,en,purple
237,0,255,en,fuchsia
176,255,0,en,chartreuse
255,0,9,en,red
255,92,0,en,orange
226,255,0,en,hansa yellow
255,230,0,en,cadmium yellow
255,0,162,en,hot pink
255,47,0,en,cadmium red
255,0,194,en,fuchsia
255,154,0,en,orange
54,255,0,en,green
255,0,99,en,cool red/ crimson
255,0,213,en,magenta
231,255,0,en,chartrues
255,143,0,en,orange
255,0,62,en,red
193,0,255,en,fuchsia
255,0,148,en,pink
141,0,255,en,purple
255,171,0,en,orange
255,0,9,en,red
255,190,0,en,orange
194,0,255,en,purple
255,39,0,en,red
255,73,0,en,scarlet
255,185,0,en,orange
94,255,0,en,green
255,245,0,en,yellow
255,0,128,en,hot pink
175,0,255,en,purple
255,0,80,en,red pink
195,255,0,en,yellow green
255,0,48,en,red
58,0,255,en,blue violet
236,0,255,en,magenta
255,0,191,en,hot pink
247,0,255,en,magenta
128,255,0,en,lime green
233,255,0,en,bright yellow
255,151,0,en,orange
255,220,0,en,yellow
186,0,255,en,purple
255,82,0,en,red orange
255,191,0,en,yellow orange
130,0,255,en,violet
255,159,0,en,orange
255,115,0,en,dark orange
255,216,0,en,yellow
145,0,255,en,purple
255,0,242,en,neon pink
255,0,110,en,red pink
255,132,0,en,orange
255,0,155,en,hot pink
143,255,0,en,lime green
255,0,87,en,red
242,255,0,en,light green
255,134,0,en,orange
255,0,167,en,pink
255,0,208,en,pink
217,0,255,en,pink
145,0,255,en,bright pink
255,0,73,en,red
226,255,0,en,light green
255,89,0,en,red orange
255,0,46,en,red
107,255,0,en,neon green
255,220,0,en,weird yellow
255,27,0,en,red
255,0,126,en,dark pink
255,202,0,en,chickpea tan
255,165,0,en,light orange
255,0,221,en,pink
151,255,0,en,neon green
243,0,255,en,pink
132,255,0,en,neon green
255,0,26,en,red
255,0,85,en,dark pink
255,79,0,en,orange
197,255,0,en,yellow green
141,0,255,en,purple
255,0,138,en,pink
198,0,255,en,pink purple
255,93,0,en,orange red
255,0,66,en,red
255,0,209,en,pink
234,0,255,en,pink purple
255,0,168,en,pink
255,209,0,en,cadmium
113,255,0,en,neon green
255,238,0,en,daffodil yellow
100,0,255,en,violet
255,0,82,en,hot pink
255,0,63,en,scarlet
255,142,0,en,orange
255,168,0,en,dusty orange
255,39,0,en,vermilion
255,0,44,en,crimson
197,0,255,en,purple
69,0,255,en,cobalt
255,0,255,en,magenta
255,0,123,en,hot pink
255,97,0,en,orange
220,255,0,en,neon yellow
255,0,192,en,magenta pink
255,0,233,en,magenta
232,255,0,en,neon yellow
255,0,171,en,hot pink
255,228,0,en,yellow
76,0,255,en,purple
255,0,146,en,dark pink or raspberry
255,0,64,en,red
86,255,0,en,bright green
255,114,0,en,orange
167,255,0,en,yellowish green
202,0,255,en,purple
114,0,255,en,dark purple
255,0,108,en,dark pink or raspberry
190,255,0,en,yellowish green
255,133,0,en,orange
236,0,255,en,light purple
255,35,0,en,red
255,0,180,en,raspberry or dark pink
255,0,21,en,red
245,255,0,en,yellow
255,0,131,en,fuchsia
255,0,211,en,hot pink
255,167,0,en,yellow orange
255,209,0,en,school bus yellow
255,0,100,en,magenta
255,0,43,en,red
224,255,0,en,chartreuse
255,255,0,en,yellow
180,0,255,en,purple
74,0,255,en,dark blue
255,0,209,en,pink
132,255,0,en,green
255,76,0,en,red
255,0,174,en,pink
255,0,238,en,pink
255,0,127,en,pink
113,0,255,en,indigo
255,209,0,en,golden yellow
255,241,0,en,yellow
255,113,0,en,orange red
255,0,61,en,red pink
226,0,255,en,purple
255,140,0,en,orange
255,181,0,en,yellow orange
161,255,0,en,green
255,0,24,en,red
255,0,212,en,magenta
255,16,0,en,red
165,255,0,en,lime green
70,255,0,en,green
255,121,0,en,orange
198,255,0,en,yellow green
193,0,255,en,purple
255,0,163,en,hot pink
7,0,255,en,blue
255,0,141,en,magenta
255,205,0,en,golden yellow
255,0,198,en,hot pink
255,160,0,en,yellow orange
255,0,105,en,reddish pink
255,219,0,en,yellow
255,114,0,en,orange
253,0,255,en,magenta
249,255,0,en,neon yellow
143,0,255,en,royal purple
255,0,62,en,red
129,0,255,en,purple
49,0,255,en,ultramarine blue
255,0,217,en,magenta
227,0,255,en,fuscia
98,0,255,en,violet
255,182,0,en,marigold yellow
255,102,0,en,orange
255,0,206,en,neon pink
255,0,160,en,pink
238,0,255,en,pink
255,69,0,en,orange
255,0,100,en,pink
140,0,255,en,purple
255,238,0,en,yellow
255,126,0,en,orange
248,255,0,en,yellow
255,0,82,en,red
28,255,0,en,green
255,206,0,en,yellow
235,255,0,en,yellow
255,142,0,en,orange
174,0,255,en,purple
133,255,0,en,green
48,0,255,en,blurple
255,251,0,en,highlighter
255,228,0,en,yellow
251,0,255,en,hot pink
255,169,0,en,tangerine
132,0,255,en,purple
216,255,0,en,tennis ball
192,0,255,en,magenta
255,126,0,en,orange
41,255,0,en,lime
255,0,174,en,hot pink
106,0,255,en,purple
255,0,166,en,hot pink
168,0,255,en,violet
255,0,209,en,fuchsia
27,0,255,en,blurple
255,88,0,en,orange
255,195,0,en,yellow
255,54,0,en,red
255,142,0,en,tangerine
255,0,50,en,red
226,0,255,en,magenta
255,0,111,en,hot pink
170,255,0,en,lime green
255,220,0,en,yellow
236,0,255,en,pinkish purple
56,0,255,en,blue
82,255,0,en,lime green
220,0,255,en,purple
195,255,0,en,green maybe charteuse
255,0,223,en,pink
255,0,149,en,magenta
89,0,255,en,purple
185,255,0,en,lime green
255,249,0,en,yellow
255,0,186,en,pink
255,0,70,en,red
255,136,0,en,burnt orange
255,153,0,en,orange
193,0,255,en,purple
255,185,0,en,orange
255,68,0,en,red orange
161,0,255,en,purple
255,0,122,en,pink
128,0,255,en,purple
255,202,0,en,yellow
255,0,77,en,dirty pink
164,255,0,en,lemon
228,0,255,en,fuksi
255,0,117,en,rose pink
132,0,255,en,violet
255,253,0,en,yellow
255,12,0,en,orange red
255,145,0,en,dark yellow
226,255,0,en,yellow
255,174,0,en,dark yellow
255,127,0,en,orange
35,255,0,en,light green
23,0,255,en,dark blue
57,0,255,en,light dark blue
255,110,0,en,orange red
232,0,255,en,fuksi
255,0,231,en,light violet
169,0,255,en,violet
81,0,255,en,violet blue
255,213,0,en,yellow
255,216,0,en,light yellow
255,0,137,en,orange pink
142,0,255,en,violet
255,0,186,en,dirt pink
