r,g,b,lang_code,human_raw,human_norm,human_min
62,131,63,ko,풀,풀색,풀
125,248,219,ko,옥,옥색,옥
212,225,16,ko,연두,연두색,연두
24,25,193,ko,군청,군청색,군청
199,231,126,ko,풀,풀색,풀
74,218,0,ko,초록,초록색,초록
14,81,127,ko,곤색,곤색,곤
97,80,200,ko,보라,보라색,보라
72,227,105,ko,에버그린,에버그린색,에버그린
82,194,152,ko,청록,청록색,청록
102,99,4,ko,고동,고동색,고동
13,0,224,ko,파랑,파랑색,파랑
115,63,14,ko,갈색,갈색,갈
21,117,91,ko,청록,청록색,청록
43,152,193,ko,파랑,파랑색,파랑
159,77,249,ko,보라,보라색,보라
71,186,196,ko,하늘,하늘색,하늘
113,30,37,ko,갈색,갈색,갈
184,139,223,ko,연보라,연보라색,연보라
254,185,80,ko,개나리,개나리색,개나리
90,99,70,ko,고동,고동색,고동
243,49,30,ko,주홍,주홍색,주홍
186,236,191,ko,연연두,연연두색,연연두
43,109,219,ko,파랑,파랑색,파랑
216,150,126,ko,황토,황토색,황토
84,169,2,ko,풀,풀색,풀
215,217,199,ko,베이지,베이지색,베이지
176,47,137,ko,자주,자주색,자주
221,208,232,ko,연보라,연보라색,연보라
215,178,111,ko,황토,황토색,황토
237,115,126,ko,연분홍,연분홍색,연분홍
78,26,48,ko,갈색,갈색,갈
241,106,199,ko,분홍,분홍색,분홍
216,125,12,ko,황토,황토색,황토
136,16,77,ko,자주,자주색,자주
222,107,192,ko,진분홍,진분홍색,진분홍
98,237,126,ko,에메랄드,에메랄드색,에메랄드
243,246,3,ko,노랑,노랑색,노랑
241,251,183,ko,베이지,베이지색,베이지
4,197,197,ko,코발트블루,코발트블루색,코발트블루
96,108,235,ko,밝은파랑,밝은파랑색,밝은파랑
168,67,13,ko,갈색,갈색,갈
14,248,40,ko,연두색,연두색,연두
25,26,83,ko,남색,남색,남
139,198,252,ko,하늘색,하늘색,하늘
128,3,162,ko,보라색,보라색,보라
29,53,40,ko,검정색,검정색,검정
204,182,175,ko,분홍회색,분홍회색,분홍회
249,198,17,ko,개나리색,개나리색,개나리
124,174,56,ko,쑥색,쑥색,쑥
53,116,13,ko,진녹색,진녹색,진녹
224,40,242,ko,분홍색,분홍색,분홍
28,199,24,ko,풀색,풀색,풀
108,23,115,ko,보라색,보라색,보라
168,42,254,ko,형광보라색,형광보라색,형광보라
82,110,116,ko,파란회색,파란회색,파랑회
16,129,225,ko,파란색,파란색,파랑
254,3,59,ko,빨간색,빨간색,빨강
119,111,13,ko,똥색,똥색,똥
98,181,135,ko,진한에메랄드색,진한에메랄드색,진에메랄드
14,74,230,ko,바다색,바다색,바다
202,26,74,ko,버건디,버건디색,버건디
28,152,26,ko,풀색,풀색,풀
246,158,60,ko,주황색,주황색,주황
200,32,132,ko,자주색,자주색,자주
103,16,13,ko,벽돌색,벽돌색,벽돌
81,81,24,ko,진한쑥색,진한쑥색,진쑥
150,87,215,ko,형광보라색,형광보라색,형광보라
161,142,84,ko,회갈색,회갈색,회갈
253,6,128,ko,핫핑크,핫핑크색,핫핑크
67,56,72,ko,짖은 남회색,짖은 남회색,짖은남회
1,44,91,ko,남색,남색,남
247,116,36,ko,주황색,주황색,주황
195,163,24,ko,황토색,황토색,황토
164,75,242,ko,연보라색,연보라색,연보라
247,68,150,ko,핑크색,핑크색,핑크
105,71,51,ko,갈색,갈색,갈
199,13,205,ko,보라색,보라색,보라
147,15,88,ko,어두운빨강,어두운빨강색,어두운빨강
30,194,127,ko,녹색,녹색,녹
155,145,204,ko,아이보리색,아이보리색,아이보리
75,50,218,ko,파란색,파란색,파랑
211,215,227,ko,회색,회색,회
242,1,84,ko,빨간색,빨간색,빨강
251,67,212,ko,핑크색,핑크색,핑크
136,253,28,ko,연두색,연두색,연두
125,36,5,ko,갈색,갈색,갈
59,152,103,ko,녹색,녹색,녹
33,63,33,ko,짙은녹색,짙은녹색,짙은녹
113,81,213,ko,연보라,연보라색,연보라
81,240,86,ko,형광녹색,형광녹색,형광녹
89,2,139,ko,보라색,보라색,보라
251,122,229,ko,연핑크색,연핑크색,연핑크
65,24,12,ko,짙은갈색,짙은갈색,짙은갈
115,164,53,ko,밝은녹색,밝은녹색,밝은녹
118,255,148,ko,형광녹색,형광녹색,형광녹
109,194,224,ko,어두운파랑,어두운파랑색,어두운파랑
202,240,94,ko,잔디색,잔디색,잔디
19,239,234,ko,형광파랑,형광파랑색,형광파랑
145,122,144,ko,회색,회색,회
222,156,93,ko,주황,주황색,주황
113,68,107,ko,자주,자주색,자주
24,127,199,ko,바다색,바다색,바다
98,123,128,ko,어두운녹색,어두운녹색,어두운녹
22,100,201,ko,파란색,파란색,파랑
125,16,114,ko,보라색,보라색,보라
240,30,26,ko,밝은빨강,밝은빨강색,밝은빨강
122,109,54,ko,흙색,흙색,흙
245,220,32,ko,노란색,노란색,노랑
64,67,185,ko,파란색,파란색,파랑
137,25,255,ko,보라색,보라색,보라
31,216,157,ko,에메랄드색,에메랄드색,에메랄드
156,212,187,ko,민트색,민트색,민트
17,166,49,ko,초록색,초록색,초록
232,69,92,ko,선홍색,선홍색,선홍
11,109,139,ko,청녹색,청녹색,청록
16,38,23,ko,검은녹색,검은녹색,검정녹
150,86,217,ko,옅은보라색,옅은보라색,옅은보라
64,148,84,ko,초록색,초록색,초록
200,241,53,ko,형광색,형광색,형광
3,17,152,ko,짙은파란색,짙은파란색,짙은파랑
141,103,9,ko,황토색,황토색,황토
126,93,182,ko,연보라색,연보라색,연보라
163,172,63,ko,풀색,풀색,풀
2,222,77,ko,초록색,초록색,초록
186,163,143,ko,연한갈색,연한갈색,연갈
207,161,53,ko,황토색,황토색,황토
136,211,140,ko,연한초록색,연한초록색,연초록
15,66,3,ko,진한초록색,진한초록색,진초록
76,8,110,ko,진한보라색,진한보라색,진보라
195,52,222,ko,보라색,보라색,보라
157,174,219,ko,페리윙클,페리윙클색,페리윙클
58,229,254,ko,하늘색,하늘색,하늘
38,88,157,ko,파란색,파란색,파랑
219,80,152,ko,분홍색,분홍색,분홍
41,121,1,ko,초록색,초록색,초록
84,73,85,ko,짙은회색,짙은회색,짙은회
8,175,153,ko,에메랄드색,에메랄드색,에메랄드
51,143,207,ko,파란색,파란색,파랑
68,240,225,ko,민트색,민트색,민트
255,100,19,ko,주황색,주황색,주황
37,107,82,ko,초록,초록색,초록
208,85,44,ko,주황,주황색,주황
245,57,166,ko,핑크,핑크색,핑크
178,21,84,ko,진달래,진달래색,진달래
221,153,35,ko,겨자,겨자색,겨자
147,229,221,ko,민트,민트색,민트
213,8,193,ko,자주,자주색,자주
173,125,228,ko,보라,보라색,보라
67,139,173,ko,청녹,청녹색,청록
103,108,173,ko,진보라,진보라색,진보라
190,88,182,ko,보라,보라색,보라
118,77,255,ko,보린,보린색,보린
237,231,104,ko,개나리,개나리색,개나리
48,123,52,ko,초록,초록색,초록
66,195,83,ko,연두,연두색,연두
123,249,11,ko,형광연두,형광연두색,형광연두
101,180,114,ko,초록,초록색,초록
86,12,150,ko,보라,보라색,보라
73,205,23,ko,연두,연두색,연두
22,107,212,ko,파랑,파랑색,파랑
179,175,250,ko,보린,보린색,보린
178,211,133,ko,파스텔연두,파스텔연두색,파스텔연두
221,210,16,ko,겨자,겨자색,겨자
76,10,20,ko,밤색,밤색,밤
6,212,183,ko,민트,민트색,민트
207,228,191,ko,연두,연두색,연두
12,46,24,ko,검정,검정색,검정
95,83,34,ko,갈색,갈색,갈
249,219,216,ko,연한핑크,연한핑크색,연핑크
29,7,176,ko,진파랑,진파랑색,진파랑
31,4,239,ko,파랑,파랑색,파랑
253,116,160,ko,핑크,핑크색,핑크
134,69,70,ko,갈색,갈색,갈
195,33,49,ko,빨강,빨강색,빨강
177,225,47,ko,연두,연두색,연두
15,18,7,ko,검정,검정색,검정
104,162,37,ko,풀색,풀색,풀
236,48,114,ko,진분홍,진분홍색,진분홍
201,5,153,ko,자주색,자주색,자주
38,87,199,ko,인디고,인디고색,인디고
1,16,214,ko,군청색,군청색,군청
217,180,112,ko,금색,금색,금
104,229,3,ko,연두색,연두색,연두
238,34,240,ko,핫핑크,핫핑크색,핫핑크
28,197,78,ko,녹색,녹색,녹
18,233,205,ko,청록색,청록색,청록
0,248,116,ko,에메랄드,에메랄드색,에메랄드
203,140,116,ko,밝은 갈색,밝은 갈색,밝은갈
76,241,201,ko,에메랄드,에메랄드색,에메랄드
68,4,111,ko,진보라,진보라색,진보라
197,183,249,ko,연보라,연보라색,연보라
222,60,0,ko,주황,주황색,주황
129,32,40,ko,적갈색,적갈색,적갈
81,200,195,ko,청록색,청록색,청록
26,175,222,ko,하늘색,하늘색,하늘
13,5,4,ko,검은색,검은색,검정
240,195,67,ko,노란색,노란색,노랑
33,32,160,ko,파랑색,파랑색,파랑
251,146,119,ko,살구색,살구색,살구
174,141,59,ko,황토색,황토색,황토
114,174,104,ko,연두색,연두색,연두
6,151,33,ko,초록색,초록색,초록
20,99,84,ko,청록색,청록색,청록
108,220,116,ko,연녹색,연녹색,연녹
227,39,150,ko,자주색,자주색,자주
70,88,34,ko,검녹색,검녹색,검녹
231,87,200,ko,자주색,자주색,자주
211,174,166,ko,살구색,살구색,살구
42,151,235,ko,파랑색,파랑색,파랑
152,102,215,ko,보라색,보라색,보라
11,3,232,ko,파랑색,파랑색,파랑
247,150,221,ko,분홍색,분홍색,분홍
125,136,197,ko,연보라색,연보라색,연보라
139,208,20,ko,연녹색,연녹색,연녹
3,52,49,ko,청록색,청록색,청록
20,52,220,ko,파랑색,파랑색,파랑
151,81,49,ko,황토색,황토색,황토
160,2,131,ko,진홍색,진홍색,진홍
187,76,9,ko,적갈색,적갈색,적갈
205,31,40,ko,빨강색,빨강색,빨강
225,91,135,ko,분홍색,분홍색,분홍
97,130,154,ko,쥐색,쥐색,쥐
222,219,60,ko,형광색,형광색,형광
225,128,37,ko,황토색,황토색,황토
40,93,142,ko,군청,군청색,군청
171,33,21,ko,검붉은색,검붉은색,검붉은
210,6,62,ko,마젠타,마젠타색,마젠타
68,43,215,ko,파랑,파랑색,파랑
119,84,224,ko,연보라,연보라색,연보라
105,116,80,ko,카키,카키색,카키
51,203,192,ko,청록,청록색,청록
179,145,107,ko,연갈색,연갈색,연갈
227,50,226,ko,형광핑크,형광핑크색,형광핑크
169,186,191,ko,회색,회색,회
2,220,125,ko,에메랄드,에메랄드색,에메랄드
238,213,6,ko,노랑,노랑색,노랑
25,123,247,ko,파랑,파랑색,파랑
70,151,245,ko,연파랑,연파랑색,연파랑
64,117,18,ko,짙은 녹색,짙은 녹색,짙은녹
236,235,160,ko,연노랑,연노랑색,연노랑
102,223,252,ko,하늘,하늘색,하늘
164,163,228,ko,연보라,연보라색,연보라
247,141,182,ko,분홍,분홍색,분홍
224,100,56,ko,주황,주황색,주황
80,183,58,ko,초록,초록색,초록
17,50,157,ko,남색,남색,남
143,78,88,ko,물빠진 보라,물빠진 보라색,물빠진보라
38,9,32,ko,짙은 보라,짙은 보라색,짙은보라
131,248,185,ko,에메랄드,에메랄드색,에메랄드
130,86,134,ko,물빠진 보라,물빠진 보라색,물빠진보라
213,203,77,ko,겨자색,겨자색,겨자
86,11,80,ko,보라,보라색,보라
191,244,31,ko,연두,연두색,연두
65,186,117,ko,짙은 에메랄드,짙은 에메랄드색,짙은에메랄드
240,87,168,ko,핫핑크,핫핑크색,핫핑크
62,33,22,ko,짙은 카키,짙은 카키색,짙은카키
211,123,217,ko,연보라,연보라색,연보라
3,73,11,ko,짙은 녹색,짙은 녹색,짙은녹
127,119,25,ko,카키색,카키색,카키
248,149,79,ko,살구색,살구색,살구
228,83,242,ko,진달래색,진달래색,진달래
206,21,249,ko,보라색,보라색,보라
198,136,194,ko,라벤더,라벤더색,라벤더
142,61,149,ko,푸시아,푸시아색,푸시아
234,221,208,ko,아이보리,아이보리색,아이보리
67,231,58,ko,연녹색,연녹색,연녹
39,212,217,ko,청록색,청록색,청록
199,199,121,ko,올리브색,올리브색,올리브
82,114,208,ko,청색,청색,청
178,3,24,ko,빨강색,빨강색,빨강
231,161,78,ko,주황색,주황색,주황
149,204,94,ko,연두색,연두색,연두
36,164,88,ko,초록색,초록색,초록
103,88,26,ko,올리브,올리브색,올리브
138,162,153,ko,회청색,회청색,회청
47,39,52,ko,검정색,검정색,검정
191,173,63,ko,올리브,올리브색,올리브
220,93,24,ko,주황색,주황색,주황
228,66,162,ko,분홍색,분홍색,분홍
24,3,160,ko,사파이어,사파이어색,사파이어
119,13,199,ko,보라색,보라색,보라
1,95,124,ko,청록색,청록색,청록
128,57,66,ko,갈색,갈색,갈
167,167,221,ko,라벤더,라벤더색,라벤더
28,239,99,ko,연두,연두색,연두
205,154,177,ko,팥죽색,팥죽색,팥죽
167,7,167,ko,보라,보라색,보라
134,30,222,ko,남색,남색,남
253,231,88,ko,노랑,노랑색,노랑
119,119,164,ko,잿빛,잿빛색,잿빛
64,71,237,ko,파랑,파랑색,파랑
221,123,195,ko,분홍,분홍색,분홍
231,114,6,ko,주황,주황색,주황
226,255,249,ko,하늘,하늘색,하늘
80,195,76,ko,초록,초록색,초록
35,8,163,ko,파랑,파랑색,파랑
234,154,216,ko,분홍,분홍색,분홍
170,252,74,ko,밝은연두,밝은연두색,밝은연두
31,231,172,ko,에메랄드,에메랄드색,에메랄드
26,54,81,ko,남색,남색,남
197,218,102,ko,연녹,연녹색,연녹
65,119,100,ko,어두운녹색,어두운녹색,어두운녹
77,166,9,ko,진녹,진녹색,진녹
14,230,52,ko,연두,연두색,연두
28,60,174,ko,파랑,파랑색,파랑
156,120,146,ko,자주,자주색,자주
232,6,44,ko,빨강,빨강색,빨강
231,15,82,ko,핫핑크,핫핑크색,핫핑크
86,237,98,ko,형광초록,형광초록색,형광초록
138,226,59,ko,연두,연두색,연두
235,127,154,ko,선분홍,선분홍색,선분홍
87,19,107,ko,짙은 보라,짙은 보라색,짙은보라
188,129,31,ko,황토,황토색,황토
32,166,15,ko,초록,초록색,초록
218,115,251,ko,연보라,연보라색,연보라
183,205,69,ko,올리브,올리브색,올리브
159,48,254,ko,보라,보라색,보라
47,102,52,ko,짙은 초록,짙은 초록색,짙은초록
76,91,248,ko,연파랑,연파랑색,연파랑
14,0,114,ko,진청색,진청색,진청
121,6,158,ko,보라색,보라색,보라
13,202,150,ko,연두색,연두색,연두
163,146,107,ko,올리브,올리브색,올리브
219,252,167,ko,연두색,연두색,연두
229,159,124,ko,황토색,황토색,황토
226,10,90,ko,진홍색,진홍색,진홍
253,39,62,ko,다홍색,다홍색,다홍
138,190,137,ko,카키색,카키색,카키
159,216,200,ko,에메랄드,에메랄드색,에메랄드
249,25,190,ko,자주색,자주색,자주
3,162,218,ko,하늘색,하늘색,하늘
39,153,38,ko,샙그린,샙그린색,샙그린
168,74,60,ko,브라운,브라운색,브라운
1,43,35,ko,다크그린,다크그린색,다크그린
201,75,30,ko,번트엄버,번트엄버색,번트엄버
240,29,216,ko,핫핑크,핫핑크색,핫핑크
196,89,178,ko,톤 다운된 핑크,톤 다운된 핑크색,톤다운된핑크
221,215,80,ko,머스타드,머스타드색,머스타드
14,94,238,ko,파랑,파랑색,파랑
29,223,162,ko,에메랄드,에메랄드색,에메랄드
12,223,6,ko,라이트그린,라이트그린색,라이트그린
48,158,97,ko,짙은 초록,짙은 초록색,짙은초록
238,15,86,ko,다홍색,다홍색,다홍
231,135,75,ko,주황,주황색,주황
25,144,203,ko,연파랑,연파랑색,연파랑
145,82,11,ko,갈색,갈색,갈
180,167,115,ko,모래색,모래색,모래
41,97,61,ko,청록,청록색,청록
41,241,195,ko,형광연두,형광연두색,형광연두
106,209,219,ko,하늘색,하늘색,하늘
15,52,5,ko,짙은초록,짙은초록색,짙은초록
218,3,57,ko,빨강,빨강색,빨강
44,79,163,ko,남색,남색,남
99,8,142,ko,보라,보라색,보라
13,102,10,ko,초록,초록색,초록
120,37,115,ko,보라색,보라색,보라
244,156,18,ko,감귤색,감귤색,감귤
83,121,186,ko,파란색,파란색,파랑
218,108,62,ko,주황색,주황색,주황
204,98,114,ko,선홍색,선홍색,선홍
90,177,1,ko,초록색,초록색,초록
31,216,5,ko,연두색,연두색,연두
19,218,97,ko,초록색,초록색,초록
249,6,155,ko,분홍색,분홍색,분홍
84,179,144,ko,청록색,청록색,청록
175,167,194,ko,연분홍색,연분홍색,연분홍
41,14,254,ko,파란색,파란색,파랑
244,167,168,ko,분홍색,분홍색,분홍
62,57,185,ko,파란색,파란색,파랑
149,216,213,ko,하늘색,하늘색,하늘
0,126,31,ko,초록색,초록색,초록
180,115,74,ko,갈색,갈색,갈
203,167,73,ko,연갈색,연갈색,연갈
34,249,175,ko,연두색,연두색,연두
132,29,19,ko,자주색,자주색,자주
96,172,86,ko,초록색,초록색,초록
138,69,90,ko,선홍색,선홍색,선홍
96,77,10,ko,갈색,갈색,갈
183,22,5,ko,빨강색,빨강색,빨강
162,27,74,ko,진자주,진자주색,진자주
135,201,149,ko,에메랄드,에메랄드색,에메랄드
171,34,126,ko,진분홍,진분홍색,진분홍
215,173,18,ko,황녹,황녹색,황녹
242,122,111,ko,코랄,코랄색,코랄
137,183,247,ko,소라,소라색,소라
158,51,173,ko,보라,보라색,보라
1,163,199,ko,터쿠이즈,터쿠이즈색,터쿠이즈
238,115,0,ko,주황,주황색,주황
1,150,79,ko,초록,초록색,초록
242,180,177,ko,연분홍,연분홍색,연분홍
44,244,253,ko,하늘,하늘색,하늘
111,124,115,ko,회색,회색,회
111,63,230,ko,파랑색,파랑색,파랑
191,39,158,ko,보라색,보라색,보라
7,156,246,ko,하늘색,하늘색,하늘
27,254,223,ko,연두색,연두색,연두
19,5,159,ko,파랑색,파랑색,파랑
173,81,197,ko,보라색,보라색,보라
42,89,119,ko,청록색,청록색,청록
78,75,151,ko,남색,남색,남
146,253,8,ko,연두색,연두색,연두
119,139,254,ko,파란색,파란색,파랑
203,132,164,ko,분홍색,분홍색,분홍
201,207,196,ko,회색,회색,회
236,24,178,ko,진분홍,진분홍색,진분홍
180,106,35,ko,갈색,갈색,갈
229,27,126,ko,분홍,분홍색,분홍
248,16,248,ko,보라,보라색,보라
254,7,0,ko,빨강,빨강색,빨강
130,14,237,ko,보라,보라색,보라
239,111,241,ko,분홍,분홍색,분홍
165,132,45,ko,올리브,올리브색,올리브
66,39,117,ko,군청,군청색,군청
87,69,242,ko,파랑,파랑색,파랑
37,90,45,ko,진초록,진초록색,진초록
112,186,198,ko,칙칙한 하늘색,칙칙한 하늘색,칙칙한하늘
88,68,185,ko,남보라,남보라색,남보라
136,130,78,ko,올리브,올리브색,올리브
147,174,4,ko,그린옐로,그린옐로색,그린옐로
134,40,169,ko,보라,보라색,보라
99,90,86,ko,회갈색,회갈색,회갈
51,9,146,ko,곤색,곤색,곤
163,189,115,ko,녹차,녹차색,녹차
141,10,124,ko,자주,자주색,자주
80,129,140,ko,어두운 청록,어두운 청록색,어두운청록
225,179,113,ko,모래,모래색,모래
189,242,34,ko,연두,연두색,연두
23,56,105,ko,짙은남색,짙은남색,짙은남
125,128,39,ko,진연두,진연두색,진연두
153,30,24,ko,붉은갈색,붉은갈색,붉은갈
106,70,87,ko,팥죽색,팥죽색,팥죽
234,212,188,ko,아이보리,아이보리색,아이보리
148,145,158,ko,회색,회색,회
78,122,124,ko,청록,청록색,청록
38,154,178,ko,남청,남청색,남청
119,152,119,ko,연한초록,연한초록색,연초록
145,161,20,ko,연두,연두색,연두
127,10,66,ko,검붉은색,검붉은색,검붉은
187,23,5,ko,진한주황,진한주황색,진주황
241,4,21,ko,진홍,진홍색,진홍
50,221,220,ko,터키,터키색,터키
98,106,180,ko,탁한 남보라,탁한 남보라색,탁한남보라
170,240,206,ko,민트,민트색,민트
37,39,249,ko,울트라마린,울트라마린색,울트라마린
99,235,122,ko,짙은 연두,짙은 연두색,짙은연두
56,10,28,ko,암갈색,암갈색,암갈
240,129,179,ko,다홍 분홍,다홍 분홍색,다홍분홍
40,7,76,ko,어두운 남색,어두운 남색,어두운남
185,7,105,ko,장미,장미색,장미
155,55,107,ko,와인,와인색,와인
22,185,232,ko,짙은 하늘,짙은 하늘색,짙은하늘
40,65,104,ko,남색,남색,남
240,238,118,ko,겨자색,겨자색,겨자
42,107,39,ko,초록색,초록색,초록
34,176,218,ko,하늘색,하늘색,하늘
246,74,158,ko,핑크색,핑크색,핑크
160,5,152,ko,보라색,보라색,보라
154,147,127,ko,회색,회색,회
159,157,61,ko,올리브색,올리브색,올리브
128,184,49,ko,연두색,연두색,연두
57,78,70,ko,연탄색,연탄색,연탄
250,242,8,ko,노란색,노란색,노랑
212,17,38,ko,빨간색,빨간색,빨강
3,191,197,ko,청록색,청록색,청록
157,150,194,ko,연보라색,연보라색,연보라
14,11,10,ko,검정색,검정색,검정
186,64,22,ko,단풍색,단풍색,단풍
122,181,100,ko,풀색,풀색,풀
4,239,17,ko,형광초록색,형광초록색,형광초록
135,66,219,ko,보라색,보라색,보라
237,151,21,ko,황토색,황토색,황토
254,42,95,ko,마젠타색,마젠타색,마젠타
168,69,97,ko,자주색,자주색,자주
169,255,109,ko,형광연두색,형광연두색,형광연두
198,241,4,ko,연두색,연두색,연두
25,189,149,ko,청록색,청록색,청록
83,173,230,ko,하늘색,하늘색,하늘
58,18,168,ko,남색,남색,남
251,26,182,ko,분홍색,분홍색,분홍
106,22,230,ko,보라색,보라색,보라
112,74,230,ko,연보라색,연보라색,연보라
118,52,7,ko,갈색,갈색,갈
90,229,121,ko,연두색,연두색,연두
17,200,51,ko,녹색,녹색,녹
135,204,192,ko,청록색,청록색,청록
250,160,36,ko,주황색,주황색,주황
248,178,134,ko,피부색,피부색,피부
59,147,213,ko,바다색,바다색,바다
147,190,160,ko,회녹색,회녹색,회녹
248,166,93,ko,황갈색,황갈색,황갈
140,231,248,ko,비취색,비취색,비취
71,34,245,ko,코발트블루,코발트블루색,코발트블루
246,16,219,ko,마젠타색,마젠타색,마젠타
81,217,160,ko,옥색,옥색,옥
10,29,196,ko,남색,남색,남
91,42,130,ko,보라색,보라색,보라
233,139,173,ko,인디핑크,인디핑크색,인디핑크
183,96,212,ko,보라색,보라색,보라
236,116,211,ko,분홍색,분홍색,분홍
12,156,49,ko,초록색,초록색,초록
156,238,43,ko,연두색,연두색,연두
156,103,90,ko,갈색,갈색,갈
112,114,250,ko,연보라색,연보라색,연보라
153,122,54,ko,황토색,황토색,황토
111,2,55,ko,자주색,자주색,자주
177,99,133,ko,분홍색,분홍색,분홍
246,30,85,ko,핑크색,핑크색,핑크
184,24,188,ko,보라색,보라색,보라
242,142,198,ko,연분홍색,연분홍색,연분홍
236,79,152,ko,분홍색,분홍색,분홍
252,94,8,ko,주황색,주황색,주황
249,240,16,ko,노랑색,노랑색,노랑
202,144,78,ko,황토색,황토색,황토
119,204,85,ko,연두색,연두색,연두
177,175,169,ko,회색,회색,회
245,51,67,ko,다홍색,다홍색,다홍
231,40,124,ko,자주색,자주색,자주
45,93,12,ko,진녹색,진녹색,진녹
46,82,174,ko,진청색,진청색,진청
155,70,157,ko,진보라색,진보라색,진보라
61,176,163,ko,청록색,청록색,청록
102,126,249,ko,연청색,연청색,연청
177,27,199,ko,보라색,보라색,보라
78,212,171,ko,청록색,청록색,청록
46,215,241,ko,하늘색,하늘색,하늘
240,71,1,ko,진주황색,진주황색,진주황
62,15,207,ko,청색,청색,청
107,77,129,ko,진보라색,진보라색,진보라
39,188,34,ko,진연두색,진연두색,진연두
247,130,171,ko,분홍색,분홍색,분홍
35,7,38,ko,검정색,검정색,검정
246,207,185,ko,살구색,살구색,살구
55,236,19,ko,연두색,연두색,연두
143,137,210,ko,연보라색,연보라색,연보라
33,107,147,ko,남색,남색,남
115,79,82,ko,갈색,갈색,갈
178,192,31,ko,녹두색,녹두색,녹두
240,112,90,ko,다홍색,다홍색,다홍
15,168,250,ko,하늘색,하늘색,하늘
197,184,226,ko,연보라색,연보라색,연보라
170,1,58,ko,진홍색,진홍색,진홍
8,121,18,ko,진녹색,진녹색,진녹
95,38,147,ko,진보라색,진보라색,진보라
255,23,233,ko,진분홍색,진분홍색,진분홍
50,11,16,ko,검정색,검정색,검정
105,23,67,ko,진보라색,진보라색,진보라
110,49,30,ko,갈색,갈색,갈
22,88,163,ko,파란색,파란색,파랑
36,169,190,ko,청록색,청록색,청록
160,59,126,ko,분홍색,분홍색,분홍
74,11,99,ko,보라색,보라색,보라
51,131,230,ko,파란색,파란색,파랑
86,247,60,ko,녹색,녹색,녹
217,243,179,ko,연녹색,연녹색,연녹
223,199,124,ko,베이지색,베이지색,베이지
203,65,79,ko,다홍색,다홍색,다홍
183,73,16,ko,갈색,갈색,갈
94,42,52,ko,고동색,고동색,고동
71,129,46,ko,녹색,녹색,녹
122,113,46,ko,카키색,카키색,카키
210,34,157,ko,핫핑크,핫핑크색,핫핑크
165,204,112,ko,연두색,연두색,연두
35,77,4,ko,진녹색,진녹색,진녹
101,15,139,ko,보라색,보라색,보라
193,170,18,ko,황금색,황금색,황금
157,182,24,ko,연두색,연두색,연두
188,82,191,ko,자주색,자주색,자주
45,148,117,ko,청록색,청록색,청록
149,15,64,ko,마젠타,마젠타색,마젠타
54,62,165,ko,군청색,군청색,군청
192,192,152,ko,회녹색,회녹색,회녹
16,177,103,ko,초록,초록색,초록
160,233,17,ko,연두,연두색,연두
239,30,208,ko,핑크,핑크색,핑크
143,168,192,ko,청록,청록색,청록
144,108,217,ko,보라,보라색,보라
79,197,239,ko,하늘,하늘색,하늘
71,120,196,ko,파랑,파랑색,파랑
88,215,72,ko,녹색,녹색,녹
241,227,8,ko,노랑색,노랑색,노랑
198,157,172,ko,회분홍,회분홍색,회분홍
85,14,201,ko,진보라,진보라색,진보라
141,8,247,ko,보라,보라색,보라
111,121,216,ko,군청색,군청색,군청
186,245,18,ko,연두색,연두색,연두
10,152,19,ko,녹색,녹색,녹
220,142,246,ko,분홍색,분홍색,분홍
118,103,235,ko,연보라색,연보라색,연보라
6,160,78,ko,녹색,녹색,녹
48,231,129,ko,형광녹색,형광녹색,형광녹
26,81,252,ko,파랑색,파랑색,파랑
0,1,117,ko,남색,남색,남
46,115,7,ko,풀색,풀색,풀
194,42,41,ko,빨강색,빨강색,빨강
38,163,180,ko,청록색,청록색,청록
227,242,245,ko,물색,물색,물
42,229,169,ko,형광녹색,형광녹색,형광녹
224,106,16,ko,주황색,주황색,주황
213,4,233,ko,핫핑크,핫핑크색,핫핑크
196,246,120,ko,연두색,연두색,연두
9,216,13,ko,형광녹색,형광녹색,형광녹
95,156,223,ko,파란색,파란색,파랑
84,26,254,ko,파랑색,파랑색,파랑
119,66,231,ko,보라색,보라색,보라
125,77,44,ko,갈색,갈색,갈
1,178,23,ko,녹색,녹색,녹
231,185,178,ko,연분홍,연분홍색,연분홍
55,4,132,ko,진보라,진보라색,진보라
187,187,224,ko,연보라,연보라색,연보라
10,186,200,ko,옥색,옥색,옥
141,104,199,ko,보라,보라색,보라
24,237,167,ko,형광초록,형광초록색,형광초록
203,108,88,ko,연갈색,연갈색,연갈
225,132,161,ko,진분홍,진분홍색,진분홍
151,127,5,ko,갈색,갈색,갈
146,128,175,ko,보라,보라색,보라
62,129,63,ko,진녹새,진녹새색,진녹새
248,40,167,ko,핫핑크,핫핑크색,핫핑크
14,248,100,ko,형광초록,형광초록색,형광초록
144,164,59,ko,국방색,국방색,국방
52,226,200,ko,옥색,옥색,옥
117,212,252,ko,연하늘,연하늘색,연하늘
117,159,114,ko,녹색,녹색,녹
189,63,184,ko,진보라,진보라색,진보라
238,190,95,ko,주황,주황색,주황
18,21,69,ko,검정,검정색,검정
52,116,88,ko,진옥색,진옥색,진옥
183,44,52,ko,적갈색,적갈색,적갈
204,26,215,ko,분홍,분홍색,분홍
254,14,35,ko,인주색,인주색,인주
133,13,54,ko,갈색,갈색,갈
98,177,67,ko,녹색,녹색,녹
103,27,19,ko,진갈색,진갈색,진갈
252,224,10,ko,개나리색,개나리색,개나리
215,123,55,ko,감색,감색,감
148,232,17,ko,연녹,연녹색,연녹
49,45,138,ko,청색,청색,청
180,255,223,ko,연옥색,연옥색,연옥
251,227,120,ko,유자색,유자색,유자
138,0,169,ko,보라색,보라색,보라
190,171,46,ko,금색,금색,금
29,246,81,ko,형광 연두색,형광 연두색,형광연두
101,193,172,ko,에메랄드색,에메랄드색,에메랄드
239,234,11,ko,노란색,노란색,노랑
132,78,3,ko,갈색,갈색,갈
204,11,23,ko,빨간색,빨간색,빨강
230,158,240,ko,핑크색,핑크색,핑크
18,10,171,ko,남색,남색,남
11,142,32,ko,초록색,초록색,초록
152,58,246,ko,밝은 보라색,밝은 보라색,밝은보라
248,191,181,ko,살구색,살구색,살구
205,121,137,ko,분홍색,분홍색,분홍
54,87,105,ko,곤색,곤색,곤
0,219,103,ko,초록색,초록색,초록
252,112,156,ko,분홍색,분홍색,분홍
35,231,201,ko,에메랄드색,에메랄드색,에메랄드
61,133,237,ko,파랑색,파랑색,파랑
102,13,126,ko,보라색,보라색,보라
125,82,143,ko,연보라색,연보라색,연보라
152,226,103,ko,녹색,녹색,녹
168,45,135,ko,자주색,자주색,자주
228,11,111,ko,핫핑크색,핫핑크색,핫핑크
216,94,48,ko,갈색,갈색,갈
207,28,232,ko,형광보라색,형광보라색,형광보라
99,203,240,ko,하늘색,하늘색,하늘
67,147,83,ko,초록색,초록색,초록
59,30,230,ko,파란색,파란색,파랑
40,38,106,ko,남색,남색,남
82,206,7,ko,진연두색,진연두색,진연두
124,6,77,ko,자주색,자주색,자주
47,210,144,ko,에메랄드색,에메랄드색,에메랄드
125,81,64,ko,갈색,갈색,갈
245,6,155,ko,핫핑크색,핫핑크색,핫핑크
88,90,44,ko,국방색,국방색,국방
75,26,59,ko,어두운 자주색,어두운 자주색,어두운자주
183,101,194,ko,연보라,연보라색,연보라
116,20,60,ko,자홍,자홍색,자홍
228,187,132,ko,베이지,베이지색,베이지
25,6,244,ko,파랑,파랑색,파랑
52,17,199,ko,남보라,남보라색,남보라
214,175,77,ko,황토색,황토색,황토
230,151,169,ko,연분홍,연분홍색,연분홍
0,160,25,ko,녹색,녹색,녹
17,92,158,ko,청회색,청회색,청회
63,155,237,ko,하늘색,하늘색,하늘
157,213,30,ko,연두,연두색,연두
54,224,9,ko,밝은 연두,밝은 연두색,밝은연두
233,153,20,ko,귤색,귤색,귤
170,75,40,ko,갈색,갈색,갈
130,24,140,ko,보라,보라색,보라
16,216,100,ko,에메랄드,에메랄드색,에메랄드
215,6,100,ko,자홍,자홍색,자홍
145,211,108,ko,연한풀색,연한풀색,연풀
99,114,75,ko,쑥색,쑥색,쑥
224,211,75,ko,노랑연두,노랑연두색,노랑연두
160,145,144,ko,회색,회색,회
253,104,225,ko,분홍,분홍색,분홍
207,42,155,ko,자주,자주색,자주
16,202,200,ko,에베랄드,에베랄드색,에베랄드
3,143,89,ko,녹색,녹색,녹
82,97,193,ko,연한 남보라,연한 남보라색,연남보라
171,248,250,ko,밝은하늘색,밝은하늘색,밝은하늘
137,88,78,ko,연한 갈색,연한 갈색,연갈
226,237,157,ko,노량연두,노량연두색,노량연두
185,195,223,ko,푸른회색,푸른회색,푸른회
164,105,41,ko,짙은황토,짙은황토색,짙은황토
201,12,201,ko,밝은보라,밝은보라색,밝은보라
29,153,191,ko,청록,청록색,청록
160,67,223,ko,보라,보라색,보라
14,47,6,ko,진녹색,진녹색,진녹
179,58,68,ko,빨강,빨강색,빨강
100,230,1,ko,연두,연두색,연두
6,248,94,ko,청연두,청연두색,청연두
170,203,42,ko,노란연두,노란연두색,노랑연두
197,29,159,ko,자주,자주색,자주
242,38,239,ko,핑크,핑크색,핑크
12,171,117,ko,청록,청록색,청록
212,163,203,ko,인디핑크,인디핑크색,인디핑크
77,98,0,ko,국방색,국방색,국방
248,30,102,ko,핫핑크,핫핑크색,핫핑크
42,59,243,ko,파랑,파랑색,파랑
139,88,173,ko,라벤더,라벤더색,라벤더
102,242,235,ko,하늘색,하늘색,하늘
111,203,158,ko,옥색,옥색,옥
154,229,76,ko,풀색,풀색,풀
235,248,216,ko,연두색,연두색,연두
84,248,11,ko,녹색,녹색,녹
198,177,183,ko,회색,회색,회
105,153,202,ko,청회색,청회색,청회
90,189,199,ko,청록색,청록색,청록
19,85,120,ko,담청색,담청색,담청
65,174,54,ko,진녹색,진녹색,진녹
8,1,124,ko,진청색,진청색,진청
231,215,103,ko,겨자색,겨자색,겨자
13,239,238,ko,연두하늘,연두하늘색,연두하늘
218,206,159,ko,베이지,베이지색,베이지
71,220,251,ko,하늘,하늘색,하늘
244,149,239,ko,핑크,핑크색,핑크
145,156,161,ko,회색,회색,회
59,165,154,ko,청녹,청녹색,청록
83,7,156,ko,보라,보라색,보라
215,62,124,ko,핫핑크,핫핑크색,핫핑크
103,138,97,ko,녹색,녹색,녹
234,146,71,ko,주황,주황색,주황
213,186,186,ko,연핑크,연핑크색,연핑크
18,121,253,ko,파랑,파랑색,파랑
231,83,64,ko,빨강,빨강색,빨강
27,69,9,ko,진녹,진녹색,진녹
25,137,26,ko,녹색,녹색,녹
38,136,193,ko,흐린파랑,흐린파랑색,흐린파랑
99,3,116,ko,보라,보라색,보라
243,229,17,ko,노랑,노랑색,노랑
154,240,156,ko,형광연두,형광연두색,형광연두
92,226,108,ko,연두,연두색,연두
197,240,251,ko,옅은하늘,옅은하늘색,옅은하늘
160,189,238,ko,회색하늘,회색하늘색,회색하늘
244,141,250,ko,연보라색,연보라색,연보라
26,93,42,ko,진녹색,진녹색,진녹
94,78,221,ko,바이올렛색,바이올렛색,바이올렛
220,23,156,ko,자주색,자주색,자주
132,31,174,ko,진보라색,진보라색,진보라
170,9,215,ko,보라색,보라색,보라
123,133,215,ko,청회색,청회색,청회
229,6,116,ko,핫핑크,핫핑크색,핫핑크
166,199,4,ko,연녹색,연녹색,연녹
62,96,0,ko,카키색,카키색,카키
45,102,209,ko,파란색,파란색,파랑
236,160,58,ko,금색,금색,금
87,226,52,ko,연두색,연두색,연두
58,84,159,ko,페이스북 로고 색,페이스북 로고 색,페이스북로고
238,223,55,ko,겨자색,겨자색,겨자
71,119,85,ko,짙은 풀색,짙은 풀색,짙은풀
157,25,184,ko,보라색,보라색,보라
164,28,237,ko,형광 보라색,형광 보라색,형광보라
21,91,252,ko,파란색,파란색,파랑
145,204,148,ko,밝은 청록색,밝은 청록색,밝은청록
246,108,204,ko,핑크색,핑크색,핑크
207,85,118,ko,짙은 복숭아색,짙은 복숭아색,짙은복숭아
197,153,246,ko,연보라색,연보라색,연보라
13,180,45,ko,초록,초록색,초록
115,11,91,ko,자주,자주색,자주
35,27,160,ko,청,청색,청
43,110,7,ko,올리브,올리브색,올리브
185,219,24,ko,연두,연두색,연두
1,78,253,ko,짙은 파랑,짙은 파랑색,짙은파랑
233,195,5,ko,겨자,겨자색,겨자
107,113,113,ko,회색,회색,회
200,127,179,ko,인디핑크,인디핑크색,인디핑크
141,9,231,ko,짙은 보라,짙은 보라색,짙은보라
103,234,191,ko,민트,민트색,민트
30,173,243,ko,진한 하늘,진한 하늘색,진하늘
224,143,160,ko,담홍색,담홍색,담홍
156,15,6,ko,진한 빨간색,진한 빨간색,진빨강
89,52,140,ko,진한 보라색,진한 보라색,진보라
32,172,100,ko,초록색,초록색,초록
0,53,117,ko,진청색,진청색,진청
16,30,201,ko,청색,청색,청
70,121,112,ko,탁한 초록색,탁한 초록색,탁한초록
225,236,2,ko,탁한 노란색,탁한 노란색,탁한노랑
168,222,209,ko,탁한 하늘색,탁한 하늘색,탁한하늘
182,83,186,ko,연보라색,연보라색,연보라
108,162,82,ko,풀색,풀색,풀
218,24,35,ko,빨간색,빨간색,빨강
168,218,86,ko,초록1,초록1색,초록1
137,165,157,ko,초록2,초록2색,초록2
14,121,7,ko,초록3,초록3색,초록3
208,181,208,ko,보라,보라색,보라
119,201,210,ko,하늘색,하늘색,하늘
6,219,132,ko,초록4,초록4색,초록4
214,7,92,ko,빨강,빨강색,빨강
60,49,234,ko,파랑,파랑색,파랑
239,21,156,ko,핑크,핑크색,핑크
241,54,208,ko,삥끄,삥끄색,삥끄
59,225,90,ko,쪼록,쪼록색,쪼록
165,122,191,ko,뽀라,뽀라색,뽀라
216,100,225,ko,진한삥끄,진한삥끄색,진삥끄
49,47,126,ko,네이비,네이비색,네이비
13,94,234,ko,파랑,파랑색,파랑
90,181,137,ko,샤이니,샤이니색,샤이니
39,55,92,ko,곤색,곤색,곤
117,227,27,ko,풀,풀색,풀
102,254,191,ko,샤이니,샤이니색,샤이니
248,240,166,ko,누렁이,누렁이색,누렁이
13,24,150,ko,파란거,파란거색,파랑거
139,124,130,ko,쥐,쥐색,쥐
156,4,94,ko,자주,자주색,자주
246,46,12,ko,주황,주황색,주황
117,90,218,ko,밝은 보라색,밝은 보라색,밝은보라
114,28,119,ko,짙,짙색,짙
185,213,211,ko,소라색,소라색,소라
237,219,243,ko,아주 연한 보라색,아주 연한 보라색,아주연보라
233,21,24,ko,빨간색,빨간색,빨강
191,5,147,ko,핑크 보라색,핑크 보라색,핑크보라
119,250,151,ko,샤이니색,샤이니색,샤이니
208,245,60,ko,연두색,연두색,연두
18,253,250,ko,싸이언,싸이언색,싸이언
103,175,22,ko,풀잎색,풀잎색,풀잎
47,30,91,ko,남보라,남보라색,남보라
74,197,127,ko,짙은 민트색,짙은 민트색,짙은민트
226,106,167,ko,삥끄,삥끄색,삥끄
115,164,68,ko,풀,풀색,풀
190,163,127,ko,엥,엥색,엥
125,133,30,ko,풀,풀색,풀
108,77,3,ko,갈색,갈색,갈
63,116,142,ko,다크파랑,다크파랑색,다크파랑
168,109,145,ko,삥끄그그그,삥끄그그그색,삥끄그그그
194,11,207,ko,핑끄,핑끄색,핑끄
194,99,93,ko,피똥색,피똥색,피똥
154,45,28,ko,빨강,빨강색,빨강
194,193,30,ko,똥색,똥색,똥
176,70,69,ko,적색,적색,적
113,184,196,ko,짙은 하늘,짙은 하늘색,짙은하늘
182,142,1,ko,황토,황토색,황토
223,156,175,ko,연한 분홍,연한 분홍색,연분홍
165,11,87,ko,자주,자주색,자주
3,250,108,ko,형광연두,형광연두색,형광연두
142,159,241,ko,연한 남색,연한 남색,연남
27,19,81,ko,남색,남색,남
237,190,120,ko,어두운 개나리,어두운 개나리색,어두운개나리
125,20,160,ko,짙은 보라,짙은 보라색,짙은보라
9,248,52,ko,형광 연두,형광 연두색,형광연두
174,217,139,ko,옅은 초록,옅은 초록색,옅은초록
35,220,58,ko,초록색,초록색,초록
144,93,255,ko,남색,남색,남
142,49,129,ko,자주색,자주색,자주
95,161,178,ko,청록색,청록색,청록
91,47,134,ko,보라색,보라색,보라
194,179,212,ko,연보라색,연보라색,연보라
2,62,231,ko,파란색,파란색,파랑
177,224,162,ko,비취색,비취색,비취
24,2,45,ko,검은색,검은색,검정
172,219,27,ko,연두색,연두색,연두
117,24,20,ko,갈색,갈색,갈
1,151,129,ko,청록색,청록색,청록
56,104,130,ko,짙은 청록,짙은 청록색,짙은청록
249,120,27,ko,주황,주황색,주황
174,163,74,ko,옅은 올리브,옅은 올리브색,옅은올리브
148,229,218,ko,진한 민트,진한 민트색,진민트
119,196,44,ko,짙은 연두,짙은 연두색,짙은연두
143,109,52,ko,짙은 황토,짙은 황토색,짙은황토
170,86,172,ko,보라,보라색,보라
35,165,133,ko,밝은 초록,밝은 초록색,밝은초록
14,207,121,ko,옅은 초록,옅은 초록색,옅은초록
178,27,205,ko,밝은 보라,밝은 보라색,밝은보라
185,183,232,ko,옅은 보라,옅은 보라색,옅은보라
107,63,165,ko,진한 보라,진한 보라색,진보라
165,85,168,ko,보라색,보라색,보라
122,148,212,ko,짙은 하늘색,짙은 하늘색,짙은하늘
37,155,180,ko,청록색,청록색,청록
222,2,129,ko,핫핑크,핫핑크색,핫핑크
26,179,64,ko,밝은 초록,밝은 초록색,밝은초록
252,67,114,ko,짙은 복숭아,짙은 복숭아색,짙은복숭아
160,23,10,ko,갈색,갈색,갈
157,144,85,ko,짙은 베이지 + 풀색,짙은 베이지 + 풀색,짙은베이지+풀
189,205,91,ko,어두운 연두색,어두운 연두색,어두운연두
249,104,78,ko,밝은 주황,밝은 주황색,밝은주황
90,35,5,ko,고동색,고동색,고동
94,120,20,ko,풀잎색,풀잎색,풀잎
8,107,217,ko,파란색,파란색,파랑
193,3,215,ko,자주색,자주색,자주
226,242,242,ko,연한하늘색,연한하늘색,연하늘
2,144,218,ko,하늘색,하늘색,하늘
28,83,3,ko,진녹색,진녹색,진녹
149,117,201,ko,연보라색,연보라색,연보라
151,38,184,ko,보라색,보라색,보라
203,13,171,ko,핑크색,핑크색,핑크
43,28,6,ko,검은색,검은색,검정
125,5,77,ko,갈색,갈색,갈
208,196,139,ko,금색,금색,금
92,212,169,ko,에메랄드색,에메랄드색,에메랄드
186,26,39,ko,빨간색,빨간색,빨강
9,141,66,ko,초록색,초록색,초록
230,33,85,ko,빨간색,빨간색,빨강
102,26,241,ko,남색,남색,남
204,90,69,ko,고동색,고동색,고동
60,137,12,ko,진녹색,진녹색,진녹
60,250,175,ko,에메랄드색,에메랄드색,에메랄드
254,16,3,ko,빨간색,빨간색,빨강
209,199,34,ko,금색,금색,금
61,225,220,ko,하늘색,하늘색,하늘
119,143,75,ko,진녹색,진녹색,진녹
198,116,136,ko,핑크색,핑크색,핑크
138,181,54,ko,올리브색,올리브색,올리브
112,18,236,ko,형광보라색,형광보라색,형광보라
182,52,209,ko,보라색,보라색,보라
54,192,121,ko,녹색,녹색,녹
196,16,149,ko,자주색,자주색,자주
55,25,0,ko,적갈색,적갈색,적갈
200,154,209,ko,연보라색,연보라색,연보라
11,223,47,ko,연녹색,연녹색,연녹
38,247,187,ko,중봄녹색,중봄녹색,중봄녹
220,76,10,ko,갈색,갈색,갈
223,18,242,ko,마젠타,마젠타색,마젠타
6,163,234,ko,하늘색,하늘색,하늘
202,236,74,ko,라임색,라임색,라임
19,129,153,ko,청록색,청록색,청록
120,120,254,ko,바이올렛,바이올렛색,바이올렛
201,195,196,ko,회색,회색,회
149,145,216,ko,연보라색,연보라색,연보라
59,211,184,ko,시안색,시안색,시안
230,49,7,ko,다홍색,다홍색,다홍
133,62,24,ko,갈색,갈색,갈
37,191,40,ko,녹색,녹색,녹
64,159,153,ko,청회색,청회색,청회
102,16,109,ko,자주색,자주색,자주
108,20,73,ko,진한보라색,진한보라색,진보라
52,67,148,ko,남색,남색,남
164,248,129,ko,밝은녹색,밝은녹색,밝은녹
244,150,15,ko,주황색,주황색,주황
77,190,56,ko,녹색,녹색,녹
183,151,65,ko,연한갈색,연한갈색,연갈
246,148,220,ko,분홍색,분홍색,분홍
160,50,47,ko,붉은갈색,붉은갈색,붉은갈
173,215,217,ko,하늘색,하늘색,하늘
68,142,217,ko,파랑색,파랑색,파랑
253,241,137,ko,연노랑색,연노랑색,연노랑
139,196,129,ko,짙은녹색,짙은녹색,짙은녹
107,253,37,ko,연녹색,연녹색,연녹
21,125,87,ko,청녹색,청녹색,청록
224,197,76,ko,노란갈색,노란갈색,노랑갈
148,19,1,ko,적갈색,적갈색,적갈
159,10,235,ko,밝은보라,밝은보라색,밝은보라
40,58,42,ko,짙은녹색,짙은녹색,짙은녹
19,71,11,ko,풀색,풀색,풀
83,185,83,ko,연녹색,연녹색,연녹
144,69,99,ko,연자주,연자주색,연자주
2,201,135,ko,시안색,시안색,시안
106,5,45,ko,붉은자주,붉은자주색,붉은자주
50,64,185,ko,군청색,군청색,군청
110,93,80,ko,적갈색,적갈색,적갈
29,247,132,ko,형광녹색,형광녹색,형광녹
227,201,54,ko,노란색,노란색,노랑
167,92,33,ko,갈색,갈색,갈
218,176,164,ko,분홍색,분홍색,분홍
4,46,56,ko,검은색,검은색,검정
10,7,179,ko,진한파랑색,진한파랑색,진파랑
26,255,7,ko,녹색,녹색,녹
31,125,238,ko,파랑색,파랑색,파랑
61,193,229,ko,하늘색,하늘색,하늘
12,225,222,ko,시안,시안색,시안
206,220,17,ko,올리브색,올리브색,올리브
93,4,162,ko,보라색,보라색,보라
78,61,132,ko,푸른보라,푸른보라색,푸른보라
9,19,188,ko,파란색,파란색,파랑
214,101,56,ko,주황갈색,주황갈색,주황갈
95,92,127,ko,자회색,자회색,자회
254,54,179,ko,핑크,핑크색,핑크
232,6,198,ko,자주색,자주색,자주
159,130,40,ko,금색,금색,금
45,7,2,ko,짙은갈색,짙은갈색,짙은갈
65,199,232,ko,하늘색,하늘색,하늘
246,18,130,ko,핫핑크,핫핑크색,핫핑크
2,89,83,ko,청록색,청록색,청록
60,65,112,ko,보라색,보라색,보라
233,204,117,ko,노랑색,노랑색,노랑
119,48,227,ko,파랑색,파랑색,파랑
211,120,107,ko,초록색,초록색,초록
6,6,160,ko,남색,남색,남
164,155,245,ko,마젠타,마젠타색,마젠타
11,252,205,ko,베이지색,베이지색,베이지
92,126,167,ko,마젠타,마젠타색,마젠타
239,23,133,ko,핑크색,핑크색,핑크
173,101,240,ko,파란색,파란색,파랑
200,191,54,ko,노란색,노란색,노랑
212,170,164,ko,베이지색,베이지색,베이지
100,64,24,ko,고동색,고동색,고동
154,2,237,ko,보라,보라색,보라
106,36,199,ko,남보라,남보라색,남보라
9,163,254,ko,하늘,하늘색,하늘
158,227,180,ko,파스텔녹색,파스텔녹색,파스텔녹
218,219,109,ko,겨자녹색,겨자녹색,겨자녹
62,53,138,ko,군청,군청색,군청
44,227,5,ko,형광녹색,형광녹색,형광녹
128,202,195,ko,옥색,옥색,옥
214,183,52,ko,겨자색,겨자색,겨자
7,162,20,ko,초록색,초록색,초록
55,254,247,ko,형광하늘색,형광하늘색,형광하늘
157,157,66,ko,쑥색,쑥색,쑥
61,158,7,ko,연두색,연두색,연두
42,93,15,ko,고동색,고동색,고동
43,56,151,ko,진파랑,진파랑색,진파랑
208,9,163,ko,마젠타,마젠타색,마젠타
39,23,58,ko,남색,남색,남
6,118,217,ko,파란색,파란색,파랑
99,253,254,ko,하늘색,하늘색,하늘
13,168,251,ko,사이언,사이언색,사이언
115,59,54,ko,초록색,초록색,초록
200,92,60,ko,갈색,갈색,갈
215,35,38,ko,빨강,빨강색,빨강
62,175,121,ko,초록,초록색,초록
235,238,188,ko,옅은 연두색,옅은 연두색,옅은연두
149,228,120,ko,연두색,연두색,연두
85,9,28,ko,적색,적색,적
154,58,105,ko,와인,와인색,와인
12,24,254,ko,군청,군청색,군청
175,130,32,ko,황토,황토색,황토
6,93,123,ko,남색,남색,남
236,196,196,ko,인디안핑크,인디안핑크색,인디안핑크
245,105,146,ko,분홍,분홍색,분홍
122,76,184,ko,보라색,보라색,보라
130,18,112,ko,자주색,자주색,자주
217,152,26,ko,귤색,귤색,귤
237,84,16,ko,주황색,주황색,주황
105,153,2,ko,초록색,초록색,초록
145,122,79,ko,갈색,갈색,갈
180,111,31,ko,황토색,황토색,황토
26,5,157,ko,파랑색,파랑색,파랑
207,239,222,ko,민트색,민트색,민트
206,50,135,ko,핑크색,핑크색,핑크
189,182,31,ko,겨자색,겨자색,겨자
198,175,100,ko,베이지색,베이지색,베이지
172,23,254,ko,보라색,보라색,보라
251,214,165,ko,연주황색,연주황색,연주황
122,68,164,ko,진보라색,진보라색,진보라
159,189,112,ko,풀색,풀색,풀
223,19,226,ko,보라색,보라색,보라
18,31,96,ko,남색,남색,남
33,138,252,ko,하늘색,하늘색,하늘
75,214,166,ko,초록색,초록색,초록
38,117,154,ko,청록색,청록색,청록
230,220,27,ko,노란색,노란색,노랑
178,10,107,ko,자주색,자주색,자주
190,114,35,ko,황토색,황토색,황토
249,248,23,ko,레몬,레몬색,레몬
211,205,89,ko,커스터드,커스터드색,커스터드
241,82,77,ko,코랄,코랄색,코랄
195,120,248,ko,연보라,연보라색,연보라
110,205,18,ko,라임,라임색,라임
19,168,246,ko,블루,블루색,블루
7,137,84,ko,그린,그린색,그린
13,10,238,ko,코발트블루,코발트블루색,코발트블루
55,251,84,ko,형광그린,형광그린색,형광그린
253,201,219,ko,베이비핑크,베이비핑크색,베이비핑크
206,2,94,ko,자두,자두색,자두
98,4,100,ko,퍼플,퍼플색,퍼플
254,132,244,ko,분홍색,분홍색,분홍
7,107,40,ko,녹색,녹색,녹
21,43,215,ko,파랑색,파랑색,파랑
201,81,177,ko,보라색,보라색,보라
188,214,80,ko,풀색,풀색,풀
0,3,101,ko,남색,남색,남
163,46,80,ko,적색,적색,적
30,244,18,ko,초록색,초록색,초록
165,172,187,ko,회색,회색,회
253,137,76,ko,주황색,주황색,주황
86,133,108,ko,초록색,초록색,초록
180,112,170,ko,보라색,보라색,보라
40,74,240,ko,파란색,파란색,파랑
36,127,4,ko,녹색,녹색,녹
214,19,181,ko,마젠타,마젠타색,마젠타
242,180,79,ko,주황색,주황색,주황
13,8,167,ko,남색,남색,남
28,227,100,ko,연두색,연두색,연두
118,132,155,ko,회색,회색,회
239,235,190,ko,연한 노란색,연한 노란색,연노랑
199,48,248,ko,보라색,보라색,보라
215,107,28,ko,주홍색,주홍색,주홍
9,130,156,ko,옥색,옥색,옥
40,136,250,ko,연한 파란색,연한 파란색,연파랑
78,18,35,ko,적갈색,적갈색,적갈
197,46,6,ko,빨간색,빨간색,빨강
221,26,180,ko,보라색,보라색,보라
178,53,195,ko,보라색,보라색,보라
234,249,167,ko,레몬색,레몬색,레몬
139,233,67,ko,연두색,연두색,연두
58,172,219,ko,파란색,파란색,파랑
37,243,254,ko,하늘색,하늘색,하늘
126,189,187,ko,민트색,민트색,민트
96,7,167,ko,보라색,보라색,보라
74,14,94,ko,진보라색,진보라색,진보라
59,165,92,ko,초록색,초록색,초록
165,209,232,ko,베이비블루,베이비블루색,베이비블루
77,57,151,ko,소라,소라색,소라
252,50,203,ko,오페라,오페라색,오페라
39,199,208,ko,소다,소다색,소다
137,118,181,ko,연보라,연보라색,연보라
117,26,207,ko,보라,보라색,보라
205,228,156,ko,상아,상아색,상아
28,57,38,ko,다크그린,다크그린색,다크그린
178,153,14,ko,겨자,겨자색,겨자
240,110,150,ko,핑크,핑크색,핑크
69,175,80,ko,그린,그린색,그린
186,253,237,ko,소다,소다색,소다
113,217,60,ko,연두색,연두색,연두
177,217,75,ko,풀색,풀색,풀
24,59,145,ko,남색,남색,남
102,6,39,ko,고동색,고동색,고동
130,75,214,ko,보라색,보라색,보라
116,64,77,ko,갈색,갈색,갈
43,236,161,ko,에메랄드색,에메랄드색,에메랄드
251,70,73,ko,다홍색,다홍색,다홍
170,78,60,ko,갈색,갈색,갈
74,191,151,ko,옥색,옥색,옥
178,7,174,ko,자주색,자주색,자주
85,234,53,ko,연두색,연두색,연두
169,238,155,ko,라임색,라임색,라임
210,197,168,ko,베이지색,베이지색,베이지
213,197,60,ko,황토색,황토색,황토
8,171,20,ko,초록색,초록색,초록
75,228,114,ko,연초록색,연초록색,연초록
233,82,1,ko,주황색,주황색,주황
152,48,223,ko,보라색,보라색,보라
118,88,183,ko,진보라색,진보라색,진보라
46,2,218,ko,남색,남색,남
56,141,133,ko,청록색,청록색,청록
89,32,242,ko,군청색,군청색,군청
69,158,119,ko,연두색,연두색,연두
10,26,7,ko,검은색,검은색,검정
5,2,157,ko,파란색,파란색,파랑
37,107,163,ko,짙은하늘색,짙은하늘색,짙은하늘
218,119,215,ko,분홍색,분홍색,분홍
213,3,192,ko,자주색,자주색,자주
191,208,72,ko,풀색,풀색,풀
213,238,179,ko,연두색,연두색,연두
79,178,8,ko,초록색,초록색,초록
178,2,240,ko,보라색,보라색,보라
154,100,151,ko,짙은분홍색,짙은분홍색,짙은분홍
151,53,57,ko,크림슨,크림슨색,크림슨
108,57,78,ko,바이올렛,바이올렛색,바이올렛
74,7,139,ko,퍼플,퍼플색,퍼플
180,154,168,ko,연핑크,연핑크색,연핑크
189,82,28,ko,꽃담주황,꽃담주황색,꽃담주황
136,26,1,ko,벽돌,벽돌색,벽돌
77,200,154,ko,민트,민트색,민트
201,171,244,ko,연보라,연보라색,연보라
243,122,229,ko,분홍,분홍색,분홍
192,22,138,ko,자주,자주색,자주
17,88,3,ko,풀색,풀색,풀
96,228,104,ko,형광그린,형광그린색,형광그린
179,29,9,ko,빨간색,빨간색,빨강
104,19,216,ko,보라색,보라색,보라
173,230,181,ko,옥색,옥색,옥
212,180,187,ko,연갈색,연갈색,연갈
231,225,50,ko,녹황색,녹황색,녹황
172,38,88,ko,자주색,자주색,자주
56,39,97,ko,남색,남색,남
106,20,145,ko,보라색,보라색,보라
130,140,204,ko,연보라색,연보라색,연보라
126,121,84,ko,카키색,카키색,카키
195,206,131,ko,풀색,풀색,풀
130,217,112,ko,연두색,연두색,연두
234,108,95,ko,빨강색,빨강색,빨강
156,225,242,ko,하늘색,하늘색,하늘
93,192,157,ko,청록색,청록색,청록
229,122,221,ko,분홍색,분홍색,분홍
162,166,247,ko,연보라색,연보라색,연보라
238,78,157,ko,진분홍색,진분홍색,진분홍
149,100,136,ko,보라색,보라색,보라
114,22,56,ko,자주색,자주색,자주
217,157,40,ko,황토색,황토색,황토
36,40,161,ko,남색,남색,남
118,113,84,ko,카키색,카키색,카키
19,240,237,ko,하늘색,하늘색,하늘
45,83,217,ko,파란색,파란색,파랑
39,137,52,ko,초록색,초록색,초록
137,243,3,ko,라임색,라임색,라임
107,55,82,ko,짙은보라색,짙은보라색,짙은보라
117,34,192,ko,자주색,자주색,자주
188,218,209,ko,옅은하늘색,옅은하늘색,옅은하늘
207,116,116,ko,짙은분홍색,짙은분홍색,짙은분홍
74,1,127,ko,보라색,보라색,보라
219,13,83,ko,옅은빨간색,옅은빨간색,옅은빨강
51,217,43,ko,연두색,연두색,연두
10,179,180,ko,짙은하늘색,짙은하늘색,짙은하늘
242,72,142,ko,분홍색,분홍색,분홍
64,195,43,ko,연두,연두색,연두
48,134,219,ko,파랑,파랑색,파랑
19,125,95,ko,녹색,녹색,녹
141,75,239,ko,보라,보라색,보라
231,154,19,ko,고동,고동색,고동
32,200,96,ko,녹색,녹색,녹
174,10,221,ko,보라,보라색,보라
237,42,77,ko,빨강,빨강색,빨강
18,180,109,ko,연한초록색,연한초록색,연초록
68,39,90,ko,짙은보라색,짙은보라색,짙은보라
208,157,136,ko,옅은갈색,옅은갈색,옅은갈
125,243,132,ko,연두색,연두색,연두
229,252,72,ko,노란색,노란색,노랑
148,145,194,ko,옅은보라색,옅은보라색,옅은보라
109,28,114,ko,자주색,자주색,자주
27,249,225,ko,하늘색,하늘색,하늘
236,61,180,ko,보라색,보라색,보라
140,1,2,ko,짙은빨간색,짙은빨간색,짙은빨강
32,122,113,ko,청록색,청록색,청록
111,87,185,ko,보라색,보라색,보라
204,49,117,ko,보라,보라색,보라
2,254,206,ko,연두,연두색,연두
241,50,9,ko,빨강,빨강색,빨강
183,155,103,ko,고동색,고동색,고동
179,221,241,ko,하늘색,하늘색,하늘
114,41,7,ko,밤색,밤색,밤
48,81,215,ko,파랑,파랑색,파랑
246,112,78,ko,주황,주황색,주황
135,237,13,ko,연두,연두색,연두
217,148,76,ko,고동,고동색,고동
121,229,146,ko,연록,연록색,연록
68,49,87,ko,검정,검정색,검정
28,93,178,ko,파랑,파랑색,파랑
199,26,120,ko,자주,자주색,자주
200,249,247,ko,민트,민트색,민트
212,237,160,ko,연두,연두색,연두
227,183,46,ko,황토,황토색,황토
177,50,43,ko,빨강,빨강색,빨강
3,90,23,ko,진한초록,진한초록색,진초록
43,65,4,ko,더 진한초록,더 진한초록색,더진초록
38,34,115,ko,남색,남색,남
190,179,97,ko,연두,연두색,연두
135,200,72,ko,연두,연두색,연두
227,238,91,ko,노랑,노랑색,노랑
255,149,219,ko,분홍,분홍색,분홍
51,245,237,ko,하늘,하늘색,하늘
127,205,47,ko,연두,연두색,연두
38,52,7,ko,검정,검정색,검정
95,141,180,ko,파랑,파랑색,파랑
201,9,31,ko,빨강,빨강색,빨강
230,103,108,ko,자홍,자홍색,자홍
154,237,230,ko,하늘,하늘색,하늘
20,219,50,ko,녹색,녹색,녹
145,69,15,ko,갈색,갈색,갈
112,137,97,ko,녹회색,녹회색,녹회
246,39,133,ko,형광분홍,형광분홍색,형광분홍
243,133,101,ko,자두,자두색,자두
188,125,196,ko,연분홍,연분홍색,연분홍
78,32,205,ko,남색,남색,남
170,176,194,ko,회색,회색,회
87,111,233,ko,파랑,파랑색,파랑
1,31,6,ko,검정,검정색,검정
44,158,140,ko,청록,청록색,청록
79,246,246,ko,하늘,하늘색,하늘
136,228,170,ko,초록,초록색,초록
149,116,142,ko,보라,보라색,보라
17,190,48,ko,초록,초록색,초록
46,167,191,ko,파랑,파랑색,파랑
102,22,247,ko,남색,남색,남
101,146,90,ko,초록,초록색,초록
233,246,4,ko,노랑,노랑색,노랑
221,163,76,ko,황토,황토색,황토
177,50,157,ko,자주,자주색,자주
101,14,58,ko,검정,검정색,검정
139,253,155,ko,민트,민트색,민트
90,162,239,ko,하늘,하늘색,하늘
114,43,106,ko,보라,보라색,보라
77,55,29,ko,갈색,갈색,갈
119,212,13,ko,연두,연두색,연두
98,86,147,ko,보라,보라색,보라
148,166,115,ko,올리브,올리브색,올리브
27,84,27,ko,진녹,진녹색,진녹
111,208,149,ko,연녹,연녹색,연녹
52,224,134,ko,연녹,연녹색,연녹
206,137,34,ko,황갈,황갈색,황갈
6,2,129,ko,남색,남색,남
191,10,153,ko,보라,보라색,보라
226,67,221,ko,자주,자주색,자주
99,241,72,ko,연두,연두색,연두
41,166,32,ko,녹색,녹색,녹
82,140,20,ko,풀색,풀색,풀
59,121,232,ko,파랑,파랑색,파랑
100,30,13,ko,자주,자주색,자주
166,221,23,ko,연두,연두색,연두
43,163,145,ko,청록,청록색,청록
238,11,34,ko,빨강,빨강색,빨강
35,58,62,ko,검정,검정색,검정
122,226,84,ko,연두,연두색,연두
76,66,148,ko,보라,보라색,보라
188,50,18,ko,다홍,다홍색,다홍
104,55,213,ko,보라,보라색,보라
233,72,87,ko,짙은분홍,짙은분홍색,짙은분홍
248,6,110,ko,분홍,분홍색,분홍
178,20,189,ko,보라,보라색,보라
229,108,77,ko,적주황,적주황색,적주황
204,5,15,ko,빨강,빨강색,빨강
30,61,181,ko,파랑,파랑색,파랑
117,43,48,ko,적갈,적갈색,적갈
108,116,41,ko,올리브,올리브색,올리브
16,89,166,ko,파랑,파랑색,파랑
187,56,100,ko,자두,자두색,자두
47,46,255,ko,파랑,파랑색,파랑
132,14,165,ko,보라,보라색,보라
205,144,240,ko,연보라,연보라색,연보라
149,200,43,ko,연두,연두색,연두
255,176,19,ko,주황,주황색,주황
158,228,113,ko,연두,연두색,연두
66,113,180,ko,보라,보라색,보라
9,159,10,ko,초록,초록색,초록
166,20,218,ko,남색,남색,남
250,165,158,ko,분홍,분홍색,분홍
194,188,248,ko,연보라,연보라색,연보라
135,119,227,ko,보라,보라색,보라
227,252,39,ko,노랑,노랑색,노랑
105,225,187,ko,초록,초록색,초록
144,49,50,ko,빨강,빨강색,빨강
74,214,230,ko,청색,청색,청
120,169,252,ko,연파랑,연파랑색,연파랑
61,75,96,ko,흑회,흑회색,흑회
212,17,61,ko,루비,루비색,루비
2,125,85,ko,진녹,진녹색,진녹
204,230,7,ko,황회,황회색,황회
233,99,14,ko,주황,주황색,주황
0,6,181,ko,파랑,파랑색,파랑
27,176,169,ko,연녹,연녹색,연녹
166,93,44,ko,갈색,갈색,갈
252,97,187,ko,분홍,분홍색,분홍
12,248,250,ko,연청,연청색,연청
31,28,99,ko,남색,남색,남
39,69,51,ko,진녹,진녹색,진녹
172,181,148,ko,연갈색,연갈색,연갈
155,159,81,ko,초록색,초록색,초록
2,72,11,ko,갈색,갈색,갈
21,109,95,ko,청록색,청록색,청록
23,61,147,ko,남색,남색,남
245,72,58,ko,다홍색,다홍색,다홍
75,2,144,ko,남색,남색,남
95,232,134,ko,연두색,연두색,연두
105,222,15,ko,풀색,풀색,풀
101,179,90,ko,초록색,초록색,초록
167,196,5,ko,연두색,연두색,연두
237,125,242,ko,핑크색,핑크색,핑크
40,154,109,ko,초록,초록색,초록
57,225,198,ko,청록,청록색,청록
209,16,95,ko,자주,자주색,자주
28,232,159,ko,연두,연두색,연두
34,141,8,ko,초록,초록색,초록
228,108,238,ko,분홍,분홍색,분홍
171,101,115,ko,팥,팥색,팥
219,107,156,ko,분홍,분홍색,분홍
46,9,196,ko,파랑,파랑색,파랑
112,33,186,ko,보라,보라색,보라
2,253,67,ko,연두,연두색,연두
202,183,71,ko,겨자,겨자색,겨자
150,7,55,ko,팥,팥색,팥
245,66,46,ko,빨강,빨강색,빨강
206,25,228,ko,자주,자주색,자주
210,208,250,ko,연보라,연보라색,연보라
24,88,219,ko,파랑,파랑색,파랑
184,204,210,ko,청회색,청회색,청회
155,147,126,ko,회갈색,회갈색,회갈
49,238,102,ko,연두,연두색,연두
6,134,253,ko,파랑,파랑색,파랑
1,213,226,ko,하늘,하늘색,하늘
81,61,164,ko,군청,군청색,군청
128,104,59,ko,갈색,갈색,갈
141,32,183,ko,보라,보라색,보라
17,115,209,ko,파랑,파랑색,파랑
133,131,236,ko,연보라,연보라색,연보라
80,197,61,ko,초록,초록색,초록
233,195,58,ko,노랑,노랑색,노랑
124,248,131,ko,형광초록,형광초록색,형광초록
139,131,54,ko,카키,카키색,카키
53,233,158,ko,초록,초록색,초록
101,25,234,ko,보라,보라색,보라
145,39,37,ko,짙은 빨강,짙은 빨강색,짙은빨강
203,31,37,ko,빨강,빨강색,빨강
80,214,211,ko,에메랄드,에메랄드색,에메랄드
106,125,161,ko,청회색,청회색,청회
149,12,144,ko,보라,보라색,보라
34,94,70,ko,녹색,녹색,녹
157,253,75,ko,연두,연두색,연두
148,123,253,ko,연보라,연보라색,연보라
184,15,129,ko,자주,자주색,자주
228,221,58,ko,황록색,황록색,황록
55,23,251,ko,파랑,파랑색,파랑
135,77,0,ko,갈색,갈색,갈
162,195,126,ko,연녹색,연녹색,연녹
187,251,139,ko,연녹색,연녹색,연녹
67,187,5,ko,초록,초록색,초록
1,197,35,ko,초록,초록색,초록
4,238,37,ko,연두,연두색,연두
97,213,215,ko,하늘색,하늘색,하늘
142,102,69,ko,갈색,갈색,갈
91,100,209,ko,곤색,곤색,곤
158,27,174,ko,보라,보라색,보라
114,1,198,ko,보라,보라색,보라
143,152,6,ko,카키,카키색,카키
191,172,249,ko,연보라,연보라색,연보라
209,8,255,ko,분홍,분홍색,분홍
199,91,137,ko,분홍,분홍색,분홍
209,230,131,ko,연두,연두색,연두
130,238,97,ko,연두색,연두색,연두
204,210,50,ko,풀색,풀색,풀
5,41,158,ko,남색,남색,남
81,51,29,ko,고동색,고동색,고동
208,90,10,ko,적갈색,적갈색,적갈
130,44,131,ko,보라색,보라색,보라
237,13,6,ko,빨강색,빨강색,빨강
148,90,74,ko,갈색,갈색,갈
79,213,160,ko,에메랄드색,에메랄드색,에메랄드
4,81,229,ko,파랑색,파랑색,파랑
252,31,79,ko,진홍색,진홍색,진홍
194,161,1,ko,황토색,황토색,황토
206,5,129,ko,분홍,분홍색,분홍
11,163,84,ko,초록,초록색,초록
85,213,169,ko,청록,청록색,청록
28,117,179,ko,파랑,파랑색,파랑
232,200,48,ko,노랑,노랑색,노랑
39,156,247,ko,파랑,파랑색,파랑
210,244,252,ko,하늘,하늘색,하늘
113,227,119,ko,연두,연두색,연두
172,111,225,ko,보라,보라색,보라
244,8,73,ko,빨강,빨강색,빨강
115,9,250,ko,보라,보라색,보라
229,194,188,ko,분홍,분홍색,분홍
213,246,7,ko,노랑,노랑색,노랑
115,184,8,ko,연두,연두색,연두
92,14,124,ko,보라,보라색,보라
173,233,178,ko,연두,연두색,연두
83,111,30,ko,카키,카키색,카키
244,59,35,ko,빨강,빨강색,빨강
8,11,14,ko,검정,검정색,검정
229,85,204,ko,분홍,분홍색,분홍
30,12,162,ko,곤색,곤색,곤
67,75,87,ko,회색,회색,회
207,34,98,ko,빨강,빨강색,빨강
165,162,114,ko,카키,카키색,카키
194,142,146,ko,팥색,팥색,팥
173,188,28,ko,연두색,연두색,연두
104,9,168,ko,보라색,보라색,보라
205,176,33,ko,황색,황색,황
250,118,240,ko,분홍색,분홍색,분홍
237,164,41,ko,주황색,주황색,주황
117,1,238,ko,바이올렛,바이올렛색,바이올렛
232,141,122,ko,코랄,코랄색,코랄
50,228,92,ko,형광초록,형광초록색,형광초록
196,80,151,ko,자주색,자주색,자주
34,243,58,ko,초록,초록색,초록
157,164,143,ko,황토,황토색,황토
5,117,107,ko,청록,청록색,청록
155,58,246,ko,보라,보라색,보라
25,53,209,ko,파랑,파랑색,파랑
190,142,161,ko,분홍,분홍색,분홍
251,208,77,ko,노랑,노랑색,노랑
197,154,122,ko,황토,황토색,황토
154,39,7,ko,갈색,갈색,갈
84,33,143,ko,진보라,진보라색,진보라
50,228,144,ko,옅은초록,옅은초록색,옅은초록
217,63,127,ko,옅은홍색,옅은홍색,옅은홍
109,42,97,ko,진보라,진보라색,진보라
247,160,70,ko,오렌지색,오렌지색,오렌지
149,129,13,ko,초록,초록색,초록
221,240,186,ko,연두,연두색,연두
191,207,43,ko,연두,연두색,연두
69,183,235,ko,하늘,하늘색,하늘
91,115,220,ko,파랑,파랑색,파랑
215,135,210,ko,진분홍,진분홍색,진분홍
251,216,252,ko,분홍,분홍색,분홍
146,33,159,ko,보라,보라색,보라
173,64,74,ko,빨강,빨강색,빨강
83,196,192,ko,청록,청록색,청록
143,169,249,ko,소라색,소라색,소라
234,19,62,ko,빨간색,빨간색,빨강
182,254,162,ko,에메랄드색,에메랄드색,에메랄드
111,22,60,ko,고동색,고동색,고동
228,21,169,ko,형광핑크색,형광핑크색,형광핑크
234,73,116,ko,코랄핑크,코랄핑크색,코랄핑크
143,213,20,ko,풀색,풀색,풀
170,244,243,ko,하늘색,하늘색,하늘
96,239,35,ko,연두색,연두색,연두
17,126,70,ko,초록,초록색,초록
41,178,19,ko,연두,연두색,연두
22,73,198,ko,파랑,파랑색,파랑
200,253,134,ko,초록,초록색,초록
6,44,89,ko,남색,남색,남
41,170,90,ko,초록,초록색,초록
209,132,248,ko,보라,보라색,보라
77,97,45,ko,초록,초록색,초록
96,125,5,ko,초옥,초옥색,초옥
149,205,226,ko,하늘,하늘색,하늘
93,218,172,ko,연두,연두색,연두
251,53,53,ko,빨강,빨강색,빨강
3,98,46,ko,녹색,녹색,녹
232,11,4,ko,다홍색,다홍색,다홍
197,218,110,ko,연두색,연두색,연두
254,110,1,ko,주황색,주황색,주황
6,57,206,ko,파란색,파란색,파랑
234,14,227,ko,핑크색,핑크색,핑크
109,99,198,ko,바이올렛,바이올렛색,바이올렛
217,223,228,ko,회색,회색,회
33,24,131,ko,남색,남색,남
99,205,245,ko,하늘색,하늘색,하늘
202,57,45,ko,적홍,적홍색,적홍
208,12,204,ko,마젠타,마젠타색,마젠타
84,34,119,ko,보라,보라색,보라
226,18,75,ko,핫핑크,핫핑크색,핫핑크
40,249,8,ko,황녹,황녹색,황녹
166,203,169,ko,올리브,올리브색,올리브
242,230,15,ko,노랑,노랑색,노랑
46,126,250,ko,푸르딩딩,푸르딩딩색,푸르딩딩
91,231,199,ko,티파니앤코,티파니앤코색,티파니앤코
34,51,197,ko,파랑,파랑색,파랑
25,63,29,ko,암녹,암녹색,암녹
18,137,179,ko,청록,청록색,청록
177,215,237,ko,하늘색,하늘색,하늘
210,85,123,ko,자주색,자주색,자주
94,160,250,ko,연청,연청색,연청
107,163,10,ko,풀색,풀색,풀
205,114,255,ko,연보라,연보라색,연보라
155,218,57,ko,연두,연두색,연두
143,245,44,ko,황녹,황녹색,황녹
108,88,177,ko,보라,보라색,보라
60,194,21,ko,초록,초록색,초록
180,86,43,ko,흙,흙색,흙
52,242,94,ko,그린,그린색,그린
130,55,246,ko,보라,보라색,보라
155,54,183,ko,보라,보라색,보라
168,152,155,ko,진흙,진흙색,진흙
195,124,123,ko,황토,황토색,황토
213,45,161,ko,마젠타,마젠타색,마젠타
142,208,133,ko,올리브,올리브색,올리브
227,19,11,ko,빨강,빨강색,빨강
11,119,46,ko,암녹,암녹색,암녹
19,147,133,ko,펑록,펑록색,펑록
10,191,254,ko,하늘,하늘색,하늘
160,150,5,ko,짙은올리브,짙은올리브색,짙은올리브
214,129,21,ko,주황,주황색,주황
239,188,187,ko,연분홍,연분홍색,연분홍
146,113,136,ko,보라색,보라색,보라
38,169,72,ko,초록색,초록색,초록
88,156,105,ko,풀색,풀색,풀
138,61,86,ko,자주색,자주색,자주
199,199,57,ko,겨자색,겨자색,겨자
30,229,184,ko,민트색,민트색,민트
18,156,26,ko,녹색,녹색,녹
209,158,253,ko,형광연보라,형광연보라색,형광연보라
248,9,98,ko,형광진분홍,형광진분홍색,형광진분홍
212,8,222,ko,형광자주색,형광자주색,형광자주
152,233,122,ko,연두색,연두색,연두
105,248,168,ko,형광연두색,형광연두색,형광연두
112,10,175,ko,보라색,보라색,보라
157,128,34,ko,황갈색,황갈색,황갈
174,4,254,ko,형광보라색,형광보라색,형광보라
97,143,121,ko,소나무색,소나무색,소나무
135,173,30,ko,녹색,녹색,녹
58,90,203,ko,파란색,파란색,파랑
194,227,174,ko,옅은풀색,옅은풀색,옅은풀
223,90,196,ko,진분홍색,진분홍색,진분홍
18,80,74,ko,소나무색,소나무색,소나무
3,40,198,ko,군청색,군청색,군청
4,18,228,ko,파란색,파란색,파랑
106,64,7,ko,갈색,갈색,갈
18,185,227,ko,하늘색,하늘색,하늘
246,135,0,ko,주황색,주황색,주황
242,199,209,ko,분홍색,분홍색,분홍
100,104,250,ko,청색,청색,청
52,157,107,ko,초록색,초록색,초록
4,201,1,ko,녹색,녹색,녹
12,142,56,ko,초록,초록색,초록
190,156,193,ko,연보라,연보라색,연보라
23,147,143,ko,청록,청록색,청록
123,192,160,ko,연두,연두색,연두
212,35,176,ko,마젠타,마젠타색,마젠타
218,222,3,ko,겨자,겨자색,겨자
156,82,201,ko,보라,보라색,보라
49,52,181,ko,파랑,파랑색,파랑
45,238,25,ko,비비드한 연두,비비드한 연두색,비비드한연두
242,129,196,ko,핑크,핑크색,핑크
238,93,12,ko,주황,주황색,주황
191,204,226,ko,연한 하늘색,연한 하늘색,연하늘
2,181,125,ko,초록,초록색,초록
20,22,217,ko,파랑,파랑색,파랑
231,9,231,ko,핫핑크,핫핑크색,핫핑크
225,16,8,ko,빨강,빨강색,빨강
50,124,171,ko,연한남색,연한남색,연남
94,118,249,ko,연한 파랑,연한 파랑색,연파랑
210,157,50,ko,황토색,황토색,황토
4,240,224,ko,밝은 청록색,밝은 청록색,밝은청록
149,43,222,ko,보라,보라색,보라
164,161,142,ko,진흙색,진흙색,진흙
224,16,56,ko,레드,레드색,레드
244,40,150,ko,마젠타,마젠타색,마젠타
144,70,254,ko,형광보라색,형광보라색,형광보라
233,223,5,ko,겨자색,겨자색,겨자
201,111,235,ko,자주색,자주색,자주
161,165,211,ko,벽돌색,벽돌색,벽돌
30,213,181,ko,청록색,청록색,청록
194,164,144,ko,연한갈색,연한갈색,연갈
130,68,153,ko,보라색,보라색,보라
252,244,123,ko,노란색,노란색,노랑
232,76,154,ko,진분홍색,진분홍색,진분홍
125,252,45,ko,형광연두색,형광연두색,형광연두
188,46,8,ko,적갈색,적갈색,적갈
247,227,90,ko,노란색,노란색,노랑
243,96,104,ko,빨간색,빨간색,빨강
155,238,202,ko,초록색,초록색,초록
30,179,223,ko,파란색,파란색,파랑
213,27,151,ko,보라색,보라색,보라
36,155,80,ko,초록색,초록색,초록
231,197,137,ko,베이지색,베이지색,베이지
138,84,93,ko,고동색,고동색,고동
157,63,235,ko,형광보라색,형광보라색,형광보라
6,141,235,ko,파란색,파란색,파랑
139,124,11,ko,카키색,카키색,카키
216,14,93,ko,다홍색,다홍색,다홍
10,210,41,ko,초록색,초록색,초록
63,251,36,ko,형광초록색,형광초록색,형광초록
167,125,211,ko,연보라색,연보라색,연보라
234,53,245,ko,핫핑크,핫핑크색,핫핑크
157,245,155,ko,연녹색,연녹색,연녹
156,165,236,ko,바이올렛,바이올렛색,바이올렛
58,101,247,ko,파란색,파란색,파랑
12,236,239,ko,하늘색,하늘색,하늘
196,209,199,ko,연한회색,연한회색,연회
18,150,26,ko,초록색,초록색,초록
244,92,1,ko,주황색,주황색,주황
195,86,184,ko,보라색,보라색,보라
159,215,72,ko,녹색,녹색,녹
14,13,144,ko,코발트불루,코발트불루색,코발트불루
208,148,87,ko,황토색,황토색,황토
26,117,152,ko,청록색,청록색,청록
107,128,108,ko,연녹색,연녹색,연녹
39,96,71,ko,초록색,초록색,초록
161,242,37,ko,연두색,연두색,연두
30,160,130,ko,청록색,청록색,청록
73,73,84,ko,차콜그레이,차콜그레이색,차콜그레이
150,11,102,ko,진홍색,진홍색,진홍
240,253,163,ko,레몬색,레몬색,레몬
20,24,193,ko,형광파란색,형광파란색,형광파랑
218,104,58,ko,갈색,갈색,갈
7,242,143,ko,에메랄드색,에메랄드색,에메랄드
23,84,194,ko,파랑색,파랑색,파랑
220,152,178,ko,연보라색,연보라색,연보라
201,50,237,ko,보라색,보라색,보라
123,136,166,ko,남회색,남회색,남회
85,134,47,ko,올리브색,올리브색,올리브
21,158,137,ko,청록색,청록색,청록
65,179,41,ko,연두색,연두색,연두
171,13,94,ko,자주색,자주색,자주
37,39,198,ko,파랑색,파랑색,파랑
55,168,97,ko,연녹색,연녹색,연녹
242,48,158,ko,마젠타,마젠타색,마젠타
152,234,238,ko,사이안,사이안색,사이안
200,193,132,ko,모래색,모래색,모래
223,198,27,ko,개나리색,개나리색,개나리
193,110,221,ko,연보라색,연보라색,연보라
254,49,23,ko,다홍색,다홍색,다홍
105,1,80,ko,진보라색,진보라색,진보라
45,220,39,ko,연두색,연두색,연두
64,8,246,ko,파랑색,파랑색,파랑
123,175,252,ko,바다색,바다색,바다
106,140,124,ko,남회색,남회색,남회
157,130,89,ko,연갈색,연갈색,연갈
81,89,154,ko,진한파랑,진한파랑색,진파랑
74,81,57,ko,진회색,진회색,진회
179,29,2,ko,진빨강,진빨강색,진빨강
146,236,46,ko,연두색,연두색,연두
115,25,133,ko,진보라색,진보라색,진보라
161,71,127,ko,보라색,보라색,보라
237,76,201,ko,연보라색,연보라색,연보라
143,120,242,ko,바다색,바다색,바다
7,34,5,ko,검은색,검은색,검정
158,17,124,ko,보라색,보라색,보라
220,243,13,ko,노랑색,노랑색,노랑
174,216,176,ko,연한색,연한색,연
208,141,143,ko,산호,산호색,산호
119,219,157,ko,연녹,연녹색,연녹
196,202,219,ko,회색,회색,회
130,129,231,ko,연청보라,연청보라색,연청보라
9,174,254,ko,하늘,하늘색,하늘
158,34,224,ko,보라,보라색,보라
26,227,61,ko,연두,연두색,연두
167,139,44,ko,카키,카키색,카키
13,133,79,ko,초록,초록색,초록
11,25,229,ko,파랑,파랑색,파랑
230,146,195,ko,핑크,핑크색,핑크
23,152,169,ko,청록,청록색,청록
230,45,199,ko,자주,자주색,자주
157,67,51,ko,벽돌,벽돌색,벽돌
185,227,211,ko,옥,옥색,옥
65,215,193,ko,연청록,연청록색,연청록
219,251,25,ko,형광노랑,형광노랑색,형광노랑
10,33,154,ko,군청,군청색,군청
160,244,111,ko,형광연두,형광연두색,형광연두
84,48,121,ko,회보라,회보라색,회보라
199,225,108,ko,연풀,연풀색,연풀
100,8,42,ko,적갈,적갈색,적갈
207,47,74,ko,홍매,홍매색,홍매
196,52,1,ko,다홍,다홍색,다홍
241,239,107,ko,노란색,노란색,노랑
186,72,104,ko,자주색,자주색,자주
48,178,51,ko,초록색,초록색,초록
113,123,48,ko,올리브색,올리브색,올리브
15,61,182,ko,파란색,파란색,파랑
203,197,0,ko,금색,금색,금
110,43,175,ko,보라색,보라색,보라
194,2,20,ko,빨간색,빨간색,빨강
142,197,70,ko,초록색,초록색,초록
83,251,113,ko,민트색,민트색,민트
62,20,93,ko,진보라색,진보라색,진보라
7,242,45,ko,초록색,초록색,초록
202,140,94,ko,황토,황토색,황토
244,39,122,ko,핫핑크,핫핑크색,핫핑크
110,152,117,ko,연녹,연녹색,연녹
79,132,46,ko,풀,풀색,풀
43,159,40,ko,초록,초록색,초록
136,158,8,ko,카키,카키색,카키
247,211,66,ko,개나리,개나리색,개나리
248,190,118,ko,귤,귤색,귤
253,114,88,ko,산호,산호색,산호
155,199,16,ko,연두,연두색,연두
59,100,49,ko,짙은초록,짙은초록색,짙은초록
166,145,208,ko,연보라,연보라색,연보라
75,93,159,ko,군청색,군청색,군청
240,45,144,ko,진분홍색,진분홍색,진분홍
106,134,132,ko,검초록색,검초록색,검초록
131,99,103,ko,검자주색,검자주색,검자주
60,24,249,ko,파랑색,파랑색,파랑
247,226,214,ko,아이보리색,아이보리색,아이보리
206,135,191,ko,연보라색,연보라색,연보라
238,177,138,ko,연주황색,연주황색,연주황
164,178,207,ko,연군청색,연군청색,연군청
15,190,152,ko,민트색,민트색,민트
23,125,16,ko,초록색,초록색,초록
167,92,179,ko,보라색,보라색,보라
213,152,74,ko,황토색,황토색,황토
248,132,78,ko,주황색,주황색,주황
189,247,196,ko,민트색,민트색,민트
57,136,115,ko,진초록색,진초록색,진초록
191,55,139,ko,자주색,자주색,자주
200,245,148,ko,연두색,연두색,연두
174,245,54,ko,연두색,연두색,연두
92,254,252,ko,하늘색,하늘색,하늘
176,14,197,ko,보라색,보라색,보라
172,103,243,ko,보라색,보라색,보라
78,202,238,ko,하늘색,하늘색,하늘
29,195,118,ko,연초록색,연초록색,연초록
29,172,248,ko,하늘색,하늘색,하늘
9,60,243,ko,파란색,파란색,파랑
50,101,10,ko,초록색,초록색,초록
129,13,131,ko,보라색,보라색,보라
247,43,178,ko,마젠타,마젠타색,마젠타
102,59,103,ko,보라색,보라색,보라
193,53,69,ko,빨간색,빨간색,빨강
126,226,205,ko,연두색,연두색,연두
234,174,42,ko,노란색,노란색,노랑
36,136,85,ko,초록색,초록색,초록
106,163,130,ko,초록색,초록색,초록
127,36,9,ko,갈색,갈색,갈
200,190,112,ko,노란색,노란색,노랑
170,252,58,ko,연두색,연두색,연두
72,39,129,ko,보라색,보라색,보라
113,9,223,ko,보라색,보라색,보라
59,161,11,ko,초록색,초록색,초록
124,117,33,ko,카키,카키색,카키
44,59,177,ko,파랑,파랑색,파랑
91,8,132,ko,남보라,남보라색,남보라
24,227,62,ko,초록,초록색,초록
207,17,8,ko,빨강,빨강색,빨강
2,180,221,ko,하늘,하늘색,하늘
241,90,10,ko,주황,주황색,주황
227,27,83,ko,다홍,다홍색,다홍
124,171,121,ko,흐린연두,흐린연두색,흐린연두
91,109,123,ko,소라,소라색,소라
135,176,59,ko,짙은연두,짙은연두색,짙은연두
20,190,188,ko,민트,민트색,민트
214,187,141,ko,어두운살색,어두운살색,어두운살
210,229,131,ko,밝은연두,밝은연두색,밝은연두
33,90,10,ko,짙은초록,짙은초록색,짙은초록
233,60,144,ko,핫핑크,핫핑크색,핫핑크
243,132,51,ko,귤,귤색,귤
5,118,200,ko,흐린파랑,흐린파랑색,흐린파랑
6,210,97,ko,연한초록,연한초록색,연초록
237,23,235,ko,형광분홍,형광분홍색,형광분홍
205,90,122,ko,장미,장미색,장미
33,20,103,ko,남색,남색,남
148,249,80,ko,형광연두,형광연두색,형광연두
120,245,254,ko,형광하늘,형광하늘색,형광하늘
242,84,217,ko,핑크,핑크색,핑크
247,250,15,ko,레몬옐로우,레몬옐로우색,레몬옐로우
144,244,9,ko,형광연두,형광연두색,형광연두
67,223,220,ko,형광하늘,형광하늘색,형광하늘
173,48,254,ko,형광보라,형광보라색,형광보라
254,77,71,ko,다홍,다홍색,다홍
250,70,155,ko,핫핑크,핫핑크색,핫핑크
214,218,240,ko,쿨그레이,쿨그레이색,쿨그레이
44,217,11,ko,형광초록,형광초록색,형광초록
184,238,69,ko,연두,연두색,연두
190,5,1,ko,진빨강,진빨강색,진빨강
62,59,150,ko,군청,군청색,군청
219,95,62,ko,어두운주황,어두운주황색,어두운주황
129,27,19,ko,적갈,적갈색,적갈
5,13,174,ko,코발트블루,코발트블루색,코발트블루
205,205,189,ko,모래,모래색,모래
242,161,213,ko,연분홍,연분홍색,연분홍
121,35,213,ko,형광보라,형광보라색,형광보라
183,111,83,ko,갈,갈색,갈
52,97,59,ko,짙은초록,짙은초록색,짙은초록
113,216,154,ko,연한연두,연한연두색,연연두
100,76,30,ko,어두운갈,어두운갈색,어두운갈
214,80,224,ko,진달래,진달래색,진달래
206,255,16,ko,형광노랑,형광노랑색,형광노랑
188,143,109,ko,연갈색,연갈색,연갈
29,194,114,ko,에메랄드,에메랄드색,에메랄드
53,102,186,ko,파랑,파랑색,파랑
239,175,241,ko,쿨핑크,쿨핑크색,쿨핑크
157,205,149,ko,민트,민트색,민트
188,34,140,ko,자주,자주색,자주
117,18,170,ko,보라,보라색,보라
29,54,237,ko,파랑,파랑색,파랑
15,124,167,ko,청록,청록색,청록
226,42,99,ko,마젠타,마젠타색,마젠타
4,189,52,ko,녹색,녹색,녹
17,107,31,ko,풀색,풀색,풀
10,93,105,ko,진초록,진초록색,진초록
63,142,123,ko,쑥색,쑥색,쑥
232,163,97,ko,연주황,연주황색,연주황
173,128,173,ko,팥색,팥색,팥
254,201,225,ko,연분홍,연분홍색,연분홍
216,135,33,ko,황토,황토색,황토
254,226,58,ko,노랑,노랑색,노랑
11,249,162,ko,형광하늘연두,형광하늘연두색,형광하늘연두
27,78,217,ko,파랑,파랑색,파랑
160,114,210,ko,연보라,연보라색,연보라
139,81,47,ko,갈색,갈색,갈
235,112,46,ko,주황,주황색,주황
244,200,49,ko,노란색,노란색,노랑
68,52,82,ko,군청색,군청색,군청
13,188,26,ko,녹색,녹색,녹
168,2,168,ko,보라색,보라색,보라
8,182,86,ko,초록색,초록색,초록
144,111,178,ko,연보라색,연보라색,연보라
224,77,71,ko,다홍색,다홍색,다홍
219,170,80,ko,연갈색(흙색),연갈색(흙색)색,연갈색(흙색)
141,54,17,ko,갈색,갈색,갈
42,243,132,ko,에메랄드색,에메랄드색,에메랄드
57,250,254,ko,형광하늘,형광하늘색,형광하늘
68,126,250,ko,코발트블루,코발트블루색,코발트블루
223,222,4,ko,병아리색,병아리색,병아리
255,158,85,ko,주홍색,주홍색,주홍
75,150,175,ko,모르겠음,모르겠음색,모르겠음
119,48,41,ko,적갈색,적갈색,적갈
238,153,249,ko,연보라,연보라색,연보라
140,242,35,ko,연두색,연두색,연두
159,165,184,ko,쥐색,쥐색,쥐
165,74,177,ko,보라색,보라색,보라
215,1,25,ko,빨간색,빨간색,빨강
51,98,70,ko,짙은녹색(카키색),짙은녹색(카키색)색,짙은녹색(카키색)
119,57,254,ko,밝은보라색,밝은보라색,밝은보라
196,66,102,ko,선홍색,선홍색,선홍
158,250,119,ko,연두색,연두색,연두
28,93,26,ko,녹색,녹색,녹
70,31,174,ko,파란색,파란색,파랑
179,81,232,ko,연보라,연보라색,연보라
44,72,81,ko,짙은초록색,짙은초록색,짙은초록
37,101,177,ko,코발트블루,코발트블루색,코발트블루
246,131,191,ko,분홍색,분홍색,분홍
69,190,6,ko,초록,초록색,초록
208,115,182,ko,분홍,분홍색,분홍
122,2,141,ko,보라,보라색,보라
171,210,9,ko,풀잎색,풀잎색,풀잎
50,160,197,ko,청록,청록색,청록
143,163,98,ko,녹색,녹색,녹
131,122,248,ko,연남보라,연남보라색,연남보라
68,36,238,ko,형광파랑,형광파랑색,형광파랑
58,137,85,ko,어두운풀색,어두운풀색,어두운풀
103,213,94,ko,연두,연두색,연두
225,49,50,ko,빨강,빨강색,빨강
38,138,34,ko,모름(어두운풀색),모름(어두운풀색)색,모름(어두운풀색)
25,254,153,ko,형광에메랄드,형광에메랄드색,형광에메랄드
120,31,71,ko,버건디,버건디색,버건디
191,19,137,ko,자주,자주색,자주
42,227,194,ko,쪽빛,쪽빛색,쪽빛
233,164,72,ko,황록색,황록색,황록
194,0,75,ko,다홍색,다홍색,다홍
1,19,4,ko,검정,검정색,검정
110,39,35,ko,적갈색,적갈색,적갈
163,108,10,ko,황갈색,황갈색,황갈
229,249,146,ko,연녹색,연녹색,연녹
104,53,1,ko,고동색,고동색,고동
123,110,25,ko,흑녹색,흑녹색,흑녹
173,156,2,ko,황록색,황록색,황록
62,151,143,ko,모름(어두운에메랄드),모름(어두운에메랄드)색,모름(어두운에메랄드)
26,14,42,ko,흑남색,흑남색,흑남
94,91,123,ko,자회색,자회색,자회
64,12,66,ko,남보라,남보라색,남보라
147,15,190,ko,형광보라,형광보라색,형광보라
26,180,116,ko,초록,초록색,초록
238,185,165,ko,살구색,살구색,살구
47,245,49,ko,형광연두,형광연두색,형광연두
136,132,218,ko,연남보라,연남보라색,연남보라
37,113,175,ko,연남색,연남색,연남
196,3,250,ko,형광보라,형광보라색,형광보라
77,246,28,ko,형광연두색,형광연두색,형광연두
175,75,21,ko,갈색,갈색,갈
106,171,57,ko,풀색,풀색,풀
109,31,212,ko,보라색,보라색,보라
165,235,146,ko,연한초록색,연한초록색,연초록
181,27,238,ko,형광보라색,형광보라색,형광보라
13,79,127,ko,남색,남색,남
197,142,2,ko,황토색,황토색,황토
194,27,27,ko,빨강색,빨강색,빨강
113,222,100,ko,연두색,연두색,연두
176,28,127,ko,마젠타,마젠타색,마젠타
76,126,199,ko,파랑색,파랑색,파랑
123,76,214,ko,보라,보라색,보라
75,211,60,ko,연두,연두색,연두
197,136,126,ko,옅은빨강,옅은빨강색,옅은빨강
12,147,121,ko,청녹,청녹색,청록
221,21,129,ko,자주,자주색,자주
61,252,139,ko,라임,라임색,라임
22,235,239,ko,하늘색,하늘색,하늘
2,190,229,ko,청시닉,청시닉색,청시닉
224,37,182,ko,자주,자주색,자주
131,66,61,ko,갈색,갈색,갈
164,221,166,ko,녹색,녹색,녹
1,14,239,ko,파랑,파랑색,파랑
166,203,25,ko,연두색,연두색,연두
224,155,174,ko,분홍색,분홍색,분홍
247,68,10,ko,빨강색,빨강색,빨강
15,118,74,ko,짙은초록색,짙은초록색,짙은초록
218,215,106,ko,탁한레몬색,탁한레몬색,탁한레몬
7,176,105,ko,초록색,초록색,초록
24,181,201,ko,하늘색,하늘색,하늘
57,196,15,ko,형광연두색,형광연두색,형광연두
139,180,250,ko,형광하늘색,형광하늘색,형광하늘
168,2,177,ko,보라색,보라색,보라
90,34,11,ko,갈색,갈색,갈
131,147,152,ko,회색,회색,회
154,192,166,ko,에메랄드색,에메랄드색,에메랄드
178,126,71,ko,짙은황토색,짙은황토색,짙은황토
154,76,206,ko,형광보라색,형광보라색,형광보라
138,211,244,ko,하늘색,하늘색,하늘
7,252,171,ko,형광초록색,형광초록색,형광초록
10,34,242,ko,파랑색,파랑색,파랑
124,5,66,ko,마젠타,마젠타색,마젠타
27,211,203,ko,연한초록색,연한초록색,연초록
239,17,150,ko,형광핑크색,형광핑크색,형광핑크
32,122,134,ko,청록색,청록색,청록
11,32,10,ko,짙은풀색,짙은풀색,짙은풀
33,41,153,ko,파랑색,파랑색,파랑
93,104,204,ko,군청,군청색,군청
113,115,32,ko,올리브,올리브색,올리브
181,163,141,ko,베이지,베이지색,베이지
102,157,15,ko,초록,초록색,초록
199,81,130,ko,분홍,분홍색,분홍
193,46,213,ko,연보라,연보라색,연보라
235,249,36,ko,노랑,노랑색,노랑
203,187,238,ko,아이보리,아이보리색,아이보리
10,116,98,ko,청록,청록색,청록
180,25,27,ko,빨강,빨강색,빨강
71,47,66,ko,적갈색,적갈색,적갈
107,110,143,ko,진보라,진보라색,진보라
184,179,43,ko,녹두,녹두색,녹두
94,179,89,ko,초록,초록색,초록
58,30,68,ko,군청,군청색,군청
114,19,52,ko,보라,보라색,보라
73,180,179,ko,청녹,청녹색,청록
82,125,123,ko,짙녹,짙녹색,짙녹
173,243,68,ko,연두,연두색,연두
115,85,1,ko,곤,곤색,곤
161,62,255,ko,보라,보라색,보라
79,223,170,ko,청녹,청녹색,청록
243,201,127,ko,살구,살구색,살구
227,230,131,ko,연두,연두색,연두
175,234,218,ko,청녹,청녹색,청록
139,130,127,ko,회색,회색,회
3,156,229,ko,파랑,파랑색,파랑
251,27,77,ko,빨강,빨강색,빨강
43,97,179,ko,파랑,파랑색,파랑
41,120,4,ko,초록,초록색,초록
168,175,111,ko,초록,초록색,초록
214,104,106,ko,빨강,빨강색,빨강
189,251,156,ko,연두,연두색,연두
170,55,139,ko,보라,보라색,보라
82,63,159,ko,군청,군청색,군청
225,80,248,ko,보라,보라색,보라
13,164,45,ko,초록,초록색,초록
42,254,97,ko,연두,연두색,연두
192,75,207,ko,보라,보라색,보라
59,174,97,ko,초록,초록색,초록
1,78,48,ko,진초록,진초록색,진초록
206,94,25,ko,주황,주황색,주황
186,21,119,ko,진분홍,진분홍색,진분홍
111,214,44,ko,연두,연두색,연두
198,214,12,ko,밝은 연두,밝은 연두색,밝은연두
160,116,196,ko,연보라,연보라색,연보라
134,126,121,ko,회색,회색,회
108,155,171,ko,진하늘색,진하늘색,진하늘
84,83,113,ko,짙은 비둘기색,짙은 비둘기색,짙은비둘기
80,47,248,ko,청보라,청보라색,청보라
240,192,101,ko,진노랑,진노랑색,진노랑
13,140,249,ko,코발트,코발트색,코발트
187,183,249,ko,연보라,연보라색,연보라
162,40,32,ko,벽돌색,벽돌색,벽돌
85,189,243,ko,하늘색,하늘색,하늘
218,98,152,ko,분홍,분홍색,분홍
216,230,101,ko,밝은연두,밝은연두색,밝은연두
89,98,187,ko,제비꽃색,제비꽃색,제비꽃
99,2,192,ko,보라,보라색,보라
249,67,191,ko,형광핑크,형광핑크색,형광핑크
219,232,195,ko,연한민트,연한민트색,연민트
54,234,204,ko,북청색,북청색,북청
227,105,108,ko,연한주홍,연한주홍색,연주홍
125,158,23,ko,잔디색,잔디색,잔디
4,89,89,ko,청록색,청록색,청록
50,211,213,ko,형광하늘,형광하늘색,형광하늘
240,167,253,ko,분홍,분홍색,분홍
17,108,37,ko,진초록,진초록색,진초록
210,160,1,ko,황갈색,황갈색,황갈
24,24,157,ko,남색,남색,남
235,51,4,ko,주홍,주홍색,주홍
230,8,94,ko,진한핑크,진한핑크색,진핑크
235,73,251,ko,마젠타,마젠타색,마젠타
18,162,96,ko,초록,초록색,초록
42,236,25,ko,형광초록,형광초록색,형광초록
46,126,234,ko,코발트블루,코발트블루색,코발트블루
140,5,201,ko,보라,보라색,보라
252,104,177,ko,자홍,자홍색,자홍
250,106,132,ko,주홍,주홍색,주홍
244,108,69,ko,주황,주황색,주황
128,83,221,ko,연보라,연보라색,연보라
124,7,251,ko,청보라,청보라색,청보라
8,193,38,ko,연두,연두색,연두
142,223,198,ko,옥색,옥색,옥
217,35,26,ko,빨강,빨강색,빨강
122,1,59,ko,자주,자주색,자주
109,34,1,ko,갈색,갈색,갈
78,18,89,ko,짙은보라,짙은보라색,짙은보라
5,97,87,ko,청록,청록색,청록
92,223,156,ko,에메랄드,에메랄드색,에메랄드
180,203,187,ko,회색+연두색,회색+연두색,회색+연두
237,69,112,ko,짙은분홍,짙은분홍색,짙은분홍
3,22,111,ko,남색,남색,남
249,147,175,ko,연분홍,연분홍색,연분홍
138,28,119,ko,보라,보라색,보라
184,157,27,ko,노란색+갈색 짙은인민,노란색+갈색 짙은인민색,노랑색+갈색짙은인민
186,232,23,ko,노랑+연두,노랑+연두색,노랑+연두
5,236,136,ko,짙은에메랄드 연청롯,짙은에메랄드 연청롯색,짙은에메랄드연청롯
29,58,71,ko,남흑색,남흑색,남흑
19,31,162,ko,파랑,파랑색,파랑
137,245,213,ko,아주연한청록,아주연한청록색,아주연청록
63,78,174,ko,코발트,코발트색,코발트
53,103,30,ko,카키,카키색,카키
13,180,184,ko,짙은하늘,짙은하늘색,짙은하늘
183,134,241,ko,연보라,연보라색,연보라
6,230,36,ko,연두색,연두색,연두
208,15,145,ko,자주,자주색,자주
129,174,111,ko,연카키,연카키색,연카키
174,100,13,ko,똥갈,똥갈색,똥갈
76,151,216,ko,연코발트,연코발트색,연코발트
103,207,29,ko,누런녹색,누런녹색,누런녹
209,251,157,ko,아주연한연두,아주연한연두색,아주연연두
144,10,232,ko,보라,보라색,보라
152,180,55,ko,노랑빛카키,노랑빛카키색,노랑빛카키
133,83,245,ko,연보라,연보라색,연보라
8,14,191,ko,파랑,파랑색,파랑
205,158,190,ko,회분홍,회분홍색,회분홍
10,212,252,ko,하늘,하늘색,하늘
184,191,234,ko,연한파랑색(리트머스용지),연한파랑색(리트머스용지)색,연파랑색(리트머스용지)
135,72,128,ko,어두운보라,어두운보라색,어두운보라
167,139,9,ko,옐로오커,옐로오커색,옐로오커
250,20,220,ko,오페라,오페라색,오페라
5,137,60,ko,퍼머넌트그린,퍼머넌트그린색,퍼머넌트그린
138,152,59,ko,올리브,올리브색,올리브
149,210,151,ko,에메랄드,에메랄드색,에메랄드
175,45,130,ko,바이올렛핑크,바이올렛핑크색,바이올렛핑크
125,6,245,ko,퍼플,퍼플색,퍼플
3,206,93,ko,그린,그린색,그린
108,89,5,ko,올리브오커,올리브오커색,올리브오커
56,74,123,ko,페르시안블루,페르시안블루색,페르시안블루
224,254,35,ko,옐로우그린,옐로우그린색,옐로우그린
73,129,160,ko,피콕블루,피콕블루색,피콕블루
10,254,69,ko,형광그린,형광그린색,형광그린
110,193,81,ko,연두,연두색,연두
190,34,169,ko,바이올렛핑크,바이올렛핑크색,바이올렛핑크
101,224,18,ko,퍼머넌트그린,퍼머넌트그린색,퍼머넌트그린
240,185,59,ko,퍼머넌트옐로우딥,퍼머넌트옐로우딥색,퍼머넌트옐로우딥
238,76,111,ko,코랄핑크,코랄핑크색,코랄핑크
204,80,2,ko,번트세피아,번트세피아색,번트세피아
90,32,166,ko,퍼머넌트퍼플,퍼머넌트퍼플색,퍼머넌트퍼플
252,101,82,ko,자몽색,자몽색,자몽
224,192,182,ko,페일핑크,페일핑크색,페일핑크
163,117,192,ko,라일락,라일락색,라일락
224,244,131,ko,파스텔연두,파스텔연두색,파스텔연두
113,133,58,ko,진한녹두색,진한녹두색,진녹두
204,74,230,ko,핑크 섞인 보라,핑크 섞인 보라색,핑크섞인보라
96,239,63,ko,밝은연두,밝은연두색,밝은연두
172,189,70,ko,녹두색,녹두색,녹두
157,179,252,ko,비둘기색,비둘기색,비둘기
74,253,124,ko,형광연두,형광연두색,형광연두
4,178,103,ko,녹색,녹색,녹
6,26,235,ko,남색,남색,남
17,67,19,ko,청록색,청록색,청록
222,93,12,ko,어두운주황,어두운주황색,어두운주황
85,25,10,ko,초콜렛색,초콜렛색,초콜렛
232,2,101,ko,핫핑크,핫핑크색,핫핑크
165,103,13,ko,로우엄버,로우엄버색,로우엄버
104,80,240,ko,울트라마린라이트,울트라마린라이트색,울트라마린라이트
52,247,212,ko,형광민트,형광민트색,형광민트
150,108,100,ko,반다이크라이트,반다이크라이트색,반다이크라이트
51,104,100,ko,워터멜론그린,워터멜론그린색,워터멜론그린
142,9,51,ko,마젠타레드,마젠타레드색,마젠타레드
99,142,211,ko,라이트블루,라이트블루색,라이트블루
107,240,248,ko,형광하늘색,형광하늘색,형광하늘
13,160,121,ko,라이트딥그린,라이트딥그린색,라이트딥그린
60,216,150,ko,딥에메랄드,딥에메랄드색,딥에메랄드
173,51,30,ko,단풍색,단풍색,단풍
198,143,86,ko,황토색,황토색,황토
74,125,225,ko,파랑,파랑색,파랑
85,85,49,ko,어두운녹색,어두운녹색,어두운녹
63,203,202,ko,옥색,옥색,옥
177,56,25,ko,자주색,자주색,자주
111,170,199,ko,탁한 하늘색,탁한 하늘색,탁한하늘
69,75,225,ko,남색,남색,남
199,126,93,ko,밝은 갈색,밝은 갈색,밝은갈
71,72,108,ko,군청색,군청색,군청
192,237,33,ko,연한연두,연한연두색,연연두
159,83,13,ko,벽돌색,벽돌색,벽돌
140,9,190,ko,보라,보라색,보라
137,50,121,ko,붉은보라,붉은보라색,붉은보라
28,152,214,ko,탁한하늘,탁한하늘색,탁한하늘
96,232,172,ko,밝은 초록,밝은 초록색,밝은초록
238,140,146,ko,핑크,핑크색,핑크
162,93,132,ko,밝은보라,밝은보라색,밝은보라
29,254,9,ko,형광연두,형광연두색,형광연두
179,216,165,ko,녹두,녹두색,녹두
12,160,135,ko,청록,청록색,청록
162,252,110,ko,연두,연두색,연두
70,144,1,ko,녹색,녹색,녹
212,67,153,ko,핫핑크,핫핑크색,핫핑크
62,11,85,ko,보라,보라색,보라
195,127,18,ko,갈색,갈색,갈
74,196,5,ko,연두,연두색,연두
152,180,204,ko,연청회색,연청회색,연청회
2,243,38,ko,형광초록,형광초록색,형광초록
14,55,246,ko,밝은파랑,밝은파랑색,밝은파랑
196,125,37,ko,황토,황토색,황토
216,247,34,ko,밝은연두,밝은연두색,밝은연두
206,198,75,ko,금색,금색,금
74,10,77,ko,보라,보라색,보라
139,32,84,ko,자주,자주색,자주
20,64,176,ko,파랑,파랑색,파랑
171,24,53,ko,어두운빨강,어두운빨강색,어두운빨강
18,154,148,ko,밝은청록,밝은청록색,밝은청록
211,244,180,ko,흰색섞인 연두색,흰색섞인 연두색,흰색섞인연두
248,211,114,ko,살구색과오렌지색사이,살구색과오렌지색사이색,살구색과오렌지색사이
5,186,202,ko,밝은 청록색,밝은 청록색,밝은청록
3,17,153,ko,약간 어두운 파란색,약간 어두운 파란색,약간어두운파랑
164,51,163,ko,자주색,자주색,자주
76,229,214,ko,많이밝은 청록색,많이밝은 청록색,많이밝은청록
123,126,158,ko,회보라색,회보라색,회보라
65,217,19,ko,연두색,연두색,연두
97,162,132,ko,아주살짝회색섞인녹색,아주살짝회색섞인녹색,아주살짝회색섞인녹
3,15,252,ko,파란색,파란색,파랑
124,84,217,ko,보라색,보라색,보라
41,52,237,ko,아주약간탁한파란색,아주약간탁한파란색,아주약간탁한파랑
222,15,183,ko,홍색,홍색,홍
84,207,86,ko,풀색,풀색,풀
45,250,191,ko,형광청록,형광청록색,형광청록
246,148,142,ko,연지색,연지색,연지
222,91,11,ko,주황,주황색,주황
217,13,52,ko,빨강,빨강색,빨강
212,105,64,ko,적토색,적토색,적토
80,169,233,ko,벽색,벽색,벽
136,12,148,ko,보라색,보라색,보라
194,113,207,ko,연보라색,연보라색,연보라
236,39,253,ko,진분홍색,진분홍색,진분홍
251,169,45,ko,겨자색,겨자색,겨자
29,157,13,ko,녹색,녹색,녹
221,161,102,ko,황토색,황토색,황토
47,208,120,ko,녹색과연두색중간,녹색과연두색중간색,녹색과연두색중간
0,249,111,ko,연두색,연두색,연두
193,188,36,ko,겨자색,겨자색,겨자
119,1,87,ko,자주색,자주색,자주
121,24,34,ko,검붉은색,검붉은색,검붉은
56,30,8,ko,검자주색,검자주색,검자주
235,92,186,ko,분홍색,분홍색,분홍
165,131,134,ko,탁한분홍색,탁한분홍색,탁한분홍
231,88,24,ko,다홍색,다홍색,다홍
187,61,244,ko,보라색,보라색,보라
119,33,145,ko,보라,보라색,보라
188,215,35,ko,연두,연두색,연두
222,114,27,ko,주황,주황색,주황
64,225,18,ko,형광그린,형광그린색,형광그린
23,199,175,ko,청록,청록색,청록
73,171,217,ko,페르시안 블루,페르시안 블루색,페르시안블루
62,233,155,ko,민트그린,민트그린색,민트그린
223,79,246,ko,형광보라,형광보라색,형광보라
159,34,7,ko,검붉은색,검붉은색,검붉은
120,198,203,ko,연청록,연청록색,연청록
129,125,238,ko,연보라,연보라색,연보라
31,89,219,ko,코발트블루,코발트블루색,코발트블루
249,248,120,ko,레몬색,레몬색,레몬
136,143,176,ko,페일퍼플,페일퍼플색,페일퍼플
66,140,231,ko,밝은파랑,밝은파랑색,밝은파랑
117,3,176,ko,보라,보라색,보라
154,143,114,ko,세피아,세피아색,세피아
235,79,196,ko,핑크,핑크색,핑크
76,49,113,ko,남보라,남보라색,남보라
75,221,95,ko,연두,연두색,연두
248,12,70,ko,빨강,빨강색,빨강
39,141,135,ko,터키그린,터키그린색,터키그린
17,19,247,ko,코발트블루,코발트블루색,코발트블루
7,75,248,ko,블루,블루색,블루
18,140,38,ko,녹색,녹색,녹
216,27,195,ko,꽃분홍,꽃분홍색,꽃분홍
111,31,204,ko,보라,보라색,보라
211,3,253,ko,자주,자주색,자주
14,86,40,ko,풀색,풀색,풀
1,203,76,ko,연두,연두색,연두
95,96,46,ko,올리브,올리브색,올리브
1,245,181,ko,연청록,연청록색,연청록
208,90,252,ko,연보라,연보라색,연보라
173,125,5,ko,황토,황토색,황토
167,1,96,ko,꽃자주,꽃자주색,꽃자주
226,205,95,ko,노랑,노랑색,노랑
7,15,116,ko,남색,남색,남
181,248,135,ko,연두,연두색,연두
36,107,50,ko,올리브그린,올리브그린색,올리브그린
77,58,38,ko,고동색,고동색,고동
255,130,164,ko,코랄핑크,코랄핑크색,코랄핑크
194,217,206,ko,비둘기색,비둘기색,비둘기
172,13,87,ko,진홍색,진홍색,진홍
242,194,79,ko,노랑,노랑색,노랑
169,134,194,ko,연보라,연보라색,연보라
160,160,26,ko,올리브그린,올리브그린색,올리브그린
235,167,159,ko,피치,피치색,피치
6,140,46,ko,녹색,녹색,녹
172,157,114,ko,연황토,연황토색,연황토
81,172,134,ko,연한녹색,연한녹색,연녹
212,107,48,ko,짙은주황,짙은주황색,짙은주황
254,242,190,ko,연노랑,연노랑색,연노랑
213,11,145,ko,꽃분홍,꽃분홍색,꽃분홍
157,251,137,ko,연두,연두색,연두
74,59,143,ko,짙은보라,짙은보라색,짙은보라
220,75,2,ko,붉은주황,붉은주황색,붉은주황
58,76,200,ko,짙은파랑,짙은파랑색,짙은파랑
135,201,211,ko,연청록,연청록색,연청록
252,100,211,ko,분홍,분홍색,분홍
100,139,246,ko,연청보라,연청보라색,연청보라
9,252,6,ko,연두,연두색,연두
44,153,163,ko,청록,청록색,청록
245,51,131,ko,꽃분홍,꽃분홍색,꽃분홍
124,17,245,ko,보라,보라색,보라
175,10,60,ko,짙은빨강,짙은빨강색,짙은빨강
156,105,195,ko,연보라,연보라색,연보라
255,250,21,ko,노랑,노랑색,노랑
6,227,251,ko,하늘색,하늘색,하늘
166,204,114,ko,연한녹색,연한녹색,연녹
99,12,109,ko,보라,보라색,보라
13,191,114,ko,녹색,녹색,녹
22,90,139,ko,짙은청록,짙은청록색,짙은청록
225,200,27,ko,겨자색,겨자색,겨자
83,43,219,ko,청보라색,청보라색,청보라
96,96,14,ko,카키색,카키색,카키
210,159,46,ko,황토샙,황토샙색,황토샙
74,119,168,ko,딥블루,딥블루색,딥블루
44,164,75,ko,초록색,초록색,초록
151,155,146,ko,회색,회색,회
199,229,92,ko,연두,연두색,연두
30,188,232,ko,하늘색,하늘색,하늘
238,84,189,ko,핑크색,핑크색,핑크
103,224,43,ko,그린색,그린색,그린
215,40,38,ko,다홍색,다홍색,다홍
180,218,215,ko,청자색,청자색,청자
145,24,168,ko,보라색,보라색,보라
36,82,219,ko,진파랑,진파랑색,진파랑
206,159,246,ko,진분홍,진분홍색,진분홍
215,162,145,ko,황토색,황토색,황토
254,120,101,ko,주황색,주황색,주황
120,85,179,ko,진보라,진보라색,진보라
65,15,5,ko,진황토,진황토색,진황토
168,74,31,ko,벽돌색,벽돌색,벽돌
62,185,175,ko,녹색,녹색,녹
123,75,62,ko,갈색,갈색,갈
215,68,222,ko,분홍색,분홍색,분홍
91,202,110,ko,초록색,초록색,초록
199,248,35,ko,연두색,연두색,연두
92,29,253,ko,청보라색,청보라색,청보라
38,38,187,ko,남색,남색,남
154,42,42,ko,갈색,갈색,갈
247,57,5,ko,주황색,주황색,주황
43,122,97,ko,진초록색,진초록색,진초록
235,167,72,ko,귤색,귤색,귤
25,226,249,ko,하늘색,하늘색,하늘
204,100,113,ko,진분홍색,진분홍색,진분홍
229,199,174,ko,미색,미색,미
142,73,141,ko,자주색,자주색,자주
235,148,187,ko,연분홍색,연분홍색,연분홍
240,8,158,ko,진분홍색,진분홍색,진분홍
245,20,62,ko,빨강색,빨강색,빨강
120,223,173,ko,민트색,민트색,민트
101,166,1,ko,풀색,풀색,풀
182,46,208,ko,밝은보라색,밝은보라색,밝은보라
125,137,0,ko,카키색,카키색,카키
254,254,144,ko,연노랑색,연노랑색,연노랑
22,53,15,ko,진녹색,진녹색,진녹
70,247,29,ko,연두색,연두색,연두
30,132,9,ko,초록색,초록색,초록
45,5,93,ko,진남색,진남색,진남
31,104,43,ko,포레스트그린,포레스트그린색,포레스트그린
123,129,79,ko,연카키,연카키색,연카키
104,213,64,ko,연두색,연두색,연두
139,150,247,ko,그레이쉬블루,그레이쉬블루색,그레이쉬블루
232,128,64,ko,탁한오렌지,탁한오렌지색,탁한오렌지
119,95,3,ko,브라운카키,브라운카키색,브라운카키
151,189,93,ko,풀색,풀색,풀
29,146,197,ko,진하늘,진하늘색,진하늘
2,55,154,ko,코발트블루,코발트블루색,코발트블루
5,236,85,ko,형광연두,형광연두색,형광연두
186,188,26,ko,황록색,황록색,황록
182,30,144,ko,꽃자주,꽃자주색,꽃자주
155,181,19,ko,라임색,라임색,라임
214,250,41,ko,연두색,연두색,연두
227,138,117,ko,살구색,살구색,살구
169,56,186,ko,자주색,자주색,자주
123,86,240,ko,보라색,보라색,보라
88,235,188,ko,민트색,민트색,민트
15,185,3,ko,초록색,초록색,초록
94,77,32,ko,암갈색,암갈색,암갈
180,116,175,ko,연보라,연보라색,연보라
27,172,138,ko,에메랄드색,에메랄드색,에메랄드
93,110,31,ko,올리브색,올리브색,올리브
39,67,131,ko,남색,남색,남
167,173,203,ko,연보라색,연보라색,연보라
234,25,118,ko,분홍색,분홍색,분홍
21,94,195,ko,파랑,파랑색,파랑
216,38,68,ko,빨강,빨강색,빨강
148,246,126,ko,연두색,연두색,연두
162,168,119,ko,애쉬그레이,애쉬그레이색,애쉬그레이
205,119,43,ko,갈색,갈색,갈
1,224,93,ko,진한 연두색,진한 연두색,진연두
194,78,40,ko,진한 갈색,진한 갈색,진갈
178,140,45,ko,연갈색,연갈색,연갈
17,9,50,ko,네이비색,네이비색,네이비
73,44,237,ko,진한 보라색,진한 보라색,진보라
221,158,57,ko,주황,주황색,주황
182,20,129,ko,자주,자주색,자주
108,46,211,ko,보라,보라색,보라
37,213,176,ko,에메랄드,에메랄드색,에메랄드
43,104,113,ko,짙은 청록,짙은 청록색,짙은청록
118,25,77,ko,적보라,적보라색,적보라
238,72,250,ko,분홍,분홍색,분홍
107,42,21,ko,갈색,갈색,갈
57,215,0,ko,초록,초록색,초록
193,142,158,ko,회분홍,회분홍색,회분홍
221,86,42,ko,다홍,다홍색,다홍
183,243,8,ko,연두,연두색,연두
15,169,60,ko,초록,초록색,초록
15,82,113,ko,남색,남색,남
163,83,12,ko,갈색,갈색,갈
29,13,208,ko,파란색,파란색,파랑
145,246,110,ko,연두색,연두색,연두
224,247,232,ko,민트,민트색,민트
166,46,245,ko,보라,보라색,보라
101,132,60,ko,풀색,풀색,풀
56,199,205,ko,옥색,옥색,옥
196,105,127,ko,짙은분홍,짙은분홍색,짙은분홍
17,152,97,ko,녹색,녹색,녹
163,127,15,ko,밝은갈색,밝은갈색,밝은갈
191,137,245,ko,연보라,연보라색,연보라
133,162,219,ko,흐린 파랑,흐린 파랑색,흐린파랑
154,134,63,ko,카키,카키색,카키
62,118,213,ko,파랑,파랑색,파랑
148,195,93,ko,초록,초록색,초록
214,183,24,ko,머스타드,머스타드색,머스타드
161,97,12,ko,갈색,갈색,갈
114,240,140,ko,연두,연두색,연두
15,20,7,ko,검정,검정색,검정
209,16,3,ko,빨강,빨강색,빨강
250,187,245,ko,분홍,분홍색,분홍
224,30,123,ko,마젠타,마젠타색,마젠타
178,117,87,ko,갈색,갈색,갈
239,232,233,ko,베이지,베이지색,베이지
1,161,27,ko,진초록,진초록색,진초록
96,186,113,ko,흐린 초록,흐린 초록색,흐린초록
201,252,215,ko,연한 민트,연한 민트색,연민트
165,32,184,ko,보라,보라색,보라
201,40,60,ko,진홍,진홍색,진홍
177,100,163,ko,흐린 자주,흐린 자주색,흐린자주
230,212,133,ko,흐린 겨자,흐린 겨자색,흐린겨자
99,110,76,ko,카키,카키색,카키
222,95,190,ko,분홍,분홍색,분홍
216,220,11,ko,연녹색,연녹색,연녹
84,86,233,ko,파란색,파란색,파랑
84,124,190,ko,파란색,파란색,파랑
84,44,41,ko,갈색,갈색,갈
42,215,121,ko,초록색,초록색,초록
130,171,65,ko,녹색,녹색,녹
247,72,156,ko,분홍색,분홍색,분홍
41,40,141,ko,남색,남색,남
40,218,36,ko,초록색,초록색,초록
246,147,218,ko,분홍색,분홍색,분홍
228,3,86,ko,자주색,자주색,자주
253,164,32,ko,주황색,주황색,주황
167,36,176,ko,보라색,보라색,보라
153,78,0,ko,갈색,갈색,갈
141,149,168,ko,회색,회색,회
133,238,250,ko,하늘색,하늘색,하늘
56,189,164,ko,청록색,청록색,청록
253,100,78,ko,주황색,주황색,주황
122,51,122,ko,보라색,보라색,보라
130,26,24,ko,적갈색,적갈색,적갈
223,177,13,ko,황토색,황토색,황토
205,203,21,ko,연녹색,연녹색,연녹
226,239,145,ko,연녹색,연녹색,연녹
105,6,208,ko,남색,남색,남
215,141,124,ko,주황색,주황색,주황
78,183,60,ko,녹색,녹색,녹
183,22,99,ko,자주색,자주색,자주
131,247,175,ko,연녹색,연녹색,연녹
246,69,217,ko,분홍색,분홍색,분홍
211,137,58,ko,연갈색,연갈색,연갈
99,122,103,ko,진청록색,진청록색,진청록
12,113,130,ko,청록색,청록색,청록
178,38,135,ko,자주색,자주색,자주
137,212,6,ko,초록색,초록색,초록
25,122,104,ko,녹색,녹색,녹
78,101,26,ko,진녹색,진녹색,진녹
207,17,29,ko,적색,적색,적
91,180,4,ko,초록색,초록색,초록
64,56,145,ko,남색,남색,남
47,220,231,ko,하늘색,하늘색,하늘
122,98,238,ko,연보라색,연보라색,연보라
120,178,144,ko,감록색,감록색,감록
174,61,153,ko,보라색,보라색,보라
54,231,46,ko,연두색,연두색,연두
10,75,99,ko,남색,남색,남
145,51,207,ko,보라색,보라색,보라
210,4,123,ko,자홍색,자홍색,자홍
237,38,11,ko,빨간색,빨간색,빨강
195,203,163,ko,아이보리색,아이보리색,아이보리
216,44,218,ko,꽃분홍,꽃분홍색,꽃분홍
114,66,215,ko,남보라,남보라색,남보라
196,218,78,ko,연두,연두색,연두
208,35,129,ko,진분홍,진분홍색,진분홍
107,213,25,ko,연두,연두색,연두
58,112,121,ko,청녹,청녹색,청록
93,109,187,ko,남색,남색,남
184,42,84,ko,빨강,빨강색,빨강
99,200,114,ko,초록,초록색,초록
210,174,63,ko,황토,황토색,황토
201,244,230,ko,하늘,하늘색,하늘
68,20,96,ko,진보라,진보라색,진보라
181,45,23,ko,빨강,빨강색,빨강
160,162,224,ko,라일락,라일락색,라일락
14,209,167,ko,연청록,연청록색,연청록
58,207,84,ko,연두,연두색,연두
172,93,197,ko,보라,보라색,보라
28,99,18,ko,진청록,진청록색,진청록
144,140,84,ko,올리브그린,올리브그린색,올리브그린
0,56,73,ko,군청,군청색,군청
184,83,2,ko,갈색,갈색,갈
115,7,40,ko,흑적색,흑적색,흑적
176,95,134,ko,진분홍,진분홍색,진분홍
22,227,9,ko,라임그린,라임그린색,라임그린
39,5,211,ko,군청,군청색,군청
188,14,247,ko,보라,보라색,보라
18,199,211,ko,연청록,연청록색,연청록
254,35,44,ko,빨강,빨강색,빨강
101,210,251,ko,하늘,하늘색,하늘
183,81,69,ko,고동색,고동색,고동
53,164,148,ko,청록,청록색,청록
146,2,135,ko,보라,보라색,보라
20,19,53,ko,검정,검정색,검정
245,158,165,ko,살구,살구색,살구
225,5,63,ko,빨강,빨강색,빨강
118,247,235,ko,하늘,하늘색,하늘
31,206,117,ko,밝은 초록,밝은 초록색,밝은초록
45,144,106,ko,짙은 초록,짙은 초록색,짙은초록
61,8,107,ko,보라,보라색,보라
45,208,13,ko,연구,연구색,연구
145,57,43,ko,갈색,갈색,갈
34,144,67,ko,풀색,풀색,풀
242,160,15,ko,진노랑,진노랑색,진노랑
86,103,185,ko,파랑,파랑색,파랑
207,188,188,ko,연분홍,연분홍색,연분홍
146,71,253,ko,형광보라,형광보라색,형광보라
25,52,185,ko,새파란색,새파란색,새파랑
246,193,252,ko,분홍,분홍색,분홍
230,105,79,ko,감색,감색,감
66,67,35,ko,고동색,고동색,고동
115,175,56,ko,연두색,연두색,연두
136,8,105,ko,자주색,자주색,자주
38,221,235,ko,하늘색,하늘색,하늘
48,239,210,ko,밝은 청록색,밝은 청록색,밝은청록
160,158,67,ko,밝은 풀색,밝은 풀색,밝은풀
71,147,184,ko,틸블루,틸블루색,틸블루
160,24,158,ko,자주색,자주색,자주
160,228,62,ko,밝은 연두색,밝은 연두색,밝은연두
255,122,225,ko,진달래색,진달래색,진달래
131,174,239,ko,밝은 파랑색,밝은 파랑색,밝은파랑
11,18,30,ko,검정,검정색,검정
13,166,3,ko,초록,초록색,초록
172,77,170,ko,보라,보라색,보라
74,221,162,ko,연두,연두색,연두
224,55,132,ko,진분홍,진분홍색,진분홍
56,172,136,ko,청록,청록색,청록
103,208,207,ko,하늘,하늘색,하늘
239,184,238,ko,연분홍,연분홍색,연분홍
234,152,53,ko,황색,황색,황
72,148,229,ko,파랑,파랑색,파랑
71,20,237,ko,남색,남색,남
6,96,97,ko,청록,청록색,청록
129,7,110,ko,보라,보라색,보라
21,49,8,ko,진초록,진초록색,진초록
137,205,8,ko,연두,연두색,연두
143,236,103,ko,연두,연두색,연두
138,138,152,ko,회색,회색,회
5,92,170,ko,프러시안블루,프러시안블루색,프러시안블루
136,147,109,ko,연한 카키색,연한 카키색,연카키
179,158,4,ko,겨자색,겨자색,겨자
198,155,118,ko,베이지색,베이지색,베이지
222,66,137,ko,진달래색,진달래색,진달래
210,8,78,ko,다홍색,다홍색,다홍
126,203,149,ko,옥색,옥색,옥
119,94,5,ko,고동색,고동색,고동
216,78,246,ko,연자주,연자주색,연자주
52,45,254,ko,새파란색,새파란색,새파랑
19,198,248,ko,하늘색,하늘색,하늘
97,24,51,ko,고동색,고동색,고동
88,5,6,ko,갈색,갈색,갈
240,96,103,ko,자두색,자두색,자두
26,1,164,ko,청색,청색,청
215,11,42,ko,자홍색,자홍색,자홍
182,194,155,ko,아이보리색,아이보리색,아이보리
197,87,51,ko,주황색,주황색,주황
224,64,235,ko,진분홍,진분홍색,진분홍
7,70,181,ko,파라색,파라색,파라
70,2,130,ko,보라색,보라색,보라
151,202,241,ko,하늘색,하늘색,하늘
123,187,50,ko,라임색,라임색,라임
51,120,65,ko,초록색,초록색,초록
119,15,16,ko,고동색,고동색,고동
169,162,223,ko,연보라,연보라색,연보라
115,204,239,ko,하늘색,하늘색,하늘
175,126,38,ko,갈색,갈색,갈
205,28,134,ko,진분홍,진분홍색,진분홍
189,78,217,ko,보라색,보라색,보라
248,216,36,ko,노란색,노란색,노랑
233,102,200,ko,분홍색,분홍색,분홍
231,16,1,ko,빨강색,빨강색,빨강
189,51,33,ko,벽돌색,벽돌색,벽돌
58,8,167,ko,군청색,군청색,군청
223,154,112,ko,갈색,갈색,갈
50,109,254,ko,파랑색,파랑색,파랑
252,31,101,ko,꽃분홍,꽃분홍색,꽃분홍
32,167,7,ko,초록,초록색,초록
66,249,96,ko,연두,연두색,연두
14,166,248,ko,하늘,하늘색,하늘
242,130,121,ko,살구,살구색,살구
180,235,151,ko,연초록,연초록색,연초록
3,54,161,ko,진파랑,진파랑색,진파랑
134,124,243,ko,보라,보라색,보라
194,12,91,ko,빨강,빨강색,빨강
16,255,191,ko,민트,민트색,민트
234,230,170,ko,연노랑,연노랑색,연노랑
86,189,92,ko,연두,연두색,연두
132,11,52,ko,벽돌,벽돌색,벽돌
219,215,251,ko,연보아,연보아색,연보아
140,159,173,ko,진회색,진회색,진회
80,97,148,ko,군청,군청색,군청
13,206,165,ko,진한 민트,진한 민트색,진민트
90,48,34,ko,짙은갈색,짙은갈색,짙은갈
126,240,225,ko,민트색,민트색,민트
23,95,65,ko,초록색,초록색,초록
161,165,211,ko,연보라,연보라색,연보라
214,216,33,ko,겨자색,겨자색,겨자
168,126,151,ko,자주색,자주색,자주
44,105,235,ko,파란색,파란색,파랑
32,27,216,ko,진청색,진청색,진청
160,104,175,ko,보라색,보라색,보라
243,25,35,ko,빨간색,빨간색,빨강
52,8,150,ko,군청색,군청색,군청
69,139,158,ko,청록색,청록색,청록
197,9,153,ko,자주색,자주색,자주
160,247,134,ko,라임색,라임색,라임
149,43,208,ko,보라색,보라색,보라
36,176,21,ko,녹색,녹색,녹
114,217,26,ko,연두색,연두색,연두
241,151,197,ko,분홍색,분홍색,분홍
21,174,120,ko,청록색,청록색,청록
177,71,131,ko,자주색,자주색,자주
11,243,160,ko,형광초록색,형광초록색,형광초록
58,169,160,ko,청록색,청록색,청록
152,5,246,ko,보라색,보라색,보라
250,77,134,ko,짙은분홍색,짙은분홍색,짙은분홍
176,173,170,ko,회색,회색,회
205,138,67,ko,황토색,황토색,황토
82,37,75,ko,진보라색,진보라색,진보라
95,148,45,ko,풀색,풀색,풀
39,75,97,ko,군청색,군청색,군청
230,122,245,ko,분홍색,분홍색,분홍
132,91,56,ko,나무색,나무색,나무
42,25,112,ko,군청색,군청색,군청
120,221,171,ko,민트색,민트색,민트
79,84,139,ko,남색,남색,남
230,50,247,ko,자주색,자주색,자주
182,107,111,ko,탁한분홍색,탁한분홍색,탁한분홍
161,166,117,ko,쑥색,쑥색,쑥
30,140,75,ko,초록,초록색,초록
128,186,250,ko,하늘,하늘색,하늘
241,64,35,ko,빨강,빨강색,빨강
12,166,194,ko,청록,청록색,청록
135,45,175,ko,보라,보라색,보라
53,37,188,ko,코발트 블루,코발트 블루색,코발트블루
56,190,35,ko,옐로 그린,옐로 그린색,옐로그린
36,48,69,ko,검정,검정색,검정
165,32,141,ko,자주,자주색,자주
141,18,53,ko,진빨강,진빨강색,진빨강
171,151,82,ko,연브라운,연브라운색,연브라운
190,205,60,ko,라임,라임색,라임
224,134,50,ko,감색,감색,감
76,38,77,ko,진보라,진보라색,진보라
9,230,145,ko,네온그린,네온그린색,네온그린
41,72,164,ko,파랑,파랑색,파랑
244,86,140,ko,진분홍,진분홍색,진분홍
7,241,216,ko,네온스카이블루,네온스카이블루색,네온스카이블루
182,159,6,ko,연브라운,연브라운색,연브라운
79,64,19,ko,고동,고동색,고동
151,227,97,ko,라임,라임색,라임
172,225,179,ko,연초록,연초록색,연초록
77,25,114,ko,보라,보라색,보라
194,11,69,ko,빨강,빨강색,빨강
243,11,254,ko,형광핑크,형광핑크색,형광핑크
171,103,216,ko,연보라,연보라색,연보라
189,113,139,ko,인디언핑크,인디언핑크색,인디언핑크
207,17,126,ko,핫핑크,핫핑크색,핫핑크
9,92,1,ko,진초록,진초록색,진초록
128,151,10,ko,연두,연두색,연두
90,112,73,ko,풀색,풀색,풀
164,153,195,ko,연보라,연보라색,연보라
34,154,245,ko,하늘,하늘색,하늘
231,98,95,ko,주황,주황색,주황
244,94,253,ko,분홍색,분홍색,분홍
207,162,202,ko,연보라색,연보라색,연보라
157,105,90,ko,갈색,갈색,갈
150,32,205,ko,보라색,보라색,보라
40,18,107,ko,남색,남색,남
253,52,13,ko,주황색,주황색,주황
45,47,108,ko,남색,남색,남
199,93,213,ko,보라색,보라색,보라
221,150,4,ko,황색,황색,황
28,74,0,ko,초록색,초록색,초록
132,59,92,ko,검붉은색,검붉은색,검붉은
233,212,3,ko,노란색,노란색,노랑
14,219,237,ko,하늘색,하늘색,하늘
146,108,220,ko,보라색,보라색,보라
191,41,1,ko,빨간색,빨간색,빨강
111,185,100,ko,연두색,연두색,연두
101,211,78,ko,연두색,연두색,연두
142,5,141,ko,보라색,보라색,보라
9,128,135,ko,청녹색,청녹색,청록
102,252,187,ko,연초록색,연초록색,연초록
169,116,8,ko,황색,황색,황
1,103,58,ko,진청색,진청색,진청
95,7,11,ko,검붉은색,검붉은색,검붉은
185,7,244,ko,보라색,보라색,보라
24,251,51,ko,연두색,연두색,연두
215,56,157,ko,자주색,자주색,자주
188,95,15,ko,황갈색,황갈색,황갈
55,240,132,ko,연두색,연두색,연두
83,42,223,ko,파란색,파란색,파랑
131,52,10,ko,갈색,갈색,갈
177,11,74,ko,자주색,자주색,자주
116,128,42,ko,군청색,군청색,군청
34,197,249,ko,하늘색,하늘색,하늘
87,133,169,ko,청색,청색,청
254,98,161,ko,분홍색,분홍색,분홍
175,248,167,ko,연두색,연두색,연두
52,60,196,ko,파랑,파랑색,파랑
79,116,122,ko,청록,청록색,청록
96,170,157,ko,청록,청록색,청록
169,118,234,ko,연보라,연보라색,연보라
108,171,56,ko,녹색,녹색,녹
70,238,217,ko,하늘색,하늘색,하늘
173,249,17,ko,연두,연두색,연두
219,32,145,ko,자주,자주색,자주
153,73,246,ko,보라,보라색,보라
212,127,6,ko,황토색,황토색,황토
135,41,3,ko,갈색,갈색,갈
154,129,154,ko,자회색,자회색,자회
182,94,143,ko,자주,자주색,자주
17,84,44,ko,진녹색,진녹색,진녹
160,38,121,ko,자주,자주색,자주
122,70,42,ko,진갈색,진갈색,진갈
131,59,75,ko,자갈색,자갈색,자갈
175,13,2,ko,적색,적색,적
226,152,208,ko,연분홍,연분홍색,연분홍
33,28,206,ko,파랑,파랑색,파랑
68,226,60,ko,연두,연두색,연두
40,99,221,ko,파랑,파랑색,파랑
221,164,152,ko,살구색,살구색,살구
227,16,218,ko,자색,자색,자
168,71,237,ko,자주색,자주색,자주
212,239,31,ko,연녹색,연녹색,연녹
109,181,57,ko,녹색,녹색,녹
251,15,191,ko,형광 핑크색,형광 핑크색,형광핑크
207,18,28,ko,빨간색,빨간색,빨강
11,133,7,ko,진녹색,진녹색,진녹
46,56,130,ko,남색,남색,남
111,83,138,ko,보라색,보라색,보라
61,18,235,ko,파란색,파란색,파랑
71,215,57,ko,연두색,연두색,연두
26,98,208,ko,진파랑색,진파랑색,진파랑
46,206,166,ko,옥색,옥색,옥
143,195,163,ko,짙은 옥색,짙은 옥색,짙은옥
117,131,22,ko,녹갈색,녹갈색,녹갈
153,117,13,ko,갈색,갈색,갈
152,245,144,ko,연녹색,연녹색,연녹
199,20,146,ko,핫핑크,핫핑크색,핫핑크
136,35,121,ko,짙은 자주색,짙은 자주색,짙은자주
71,250,149,ko,연두색,연두색,연두
239,102,208,ko,베이비 핑크,베이비 핑크색,베이비핑크
55,142,98,ko,녹색,녹색,녹
29,168,90,ko,연녹색,연녹색,연녹
209,208,118,ko,연한 연녹색,연한 연녹색,연연녹
244,6,124,ko,진한 분홍색,진한 분홍색,진분홍
130,216,215,ko,청록색,청록색,청록
254,25,116,ko,분홍색,분홍색,분홍
22,79,22,ko,카키색,카키색,카키
59,134,156,ko,네이비색,네이비색,네이비
181,231,182,ko,연두색,연두색,연두
74,189,22,ko,초록색,초록색,초록
31,53,235,ko,파란색,파란색,파랑
1,245,91,ko,형광초록색,형광초록색,형광초록
85,180,226,ko,하늘색,하늘색,하늘
252,32,49,ko,빨간색,빨간색,빨강
37,157,137,ko,청록색,청록색,청록
254,172,169,ko,베이지색,베이지색,베이지
111,254,31,ko,형광 연두색,형광 연두색,형광연두
246,36,239,ko,연한 보라색,연한 보라색,연보라
81,203,239,ko,하늘색,하늘색,하늘
170,182,245,ko,연보라색,연보라색,연보라
156,210,140,ko,연한 녹색,연한 녹색,연녹
103,62,193,ko,진한 보라색,진한 보라색,진보라
224,159,235,ko,분홍색,분홍색,분홍
73,105,85,ko,녹색,녹색,녹
66,35,82,ko,진보라색,진보라색,진보라
119,124,210,ko,연보라,연보라색,연보라
164,246,81,ko,연두색,연두색,연두
202,158,15,ko,짙은 노란색,짙은 노란색,짙은노랑
252,207,12,ko,노란색,노란색,노랑
34,28,142,ko,남색,남색,남
203,119,169,ko,진분홍색,진분홍색,진분홍
199,104,22,ko,갈색,갈색,갈
226,4,226,ko,보라색,보라색,보라
251,96,178,ko,분홍색,분홍색,분홍
187,232,41,ko,연두색,연두색,연두
207,219,218,ko,밝은회색,밝은회색,밝은회
212,131,225,ko,연보라색,연보라색,연보라
180,181,210,ko,짙은네이비색,짙은네이비색,짙은네이비
234,81,212,ko,분홍색,분홍색,분홍
9,143,9,ko,풀색,풀색,풀
158,18,44,ko,자주색,자주색,자주
48,123,200,ko,파란색,파란색,파랑
83,9,101,ko,보라색,보라색,보라
37,243,233,ko,하늘색,하늘색,하늘
45,186,93,ko,초록색,초록색,초록
212,219,127,ko,녹차색,녹차색,녹차
117,174,45,ko,연두색,연두색,연두
189,251,164,ko,밝은연두색,밝은연두색,밝은연두
219,161,20,ko,주황색,주황색,주황
217,111,76,ko,적갈색,적갈색,적갈
167,178,3,ko,풀색,풀색,풀
81,253,2,ko,형광초록색,형광초록색,형광초록
15,223,122,ko,형광녹색,형광녹색,형광녹
167,6,48,ko,크림슨,크림슨색,크림슨
89,21,75,ko,자주색,자주색,자주
76,153,85,ko,녹색,녹색,녹
109,225,71,ko,연두색,연두색,연두
19,67,190,ko,남색,남색,남
148,26,185,ko,보라색,보라색,보라
96,94,69,ko,회색,회색,회
209,172,80,ko,베이지색,베이지색,베이지
133,76,192,ko,라벤더,라벤더색,라벤더
123,226,88,ko,연두,연두색,연두
244,220,184,ko,살색,살색,살
214,209,213,ko,옅은회색,옅은회색,옅은회
191,102,127,ko,인디언핑크,인디언핑크색,인디언핑크
122,15,7,ko,와인,와인색,와인
244,169,200,ko,분홍,분홍색,분홍
152,62,187,ko,보라,보라색,보라
218,77,215,ko,밝은자주,밝은자주색,밝은자주
217,6,251,ko,밝은보라,밝은보라색,밝은보라
102,253,40,ko,형광연두,형광연두색,형광연두
38,135,3,ko,초록,초록색,초록
188,241,147,ko,에메랄드,에메랄드색,에메랄드
70,29,41,ko,갈색,갈색,갈
225,190,71,ko,개나리색,개나리색,개나리
88,74,157,ko,짙은파랑,짙은파랑색,짙은파랑
165,205,13,ko,풀색,풀색,풀
180,26,127,ko,진한자주,진한자주색,진자주
165,232,221,ko,밝은하늘,밝은하늘색,밝은하늘
224,123,21,ko,짙은주황,짙은주황색,짙은주황
29,183,5,ko,녹색,녹색,녹
58,62,56,ko,짙은풀색,짙은풀색,짙은풀
215,28,32,ko,빨강,빨강색,빨강
54,144,78,ko,초록,초록색,초록
55,64,211,ko,파랑,파랑색,파랑
208,0,94,ko,핑크,핑크색,핑크
101,226,179,ko,에메랄드,에메랄드색,에메랄드
68,44,84,ko,남색,남색,남
154,126,226,ko,연보라,연보라색,연보라
148,22,208,ko,보라,보라색,보라
11,143,237,ko,파랑,파랑색,파랑
81,203,122,ko,옅은초록,옅은초록색,옅은초록
254,153,140,ko,살색,살색,살
19,46,13,ko,짙은풀색,짙은풀색,짙은풀
92,20,242,ko,밝은보라,밝은보라색,밝은보라
28,87,28,ko,초록,초록색,초록
181,166,142,ko,회색,회색,회
77,230,230,ko,민트,민트색,민트
96,111,72,ko,청록,청록색,청록
216,156,2,ko,노랑,노랑색,노랑
149,11,107,ko,자주,자주색,자주
121,48,34,ko,갈색,갈색,갈
55,38,149,ko,남색,남색,남
248,43,239,ko,핑크,핑크색,핑크
125,59,105,ko,보라,보라색,보라
228,72,7,ko,주황,주황색,주황
223,116,218,ko,핑크,핑크색,핑크
54,201,62,ko,초록,초록색,초록
49,239,132,ko,에메랄드,에메랄드색,에메랄드
153,191,118,ko,황록색,황록색,황록
132,166,233,ko,옅은 푸른색,옅은 푸른색,옅은푸른
127,96,134,ko,적보라색,적보라색,적보라
225,193,207,ko,짙은핑크색,짙은핑크색,짙은핑크
87,2,229,ko,남색,남색,남
45,116,25,ko,군청색,군청색,군청
17,254,40,ko,밝은 에메랄드색,밝은 에메랄드색,밝은에메랄드
146,223,53,ko,어두운 초록색,어두운 초록색,어두운초록
216,112,56,ko,주황색,주황색,주황
131,150,131,ko,청회색,청회색,청회
13,207,52,ko,초록색,초록색,초록
242,155,59,ko,옅은 적주황색,옅은 적주황색,옅은적주황
188,66,205,ko,적보라색,적보라색,적보라
123,191,231,ko,옅은 청파란색,옅은 청파란색,옅은청파랑
232,15,90,ko,진한 빨강색,진한 빨강색,진빨강
253,130,166,ko,진한 핑크색,진한 핑크색,진핑크
172,37,226,ko,밝은 보라색,밝은 보라색,밝은보라
123,231,227,ko,푸른 에메랄드색,푸른 에메랄드색,푸른에메랄드
65,36,176,ko,짙은 남색,짙은 남색,짙은남
161,36,81,ko,진한 적주황색,진한 적주황색,진적주황
56,190,127,ko,짙은 초록색,짙은 초록색,짙은초록
56,112,250,ko,파란색,파란색,파랑
16,41,92,ko,매우 짙은 남색,매우 짙은 남색,매우짙은남
14,122,159,ko,청 파란색,청 파란색,청파랑
74,174,153,ko,짙은 파란초록색,짙은 파란초록색,짙은파랑초록
202,68,155,ko,적핑크색,적핑크색,적핑크
238,11,178,ko,밝은적핑크색,밝은적핑크색,밝은적핑크
233,78,37,ko,짙은 주황색,짙은 주황색,짙은주황
201,219,72,ko,옅은 청연두색,옅은 청연두색,옅은청연두
173,2,33,ko,짙은 청적색,짙은 청적색,짙은청적
79,140,248,ko,옅은 바다색,옅은 바다색,옅은바다
251,8,239,ko,밝은 핑크색,밝은 핑크색,밝은핑크
130,159,6,ko,진한 청록색,진한 청록색,진청록
161,127,194,ko,옅은 진연보라색,옅은 진연보라색,옅은진연보라
126,88,56,ko,짙은 청갈색,짙은 청갈색,짙은청갈
8,249,30,ko,형광 연두색,형광 연두색,형광연두
48,111,14,ko,짙은 녹색,짙은 녹색,짙은녹
8,222,69,ko,연두색,연두색,연두
85,225,169,ko,에메랄드색,에메랄드색,에메랄드
110,107,121,ko,회색,회색,회
225,55,211,ko,연보라색,연보라색,연보라
68,41,4,ko,짙은 갈색,짙은 갈색,짙은갈
12,165,25,ko,녹색,녹색,녹
232,62,30,ko,자주색,자주색,자주
212,191,97,ko,황토색,황토색,황토
147,31,33,ko,붉은 갈색,붉은 갈색,붉은갈
103,160,223,ko,하늘색,하늘색,하늘
245,109,170,ko,분홍색,분홍색,분홍
7,65,164,ko,파란색,파란색,파랑
50,46,95,ko,남색,남색,남
49,31,29,ko,갈색,갈색,갈
191,75,40,ko,다홍색,다홍색,다홍
194,183,13,ko,밝은 갈색,밝은 갈색,밝은갈
33,96,109,ko,청록색,청록색,청록
212,110,225,ko,연보라색,연보라색,연보라
6,132,246,ko,물색,물색,물
192,33,140,ko,자주색,자주색,자주
250,206,186,ko,살색,살색,살
137,22,200,ko,보라색,보라색,보라
249,255,86,ko,연노랑색,연노랑색,연노랑
171,249,222,ko,민트색,민트색,민트
46,103,131,ko,청록색,청록색,청록
25,162,80,ko,녹색,녹색,녹
45,16,135,ko,남색,남색,남
22,118,0,ko,풀색,풀색,풀
148,145,235,ko,연보라색,연보라색,연보라
218,145,34,ko,황토색,황토색,황토
87,17,234,ko,남자주색,남자주색,남자주
183,79,21,ko,갈색,갈색,갈
80,231,12,ko,연두색,연두색,연두
49,197,227,ko,하늘색,하늘색,하늘
17,148,253,ko,파란색,파란색,파랑
191,22,215,ko,자주색,자주색,자주
21,183,60,ko,녹색,녹색,녹
150,108,41,ko,갈색,갈색,갈
104,147,17,ko,풀색,풀색,풀
212,215,229,ko,회색,회색,회
125,22,128,ko,자주색,자주색,자주
231,110,117,ko,분홍색,분홍색,분홍
199,28,46,ko,빨간색,빨간색,빨강
18,197,158,ko,옥색,옥색,옥
119,159,194,ko,쪽색,쪽색,쪽
204,188,90,ko,금색,금색,금
49,135,109,ko,진녹색,진녹색,진녹
252,24,188,ko,분홍색,분홍색,분홍
246,156,235,ko,분홍색,분홍색,분홍
254,205,33,ko,노란색,노란색,노랑
179,203,10,ko,연두색,연두색,연두
24,251,243,ko,청록색,청록색,청록
253,25,104,ko,매화색,매화색,매화
220,129,242,ko,연보라색,연보라색,연보라
130,248,140,ko,연녹색,연녹색,연녹
118,185,134,ko,풀색,풀색,풀
198,238,209,ko,연한 옥색,연한 옥색,연옥
75,251,111,ko,밝은 녹색,밝은 녹색,밝은녹
13,24,77,ko,검은색,검은색,검정
177,82,63,ko,갈색,갈색,갈
231,89,202,ko,분홍,분홍색,분홍
72,87,161,ko,남색,남색,남
31,213,76,ko,연두색,연두색,연두
159,188,63,ko,황록색,황록색,황록
200,183,26,ko,베이지색,베이지색,베이지
144,15,198,ko,보라색,보라색,보라
20,53,102,ko,짙은파랑,짙은파랑색,짙은파랑
169,23,43,ko,짙은빨강,짙은빨강색,짙은빨강
5,29,240,ko,파랑,파랑색,파랑
93,58,64,ko,갈색,갈색,갈
114,185,108,ko,연초록색,연초록색,연초록
180,8,252,ko,자주색,자주색,자주
176,86,218,ko,연보라,연보라색,연보라
9,61,23,ko,짙은녹색,짙은녹색,짙은녹
252,231,222,ko,연분홍,연분홍색,연분홍
132,20,99,ko,짙은자주색,짙은자주색,짙은자주
229,4,129,ko,자홍색,자홍색,자홍
60,115,95,ko,청록색,청록색,청록
104,188,231,ko,하늘색,하늘색,하늘
228,39,242,ko,분홍색,분홍색,분홍
6,16,154,ko,짙은파란색,짙은파란색,짙은파랑
106,64,152,ko,보라색,보라색,보라
252,196,164,ko,살구색,살구색,살구
75,162,172,ko,청록색,청록색,청록
112,134,10,ko,모름,모름색,모름
217,37,35,ko,빨강,빨강색,빨강
102,217,15,ko,연두색,연두색,연두
176,201,193,ko,청회색,청회색,청회
233,148,80,ko,주황색,주황색,주황
11,15,38,ko,검정색,검정색,검정
234,241,120,ko,연노랑,연노랑색,연노랑
235,153,245,ko,연분홍,연분홍색,연분홍
233,124,12,ko,주황색,주황색,주황
212,1,82,ko,짙은자주색,짙은자주색,짙은자주
148,130,171,ko,연보라,연보라색,연보라
255,133,116,ko,연주황,연주황색,연주황
211,246,20,ko,연녹,연녹색,연녹
188,70,147,ko,보라,보라색,보라
80,248,90,ko,초록,초록색,초록
11,35,138,ko,파랑,파랑색,파랑
196,90,219,ko,연보라,연보라색,연보라
221,211,202,ko,회색,회색,회
95,42,244,ko,보라,보라색,보라
2,234,171,ko,하늘,하늘색,하늘
60,163,41,ko,청록,청록색,청록
144,31,153,ko,보라,보라색,보라
142,175,250,ko,하늘,하늘색,하늘
179,234,221,ko,하늘,하늘색,하늘
74,158,145,ko,청록,청록색,청록
248,23,73,ko,진분홍,진분홍색,진분홍
95,40,69,ko,보라,보라색,보라
144,159,39,ko,풀,풀색,풀
248,251,150,ko,노랑,노랑색,노랑
208,23,10,ko,빨강,빨강색,빨강
243,7,106,ko,진분홍,진분홍색,진분홍
237,240,89,ko,노랑,노랑색,노랑
220,186,40,ko,똥,똥색,똥
243,115,82,ko,주황,주황색,주황
172,127,77,ko,갈,갈색,갈
119,38,115,ko,보라,보라색,보라
54,87,88,ko,청록,청록색,청록
175,140,217,ko,보라,보라색,보라
229,43,160,ko,연보라,연보라색,연보라
167,110,0,ko,똥,똥색,똥
42,118,66,ko,청록,청록색,청록
132,18,28,ko,연갈,연갈색,연갈
183,2,44,ko,빨강,빨강색,빨강
84,21,161,ko,보라,보라색,보라
149,249,39,ko,초록,초록색,초록
132,175,176,ko,청록색,청록색,청록
66,190,2,ko,연한초록색,연한초록색,연초록
17,58,254,ko,파란색,파란색,파랑
164,132,182,ko,연한보라식,연한보라식색,연보라식
208,215,5,ko,연두빛노랑,연두빛노랑색,연두빛노랑
202,70,172,ko,자주색,자주색,자주
39,136,18,ko,초록색,초록색,초록
249,53,101,ko,밝은자두색,밝은자두색,밝은자두
216,43,24,ko,빨간색,빨간색,빨강
76,248,8,ko,연두색,연두색,연두
60,84,147,ko,청남색,청남색,청남
127,178,89,ko,탁한연두색,탁한연두색,탁한연두
172,195,146,ko,황록색,황록색,황록
28,219,172,ko,에메랄드색,에메랄드색,에메랄드
39,137,208,ko,바다색,바다색,바다
74,109,104,ko,남회색,남회색,남회
173,35,196,ko,적보라,적보라색,적보라
113,85,176,ko,코발트블루,코발트블루색,코발트블루
238,236,205,ko,상아색,상아색,상아
131,112,118,ko,갈회샛,갈회샛색,갈회샛
205,107,43,ko,밝은적갈색,밝은적갈색,밝은적갈
24,19,144,ko,진한남색,진한남색,진남
19,208,208,ko,형광하늘색,형광하늘색,형광하늘
142,10,35,ko,진한장미색,진한장미색,진장미
243,58,248,ko,형광자주,형광자주색,형광자주
193,112,104,ko,"갈색, 구리색","갈색, 구리색","갈색,구리"
56,43,201,ko,진한남색,진한남색,진남
195,75,128,ko,자몽색,자몽색,자몽
150,186,253,ko,하늘색,하늘색,하늘
230,179,50,ko,탁한노란색,탁한노란색,탁한노랑
160,25,237,ko,적보라색,적보라색,적보라
168,238,39,ko,연두색,연두색,연두
133,218,148,ko,"에버그린, 연한초록색, 에버노트색","에버그린, 연한초록색, 에버노트색","에버그린,연초록색,에버노트"
197,134,234,ko,연보라색,연보라색,연보라
114,209,246,ko,연하늘색,연하늘색,연하늘
97,106,5,ko,"늪지색, 갈빛초록","늪지색, 갈빛초록색","늪지색,갈빛초록"
158,127,122,ko,연한 갈색,연한 갈색,연갈
7,154,170,ko,바다색,바다색,바다
3,135,11,ko,녹색,녹색,녹
107,250,47,ko,연두색,연두색,연두
26,160,130,ko,청록색,청록색,청록
98,239,160,ko,밝은 연두색,밝은 연두색,밝은연두
215,82,31,ko,주황색,주황색,주황
112,156,52,ko,풀색,풀색,풀
214,182,199,ko,분홍색,분홍색,분홍
181,199,20,ko,연노랑색,연노랑색,연노랑
233,166,106,ko,살구색,살구색,살구
242,233,146,ko,베이지색,베이지색,베이지
145,83,7,ko,갈색,갈색,갈
140,6,231,ko,보라색,보라색,보라
19,10,248,ko,파랑색,파랑색,파랑
64,45,153,ko,군청색,군청색,군청
63,146,239,ko,하늘색,하늘색,하늘
89,201,22,ko,연두색,연두색,연두
153,92,199,ko,연보라색,연보라색,연보라
133,77,90,ko,연갈색,연갈색,연갈
175,88,157,ko,분홍색,분홍색,분홍
166,158,85,ko,탁한연두색,탁한연두색,탁한연두
182,27,65,ko,붉은자주색,붉은자주색,붉은자주
39,55,64,ko,국방색,국방색,국방
153,14,97,ko,자주색,자주색,자주
151,69,97,ko,와인색,와인색,와인
241,182,70,ko,진노란색,진노란색,진노랑
117,207,113,ko,연두색,연두색,연두
202,7,224,ko,자주색,자주색,자주
170,193,208,ko,회청색,회청색,회청
53,164,121,ko,진녹색,진녹색,진녹
15,222,214,ko,밝은 청록색,밝은 청록색,밝은청록
230,217,30,ko,노란색,노란색,노랑
200,95,29,ko,진주황색,진주황색,진주황
144,57,176,ko,보라색,보라색,보라
100,195,205,ko,어두운 청록색,어두운 청록색,어두운청록
135,26,174,ko,보라색,보라색,보라
237,180,14,ko,개나리색,개나리색,개나리
64,114,170,ko,바다색,바다색,바다
236,140,166,ko,연분홍색,연분홍색,연분홍
242,15,195,ko,분홍색,분홍색,분홍
30,210,208,ko,녹하늘색,녹하늘색,녹하늘
222,207,162,ko,베이지색,베이지색,베이지
253,15,244,ko,진분홍색,진분홍색,진분홍
182,228,248,ko,연한하늘색,연한하늘색,연하늘
131,15,89,ko,마젠타,마젠타색,마젠타
3,180,103,ko,연두색,연두색,연두
3,45,169,ko,진청색,진청색,진청
198,163,212,ko,연보라색,연보라색,연보라
92,246,34,ko,밝은 연두색,밝은 연두색,밝은연두
229,58,27,ko,빨간색,빨간색,빨강
202,209,176,ko,베이지색,베이지색,베이지
77,87,253,ko,남청색,남청색,남청
5,211,93,ko,진한 연두색,진한 연두색,진연두
113,44,204,ko,보라색,보라색,보라
88,152,36,ko,올리브색,올리브색,올리브
164,203,86,ko,풀색,풀색,풀
231,109,254,ko,분홍색,분홍색,분홍
206,245,15,ko,연두색,연두색,연두
160,69,46,ko,갈색,갈색,갈
237,71,171,ko,밝은 분홍색,밝은 분홍색,밝은분홍
30,77,137,ko,남색,남색,남
53,8,12,ko,흑갈색,흑갈색,흑갈
61,192,254,ko,하늘색,하늘색,하늘
151,5,245,ko,밝은 보라색,밝은 보라색,밝은보라
90,35,98,ko,어두운 보라색,어두운 보라색,어두운보라
23,4,93,ko,진남색,진남색,진남
14,22,222,ko,청색,청색,청
73,241,189,ko,밝은 청록색,밝은 청록색,밝은청록
153,118,192,ko,연보라색,연보라색,연보라
196,136,76,ko,연갈색,연갈색,연갈
27,135,48,ko,녹색,녹색,녹
183,163,24,ko,카키,카키색,카키
254,39,67,ko,선홍,선홍색,선홍
157,60,90,ko,자주,자주색,자주
239,67,112,ko,꽃분홍,꽃분홍색,꽃분홍
130,10,27,ko,갈색,갈색,갈
220,51,5,ko,빨강,빨강색,빨강
183,2,190,ko,보라,보라색,보라
191,8,244,ko,보라,보라색,보라
97,209,92,ko,초록,초록색,초록
247,217,194,ko,살구,살구색,살구
11,221,134,ko,초록,초록색,초록
5,196,168,ko,초록,초록색,초록
199,85,53,ko,적색,적색,적
119,96,147,ko,보라,보라색,보라
203,124,88,ko,갈색,갈색,갈
250,214,107,ko,상아색,상아색,상아
244,88,198,ko,핫핑크,핫핑크색,핫핑크
64,20,228,ko,쪽빛,쪽빛색,쪽빛
35,187,10,ko,초록,초록색,초록
123,39,118,ko,자주,자주색,자주
29,110,252,ko,파랑,파랑색,파랑
235,189,133,ko,상아,상아색,상아
119,191,251,ko,하늘,하늘색,하늘
120,78,254,ko,보라,보라색,보라
69,54,171,ko,네이비,네이비색,네이비
203,210,55,ko,겨자,겨자색,겨자
159,152,182,ko,연보라,연보라색,연보라
175,216,226,ko,스카이블루,스카이블루색,스카이블루
28,107,86,ko,짙은녹색,짙은녹색,짙은녹
26,123,196,ko,파랑,파랑색,파랑
104,249,39,ko,연두,연두색,연두
95,185,182,ko,초록,초록색,초록
125,144,21,ko,카키,카키색,카키
97,32,69,ko,자주,자주색,자주
137,202,147,ko,연한초록,연한초록색,연초록
141,86,55,ko,갈색,갈색,갈
137,93,153,ko,연보라색,연보라색,연보라
149,197,99,ko,진연두색,진연두색,진연두
195,248,185,ko,메론색,메론색,메론
113,204,254,ko,하늘색,하늘색,하늘
20,232,96,ko,연두색,연두색,연두
241,196,39,ko,노란색,노란색,노랑
99,58,163,ko,보라색,보라색,보라
57,174,62,ko,녹색,녹색,녹
108,228,41,ko,연두색,연두색,연두
203,175,226,ko,연보라,연보라색,연보라
254,48,126,ko,다홍,다홍색,다홍
19,240,175,ko,옥색,옥색,옥
220,121,22,ko,주황,주황색,주황
196,109,154,ko,연자주,연자주색,연자주
236,64,57,ko,빨강,빨강색,빨강
249,105,221,ko,분홍,분홍색,분홍
117,220,84,ko,연두,연두색,연두
25,124,70,ko,녹색,녹색,녹
169,76,230,ko,보라,보라색,보라
247,10,185,ko,꽃분홍,꽃분홍색,꽃분홍
86,145,192,ko,연청,연청색,연청
81,12,252,ko,군청,군청색,군청
90,100,191,ko,남색,남색,남
67,253,19,ko,연두,연두색,연두
224,224,40,ko,노랑,노랑색,노랑
6,9,61,ko,검정,검정색,검정
238,186,2,ko,호박,호박색,호박
153,96,56,ko,갈색,갈색,갈
239,212,101,ko,노랑,노랑색,노랑
209,8,72,ko,다홍,다홍색,다홍
115,35,24,ko,진갈색,진갈색,진갈
161,239,17,ko,연두,연두색,연두
202,42,244,ko,보라,보라색,보라
74,243,236,ko,옥색,옥색,옥
33,170,51,ko,초록,초록색,초록
166,63,145,ko,자주,자주색,자주
15,15,142,ko,군청,군청색,군청
217,153,238,ko,연보라,연보라색,연보라
157,139,82,ko,황갈색,황갈색,황갈
33,238,86,ko,연두,연두색,연두
23,238,131,ko,풀색,풀색,풀
46,198,157,ko,청록,청록색,청록
46,74,7,ko,검정,검정색,검정
254,214,238,ko,연분홍,연분홍색,연분홍
245,130,109,ko,주황,주황색,주황
165,20,219,ko,보라색,보라색,보라
160,100,56,ko,갈색,갈색,갈
110,187,228,ko,하늘색,하늘색,하늘
33,41,254,ko,파란색,파란색,파랑
199,149,223,ko,연보라색,연보라색,연보라
225,23,144,ko,핫핑크,핫핑크색,핫핑크
131,26,12,ko,진한빨강,진한빨강색,진빨강
131,248,38,ko,연두,연두색,연두
99,181,163,ko,에메랄드,에메랄드색,에메랄드
113,147,9,ko,녹색,녹색,녹
153,137,70,ko,풀색,풀색,풀
242,53,116,ko,형광핑크,형광핑크색,형광핑크
12,3,171,ko,파란색,파란색,파랑
48,192,20,ko,연두색,연두색,연두
24,236,193,ko,에메랄드,에메랄드색,에메랄드
106,207,115,ko,연두,연두색,연두
178,225,7,ko,연두,연두색,연두
173,179,161,ko,회색,회색,회
46,36,128,ko,남색,남색,남
151,237,83,ko,연두색,연두색,연두
16,67,118,ko,파란색,파란색,파랑
99,37,92,ko,남보라색,남보라색,남보라
202,108,102,ko,분홍,분홍색,분홍
36,231,254,ko,형광하늘,형광하늘색,형광하늘
26,63,69,ko,진한녹색,진한녹색,진녹
120,115,254,ko,형광남보라,형광남보라색,형광남보라
52,141,254,ko,하늘,하늘색,하늘
208,141,3,ko,오렌지,오렌지색,오렌지
157,94,152,ko,보라,보라색,보라
172,35,163,ko,형광보라,형광보라색,형광보라
31,159,243,ko,하늘,하늘색,하늘
132,41,75,ko,진한빨강,진한빨강색,진빨강
205,42,56,ko,빨강,빨강색,빨강
253,54,203,ko,형광분홍,형광분홍색,형광분홍
4,247,120,ko,형광연두,형광연두색,형광연두
186,106,222,ko,연보라,연보라색,연보라
117,163,222,ko,하늘색,하늘색,하늘
145,21,134,ko,진보라,진보라색,진보라
119,120,26,ko,풀색,풀색,풀
253,98,102,ko,다홍색,다홍색,다홍
164,40,196,ko,보라,보라색,보라
165,113,218,ko,연보라,연보라색,연보라
7,232,32,ko,연두,연두색,연두
23,149,57,ko,녹색,녹색,녹
62,224,129,ko,연녹색,연녹색,연녹
84,162,16,ko,진녹색,진녹색,진녹
56,240,220,ko,형광하늘,형광하늘색,형광하늘
191,107,94,ko,적홍색,적홍색,적홍
208,152,165,ko,어두운 분홍,어두운 분홍색,어두운분홍
225,4,100,ko,진분홍,진분홍색,진분홍
249,34,9,ko,다홍,다홍색,다홍
17,22,255,ko,밝은 파랑,밝은 파랑색,밝은파랑
176,128,14,ko,황토,황토색,황토
152,5,51,ko,와인,와인색,와인
87,4,83,ko,보라,보라색,보라
45,61,201,ko,파랑,파랑색,파랑
217,107,60,ko,어두운 주황,어두운 주황색,어두운주황
57,170,156,ko,청록,청록색,청록
38,167,81,ko,초록,초록색,초록
94,215,25,ko,연두,연두색,연두
246,87,70,ko,빨강,빨강색,빨강
119,65,13,ko,갈색,갈색,갈
33,251,200,ko,맑은 하늘색,맑은 하늘색,맑은하늘
8,40,218,ko,파랑,파랑색,파랑
182,201,249,ko,연한 하늘색,연한 하늘색,연하늘
48,105,74,ko,어두운 초록색,어두운 초록색,어두운초록
156,6,154,ko,보라,보라색,보라
180,186,83,ko,어두운 연두색,어두운 연두색,어두운연두
56,223,236,ko,하늘색,하늘색,하늘
142,47,255,ko,푸른 보라,푸른 보라색,푸른보라
206,142,204,ko,연보라,연보라색,연보라
85,14,49,ko,진한 갈색,진한 갈색,진갈
217,252,198,ko,연한 초록,연한 초록색,연초록
31,250,69,ko,맑은 연두,맑은 연두색,맑은연두
180,254,41,ko,연두,연두색,연두
211,94,182,ko,자주,자주색,자주
23,192,142,ko,청록,청록색,청록
132,129,172,ko,연한 남색,연한 남색,연남
28,165,250,ko,밝은 파랑,밝은 파랑색,밝은파랑
170,96,114,ko,팥색,팥색,팥
161,251,107,ko,연두,연두색,연두
156,139,253,ko,연보라,연보라색,연보라
185,19,113,ko,와인,와인색,와인
39,54,125,ko,남색,남색,남
76,208,62,ko,초록,초록색,초록
52,133,186,ko,파랑,파랑색,파랑
165,247,66,ko,연두,연두색,연두
124,248,229,ko,청록,청록색,청록
197,180,11,ko,황록,황록색,황록
111,41,120,ko,보라,보라색,보라
241,246,216,ko,회색,회색,회
132,192,1,ko,풀색,풀색,풀
165,28,35,ko,자주,자주색,자주
137,127,25,ko,카키,카키색,카키
219,28,203,ko,분홍,분홍색,분홍
45,164,192,ko,코발트블루,코발트블루색,코발트블루
244,150,37,ko,주황,주황색,주황
69,24,244,ko,코발트 블루,코발트 블루색,코발트블루
127,129,170,ko,블루 그레이,블루 그레이색,블루그레이
171,181,15,ko,셉그린,셉그린색,셉그린
6,29,99,ko,남색,남색,남
223,131,192,ko,핑크,핑크색,핑크
196,18,62,ko,레드,레드색,레드
117,210,7,ko,옐로우 그린,옐로우 그린색,옐로우그린
111,60,138,ko,바이올렛,바이올렛색,바이올렛
2,59,171,ko,딥 블루,딥 블루색,딥블루
54,169,200,ko,페르시안 블루,페르시안 블루색,페르시안블루
131,117,4,ko,올리브 그린,올리브 그린색,올리브그린
97,164,46,ko,퍼머넌트 그린,퍼머넌트 그린색,퍼머넌트그린
9,250,22,ko,형광 연두,형광 연두색,형광연두
136,41,185,ko,레드 바이올렛,레드 바이올렛색,레드바이올렛
226,232,105,ko,레몬,레몬색,레몬
121,163,167,ko,파스텔 블루,파스텔 블루색,파스텔블루
14,166,17,ko,초록,초록색,초록
24,129,247,ko,파랑,파랑색,파랑
11,169,124,ko,그린,그린색,그린
101,103,236,ko,파스텔 보라,파스텔 보라색,파스텔보라
185,52,238,ko,자주색,자주색,자주
30,17,191,ko,코발트 블루,코발트 블루색,코발트블루
182,187,143,ko,올리브 그린 파스텔,올리브 그린 파스텔색,올리브그린파스텔
247,52,8,ko,퍼머넌트 레드,퍼머넌트 레드색,퍼머넌트레드
118,84,73,ko,번트 시에나,번트 시에나색,번트시에나
208,157,52,ko,라이트 브라운,라이트 브라운색,라이트브라운
175,62,0,ko,브라운 레드,브라운 레드색,브라운레드
249,61,214,ko,형광 핑크,형광 핑크색,형광핑크
79,82,51,ko,딥 올리브 그린,딥 올리브 그린색,딥올리브그린
189,44,123,ko,크림슨 레이크,크림슨 레이크색,크림슨레이크
178,242,137,ko,라이트 그린 옐로우,라이트 그린 옐로우색,라이트그린옐로우
34,139,122,ko,비리디안 휴,비리디안 휴색,비리디안휴
184,224,218,ko,파스텔 스카이,파스텔 스카이색,파스텔스카이
1,179,11,ko,초록,초록색,초록
97,254,163,ko,에메랄드,에메랄드색,에메랄드
246,37,173,ko,자주,자주색,자주
250,251,140,ko,상아,상아색,상아
249,2,17,ko,빨강,빨강색,빨강
150,5,174,ko,보라,보라색,보라
172,72,116,ko,자주,자주색,자주
131,10,228,ko,진한보라,진한보라색,진보라
213,86,174,ko,밝은보라,밝은보라색,밝은보라
246,10,112,ko,다홍,다홍색,다홍
153,199,246,ko,하늘,하늘색,하늘
204,220,197,ko,회색,회색,회
29,117,2,ko,초록,초록색,초록
65,240,193,ko,에메랄드,에메랄드색,에메랄드
202,104,17,ko,감귤,감귤색,감귤
247,26,61,ko,형광다홍,형광다홍색,형광다홍
39,28,199,ko,군청,군청색,군청
145,215,173,ko,에메랄드,에메랄드색,에메랄드
3,23,138,ko,남색,남색,남
250,8,215,ko,형광분홍,형광분홍색,형광분홍
60,221,0,ko,연두,연두색,연두
206,152,159,ko,팥죽색,팥죽색,팥죽
150,75,161,ko,보라색,보라색,보라
210,53,252,ko,형과오라,형과오라색,형과오라
239,151,238,ko,진달래,진달래색,진달래
187,140,105,ko,갈색,갈색,갈
180,38,8,ko,빨간색,빨간색,빨강
145,247,113,ko,연두색,연두색,연두
56,130,83,ko,녹색,녹색,녹
64,144,226,ko,파란색,파란색,파랑
189,165,19,ko,겨자,겨자색,겨자
46,130,10,ko,녹색,녹색,녹
143,32,18,ko,버건디색,버건디색,버건디
1,213,8,ko,형광연두색,형광연두색,형광연두
154,213,212,ko,에메랄드색,에메랄드색,에메랄드
233,160,170,ko,분홍색,분홍색,분홍
206,88,219,ko,형광분홍ㅛㅐㄱ,형광분홍ㅛㅐㄱ색,형광분홍ㅛㅐㄱ
111,103,91,ko,짙은회색,짙은회색,짙은회
176,204,88,ko,연두색,연두색,연두
170,179,136,ko,파스텔연두색,파스텔연두색,파스텔연두
196,56,96,ko,자주색,자주색,자주
153,219,12,ko,밝은연두색,밝은연두색,밝은연두
1,11,128,ko,청색,청색,청
74,124,180,ko,옅은파랑색,옅은파랑색,옅은파랑
42,195,72,ko,잔디색,잔디색,잔디
35,53,134,ko,군청색,군청색,군청
57,25,223,ko,밝은청색,밝은청색,밝은청
238,251,220,ko,파스텔연두색,파스텔연두색,파스텔연두
70,222,237,ko,형광하늘색,형광하늘색,형광하늘
245,155,205,ko,분홍색,분홍색,분홍
153,22,183,ko,형광보라색,형광보라색,형광보라
234,117,26,ko,주황색,주황색,주황
11,82,194,ko,파랑색,파랑색,파랑
64,243,170,ko,형광에메랄드색,형광에메랄드색,형광에메랄드
255,208,189,ko,살구색,살구색,살구
245,138,243,ko,형광분홍색,형광분홍색,형광분홍
49,156,80,ko,초록색,초록색,초록
163,111,16,ko,짙은베이지색,짙은베이지색,짙은베이지
54,63,114,ko,남색,남색,남
233,69,33,ko,다홍색,다홍색,다홍
188,2,115,ko,자주색,자주색,자주
111,81,34,ko,고동색,고동색,고동
133,72,142,ko,안이쁜보라색,안이쁜보라색,안이쁜보라
226,28,227,ko,형광분홍색,형광분홍색,형광분홍
32,10,54,ko,검정색,검정색,검정
192,163,1,ko,겨자색,겨자색,겨자
181,135,194,ko,연보라색,연보라색,연보라
68,247,213,ko,형광하늘색,형광하늘색,형광하늘
51,59,30,ko,암록색,암록색,암록
69,214,33,ko,연두색,연두색,연두
186,15,85,ko,자주색,자주색,자주
237,153,42,ko,주황색,주황색,주황
242,248,60,ko,노랑색,노랑색,노랑
242,94,106,ko,진달래색,진달래색,진달래
253,4,61,ko,빨강색,빨강색,빨강
51,166,48,ko,짙은 연두색,짙은 연두색,짙은연두
144,221,174,ko,에메랄드색,에메랄드색,에메랄드
218,133,180,ko,탁한 분홍색,탁한 분홍색,탁한분홍
199,204,55,ko,라임색,라임색,라임
32,199,126,ko,연록색,연록색,연록
48,171,191,ko,바다색,바다색,바다
199,89,255,ko,형광연보라색,형광연보라색,형광연보라
230,131,233,ko,연자주색,연자주색,연자주
103,247,113,ko,연두색,연두색,연두
233,14,232,ko,형광자주색,형광자주색,형광자주
189,33,175,ko,탁한자주색,탁한자주색,탁한자주
70,121,67,ko,짙은연두색,짙은연두색,짙은연두
139,15,115,ko,짙은자주색,짙은자주색,짙은자주
75,25,99,ko,짙은보라색,짙은보라색,짙은보라
143,186,88,ko,풀색,풀색,풀
134,25,245,ko,형광보라색,형광보라색,형광보라
29,87,214,ko,파랑색,파랑색,파랑
62,133,169,ko,탁한바다색,탁한바다색,탁한바다
53,84,89,ko,탁한청록색,탁한청록색,탁한청록
151,138,1,ko,황록색,황록색,황록
117,17,35,ko,탁한빨강색,탁한빨강색,탁한빨강
244,124,92,ko,탁한주황색,탁한주황색,탁한주황
187,125,113,ko,연갈색,연갈색,연갈
66,5,167,ko,군청색,군청색,군청
179,2,8,ko,빨강색,빨강색,빨강
108,181,241,ko,연파랑색,연파랑색,연파랑
117,253,1,ko,연두색,연두색,연두
185,184,122,ko,연황록색,연황록색,연황록
29,230,7,ko,진한 형광연초록,진한 형광연초록색,진형광연초록
202,187,28,ko,올리브,올리브색,올리브
133,236,44,ko,형광연두,형광연두색,형광연두
104,8,163,ko,보라,보라색,보라
52,223,238,ko,형광하늘,형광하늘색,형광하늘
117,37,33,ko,버건디,버건디색,버건디
130,197,74,ko,녹두,녹두색,녹두
230,38,232,ko,형광자핑크,형광자핑크색,형광자핑크
27,25,79,ko,군청색,군청색,군청
125,99,218,ko,연보라,연보라색,연보라
69,6,215,ko,형광남색,형광남색,형광남
165,11,123,ko,자주색,자주색,자주
50,157,152,ko,청록,청록색,청록
142,23,63,ko,와인,와인색,와인
216,139,254,ko,자핑크,자핑크색,자핑크
10,72,240,ko,형광파랑,형광파랑색,형광파랑
146,235,155,ko,에메랄드,에메랄드색,에메랄드
198,8,28,ko,빨강,빨강색,빨강
215,31,103,ko,자홍,자홍색,자홍
234,234,200,ko,상아,상아색,상아
1,165,238,ko,진하늘,진하늘색,진하늘
223,94,60,ko,주황,주황색,주황
201,239,7,ko,노랑연두,노랑연두색,노랑연두
127,146,252,ko,연남색,연남색,연남
194,215,231,ko,연회하늘,연회하늘색,연회하늘
41,102,173,ko,회파랑,회파랑색,회파랑
127,53,130,ko,진자주,진자주색,진자주
64,123,151,ko,진청록,진청록색,진청록
23,10,127,ko,군청색,군청색,군청
61,231,88,ko,형광연초록,형광연초록색,형광연초록
233,9,180,ko,핫핑크,핫핑크색,핫핑크
252,254,101,ko,노랑,노랑색,노랑
156,3,219,ko,밝은 자보라,밝은 자보라색,밝은자보라
200,100,115,ko,연빨강,연빨강색,연빨강
147,124,11,ko,진올리브,진올리브색,진올리브
230,165,191,ko,연분홍,연분홍색,연분홍
31,1,94,ko,남색,남색,남
167,58,103,ko,와인색,와인색,와인
39,53,195,ko,파란색,파란색,파랑
15,229,37,ko,초록색,초록색,초록
170,19,249,ko,보라색,보라색,보라
126,32,17,ko,갈색,갈색,갈
216,236,11,ko,라임색,라임색,라임
123,195,241,ko,하늘색,하늘색,하늘
109,35,112,ko,보라색,보라색,보라
239,176,198,ko,분홍색,분홍색,분홍
95,183,189,ko,청록색,청록색,청록
131,71,49,ko,갈색,갈색,갈
75,253,20,ko,밝은연두색,밝은연두색,밝은연두
170,38,247,ko,밝은보라색,밝은보라색,밝은보라
155,119,134,ko,살짝붉은회색,살짝붉은회색,살짝붉은회
184,33,11,ko,붉은주황색,붉은주황색,붉은주황
189,106,203,ko,연보라색,연보라색,연보라
159,8,49,ko,검은붉은색,검은붉은색,검정붉은
73,22,176,ko,푸른보라색,푸른보라색,푸른보라
243,175,40,ko,노란주황색,노란주황색,노랑주황
208,102,39,ko,주황갈색,주황갈색,주황갈
130,79,229,ko,밝은보라색,밝은보라색,밝은보라
241,20,44,ko,밝은빨간색,밝은빨간색,밝은빨강
155,160,22,ko,연한초록색,연한초록색,연초록
167,203,131,ko,파스텔연두색,파스텔연두색,파스텔연두
20,16,74,ko,군청색,군청색,군청
171,205,15,ko,연두색,연두색,연두
226,29,120,ko,진한분홍색,진한분홍색,진분홍
221,99,252,ko,연보라색,연보라색,연보라
121,38,73,ko,자주색,자주색,자주
253,89,37,ko,주황색,주황색,주황
155,242,190,ko,연두색,연두색,연두
250,115,242,ko,분홍색,분홍색,분홍
76,194,119,ko,청록색,청록색,청록
45,143,55,ko,풀색,풀색,풀
245,151,215,ko,분홍색,분홍색,분홍
3,190,30,ko,연두색,연두색,연두
206,38,8,ko,빨간색,빨간색,빨강
117,148,9,ko,풀색,풀색,풀
8,67,204,ko,파란색,파란색,파랑
104,85,27,ko,갈색,갈색,갈
250,156,78,ko,주황색,주황색,주황
30,255,248,ko,하늘색,하늘색,하늘
76,163,2,ko,연두색,연두색,연두
137,113,206,ko,보라색,보라색,보라
85,12,82,ko,자주색,자주색,자주
60,181,246,ko,하늘색,하늘색,하늘
74,136,100,ko,청록색,청록색,청록
92,11,134,ko,보라색,보라색,보라
180,60,52,ko,빨간색,빨간색,빨강
144,131,36,ko,고동색,고동색,고동
41,243,189,ko,청록색,청록색,청록
121,224,7,ko,연두색,연두색,연두
167,164,201,ko,파란색,파란색,파랑
76,22,178,ko,파란색,파란색,파랑
163,89,150,ko,자주색,자주색,자주
216,165,5,ko,치자색,치자색,치자
13,127,193,ko,파란색,파란색,파랑
49,11,30,ko,검정색,검정색,검정
220,233,27,ko,노란색,노란색,노랑
237,236,167,ko,흰색,흰색,흰
237,178,174,ko,살구색,살구색,살구
33,241,36,ko,연두색,연두색,연두
131,129,138,ko,회색,회색,회
196,66,158,ko,자주색,자주색,자주
63,49,235,ko,파란색,파란색,파랑
52,213,247,ko,하늘색,하늘색,하늘
79,8,25,ko,진한붉은색,진한붉은색,진붉은
85,172,25,ko,풀색,풀색,풀
24,225,198,ko,민트색,민트색,민트
82,224,100,ko,연두색,연두색,연두
169,41,149,ko,보라색,보라색,보라
215,144,250,ko,연보라색,연보라색,연보라
25,43,92,ko,남색,남색,남
10,141,88,ko,초록색,초록색,초록
195,99,10,ko,주황색,주황색,주황
207,3,114,ko,자주색,자주색,자주
241,103,167,ko,분홍색,분홍색,분홍
93,31,211,ko,청보라색,청보라색,청보라
141,106,184,ko,연보라,연보라색,연보라
172,194,146,ko,풀색,풀색,풀
245,104,90,ko,주황,주황색,주황
233,21,150,ko,핑크,핑크색,핑크
62,204,62,ko,녹색,녹색,녹
159,0,82,ko,자주색,자주색,자주
239,1,16,ko,빨강,빨강색,빨강
251,70,214,ko,핑크,핑크색,핑크
113,16,238,ko,남색,남색,남
200,211,90,ko,풀색,풀색,풀
97,3,172,ko,보라,보라색,보라
228,7,99,ko,붉은색,붉은색,붉은
61,246,170,ko,밝은연두,밝은연두색,밝은연두
98,100,236,ko,연보라,연보라색,연보라
4,111,78,ko,진한녹색,진한녹색,진녹
172,55,31,ko,자주색,자주색,자주
120,233,196,ko,청록색,청록색,청록
22,252,59,ko,연두색,연두색,연두
26,167,175,ko,청록색,청록색,청록
250,253,50,ko,레몬색,레몬색,레몬
211,168,127,ko,살구색,살구색,살구
42,115,206,ko,파란색,파란색,파랑
66,42,29,ko,검정,검정색,검정
61,133,19,ko,녹색,녹색,녹
146,206,87,ko,연두색,연두색,연두
243,122,145,ko,자두색,자두색,자두
174,44,181,ko,보라,보라색,보라
253,241,169,ko,살구색,살구색,살구
51,162,97,ko,초록색,초록색,초록
108,103,15,ko,풀색,풀색,풀
227,128,193,ko,핑크,핑크색,핑크
22,57,9,ko,어두운녹색,어두운녹색,어두운녹
220,166,16,ko,누런색,누런색,누런
144,70,81,ko,자색,자색,자
31,24,72,ko,남색,남색,남
193,200,246,ko,연보라,연보라색,연보라
204,91,3,ko,황토,황토색,황토
142,53,239,ko,보라,보라색,보라
160,3,157,ko,자주,자주색,자주
106,213,70,ko,초록,초록색,초록
109,46,104,ko,짙은 자주,짙은 자주색,짙은자주
217,17,62,ko,빨강,빨강색,빨강
66,185,144,ko,초록에 파랑 조금,초록에 파랑 조금색,초록에파랑조금
254,87,123,ko,짙은 분홍,짙은 분홍색,짙은분홍
179,73,103,ko,더 짙은 분홍,더 짙은 분홍색,더짙은분홍
50,118,27,ko,짙은 초록,짙은 초록색,짙은초록
10,102,83,ko,더 짙은 초록,더 짙은 초록색,더짙은초록
167,185,210,ko,흐린 파랑,흐린 파랑색,흐린파랑
47,91,227,ko,파랑,파랑색,파랑
128,109,9,ko,갈색에 초록 조금,갈색에 초록 조금색,갈색에초록조금
232,223,71,ko,노랑,노랑색,노랑
174,91,181,ko,보라,보라색,보라
84,236,19,ko,초록,초록색,초록
157,101,99,ko,갈색,갈색,갈
155,166,46,ko,갈색에 초록 많이,갈색에 초록 많이색,갈색에초록많이
242,250,251,ko,엄청 연한 파랑,엄청 연한 파랑색,엄청연파랑
219,41,237,ko,자주,자주색,자주
225,67,165,ko,짙은 자주,짙은 자주색,짙은자주
31,7,146,ko,짙은 파랑,짙은 파랑색,짙은파랑
226,230,136,ko,옅은 노랑에 초록 조금,옅은 노랑에 초록 조금색,옅은노랑에초록조금
61,117,160,ko,탁한 파랑,탁한 파랑색,탁한파랑
200,151,200,ko,연보라,연보라색,연보라
113,222,144,ko,에메랄드에 초록,에메랄드에 초록색,에메랄드에초록
203,115,96,ko,갈색에 황토 조금,갈색에 황토 조금색,갈색에황토조금
248,159,50,ko,황토,황토색,황토
239,254,13,ko,노랑,노랑색,노랑
72,77,92,ko,푸른기 있는 어두운 회색,푸른기 있는 어두운 회색,푸른기있는어두운회
159,19,107,ko,자주,자주색,자주
44,230,212,ko,에메랄드,에메랄드색,에메랄드
11,91,176,ko,파랑,파랑색,파랑
35,182,219,ko,연한 파랑,연한 파랑색,연파랑
126,180,26,ko,풀,풀색,풀
190,21,171,ko,자주색,자주색,자주
240,20,53,ko,빨간색,빨간색,빨강
156,186,233,ko,소라색,소라색,소라
214,167,118,ko,황토색,황토색,황토
167,246,65,ko,연두색,연두색,연두
244,46,236,ko,핑크색,핑크색,핑크
16,103,87,ko,청록색,청록색,청록
42,213,5,ko,초록색,초록색,초록
70,11,191,ko,남색,남색,남
89,250,235,ko,하늘색,하늘색,하늘
189,125,51,ko,갈색,갈색,갈
126,16,162,ko,보라색,보라색,보라
71,2,102,ko,진보라색,진보라색,진보라
252,76,167,ko,핑크색,핑크색,핑크
184,123,236,ko,연보라색,연보라색,연보라
1,19,249,ko,파란색,파란색,파랑
8,135,7,ko,초록색,초록색,초록
178,168,147,ko,황토색,황토색,황토
155,247,185,ko,연녹색,연녹색,연녹
0,58,20,ko,진녹색,진녹색,진녹
240,209,87,ko,노란색,노란색,노랑
89,4,51,ko,자주색,자주색,자주
52,202,123,ko,에메랄드색,에메랄드색,에메랄드
64,67,1,ko,진녹색,진녹색,진녹
91,198,60,ko,연두색,연두색,연두
188,224,237,ko,하늘색,하늘색,하늘
168,45,72,ko,다홍색,다홍색,다홍
5,127,221,ko,파란색,파란색,파랑
189,158,224,ko,연보라색,연보라색,연보라
161,174,3,ko,풀색,풀색,풀
159,9,100,ko,자주색,자주색,자주
133,39,1,ko,적갈색,적갈색,적갈
160,24,229,ko,보라색,보라색,보라
196,216,104,ko,연노랑색,연노랑색,연노랑
209,131,111,ko,연홍색,연홍색,연홍
55,17,9,ko,짙은 갈색,짙은 갈색,짙은갈
232,75,220,ko,네온핑크,네온핑크색,네온핑크
216,204,61,ko,겨자색,겨자색,겨자
124,214,230,ko,옥색,옥색,옥
49,247,83,ko,네온초록,네온초록색,네온초록
20,189,9,ko,초록,초록색,초록
237,151,23,ko,오렌지색,오렌지색,오렌지
151,181,153,ko,올리브색,올리브색,올리브
96,209,92,ko,연두색,연두색,연두
78,44,60,ko,짙은보라색,짙은보라색,짙은보라
236,107,17,ko,주황색,주황색,주황
236,158,184,ko,인디핑크,인디핑크색,인디핑크
106,140,212,ko,소라색,소라색,소라
192,113,76,ko,갈색,갈색,갈
207,78,146,ko,자홍색,자홍색,자홍
85,43,230,ko,군청색,군청색,군청
213,173,80,ko,황토색,황토색,황토
252,144,235,ko,연분홍,연분홍색,연분홍
183,64,51,ko,적갈색,적갈색,적갈
162,117,225,ko,연보라,연보라색,연보라
169,245,7,ko,연두색,연두색,연두
202,238,181,ko,민트색,민트색,민트
200,147,126,ko,짙은살구색,짙은살구색,짙은살구
72,57,143,ko,남색,남색,남
127,42,130,ko,진보라색,진보라색,진보라
39,136,32,ko,짙은초록,짙은초록색,짙은초록
193,242,117,ko,연한연두색,연한연두색,연연두
31,82,37,ko,어두운초록색,어두운초록색,어두운초록
179,96,106,ko,짙은살구색,짙은살구색,짙은살구
28,104,93,ko,청록색,청록색,청록
205,3,232,ko,네온핑크,네온핑크색,네온핑크
151,132,148,ko,회갈색,회갈색,회갈
6,164,226,ko,하늘색,하늘색,하늘
84,215,153,ko,옥색,옥색,옥
48,82,209,ko,파랑색,파랑색,파랑
254,116,142,ko,살구색,살구색,살구
88,26,82,ko,짙은보라,짙은보라색,짙은보라
214,136,12,ko,적주황,적주황색,적주황
11,166,189,ko,짙은 하늘,짙은 하늘색,짙은하늘
67,221,183,ko,에메랄드,에메랄드색,에메랄드
133,246,106,ko,형광연두,형광연두색,형광연두
154,87,21,ko,갈색,갈색,갈
130,73,148,ko,보라,보라색,보라
228,175,118,ko,옅은 황토,옅은 황토색,옅은황토
6,68,215,ko,파랑,파랑색,파랑
37,98,9,ko,짙은 초록,짙은 초록색,짙은초록
103,127,54,ko,풀색,풀색,풀
1,220,8,ko,연두,연두색,연두
178,209,124,ko,옅은 풀색,옅은 풀색,옅은풀
145,46,224,ko,형광보라,형광보라색,형광보라
144,181,217,ko,감청색,감청색,감청
205,8,77,ko,진한 빨강,진한 빨강색,진빨강
252,144,251,ko,연보라,연보라색,연보라
230,60,223,ko,밝은 보라,밝은 보라색,밝은보라
167,32,113,ko,자주색,자주색,자주
195,56,31,ko,감색,감색,감
227,49,129,ko,홍매색,홍매색,홍매
83,88,141,ko,남청색,남청색,남청
177,237,251,ko,옅은 하늘,옅은 하늘색,옅은하늘
97,156,42,ko,풀색,풀색,풀
90,79,181,ko,밝은 남색,밝은 남색,밝은남
248,9,47,ko,빨강,빨강색,빨강
119,217,135,ko,어두운 연두,어두운 연두색,어두운연두
182,87,198,ko,밝은 연보라,밝은 연보라색,밝은연보라
94,24,168,ko,보라,보라색,보라
18,119,96,ko,짙은 초록,짙은 초록색,짙은초록
227,213,191,ko,회암색,회암색,회암
21,31,248,ko,파랑,파랑색,파랑
177,252,15,ko,형광연두,형광연두색,형광연두
39,211,213,ko,짙은 에메랄드,짙은 에메랄드색,짙은에메랄드
214,112,123,ko,옅은 적갈색,옅은 적갈색,옅은적갈
66,35,117,ko,남보라,남보라색,남보라
16,214,97,ko,연두색,연두색,연두
73,134,168,ko,청록색,청록색,청록
9,18,160,ko,짙은파랑색,짙은파랑색,짙은파랑
78,236,210,ko,에메랄드색,에메랄드색,에메랄드
233,224,86,ko,노란색,노란색,노랑
176,16,67,ko,마젠타,마젠타색,마젠타
191,167,57,ko,황토색,황토색,황토
37,63,83,ko,검푸른색,검푸른색,검푸른
55,176,137,ko,짙은에메랄드,짙은에메랄드색,짙은에메랄드
46,228,25,ko,녹색,녹색,녹
143,140,84,ko,짙은녹색,짙은녹색,짙은녹
235,97,198,ko,자주색,자주색,자주
100,71,209,ko,짙은보라색,짙은보라색,짙은보라
186,19,116,ko,짙은분홍색,짙은분홍색,짙은분홍
29,27,2,ko,검은색,검은색,검정
92,125,7,ko,짙은연두색,짙은연두색,짙은연두
234,125,254,ko,분홍색,분홍색,분홍
95,200,117,ko,진한연두색,진한연두색,진연두
153,15,22,ko,검붉은색,검붉은색,검붉은
155,18,191,ko,보라색,보라색,보라
199,7,247,ko,밝은 보라색,밝은 보라색,밝은보라
19,105,68,ko,짙은녹색,짙은녹색,짙은녹
122,194,3,ko,연두색,연두색,연두
163,255,4,ko,밝은연두색,밝은연두색,밝은연두
187,99,124,ko,옅은마젠타,옅은마젠타색,옅은마젠타
180,194,226,ko,회파랑색,회파랑색,회파랑
250,40,172,ko,형광분홍색,형광분홍색,형광분홍
242,115,37,ko,주황색,주황색,주황
41,167,173,ko,청록색,청록색,청록
25,95,181,ko,파란색,파란색,파랑
137,58,31,ko,갈색,갈색,갈
4,117,35,ko,녹색,녹색,녹
162,221,167,ko,옅은녹색,옅은녹색,옅은녹
252,5,220,ko,짙은형광분홍색,짙은형광분홍색,짙은형광분홍
34,45,149,ko,코발트블루,코발트블루색,코발트블루
206,155,252,ko,옅은보라색,옅은보라색,옅은보라
210,30,23,ko,자홍색,자홍색,자홍
179,139,59,ko,황토색,황토색,황토
78,24,247,ko,남보라색,남보라색,남보라
161,211,149,ko,옥색,옥색,옥
118,152,42,ko,풀색,풀색,풀
58,220,69,ko,연두색,연두색,연두
16,30,200,ko,군청색,군청색,군청
57,198,136,ko,연녹색,연녹색,연녹
92,187,200,ko,연하늘색,연하늘색,연하늘
112,1,94,ko,짙은보라색,짙은보라색,짙은보라
216,29,251,ko,짙은핑크색,짙은핑크색,짙은핑크
28,229,238,ko,밝은 하늘색,밝은 하늘색,밝은하늘
230,247,60,ko,병아리색,병아리색,병아리
103,138,161,ko,짙은회색,짙은회색,짙은회
138,59,68,ko,적갈색,적갈색,적갈
95,64,131,ko,보라색,보라색,보라
150,213,4,ko,라임색,라임색,라임
215,133,33,ko,주황색,주황색,주황
177,200,71,ko,연두색,연두색,연두
95,28,11,ko,갈색,갈색,갈
136,108,195,ko,연보라색,연보라색,연보라
114,245,207,ko,형광하늘색,형광하늘색,형광하늘
1,158,29,ko,녹색,녹색,녹
152,42,15,ko,황갈색,황갈색,황갈
235,136,167,ko,짙은핑크색,짙은핑크색,짙은핑크
200,111,74,ko,연한갈색,연한갈색,연갈
244,118,233,ko,핫핑크색,핫핑크색,핫핑크
195,173,23,ko,겨자색,겨자색,겨자
39,29,123,ko,짙은남색,짙은남색,짙은남
2,116,95,ko,청록색,청록색,청록
23,132,252,ko,진하늘색,진하늘색,진하늘
70,99,158,ko,연남색,연남색,연남
60,191,247,ko,형광하늘색,형광하늘색,형광하늘
170,5,119,ko,자주색,자주색,자주
81,179,156,ko,연초록색,연초록색,연초록
14,40,216,ko,파랑색,파랑색,파랑
28,132,60,ko,녹색,녹색,녹
80,146,252,ko,하늘색,하늘색,하늘
174,135,208,ko,연보라색,연보라색,연보라
162,133,99,ko,갈색,갈색,갈
98,224,65,ko,연두색,연두색,연두
21,44,169,ko,청색,청색,청
168,8,42,ko,붉은색,붉은색,붉은
150,225,214,ko,민트색,민트색,민트
110,101,2,ko,황갈색,황갈색,황갈
190,68,198,ko,보라색,보라색,보라
88,96,59,ko,녹갈색,녹갈색,녹갈
26,83,223,ko,파란색,파란색,파랑
74,247,141,ko,에메랄드색,에메랄드색,에메랄드
18,87,183,ko,남색,남색,남
177,231,24,ko,연녹색,연녹색,연녹
38,168,35,ko,녹색,녹색,녹
245,71,126,ko,핫핑크,핫핑크색,핫핑크
189,219,83,ko,탁한녹색,탁한녹색,탁한녹
95,150,13,ko,탁한녹색,탁한녹색,탁한녹
70,223,4,ko,형광초록,형광초록색,형광초록
3,138,219,ko,진하늘색,진하늘색,진하늘
225,155,8,ko,귤색,귤색,귤
80,117,68,ko,진녹색,진녹색,진녹
60,9,139,ko,군청색,군청색,군청
156,48,105,ko,다홍색,다홍색,다홍
238,59,201,ko,밝은 분홍색,밝은 분홍색,밝은분홍
143,107,14,ko,황토색,황토색,황토
251,204,88,ko,진노랑색,진노랑색,진노랑
226,204,224,ko,탁한연보라색,탁한연보라색,탁한연보라
183,133,89,ko,밝은 갈색,밝은 갈색,밝은갈
126,56,158,ko,보라색,보라색,보라
230,22,253,ko,형광 보라색,형광 보라색,형광보라
4,91,128,ko,바다색,바다색,바다
246,210,192,ko,살구색,살구색,살구
56,23,214,ko,밝은 남색,밝은 남색,밝은남
23,169,92,ko,초록색,초록색,초록
210,110,208,ko,탁한진분홍색,탁한진분홍색,탁한진분홍
4,114,35,ko,녹색,녹색,녹
243,161,170,ko,탁한진분홍,탁한진분홍색,탁한진분홍
118,47,202,ko,보라색,보라색,보라
73,154,189,ko,탁한진하늘색,탁한진하늘색,탁한진하늘
122,82,106,ko,자색,자색,자
183,48,40,ko,붉은색,붉은색,붉은
189,249,235,ko,민트색,민트색,민트
195,105,15,ko,탁한진주황,탁한진주황색,탁한진주황
163,17,56,ko,진한붉은색,진한붉은색,진붉은
194,69,216,ko,밝은보라색,밝은보라색,밝은보라
254,61,52,ko,다홍,다홍색,다홍
84,35,21,ko,고동,고동색,고동
130,112,21,ko,황토,황토색,황토
54,102,199,ko,파랑,파랑색,파랑
152,219,249,ko,하늘,하늘색,하늘
249,219,135,ko,개나리,개나리색,개나리
61,56,112,ko,군청,군청색,군청
34,116,172,ko,감청,감청색,감청
18,118,94,ko,초록,초록색,초록
183,131,240,ko,연보라,연보라색,연보라
97,254,123,ko,에메랄드,에메랄드색,에메랄드
183,6,252,ko,보라,보라색,보라
117,33,98,ko,팥,팥색,팥
244,109,123,ko,분홍,분홍색,분홍
196,249,59,ko,연두,연두색,연두
219,17,70,ko,빨강,빨강색,빨강
179,80,208,ko,보라,보라색,보라
189,139,19,ko,황토,황토색,황토
226,167,124,ko,살구,살구색,살구
236,100,59,ko,주황,주황색,주황
240,52,206,ko,진한분홍,진한분홍색,진분홍
0,141,18,ko,초록,초록색,초록
150,22,144,ko,보라,보라색,보라
15,69,218,ko,파랑,파랑색,파랑
142,143,173,ko,회보라색,회보라색,회보라
28,7,195,ko,진한 파란색,진한 파란색,진파랑
253,230,219,ko,옅은 핑크색,옅은 핑크색,옅은핑크
249,141,136,ko,살구색,살구색,살구
56,183,167,ko,청록색,청록색,청록
218,252,178,ko,멜론색,멜론색,멜론
102,6,17,ko,갈색,갈색,갈
46,99,146,ko,짙은 파란색,짙은 파란색,짙은파랑
53,204,4,ko,초록색,초록색,초록
206,189,15,ko,누런색,누런색,누런
181,68,223,ko,보라색,보라색,보라
25,145,78,ko,녹색,녹색,녹
48,7,74,ko,짙은 보라색,짙은 보라색,짙은보라
61,50,81,ko,짙은 보라색,짙은 보라색,짙은보라
94,109,105,ko,회색,회색,회
122,252,18,ko,밝은 초록색,밝은 초록색,밝은초록
185,246,102,ko,멜론색,멜론색,멜론
13,77,43,ko,녹색,녹색,녹
204,34,155,ko,밝은 분홍색,밝은 분홍색,밝은분홍
9,113,5,ko,녹색,녹색,녹
212,88,73,ko,다홍색,다홍색,다홍
9,224,97,ko,밝은 초록색,밝은 초록색,밝은초록
212,137,31,ko,짙은 주황색,짙은 주황색,짙은주황
156,213,234,ko,하늘색,하늘색,하늘
96,7,167,ko,보라색,보라색,보라
118,139,38,ko,쑥색,쑥색,쑥
8,249,203,ko,민트색,민트색,민트
180,201,106,ko,초록색,초록색,초록
55,144,151,ko,청록색,청록색,청록
70,102,210,ko,진파란색,진파란색,진파랑
250,25,61,ko,형광 빨간색,형광 빨간색,형광빨강
139,188,10,ko,초록색,초록색,초록
160,22,53,ko,자주색,자주색,자주
146,78,7,ko,갈색,갈색,갈
88,83,237,ko,옅은파란색,옅은파란색,옅은파랑
74,106,73,ko,풀색,풀색,풀
123,174,52,ko,연두색,연두색,연두
12,5,210,ko,파란색,파란색,파랑
205,91,205,ko,옅은자주색,옅은자주색,옅은자주
84,210,26,ko,밝은연두색,밝은연두색,밝은연두
243,186,202,ko,분홍색,분홍색,분홍
203,144,5,ko,황갈색,황갈색,황갈
227,117,168,ko,꽃분홍,꽃분홍색,꽃분홍
122,100,185,ko,연보라,연보라색,연보라
216,197,82,ko,레몬,레몬색,레몬
53,143,89,ko,연초록,연초록색,연초록
82,250,214,ko,형광파랑,형광파랑색,형광파랑
215,33,18,ko,빨강,빨강색,빨강
5,22,161,ko,파랑,파랑색,파랑
197,239,118,ko,파스텔녹색,파스텔녹색,파스텔녹
182,17,241,ko,형광보라,형광보라색,형광보라
128,63,233,ko,보라,보라색,보라
246,26,240,ko,진핑크,진핑크색,진핑크
176,237,26,ko,진한 파스텔녹색,진한 파스텔녹색,진파스텔녹
149,4,127,ko,진보라,진보라색,진보라
165,172,177,ko,회색,회색,회
88,214,95,ko,연초록,연초록색,연초록
142,81,41,ko,고동색,고동색,고동
107,250,16,ko,형광초록,형광초록색,형광초록
218,84,174,ko,꽃분홍,꽃분홍색,꽃분홍
212,164,170,ko,인디안핑크,인디안핑크색,인디안핑크
205,244,217,ko,에메랄드,에메랄드색,에메랄드
172,27,92,ko,자주색,자주색,자주
48,215,151,ko,형광청록,형광청록색,형광청록
183,45,49,ko,벽돌색,벽돌색,벽돌
227,5,112,ko,핫핑크,핫핑크색,핫핑크
82,220,47,ko,형광연두색,형광연두색,형광연두
164,215,44,ko,연두색,연두색,연두
209,80,24,ko,다홍색,다홍색,다홍
232,96,233,ko,네온핑크,네온핑크색,네온핑크
8,32,127,ko,네이비,네이비색,네이비
42,96,101,ko,청록색,청록색,청록
25,141,196,ko,바다색,바다색,바다
170,35,85,ko,자주색,자주색,자주
121,69,7,ko,흙색,흙색,흙
188,17,126,ko,형광자주색,형광자주색,형광자주
231,181,137,ko,살색,살색,살
18,49,11,ko,짙은초록,짙은초록색,짙은초록
223,252,36,ko,형광노랑,형광노랑색,형광노랑
21,19,231,ko,파랑,파랑색,파랑
229,203,60,ko,개나리색,개나리색,개나리
122,232,119,ko,연녹색,연녹색,연녹
25,194,228,ko,하늘색,하늘색,하늘
251,151,68,ko,주황색,주황색,주황
130,224,209,ko,소라색,소라색,소라
153,126,250,ko,연보라,연보라색,연보라
107,44,194,ko,보라,보라색,보라
120,117,135,ko,회색,회색,회
222,9,217,ko,형광자주,형광자주색,형광자주
54,53,75,ko,먹색,먹색,먹
120,67,162,ko,보라,보라색,보라
34,164,21,ko,녹색,녹색,녹
190,169,248,ko,연한보라,연한보라색,연보라
111,89,66,ko,고동,고동색,고동
100,60,109,ko,짙은보라,짙은보라색,짙은보라
161,197,195,ko,옅은소라,옅은소라색,옅은소라
185,80,245,ko,형광보라,형광보라색,형광보라
35,255,35,ko,형광연두,형광연두색,형광연두
93,158,71,ko,풀색,풀색,풀
236,117,170,ko,짙은분홍,짙은분홍색,짙은분홍
185,75,55,ko,붉은고동,붉은고동색,붉은고동
201,132,148,ko,인디핑크,인디핑크색,인디핑크
250,7,186,ko,진분홍,진분홍색,진분홍
76,32,238,ko,청보라색,청보라색,청보라
24,239,95,ko,진연두색,진연두색,진연두
17,36,167,ko,군청색,군청색,군청
26,251,44,ko,연두색,연두색,연두
59,137,22,ko,풀색,풀색,풀
11,64,150,ko,남색,남색,남
180,236,41,ko,어두운연두색,어두운연두색,어두운연두
181,205,125,ko,옅은풀색,옅은풀색,옅은풀
1,245,250,ko,밝은하늘색,밝은하늘색,밝은하늘
171,78,240,ko,진보라색,진보라색,진보라
132,114,162,ko,회보라색,회보라색,회보라
192,6,13,ko,어두운빨강색,어두운빨강색,어두운빨강
168,41,61,ko,붉은갈색,붉은갈색,붉은갈
166,137,217,ko,연보라색,연보라색,연보라
30,156,88,ko,진초록색,진초록색,진초록
35,183,208,ko,청록색,청록색,청록
116,160,111,ko,어두운풀색,어두운풀색,어두운풀
248,129,223,ko,연분홍색,연분홍색,연분홍
144,65,176,ko,밝은보라색,밝은보라색,밝은보라
158,189,254,ko,연파란색,연파란색,연파랑
196,125,81,ko,연한갈색,연한갈색,연갈
183,159,37,ko,황색,황색,황
59,193,46,ko,초록색,초록색,초록
2,61,23,ko,녹색,녹색,녹
160,198,50,ko,풀색,풀색,풀
152,68,140,ko,자주색,자주색,자주
140,229,192,ko,에메랄드색,에메랄드색,에메랄드
244,134,124,ko,연주황색,연주황색,연주황
250,52,118,ko,다홍색,다홍색,다홍
236,219,81,ko,노랑색,노랑색,노랑
228,76,4,ko,주황색,주황색,주황
199,25,138,ko,자주색,자주색,자주
17,81,74,ko,진초록색,진초록색,진초록
209,21,243,ko,밝은보라색,밝은보라색,밝은보라
3,180,157,ko,진에메랄드색,진에메랄드색,진에메랄드
53,188,150,ko,에메랄드그린,에메랄드그린색,에메랄드그린
37,73,191,ko,청남,청남색,청남
230,22,145,ko,진홍,진홍색,진홍
57,10,175,ko,진보라,진보라색,진보라
36,67,242,ko,파랑,파랑색,파랑
88,174,39,ko,초록,초록색,초록
182,145,185,ko,베이지핑크,베이지핑크색,베이지핑크
175,12,244,ko,핫퍼플,핫퍼플색,핫퍼플
190,91,157,ko,연홍,연홍색,연홍
233,220,194,ko,베이지,베이지색,베이지
170,242,20,ko,연두,연두색,연두
35,236,143,ko,에메랄드 녹색,에메랄드 녹색,에메랄드녹
82,243,77,ko,연두,연두색,연두
253,0,83,ko,진한 분홍,진한 분홍색,진분홍
146,144,156,ko,회색,회색,회
50,90,13,ko,암록,암록색,암록
202,23,90,ko,장미,장미색,장미
28,199,245,ko,하늘,하늘색,하늘
105,95,244,ko,퍼플블루,퍼플블루색,퍼플블루
6,118,67,ko,연록,연록색,연록
171,64,3,ko,갈색,갈색,갈
248,246,37,ko,노랑,노랑색,노랑
194,208,224,ko,회색,회색,회
211,58,50,ko,빨강색,빨강색,빨강
56,1,110,ko,보라색,보라색,보라
47,88,115,ko,남색,남색,남
39,127,25,ko,초록색,초록색,초록
184,14,188,ko,보라색,보라색,보라
56,9,250,ko,파란색,파란색,파랑
137,142,219,ko,연보라색,연보라색,연보라
155,92,19,ko,갈색,갈색,갈
96,18,37,ko,진한 갈색,진한 갈색,진갈
175,17,139,ko,진한 보라색,진한 보라색,진보라
212,164,37,ko,황금색,황금색,황금
24,154,178,ko,청록색,청록색,청록
235,59,140,ko,핫핑크,핫핑크색,핫핑크
2,39,63,ko,곤색,곤색,곤
253,135,119,ko,코랄,코랄색,코랄
175,166,155,ko,베이지,베이지색,베이지
31,188,194,ko,민트,민트색,민트
155,165,103,ko,올리브,올리브색,올리브
183,232,182,ko,애플민트,애플민트색,애플민트
206,34,0,ko,빨강,빨강색,빨강
20,189,150,ko,초록,초록색,초록
32,89,168,ko,남색,남색,남
189,237,234,ko,에메랄드,에메랄드색,에메랄드
29,127,240,ko,파랑,파랑색,파랑
106,90,32,ko,고동색,고동색,고동
123,24,15,ko,와인색,와인색,와인
202,10,145,ko,핫핑크,핫핑크색,핫핑크
42,150,193,ko,블루,블루색,블루
209,133,62,ko,귤색,귤색,귤
117,11,120,ko,진보라,진보라색,진보라
130,69,121,ko,옅은팥죽,옅은팥죽색,옅은팥죽
30,134,2,ko,풀색,풀색,풀
167,142,174,ko,연보라,연보라색,연보라
178,97,239,ko,네온퍼플,네온퍼플색,네온퍼플
149,1,195,ko,형광보라,형광보라색,형광보라
35,15,153,ko,형광남색,형광남색,형광남
137,16,67,ko,버건디,버건디색,버건디
76,208,53,ko,연두색,연두색,연두
113,10,238,ko,형광보라색,형광보라색,형광보라
174,244,24,ko,네온사인,네온사인색,네온사인
210,174,89,ko,골드,골드색,골드
187,213,87,ko,라임,라임색,라임
116,213,128,ko,진한페인트색,진한페인트색,진페인트
180,36,180,ko,자주색,자주색,자주
65,128,107,ko,늪색,늪색,늪
94,114,134,ko,상아,상아색,상아
250,210,209,ko,연핑크,연핑크색,연핑크
13,255,73,ko,형광색,형광색,형광
139,44,196,ko,보라색,보라색,보라
127,238,225,ko,옥색,옥색,옥
220,30,87,ko,진분홍색,진분홍색,진분홍
15,80,125,ko,옅은남색,옅은남색,옅은남
14,252,22,ko,밝은녹색,밝은녹색,밝은녹
237,104,53,ko,짙은주황색,짙은주황색,짙은주황
248,154,151,ko,연분홍색,연분홍색,연분홍
188,191,86,ko,옅은올리브색,옅은올리브색,옅은올리브
133,246,28,ko,밝은연두색,밝은연두색,밝은연두
235,7,36,ko,빨간색,빨간색,빨강
41,83,159,ko,옅은파란색,옅은파란색,옅은파랑
83,203,251,ko,짙은옥색,짙은옥색,짙은옥
60,154,40,ko,짙은연두색,짙은연두색,짙은연두
120,156,94,ko,옅은올리브색,옅은올리브색,옅은올리브
132,102,238,ko,연보라색,연보라색,연보라
203,215,175,ko,상아색,상아색,상아
140,253,193,ko,옅은옥색,옅은옥색,옅은옥
221,121,191,ko,분홍색,분홍색,분홍
210,171,196,ko,옅은보라색,옅은보라색,옅은보라
121,54,144,ko,보라색,보라색,보라
62,156,248,ko,짙은하늘색,짙은하늘색,짙은하늘
192,74,89,ko,옅은다홍색,옅은다홍색,옅은다홍
139,11,24,ko,짙은빨간색,짙은빨간색,짙은빨강
26,229,101,ko,밝은녹색,밝은녹색,밝은녹
41,81,46,ko,짙은녹색,짙은녹색,짙은녹
176,25,231,ko,옅은보라색,옅은보라색,옅은보라
63,47,2,ko,짙은풀색,짙은풀색,짙은풀
253,199,189,ko,옅은분홍색,옅은분홍색,옅은분홍
95,58,82,ko,짙은자주색,짙은자주색,짙은자주
116,57,45,ko,황갈색,황갈색,황갈
18,253,226,ko,옥색,옥색,옥
86,127,155,ko,청회색,청회색,청회
25,29,72,ko,남색,남색,남
94,117,28,ko,풀색,풀색,풀
83,2,140,ko,보라색,보라색,보라
56,192,115,ko,옅은녹색,옅은녹색,옅은녹
244,15,185,ko,보라색,보라색,보라
21,190,82,ko,녹색,녹색,녹
143,213,162,ko,연두색,연두색,연두
211,245,88,ko,노랑색,노랑색,노랑
233,55,48,ko,빨강색,빨강색,빨강
252,196,55,ko,오렌지색,오렌지색,오렌지
180,178,47,ko,황토색,황토색,황토
227,109,132,ko,분홍색,분홍색,분홍
139,111,7,ko,갈색,갈색,갈
58,43,139,ko,청색,청색,청
9,158,138,ko,에머랄드녹색,에머랄드녹색,에머랄드녹
149,185,93,ko,카키색,카키색,카키
99,132,24,ko,쑥색,쑥색,쑥
149,49,191,ko,보라,보라색,보라
131,30,30,ko,진한빨강,진한빨강색,진빨강
247,17,131,ko,자주,자주색,자주
50,107,206,ko,파랑,파랑색,파랑
145,8,98,ko,보라,보라색,보라
85,40,60,ko,진보라,진보라색,진보라
161,180,199,ko,그레이블루,그레이블루색,그레이블루
109,45,222,ko,청보라,청보라색,청보라
210,126,184,ko,분홍,분홍색,분홍
243,252,11,ko,노릉,노릉색,노릉
124,203,64,ko,연두,연두색,연두
46,198,134,ko,연청녹색,연청녹색,연청록
12,222,2,ko,형광녹색,형광녹색,형광녹
219,168,183,ko,탁한분홍,탁한분홍색,탁한분홍
42,133,65,ko,진녹색,진녹색,진녹
44,73,201,ko,파랑,파랑색,파랑
104,89,120,ko,그레이블루,그레이블루색,그레이블루
159,44,77,ko,자주색,자주색,자주
249,114,68,ko,형광주황색,형광주황색,형광주황
30,46,20,ko,진녹색,진녹색,진녹
22,80,4,ko,녹색,녹색,녹
209,178,246,ko,연보라,연보라색,연보라
86,12,80,ko,진보라,진보라색,진보라
189,101,103,ko,산호색,산호색,산호
204,9,13,ko,빨간색,빨간색,빨강
159,162,49,ko,풀색,풀색,풀
71,45,236,ko,청색,청색,청
223,100,142,ko,분홍색,분홍색,분홍
1,244,200,ko,옥색,옥색,옥
151,65,189,ko,보라색,보라색,보라
195,53,238,ko,밝은 보라색,밝은 보라색,밝은보라
45,183,70,ko,연두색,연두색,연두
186,16,149,ko,자주색,자주색,자주
19,91,21,ko,초록색,초록색,초록
198,194,253,ko,연보라색,연보라색,연보라
81,112,140,ko,청회색,청회색,청회
81,253,3,ko,밝은 연두색,밝은 연두색,밝은연두
28,140,151,ko,짙은 하늘색,짙은 하늘색,짙은하늘
238,239,52,ko,노란색,노란색,노랑
44,4,134,ko,군청색,군청색,군청
227,156,74,ko,황토색,황토색,황토
130,224,213,ko,옅은 옥색,옅은 옥색,옅은옥
88,240,147,ko,연한 녹색,연한 녹색,연녹
246,66,149,ko,마젠타,마젠타색,마젠타
8,249,245,ko,하늘색,하늘색,하늘
26,148,78,ko,초록색,초록색,초록
235,251,164,ko,연한 연두색,연한 연두색,연연두
212,95,76,ko,연한 적색,연한 적색,연적
206,250,111,ko,라임색,라임색,라임
200,174,100,ko,연한 황토색,연한 황토색,연황토
202,139,205,ko,연보라색,연보라색,연보라
228,94,216,ko,분홍색,분홍색,분홍
198,204,155,ko,옅은 연두색,옅은 연두색,옅은연두
122,121,241,ko,보라색,보라색,보라
89,141,26,ko,녹색,녹색,녹
81,189,13,ko,연두색,연두색,연두
45,103,176,ko,파란색,파란색,파랑
109,115,79,ko,짙은 녹색,짙은 녹색,짙은녹
135,157,83,ko,짙은 풀색,짙은 풀색,짙은풀
135,251,177,ko,에메랄드,에메랄드색,에메랄드
11,29,146,ko,파랑,파랑색,파랑
8,123,127,ko,청동,청동색,청동
157,188,13,ko,황초록,황초록색,황초록
96,193,51,ko,초록,초록색,초록
186,122,9,ko,옅은 황색,옅은 황색,옅은황
228,46,74,ko,자두,자두색,자두
218,33,171,ko,자주,자주색,자주
212,203,224,ko,연보라,연보라색,연보라
166,96,37,ko,짙은 갈색,짙은 갈색,짙은갈
250,136,242,ko,핑크,핑크색,핑크
151,250,119,ko,연두,연두색,연두
115,186,139,ko,짙은 에메랄드,짙은 에메랄드색,짙은에메랄드
55,62,232,ko,파랑,파랑색,파랑
233,68,254,ko,진핑크,진핑크색,진핑크
129,138,3,ko,황녹색,황녹색,황녹
241,157,121,ko,살구,살구색,살구
155,72,202,ko,보라,보라색,보라
242,78,36,ko,주황,주황색,주황
250,130,174,ko,연핑크,연핑크색,연핑크
119,121,159,ko,청회색,청회색,청회
141,55,147,ko,진보라,진보라색,진보라
57,30,243,ko,파랑,파랑색,파랑
195,140,189,ko,진연보라,진연보라색,진연보라
105,61,47,ko,황색,황색,황
202,103,114,ko,짙은 핑크,짙은 핑크색,짙은핑크
223,240,72,ko,레몬,레몬색,레몬
74,141,174,ko,청녹,청녹색,청록
124,209,228,ko,하늘,하늘색,하늘
242,226,207,ko,살색,살색,살
110,2,190,ko,보라,보라색,보라
253,11,131,ko,짙은 핑크,짙은 핑크색,짙은핑크
142,245,60,ko,밝은 연두,밝은 연두색,밝은연두
181,220,100,ko,탁한 연두,탁한 연두색,탁한연두
149,161,92,ko,탁한 초록,탁한 초록색,탁한초록
136,77,235,ko,청보라,청보라색,청보라
84,17,93,ko,진보라,진보라색,진보라
76,26,49,ko,진갈색,진갈색,진갈
159,87,47,ko,갈색,갈색,갈
243,148,54,ko,주황,주황색,주황
124,22,228,ko,청보라,청보라색,청보라
213,182,143,ko,연갈색/연한 황토색,연갈색/연한 황토색,연갈색/연황토
122,12,149,ko,보라색,보라색,보라
209,8,209,ko,진분홍,진분홍색,진분홍
118,148,25,ko,풀색/진초록색,풀색/진초록색,풀색/진초록
126,250,56,ko,형광초록색,형광초록색,형광초록
196,170,220,ko,연보라,연보라색,연보라
6,21,41,ko,검정,검정색,검정
63,77,95,ko,진회색,진회색,진회
37,110,60,ko,진초록,진초록색,진초록
179,4,76,ko,진분홍,진분홍색,진분홍
219,157,249,ko,연보라,연보라색,연보라
83,166,117,ko,청록색,청록색,청록
131,100,30,ko,황갈색,황갈색,황갈
8,164,80,ko,초록색,초록색,초록
217,72,150,ko,분홍,분홍색,분홍
32,118,13,ko,진초록,진초록색,진초록
89,113,191,ko,청색,청색,청
82,60,169,ko,청보라,청보라색,청보라
48,225,220,ko,형광 청록,형광 청록색,형광청록
156,113,152,ko,회보라색,회보라색,회보라
173,73,107,ko,장미색,장미색,장미
26,127,248,ko,파랑색,파랑색,파랑
32,34,201,ko,파랑색,파랑색,파랑
198,35,8,ko,빨강색,빨강색,빨강
86,228,153,ko,청록색,청록색,청록
41,240,117,ko,형광 초록색,형광 초록색,형광초록
43,3,112,ko,검푸른색,검푸른색,검푸른
14,164,167,ko,청록색,청록색,청록
192,170,77,ko,황토색,황토색,황토
242,117,244,ko,분홍색,분홍색,분홍
237,247,216,ko,상아색,상아색,상아
225,88,205,ko,분홍,분홍색,분홍
59,238,30,ko,연두,연두색,연두
120,6,207,ko,보라,보라색,보라
8,112,184,ko,진청색,진청색,진청
215,149,193,ko,꽃분홍,꽃분홍색,꽃분홍
126,26,66,ko,불그죽죽,불그죽죽색,불그죽죽
64,83,13,ko,진녹색,진녹색,진녹
239,85,119,ko,연어색,연어색,연어
151,99,219,ko,연보라색,연보라색,연보라
19,103,216,ko,파란색,파란색,파랑
197,126,21,ko,황토색,황토색,황토
63,196,229,ko,파란색,파란색,파랑
227,222,217,ko,회색,회색,회
92,200,46,ko,연두색,연두색,연두
238,124,81,ko,주황색,주황색,주황
14,153,84,ko,녹색,녹색,녹
182,67,98,ko,진홍색,진홍색,진홍
207,229,73,ko,연두색,연두색,연두
247,231,139,ko,노란색,노란색,노랑
121,91,83,ko,갈색,갈색,갈
61,23,28,ko,흑갈색,흑갈색,흑갈
101,253,204,ko,하늘색,하늘색,하늘
98,44,187,ko,보라색,보라색,보라
11,240,85,ko,연두색,연두색,연두
87,93,55,ko,짙은녹색,짙은녹색,짙은녹
144,87,112,ko,자주색,자주색,자주
207,231,164,ko,연두색,연두색,연두
244,189,144,ko,살구색,살구색,살구
148,45,114,ko,자주색,자주색,자주
107,146,78,ko,녹색,녹색,녹
235,30,183,ko,분홍색,분홍색,분홍
95,52,38,ko,갈색,갈색,갈
253,74,162,ko,분홍색,분홍색,분홍
176,41,215,ko,보라색,보라색,보라
45,133,200,ko,파랑색,파랑색,파랑
146,122,90,ko,고동색,고동색,고동
168,187,72,ko,연두색,연두색,연두
50,113,192,ko,파랑색,파랑색,파랑
200,221,247,ko,연하늘색,연하늘색,연하늘
105,160,223,ko,하늘색,하늘색,하늘
128,89,236,ko,청보라색,청보라색,청보라
226,33,158,ko,자주색,자주색,자주
207,126,239,ko,연보라색,연보라색,연보라
232,43,28,ko,빨강색,빨강색,빨강
185,226,167,ko,민트색,민트색,민트
163,143,45,ko,올리브색,올리브색,올리브
161,7,156,ko,보라색,보라색,보라
124,173,160,ko,다크민트색,다크민트색,다크민트
46,173,131,ko,옥색,옥색,옥
222,65,218,ko,철쭉색,철쭉색,철쭉
15,138,153,ko,청록색,청록색,청록
101,41,85,ko,보라색,보라색,보라
189,153,155,ko,팥죽색,팥죽색,팥죽
139,228,218,ko,아쿠아블루,아쿠아블루색,아쿠아블루
41,76,97,ko,진한청록,진한청록색,진청록
221,231,16,ko,라임,라임색,라임
253,81,125,ko,진달래,진달래색,진달래
224,188,37,ko,겨자색,겨자색,겨자
10,57,30,ko,짙은초록,짙은초록색,짙은초록
212,131,189,ko,어두운분홍색,어두운분홍색,어두운분홍
40,203,45,ko,풀색,풀색,풀
148,39,91,ko,붉은자주색,붉은자주색,붉은자주
170,252,121,ko,형광연두색,형광연두색,형광연두
52,38,125,ko,군청색,군청색,군청
232,124,38,ko,황토색,황토색,황토
92,58,44,ko,갈색,갈색,갈
169,149,192,ko,연보라색,연보라색,연보라
197,83,57,ko,벽돌색,벽돌색,벽돌
181,88,93,ko,로즈,로즈색,로즈
55,44,202,ko,파랑색,파랑색,파랑
68,106,45,ko,쑥색,쑥색,쑥
221,173,117,ko,살색,살색,살
199,65,80,ko,진빨강,진빨강색,진빨강
94,249,143,ko,형광연두색,형광연두색,형광연두
212,93,140,ko,진분홍,진분홍색,진분홍
36,195,202,ko,밝은 청록색,밝은 청록색,밝은청록
105,154,173,ko,신선한 쑥색,신선한 쑥색,신선한쑥
250,251,185,ko,상아색,상아색,상아
156,47,125,ko,진분홍,진분홍색,진분홍
228,232,236,ko,연회색,연회색,연회
56,68,106,ko,검은 남색,검은 남색,검정남
250,211,103,ko,개나리색,개나리색,개나리
189,99,238,ko,형광보라색,형광보라색,형광보라
33,2,80,ko,진한 남색,진한 남색,진남
239,146,81,ko,탁한 주황색,탁한 주황색,탁한주황
145,113,70,ko,흙색,흙색,흙
39,232,160,ko,에메랄드색,에메랄드색,에메랄드
126,39,158,ko,보라색,보라색,보라
118,190,248,ko,하늘색,하늘색,하늘
80,170,83,ko,밝은 녹색,밝은 녹색,밝은녹
184,80,120,ko,탁한 빨간색,탁한 빨간색,탁한빨강
126,15,196,ko,밝은 보라색,밝은 보라색,밝은보라
15,120,211,ko,파란색,파란색,파랑
202,184,240,ko,약한 보라색,약한 보라색,약한보라
213,164,179,ko,탁한 분홍색,탁한 분홍색,탁한분홍
47,230,73,ko,초록색,초록색,초록
218,25,43,ko,빨간색,빨간색,빨강
104,81,158,ko,진한 보라색,진한 보라색,진보라
40,96,223,ko,파란색,파란색,파랑
214,40,186,ko,자주색,자주색,자주
86,252,139,ko,밝은 초록색,밝은 초록색,밝은초록
201,200,96,ko,탁한 노란색,탁한 노란색,탁한노랑
111,55,84,ko,흐린 자주색,흐린 자주색,흐린자주
244,242,8,ko,노란색,노란색,노랑
161,104,251,ko,보라색,보라색,보라
172,94,39,ko,갈색,갈색,갈
88,98,114,ko,푸른 회색,푸른 회색,푸른회
85,31,19,ko,진한 갈색,진한 갈색,진갈
200,40,233,ko,보라색,보라색,보라
214,87,99,ko,탁한 주황색,탁한 주황색,탁한주황
11,49,133,ko,곤색,곤색,곤
185,225,148,ko,풀색,풀색,풀
201,1,87,ko,빨간색,빨간색,빨강
251,243,191,ko,베이지색,베이지색,베이지
143,225,3,ko,초록색,초록색,초록
121,133,99,ko,탁한 초록색,탁한 초록색,탁한초록
59,212,187,ko,에메랄드색,에메랄드색,에메랄드
37,143,164,ko,진한 에메랄드색,진한 에메랄드색,진에메랄드
125,188,156,ko,흐린 초록색,흐린 초록색,흐린초록
78,92,5,ko,카키색,카키색,카키
211,96,9,ko,감색,감색,감
107,250,155,ko,형광연두색,형광연두색,형광연두
5,26,68,ko,짙은남색,짙은남색,짙은남
170,159,94,ko,밝은카키색,밝은카키색,밝은카키
93,188,104,ko,연두색,연두색,연두
177,112,142,ko,자주색,자주색,자주
148,16,27,ko,갈색,갈색,갈
3,178,235,ko,하늘색,하늘색,하늘
169,122,205,ko,연보라색,연보라색,연보라
216,37,152,ko,보라색,보라색,보라
249,142,16,ko,오렌지색,오렌지색,오렌지
143,46,132,ko,짙은보라색,짙은보라색,짙은보라
132,194,205,ko,옅은하늘색,옅은하늘색,옅은하늘
92,150,238,ko,파랑,파랑색,파랑
63,191,122,ko,녹색,녹색,녹
124,240,6,ko,연두,연두색,연두
198,54,100,ko,자주,자주색,자주
124,203,252,ko,하늘색,하늘색,하늘
142,196,0,ko,초록,초록색,초록
238,166,241,ko,핑크,핑크색,핑크
64,33,176,ko,진청,진청색,진청
23,83,183,ko,파랑,파랑색,파랑
234,81,91,ko,빨강,빨강색,빨강
177,179,207,ko,회색,회색,회
76,126,67,ko,진녹,진녹색,진녹
233,175,26,ko,귤색,귤색,귤
249,242,13,ko,레몬색,레몬색,레몬
152,104,16,ko,짙은갈색,짙은갈색,짙은갈
216,37,245,ko,마젠타,마젠타색,마젠타
162,86,236,ko,보라색,보라색,보라
234,224,121,ko,옅은노란색,옅은노란색,옅은노랑
140,125,148,ko,회색,회색,회
67,213,4,ko,연두색,연두색,연두
92,72,144,ko,보라,보라색,보라
21,37,29,ko,검정,검정색,검정
93,0,242,ko,진청,진청색,진청
239,118,194,ko,핑크,핑크색,핑크
38,184,205,ko,청록,청록색,청록
241,129,76,ko,오렌지,오렌지색,오렌지
119,240,198,ko,옥색,옥색,옥
30,76,11,ko,진녹,진녹색,진녹
228,193,59,ko,황토,황토색,황토
227,52,40,ko,빨강,빨강색,빨강
153,91,102,ko,모름,모름색,모름
34,116,97,ko,진녹,진녹색,진녹
74,118,125,ko,청록,청록색,청록
116,22,126,ko,보라,보라색,보라
173,139,84,ko,황토,황토색,황토
99,19,206,ko,밝은 보라,밝은 보라색,밝은보라
165,174,171,ko,회색,회색,회
103,48,84,ko,와인,와인색,와인
212,84,147,ko,진분홍,진분홍색,진분홍
220,206,125,ko,노랑,노랑색,노랑
37,61,97,ko,감색,감색,감
30,70,204,ko,바다파랑,바다파랑색,바다파랑
128,207,122,ko,연초록,연초록색,연초록
161,63,75,ko,벽돌,벽돌색,벽돌
74,179,54,ko,잔디,잔디색,잔디
78,182,195,ko,하늘,하늘색,하늘
223,165,229,ko,철쭉,철쭉색,철쭉
173,95,168,ko,보라,보라색,보라
92,122,253,ko,파랑,파랑색,파랑
215,138,161,ko,진흙,진흙색,진흙
255,72,72,ko,주홍,주홍색,주홍
144,120,173,ko,탁한 보라,탁한 보라색,탁한보라
250,25,229,ko,마젠타,마젠타색,마젠타
166,186,242,ko,하늘,하늘색,하늘
45,116,196,ko,파랑,파랑색,파랑
158,244,119,ko,형광초록,형광초록색,형광초록
188,26,18,ko,핏빛,핏빛색,핏빛
40,6,35,ko,검정,검정색,검정
8,1,8,ko,진초록,진초록색,진초록
181,77,39,ko,갈색,갈색,갈
123,240,190,ko,민트,민트색,민트
7,174,94,ko,녹색,녹색,녹
244,79,199,ko,핑크,핑크색,핑크
191,98,247,ko,형광보라,형광보라색,형광보라
4,191,165,ko,바다초록,바다초록색,바다초록
161,120,25,ko,황토,황토색,황토
38,229,235,ko,하늘,하늘색,하늘
245,127,107,ko,진살구,진살구색,진살구
167,185,76,ko,풀색,풀색,풀
234,217,95,ko,연노랑,연노랑색,연노랑
223,126,95,ko,연주홍,연주홍색,연주홍
135,56,89,ko,와인색,와인색,와인
31,142,89,ko,솔잎색,솔잎색,솔잎
187,251,191,ko,에메랄드,에메랄드색,에메랄드
240,72,149,ko,핫핑크,핫핑크색,핫핑크
21,157,18,ko,초록,초록색,초록
157,45,212,ko,밝은보라,밝은보라색,밝은보라
94,91,44,ko,카키색,카키색,카키
12,178,224,ko,밝은파랑,밝은파랑색,밝은파랑
51,241,126,ko,밝은녹색,밝은녹색,밝은녹
185,95,155,ko,짙은분홍,짙은분홍색,짙은분홍
14,56,228,ko,파랑,파랑색,파랑
46,245,181,ko,밝은청록,밝은청록색,밝은청록
92,121,153,ko,연남청,연남청색,연남청
146,132,186,ko,연보라,연보라색,연보라
135,2,121,ko,와인,와인색,와인
195,119,29,ko,황토,황토색,황토
191,77,91,ko,어두운 분홍,어두운 분홍색,어두운분홍
78,8,78,ko,어두운 보라,어두운 보라색,어두운보라
234,199,132,ko,겨자,겨자색,겨자
135,201,168,ko,바랜 에메랄드,바랜 에메랄드색,바랜에메랄드
68,128,199,ko,바랜 파랑,바랜 파랑색,바랜파랑
2,51,162,ko,진청,진청색,진청
8,29,30,ko,진흑녹색,진흑녹색,진흑녹
240,165,11,ko,주황,주황색,주황
141,44,22,ko,갈색,갈색,갈
104,137,89,ko,연진녹,연진녹색,연진녹
243,251,163,ko,형광색,형광색,형광
106,218,131,ko,어두운 에메랄드,어두운 에메랄드색,어두운에메랄드
134,218,79,ko,밝은 풀색,밝은 풀색,밝은풀
61,233,230,ko,짙은 하늘색,짙은 하늘색,짙은하늘
254,229,35,ko,노랑,노랑색,노랑
156,95,55,ko,연갈색,연갈색,연갈
34,81,63,ko,진청록,진청록색,진청록
78,21,47,ko,갈색,갈색,갈
107,166,111,ko,녹색,녹색,녹
38,88,132,ko,청록색,청록색,청록
213,221,89,ko,겨자색,겨자색,겨자
37,240,173,ko,형광녹색,형광녹색,형광녹
164,196,200,ko,회색,회색,회
138,207,58,ko,연두색,연두색,연두
218,133,52,ko,주황색,주황색,주황
77,63,241,ko,보라색,보라색,보라
232,3,129,ko,다홍색,다홍색,다홍
236,99,29,ko,주황색,주황색,주황
99,223,247,ko,하늘색,하늘색,하늘
16,148,255,ko,파란색,파란색,파랑
187,14,233,ko,보라색,보라색,보라
13,175,87,ko,녹색,녹색,녹
167,205,39,ko,연녹색,연녹색,연녹
91,149,191,ko,회청색,회청색,회청
178,98,89,ko,적갈색,적갈색,적갈
55,243,23,ko,연두색,연두색,연두
238,6,34,ko,빨간색,빨간색,빨강
52,102,113,ko,진청색,진청색,진청
142,9,83,ko,자주색,자주색,자주
168,133,133,ko,적회색,적회색,적회
86,236,252,ko,하늘색,하늘색,하늘
93,32,193,ko,보라색,보라색,보라
33,79,53,ko,녹색,녹색,녹
210,193,140,ko,베이지색,베이지색,베이지
27,150,101,ko,초록색,초록색,초록
196,126,35,ko,황토색,황토색,황토
26,11,60,ko,남색,남색,남
80,89,13,ko,녹회색,녹회색,녹회
22,185,7,ko,연두색,연두색,연두
125,228,196,ko,옥색,옥색,옥
93,27,80,ko,자주색,자주색,자주
99,46,160,ko,보라색,보라색,보라
216,90,188,ko,분홍색,분홍색,분홍
26,27,46,ko,검은색,검은색,검정
189,54,71,ko,빨간색,빨간색,빨강
152,217,121,ko,풀잎색,풀잎색,풀잎
124,92,251,ko,보라색,보라색,보라
232,190,188,ko,살구색,살구색,살구
45,44,31,ko,짙은 회색,짙은 회색,짙은회
118,77,12,ko,갈색,갈색,갈
96,133,55,ko,녹갈색,녹갈색,녹갈
14,79,169,ko,파란색,파란색,파랑
94,80,43,ko,진갈색,진갈색,진갈
242,90,21,ko,주황색,주황색,주황
109,200,69,ko,연두색,연두색,연두
111,121,25,ko,진한녹색,진한녹색,진녹
58,170,209,ko,하늘색,하늘색,하늘
71,62,83,ko,차콜,차콜색,차콜
57,67,24,ko,암녹색,암녹색,암녹
57,25,24,ko,고동색,고동색,고동
231,31,81,ko,빨간색,빨간색,빨강
132,56,156,ko,보라색,보라색,보라
205,231,94,ko,연두색,연두색,연두
58,254,111,ko,형광색,형광색,형광
185,183,234,ko,연보라색,연보라색,연보라
239,227,219,ko,베이지색,베이지색,베이지
11,162,135,ko,초록색,초록색,초록
194,124,154,ko,분홍색,분홍색,분홍
75,8,57,ko,자주색,자주색,자주
139,55,45,ko,갈색,갈색,갈
134,249,235,ko,하늘색,하늘색,하늘
247,164,116,ko,살구색,살구색,살구
195,239,2,ko,형광색,형광색,형광
158,2,37,ko,빨간색,빨간색,빨강
168,225,128,ko,연두색,연두색,연두
212,215,156,ko,베이지색,베이지색,베이지
110,46,191,ko,보라색,보라색,보라
103,6,233,ko,남색,남색,남
211,67,201,ko,자주색,자주색,자주
233,102,171,ko,자주색,자주색,자주
246,207,36,ko,노란색,노란색,노랑
120,110,244,ko,연보라,연보라색,연보라
173,150,51,ko,금색,금색,금
79,141,216,ko,파랑,파랑색,파랑
54,128,53,ko,녹색,녹색,녹
34,110,115,ko,청녹색,청녹색,청록
120,146,170,ko,회색,회색,회
199,67,104,ko,연한 빨강,연한 빨강색,연빨강
212,25,122,ko,다홍색,다홍색,다홍
185,108,104,ko,갈색,갈색,갈
91,136,135,ko,터키색,터키색,터키
204,122,25,ko,감색,감색,감
201,69,146,ko,진홍색,진홍색,진홍
172,126,166,ko,자주색,자주색,자주
19,82,197,ko,파란색,파란색,파랑
205,228,62,ko,라임색,라임색,라임
229,142,115,ko,살구색,살구색,살구
17,6,216,ko,군청색,군청색,군청
217,71,39,ko,다홍색,다홍색,다홍
215,98,203,ko,진홍색,진홍색,진홍
200,238,161,ko,연두색,연두색,연두
229,35,65,ko,빨간색,빨간색,빨강
236,196,194,ko,연분홍색,연분홍색,연분홍
43,218,217,ko,하늘색,하늘색,하늘
50,245,193,ko,청록색,청록색,청록
77,24,133,ko,보라색,보라색,보라
115,206,244,ko,하늘색,하늘색,하늘
124,199,163,ko,터키색,터키색,터키
243,25,205,ko,분홍색,분홍색,분홍
25,142,24,ko,초록색,초록색,초록
56,65,135,ko,남색,남색,남
238,127,138,ko,분홍색,분홍색,분홍
38,200,69,ko,초록색,초록색,초록
114,12,38,ko,적갈색,적갈색,적갈
113,134,181,ko,파란색,파란색,파랑
155,52,175,ko,보라색,보라색,보라
119,195,21,ko,연두색,연두색,연두
135,111,21,ko,황록색,황록색,황록
143,224,109,ko,연두색,연두색,연두
204,151,250,ko,연보라색,연보라색,연보라
150,152,37,ko,녹갈색,녹갈색,녹갈
116,38,14,ko,갈색,갈색,갈
182,30,233,ko,보라색,보라색,보라
3,41,85,ko,남색,남색,남
72,37,54,ko,고동색,고동색,고동
0,135,218,ko,파란색,파란색,파랑
184,201,99,ko,연녹색,연녹색,연녹
91,56,125,ko,보라색,보라색,보라
143,202,39,ko,연두색,연두색,연두
237,172,81,ko,살구색,살구색,살구
201,158,234,ko,연보라색,연보라색,연보라
142,97,213,ko,연보라색,연보라색,연보라
6,108,142,ko,푸른색,푸른색,푸른
220,114,132,ko,분홍색,분홍색,분홍
138,124,106,ko,회색,회색,회
67,25,63,ko,보라색,보라색,보라
88,35,158,ko,보라색,보라색,보라
104,120,1,ko,갈녹색,갈녹색,갈녹
166,123,163,ko,보라색,보라색,보라
68,112,83,ko,청록색,청록색,청록
238,203,0,ko,노란색,노란색,노랑
48,179,119,ko,청록색,청록색,청록
89,47,44,ko,보라색,보라색,보라
182,125,94,ko,살구색,살구색,살구
12,58,29,ko,청록색,청록색,청록
205,1,47,ko,핫핑크,핫핑크색,핫핑크
47,97,243,ko,하늘색,하늘색,하늘
204,76,80,ko,분홍색,분홍색,분홍
233,46,214,ko,분홍보라색,분홍보라색,분홍보라
248,16,111,ko,분홍색,분홍색,분홍
225,71,23,ko,주황색,주황색,주황
146,171,122,ko,시멘트색,시멘트색,시멘트
47,127,129,ko,짙은파랑색,짙은파랑색,짙은파랑
14,191,49,ko,녹색,녹색,녹
61,155,233,ko,하늘색,하늘색,하늘
180,238,211,ko,연하늘색,연하늘색,연하늘
207,11,149,ko,자주색,자주색,자주
34,78,158,ko,파랑색,파랑색,파랑
44,234,153,ko,연녹색,연녹색,연녹
76,21,218,ko,보라색,보라색,보라
87,77,10,ko,갈색,갈색,갈
219,240,168,ko,베이지색,베이지색,베이지
212,136,170,ko,분홍색,분홍색,분홍
113,83,5,ko,갈색,갈색,갈
223,160,137,ko,살색,살색,살
211,209,5,ko,노란색,노란색,노랑
132,230,244,ko,하늘색,하늘색,하늘
39,103,240,ko,파란색,파란색,파랑
61,217,53,ko,연두색,연두색,연두
7,3,57,ko,남색,남색,남
206,65,27,ko,빨강색,빨강색,빨강
155,197,67,ko,연두색,연두색,연두
74,10,145,ko,자주색,자주색,자주
45,87,163,ko,파랑색,파랑색,파랑
48,40,23,ko,검정색,검정색,검정
172,17,249,ko,보라색,보라색,보라
173,105,78,ko,갈색,갈색,갈
80,163,63,ko,연두색,연두색,연두
144,71,83,ko,고동색,고동색,고동
22,133,87,ko,초록색,초록색,초록
12,65,230,ko,파랑색,파랑색,파랑
193,208,215,ko,회색,회색,회
26,72,151,ko,청남색,청남색,청남
108,125,37,ko,진녹색,진녹색,진녹
22,92,112,ko,청록색,청록색,청록
42,52,188,ko,파랑색,파랑색,파랑
235,52,72,ko,빨강색,빨강색,빨강
118,249,251,ko,민트색,민트색,민트
246,153,71,ko,오렌지색,오렌지색,오렌지
60,119,226,ko,파랑색,파랑색,파랑
210,38,17,ko,빨강색,빨강색,빨강
93,253,204,ko,민트색,민트색,민트
238,112,167,ko,분홍색,분홍색,분홍
101,135,128,ko,회녹색,회녹색,회녹
17,65,51,ko,검은색,검은색,검정
196,178,39,ko,황토색,황토색,황토
207,146,212,ko,연보라색,연보라색,연보라
187,138,150,ko,연분홍색,연분홍색,연분홍
61,32,98,ko,남색,남색,남
216,146,121,ko,연주홍색,연주홍색,연주홍
131,206,191,ko,민트색,민트색,민트
126,27,57,ko,적갈색,적갈색,적갈
115,28,12,ko,갈색,갈색,갈
80,172,51,ko,초록색,초록색,초록
170,25,176,ko,보라색,보라색,보라
51,52,77,ko,검은색,검은색,검정
69,218,18,ko,연두색,연두색,연두
35,91,39,ko,진녹색,진녹색,진녹
68,137,184,ko,하늘색,하늘색,하늘
164,15,35,ko,적갈색,적갈색,적갈
237,173,7,ko,진노랑색,진노랑색,진노랑
17,56,234,ko,파랑색,파랑색,파랑
208,181,101,ko,황토색,황토색,황토
216,212,253,ko,연보라색,연보라색,연보라
2,145,129,ko,청녹색,청녹색,청록
223,110,219,ko,분홍색,분홍색,분홍
158,237,171,ko,민트색,민트색,민트
130,105,50,ko,회갈색,회갈색,회갈
45,246,188,ko,민트색,민트색,민트
234,190,131,ko,황토색,황토색,황토
95,96,192,ko,남보라색,남보라색,남보라
165,77,36,ko,갈색,갈색,갈
18,202,174,ko,청록색,청록색,청록
164,184,131,ko,황록색,황록색,황록
60,121,194,ko,파란색,파란색,파랑
193,149,243,ko,연보라색,연보라색,연보라
208,196,96,ko,금색,금색,금
193,244,130,ko,연두색,연두색,연두
248,128,58,ko,주황색,주황색,주황
28,23,150,ko,남색,남색,남
57,165,98,ko,녹색,녹색,녹
226,121,140,ko,진분홍색,진분홍색,진분홍
34,228,121,ko,형광녹색,형광녹색,형광녹
47,77,94,ko,진녹색,진녹색,진녹
77,30,158,ko,보라색,보라색,보라
241,232,246,ko,연보라색,연보라색,연보라
31,16,44,ko,검은색,검은색,검정
15,60,124,ko,진파랑색,진파랑색,진파랑
150,156,99,ko,카키색,카키색,카키
114,118,133,ko,회색,회색,회
207,179,236,ko,연보라,연보라색,연보라
172,115,10,ko,황토색,황토색,황토
111,255,95,ko,연두색,연두색,연두
106,2,80,ko,자주색,자주색,자주
100,53,77,ko,고동색,고동색,고동
184,139,184,ko,연보라색,연보라색,연보라
245,56,137,ko,다홍색,다홍색,다홍
163,236,74,ko,연두색,연두색,연두
11,34,91,ko,군청색,군청색,군청
209,67,253,ko,진분홍색,진분홍색,진분홍
181,137,100,ko,황갈색,황갈색,황갈
139,12,127,ko,보라색,보라색,보라
168,196,186,ko,청회색,청회색,청회
104,252,146,ko,연두색,연두색,연두
231,92,50,ko,주황색,주황색,주황
8,227,20,ko,형광녹색,형광녹색,형광녹
80,83,38,ko,진녹색,진녹색,진녹
70,37,94,ko,진한보라,진한보라색,진보라
171,43,50,ko,다홍색,다홍색,다홍
78,150,158,ko,청록색,청록색,청록
152,183,1,ko,초록색,초록색,초록
204,252,61,ko,형광연두색,형광연두색,형광연두
80,12,35,ko,진한빨강색,진한빨강색,진빨강
86,228,156,ko,진한연두색,진한연두색,진연두
227,54,141,ko,진한분홍색,진한분홍색,진분홍
91,196,244,ko,하늘색,하늘색,하늘
72,104,84,ko,국방색,국방색,국방
101,122,144,ko,회색,회색,회
94,145,40,ko,초록색,초록색,초록
125,75,197,ko,보라색,보라색,보라
236,92,105,ko,분홍색,분홍색,분홍
5,21,240,ko,파랑색,파랑색,파랑
171,21,10,ko,빨강색,빨강색,빨강
152,57,56,ko,갈색,갈색,갈
58,95,246,ko,연파랑색,연파랑색,연파랑
42,28,9,ko,검정색,검정색,검정
242,147,104,ko,주황색,주황색,주황
150,178,210,ko,회색,회색,회
190,128,170,ko,짙은분홍색,짙은분홍색,짙은분홍
147,243,243,ko,형광하늘색,형광하늘색,형광하늘
246,30,197,ko,형광분홍색,형광분홍색,형광분홍
240,180,199,ko,분홍색,분홍색,분홍
130,231,80,ko,연두색,연두색,연두
84,123,85,ko,짙은녹색,짙은녹색,짙은녹
162,73,142,ko,보라색,보라색,보라
95,109,161,ko,남색,남색,남
195,235,141,ko,연한녹색,연한녹색,연녹
158,152,7,ko,카키색,카키색,카키
58,90,252,ko,형광파란색,형광파란색,형광파랑
152,57,17,ko,갈색,갈색,갈
47,86,104,ko,남색,남색,남
115,67,152,ko,보라색,보라색,보라
79,130,229,ko,파랑,파랑색,파랑
241,88,193,ko,분헝,분헝색,분헝
143,8,53,ko,자주색,자주색,자주
175,125,101,ko,갈색,갈색,갈
181,142,193,ko,연보라,연보라색,연보라
123,118,242,ko,청보라,청보라색,청보라
222,241,80,ko,연두색,연두색,연두
23,2,232,ko,울트라마린,울트라마린색,울트라마린
139,189,181,ko,민트색,민트색,민트
108,226,78,ko,초록,초록색,초록
161,124,117,ko,갈색,갈색,갈
247,181,102,ko,황토색,황토색,황토
253,13,108,ko,분홍색,분홍색,분홍
202,96,94,ko,자홍색,자홍색,자홍
194,213,10,ko,연초록색,연초록색,연초록
64,203,199,ko,청록색,청록색,청록
217,181,164,ko,연갈색,연갈색,연갈
174,42,25,ko,다홍색,다홍색,다홍
27,23,48,ko,남색,남색,남
164,93,118,ko,진분홍색,진분홍색,진분홍
163,154,202,ko,보라색,보라색,보라
134,142,130,ko,회색,회색,회
195,60,42,ko,빨강색,빨강색,빨강
110,201,167,ko,옥색,옥색,옥
171,194,51,ko,연두색,연두색,연두
239,96,253,ko,분홍색,분홍색,분홍
190,174,246,ko,연보라색,연보라색,연보라
76,115,206,ko,파랑색,파랑색,파랑
21,180,81,ko,초록색,초록색,초록
59,106,22,ko,짙은녹색,짙은녹색,짙은녹
41,50,91,ko,군청색,군청색,군청
105,39,219,ko,보라색,보라색,보라
225,145,90,ko,연주황색,연주황색,연주황
19,79,213,ko,파랑색,파랑색,파랑
58,244,56,ko,형광연두색,형광연두색,형광연두
40,159,170,ko,밝은청록색,밝은청록색,밝은청록
162,226,81,ko,연두색,연두색,연두
155,24,167,ko,자주색,자주색,자주
64,141,248,ko,밝은파랑색,밝은파랑색,밝은파랑
205,178,192,ko,연자주색,연자주색,연자주
248,186,76,ko,개나리색,개나리색,개나리
65,137,26,ko,풀색,풀색,풀
176,149,50,ko,올리브색,올리브색,올리브
181,115,69,ko,황갈색,황갈색,황갈
40,210,206,ko,하늘색,하늘색,하늘
190,249,19,ko,형광연두색,형광연두색,형광연두
179,20,228,ko,밝은보라색,밝은보라색,밝은보라
162,166,239,ko,연군청색,연군청색,연군청
230,100,21,ko,주황색,주황색,주황
10,161,210,ko,밝은파랑색,밝은파랑색,밝은파랑
142,201,176,ko,연청록색,연청록색,연청록
9,232,172,ko,밝은청록색,밝은청록색,밝은청록
53,76,34,ko,짙은녹색,짙은녹색,짙은녹
52,183,60,ko,녹색,녹색,녹
201,12,152,ko,자주색,자주색,자주
1,136,106,ko,옥색,옥색,옥
162,55,93,ko,마젠타색,마젠타색,마젠타
93,12,176,ko,청보라색,청보라색,청보라
243,128,198,ko,분홍색,분홍색,분홍
99,21,250,ko,밝은청보라색,밝은청보라색,밝은청보라
149,115,145,ko,짙은홍매색,짙은홍매색,짙은홍매
3,38,33,ko,짙은풀색,짙은풀색,짙은풀
47,253,152,ko,밝은옥색,밝은옥색,밝은옥
126,108,176,ko,연군청색,연군청색,연군청
228,253,252,ko,연하늘색,연하늘색,연하늘
156,125,94,ko,황토색,황토색,황토
189,208,139,ko,겨자색,겨자색,겨자
66,16,89,ko,짙은보라색,짙은보라색,짙은보라
4,34,63,ko,짙은남색,짙은남색,짙은남
155,94,244,ko,보라,보라색,보라
220,154,141,ko,살구,살구색,살구
145,128,167,ko,라벤더,라벤더색,라벤더
96,216,135,ko,연초록,연초록색,연초록
79,124,129,ko,청록,청록색,청록
122,135,251,ko,연보라,연보라색,연보라
67,46,166,ko,진보라,진보라색,진보라
240,29,147,ko,형광분홍,형광분홍색,형광분홍
13,86,19,ko,진초록,진초록색,진초록
246,191,9,ko,개나리,개나리색,개나리
170,220,80,ko,어두운 연두,어두운 연두색,어두운연두
26,50,101,ko,남색,남색,남
25,160,230,ko,파랑,파랑색,파랑
6,190,182,ko,청록,청록색,청록
64,217,101,ko,연두,연두색,연두
124,68,58,ko,적갈색,적갈색,적갈
159,91,48,ko,갈색,갈색,갈
164,236,202,ko,민트,민트색,민트
73,83,103,ko,회남색,회남색,회남
111,35,70,ko,자주,자주색,자주
244,162,66,ko,귤색,귤색,귤
215,57,101,ko,진분홍,진분홍색,진분홍
18,107,75,ko,진녹색,진녹색,진녹
166,201,198,ko,회녹색,회녹색,회녹
100,218,164,ko,에메랄드,에메랄드색,에메랄드
217,187,14,ko,겨자,겨자색,겨자
193,120,162,ko,분홍,분홍색,분홍
103,8,20,ko,와인,와인색,와인
76,199,40,ko,연두색,연두색,연두
132,101,214,ko,보라색,보라색,보라
172,190,34,ko,올리브색,올리브색,올리브
149,240,130,ko,옅은 연두색,옅은 연두색,옅은연두
89,126,141,ko,파란색 계열 회색,파란색 계열 회색,파랑색계열회
96,79,56,ko,갈색,갈색,갈
166,224,222,ko,하늘색,하늘색,하늘
31,26,197,ko,파란색,파란색,파랑
168,78,44,ko,벽돌색,벽돌색,벽돌
59,107,36,ko,녹색,녹색,녹
182,68,243,ko,밝은 보라색,밝은 보라색,밝은보라
85,11,75,ko,자주색,자주색,자주
238,202,184,ko,살색,살색,살
172,176,185,ko,회색,회색,회
105,129,83,ko,올리브그린,올리브그린색,올리브그린
64,62,108,ko,네이비색,네이비색,네이비
116,37,175,ko,보라색,보라색,보라
2,108,230,ko,파란색,파란색,파랑
2,250,44,ko,연두색,연두색,연두
244,93,209,ko,핫핑크,핫핑크색,핫핑크
21,115,104,ko,초록색,초록색,초록
183,238,46,ko,밝은 연두색,밝은 연두색,밝은연두
12,50,169,ko,파란색,파란색,파랑
78,157,108,ko,녹색,녹색,녹
255,67,146,ko,푸시아색,푸시아색,푸시아
87,75,10,ko,짙은 올리브색,짙은 올리브색,짙은올리브
246,47,233,ko,핫핑크,핫핑크색,핫핑크
189,19,8,ko,빨강,빨강색,빨강
156,4,144,ko,보랏빛 자주,보랏빛 자주색,보랏빛자주
234,104,96,ko,연어색,연어색,연어
140,139,220,ko,연보라색,연보라색,연보라
11,43,128,ko,네이비색,네이비색,네이비
63,230,123,ko,연두색,연두색,연두
102,37,4,ko,갈색,갈색,갈
211,250,241,ko,민트색,민트색,민트
207,31,131,ko,자주색,자주색,자주
227,209,221,ko,라벤더색,라벤더색,라벤더
71,31,110,ko,보라색,보라색,보라
26,139,158,ko,청록색,청록색,청록
92,87,117,ko,회남색,회남색,회남
223,161,22,ko,겨자색,겨자색,겨자
136,163,67,ko,카키색,카키색,카키
241,123,44,ko,주황색,주황색,주황
144,99,71,ko,갈색,갈색,갈
70,161,20,ko,초록색,초록색,초록
216,100,71,ko,붉은벽돌색,붉은벽돌색,붉은벽돌
124,43,239,ko,보라색,보라색,보라
175,86,9,ko,갈색,갈색,갈
215,117,149,ko,홍매색,홍매색,홍매
22,23,74,ko,남색,남색,남
71,221,191,ko,옥색,옥색,옥
183,170,231,ko,라벤더색,라벤더색,라벤더
210,146,234,ko,연보라색,연보라색,연보라
150,110,8,ko,갈색,갈색,갈
44,82,228,ko,파랑색,파랑색,파랑
114,77,143,ko,보라색,보라색,보라
34,97,95,ko,청록색,청록색,청록
79,97,62,ko,카키색,카키색,카키
105,73,184,ko,보라색,보라색,보라
27,8,8,ko,검정색,검정색,검정
54,208,27,ko,연두색,연두색,연두
15,5,158,ko,군청색,군청색,군청
47,199,247,ko,하늘색,하늘색,하늘
237,40,200,ko,핫핑크색,핫핑크색,핫핑크
243,229,22,ko,노란색,노란색,노랑
222,25,56,ko,빨간색,빨간색,빨강
7,94,18,ko,진초록색,진초록색,진초록
110,118,205,ko,보라색,보라색,보라
172,51,85,ko,자주색,자주색,자주
70,80,59,ko,늪색,늪색,늪
66,26,63,ko,진한 보라색,진한 보라색,진보라
20,168,170,ko,시안색,시안색,시안
143,162,113,ko,연두색,연두색,연두
223,221,251,ko,연보라색,연보라색,연보라
95,121,255,ko,파란색,파란색,파랑
172,42,16,ko,진한 빨간색,진한 빨간색,진빨강
175,151,78,ko,갈색,갈색,갈
165,91,110,ko,진한분홍색,진한분홍색,진분홍
211,232,31,ko,형광색,형광색,형광
243,65,26,ko,빨강,빨강색,빨강
163,96,199,ko,보라색,보라색,보라
151,110,86,ko,회갈색,회갈색,회갈
47,205,112,ko,초록색,초록색,초록
195,61,159,ko,자주색,자주색,자주
249,253,184,ko,상아색,상아색,상아
183,216,207,ko,연한 하늘색,연한 하늘색,연하늘
100,15,41,ko,진한 빨간색,진한 빨간색,진빨강
82,187,21,ko,연두색,연두색,연두
251,196,27,ko,노란색,노란색,노랑
43,118,152,ko,청록색,청록색,청록
79,172,127,ko,초록색,초록색,초록
250,72,122,ko,형광 핑크색,형광 핑크색,형광핑크
212,147,101,ko,연한갈색,연한갈색,연갈
151,138,224,ko,연한보라색,연한보라색,연보라
191,90,245,ko,자주색,자주색,자주
43,14,182,ko,남색,남색,남
219,176,219,ko,분홍색,분홍색,분홍
37,115,116,ko,청록색,청록색,청록
57,155,66,ko,초록색,초록색,초록
56,129,218,ko,파랑,파랑색,파랑
13,38,139,ko,남색,남색,남
22,60,248,ko,진한파랑,진한파랑색,진파랑
124,65,29,ko,갈색,갈색,갈
231,7,221,ko,형광분홍색,형광분홍색,형광분홍
225,112,149,ko,진분홍,진분홍색,진분홍
146,97,129,ko,자주,자주색,자주
101,89,97,ko,고동,고동색,고동
174,114,1,ko,진한주황,진한주황색,진주황
133,135,2,ko,올리브,올리브색,올리브
242,176,182,ko,연핑크,연핑크색,연핑크
53,108,133,ko,네이비,네이비색,네이비
188,142,219,ko,연보라,연보라색,연보라
97,121,202,ko,푸른보라,푸른보라색,푸른보라
40,93,253,ko,군청,군청색,군청
40,191,201,ko,민트,민트색,민트
153,190,12,ko,라임,라임색,라임
234,55,153,ko,핑크,핑크색,핑크
59,110,225,ko,파랑,파랑색,파랑
43,30,2,ko,검정,검정색,검정
7,23,51,ko,남색,남색,남
62,57,173,ko,보라,보라색,보라
155,82,231,ko,연보라,연보라색,연보라
170,216,185,ko,민트,민트색,민트
93,44,62,ko,갈색,갈색,갈
218,213,42,ko,노랑색,노랑색,노랑
89,93,64,ko,녹색,녹색,녹
115,22,78,ko,자주색,자주색,자주
242,92,108,ko,코랄색,코랄색,코랄
60,184,251,ko,하늘색,하늘색,하늘
157,60,71,ko,레드브라운,레드브라운색,레드브라운
254,83,65,ko,주황,주황색,주황
173,192,234,ko,연파랑,연파랑색,연파랑
28,21,235,ko,군청,군청색,군청
71,214,7,ko,연두,연두색,연두
65,191,148,ko,초록,초록색,초록
179,236,138,ko,옐로그린,옐로그린색,옐로그린
85,26,199,ko,보라,보라색,보라
87,52,106,ko,탁한보라,탁한보라색,탁한보라
69,140,88,ko,녹색,녹색,녹
118,248,170,ko,민트,민트색,민트
66,225,140,ko,에메랄드,에메랄드색,에메랄드
116,185,249,ko,하늘,하늘색,하늘
167,117,42,ko,황갈색,황갈색,황갈
51,121,161,ko,파랑,파랑색,파랑
68,177,48,ko,초록,초록색,초록
33,41,125,ko,남색,남색,남
1,220,17,ko,연두,연두색,연두
245,70,107,ko,다홍,다홍색,다홍
171,12,150,ko,보라,보라색,보라
121,144,100,ko,카키,카키색,카키
147,106,176,ko,연보라,연보라색,연보라
193,164,253,ko,연보라,연보라색,연보라
245,86,40,ko,다홍,다홍색,다홍
52,184,165,ko,청록,청록색,청록
212,171,171,ko,탁한 분홍,탁한 분홍색,탁한분홍
153,231,20,ko,연두,연두색,연두
39,95,75,ko,진초록,진초록색,진초록
96,92,74,ko,회갈,회갈색,회갈
96,123,1,ko,탁한 초록,탁한 초록색,탁한초록
203,143,101,ko,살구,살구색,살구
168,33,79,ko,진분홍,진분홍색,진분홍
200,195,3,ko,겨자,겨자색,겨자
152,207,100,ko,연두,연두색,연두
184,83,146,ko,분홍,분홍색,분홍
124,59,152,ko,보라,보라색,보라
17,97,168,ko,파랑,파랑색,파랑
213,238,194,ko,연두,연두색,연두
0,119,31,ko,초록,초록색,초록
12,28,200,ko,진파랑,진파랑색,진파랑
60,92,232,ko,연파랑,연파랑색,연파랑
183,58,43,ko,갈색,갈색,갈
136,249,119,ko,연두,연두색,연두
220,11,202,ko,분홍,분홍색,분홍
144,172,178,ko,탁한하늘,탁한하늘색,탁한하늘
160,89,223,ko,보라,보라색,보라
184,100,107,ko,탁한분홍,탁한분홍색,탁한분홍
72,37,154,ko,남색,남색,남
223,78,134,ko,진분홍색,진분홍색,진분홍
53,118,167,ko,진하늘색,진하늘색,진하늘
198,140,235,ko,연보라색,연보라색,연보라
40,167,19,ko,초록색,초록색,초록
7,22,83,ko,진청색,진청색,진청
5,176,243,ko,하늘색,하늘색,하늘
122,237,126,ko,라임색,라임색,라임
129,179,61,ko,풀색,풀색,풀
170,72,195,ko,보라색,보라색,보라
135,38,75,ko,버건디색,버건디색,버건디
18,240,196,ko,옥색,옥색,옥
186,94,186,ko,퍼머넌트 바이올렛,퍼머넌트 바이올렛색,퍼머넌트바이올렛
111,180,202,ko,세룰리언블루,세룰리언블루색,세룰리언블루
127,121,8,ko,그리니쉬 옐로우,그리니쉬 옐로우색,그리니쉬옐로우
4,73,132,ko,남색,남색,남
247,249,252,ko,흰색,흰색,흰
210,38,43,ko,퍼머넌트 레드,퍼머넌트 레드색,퍼머넌트레드
232,80,3,ko,버밀리온,버밀리온색,버밀리온
127,200,184,ko,민트색,민트색,민트
39,118,143,ko,몰라,몰라색,몰라
190,49,227,ko,바이올렛,바이올렛색,바이올렛
13,21,136,ko,로얄 블루,로얄 블루색,로얄블루
118,86,49,ko,라우 엄버,라우 엄버색,라우엄버
119,30,105,ko,자주색,자주색,자주
77,203,104,ko,초록색,초록색,초록
8,113,71,ko,진초록,진초록색,진초록
84,242,239,ko,하늘색,하늘색,하늘
205,202,51,ko,누런색,누런색,누런
159,163,138,ko,회끼도는샥,회끼도는샥색,회끼도는샥
85,66,78,ko,갈색과 보라색 중간,갈색과 보라색 중간색,갈색과보라색중간
55,244,207,ko,민트색,민트색,민트
207,214,123,ko,누런색2,누런색2색,누런색2
62,133,118,ko,처록,처록색,처록
196,152,187,ko,연보라 하지만 채도는 낮음,연보라 하지만 채도는 낮음색,연보라하지만채도는낮음
20,5,23,ko,검정색,검정색,검정
124,173,191,ko,하늘,하늘색,하늘
111,15,139,ko,보라,보라색,보라
221,138,163,ko,분홍,분홍색,분홍
223,233,104,ko,연두,연두색,연두
147,141,255,ko,연보라,연보라색,연보라
29,81,245,ko,파랑,파랑색,파랑
78,83,90,ko,회색,회색,회
138,172,140,ko,연초록,연초록색,연초록
204,50,142,ko,자주,자주색,자주
146,252,204,ko,민트,민트색,민트
177,66,241,ko,보라,보라색,보라
195,108,235,ko,연보라,연보라색,연보라
146,45,44,ko,검붉음,검붉음색,검붉음
48,190,92,ko,초록,초록색,초록
144,118,11,ko,황토,황토색,황토
15,135,212,ko,파랑,파랑색,파랑
201,181,38,ko,황토,황토색,황토
229,136,123,ko,분홍,분홍색,분홍
15,5,149,ko,남색,남색,남
193,63,179,ko,자주,자주색,자주
20,55,94,ko,남색,남색,남
65,101,58,ko,초록,초록색,초록
240,101,144,ko,핫핑크,핫핑크색,핫핑크
127,232,34,ko,형광연두,형광연두색,형광연두
130,81,104,ko,자주,자주색,자주
60,84,189,ko,파랑,파랑색,파랑
53,221,227,ko,하늘,하늘색,하늘
149,216,99,ko,연두,연두색,연두
129,56,124,ko,보라,보라색,보라
59,192,35,ko,초록,초록색,초록
10,22,97,ko,남색,남색,남
44,7,42,ko,검정,검정색,검정
13,106,114,ko,청록,청록색,청록
100,155,47,ko,연두,연두색,연두
189,159,213,ko,연보라,연보라색,연보라
78,164,108,ko,초록,초록색,초록
216,154,244,ko,연보라,연보라색,연보라
246,37,228,ko,핫핑크,핫핑크색,핫핑크
159,176,228,ko,연파랑,연파랑색,연파랑
154,246,104,ko,연두,연두색,연두
70,190,130,ko,초록,초록색,초록
221,188,180,ko,뭐임,뭐임색,뭐임
138,121,132,ko,갈색,갈색,갈
168,251,153,ko,초촉,초촉색,초촉
179,57,66,ko,레드,레드색,레드
250,148,49,ko,귤색,귤색,귤
211,241,58,ko,리프 그림,리프 그림색,리프그림
50,82,13,ko,올리브 그린,올리브 그린색,올리브그린
229,17,75,ko,다홍색,다홍색,다홍
122,58,170,ko,보라색,보라색,보라
57,90,1,ko,녹색,녹색,녹
229,56,151,ko,자주색,자주색,자주
252,165,200,ko,분홍색,분홍색,분홍
182,57,29,ko,갈색,갈색,갈
58,179,174,ko,하늘색,하늘색,하늘
28,207,29,ko,연두색,연두색,연두
84,146,11,ko,올리브그린,올리브그린색,올리브그린
135,133,195,ko,연남색,연남색,연남
65,229,192,ko,하늘색,하늘색,하늘
86,56,69,ko,블루베리색,블루베리색,블루베리
160,94,38,ko,고동색,고동색,고동
141,145,101,ko,회색,회색,회
55,180,76,ko,초록,초록색,초록
191,175,8,ko,노란색,노란색,노랑
210,111,178,ko,연분홍,연분홍색,연분홍
212,7,203,ko,자주색,자주색,자주
105,161,205,ko,어두운 민트색,어두운 민트색,어두운민트
225,249,113,ko,연노랑,연노랑색,연노랑
118,97,35,ko,붉은갈색,붉은갈색,붉은갈
18,49,178,ko,진한남색,진한남색,진남
149,220,159,ko,산호색,산호색,산호
75,153,85,ko,어두훈 산호색,어두훈 산호색,어두훈산호
97,23,96,ko,보라색,보라색,보라
236,16,252,ko,진한 분홍색,진한 분홍색,진분홍
66,2,108,ko,진한 남보라색,진한 남보라색,진남보라
7,48,6,ko,어두운 녹색,어두운 녹색,어두운녹
240,217,176,ko,연분홍색,연분홍색,연분홍
67,93,202,ko,흐린 파란색,흐린 파란색,흐린파랑
214,145,113,ko,어두운 살색,어두운 살색,어두운살
0,69,71,ko,어두운 청록색,어두운 청록색,어두운청록
193,225,245,ko,하늘색,하늘색,하늘
151,132,85,ko,황토색,황토색,황토
143,248,148,ko,밝은녹색,밝은녹색,밝은녹
134,130,206,ko,연보라색,연보라색,연보라
169,95,31,ko,갈색,갈색,갈
112,31,247,ko,파란보라색,파란보라색,파랑보라
149,19,106,ko,자주색,자주색,자주
55,203,148,ko,탁한녹색,탁한녹색,탁한녹
170,116,147,ko,검분홍색,검분홍색,검분홍
13,134,106,ko,어두운녹색,어두운녹색,어두운녹
234,215,162,ko,살구색,살구색,살구
218,195,95,ko,누런색,누런색,누런
140,15,152,ko,자주색,자주색,자주
1,219,210,ko,청록색,청록색,청록
96,107,49,ko,풀색,풀색,풀
135,171,65,ko,연두색,연두색,연두
229,139,225,ko,분홍색,분홍색,분홍
2,79,230,ko,파란색,파란색,파랑
109,163,232,ko,하늘색,하늘색,하늘
97,165,111,ko,초록색,초록색,초록
239,134,23,ko,주황색,주황색,주황
127,70,132,ko,보라색,보라색,보라
81,139,121,ko,초록색,초록색,초록
59,88,155,ko,남색,남색,남
166,42,45,ko,다홍색,다홍색,다홍
191,173,3,ko,겨자색,겨자색,겨자
68,215,92,ko,녹색,녹색,녹
150,135,110,ko,담색,담색,담
43,40,29,ko,남색,남색,남
110,180,157,ko,녹색,녹색,녹
220,122,199,ko,적보라색,적보라색,적보라
13,42,62,ko,검정,검정색,검정
116,33,85,ko,짙은자주색,짙은자주색,짙은자주
121,233,239,ko,에메랄드색,에메랄드색,에메랄드
214,111,68,ko,주황색,주황색,주황
86,156,16,ko,연두색,연두색,연두
180,71,119,ko,자주색,자주색,자주
175,156,39,ko,연한카키색,연한카키색,연카키
135,33,5,ko,적갈색,적갈색,적갈
207,232,61,ko,형광연두색,형광연두색,형광연두
241,38,134,ko,핫핑크색,핫핑크색,핫핑크
143,100,227,ko,형광보라색,형광보라색,형광보라
147,169,251,ko,진하늘색,진하늘색,진하늘
148,85,74,ko,갈색,갈색,갈
241,205,251,ko,연보라색,연보라색,연보라
252,144,133,ko,연주황색,연주황색,연주황
66,98,145,ko,남색,남색,남
73,157,198,ko,짙은하늘색,짙은하늘색,짙은하늘
33,229,107,ko,형광녹색,형광녹색,형광녹
97,31,209,ko,보라색,보라색,보라
46,7,138,ko,남색,남색,남
196,206,131,ko,연한카키색,연한카키색,연카키
105,102,44,ko,카키색,카키색,카키
209,247,143,ko,형광밝은연두색,형광밝은연두색,형광밝은연두
204,129,13,ko,황토색,황토색,황토
142,138,188,ko,연보라색,연보라색,연보라
158,4,118,ko,적자주색,적자주색,적자주
237,154,185,ko,분홍색,분홍색,분홍
206,10,235,ko,형광보라색,형광보라색,형광보라
68,250,220,ko,옥색,옥색,옥
156,32,195,ko,보라색,보라색,보라
114,217,56,ko,진연두색,진연두색,진연두
238,95,8,ko,짙은주황색,짙은주황색,짙은주황
119,95,108,ko,회갈색,회갈색,회갈
81,117,223,ko,회파랑색,회파랑색,회파랑
238,150,147,ko,인디언핑크,인디언핑크색,인디언핑크
228,87,247,ko,진분홍,진분홍색,진분홍
98,97,131,ko,회색,회색,회
109,101,223,ko,보라,보라색,보라
132,178,23,ko,진녹,진녹색,진녹
112,68,119,ko,자주,자주색,자주
158,52,214,ko,보라,보라색,보라
156,109,122,ko,갈색,갈색,갈
220,126,185,ko,분홍,분홍색,분홍
148,124,182,ko,연보라,연보라색,연보라
77,251,227,ko,에메랄드,에메랄드색,에메랄드
187,159,42,ko,올리브,올리브색,올리브
226,125,64,ko,주황에 갈색 쥐똥만큼,주황에 갈색 쥐똥만큼색,주황에갈색쥐똥만큼
176,135,70,ko,황토와 갈색 그 사이,황토와 갈색 그 사이색,황토와갈색그사이
248,143,218,ko,연분홍과 분홍 그 사이,연분홍과 분홍 그 사이색,연분홍과분홍그사이
230,56,179,ko,핫핑크,핫핑크색,핫핑크
67,177,68,ko,연두와 초록 그 사이,연두와 초록 그 사이색,연두와초록그사이
152,71,43,ko,갈색,갈색,갈
100,86,55,ko,고동색,고동색,고동
139,54,112,ko,보라에 검정 쥐똥만큼,보라에 검정 쥐똥만큼색,보라에검정쥐똥만큼
223,118,102,ko,살구색+빨강+검정쥐똥만큼,살구색+빨강+검정쥐똥만큼색,살구색+빨강+검정쥐똥만큼
45,175,219,ko,하늘색,하늘색,하늘
2,108,111,ko,청록색,청록색,청록
47,13,86,ko,남색,남색,남
14,132,194,ko,파랑,파랑색,파랑
146,180,232,ko,연보라,연보라색,연보라
145,74,176,ko,보라,보라색,보라
165,197,141,ko,연녹,연녹색,연녹
106,214,156,ko,에메랄드,에메랄드색,에메랄드
108,64,22,ko,갈색,갈색,갈
91,136,125,ko,진녹,진녹색,진녹
13,202,55,ko,형광녹색,형광녹색,형광녹
27,75,77,ko,진녹,진녹색,진녹
178,87,36,ko,연갈색,연갈색,연갈
152,232,86,ko,연두색,연두색,연두
72,149,177,ko,청녹색,청녹색,청록
26,6,171,ko,파랑색,파랑색,파랑
202,229,245,ko,소라색,소라색,소라
162,0,99,ko,보라에 빨강과 핫핑크,보라에 빨강과 핫핑크색,보라에빨강과핫핑크
13,247,140,ko,연두에 흰색,연두에 흰색,연두에흰
209,197,115,ko,연두에 황토,연두에 황토색,연두에황토
175,248,224,ko,하늘에 흰색과 연두,하늘에 흰색과 연두색,하늘에흰색과연두
14,149,92,ko,초록에 흰색,초록에 흰색,초록에흰
249,205,19,ko,개나리색,개나리색,개나리
239,68,91,ko,분홍에 빨강과 흰색,분홍에 빨강과 흰색,분홍에빨강과흰
39,59,69,ko,남색에 검정,남색에 검정색,남색에검정
171,238,38,ko,연두색,연두색,연두
208,225,65,ko,연두에 노랑색,연두에 노랑색,연두에노랑
83,17,78,ko,포도색,포도색,포도
193,240,231,ko,민트색,민트색,민트
13,51,237,ko,코발트블루,코발트블루색,코발트블루
155,158,247,ko,라일락,라일락색,라일락
56,166,213,ko,청색,청색,청
63,239,137,ko,형광녹색,형광녹색,형광녹
26,255,202,ko,형광민트색,형광민트색,형광민트
168,120,105,ko,갈색,갈색,갈
82,176,47,ko,풀색,풀색,풀
219,75,246,ko,형광분홍,형광분홍색,형광분홍
107,114,136,ko,회색,회색,회
136,240,25,ko,연두색,연두색,연두
253,164,92,ko,주황,주황색,주황
200,195,16,ko,올리브,올리브색,올리브
99,171,89,ko,진녹,진녹색,진녹
164,19,61,ko,자주,자주색,자주
18,253,53,ko,형광녹색,형광녹색,형광녹
199,48,125,ko,연자주,연자주색,연자주
20,84,169,ko,남색,남색,남
230,245,159,ko,연녹,연녹색,연녹
247,92,12,ko,주황,주황색,주황
236,170,9,ko,황토,황토색,황토
225,53,174,ko,마젠타,마젠타색,마젠타
224,50,52,ko,빨강,빨강색,빨강
2,233,78,ko,연두색,연두색,연두
232,156,23,ko,노랑에 황토,노랑에 황토색,노랑에황토
195,22,26,ko,빨간색에 검정 먼지만큼,빨간색에 검정 먼지만큼색,빨강색에검정먼지만큼
201,159,216,ko,연보라색,연보라색,연보라
45,237,171,ko,에메랄드색,에메랄드색,에메랄드
235,56,246,ko,핫핑크,핫핑크색,핫핑크
22,91,248,ko,파랑에 흰색,파랑에 흰색,파랑에흰
21,60,125,ko,남색,남색,남
180,214,166,ko,연두에 밝은 회색,연두에 밝은 회색,연두에밝은회
71,189,160,ko,에메랄드에 밝은 회색,에메랄드에 밝은 회색,에메랄드에밝은회
234,52,124,ko,분홍색,분홍색,분홍
3,14,28,ko,검정색,검정색,검정
224,172,144,ko,옅은황토색,옅은황토색,옅은황토
206,147,196,ko,코랄,코랄색,코랄
102,69,148,ko,보라색,보라색,보라
186,52,138,ko,홍색,홍색,홍
214,219,145,ko,탁한라임색,탁한라임색,탁한라임
214,100,227,ko,형광보라,형광보라색,형광보라
230,214,87,ko,겨자색,겨자색,겨자
79,58,8,ko,고동색,고동색,고동
27,206,195,ko,푸른민트색,푸른민트색,푸른민트
7,103,248,ko,파랑색,파랑색,파랑
45,44,169,ko,울트라마린,울트라마린색,울트라마린
23,121,96,ko,초록색,초록색,초록
243,76,137,ko,핫핑크,핫핑크색,핫핑크
175,103,12,ko,나무색,나무색,나무
173,35,164,ko,자주색,자주색,자주
119,62,8,ko,갈색,갈색,갈
22,193,4,ko,밝은연두색,밝은연두색,밝은연두
206,83,96,ko,어두운핑크,어두운핑크색,어두운핑크
169,210,36,ko,라임색,라임색,라임
122,137,90,ko,올리브색,올리브색,올리브
244,117,45,ko,주황색,주황색,주황
16,81,21,ko,녹색,녹색,녹
234,166,252,ko,탁한밝은핑크색,탁한밝은핑크색,탁한밝은핑크
205,53,33,ko,벽돌색,벽돌색,벽돌
16,165,96,ko,초록색,초록색,초록
216,10,48,ko,빨간색,빨간색,빨강
231,103,96,ko,다홍색,다홍색,다홍
183,253,125,ko,연두색,연두색,연두
36,175,172,ko,청록색,청록색,청록
178,151,164,ko,연보라색,연보라색,연보라
255,165,160,ko,살구색,살구색,살구
124,74,120,ko,보라색,보라색,보라
60,110,46,ko,짙은 녹색,짙은 녹색,짙은녹
119,91,61,ko,갈색,갈색,갈
166,179,56,ko,풀색,풀색,풀
4,207,60,ko,밝은 녹색,밝은 녹색,밝은녹
146,215,49,ko,연두색,연두색,연두
213,1,158,ko,자주색,자주색,자주
72,85,177,ko,군청색,군청색,군청
103,30,174,ko,보라색,보라색,보라
244,122,205,ko,분홍색,분홍색,분홍
58,67,104,ko,남색,남색,남
206,163,88,ko,연갈색,연갈색,연갈
13,241,157,ko,밝은 녹색,밝은 녹색,밝은녹
127,169,223,ko,하늘색,하늘색,하늘
103,128,153,ko,퍼런색,퍼런색,퍼런
57,44,46,ko,검정색,검정색,검정
251,195,74,ko,노란색,노란색,노랑
23,203,95,ko,초록색,초록색,초록
96,92,124,ko,어두운 보라,어두운 보라색,어두운보라
97,28,181,ko,보라,보라색,보라
199,240,49,ko,라임,라임색,라임
245,203,172,ko,살구색,살구색,살구
175,195,119,ko,탁한 연두색,탁한 연두색,탁한연두
127,179,227,ko,탁한 하늘색,탁한 하늘색,탁한하늘
220,82,12,ko,약간 어두운 다홍,약간 어두운 다홍색,약간어두운다홍
211,119,130,ko,인디핑크,인디핑크색,인디핑크
98,68,7,ko,갈색,갈색,갈
55,238,74,ko,녹색,녹색,녹
92,73,54,ko,고동색,고동색,고동
181,66,89,ko,붉은색,붉은색,붉은
254,35,137,ko,꽃분홍,꽃분홍색,꽃분홍
79,249,4,ko,밝은 초록색,밝은 초록색,밝은초록
78,110,250,ko,새파란색,새파란색,새파랑
245,220,48,ko,노란색,노란색,노랑
45,133,224,ko,파란색,파란색,파랑
247,111,45,ko,주황색,주황색,주황
204,135,25,ko,황토색,황토색,황토
33,202,252,ko,하늘색,하늘색,하늘
207,207,175,ko,회색,회색,회
110,175,141,ko,연한 청록색,연한 청록색,연청록
123,189,110,ko,연한 녹색,연한 녹색,연녹
80,158,98,ko,풀색,풀색,풀
208,253,145,ko,형광라임,형광라임색,형광라임
197,124,212,ko,자주색,자주색,자주
152,113,64,ko,갈색,갈색,갈
172,136,129,ko,탁한분홍,탁한분홍색,탁한분홍
246,186,40,ko,골드,골드색,골드
35,126,154,ko,어두운 청록색,어두운 청록색,어두운청록
15,103,198,ko,파랑색,파랑색,파랑
100,238,198,ko,옥색,옥색,옥
13,167,246,ko,밝은 파랑색,밝은 파랑색,밝은파랑
69,26,32,ko,고동색,고동색,고동
42,188,183,ko,청록색,청록색,청록
223,161,105,ko,황토색,황토색,황토
54,47,163,ko,곤색,곤색,곤
216,13,133,ko,어두운 핫핑크,어두운 핫핑크색,어두운핫핑크
150,82,129,ko,탁한 자주색,탁한 자주색,탁한자주
191,187,253,ko,연보라,연보라색,연보라
124,21,242,ko,보라,보라색,보라
51,59,129,ko,네이비,네이비색,네이비
203,227,236,ko,연한 청회색,연한 청회색,연청회
242,169,222,ko,분홍색,분홍색,분홍
160,147,178,ko,탁한 연보라,탁한 연보라색,탁한연보라
244,42,195,ko,핫핑크,핫핑크색,핫핑크
246,230,144,ko,상아색,상아색,상아
123,78,94,ko,벽돌색,벽돌색,벽돌
80,61,150,ko,보라색,보라색,보라
84,125,108,ko,군청색,군청색,군청
160,244,18,ko,연두,연두색,연두
149,135,1,ko,구리색,구리색,구리
249,99,193,ko,핫핑크,핫핑크색,핫핑크
49,84,233,ko,청색,청색,청
91,56,34,ko,갈색,갈색,갈
19,143,78,ko,초록색,초록색,초록
129,50,233,ko,찐보라색,찐보라색,찐보라
65,255,208,ko,형광소라,형광소라색,형광소라
35,23,167,ko,찐청색,찐청색,찐청
27,3,119,ko,군청색,군청색,군청
200,174,195,ko,연하고 탁한 보라색,연하고 탁한 보라색,연하고탁한보라
49,212,20,ko,형광연두색,형광연두색,형광연두
81,13,62,ko,보라색,보라색,보라
245,9,231,ko,형광핑크색,형광핑크색,형광핑크
221,167,251,ko,연보라색,연보라색,연보라
95,95,253,ko,하늘색,하늘색,하늘
174,46,36,ko,오렌지브라운,오렌지브라운색,오렌지브라운
16,63,120,ko,진한 파랑색,진한 파랑색,진파랑
35,203,195,ko,민트색,민트색,민트
49,143,119,ko,옥색,옥색,옥
182,231,49,ko,연두색,연두색,연두
248,166,26,ko,개나리색,개나리색,개나리
241,132,122,ko,코랄색,코랄색,코랄
171,230,202,ko,연한민트색,연한민트색,연민트
97,31,214,ko,밝은 군청색,밝은 군청색,밝은군청
162,141,66,ko,금색,금색,금
157,113,154,ko,탁한 보라색,탁한 보라색,탁한보라
36,91,70,ko,진한 초록색,진한 초록색,진초록
194,92,241,ko,보라색,보라색,보라
251,206,13,ko,노란색,노란색,노랑
8,183,227,ko,파란색,파란색,파랑
82,127,63,ko,진한 연두색,진한 연두색,진연두
153,10,129,ko,진한 분홍색,진한 분홍색,진분홍
75,11,19,ko,고동색,고동색,고동
113,31,6,ko,갈색,갈색,갈
246,7,148,ko,형광핑크색,형광핑크색,형광핑크
52,103,230,ko,파란색,파란색,파랑
31,206,159,ko,민트색,민트색,민트
200,196,73,ko,탁한 노랑색,탁한 노랑색,탁한노랑
132,174,39,ko,진한 연두색,진한 연두색,진연두
226,235,167,ko,밝은 연두색,밝은 연두색,밝은연두
210,94,39,ko,짙은 주황색,짙은 주황색,짙은주황
167,95,88,ko,탁한 갈색,탁한 갈색,탁한갈
94,108,133,ko,짙은 회색,짙은 회색,짙은회
138,164,251,ko,하늘색,하늘색,하늘
237,145,145,ko,분홍,분홍색,분홍
132,205,222,ko,소라,소라색,소라
107,128,54,ko,카키,카키색,카키
13,46,195,ko,파랑,파랑색,파랑
234,16,223,ko,자주,자주색,자주
224,146,93,ko,살구,살구색,살구
134,22,210,ko,보라,보라색,보라
65,39,49,ko,암보라,암보라색,암보라
103,157,209,ko,하늘,하늘색,하늘
151,152,130,ko,연카키,연카키색,연카키
230,193,98,ko,노랑,노랑색,노랑
78,210,51,ko,형광연두,형광연두색,형광연두
182,132,233,ko,연보라,연보라색,연보라
227,15,30,ko,빨간색,빨간색,빨강
230,251,101,ko,라임색,라임색,라임
121,139,1,ko,카키,카키색,카키
168,85,220,ko,보라,보라색,보라
209,165,199,ko,보라분홍,보라분홍색,보라분홍
42,254,99,ko,형광녹색,형광녹색,형광녹
208,219,165,ko,연한올리브,연한올리브색,연올리브
114,68,64,ko,벽돌색,벽돌색,벽돌
16,10,48,ko,암청색,암청색,암청
187,193,214,ko,청회색,청회색,청회
147,106,23,ko,황토색,황토색,황토
83,112,237,ko,파랑,파랑색,파랑
145,24,75,ko,적보라,적보라색,적보라
44,97,81,ko,올리브,올리브색,올리브
153,9,143,ko,진보라,진보라색,진보라
244,13,114,ko,꽃분홍,꽃분홍색,꽃분홍
72,238,198,ko,민트,민트색,민트
5,148,45,ko,형광초록,형광초록색,형광초록
91,134,227,ko,진소라,진소라색,진소라
203,112,145,ko,딸기우유,딸기우유색,딸기우유
109,242,162,ko,연두,연두색,연두
188,239,127,ko,라임,라임색,라임
110,100,68,ko,카키,카키색,카키
227,62,119,ko,진달래,진달래색,진달래
200,131,241,ko,보라,보라색,보라
35,98,206,ko,파랑,파랑색,파랑
51,159,191,ko,코랄,코랄색,코랄
53,105,168,ko,연남,연남색,연남
24,190,92,ko,초록,초록색,초록
235,217,216,ko,베이지,베이지색,베이지
203,225,186,ko,연두,연두색,연두
210,33,219,ko,자주,자주색,자주
225,215,72,ko,겨자,겨자색,겨자
253,99,107,ko,진주황,진주황색,진주황
99,187,44,ko,풀색,풀색,풀
171,161,215,ko,연보라,연보라색,연보라
218,225,142,ko,연겨자,연겨자색,연겨자
161,52,250,ko,보라,보라색,보라
49,51,77,ko,남색,남색,남
110,251,250,ko,에메랄드,에메랄드색,에메랄드
69,138,52,ko,진녹색,진녹색,진녹
191,47,160,ko,자주,자주색,자주
155,109,56,ko,연갈색,연갈색,연갈
73,17,20,ko,진보라,진보라색,진보라
150,188,79,ko,녹색,녹색,녹
156,164,149,ko,회색,회색,회
52,43,12,ko,검정,검정색,검정
151,75,213,ko,밝은보라,밝은보라색,밝은보라
158,175,120,ko,풀색,풀색,풀
72,9,64,ko,진보라,진보라색,진보라
216,237,2,ko,형광,형광색,형광
214,152,146,ko,살구,살구색,살구
123,75,154,ko,보라,보라색,보라
106,192,129,ko,코랄,코랄색,코랄
51,230,191,ko,에메랄드,에메랄드색,에메랄드
200,81,148,ko,진분홍,진분홍색,진분홍
255,143,214,ko,분홍,분홍색,분홍
78,226,13,ko,밝은초록,밝은초록색,밝은초록
229,132,46,ko,주황,주황색,주황
41,61,47,ko,진초록,진초록색,진초록
88,178,162,ko,청록색,청록색,청록
218,181,161,ko,베이지색,베이지색,베이지
11,97,121,ko,암청색,암청색,암청
137,207,64,ko,연두,연두색,연두
143,42,209,ko,보라,보라색,보라
231,82,196,ko,분홍,분홍색,분홍
55,239,96,ko,형광연두,형광연두색,형광연두
26,207,244,ko,하늘색,하늘색,하늘
179,45,220,ko,보라색,보라색,보라
158,32,75,ko,어두운 빨간색,어두운 빨간색,어두운빨강
108,231,80,ko,초록색,초록색,초록
103,59,6,ko,갈색,갈색,갈
196,159,166,ko,연보라색,연보라색,연보라
41,137,140,ko,청록색,청록색,청록
164,53,140,ko,진보라색,진보라색,진보라
88,251,190,ko,민트색,민트색,민트
212,53,44,ko,주황색,주황색,주황
189,93,202,ko,보라색,보라색,보라
99,111,32,ko,올리브색,올리브색,올리브
218,125,187,ko,연보라색,연보라색,연보라
60,88,79,ko,청녹색,청녹색,청록
104,54,86,ko,어두운보라색,어두운보라색,어두운보라
235,5,2,ko,빨간색,빨간색,빨강
201,118,7,ko,주황색,주황색,주황
72,31,97,ko,진보라색,진보라색,진보라
63,159,63,ko,초록색,초록색,초록
83,143,235,ko,파란색,파란색,파랑
195,179,66,ko,누런색,누런색,누런
174,205,16,ko,올리브색,올리브색,올리브
231,48,169,ko,핫핑크,핫핑크색,핫핑크
220,113,69,ko,주황색,주황색,주황
32,75,215,ko,파란색,파란색,파랑
182,223,148,ko,연녹색,연녹색,연녹
149,7,30,ko,갈색,갈색,갈
105,11,205,ko,어두운 보라색,어두운 보라색,어두운보라
114,236,240,ko,민트색,민트색,민트
6,90,30,ko,녹색,녹색,녹
138,129,243,ko,연보라색,연보라색,연보라
220,3,254,ko,보라색,보라색,보라
116,27,147,ko,진보라색,진보라색,진보라
155,127,15,ko,겨자색,겨자색,겨자
140,157,100,ko,풀색,풀색,풀
7,87,158,ko,푸른색,푸른색,푸른
153,215,11,ko,라임색,라임색,라임
112,204,195,ko,옥색,옥색,옥
130,162,216,ko,진하늘색,진하늘색,진하늘
110,15,1,ko,자주색,자주색,자주
208,119,157,ko,분홍생,분홍생색,분홍생
44,237,0,ko,형광초록색,형광초록색,형광초록
121,41,72,ko,자주색,자주색,자주
81,58,133,ko,진보라색,진보라색,진보라
199,225,228,ko,연한 옥색,연한 옥색,연옥
107,169,186,ko,진옥색,진옥색,진옥
79,105,121,ko,푸른회색,푸른회색,푸른회
197,6,145,ko,자주색,자주색,자주
125,220,168,ko,희녹색,희녹색,희녹
173,81,38,ko,벽돌색,벽돌색,벽돌
159,107,170,ko,보라색,보라색,보라
181,114,239,ko,형광보라색,형광보라색,형광보라
22,50,21,ko,진녹색,진녹색,진녹
23,202,73,ko,초록색,초록색,초록
36,150,103,ko,녹색,녹색,녹
203,21,107,ko,자주색,자주색,자주
9,115,43,ko,초록색,초록색,초록
23,57,93,ko,남색,남색,남
233,115,223,ko,진분홍색,진분홍색,진분홍
245,60,96,ko,다홍색,다홍색,다홍
111,11,90,ko,자주색,자주색,자주
40,35,138,ko,진파랑색,진파랑색,진파랑
20,80,191,ko,파랑색,파랑색,파랑
39,30,41,ko,검은색,검은색,검정
183,216,174,ko,연두색,연두색,연두
253,174,46,ko,샛노랑색,샛노랑색,샛노랑
88,119,95,ko,녹색,녹색,녹
173,36,62,ko,빨간색,빨간색,빨강
35,85,54,ko,진초록,진초록색,진초록
24,138,73,ko,초록,초록색,초록
237,70,135,ko,분홍,분홍색,분홍
160,126,94,ko,고동색,고동색,고동
149,89,7,ko,갈색,갈색,갈
133,197,166,ko,옥색,옥색,옥
153,61,139,ko,보라색,보라색,보라
139,210,54,ko,연두색,연두색,연두
45,30,84,ko,남색,남색,남
246,243,90,ko,연노랑색,연노랑색,연노랑
33,67,151,ko,파란색,파란색,파랑
153,14,167,ko,보라색,보라색,보라
58,32,22,ko,검정색,검정색,검정
215,82,200,ko,보라색,보라색,보라
128,118,14,ko,고동색,고동색,고동
164,78,67,ko,적갈색,적갈색,적갈
79,136,192,ko,파란색,파란색,파랑
135,255,17,ko,형광색,형광색,형광
147,218,224,ko,하늘색,하늘색,하늘
189,240,124,ko,연두색,연두색,연두
195,238,33,ko,연두색,연두색,연두
79,130,33,ko,초록색,초록색,초록
45,232,237,ko,하늘색,하늘색,하늘
121,192,235,ko,파란색,파란색,파랑
104,121,59,ko,초록색,초록색,초록
254,140,214,ko,분홍색,분홍색,분홍
42,194,141,ko,초록색,초록색,초록
214,219,175,ko,몰라,몰라색,몰라
242,26,95,ko,다홍색,다홍색,다홍
169,17,90,ko,보라색,보라색,보라
174,186,204,ko,회색,회색,회
118,61,230,ko,연보라색,연보라색,연보라
253,215,198,ko,살구색,살구색,살구
115,127,212,ko,상아색,상아색,상아
204,101,246,ko,보라색,보라색,보라
98,48,15,ko,고동색,고동색,고동
249,252,231,ko,미색,미색,미
58,184,15,ko,초록색,초록색,초록
210,173,156,ko,인디언핑크,인디언핑크색,인디언핑크
179,253,180,ko,옥색,옥색,옥
95,89,235,ko,군청색,군청색,군청
42,49,116,ko,남색,남색,남
205,106,47,ko,담황색,담황색,담황
238,98,192,ko,꽃분홍색,꽃분홍색,꽃분홍
187,165,0,ko,황토색,황토색,황토
201,206,14,ko,노란색,노란색,노랑
28,251,65,ko,연두색,연두색,연두
138,219,243,ko,하늘색,하늘색,하늘
47,21,19,ko,검정색,검정색,검정
234,37,251,ko,마젠타색,마젠타색,마젠타
95,69,100,ko,회보라색,회보라색,회보라
99,73,65,ko,고동색,고동색,고동
96,29,164,ko,보라색,보라색,보라
83,170,235,ko,바다색,바다색,바다
177,53,133,ko,자주색,자주색,자주
29,23,197,ko,파란색,파란색,파랑
77,240,233,ko,하늘색,하늘색,하늘
74,72,22,ko,올리브색,올리브색,올리브
11,56,23,ko,풀색,풀색,풀
251,54,127,ko,홍매색,홍매색,홍매
10,129,230,ko,파란색,파란색,파랑
234,62,6,ko,빨간색,빨간색,빨강
82,219,171,ko,옥색,옥색,옥
12,95,0,ko,풀색,풀색,풀
149,171,120,ko,탁한연두색,탁한연두색,탁한연두
164,30,167,ko,보라색,보라색,보라
53,133,160,ko,탁한파란색,탁한파란색,탁한파랑
216,143,19,ko,귤색,귤색,귤
218,122,136,ko,분홍색,분홍색,분홍
29,248,174,ko,민트색,민트색,민트
227,196,243,ko,연보라색,연보라색,연보라
108,151,64,ko,옅은풀색,옅은풀색,옅은풀
20,137,174,ko,청록,청록색,청록
229,157,75,ko,주황,주황색,주황
38,33,229,ko,파랑,파랑색,파랑
235,17,217,ko,핑크,핑크색,핑크
124,223,12,ko,연초록,연초록색,연초록
31,131,18,ko,초록,초록색,초록
198,20,135,ko,자두,자두색,자두
234,147,171,ko,연분홍,연분홍색,연분홍
56,187,245,ko,연파랑,연파랑색,연파랑
248,63,141,ko,분홍,분홍색,분홍
183,66,113,ko,자두,자두색,자두
219,101,210,ko,분홍,분홍색,분홍
248,248,222,ko,베이지,베이지색,베이지
91,52,131,ko,보라,보라색,보라
211,185,223,ko,연분홍,연분홍색,연분홍
153,102,59,ko,갈색,갈색,갈
240,175,7,ko,주황,주황색,주황
246,248,15,ko,노랑,노랑색,노랑
157,12,228,ko,보라,보라색,보라
131,105,173,ko,연보라,연보라색,연보라
215,243,122,ko,연두,연두색,연두
246,120,38,ko,주황,주황색,주황
229,105,157,ko,분홍색,분홍색,분홍
179,216,254,ko,하늘색,하늘색,하늘
105,44,111,ko,보라색,보라색,보라
30,72,63,ko,진한 녹색,진한 녹색,진녹
227,3,167,ko,자주색,자주색,자주
197,183,182,ko,회갈색,회갈색,회갈
129,244,210,ko,민트색,민트색,민트
63,178,118,ko,초록색,초록색,초록
199,28,29,ko,다홍색,다홍색,다홍
25,24,122,ko,남색,남색,남
183,54,66,ko,적색,적색,적
9,61,250,ko,파란색,파란색,파랑
80,211,218,ko,파란색,파란색,파랑
166,67,18,ko,갈색,갈색,갈
172,13,162,ko,자주색,자주색,자주
88,40,36,ko,고동색,고동색,고동
124,156,249,ko,파란색,파란색,파랑
239,227,84,ko,노란색,노란색,노랑
114,243,114,ko,연두색,연두색,연두
150,182,11,ko,진한 연두색,진한 연두색,진연두
211,227,203,ko,연한 연두색,연한 연두색,연연두
252,204,2,ko,개나리색,개나리색,개나리
29,74,191,ko,파란색,파란색,파랑
84,251,178,ko,밝은 초록색,밝은 초록색,밝은초록
60,122,99,ko,진한 초록색,진한 초록색,진초록
61,140,18,ko,초록색,초록색,초록
86,186,244,ko,하늘색,하늘색,하늘
201,241,177,ko,연한 연두색,연한 연두색,연연두
16,82,7,ko,초록색,초록색,초록
207,137,253,ko,보라색,보라색,보라
127,122,49,ko,연두색,연두색,연두
81,67,93,ko,진한 보라색,진한 보라색,진보라
107,153,74,ko,연두색,연두색,연두
206,140,216,ko,연한 보라색,연한 보라색,연보라
65,236,17,ko,초록색,초록색,초록
14,118,186,ko,파란색,파란색,파랑
184,202,191,ko,상아색,상아색,상아
191,211,128,ko,연록색,연록색,연록
192,58,111,ko,선분홍색,선분홍색,선분홍
114,86,80,ko,갈색,갈색,갈
241,230,99,ko,노란색,노란색,노랑
98,192,133,ko,초록색,초록색,초록
51,71,160,ko,남색,남색,남
242,42,115,ko,분홍색,분홍색,분홍
95,108,126,ko,짙은회색,짙은회색,짙은회
167,232,17,ko,녹색,녹색,녹
49,58,50,ko,검은색,검은색,검정
73,210,191,ko,청록색,청록색,청록
217,190,232,ko,선분홍색,선분홍색,선분홍
39,221,153,ko,연록색,연록색,연록
120,156,31,ko,녹색,녹색,녹
179,160,78,ko,황토색,황토색,황토
47,170,215,ko,파란색,파란색,파랑
62,85,54,ko,짙은녹색,짙은녹색,짙은녹
100,240,233,ko,청록색,청록색,청록
34,85,238,ko,파란색,파란색,파랑
111,114,172,ko,연보라색,연보라색,연보라
196,59,198,ko,분홍색,분홍색,분홍
83,43,47,ko,갈색,갈색,갈
67,162,129,ko,녹색,녹색,녹
238,209,13,ko,노랑색,노랑색,노랑
89,92,18,ko,갈색,갈색,갈
110,149,163,ko,상아색,상아색,상아
47,239,5,ko,밝은녹색,밝은녹색,밝은녹
241,133,217,ko,분홍색,분홍색,분홍
191,57,156,ko,짙은분홍색,짙은분홍색,짙은분홍
218,14,39,ko,빨간색,빨간색,빨강
234,170,104,ko,황토색,황토색,황토
18,17,46,ko,남색,남색,남
250,63,187,ko,선분홍색,선분홍색,선분홍
124,1,195,ko,보라색,보라색,보라
137,30,92,ko,적갈색,적갈색,적갈
37,106,1,ko,녹색,녹색,녹
68,117,218,ko,파란색,파란색,파랑
216,24,116,ko,분홍색,분홍색,분홍
240,159,36,ko,노란색,노란색,노랑
196,223,233,ko,하늘색,하늘색,하늘
200,224,78,ko,연두색,연두색,연두
43,13,71,ko,남색,남색,남
158,69,202,ko,보라,보라색,보라
88,234,78,ko,초록,초록색,초록
212,94,195,ko,핑크,핑크색,핑크
230,47,28,ko,빨강,빨강색,빨강
176,146,134,ko,옅은 갈색,옅은 갈색,옅은갈
48,47,32,ko,검정색,검정색,검정
241,134,100,ko,진홍?,진홍?색,진홍?
61,38,128,ko,군청색,군청색,군청
109,175,92,ko,연한 초록,연한 초록색,연초록
4,66,10,ko,녹색,녹색,녹
105,26,62,ko,자두색,자두색,자두
0,81,163,ko,파랑,파랑색,파랑
159,240,180,ko,연초록,연초록색,연초록
163,135,225,ko,연보라,연보라색,연보라
59,208,221,ko,청록,청록색,청록
184,169,57,ko,금색,금색,금
204,229,138,ko,밝은 쑥색?,밝은 쑥색?색,밝은쑥색?
113,88,203,ko,군청,군청색,군청
98,66,83,ko,진보라,진보라색,진보라
165,3,54,ko,적홍,적홍색,적홍
181,8,214,ko,연보라,연보라색,연보라
83,100,107,ko,쑥,쑥색,쑥
166,105,137,ko,자두,자두색,자두
240,13,187,ko,핑크,핑크색,핑크
33,153,182,ko,청록,청록색,청록
83,98,206,ko,보라,보라색,보라
130,205,41,ko,연두,연두색,연두
237,195,142,ko,살구색,살구색,살구
12,136,15,ko,초록,초록색,초록
157,22,30,ko,빨강,빨강색,빨강
239,21,48,ko,빨강,빨강색,빨강
40,66,61,ko,검정,검정색,검정
250,135,203,ko,분홍,분홍색,분홍
149,188,122,ko,녹두,녹두색,녹두
19,82,30,ko,초록,초록색,초록
11,127,194,ko,파랑,파랑색,파랑
67,117,151,ko,청색,청색,청
186,170,120,ko,베이지색,베이지색,베이지
170,142,16,ko,겨자색,겨자색,겨자
149,229,124,ko,초록색,초록색,초록
196,141,240,ko,보라색,보라색,보라
89,74,225,ko,파란색,파란색,파랑
206,100,11,ko,주황색,주황색,주황
33,46,165,ko,파란색,파란색,파랑
34,128,212,ko,파란색,파란색,파랑
193,192,31,ko,옅은녹색,옅은녹색,옅은녹
93,144,79,ko,녹색,녹색,녹
255,25,222,ko,핑크색,핑크색,핑크
220,175,129,ko,연갈색,연갈색,연갈
213,194,251,ko,연보라,연보라색,연보라
216,176,2,ko,금색,금색,금
100,133,31,ko,진녹색,진녹색,진녹
240,254,7,ko,연노랑,연노랑색,연노랑
80,65,232,ko,파랑,파랑색,파랑
169,220,75,ko,초록,초록색,초록
49,156,250,ko,연한 파랑,연한 파랑색,연파랑
52,204,167,ko,청록,청록색,청록
99,122,95,ko,진녹,진녹색,진녹
141,65,60,ko,적갈,적갈색,적갈
183,55,18,ko,적색,적색,적
4,67,72,ko,흑청색,흑청색,흑청
72,219,180,ko,초록색,초록색,초록
15,71,37,ko,진한녹색,진한녹색,진녹
151,199,240,ko,하늘색,하늘색,하늘
205,78,163,ko,핑크색,핑크색,핑크
141,155,250,ko,하늘색,하늘색,하늘
37,14,87,ko,청색,청색,청
142,58,10,ko,갈색,갈색,갈
182,118,119,ko,장미색,장미색,장미
200,217,142,ko,연두색,연두색,연두
114,231,238,ko,하늘색,하늘색,하늘
88,85,57,ko,카키색,카키색,카키
47,48,77,ko,검정,검정색,검정
201,181,194,ko,장미,장미색,장미
80,61,141,ko,청색,청색,청
206,81,105,ko,핑크,핑크색,핑크
107,79,118,ko,보라,보라색,보라
220,87,62,ko,주황,주황색,주황
24,242,123,ko,연두,연두색,연두
193,55,223,ko,보라,보라색,보라
253,180,206,ko,핑크,핑크색,핑크
117,3,109,ko,보라,보라색,보라
70,24,17,ko,갈색,갈색,갈
66,146,22,ko,초록,초록색,초록
31,12,42,ko,검정,검정색,검정
223,150,103,ko,주황,주황색,주황
37,3,109,ko,보라,보라색,보라
218,203,0,ko,황토,황토색,황토
44,229,222,ko,하늘,하늘색,하늘
26,105,207,ko,파랑,파랑색,파랑
235,66,38,ko,빨강,빨강색,빨강
134,40,74,ko,자주,자주색,자주
4,100,95,ko,초록,초록색,초록
230,215,99,ko,노랑,노랑색,노랑
151,34,6,ko,갈,갈색,갈
198,129,136,ko,분홍,분홍색,분홍
142,176,123,ko,황녹,황녹색,황녹
18,64,91,ko,청록,청록색,청록
8,134,29,ko,초록,초록색,초록
215,9,80,ko,자두,자두색,자두
77,27,9,ko,진갈,진갈색,진갈
195,3,124,ko,자주,자주색,자주
39,171,141,ko,연청록,연청록색,연청록
89,63,243,ko,연자주,연자주색,연자주
148,11,204,ko,보라,보라색,보라
165,171,20,ko,연황녹,연황녹색,연황녹
173,164,214,ko,연보라,연보라색,연보라
102,24,92,ko,자주,자주색,자주
33,229,186,ko,연청녹,연청녹색,연청록
232,158,18,ko,주황,주황색,주황
150,96,60,ko,갈,갈색,갈
129,115,49,ko,황갈,황갈색,황갈
118,76,149,ko,보라,보라색,보라
109,218,22,ko,연두,연두색,연두
50,169,187,ko,청록,청록색,청록
122,251,127,ko,연두,연두색,연두
201,53,189,ko,자주,자주색,자주
199,98,144,ko,연자두,연자두색,연자두
89,22,241,ko,파랑,파랑색,파랑
217,167,172,ko,분홍,분홍색,분홍
106,103,12,ko,올리브,올리브색,올리브
190,188,172,ko,카키,카키색,카키
25,224,150,ko,에메랄드,에메랄드색,에메랄드
252,30,128,ko,분홍,분홍색,분홍
145,4,79,ko,갈색,갈색,갈
52,30,145,ko,자주,자주색,자주
39,72,104,ko,남색,남색,남
123,254,3,ko,연두,연두색,연두
254,245,148,ko,개나리,개나리색,개나리
206,107,239,ko,보라,보라색,보라
2,139,65,ko,초록,초록색,초록
107,53,52,ko,적갈색,적갈색,적갈
7,69,74,ko,청록,청록색,청록
101,217,244,ko,하늘,하늘색,하늘
177,202,150,ko,연두,연두색,연두
235,136,172,ko,핑크,핑크색,핑크
220,176,25,ko,겨자,겨자색,겨자
199,72,200,ko,자주,자주색,자주
3,129,250,ko,파랑,파랑색,파랑
211,170,199,ko,연핑크,연핑크색,연핑크
227,95,17,ko,갈색,갈색,갈
29,28,210,ko,파란색,파란색,파랑
65,120,137,ko,청록색,청록색,청록
89,164,159,ko,청록색,청록색,청록
199,143,113,ko,황토색,황토색,황토
155,18,45,ko,자주색,자주색,자주
186,70,107,ko,분홍색,분홍색,분홍
254,137,175,ko,분홍색,분홍색,분홍
11,98,11,ko,초록색,초록색,초록
167,55,241,ko,형광보라색,형광보라색,형광보라
89,226,248,ko,형광하늘색,형광하늘색,형광하늘
233,79,163,ko,분홍색,분홍색,분홍
68,167,19,ko,연두색,연두색,연두
106,141,189,ko,파란색,파란색,파랑
228,71,116,ko,다홍색,다홍색,다홍
241,87,181,ko,핑크색,핑크색,핑크
35,109,202,ko,파란색,파란색,파랑
50,135,73,ko,녹색,녹색,녹
85,169,42,ko,초록색,초록색,초록
186,215,146,ko,연두색,연두색,연두
211,162,113,ko,베이지,베이지색,베이지
180,82,107,ko,붉은색,붉은색,붉은
132,135,29,ko,녹황색,녹황색,녹황
201,79,41,ko,벽돌색,벽돌색,벽돌
154,162,156,ko,회색,회색,회
9,180,246,ko,하늘색,하늘색,하늘
133,107,116,ko,회색,회색,회
31,122,167,ko,옅은남색,옅은남색,옅은남
11,63,1,ko,국방색,국방색,국방
5,84,179,ko,파란색,파란색,파랑
25,231,157,ko,청록색,청록색,청록
131,159,253,ko,연보라색,연보라색,연보라
188,65,37,ko,빨간색,빨간색,빨강
226,50,208,ko,짙은분홍,짙은분홍색,짙은분홍
202,13,89,ko,자두색,자두색,자두
82,175,152,ko,진한청록,진한청록색,진청록
137,198,109,ko,연두색,연두색,연두
13,95,150,ko,파란색,파란색,파랑
115,23,66,ko,자주색,자주색,자주
116,55,30,ko,갈색,갈색,갈
165,197,160,ko,연두색,연두색,연두
142,103,116,ko,보라색,보라색,보라
34,49,93,ko,남색,남색,남
173,188,251,ko,연보라색,연보라색,연보라
192,78,8,ko,주황색,주황색,주황
52,178,252,ko,하늘색,하늘색,하늘
144,75,174,ko,보라색,보라색,보라
56,233,120,ko,에메랄드색,에메랄드색,에메랄드
220,16,169,ko,핫핑크색,핫핑크색,핫핑크
207,87,211,ko,자주색,자주색,자주
101,253,215,ko,민트색,민트색,민트
227,199,48,ko,겨자색,겨자색,겨자
108,57,106,ko,보라색,보라색,보라
86,85,109,ko,회식,회식색,회식
183,158,51,ko,겨자색,겨자색,겨자
217,108,97,ko,분홍색,분홍색,분홍
159,144,177,ko,연보라색,연보라색,연보라
96,87,171,ko,보라색,보라색,보라
193,174,109,ko,황토색,황토색,황토
38,28,14,ko,검은색,검은색,검정
212,128,206,ko,분홍색,분홍색,분홍
116,214,14,ko,연두색,연두색,연두
241,206,213,ko,연분홍,연분홍색,연분홍
57,75,57,ko,짙은회색,짙은회색,짙은회
246,217,60,ko,노란색,노란색,노랑
128,30,43,ko,검붉은색,검붉은색,검붉은
77,245,44,ko,연한연두색,연한연두색,연연두
215,134,39,ko,주황색,주황색,주황
241,6,171,ko,짙은분홍,짙은분홍색,짙은분홍
148,239,182,ko,에메랄드색,에메랄드색,에메랄드
211,137,115,ko,탁한분홍,탁한분홍색,탁한분홍
173,125,175,ko,검은연보라,검은연보라색,검정연보라
245,91,151,ko,형광분홍,형광분홍색,형광분홍
119,33,141,ko,보라,보라색,보라
188,187,78,ko,풀색,풀색,풀
97,107,106,ko,회색,회색,회
242,238,255,ko,눈색,눈색,눈
212,63,72,ko,자홍,자홍색,자홍
252,158,128,ko,연주황,연주황색,연주황
29,103,184,ko,바다,바다색,바다
6,45,94,ko,남색,남색,남
236,55,155,ko,진한 핑크,진한 핑크색,진핑크
170,43,215,ko,보라,보라색,보라
89,72,75,ko,검정,검정색,검정
233,219,248,ko,연분홍,연분홍색,연분홍
2,154,98,ko,풀색,풀색,풀
203,117,12,ko,황토색,황토색,황토
88,26,66,ko,고동색,고동색,고동
181,104,59,ko,갈색,갈색,갈
102,45,115,ko,남색,남색,남
165,248,248,ko,하늘,하늘색,하늘
214,150,252,ko,연보라,연보라색,연보라
152,43,169,ko,자주색,자주색,자주
67,221,67,ko,연두,연두색,연두
66,196,202,ko,청록,청록색,청록
209,1,183,ko,플럼,플럼색,플럼
184,198,194,ko,비둘기색,비둘기색,비둘기
151,34,153,ko,자주,자주색,자주
229,228,43,ko,노랑,노랑색,노랑
177,110,123,ko,벽돌,벽돌색,벽돌
225,103,111,ko,진분홍,진분홍색,진분홍
170,105,178,ko,보라,보라색,보라
186,125,254,ko,라벤더,라벤더색,라벤더
221,156,96,ko,황토,황토색,황토
238,133,0,ko,주황,주황색,주황
21,234,208,ko,민트,민트색,민트
100,59,187,ko,보라색,보라색,보라
52,221,79,ko,연두색,연두색,연두
22,91,102,ko,짙은회색,짙은회색,짙은회
22,112,29,ko,국방색,국방색,국방
236,187,76,ko,살구색,살구색,살구
179,193,237,ko,연보라,연보라색,연보라
106,225,247,ko,하늘색,하늘색,하늘
35,12,44,ko,검은색,검은색,검정
172,78,156,ko,짙은자주,짙은자주색,짙은자주
223,24,248,ko,핑크보라,핑크보라색,핑크보라
123,66,96,ko,갈색,갈색,갈
194,186,108,ko,황토색,황토색,황토
58,230,165,ko,초록색,초록색,초록
37,250,124,ko,초록색,초록색,초록
192,1,41,ko,빨간색,빨간색,빨강
9,248,58,ko,초록색,초록색,초록
250,150,0,ko,주황색,주황색,주황
14,133,134,ko,청록색,청록색,청록
26,50,130,ko,파란색,파란색,파랑
52,42,45,ko,검정색,검정색,검정
214,84,140,ko,핑크색,핑크색,핑크
144,74,236,ko,보라색,보라색,보라
24,30,212,ko,진파란색,진파란색,진파랑
146,32,131,ko,자주색,자주색,자주
18,244,174,ko,형광연두,형광연두색,형광연두
96,190,184,ko,연청록,연청록색,연청록
162,134,100,ko,연갈색,연갈색,연갈
62,48,67,ko,진보라,진보라색,진보라
109,170,11,ko,진한 풀색,진한 풀색,진풀
50,45,33,ko,진회색,진회색,진회
25,81,3,ko,진초록,진초록색,진초록
93,135,56,ko,연한 풀색,연한 풀색,연풀
2,138,190,ko,진한 바다색,진한 바다색,진바다
155,1,211,ko,형광 보라,형광 보라색,형광보라
124,217,142,ko,연초록,연초록색,연초록
158,248,222,ko,민트,민트색,민트
95,56,49,ko,밤색,밤색,밤
187,33,248,ko,보라,보라색,보라
106,76,204,ko,파랑,파랑색,파랑
236,67,82,ko,다홍,다홍색,다홍
78,167,131,ko,초록,초록색,초록
77,129,141,ko,청록,청록색,청록
83,4,35,ko,검붉은색,검붉은색,검붉은
59,247,90,ko,연두,연두색,연두
126,96,5,ko,갈색,갈색,갈
118,60,3,ko,고동색,고동색,고동
102,115,158,ko,파란색,파란색,파랑
178,147,69,ko,황토색,황토색,황토
203,178,40,ko,황토색,황토색,황토
40,119,211,ko,파란색,파란색,파랑
22,25,52,ko,군청색,군청색,군청
39,201,236,ko,하늘색,하늘색,하늘
35,67,93,ko,청록색,청록색,청록
75,186,95,ko,초록색,초록색,초록
135,209,183,ko,초록색,초록색,초록
235,156,113,ko,주황색,주황색,주황
202,223,33,ko,연두색,연두색,연두
182,117,230,ko,보라색,보라색,보라
151,222,73,ko,연두색,연두색,연두
109,90,214,ko,보라색,보라색,보라
233,7,226,ko,핑크색,핑크색,핑크
87,30,89,ko,자주색,자주색,자주
5,17,161,ko,군청색,군청색,군청
242,26,184,ko,핑크색,핑크색,핑크
199,90,74,ko,주황색,주황색,주황
128,145,99,ko,녹색,녹색,녹
98,87,77,ko,갈색,갈색,갈
38,202,59,ko,초록색,초록색,초록
186,223,138,ko,연두색,연두색,연두
159,111,174,ko,보라색,보라색,보라
23,178,10,ko,녹색,녹색,녹
235,11,38,ko,빨강,빨강색,빨강
6,59,121,ko,남색,남색,남
77,6,144,ko,곤색,곤색,곤
65,111,201,ko,파랑,파랑색,파랑
213,208,98,ko,황토,황토색,황토
86,164,64,ko,카키,카키색,카키
164,202,244,ko,하늘색,하늘색,하늘
45,52,43,ko,검정,검정색,검정
151,182,9,ko,모루게떠염,모루게떠염색,모루게떠염
185,183,136,ko,베이지,베이지색,베이지
69,252,165,ko,민트색,민트색,민트
59,47,79,ko,남색,남색,남
115,100,17,ko,녹황색,녹황색,녹황
232,129,189,ko,핑크,핑크색,핑크
25,138,195,ko,파란색,파란색,파랑
253,191,19,ko,노란색,노란색,노랑
108,111,171,ko,보라색,보라색,보라
88,227,185,ko,에메랄드,에메랄드색,에메랄드
226,236,31,ko,형광노랑색,형광노랑색,형광노랑
190,160,139,ko,베이지,베이지색,베이지
8,156,74,ko,초록색,초록색,초록
93,193,30,ko,연두색,연두색,연두
208,80,48,ko,벽돌색,벽돌색,벽돌
137,57,134,ko,보라색,보라색,보라
232,115,127,ko,분홍색,분홍색,분홍
55,155,169,ko,파란색,파란색,파랑
66,106,7,ko,녹색,녹색,녹
163,117,75,ko,갈색,갈색,갈
193,154,239,ko,연보라,연보라색,연보라
202,38,245,ko,형광보라,형광보라색,형광보라
161,34,173,ko,보라색,보라색,보라
190,179,66,ko,녹황색,녹황색,녹황
242,61,139,ko,핫필크,핫필크색,핫필크
138,199,133,ko,파스텔넉색,파스텔넉색,파스텔넉
11,94,178,ko,파란색,파란색,파랑
133,244,41,ko,형광녹색,형광녹색,형광녹
148,96,126,ko,적갈색,적갈색,적갈
124,181,165,ko,연녹색,연녹색,연녹
137,164,182,ko,비둘기색,비둘기색,비둘기
14,2,0,ko,검정색,검정색,검정
46,78,225,ko,파란색,파란색,파랑
193,226,189,ko,에메랄드색,에메랄드색,에메랄드
54,51,240,ko,청색,청색,청
58,6,151,ko,보라색,보라색,보라
74,82,53,ko,카키색,카키색,카키
107,12,64,ko,적색,적색,적
250,139,85,ko,주황색,주황색,주황
239,59,130,ko,마젠타,마젠타색,마젠타
194,174,77,ko,금색,금색,금
253,140,171,ko,분홍색,분홍색,분홍
75,100,165,ko,남색,남색,남
143,251,251,ko,하늘색,하늘색,하늘
184,131,198,ko,보라색,보라색,보라
71,190,188,ko,청록색,청록색,청록
20,6,16,ko,검정색,검정색,검정
39,106,114,ko,청록색,청록색,청록
217,154,62,ko,황토색,황토색,황토
153,5,66,ko,적새,적새색,적새
219,18,16,ko,빨간색,빨간색,빨강
53,119,78,ko,초록색,초록색,초록
167,119,76,ko,고동색,고동색,고동
232,249,111,ko,살구색,살구색,살구
226,39,175,ko,핫핑크색,핫핑크색,핫핑크
233,149,25,ko,황토색,황토색,황토
177,94,42,ko,갈색,갈색,갈
201,23,205,ko,핑크색,핑크색,핑크
242,182,132,ko,살색,살색,살
20,57,108,ko,남색,남색,남
246,124,238,ko,핑크색,핑크색,핑크
167,228,24,ko,초록색,초록색,초록
107,189,181,ko,에메랄드색,에메랄드색,에메랄드
66,63,45,ko,카키,카키색,카키
5,130,241,ko,파란색,파란색,파랑
66,6,107,ko,보라색,보라색,보라
0,70,86,ko,남색,남색,남
40,133,152,ko,청록색,청록색,청록
179,38,225,ko,형광 보라,형광 보라색,형광보라
0,128,186,ko,인디고 블루,인디고 블루색,인디고블루
200,79,211,ko,자주색,자주색,자주
203,106,103,ko,옅은 다홍색,옅은 다홍색,옅은다홍
114,209,254,ko,하늘색,하늘색,하늘
238,232,203,ko,아이보리,아이보리색,아이보리
166,121,116,ko,베이지 갈색,베이지 갈색,베이지갈
103,64,97,ko,보라,보라색,보라
10,219,231,ko,하늘,하늘색,하늘
184,159,98,ko,갈색,갈색,갈
120,113,234,ko,청색,청색,청
241,154,63,ko,귤색,귤색,귤
4,153,69,ko,초록,초록색,초록
167,188,90,ko,연두,연두색,연두
238,3,163,ko,핑크,핑크색,핑크
62,6,32,ko,짙은 갈색,짙은 갈색,짙은갈
140,245,79,ko,형광 연두,형광 연두색,형광연두
50,106,10,ko,초록,초록색,초록
205,142,202,ko,연보라,연보라색,연보라
16,195,13,ko,초록,초록색,초록
235,24,32,ko,빨강,빨강색,빨강
126,134,107,ko,회색,회색,회
170,166,237,ko,연보라,연보라색,연보라
13,23,92,ko,남색,남색,남
143,154,181,ko,쥐색,쥐색,쥐
106,240,151,ko,형광연두,형광연두색,형광연두
91,188,153,ko,청록색,청록색,청록
240,43,212,ko,자주,자주색,자주
178,248,132,ko,"형광 연두, 노랑","형광 연두, 노랑색","형광연두,노랑"
169,18,12,ko,진빨갈,진빨갈색,진빨갈
112,126,12,ko,카키,카키색,카키
38,211,182,ko,청록,청록색,청록
139,90,62,ko,갈색,갈색,갈
121,189,129,ko,연두,연두색,연두
236,53,172,ko,분홍,분홍색,분홍
223,85,24,ko,주황,주황색,주황
60,27,81,ko,감색,감색,감
31,165,51,ko,초록,초록색,초록
174,254,37,ko,연두,연두색,연두
195,36,46,ko,빨강,빨강색,빨강
11,7,135,ko,남색,남색,남
14,43,52,ko,검정,검정색,검정
44,235,132,ko,연두,연두색,연두
233,238,59,ko,노랑,노랑색,노랑
138,3,57,ko,진홍,진홍색,진홍
12,88,197,ko,파랑,파랑색,파랑
72,200,216,ko,하늘색,하늘색,하늘
240,206,161,ko,살구색,살구색,살구
132,54,210,ko,자주색,자주색,자주
12,98,119,ko,군청,군청색,군청
205,84,236,ko,분홍,분홍색,분홍
154,21,157,ko,보라,보라색,보라
247,169,59,ko,귤색,귤색,귤
10,69,16,ko,올리브,올리브색,올리브
45,198,121,ko,연초록,연초록색,연초록
93,86,230,ko,남보라,남보라색,남보라
172,145,82,ko,연갈색,연갈색,연갈
20,16,48,ko,검정,검정색,검정
116,50,99,ko,진보라,진보라색,진보라
177,106,73,ko,갈색,갈색,갈
243,188,141,ko,살색,살색,살
135,220,97,ko,연두,연두색,연두
101,112,139,ko,진회색,진회색,진회
45,125,79,ko,초록,초록색,초록
250,29,228,ko,진분홍,진분홍색,진분홍
126,205,155,ko,연녹색,연녹색,연녹
240,49,86,ko,진분홍,진분홍색,진분홍
144,50,18,ko,갈색,갈색,갈
176,174,168,ko,회색,회색,회
184,89,241,ko,보라,보라색,보라
69,99,173,ko,남색,남색,남
182,17,31,ko,다홍,다홍색,다홍
89,37,11,ko,진갈색,진갈색,진갈
99,98,84,ko,진회색,진회색,진회
117,91,29,ko,연갈색,연갈색,연갈
92,124,44,ko,올리브,올리브색,올리브
19,209,239,ko,하늘색,하늘색,하늘
45,209,193,ko,민트,민트색,민트
192,188,236,ko,연보라,연보라색,연보라
162,150,21,ko,겨자,겨자색,겨자
72,27,114,ko,보라,보라색,보라
208,129,159,ko,탁분홍,탁분홍색,탁분홍
91,15,41,ko,갈색,갈색,갈
202,79,105,ko,진분홍,진분홍색,진분홍
45,139,238,ko,연파랑,연파랑색,연파랑
157,242,3,ko,형광,형광색,형광
245,225,195,ko,살색,살색,살
114,36,235,ko,밝은보라,밝은보라색,밝은보라
187,204,15,ko,올리브색,올리브색,올리브
43,247,79,ko,연두색,연두색,연두
96,84,40,ko,갈색,갈색,갈
171,152,165,ko,회색,회색,회
134,4,18,ko,빨간색,빨간색,빨강
130,253,155,ko,청록색,청록색,청록
32,141,69,ko,녹색,녹색,녹
253,201,12,ko,주황색,주황색,주황
243,144,184,ko,분홍색,분홍색,분홍
125,59,219,ko,보라색,보라색,보라
48,63,161,ko,감청색,감청색,감청
36,12,50,ko,검정색,검정색,검정
190,2,105,ko,분홍색,분홍색,분홍
9,160,168,ko,청록색,청록색,청록
171,238,244,ko,하늘색,하늘색,하늘
252,77,179,ko,꽃분홍,꽃분홍색,꽃분홍
110,189,57,ko,녹색,녹색,녹
44,17,237,ko,파란색,파란색,파랑
74,128,11,ko,녹색,녹색,녹
178,94,212,ko,분홍색,분홍색,분홍
250,79,87,ko,빨간색,빨간색,빨강
139,227,40,ko,연두색,연두색,연두
228,143,101,ko,살구색,살구색,살구
213,117,27,ko,주황색,주황색,주황
74,158,125,ko,청록색,청록색,청록
8,233,247,ko,하늘색,하늘색,하늘
28,45,4,ko,검정색,검정색,검정
231,62,123,ko,핫핑크,핫핑크색,핫핑크
191,118,102,ko,연한갈색,연한갈색,연갈
121,226,81,ko,연두색,연두색,연두
80,133,248,ko,코발트,코발트색,코발트
173,252,235,ko,형광하늘색,형광하늘색,형광하늘
102,56,41,ko,짙은갈색,짙은갈색,짙은갈
7,138,166,ko,청록색,청록색,청록
200,164,223,ko,연보라색,연보라색,연보라
13,9,196,ko,파랑색,파랑색,파랑
56,97,55,ko,녹색,녹색,녹
158,33,179,ko,자주색,자주색,자주
79,75,140,ko,진보라색,진보라색,진보라
247,254,169,ko,레몬색,레몬색,레몬
237,66,15,ko,빨간색,빨간색,빨강
246,229,241,ko,연핑크,연핑크색,연핑크
26,39,6,ko,검정색,검정색,검정
172,199,226,ko,연하늘색,연하늘색,연하늘
10,228,161,ko,형광초록색,형광초록색,형광초록
212,217,20,ko,겨자색,겨자색,겨자
40,214,12,ko,진한연두색,진한연두색,진연두
70,9,124,ko,보라색,보라색,보라
4,85,82,ko,짙은녹색,짙은녹색,짙은녹
88,53,88,ko,짙은자주색,짙은자주색,짙은자주
41,48,67,ko,검정색,검정색,검정
213,129,158,ko,진핑크,진핑크색,진핑크
131,101,2,ko,똥색,똥색,똥
191,64,148,ko,자주색,자주색,자주
111,204,112,ko,진한초록색,진한초록색,진초록
71,173,125,ko,연한초록색,연한초록색,연초록
251,90,106,ko,다홍색,다홍색,다홍
105,116,117,ko,진회색,진회색,진회
87,226,248,ko,형광하늘색,형광하늘색,형광하늘
110,156,69,ko,녹색,녹색,녹
226,169,56,ko,진노랑색,진노랑색,진노랑
14,130,202,ko,파랑색,파랑색,파랑
175,100,162,ko,자주색,자주색,자주
150,245,104,ko,(형광)연두,(형광)연두색,(형광)연두
25,89,114,ko,(짙은)청록,(짙은)청록색,(짙은)청록
214,240,96,ko,연두,연두색,연두
130,45,68,ko,(짙은)자주,(짙은)자주색,(짙은)자주
253,182,5,ko,주황,주황색,주황
14,184,88,ko,초록,초록색,초록
246,228,253,ko,연분홍,연분홍색,연분홍
201,69,204,ko,자주,자주색,자주
50,45,62,ko,검정,검정색,검정
101,19,76,ko,보라?,보라?색,보라?
66,3,31,ko,검정,검정색,검정
110,194,191,ko,옥,옥색,옥
199,27,31,ko,빨강,빨강색,빨강
193,226,157,ko,연두,연두색,연두
12,88,237,ko,파랑,파랑색,파랑
32,123,211,ko,파랑,파랑색,파랑
103,239,46,ko,연두,연두색,연두
17,77,23,ko,녹,녹색,녹
126,243,205,ko,옥,옥색,옥
122,81,205,ko,보라,보라색,보라
109,63,20,ko,갈,갈색,갈
173,40,147,ko,자주,자주색,자주
207,106,25,ko,황토,황토색,황토
232,120,221,ko,분홍,분홍색,분홍
196,25,70,ko,빨강,빨강색,빨강
148,37,226,ko,보라,보라색,보라
129,92,180,ko,보라,보라색,보라
116,133,160,ko,비둘기,비둘기색,비둘기
189,174,60,ko,누런,누런색,누런
207,159,182,ko,(탁한)분홍,(탁한)분홍색,(탁한)분홍
246,125,100,ko,주홍,주홍색,주홍
133,232,153,ko,연두,연두색,연두
81,131,41,ko,초록,초록색,초록
33,10,9,ko,검정,검정색,검정
99,111,102,ko,감회,감회색,감회
144,157,248,ko,연보라,연보라색,연보라
245,116,70,ko,오렌지,오렌지색,오렌지
156,169,16,ko,쑥,쑥색,쑥
79,129,184,ko,바다,바다색,바다
126,49,220,ko,보라색,보라색,보라
112,203,182,ko,에메랄드,에메랄드색,에메랄드
238,211,101,ko,상아,상아색,상아
234,91,145,ko,분홍,분홍색,분홍
242,164,76,ko,귤,귤색,귤
23,152,98,ko,초록,초록색,초록
167,122,243,ko,연보라,연보라색,연보라
210,135,198,ko,연분홍,연분홍색,연분홍
93,139,242,ko,파란,파란색,파랑
243,180,21,ko,개나리색,개나리색,개나리
97,50,27,ko,갈색,갈색,갈
179,67,28,ko,단풍,단풍색,단풍
45,89,52,ko,진한초록,진한초록색,진초록
25,70,127,ko,군청색,군청색,군청
157,153,171,ko,그레이,그레이색,그레이
95,44,56,ko,진한자주색,진한자주색,진자주
84,87,0,ko,진한쑥색,진한쑥색,진쑥
85,12,111,ko,진보라색,진보라색,진보라
102,155,160,ko,담청색,담청색,담청
2,160,22,ko,초록색,초록색,초록
205,139,91,ko,살색,살색,살
214,44,237,ko,자홍색,자홍색,자홍
118,213,30,ko,연두색,연두색,연두
151,176,239,ko,물색,물색,물
174,8,33,ko,빨강색,빨강색,빨강
167,231,117,ko,풀색,풀색,풀
75,20,237,ko,코발트,코발트색,코발트
178,193,183,ko,옥색,옥색,옥
246,133,116,ko,산호색,산호색,산호
48,44,30,ko,검정색,검정색,검정
248,227,11,ko,노랑색,노랑색,노랑
201,197,122,ko,올리브색,올리브색,올리브
2,237,162,ko,라임에메랄드,라임에메랄드색,라임에메랄드
215,80,10,ko,다홍색,다홍색,다홍
65,109,54,ko,초록색,초록색,초록
86,202,210,ko,하늘색,하늘색,하늘
224,99,243,ko,연보라색,연보라색,연보라
190,149,6,ko,황색,황색,황
102,32,55,ko,자두색,자두색,자두
147,218,94,ko,연두색,연두색,연두
246,162,28,ko,주황색,주황색,주황
144,50,226,ko,보라색,보라색,보라
253,229,67,ko,노랑색,노랑색,노랑
111,161,231,ko,옅은파랑색,옅은파랑색,옅은파랑
105,105,140,ko,청회색,청회색,청회
69,138,121,ko,어두운 초록색,어두운 초록색,어두운초록
68,187,130,ko,연한 초록색,연한 초록색,연초록
132,179,112,ko,어두운 연두색,어두운 연두색,어두운연두
183,218,204,ko,상아색,상아색,상아
216,126,109,ko,적분홍색,적분홍색,적분홍
166,249,66,ko,형광색,형광색,형광
169,241,161,ko,밝은 연두색,밝은 연두색,밝은연두
235,150,206,ko,분홍색,분홍색,분홍
136,52,26,ko,적갈색,적갈색,적갈
136,89,99,ko,적회색,적회색,적회
171,68,141,ko,보라색,보라색,보라
98,191,12,ko,연두색,연두색,연두
241,171,188,ko,분홍색,분홍색,분홍
83,134,7,ko,짙은 연두색,짙은 연두색,짙은연두
215,6,183,ko,보라색,보라색,보라
31,224,125,ko,연두색,연두색,연두
9,59,153,ko,남청색,남청색,남청
32,28,161,ko,청색,청색,청
84,72,53,ko,옅은 갈색,옅은 갈색,옅은갈
1,56,91,ko,남색,남색,남
169,48,94,ko,적분홍색,적분홍색,적분홍
51,10,76,ko,짙은 보라색,짙은 보라색,짙은보라
201,161,247,ko,연보락색,연보락색,연보락
33,245,192,ko,상아색,상아색,상아
123,84,142,ko,진보라색,진보라색,진보라
189,32,99,ko,자주색,자주색,자주
137,91,83,ko,흙갈색,흙갈색,흙갈
60,14,13,ko,검은색,검은색,검정
21,141,175,ko,청록색,청록색,청록
254,152,183,ko,핑크색,핑크색,핑크
132,182,241,ko,하늘색,하늘색,하늘
62,192,202,ko,연청록색,연청록색,연청록
88,222,130,ko,진연두색,진연두색,진연두
216,109,93,ko,연갈색,연갈색,연갈
183,81,155,ko,보라색,보라색,보라
242,86,58,ko,붉은색,붉은색,붉은
198,107,91,ko,벽돌색,벽돌색,벽돌
147,89,203,ko,보라색,보라색,보라
1,219,232,ko,하늘색,하늘색,하늘
127,229,42,ko,연두색,연두색,연두
36,39,159,ko,남색,남색,남
47,2,193,ko,군청색,군청색,군청
156,176,156,ko,이끼색,이끼색,이끼
236,156,105,ko,주황색,주황색,주황
101,186,210,ko,푸른 청록색,푸른 청록색,푸른청록
49,194,144,ko,초록색,초록색,초록
115,77,86,ko,팥죽색,팥죽색,팥죽
247,184,217,ko,분홍색,분홍색,분홍
246,126,240,ko,진달래색,진달래색,진달래
153,49,50,ko,벽돌색,벽돌색,벽돌
47,106,203,ko,파랑색,파랑색,파랑
11,5,72,ko,암청색,암청색,암청
221,246,46,ko,형광노랑색,형광노랑색,형광노랑
35,49,128,ko,남색,남색,남
142,21,83,ko,자주색,자주색,자주
159,60,14,ko,붉은 벽돌색,붉은 벽돌색,붉은벽돌
137,101,23,ko,진한카레색,진한카레색,진카레
237,25,25,ko,빨강색,빨강색,빨강
139,204,100,ko,잔디색,잔디색,잔디
110,72,120,ko,진보라색,진보라색,진보라
227,9,222,ko,진분홍,진분홍색,진분홍
169,151,86,ko,금색,금색,금
249,178,57,ko,진노란색,진노란색,진노랑
56,101,198,ko,파랑색,파랑색,파랑
237,218,221,ko,파스텔분홍,파스텔분홍색,파스텔분홍
53,193,163,ko,밝은 청록색,밝은 청록색,밝은청록
209,143,221,ko,연보라색,연보라색,연보라
200,226,128,ko,연두색,연두색,연두
32,86,138,ko,곤색,곤색,곤
94,96,54,ko,진록색,진록색,진록
199,134,130,ko,인디분홍,인디분홍색,인디분홍
120,150,147,ko,구정물색,구정물색,구정물
3,153,236,ko,진하늘색,진하늘색,진하늘
178,212,201,ko,연청록색,연청록색,연청록
207,192,240,ko,연보라색,연보라색,연보라
55,241,31,ko,초록색,초록색,초록
31,38,99,ko,암청색,암청색,암청
200,105,246,ko,분홍보라색,분홍보라색,분홍보라
46,143,17,ko,진초록색,진초록색,진초록
101,64,231,ko,코랄블루,코랄블루색,코랄블루
213,57,80,ko,버건디,버건디색,버건디
12,246,187,ko,민트색,민트색,민트
6,21,50,ko,진암청색,진암청색,진암청
34,1,95,ko,진푸른색,진푸른색,진푸른
44,111,29,ko,진초록색,진초록색,진초록
91,21,8,ko,암적색,암적색,암적
150,211,155,ko,파스텔 연두색,파스텔 연두색,파스텔연두
23,162,254,ko,파랑색,파랑색,파랑
221,204,138,ko,모래색,모래색,모래
227,142,34,ko,주황색,주황색,주황
224,61,135,ko,꽃분홍색,꽃분홍색,꽃분홍
27,32,0,ko,검정색,검정색,검정
50,98,88,ko,진청록색,진청록색,진청록
10,212,73,ko,형광초록색,형광초록색,형광초록
137,144,70,ko,풀색,풀색,풀
175,213,61,ko,라임색,라임색,라임
166,82,181,ko,자주,자주색,자주
113,195,6,ko,연두,연두색,연두
59,67,67,ko,진녹색,진녹색,진녹
30,88,173,ko,파랑,파랑색,파랑
246,82,232,ko,진분홍,진분홍색,진분홍
173,170,116,ko,옅은회녹색,옅은회녹색,옅은회녹
91,98,17,ko,카키,카키색,카키
145,122,111,ko,회분홍색,회분홍색,회분홍
242,29,173,ko,꽃분홍색,꽃분홍색,꽃분홍
142,93,241,ko,밝은보라,밝은보라색,밝은보라
141,197,249,ko,하늘색,하늘색,하늘
167,37,83,ko,팥죽색,팥죽색,팥죽
162,113,33,ko,황토색,황토색,황토
97,150,107,ko,쑥색,쑥색,쑥
228,193,6,ko,개나리색,개나리색,개나리
100,247,28,ko,형광연두색,형광연두색,형광연두
199,170,172,ko,회분홍색,회분홍색,회분홍
16,22,211,ko,진청색,진청색,진청
92,215,98,ko,에메랄드색,에메랄드색,에메랄드
59,125,146,ko,물파랑색,물파랑색,물파랑
15,12,130,ko,남색,남색,남
178,100,117,ko,분홍색,분홍색,분홍
201,217,209,ko,물색,물색,물
55,31,9,ko,고동색,고동색,고동
177,175,33,ko,올리브색,올리브색,올리브
158,227,165,ko,에메랄드녹색,에메랄드녹색,에메랄드녹
46,46,186,ko,바다색,바다색,바다
66,24,101,ko,보라색,보라색,보라
116,154,169,ko,청록색,청록색,청록
219,111,39,ko,주황색,주황색,주황
41,72,148,ko,남색,남색,남
54,37,1,ko,검은색,검은색,검정
157,60,146,ko,진분홍색,진분홍색,진분홍
152,120,206,ko,연보라,연보라색,연보라
21,47,253,ko,파랑색,파랑색,파랑
179,90,253,ko,분홍색,분홍색,분홍
156,178,55,ko,잔디색,잔디색,잔디
134,103,160,ko,회보라색,회보라색,회보라
112,240,196,ko,에메랄드색,에메랄드색,에메랄드
71,141,0,ko,풀색,풀색,풀
45,1,75,ko,진보라색,진보라색,진보라
124,126,155,ko,회파랑색,회파랑색,회파랑
224,110,191,ko,분홍색,분홍색,분홍
183,149,248,ko,연보라색,연보라색,연보라
212,149,36,ko,치자색,치자색,치자
236,171,206,ko,연분홍색,연분홍색,연분홍
112,67,58,ko,벽돌색,벽돌색,벽돌
18,61,15,ko,진녹색,진녹색,진녹
64,147,203,ko,바다색,바다색,바다
199,24,60,ko,빨강색,빨강색,빨강
207,251,85,ko,노랑색,노랑색,노랑
112,6,85,ko,보라색,보라색,보라
127,193,183,ko,에메랄드녹색,에메랄드녹색,에메랄드녹
165,85,131,ko,자홍색,자홍색,자홍
171,219,243,ko,하늘색,하늘색,하늘
4,117,98,ko,청록색,청록색,청록
35,218,45,ko,녹색,녹색,녹
246,141,8,ko,주황색,주황색,주황
151,128,166,ko,연보라색,연보라색,연보라
220,155,102,ko,짙은상아색,짙은상아색,짙은상아
228,97,138,ko,자홍색,자홍색,자홍
164,208,108,ko,풀색,풀색,풀
93,252,122,ko,연두색,연두색,연두
89,70,112,ko,짙은보라색,짙은보라색,짙은보라
253,48,44,ko,빨강색,빨강색,빨강
93,89,81,ko,회색,회색,회
237,20,236,ko,연분홍색,연분홍색,연분홍
164,43,189,ko,보라색,보라색,보라
102,135,83,ko,풀색,풀색,풀
73,244,245,ko,하늘색,하늘색,하늘
179,184,147,ko,베이지색,베이지색,베이지
251,100,70,ko,주황색,주황색,주황
228,185,151,ko,베이지색,베이지색,베이지
133,186,161,ko,초록색,초록색,초록
213,42,173,ko,자주색,자주색,자주
174,22,29,ko,크림슨색,크림슨색,크림슨
127,95,124,ko,연보라색,연보라색,연보라
83,45,74,ko,진보라색,진보라색,진보라
148,15,132,ko,보라색,보라색,보라
124,246,50,ko,연두색,연두색,연두
40,119,89,ko,쑥색,쑥색,쑥
55,93,236,ko,파랑색,파랑색,파랑
249,240,151,ko,연노랑색,연노랑색,연노랑
13,104,121,ko,파랑색,파랑색,파랑
163,42,215,ko,보라색,보라색,보라
48,217,146,ko,에메랄드색,에메랄드색,에메랄드
141,143,112,ko,짙은 회색,짙은 회색,짙은회
47,129,254,ko,파랑색,파랑색,파랑
8,171,42,ko,풀색,풀색,풀
165,48,94,ko,자주색,자주색,자주
109,220,102,ko,연두색,연두색,연두
231,131,28,ko,갈색,갈색,갈
112,178,96,ko,풀색,풀색,풀
250,182,14,ko,짙은 노랑색,짙은 노랑색,짙은노랑
202,142,227,ko,연보라색,연보라색,연보라
77,60,122,ko,진보라색,진보라색,진보라
19,72,3,ko,검정색,검정색,검정
10,153,190,ko,파랑색,파랑색,파랑
19,42,181,ko,곤색,곤색,곤
74,221,253,ko,코발트색,코발트색,코발트
205,15,71,ko,진분홍색,진분홍색,진분홍
3,123,5,ko,풀색,풀색,풀
116,135,197,ko,보라색,보라색,보라
204,247,95,ko,연두색,연두색,연두
180,202,95,ko,연두색,연두색,연두
147,74,46,ko,갈색,갈색,갈
140,68,185,ko,보라색,보라색,보라
208,195,207,ko,연보라색,연보라색,연보라
112,91,247,ko,보라색,보라색,보라
252,56,49,ko,다홍색,다홍색,다홍
151,11,46,ko,적황색,적황색,적황
197,119,88,ko,황토색,황토색,황토
71,194,97,ko,초록색,초록색,초록
202,197,154,ko,녹두색,녹두색,녹두
43,92,26,ko,진녹색,진녹색,진녹
12,51,81,ko,남색,남색,남
239,82,196,ko,분홍색,분홍색,분홍
188,154,54,ko,황토색,황토색,황토
80,175,225,ko,하늘색,하늘색,하늘
118,48,255,ko,보라색,보라색,보라
171,204,80,ko,연두색,연두색,연두
11,122,17,ko,초록색,초록색,초록
128,134,56,ko,카키색,카키색,카키
15,27,4,ko,검정색,검정색,검정
12,201,228,ko,하늘색,하늘색,하늘
77,225,38,ko,초록색,초록색,초록
192,115,40,ko,갈색,갈색,갈
221,159,17,ko,황토색,황토색,황토
125,44,149,ko,보라색,보라색,보라
186,93,110,ko,자홍색,자홍색,자홍
55,70,132,ko,남색,남색,남
92,145,102,ko,초록색,초록색,초록
74,103,202,ko,파란색,파란색,파랑
5,253,136,ko,초록색,초록색,초록
168,153,158,ko,회적색,회적색,회적
228,178,208,ko,분홍색,분홍색,분홍
49,58,175,ko,파란색,파란색,파랑
171,254,134,ko,연두색,연두색,연두
125,126,169,ko,파란색,파란색,파랑
144,25,195,ko,보라색,보라색,보라
164,38,24,ko,다홍색,다홍색,다홍
101,132,128,ko,청록색,청록색,청록
240,88,96,ko,빨간색,빨간색,빨강
220,46,110,ko,분홍색,분홍색,분홍
119,183,119,ko,에메랄드,에메랄드색,에메랄드
50,232,95,ko,형광녹색,형광녹색,형광녹
74,91,114,ko,연한 남색,연한 남색,연남
198,186,41,ko,짙은 노랑,짙은 노랑색,짙은노랑
236,150,236,ko,진한 분홍,진한 분홍색,진분홍
145,88,144,ko,짙은 보라색,짙은 보라색,짙은보라
76,40,73,ko,짙은 자주색,짙은 자주색,짙은자주
180,227,99,ko,연두색,연두색,연두
90,56,53,ko,진한 갈색,진한 갈색,진갈
204,55,186,ko,자주색,자주색,자주
233,22,231,ko,네온 자주색,네온 자주색,네온자주
244,82,37,ko,주황색,주황색,주황
33,157,105,ko,초록,초록색,초록
196,251,133,ko,연두,연두색,연두
206,118,202,ko,진홍,진홍색,진홍
11,13,169,ko,진파랑,진파랑색,진파랑
55,245,248,ko,하늘,하늘색,하늘
148,93,54,ko,갈색,갈색,갈
117,40,38,ko,고동,고동색,고동
218,247,228,ko,연한 하늘색,연한 하늘색,연하늘
27,114,183,ko,파랑색,파랑색,파랑
212,108,111,ko,칙칙한 빨강,칙칙한 빨강색,칙칙한빨강
126,31,231,ko,보라,보라색,보라
149,253,191,ko,연한 형광,연한 형광색,연형광
162,170,88,ko,짙은 녹색,짙은 녹색,짙은녹
222,100,178,ko,질은 분홍,질은 분홍색,질은분홍
212,38,83,ko,빨강,빨강색,빨강
14,204,150,ko,에메랄드,에메랄드색,에메랄드
47,194,184,ko,청록색,청록색,청록
79,167,23,ko,녹색,녹색,녹
193,208,220,ko,연한 보라,연한 보라색,연보라
230,238,138,ko,옅은 형광,옅은 형광색,옅은형광
247,246,30,ko,샛 노랑,샛 노랑색,샛노랑
56,235,252,ko,하늘 색,하늘 색,하늘
140,147,106,ko,짙은 노색,짙은 노색,짙은노
94,74,214,ko,밝은 자주,밝은 자주색,밝은자주
250,170,219,ko,분홍색,분홍색,분홍
116,98,200,ko,보라,보라색,보라
176,129,98,ko,옅은 갈색,옅은 갈색,옅은갈
179,246,40,ko,형광색,형광색,형광
230,169,94,ko,옅은 주황,옅은 주황색,옅은주황
50,15,77,ko,아주 짙은 보라,아주 짙은 보라색,아주짙은보라
194,119,237,ko,연보라,연보라색,연보라
150,253,114,ko,밝은 초록색,밝은 초록색,밝은초록
80,31,30,ko,적갈색,적갈색,적갈
45,71,221,ko,옅은보라색,옅은보라색,옅은보라
135,159,151,ko,회색,회색,회
31,242,119,ko,에메랄드색,에메랄드색,에메랄드
207,170,63,ko,금색,금색,금
215,19,158,ko,자주색,자주색,자주
109,62,131,ko,보라색,보라색,보라
174,122,66,ko,갈색,갈색,갈
121,115,91,ko,어두운 갈색,어두운 갈색,어두운갈
53,238,225,ko,하늘색,하늘색,하늘
100,191,61,ko,초록색,초록색,초록
169,190,6,ko,죽은풀색,죽은풀색,죽은풀
21,28,118,ko,남색,남색,남
96,84,27,ko,황토색,황토색,황토
132,15,158,ko,진보라색,진보라색,진보라
181,79,168,ko,보라색,보라색,보라
167,230,23,ko,형광색,형광색,형광
3,131,199,ko,하늘색,하늘색,하늘
149,53,1,ko,갈색,갈색,갈
238,6,118,ko,자주색,자주색,자주
86,121,220,ko,연보라색,연보라색,연보라
15,172,140,ko,에메랄드색,에메랄드색,에메랄드
196,201,225,ko,옅은회색,옅은회색,옅은회
174,175,241,ko,연보라색,연보라색,연보라
141,254,206,ko,밝은초록색,밝은초록색,밝은초록
93,145,71,ko,녹색,녹색,녹
140,18,207,ko,진보라색,진보라색,진보라
13,75,137,ko,옅은남색,옅은남색,옅은남
239,213,132,ko,살구색,살구색,살구
189,146,251,ko,연보라색,연보라색,연보라
198,97,236,ko,보라색,보라색,보라
236,103,36,ko,오렌지색,오렌지색,오렌지
53,6,254,ko,파란색,파란색,파랑
204,35,43,ko,옅은빨강색,옅은빨강색,옅은빨강
122,141,149,ko,회색,회색,회
204,111,139,ko,분홍,분홍색,분홍
175,23,55,ko,빨강,빨강색,빨강
64,96,209,ko,파랑,파랑색,파랑
128,129,183,ko,연보라,연보라색,연보라
239,72,234,ko,분홍,분홍색,분홍
8,245,245,ko,하늘,하늘색,하늘
48,26,203,ko,파랑,파랑색,파랑
168,92,19,ko,갈색,갈색,갈
180,25,22,ko,빨강,빨강색,빨강
172,159,244,ko,연보라,연보라색,연보라
142,140,23,ko,짙은녹색,짙은녹색,짙은녹
108,18,76,ko,보라색,보라색,보라
231,107,200,ko,분홍,분홍색,분홍
62,127,35,ko,녹색,녹색,녹
65,56,6,ko,고동색,고동색,고동
243,188,47,ko,노랑,노랑색,노랑
173,145,166,ko,연보라,연보라색,연보라
143,239,205,ko,에메랄드,에메랄드색,에메랄드
215,223,155,ko,모름,모름색,모름
219,34,143,ko,분홍,분홍색,분홍
111,218,34,ko,녹색,녹색,녹
43,223,130,ko,녹새,녹새색,녹새
215,232,124,ko,연두색,연두색,연두
174,35,194,ko,보라색,보라색,보라
107,50,68,ko,자주색,자주색,자주
12,54,118,ko,남색,남색,남
25,39,192,ko,파란색,파란색,파랑
96,231,128,ko,초록색,초록색,초록
84,99,55,ko,국방색,국방색,국방
24,194,198,ko,에메랄드,에메랄드색,에메랄드
130,117,236,ko,연보라,연보라색,연보라
153,42,119,ko,연자주,연자주색,연자주
82,216,17,ko,초록색,초록색,초록
15,159,133,ko,청록색,청록색,청록
187,234,83,ko,연두색,연두색,연두
122,139,155,ko,회색,회색,회
188,199,216,ko,연회색,연회색,연회
4,119,147,ko,진록색,진록색,진록
52,65,163,ko,파란색,파란색,파랑
12,62,83,ko,남색,남색,남
100,16,11,ko,갈색,갈색,갈
180,107,198,ko,연보라,연보라색,연보라
50,128,194,ko,파란색,파란색,파랑
183,254,174,ko,연녹색,연녹색,연녹
226,244,180,ko,연녹색,연녹색,연녹
130,106,8,ko,황토색,황토색,황토
174,186,142,ko,풀색,풀색,풀
21,115,15,ko,녹색,녹색,녹
210,87,83,ko,진홍색,진홍색,진홍
251,112,57,ko,주황색,주황색,주황
201,173,162,ko,연갈색,연갈색,연갈
188,137,105,ko,황토색,황토색,황토
115,198,249,ko,하늘색,하늘색,하늘
253,212,88,ko,노란색,노란색,노랑
26,187,50,ko,초록색,초록색,초록
209,31,0,ko,빨간색,빨간색,빨강
96,16,219,ko,남색,남색,남
158,10,78,ko,보라,보라색,보라
245,188,22,ko,주황색,주황색,주황
154,44,208,ko,파란색,파란색,파랑
15,62,197,ko,남색,남색,남
119,31,131,ko,군청색,군청색,군청
170,190,222,ko,청녹색,청녹색,청록
45,52,68,ko,검정색,검정색,검정
71,159,224,ko,연파랑색,연파랑색,연파랑
202,114,109,ko,연갈색,연갈색,연갈
127,65,42,ko,갈색,갈색,갈
138,213,167,ko,연두색,연두색,연두
190,153,19,ko,빨간색,빨간색,빨강
76,219,226,ko,하늘색,하늘색,하늘
121,86,164,ko,진파랑색,진파랑색,진파랑
13,92,82,ko,짙은녹색,짙은녹색,짙은녹
65,238,72,ko,녹색,녹색,녹
200,159,172,ko,분홍색,분홍색,분홍
88,10,224,ko,파란색,파란색,파랑
250,44,161,ko,분홍색,분홍색,분홍
85,250,147,ko,연두색,연두색,연두
101,89,88,ko,초록색,초록색,초록
150,52,14,ko,진한 빨간색,진한 빨간색,진빨강
86,99,3,ko,갈색,갈색,갈
181,231,241,ko,연한 하늘색,연한 하늘색,연하늘
200,220,140,ko,황토색,황토색,황토
178,213,172,ko,연두색,연두색,연두
86,169,130,ko,청록색,청록색,청록
105,211,206,ko,민트색,민트색,민트
131,78,126,ko,적보라색,적보라색,적보라
8,86,4,ko,진녹색,진녹색,진녹
198,149,110,ko,옅은 황토색,옅은 황토색,옅은황토
114,49,157,ko,청보라색,청보라색,청보라
235,158,39,ko,오렌지색,오렌지색,오렌지
228,145,44,ko,빨간색,빨간색,빨강
11,75,153,ko,남색,남색,남
228,248,20,ko,노란색,노란색,노랑
54,8,125,ko,군청색,군청색,군청
199,176,252,ko,하늘색,하늘색,하늘
132,100,250,ko,파란색,파란색,파랑
18,165,136,ko,초록색,초록색,초록
144,111,10,ko,갈색,갈색,갈
179,40,175,ko,보라색,보라색,보라
209,237,197,ko,살구색,살구색,살구
28,9,21,ko,검정색,검정색,검정
222,236,96,ko,연노란색,연노란색,연노랑
200,137,217,ko,연보라,연보라색,연보라
154,155,205,ko,연보라,연보라색,연보라
20,28,92,ko,남색,남색,남
115,78,130,ko,보라,보라색,보라
224,7,99,ko,빨강,빨강색,빨강
129,81,72,ko,갈색,갈색,갈
241,105,228,ko,분홍,분홍색,분홍
64,57,240,ko,파랑,파랑색,파랑
126,251,50,ko,연두,연두색,연두
234,41,177,ko,진분홍,진분홍색,진분홍
102,131,29,ko,풀색,풀색,풀
55,219,79,ko,녹색,녹색,녹
252,194,40,ko,개나리색,개나리색,개나리
232,168,164,ko,연분홍,연분홍색,연분홍
237,2,7,ko,빨강,빨강색,빨강
149,12,34,ko,적색,적색,적
175,253,245,ko,밝은하늘색,밝은하늘색,밝은하늘
101,179,218,ko,하늘색,하늘색,하늘
98,212,142,ko,연초록,연초록색,연초록
13,154,168,ko,쪽색,쪽색,쪽
155,20,247,ko,보라색,보라색,보라
92,132,78,ko,풀색,풀색,풀
249,124,136,ko,복숭아색,복숭아색,복숭아
4,1,112,ko,남색,남색,남
191,122,25,ko,황토색,황토색,황토
41,23,3,ko,검은색,검은색,검정
192,191,190,ko,회색,회색,회
204,144,105,ko,황토색,황토색,황토
12,229,215,ko,벽색,벽색,벽
86,124,136,ko,옅은진청색,옅은진청색,옅은진청
169,163,25,ko,금색,금색,금
213,73,67,ko,빨강,빨강색,빨강
75,134,247,ko,파랑,파랑색,파랑
121,44,137,ko,보라,보라색,보라
6,66,179,ko,남색,남색,남
252,123,25,ko,주황,주황색,주황
149,206,1,ko,연두색,연두색,연두
199,211,53,ko,풀색,풀색,풀
34,108,87,ko,청록색,청록색,청록
255,213,193,ko,살색,살색,살
184,29,31,ko,검붉은색,검붉은색,검붉은
86,213,76,ko,옥색,옥색,옥
245,15,76,ko,진분홍생,진분홍생색,진분홍생
143,148,108,ko,재색,재색,재
191,146,44,ko,황토색,황토색,황토
2,45,209,ko,바다색,바다색,바다
75,78,193,ko,남색,남색,남
152,11,242,ko,보라색,보라색,보라
171,102,225,ko,보라,보라색,보라
179,162,8,ko,카키,카키색,카키
121,44,31,ko,고동,고동색,고동
212,91,56,ko,주황,주황색,주황
182,115,154,ko,보라,보라색,보라
227,182,138,ko,살색,살색,살
115,7,64,ko,자주,자주색,자주
71,189,53,ko,초록,초록색,초록
227,53,170,ko,분홍,분홍색,분홍
3,141,207,ko,코발트,코발트색,코발트
248,225,216,ko,베이지,베이지색,베이지
124,132,60,ko,풀색,풀색,풀
32,22,95,ko,남색,남색,남
124,127,254,ko,벽옥,벽옥색,벽옥
155,136,124,ko,쥐색,쥐색,쥐
206,189,230,ko,연보라,연보라색,연보라
73,57,253,ko,파랑,파랑색,파랑
216,41,219,ko,분홍,분홍색,분홍
240,36,90,ko,선홍,선홍색,선홍
80,153,181,ko,청록,청록색,청록
242,108,18,ko,주황,주황색,주황
39,33,21,ko,검정,검정색,검정
8,255,51,ko,형광초록,형광초록색,형광초록
3,230,226,ko,하늘색,하늘색,하늘
111,207,177,ko,에메랄드,에메랄드색,에메랄드
105,71,148,ko,진보라,진보라색,진보라
174,228,159,ko,담록,담록색,담록
47,153,66,ko,초록,초록색,초록
151,108,39,ko,황토,황토색,황토
241,180,3,ko,노랑,노랑색,노랑
25,138,127,ko,청록,청록색,청록
29,221,151,ko,옥색,옥색,옥
43,95,15,ko,짙은초록,짙은초록색,짙은초록
169,230,56,ko,연두,연두색,연두
148,182,40,ko,풀색,풀색,풀
135,24,199,ko,보라,보라색,보라
127,172,38,ko,밝은 녹색,밝은 녹색,밝은녹
72,122,41,ko,쑥색,쑥색,쑥
74,246,129,ko,형광연두,형광연두색,형광연두
98,98,59,ko,카키색,카키색,카키
222,7,36,ko,붉은색,붉은색,붉은
104,248,170,ko,옥색,옥색,옥
23,18,21,ko,검은색,검은색,검정
37,137,145,ko,청록색,청록색,청록
247,86,128,ko,짙은 분홍색,짙은 분홍색,짙은분홍
169,124,76,ko,짙은 황토색,짙은 황토색,짙은황토
48,57,149,ko,남색,남색,남
145,222,41,ko,연두색,연두색,연두
166,162,149,ko,회색,회색,회
80,159,197,ko,짙은 하늘색,짙은 하늘색,짙은하늘
170,87,237,ko,형광보라색,형광보라색,형광보라
180,76,131,ko,진홍색,진홍색,진홍
208,251,186,ko,밝은 연두색,밝은 연두색,밝은연두
113,106,169,ko,연보라색,연보라색,연보라
37,184,99,ko,녹색,녹색,녹
225,128,137,ko,살짝 짙은 분홍색,살짝 짙은 분홍색,살짝짙은분홍
75,4,15,ko,짙은 갈색,짙은 갈색,짙은갈
58,72,227,ko,형광파란색,형광파란색,형광파랑
238,217,195,ko,옅은 살색,옅은 살색,옅은살
139,30,9,ko,짙은 붉은색,짙은 붉은색,짙은붉은
61,121,242,ko,파란색,파란색,파랑
207,169,33,ko,황토색,황토색,황토
122,68,93,ko,검붉은색,검붉은색,검붉은
198,46,180,ko,형광분홍,형광분홍색,형광분홍
173,197,244,ko,하늘색,하늘색,하늘
123,64,24,ko,갈색,갈색,갈
68,208,177,ko,옥색,옥색,옥
105,107,20,ko,누런 쑥색,누런 쑥색,누런쑥
149,22,70,ko,진빨강,진빨강색,진빨강
249,87,17,ko,주황색,주황색,주황
198,181,98,ko,진황색,진황색,진황
240,242,56,ko,연노랑,연노랑색,연노랑
72,175,154,ko,사파이어,사파이어색,사파이어
14,28,63,ko,남색,남색,남
130,6,67,ko,자주,자주색,자주
167,187,209,ko,비둘기,비둘기색,비둘기
57,5,123,ko,군청색,군청색,군청
252,236,235,ko,연분홍,연분홍색,연분홍
130,221,4,ko,연두,연두색,연두
147,101,65,ko,갈색,갈색,갈
236,44,171,ko,분홍색,분홍색,분홍
147,51,118,ko,진보라,진보라색,진보라
157,204,112,ko,연두색,연두색,연두
42,92,125,ko,청록색,청록색,청록
240,69,202,ko,분홍,분홍색,분홍
90,233,83,ko,연두,연두색,연두
126,52,86,ko,자주,자주색,자주
126,110,189,ko,보라,보라색,보라
225,229,61,ko,개나리,개나리색,개나리
242,251,146,ko,레몬,레몬색,레몬
16,73,30,ko,쑥,쑥색,쑥
51,112,118,ko,청록,청록색,청록
242,15,132,ko,진분홍,진분홍색,진분홍
48,39,104,ko,남,남색,남
110,108,228,ko,보라,보라색,보라
174,31,101,ko,자주,자주색,자주
142,226,10,ko,연두색,연두색,연두
120,233,164,ko,옥색,옥색,옥
219,199,127,ko,연갈색,연갈색,연갈
177,98,18,ko,갈색,갈색,갈
14,21,103,ko,남색,남색,남
159,183,48,ko,녹색,녹색,녹
35,213,226,ko,하늘색,하늘색,하늘
19,107,37,ko,초록색,초록색,초록
174,139,221,ko,보라색,보라색,보라
159,13,92,ko,마젠타,마젠타색,마젠타
242,73,34,ko,다홍색,다홍색,다홍
208,88,164,ko,분홍색,분홍색,분홍
174,216,145,ko,연녹색,연녹색,연녹
94,81,72,ko,고동색,고동색,고동
174,237,248,ko,연하늘색,연하늘색,연하늘
101,57,21,ko,갈색,갈색,갈
107,24,118,ko,짙은 보라,짙은 보라색,짙은보라
232,134,8,ko,주황색,주황색,주황
98,135,82,ko,탁한 녹색,탁한 녹색,탁한녹
97,223,87,ko,진한 연두색,진한 연두색,진연두
236,218,95,ko,연노랑,연노랑색,연노랑
245,47,174,ko,마젠타,마젠타색,마젠타
17,68,28,ko,짙은 초록색,짙은 초록색,짙은초록
206,190,176,ko,연갈색,연갈색,연갈
242,157,187,ko,분홍색,분홍색,분홍
61,116,172,ko,연파랑,연파랑색,연파랑
2,197,101,ko,연두,연두색,연두
109,2,227,ko,진보라,진보라색,진보라
35,65,91,ko,군청색,군청색,군청
8,181,223,ko,연하늘색,연하늘색,연하늘
155,99,140,ko,아마색,아마색,아마
8,117,243,ko,파랑,파랑색,파랑
9,55,233,ko,파랑,파랑색,파랑
137,22,14,ko,레드브라운,레드브라운색,레드브라운
10,164,115,ko,녹색,녹색,녹
48,69,129,ko,남색,남색,남
33,170,252,ko,하늘색,하늘색,하늘
195,200,75,ko,녹황색,녹황색,녹황
72,14,109,ko,보라색,보라색,보라
27,144,16,ko,초록색,초록색,초록
71,75,194,ko,청색,청색,청
211,99,177,ko,분홍색,분홍색,분홍
192,18,52,ko,빨간색,빨간색,빨강
180,160,124,ko,황토색,황토색,황토
56,231,127,ko,에메랄드색,에메랄드색,에메랄드
141,105,108,ko,연보라색,연보라색,연보라
100,107,193,ko,연청색,연청색,연청
83,63,223,ko,청색,청색,청
230,119,150,ko,분홍색,분홍색,분홍
39,14,39,ko,검정색,검정색,검정
107,165,145,ko,연청색,연청색,연청
159,23,253,ko,연보라,연보라색,연보라
103,125,19,ko,녹황색,녹황색,녹황
209,98,33,ko,연주황,연주황색,연주황
210,78,240,ko,연보라,연보라색,연보라
159,38,6,ko,갈색,갈색,갈
236,240,20,ko,노란색,노란색,노랑
208,131,91,ko,짙은 살색,짙은 살색,짙은살
20,139,101,ko,청녹색,청녹색,청록
136,12,96,ko,자주색,자주색,자주
155,172,209,ko,회청색,회청색,회청
236,158,214,ko,분홍색,분홍색,분홍
185,181,101,ko,녹황색,녹황색,녹황
77,174,204,ko,연청핵,연청핵색,연청핵
23,39,11,ko,검정색,검정색,검정
250,233,225,ko,옅은 살색,옅은 살색,옅은살
185,115,215,ko,연보라색,연보라색,연보라
214,163,169,ko,연분홍색,연분홍색,연분홍
84,207,60,ko,녹색,녹색,녹
196,56,112,ko,연한자주색,연한자주색,연자주
49,199,112,ko,연녹색,연녹색,연녹
232,121,134,ko,연지색,연지색,연지
222,34,65,ko,진분홍,진분홍색,진분홍
107,219,228,ko,하늘색,하늘색,하늘
4,9,7,ko,검정,검정색,검정
104,145,210,ko,연파랑,연파랑색,연파랑
82,27,48,ko,군청색,군청색,군청
200,153,28,ko,황금색,황금색,황금
25,146,154,ko,옥색,옥색,옥
223,134,27,ko,주황색,주황색,주황
191,168,158,ko,쥐색,쥐색,쥐
128,69,243,ko,연보라색,연보라색,연보라
186,42,138,ko,자주색,자주색,자주
166,177,84,ko,풀색,풀색,풀
154,95,74,ko,연갈색,연갈색,연갈
138,70,100,ko,연보라색,연보라색,연보라
104,173,129,ko,옥색,옥색,옥
82,82,78,ko,쥐색,쥐색,쥐
61,17,130,ko,군청색,군청색,군청
17,43,98,ko,남색,남색,남
11,194,19,ko,밝은연두색,밝은연두색,밝은연두
186,83,226,ko,연자주색,연자주색,연자주
41,70,187,ko,파랑색,파랑색,파랑
27,25,226,ko,진청색,진청색,진청
174,199,87,ko,황록,황록색,황록
48,37,36,ko,검정,검정색,검정
192,23,37,ko,진홍,진홍색,진홍
23,124,152,ko,진청,진청색,진청
212,141,161,ko,진한벚꽃,진한벚꽃색,진벚꽃
186,80,167,ko,보라,보라색,보라
227,63,206,ko,진분홍,진분홍색,진분홍
198,229,183,ko,상아,상아색,상아
69,232,11,ko,형광,형광색,형광
188,90,250,ko,연보라,연보라색,연보라
139,231,68,ko,연두,연두색,연두
9,51,12,ko,흑록,흑록색,흑록
127,25,26,ko,고동색,고동색,고동
30,5,51,ko,검정색,검정색,검정
216,205,76,ko,겨자색,겨자색,겨자
171,91,34,ko,황토색,황토색,황토
212,223,180,ko,미색,미색,미
57,251,143,ko,밝은초록,밝은초록색,밝은초록
101,180,68,ko,연녹색,연녹색,연녹
225,39,16,ko,다홍색,다홍색,다홍
65,195,242,ko,하늘색,하늘색,하늘
41,77,45,ko,진초록,진초록색,진초록
249,164,123,ko,살색,살색,살
118,110,15,ko,풀색,풀색,풀
65,166,42,ko,초록,초록색,초록
251,127,163,ko,분홍,분홍색,분홍
76,124,199,ko,진하늘,진하늘색,진하늘
75,195,136,ko,상아,상아색,상아
236,156,40,ko,주황,주황색,주황
1,30,64,ko,흑청,흑청색,흑청
16,52,188,ko,진청,진청색,진청
118,136,25,ko,황록,황록색,황록
21,65,170,ko,파랑,파랑색,파랑
244,36,92,ko,진분홍,진분홍색,진분홍
113,65,98,ko,진보라,진보라색,진보라
108,67,3,ko,진갈,진갈색,진갈
214,104,52,ko,진주황,진주황색,진주황
182,143,58,ko,진황토,진황토색,진황토
254,237,169,ko,살구,살구색,살구
199,57,84,ko,자주,자주색,자주
66,112,93,ko,청록,청록색,청록
45,15,41,ko,검정,검정색,검정
34,221,94,ko,초록,초록색,초록
180,251,245,ko,연하늘,연하늘색,연하늘
230,231,67,ko,겨자,겨자색,겨자
136,11,176,ko,보라,보라색,보라
97,91,35,ko,진황록,진황록색,진황록
68,214,189,ko,진상아,진상아색,진상아
214,149,47,ko,주황색,주황색,주황
209,129,191,ko,진분홍색,진분홍색,진분홍
248,127,144,ko,분홍색,분홍색,분홍
19,202,73,ko,녹색,녹색,녹
92,121,142,ko,남색,남색,남
125,86,111,ko,진보라색,진보라색,진보라
233,205,85,ko,노랑색,노랑색,노랑
165,110,243,ko,연보라색,연보라색,연보라
145,95,68,ko,갈색,갈색,갈
35,66,231,ko,파랑색,파랑색,파랑
160,45,181,ko,보라색,보라색,보라
219,236,156,ko,연노랑색,연노랑색,연노랑
151,96,18,ko,갈색,갈색,갈
32,121,197,ko,파랑색,파랑색,파랑
119,6,89,ko,진보라색,진보라색,진보라
192,193,167,ko,회색,회색,회
210,75,176,ko,분홍색,분홍색,분홍
61,170,168,ko,청록색,청록색,청록
62,129,49,ko,진녹색,진녹색,진녹
3,30,110,ko,남색,남색,남
89,189,108,ko,연두색,연두색,연두
202,9,208,ko,보라색,보라색,보라
77,105,234,ko,파랑색,파랑색,파랑
117,106,8,ko,진흙색,진흙색,진흙
143,232,71,ko,연두색,연두색,연두
129,222,188,ko,에메랄드색,에메랄드색,에메랄드
243,215,19,ko,노랑색,노랑색,노랑
136,32,11,ko,진한빨강색,진한빨강색,진빨강
165,153,222,ko,연보라색,연보라색,연보라
243,65,94,ko,빨강색,빨강색,빨강
237,47,11,ko,빨강색,빨강색,빨강
248,188,232,ko,분홍색,분홍색,분홍
100,6,24,ko,갈색,갈색,갈
189,251,246,ko,하늘색,하늘색,하늘
44,99,84,ko,초록색,초록색,초록
120,129,217,ko,연보라,연보라색,연보라
207,94,218,ko,마젠타,마젠타색,마젠타
206,200,142,ko,상아색,상아색,상아
167,86,244,ko,자주색,자주색,자주
32,184,157,ko,에메랄드그린,에메랄드그린색,에메랄드그린
129,140,130,ko,녹회색,녹회색,녹회
238,182,207,ko,분홍색,분홍색,분홍
16,19,139,ko,남색,남색,남
73,35,20,ko,고동색,고동색,고동
183,246,197,ko,연두색,연두색,연두
76,246,17,ko,라임색,라임색,라임
164,63,8,ko,적갈색,적갈색,적갈
191,24,197,ko,보라색,보라색,보라
8,87,115,ko,감색,감색,감
114,35,53,ko,고동색,고동색,고동
235,246,38,ko,노란색,노란색,노랑
26,61,215,ko,파랑색,파랑색,파랑
118,192,235,ko,하늘색,하늘색,하늘
34,27,25,ko,검정색,검정색,검정
7,60,26,ko,진은초록색,진은초록색,진은초록
123,195,123,ko,녹색,녹색,녹
231,146,239,ko,분홍색,분홍색,분홍
247,34,151,ko,마젠타,마젠타색,마젠타
104,40,147,ko,보라색,보라색,보라
216,78,119,ko,진홍색,진홍색,진홍
23,31,56,ko,어두운 파랑,어두운 파랑색,어두운파랑
60,125,247,ko,파랑,파랑색,파랑
18,152,2,ko,녹색,녹색,녹
155,62,120,ko,자주색,자주색,자주
192,78,35,ko,갈색,갈색,갈
131,88,10,ko,황토색,황토색,황토
119,223,226,ko,하늘색,하늘색,하늘
60,20,23,ko,짙은 갈색,짙은 갈색,짙은갈
221,149,151,ko,인디안 핑크,인디안 핑크색,인디안핑크
60,115,26,ko,짙은 녹색,짙은 녹색,짙은녹
32,117,202,ko,파랑,파랑색,파랑
68,32,190,ko,남색,남색,남
83,64,27,ko,짙은 갈색,짙은 갈색,짙은갈
17,216,107,ko,밝은 녹색,밝은 녹색,밝은녹
27,1,218,ko,파랑,파랑색,파랑
206,215,211,ko,밝은 회색,밝은 회색,밝은회
72,69,174,ko,짙은 파랑,짙은 파랑색,짙은파랑
132,25,45,ko,어두운 빨강,어두운 빨강색,어두운빨강
159,147,178,ko,연보라,연보라색,연보라
19,56,38,ko,진녹색,진녹색,진녹
250,137,118,ko,살구색,살구색,살구
29,228,118,ko,에메랄드,에메랄드색,에메랄드
79,138,235,ko,회청,회청색,회청
98,65,93,ko,자주,자주색,자주
228,83,229,ko,보라,보라색,보라
69,112,85,ko,쑥색,쑥색,쑥
178,73,102,ko,크림슨,크림슨색,크림슨
61,79,208,ko,진파랑,진파랑색,진파랑
58,115,164,ko,진회청,진회청색,진회청
84,31,6,ko,갈색,갈색,갈
190,164,177,ko,제비꽃,제비꽃색,제비꽃
123,248,54,ko,초록,초록색,초록
198,233,172,ko,연두,연두색,연두
181,238,124,ko,연두색,연두색,연두
205,109,104,ko,팥,팥색,팥
173,57,53,ko,크림슨,크림슨색,크림슨
196,137,84,ko,연갈색,연갈색,연갈
173,201,30,ko,풀색,풀색,풀
231,180,70,ko,황토색,황토색,황토
30,210,233,ko,하늘색,하늘색,하늘
129,43,142,ko,보라색,보라색,보라
226,69,114,ko,진분홍,진분홍색,진분홍
180,223,223,ko,연파랑,연파랑색,연파랑
15,43,111,ko,진청색,진청색,진청
178,180,100,ko,연한 쑥색,연한 쑥색,연쑥
235,156,174,ko,연분홍,연분홍색,연분홍
7,180,109,ko,초록,초록색,초록
103,241,183,ko,에메랄드,에메랄드색,에메랄드
253,127,166,ko,분홍,분홍색,분홍
151,180,246,ko,제비색,제비색,제비
3,31,212,ko,파랑,파랑색,파랑
227,111,24,ko,주황,주황색,주황
247,204,153,ko,살구,살구색,살구
99,16,70,ko,고동,고동색,고동
89,84,178,ko,연보라,연보라색,연보라
205,3,22,ko,진홍,진홍색,진홍
253,235,75,ko,노랑,노랑색,노랑
246,134,254,ko,분홍색,분홍색,분홍
65,55,179,ko,진한 파란색,진한 파란색,진파랑
161,54,168,ko,포도색,포도색,포도
246,106,85,ko,주황색,주황색,주황
165,188,98,ko,옅은 녹갈색,옅은 녹갈색,옅은녹갈
110,250,11,ko,연두색,연두색,연두
98,148,186,ko,청회색,청회색,청회
61,60,138,ko,군청색,군청색,군청
134,110,78,ko,옅은 갈색,옅은 갈색,옅은갈
203,136,101,ko,황토색,황토색,황토
197,39,215,ko,보라색,보라색,보라
132,233,176,ko,민트색,민트색,민트
136,47,31,ko,적갈색,적갈색,적갈
254,222,75,ko,개나리색,개나리색,개나리
78,61,65,ko,자회색,자회색,자회
31,189,91,ko,녹색,녹색,녹
159,109,133,ko,회적색,회적색,회적
9,90,154,ko,파란색,파란색,파랑
128,32,64,ko,자주색,자주색,자주
181,135,46,ko,황토색,황토색,황토
115,66,252,ko,자청색,자청색,자청
6,17,37,ko,검정색,검정색,검정
204,172,202,ko,옅은 분홍색,옅은 분홍색,옅은분홍
190,95,48,ko,진한 주황색,진한 주황색,진주황
4,91,199,ko,파란색,파란색,파랑
197,91,172,ko,옅은 포도색,옅은 포도색,옅은포도
234,240,247,ko,회백색,회백색,회백
224,6,134,ko,진한 자주색,진한 자주색,진자주
107,213,214,ko,뿌연 하늘색,뿌연 하늘색,뿌연하늘
169,174,169,ko,진한 회색,진한 회색,진회
96,120,64,ko,녹갈색,녹갈색,녹갈
19,249,193,ko,밝은 민트색,밝은 민트색,밝은민트
229,253,177,ko,레몬색,레몬색,레몬
20,98,58,ko,진녹색,진녹색,진녹
198,227,46,ko,노란색,노란색,노랑
33,179,119,ko,진한 민트색,진한 민트색,진민트
232,253,112,ko,형광노란색,형광노란색,형광노랑
192,138,55,ko,황토색,황토색,황토
87,103,163,ko,연남색,연남색,연남
187,243,201,ko,연민트색,연민트색,연민트
12,170,24,ko,초록색,초록색,초록
27,56,148,ko,남색,남색,남
208,65,148,ko,진분홍색,진분홍색,진분홍
108,235,218,ko,민트색,민트색,민트
238,88,205,ko,분홍색,분홍색,분홍
194,91,78,ko,적갈색,적갈색,적갈
187,183,86,ko,잡초색,잡초색,잡초
96,150,164,ko,어두운 바다색,어두운 바다색,어두운바다
205,119,248,ko,연보라색,연보라색,연보라
162,110,206,ko,보라색,보라색,보라
8,165,242,ko,하늘색,하늘색,하늘
10,174,81,ko,연녹색,연녹색,연녹
118,53,224,ko,진보라색,진보라색,진보라
31,131,13,ko,진녹색,진녹색,진녹
63,11,231,ko,파란색,파란색,파랑
114,50,86,ko,어두운 보라색,어두운 보라색,어두운보라
188,187,192,ko,회색,회색,회
135,119,14,ko,잡초색,잡초색,잡초
190,121,174,ko,어두운 분홍색,어두운 분홍색,어두운분홍
119,131,66,ko,풀색,풀색,풀
225,192,129,ko,연황토색,연황토색,연황토
238,239,21,ko,진노랑색,진노랑색,진노랑
196,174,222,ko,연보라색,연보라색,연보라
62,66,8,ko,검은색,검은색,검정
82,189,143,ko,세피아,세피아색,세피아
77,100,224,ko,연파랑색,연파랑색,연파랑
184,35,1,ko,적색,적색,적
8,1,165,ko,진파라색,진파라색,진파라
119,155,15,ko,진연두색,진연두색,진연두
37,227,119,ko,진민트색,진민트색,진민트
229,94,13,ko,주황색,주황색,주황
11,62,25,ko,검녹색,검녹색,검녹
45,134,132,ko,청록,청록색,청록
131,59,15,ko,갈색,갈색,갈
6,236,174,ko,에메랄드,에메랄드색,에메랄드
174,189,18,ko,연두,연두색,연두
100,137,205,ko,하늘,하늘색,하늘
211,95,155,ko,분홍,분홍색,분홍
76,11,40,ko,적갈색,적갈색,적갈
133,146,102,ko,카키,카키색,카키
178,7,117,ko,자주,자주색,자주
57,34,160,ko,남보라,남보라색,남보라
206,242,99,ko,연두,연두색,연두
41,141,72,ko,초록,초록색,초록
8,62,77,ko,어두운 남색,어두운 남색,어두운남
47,88,64,ko,어두운 녹색,어두운 녹색,어두운녹
246,2,50,ko,붉은색,붉은색,붉은
91,187,193,ko,파랑?,파랑?색,파랑?
172,203,206,ko,푸른빛도는 회색,푸른빛도는 회색,푸른빛도는회
118,161,196,ko,하늘,하늘색,하늘
245,168,197,ko,연분홍,연분홍색,연분홍
188,122,217,ko,연보라,연보라색,연보라
17,111,207,ko,파랑,파랑색,파랑
87,35,86,ko,보라,보라색,보라
59,255,58,ko,형광초록,형광초록색,형광초록
116,156,76,ko,풀색,풀색,풀
115,103,188,ko,보라색,보라색,보라
221,129,109,ko,분홍색,분홍색,분홍
178,93,220,ko,분홍색,분홍색,분홍
172,208,128,ko,연두색,연두색,연두
85,43,87,ko,자주색,자주색,자주
109,23,219,ko,남색,남색,남
85,82,93,ko,회색,회색,회
179,207,19,ko,노란색,노란색,노랑
38,15,5,ko,검정색,검정색,검정
101,44,148,ko,보라색,보라색,보라
85,225,187,ko,민트색,민트색,민트
90,131,120,ko,청록색,청록색,청록
208,24,208,ko,진분홍색,진분홍색,진분홍
187,20,12,ko,빨간색,빨간색,빨강
143,222,14,ko,연두색,연두색,연두
116,94,40,ko,갈색,갈색,갈
130,50,58,ko,와인색,와인색,와인
250,119,133,ko,분홍색,분홍색,분홍
78,105,163,ko,코발트,코발트색,코발트
206,147,187,ko,핑크색,핑크색,핑크
205,196,253,ko,하늘색,하늘색,하늘
46,67,55,ko,진청록색,진청록색,진청록
116,146,26,ko,카키색,카키색,카키
18,69,229,ko,파란색,파란색,파랑
191,84,170,ko,자주색,자주색,자주
117,193,236,ko,하늘색,하늘색,하늘
252,194,43,ko,노란색,노란색,노랑
23,113,50,ko,초록색,초록색,초록
165,219,175,ko,민트색,민트색,민트
89,230,76,ko,연두색,연두색,연두
157,171,124,ko,카키색,카키색,카키
254,102,170,ko,핑크색,핑크색,핑크
7,253,59,ko,형광연두색,형광연두색,형광연두
5,156,241,ko,파란색,파란색,파랑
247,31,165,ko,진분홍색,진분홍색,진분홍
252,231,177,ko,아이보리색,아이보리색,아이보리
106,175,63,ko,풀색,풀색,풀
251,240,246,ko,연한분홍색,연한분홍색,연분홍
92,221,17,ko,연두색,연두색,연두
71,94,70,ko,녹색,녹색,녹
102,179,182,ko,청록색,청록색,청록
109,99,26,ko,올리브색,올리브색,올리브
168,83,74,ko,적색,적색,적
122,72,191,ko,보라색,보라색,보라
233,122,226,ko,분홍색,분홍색,분홍
79,133,60,ko,녹색,녹색,녹
62,243,118,ko,연두색,연두색,연두
181,41,52,ko,빨간색,빨간색,빨강
16,190,137,ko,녹색,녹색,녹
181,73,243,ko,보라색,보라색,보라
211,193,253,ko,연보라색,연보라색,연보라
36,81,241,ko,파랑색,파랑색,파랑
189,3,154,ko,자주색,자주색,자주
237,14,214,ko,진분홍색,진분홍색,진분홍
155,37,111,ko,자주색,자주색,자주
39,174,227,ko,하늘색,하늘색,하늘
4,92,219,ko,파랑색,파랑색,파랑
35,84,146,ko,탁한파랑색,탁한파랑색,탁한파랑
77,55,22,ko,어두운갈색,어두운갈색,어두운갈
18,1,85,ko,군청색,군청색,군청
6,135,107,ko,녹색,녹색,녹
177,73,108,ko,진분홍색,진분홍색,진분홍
108,59,250,ko,보라색,보라색,보라
26,218,249,ko,하늘색,하늘색,하늘
182,196,55,ko,연두색,연두색,연두
181,125,172,ko,연보라색,연보라색,연보라
164,123,79,ko,황토색,황토색,황토
252,218,122,ko,상아색,상아색,상아
245,129,182,ko,분홍색,분홍색,분홍
26,57,75,ko,남색,남색,남
64,11,48,ko,자주색,자주색,자주
45,227,215,ko,민트색,민트색,민트
132,102,105,ko,팥죽색,팥죽색,팥죽
214,234,97,ko,연두색,연두색,연두
93,106,78,ko,쑥색,쑥색,쑥
86,242,159,ko,형광초록색,형광초록색,형광초록
7,97,149,ko,청색,청색,청
233,254,47,ko,연겨자색,연겨자색,연겨자
59,64,213,ko,파랑색,파랑색,파랑
65,6,120,ko,보라색,보라색,보라
20,102,47,ko,초록색,초록색,초록
178,74,87,ko,진분홍색,진분홍색,진분홍
205,31,37,ko,빨간색,빨간색,빨강
47,225,205,ko,민트색,민트색,민트
105,143,225,ko,소라색,소라색,소라
151,250,114,ko,연두삭,연두삭색,연두삭
44,125,132,ko,청록색,청록색,청록
230,54,252,ko,형광보라색,형광보라색,형광보라
171,16,86,ko,짙은자주색,짙은자주색,짙은자주
212,131,218,ko,연보라색,연보라색,연보라
86,144,102,ko,연한쑥색,연한쑥색,연쑥
13,154,220,ko,연한파란색,연한파란색,연파랑
29,159,66,ko,초록색,초록색,초록
120,166,191,ko,연청색,연청색,연청
201,102,148,ko,진분홍색,진분홍색,진분홍
169,151,125,ko,연갈색,연갈색,연갈
105,79,43,ko,갈색,갈색,갈
39,31,11,ko,진한갈색,진한갈색,진갈
67,47,107,ko,보라색,보라색,보라
81,36,42,ko,진한붉은색,진한붉은색,진붉은
185,151,35,ko,겨자색,겨자색,겨자
245,63,7,ko,다홍색,다홍색,다홍
246,211,212,ko,연분홍색,연분홍색,연분홍
113,46,14,ko,고동색,고동색,고동
246,160,70,ko,연주황색,연주황색,연주황
16,39,227,ko,파란색,파란색,파랑
118,13,84,ko,진한자주색,진한자주색,진자주
20,90,72,ko,진녹색,진녹색,진녹
246,248,237,ko,상아색,상아색,상아
87,46,189,ko,보라색,보라색,보라
236,71,189,ko,분홍색,분홍색,분홍
4,110,148,ko,청록색,청록색,청록
144,143,53,ko,녹두색,녹두색,녹두
179,96,207,ko,보라색,보라색,보라
232,24,118,ko,자주색,자주색,자주
162,90,92,ko,갈색,갈색,갈
244,72,12,ko,주황색,주황색,주황
169,214,48,ko,연두색,연두색,연두
165,125,140,ko,팥색,팥색,팥
65,138,95,ko,청록색,청록색,청록
226,147,108,ko,베이지색,베이지색,베이지
156,125,244,ko,연보라색,연보라색,연보라
38,221,42,ko,풀색,풀색,풀
173,111,95,ko,다갈색,다갈색,다갈
75,119,143,ko,연청색,연청색,연청
211,219,67,ko,노란색,노란색,노랑
50,18,215,ko,남색,남색,남
95,61,147,ko,보라색,보라색,보라
241,75,74,ko,빨간색,빨간색,빨강
212,95,135,ko,다홍색,다홍색,다홍
131,164,150,ko,녹색,녹색,녹
177,35,76,ko,선홍색,선홍색,선홍
95,112,49,ko,군녹색,군녹색,군녹
249,207,78,ko,귤색,귤색,귤
253,139,233,ko,핑크색,핑크색,핑크
79,53,208,ko,남색,남색,남
156,156,96,ko,녹갈색,녹갈색,녹갈
181,50,177,ko,다홍색,다홍색,다홍
95,59,97,ko,진보라색,진보라색,진보라
100,116,180,ko,연청색,연청색,연청
162,206,136,ko,연두색,연두색,연두
155,137,31,ko,갈색,갈색,갈
30,59,67,ko,검정색,검정색,검정
107,8,132,ko,보라색,보라색,보라
163,40,21,ko,빨간색,빨간색,빨강
240,22,187,ko,핑크색,핑크색,핑크
107,206,76,ko,녹색,녹색,녹
54,212,158,ko,에메랄드색,에메랄드색,에메랄드
159,222,237,ko,하늘색,하늘색,하늘
39,24,68,ko,군청색,군청색,군청
9,13,29,ko,검정색,검정색,검정
51,7,29,ko,흑갈색,흑갈색,흑갈
46,35,151,ko,남색,남색,남
187,101,43,ko,황토색,황토색,황토
164,114,169,ko,연보라색,연보라색,연보라
79,250,196,ko,민트,민트색,민트
186,14,152,ko,자주,자주색,자주
122,71,72,ko,갈색,갈색,갈
115,236,138,ko,연녹색,연녹색,연녹
11,26,167,ko,파랑,파랑색,파랑
40,13,7,ko,고동색,고동색,고동
170,202,203,ko,흐릿한하늘색,흐릿한하늘색,흐릿한하늘
183,231,45,ko,연두색,연두색,연두
208,4,249,ko,진한분홍,진한분홍색,진분홍
199,120,174,ko,진한분홍,진한분홍색,진분홍
177,207,77,ko,연두색,연두색,연두
147,32,184,ko,보라색,보라색,보라
74,104,195,ko,파랑,파랑색,파랑
227,176,34,ko,황토,황토색,황토
110,153,102,ko,녹색,녹색,녹
222,93,129,ko,핫핑크,핫핑크색,핫핑크
191,174,97,ko,설사,설사색,설사
3,186,212,ko,하늘,하늘색,하늘
153,15,40,ko,와인,와인색,와인
171,158,35,ko,들판,들판색,들판
25,82,201,ko,파랑,파랑색,파랑
116,68,105,ko,보라,보라색,보라
179,142,162,ko,연자주,연자주색,연자주
100,152,216,ko,하늘,하늘색,하늘
249,158,178,ko,핑크,핑크색,핑크
22,81,36,ko,진녹,진녹색,진녹
172,77,189,ko,보라,보라색,보라
81,184,30,ko,연두,연두색,연두
8,60,63,ko,청록,청록색,청록
196,148,242,ko,연보라,연보라색,연보라
72,135,3,ko,연녹,연녹색,연녹
63,71,0,ko,진녹,진녹색,진녹
142,111,73,ko,똥색,똥색,똥
108,31,117,ko,자주,자주색,자주
145,212,148,ko,연두,연두색,연두
126,150,173,ko,회색하늘색섞음,회색하늘색섞음색,회색하늘색섞음
134,67,144,ko,보라색,보라색,보라
8,11,121,ko,남색,남색,남
206,79,29,ko,주황색,주황색,주황
55,103,109,ko,쑥색,쑥색,쑥
148,81,86,ko,갈색,갈색,갈
184,178,145,ko,베이지색,베이지색,베이지
93,150,226,ko,하늘색,하늘색,하늘
10,220,125,ko,연두색,연두색,연두
207,37,105,ko,짙은 분홍,짙은 분홍색,짙은분홍
90,88,27,ko,카키색,카키색,카키
110,171,154,ko,옅은 쑥색,옅은 쑥색,옅은쑥
173,205,84,ko,완두콩색,완두콩색,완두콩
169,149,34,ko,옅은 갈색,옅은 갈색,옅은갈
81,143,8,ko,초록색,초록색,초록
229,89,250,ko,분홍색,분홍색,분홍
91,236,36,ko,연두색,연두색,연두
89,251,236,ko,청록색,청록색,청록
25,98,144,ko,군청색,군청색,군청
143,138,181,ko,연보라,연보라색,연보라
62,195,152,ko,녹색,녹색,녹
219,124,87,ko,감색,감색,감
115,64,33,ko,갈색,갈색,갈
129,182,105,ko,옅은 초록,옅은 초록색,옅은초록
235,157,33,ko,주황색,주황색,주황
157,25,109,ko,적자색,적자색,적자
1,91,254,ko,청색,청색,청
38,174,9,ko,짙은 연두,짙은 연두색,짙은연두
161,83,17,ko,갈색,갈색,갈
140,123,95,ko,국방색,국방색,국방
29,98,49,ko,초록색,초록색,초록
223,24,152,ko,짙은 분홍,짙은 분홍색,짙은분홍
249,208,164,ko,베이지색,베이지색,베이지
114,125,252,ko,청자색,청자색,청자
73,149,37,ko,초록,초록색,초록
230,62,61,ko,빨강,빨강색,빨강
36,57,190,ko,파랑,파랑색,파랑
130,84,169,ko,연보라,연보라색,연보라
207,147,169,ko,분홍,분홍색,분홍
94,15,175,ko,보라,보라색,보라
56,254,76,ko,연두,연두색,연두
83,150,218,ko,하늘,하늘색,하늘
68,177,103,ko,초록,초록색,초록
113,37,11,ko,갈색,갈색,갈
89,210,224,ko,하늘,하늘색,하늘
6,77,23,ko,초록,초록색,초록
46,80,252,ko,파랑,파랑색,파랑
42,196,71,ko,초록,초록색,초록
112,44,89,ko,자주,자주색,자주
168,55,159,ko,분홍,분홍색,분홍
217,147,31,ko,갈색,갈색,갈
199,159,105,ko,살색,살색,살
92,119,5,ko,초록,초록색,초록
161,96,10,ko,갈색,갈색,갈
89,145,155,ko,청록,청록색,청록
202,97,112,ko,분홍,분홍색,분홍
164,230,151,ko,연두,연두색,연두
213,150,234,ko,연보라,연보라색,연보라
225,121,98,ko,연갈색,연갈색,연갈
247,34,100,ko,짙은분홍,짙은분홍색,짙은분홍
50,32,244,ko,파랑,파랑색,파랑
253,18,30,ko,빨강,빨강색,빨강
129,202,243,ko,하늘,하늘색,하늘
140,244,49,ko,연두,연두색,연두
164,35,114,ko,자주,자주색,자주
242,46,151,ko,분홍,분홍색,분홍
104,146,250,ko,하늘,하늘색,하늘
197,235,225,ko,연한청록,연한청록색,연청록
11,29,3,ko,검정,검정색,검정
217,195,205,ko,연분홍,연분홍색,연분홍
185,247,149,ko,연두색,연두색,연두
228,126,43,ko,주황색,주황색,주황
8,154,162,ko,청록색,청록색,청록
135,230,253,ko,하늘색,하늘색,하늘
45,11,197,ko,파란색,파란색,파랑
130,240,35,ko,초록색,초록색,초록
174,19,100,ko,자홍색,자홍색,자홍
236,205,36,ko,노랑색,노랑색,노랑
171,247,212,ko,연두색,연두색,연두
187,37,13,ko,담홍색,담홍색,담홍
243,35,81,ko,형광빨강색,형광빨강색,형광빨강
43,242,192,ko,연초록,연초록색,연초록
243,9,209,ko,자주색,자주색,자주
228,159,45,ko,탁한 주황,탁한 주황색,탁한주황
163,97,219,ko,보라,보라색,보라
24,42,158,ko,남색,남색,남
209,211,113,ko,풀색,풀색,풀
223,43,123,ko,핫핑크,핫핑크색,핫핑크
147,20,37,ko,검붉은색,검붉은색,검붉은
39,41,202,ko,파란색,파란색,파랑
225,114,222,ko,탁한 분홍색,탁한 분홍색,탁한분홍
103,80,140,ko,탁한 보라색,탁한 보라색,탁한보라
156,188,224,ko,흐린 하늘색,흐린 하늘색,흐린하늘
84,33,14,ko,고동색,고동색,고동
5,110,103,ko,청록색,청록색,청록
164,218,31,ko,연두색,연두색,연두
21,42,43,ko,검은색,검은색,검정
10,97,19,ko,청록색,청록색,청록
93,209,20,ko,진한연두색,진한연두색,진연두
184,149,240,ko,연보라색,연보라색,연보라
119,191,114,ko,에메랄드색,에메랄드색,에메랄드
194,58,1,ko,진빨강,진빨강색,진빨강
15,136,224,ko,밝은파랑,밝은파랑색,밝은파랑
102,12,152,ko,진보라,진보라색,진보라
102,228,249,ko,하늘색,하늘색,하늘
31,112,144,ko,진청색,진청색,진청
136,253,209,ko,밝은 에메랄드색,밝은 에메랄드색,밝은에메랄드
57,17,40,ko,진고동,진고동색,진고동
203,157,107,ko,황토색,황토색,황토
36,200,150,ko,에메랄드색,에메랄드색,에메랄드
92,87,105,ko,탁한 남색,탁한 남색,탁한남
101,80,25,ko,고동색,고동색,고동
236,246,191,ko,연노랑,연노랑색,연노랑
51,218,103,ko,녹색,녹색,녹
243,132,126,ko,코랄,코랄색,코랄
144,136,182,ko,탁한보라,탁한보라색,탁한보라
247,200,36,ko,진노랑,진노랑색,진노랑
123,68,101,ko,와인,와인색,와인
149,137,49,ko,진한 황토색,진한 황토색,진황토
74,172,154,ko,짙은 초록,짙은 초록색,짙은초록
161,109,10,ko,갈색,갈색,갈
185,175,227,ko,연보라,연보라색,연보라
126,151,100,ko,풀색,풀색,풀
61,70,249,ko,파랑,파랑색,파랑
169,107,60,ko,갈색,갈색,갈
227,135,239,ko,보라,보라색,보라
22,104,98,ko,짙은 초록,짙은 초록색,짙은초록
99,107,21,ko,겨자색,겨자색,겨자
133,1,126,ko,짙은 보라,짙은 보라색,짙은보라
249,201,209,ko,핑크햑,핑크햑색,핑크햑
204,95,4,ko,갈색,갈색,갈
59,7,130,ko,보라색,보라색,보라
12,82,59,ko,짙은녹색,짙은녹색,짙은녹
200,5,34,ko,붉은색,붉은색,붉은
46,62,176,ko,파랑색,파랑색,파랑
164,97,52,ko,갈색,갈색,갈
238,199,170,ko,살구색,살구색,살구
140,228,219,ko,하늘색,하늘색,하늘
92,111,199,ko,파랑색,파랑색,파랑
121,159,234,ko,파랑색,파랑색,파랑
27,181,91,ko,녹색,녹색,녹
137,1,255,ko,자주색,자주색,자주
98,196,18,ko,녹색,녹색,녹
237,118,62,ko,주황,주황색,주황
121,80,70,ko,갈색,갈색,갈
46,32,43,ko,검정,검정색,검정
237,190,224,ko,분홍,분홍색,분홍
66,133,164,ko,청남색,청남색,청남
246,217,75,ko,겨자,겨자색,겨자
254,183,21,ko,오렌지,오렌지색,오렌지
127,208,244,ko,하늘색,하늘색,하늘
85,99,142,ko,남색,남색,남
113,213,157,ko,연두,연두색,연두
129,98,163,ko,보라,보라색,보라
226,57,106,ko,빨강,빨강색,빨강
110,155,41,ko,연두색,연두색,연두
170,239,242,ko,하늘색,하늘색,하늘
107,151,120,ko,흰녹색,흰녹색,흰녹
213,217,6,ko,녹두색,녹두색,녹두
13,37,34,ko,어두운 청록색,어두운 청록색,어두운청록
106,87,0,ko,연갈색,연갈색,연갈
203,187,245,ko,연보라색,연보라색,연보라
57,68,198,ko,보라색,보라색,보라
71,87,143,ko,청보라색,청보라색,청보라
24,32,201,ko,남색,남색,남
218,252,205,ko,민트색,민트색,민트
239,175,181,ko,인디안블루,인디안블루색,인디안블루
87,73,247,ko,남색,남색,남
212,199,139,ko,황토색,황토색,황토
49,2,18,ko,곤색,곤색,곤
12,241,73,ko,형광연두,형광연두색,형광연두
137,237,42,ko,연두,연두색,연두
88,251,133,ko,형광연두,형광연두색,형광연두
127,136,7,ko,풀색,풀색,풀
205,152,189,ko,연보라색,연보라색,연보라
221,187,49,ko,누런색,누런색,누런
106,172,33,ko,녹색,녹색,녹
117,82,199,ko,보라색,보라색,보라
189,92,46,ko,적갈색,적갈색,적갈
98,2,33,ko,자주색,자주색,자주
145,94,100,ko,진한인디안핑크,진한인디안핑크색,진인디안핑크
162,76,54,ko,벽돌색,벽돌색,벽돌
217,255,128,ko,연연두색,연연두색,연연두
60,173,132,ko,청록색,청록색,청록
105,46,74,ko,적보라,적보라색,적보라
163,9,166,ko,바이올렛,바이올렛색,바이올렛
227,122,203,ko,핑크,핑크색,핑크
75,62,65,ko,어두운회색,어두운회색,어두운회
191,224,238,ko,하늘색,하늘색,하늘
130,108,145,ko,흐린보라,흐린보라색,흐린보라
5,188,75,ko,초록,초록색,초록
15,74,172,ko,파랑,파랑색,파랑
194,222,138,ko,연두,연두색,연두
244,147,121,ko,주황,주황색,주황
87,155,233,ko,밝은파랑,밝은파랑색,밝은파랑
169,163,223,ko,연보라,연보라색,연보라
36,63,117,ko,남색,남색,남
122,83,11,ko,갈색,갈색,갈
170,42,78,ko,벽돌색,벽돌색,벽돌
36,135,54,ko,초록,초록색,초록
83,150,137,ko,흐린쑥색,흐린쑥색,흐린쑥
228,154,39,ko,황토색,황토색,황토
33,204,249,ko,하늘색,하늘색,하늘
99,132,88,ko,쑥색,쑥색,쑥
38,95,76,ko,청록색,청록색,청록
22,84,112,ko,바다색,바다색,바다
46,33,108,ko,남보라색,남보라색,남보라
52,107,18,ko,짙은녹색,짙은녹색,짙은녹
164,68,167,ko,짙은보라,짙은보라색,짙은보라
250,251,67,ko,노란색,노란색,노랑
183,172,251,ko,엷은보라,엷은보라색,엷은보라
52,19,2,ko,검정,검정색,검정
98,227,229,ko,짙은하늘색,짙은하늘색,짙은하늘
110,100,213,ko,청보라,청보라색,청보라
78,154,251,ko,청색,청색,청
4,176,37,ko,녹색,녹색,녹
35,86,253,ko,파랑,파랑색,파랑
130,1,106,ko,붉은보라,붉은보라색,붉은보라
11,245,20,ko,연두색,연두색,연두
172,180,90,ko,짙은겨자,짙은겨자색,짙은겨자
252,56,4,ko,빨강,빨강색,빨강
224,129,199,ko,어두운분홍,어두운분홍색,어두운분홍
75,32,203,ko,군청색,군청색,군청
113,88,4,ko,고동색,고동색,고동
121,226,17,ko,연두,연두색,연두
4,41,78,ko,검정,검정색,검정
214,245,246,ko,옅은하늘,옅은하늘색,옅은하늘
38,115,84,ko,청록색,청록색,청록
135,11,20,ko,짙은갈색,짙은갈색,짙은갈
48,69,82,ko,진한회색,진한회색,진회
196,252,147,ko,엷은연두,엷은연두색,엷은연두
131,227,201,ko,에매랄드색,에매랄드색,에매랄드
129,94,214,ko,연보라색,연보라색,연보라
174,232,20,ko,연녹색,연녹색,연녹
150,43,10,ko,적황색,적황색,적황
139,156,75,ko,녹황색,녹황색,녹황
251,199,164,ko,살구색,살구색,살구
119,231,74,ko,연녹색,연녹색,연녹
12,227,130,ko,연옥색,연옥색,연옥
42,88,123,ko,군청색,군청색,군청
10,57,194,ko,파랑색,파랑색,파랑
120,38,184,ko,보라색,보라색,보라
177,154,33,ko,황토색,황토색,황토
202,127,143,ko,인디핑크,인디핑크색,인디핑크
135,55,215,ko,보라색,보라색,보라
83,217,99,ko,밝은 연두색,밝은 연두색,밝은연두
44,42,97,ko,남색,남색,남
42,33,170,ko,군청색,군청색,군청
118,185,164,ko,비색,비색,비
250,84,117,ko,밝은 핑크색,밝은 핑크색,밝은핑크
210,210,82,ko,겨자색,겨자색,겨자
254,174,129,ko,살구색,살구색,살구
77,107,155,ko,옅은 군청색,옅은 군청색,옅은군청
22,154,89,ko,초록색,초록색,초록
52,207,35,ko,밝은 초록색,밝은 초록색,밝은초록
155,217,240,ko,하늘색,하늘색,하늘
145,29,4,ko,벽돌색,벽돌색,벽돌
41,39,248,ko,파랑색,파랑색,파랑
214,99,37,ko,짙은주황색,짙은주황색,짙은주황
27,146,234,ko,바다색,바다색,바다
250,235,253,ko,옅은핑크색,옅은핑크색,옅은핑크
70,114,98,ko,짙은초록색,짙은초록색,짙은초록
159,130,57,ko,마호가니색,마호가니색,마호가니
251,149,35,ko,귤색,귤색,귤
244,121,253,ko,바이올렛,바이올렛색,바이올렛
250,203,97,ko,노랑색,노랑색,노랑
191,131,213,ko,보라색,보라색,보라
210,166,211,ko,제비꽃색,제비꽃색,제비꽃
13,100,55,ko,짙은 초록색,짙은 초록색,짙은초록
128,185,109,ko,옅은 연두색,옅은 연두색,옅은연두
159,224,2,ko,연두색,연두색,연두
112,117,206,ko,옅은 군청색,옅은 군청색,옅은군청
24,129,11,ko,초록색,초록색,초록
31,254,167,ko,에메랄드색,에메랄드색,에메랄드
128,83,86,ko,밤색,밤색,밤
239,58,151,ko,진분홍색,진분홍색,진분홍
69,30,19,ko,진밤색,진밤색,진밤
69,89,235,ko,밝은 군청색,밝은 군청색,밝은군청
58,29,118,ko,어두운 보라색,어두운 보라색,어두운보라
208,153,251,ko,연보라,연보라색,연보라
170,212,120,ko,탁한연두,탁한연두색,탁한연두
54,140,180,ko,바다파랑,바다파랑색,바다파랑
155,122,127,ko,연갈,연갈색,연갈
253,173,162,ko,살구,살구색,살구
168,213,72,ko,연두,연두색,연두
217,106,174,ko,핑크,핑크색,핑크
117,48,165,ko,보라,보라색,보라
111,154,148,ko,청록,청록색,청록
237,208,185,ko,살,살색,살
98,82,124,ko,어두운보라,어두운보라색,어두운보라
237,79,96,ko,다홍,다홍색,다홍
7,95,99,ko,진청록,진청록색,진청록
83,118,73,ko,회녹,회녹색,회녹
147,196,242,ko,하늘,하늘색,하늘
15,104,17,ko,진초록,진초록색,진초록
135,162,234,ko,진하늘,진하늘색,진하늘
170,247,9,ko,밝은연두,밝은연두색,밝은연두
14,52,134,ko,진파랑,진파랑색,진파랑
53,201,110,ko,초록,초록색,초록
164,10,110,ko,핫핑크,핫핑크색,핫핑크
107,47,18,ko,갈,갈색,갈
148,125,89,ko,진흙,진흙색,진흙
196,182,119,ko,황토,황토색,황토
68,38,34,ko,어두운적갈,어두운적갈색,어두운적갈
149,9,208,ko,밝은보라,밝은보라색,밝은보라
26,87,241,ko,밝은파랑,밝은파랑색,밝은파랑
131,248,252,ko,밝은하늘,밝은하늘색,밝은하늘
47,94,214,ko,탁한파랑,탁한파랑색,탁한파랑
247,122,40,ko,주황,주황색,주황
2,13,248,ko,파랑,파랑색,파랑
13,143,240,ko,바다,바다색,바다
61,166,31,ko,초록,초록색,초록
143,84,147,ko,탁한자주,탁한자주색,탁한자주
78,238,87,ko,연두,연두색,연두
188,86,193,ko,자주,자주색,자주
76,149,128,ko,청록,청록색,청록
6,179,84,ko,녹색,녹색,녹
161,182,184,ko,회색,회색,회
123,128,73,ko,풀잎색,풀잎색,풀잎
254,211,66,ko,노랑,노랑색,노랑
188,191,125,ko,밝은 풀잎색,밝은 풀잎색,밝은풀잎
51,73,40,ko,진녹색,진녹색,진녹
160,77,11,ko,갈색,갈색,갈
221,134,124,ko,밝은 갈색,밝은 갈색,밝은갈
154,28,147,ko,자주색,자주색,자주
212,26,7,ko,빨강,빨강색,빨강
110,214,139,ko,민트색,민트색,민트
153,121,106,ko,흙색,흙색,흙
112,124,67,ko,카키색,카키색,카키
106,213,219,ko,터키색,터키색,터키
248,134,180,ko,분홍색,분홍색,분홍
2,93,108,ko,청색,청색,청
178,34,245,ko,자주색,자주색,자주
69,72,211,ko,파란색,파란색,파랑
214,95,219,ko,진분홍색,진분홍색,진분홍
233,205,128,ko,"황토색, 누런색","황토색, 누런색","황토색,누런"
92,178,254,ko,하늘색,하늘색,하늘
43,102,48,ko,녹색,녹색,녹
205,183,227,ko,연보라색,연보라색,연보라
183,223,159,ko,풀색,풀색,풀
26,140,143,ko,청색,청색,청
18,46,44,ko,검은색,검은색,검정
134,26,171,ko,보라색,보라색,보라
115,117,222,ko,청색?,청색?색,청색?
240,200,27,ko,노란색,노란색,노랑
29,70,119,ko,남색,남색,남
224,9,147,ko,핫핑크색,핫핑크색,핫핑크
145,103,158,ko,진한 연보라색,진한 연보라색,진연보라
93,39,237,ko,청색?,청색?색,청색?
141,12,32,ko,붉은색,붉은색,붉은
14,37,146,ko,진청,진청색,진청
39,245,53,ko,연두,연두색,연두
193,101,185,ko,밝은 보라,밝은 보라색,밝은보라
218,179,99,ko,황색,황색,황
212,83,100,ko,진분홍,진분홍색,진분홍
163,128,175,ko,밝은 보라,밝은 보라색,밝은보라
115,104,5,ko,풀잎색,풀잎색,풀잎
86,36,79,ko,보라색,보라색,보라
26,15,36,ko,진한 곤색,진한 곤색,진곤
58,109,115,ko,어두운 파랑,어두운 파랑색,어두운파랑
51,242,135,ko,밝은 녹색,밝은 녹색,밝은녹
142,24,69,ko,붉은색,붉은색,붉은
63,73,31,ko,카키색,카키색,카키
65,196,164,ko,터키색,터키색,터키
14,180,79,ko,초록색,초록색,초록
182,219,241,ko,하늘색,하늘색,하늘
88,61,36,ko,갈색,갈색,갈
240,57,237,ko,핫핑크색,핫핑크색,핫핑크
131,143,184,ko,먹구름색,먹구름색,먹구름
163,191,164,ko,녹색,녹색,녹
252,189,165,ko,살색,살색,살
155,89,110,ko,팥색,팥색,팥
75,28,55,ko,나무색,나무색,나무
231,107,166,ko,분홍,분홍색,분홍
209,23,191,ko,다홍,다홍색,다홍
195,232,28,ko,밝은풀잎색,밝은풀잎색,밝은풀잎
10,127,213,ko,파랑,파랑색,파랑
29,65,90,ko,진파랑,진파랑색,진파랑
188,154,142,ko,밝은커피색,밝은커피색,밝은커피
222,42,129,ko,다홍,다홍색,다홍
32,10,77,ko,곤색,곤색,곤
21,172,200,ko,하늘색,하늘색,하늘
29,220,161,ko,밝은녹색,밝은녹색,밝은녹
235,8,60,ko,빨강,빨강색,빨강
30,130,67,ko,녹색,녹색,녹
194,122,97,ko,브라운,브라운색,브라운
121,193,11,ko,연두,연두색,연두
125,104,195,ko,보라,보라색,보라
168,185,73,ko,올리브,올리브색,올리브
183,120,141,ko,자주,자주색,자주
203,4,163,ko,진분홍,진분홍색,진분홍
202,110,45,ko,황토색,황토색,황토
43,159,117,ko,초록,초록색,초록
112,173,162,ko,쑥색,쑥색,쑥
236,20,99,ko,꽃분홍,꽃분홍색,꽃분홍
232,188,180,ko,연갈색,연갈색,연갈
76,220,160,ko,형광민트,형광민트색,형광민트
186,161,1,ko,금색,금색,금
1,82,253,ko,파란색,파란색,파랑
181,124,45,ko,황토색,황토색,황토
171,239,240,ko,하늘색,하늘색,하늘
154,11,49,ko,자주색,자주색,자주
134,234,98,ko,연두색,연두색,연두
252,33,132,ko,분홍색,분홍색,분홍
51,162,232,ko,바다색,바다색,바다
85,49,186,ko,보라색,보라색,보라
244,132,63,ko,주황색,주황색,주황
165,45,250,ko,보라색,보라색,보라
14,19,13,ko,검은색,검은색,검정
240,255,230,ko,에메랄드,에메랄드색,에메랄드
40,104,38,ko,풀색,풀색,풀
179,197,154,ko,회색빛연두,회색빛연두색,회색빛연두
117,90,150,ko,보라,보라색,보라
242,23,218,ko,보라,보라색,보라
141,218,136,ko,연두,연두색,연두
105,115,116,ko,회색,회색,회
179,40,164,ko,보라,보라색,보라
211,176,178,ko,탁한분홍,탁한분홍색,탁한분홍
56,40,89,ko,진한파랑,진한파랑색,진파랑
8,162,144,ko,비취,비취색,비취
104,79,3,ko,갈색,갈색,갈
92,59,69,ko,진한갈색,진한갈색,진갈
27,71,76,ko,진한녹색,진한녹색,진녹
245,161,153,ko,살색,살색,살
208,120,226,ko,연보라,연보라색,연보라
214,89,123,ko,진한분홍,진한분홍색,진분홍
253,68,5,ko,주홍,주홍색,주홍
251,220,88,ko,노란,노란색,노랑
29,99,175,ko,파란,파란색,파랑
223,237,157,ko,연두,연두색,연두
84,161,46,ko,녹색,녹색,녹
174,210,75,ko,연두,연두색,연두
121,46,19,ko,갈색,갈색,갈
148,163,39,ko,올리브,올리브색,올리브
249,182,186,ko,코럴 핑크,코럴 핑크색,코럴핑크
30,71,28,ko,국방색,국방색,국방
189,22,148,ko,마젠타,마젠타색,마젠타
31,192,73,ko,형광 녹색,형광 녹색,형광녹
219,89,92,ko,코럴 레드,코럴 레드색,코럴레드
151,76,252,ko,바이올렛,바이올렛색,바이올렛
152,70,27,ko,적갈색,적갈색,적갈
79,117,205,ko,파란색,파란색,파랑
252,157,127,ko,살구색,살구색,살구
44,237,239,ko,형광 하늘색,형광 하늘색,형광하늘
12,144,188,ko,파란색,파란색,파랑
3,61,181,ko,코발트 블루,코발트 블루색,코발트블루
234,122,172,ko,핑크,핑크색,핑크
2,52,133,ko,네이비,네이비색,네이비
104,63,140,ko,보라색,보라색,보라
207,222,43,ko,라임색,라임색,라임
71,104,100,ko,녹색,녹색,녹
43,63,89,ko,진청색,진청색,진청
168,171,212,ko,연보라색,연보라색,연보라
220,145,35,ko,귤색,귤색,귤
164,35,6,ko,적갈색,적갈색,적갈
76,24,193,ko,보랏빛 파랑,보랏빛 파랑색,보랏빛파랑
182,246,179,ko,연두색,연두색,연두
59,233,77,ko,형광 연두,형광 연두색,형광연두
69,17,148,ko,청보라색,청보라색,청보라
121,190,74,ko,녹색,녹색,녹
88,175,107,ko,녹색,녹색,녹
101,56,64,ko,적갈색,적갈색,적갈
119,8,55,ko,와인색,와인색,와인
179,153,63,ko,황갈색,황갈색,황갈
131,211,192,ko,연청록색,연청록색,연청록
223,253,119,ko,연라임색,연라임색,연라임
156,66,129,ko,바이올렛 레드,바이올렛 레드색,바이올렛레드
169,233,245,ko,하늘색,하늘색,하늘
143,134,63,ko,올리브색,올리브색,올리브
234,180,38,ko,노랑,노랑색,노랑
39,44,147,ko,울트라마린,울트라마린색,울트라마린
119,151,21,ko,연두색,연두색,연두
154,7,239,ko,보라,보라색,보라
91,72,109,ko,남보라,남보라색,남보라
193,79,123,ko,자주핑크,자주핑크색,자주핑크
125,12,106,ko,자주색,자주색,자주
178,228,228,ko,민트,민트색,민트
234,148,143,ko,인디핑크,인디핑크색,인디핑크
17,186,13,ko,형광그린,형광그린색,형광그린
56,139,57,ko,나뭇잎,나뭇잎색,나뭇잎
104,39,11,ko,고동색,고동색,고동
6,196,179,ko,청록색,청록색,청록
133,254,85,ko,연두색,연두색,연두
54,90,70,ko,초록색,초록색,초록
177,181,155,ko,회색,회색,회
78,187,111,ko,초록색,초록색,초록
204,175,27,ko,황갈색,황갈색,황갈
4,137,180,ko,파란색,파란색,파랑
152,45,126,ko,보라색,보라색,보라
8,238,28,ko,연두색,연두색,연두
165,111,135,ko,연보라색,연보라색,연보라
62,160,37,ko,풀색,풀색,풀
140,213,61,ko,연두색,연두색,연두
200,224,69,ko,연두색,연두색,연두
157,29,197,ko,보라색,보라색,보라
42,81,189,ko,파란색,파란색,파랑
82,37,184,ko,파란색,파란색,파랑
110,133,223,ko,파란색,파란색,파랑
62,37,121,ko,남색,남색,남
26,42,95,ko,남색,남색,남
176,255,245,ko,하늘색,하늘색,하늘
227,79,15,ko,빨간색,빨간색,빨강
156,104,204,ko,보라색,보라색,보라
174,70,15,ko,갈색,갈색,갈
201,128,112,ko,갈색,갈색,갈
225,32,107,ko,분홍색,분홍색,분홍
239,156,41,ko,주황색,주황색,주황
93,130,74,ko,풀색,풀색,풀
112,100,162,ko,파란색,파란색,파랑
194,186,110,ko,황토색,황토색,황토
222,145,200,ko,분홍색,분홍색,분홍
147,242,193,ko,연두색,연두색,연두
149,17,50,ko,갈색,갈색,갈
207,87,111,ko,분홍색,분홍색,분홍
7,223,133,ko,연두색,연두색,연두
175,178,220,ko,회색,회색,회
85,197,58,ko,연두색,연두색,연두
40,1,66,ko,진보라색,진보라색,진보라
218,58,163,ko,핑크색,핑크색,핑크
53,56,219,ko,파랑색,파랑색,파랑
185,239,176,ko,연한연두색,연한연두색,연연두
100,35,73,ko,자주색,자주색,자주
120,204,215,ko,하늘색,하늘색,하늘
205,112,37,ko,황토색,황토색,황토
62,37,146,ko,보라색,보라색,보라
248,94,115,ko,분홍색,분홍색,분홍
176,25,31,ko,벽돌색,벽돌색,벽돌
240,104,9,ko,주황색,주황색,주황
31,153,195,ko,청록,청록색,청록
36,28,72,ko,짙은 남,짙은 남색,짙은남
60,47,137,ko,보라에 가까운 파랑,보라에 가까운 파랑색,보라에가까운파랑
244,35,88,ko,빨강에 가까운 진한 핑크,빨강에 가까운 진한 핑크색,빨강에가까운진핑크
211,165,100,ko,황토,황토색,황토
237,253,85,ko,형광 노랑,형광 노랑색,형광노랑
201,101,180,ko,자주,자주색,자주
11,26,247,ko,센 파랑,센 파랑색,센파랑
18,90,207,ko,세룰리안 블루,세룰리안 블루색,세룰리안블루
158,180,105,ko,카키,카키색,카키
210,188,154,ko,베이지,베이지색,베이지
129,157,121,ko,휴 한 초록,휴 한 초록색,휴한초록
74,9,11,ko,짙은 마룬,짙은 마룬색,짙은마룬
227,198,68,ko,셋 노란,셋 노란색,셋노랑
167,221,47,ko,밝은 초록,밝은 초록색,밝은초록
125,57,245,ko,바이올렛,바이올렛색,바이올렛
87,166,166,ko,푸른 청록,푸른 청록색,푸른청록
16,95,31,ko,짙은 초록,짙은 초록색,짙은초록
215,80,139,ko,진한 핑크,진한 핑크색,진핑크
118,96,250,ko,푸른 바이올렛,푸른 바이올렛색,푸른바이올렛
148,164,48,ko,밝은 녹,밝은 녹색,밝은녹
201,185,236,ko,연한 보라,연한 보라색,연보라
170,226,207,ko,짙은 민트,짙은 민트색,짙은민트
115,105,46,ko,녹갈,녹갈색,녹갈
130,109,204,ko,연자주색,연자주색,연자주
162,156,32,ko,짙은노랑색,짙은노랑색,짙은노랑
132,15,133,ko,자주색,자주색,자주
244,8,228,ko,핑크색,핑크색,핑크
144,62,53,ko,밤색,밤색,밤
152,199,247,ko,코발트색,코발트색,코발트
211,218,127,ko,노랑색,노랑색,노랑
192,215,189,ko,회색,회색,회
80,254,180,ko,밝은초록색,밝은초록색,밝은초록
27,157,72,ko,초록색,초록색,초록
251,30,39,ko,빨강색,빨강색,빨강
226,56,218,ko,밝은 자주,밝은 자주색,밝은자주
117,87,105,ko,옅은 팥,옅은 팥색,옅은팥
42,208,32,ko,초록,초록색,초록
148,38,113,ko,붉은 자주,붉은 자주색,붉은자주
185,18,35,ko,짙은 빨강,짙은 빨강색,짙은빨강
143,40,169,ko,보라,보라색,보라
144,89,178,ko,옅은 보라,옅은 보라색,옅은보라
223,115,36,ko,주황,주황색,주황
49,242,146,ko,진한 민트,진한 민트색,진민트
251,175,150,ko,살구,살구색,살구
243,216,5,ko,셋 노란,셋 노란색,셋노랑
58,134,27,ko,짙은 초록,짙은 초록색,짙은초록
106,97,240,ko,연한보라색,연한보라색,연보라
29,139,201,ko,파랑색,파랑색,파랑
223,129,160,ko,분홍색,분홍색,분홍
37,160,146,ko,연한청녹색,연한청녹색,연청록
22,86,177,ko,연한남색,연한남색,연남
3,105,97,ko,청녹색,청녹색,청록
211,22,104,ko,진한분홍색,진한분홍색,진분홍
169,170,250,ko,코발트색,코발트색,코발트
243,225,83,ko,노랑색,노랑색,노랑
254,191,249,ko,연한분홍색,연한분홍색,연분홍
231,108,245,ko,분홍색,분홍색,분홍
141,89,32,ko,황토색,황토색,황토
248,52,218,ko,형광자주,형광자주색,형광자주
255,94,79,ko,다홍,다홍색,다홍
158,101,160,ko,보라,보라색,보라
236,157,89,ko,황토,황토색,황토
68,131,229,ko,파랑,파랑색,파랑
62,231,205,ko,연청록,연청록색,연청록
250,40,131,ko,자주,자주색,자주
2,86,152,ko,남색,남색,남
29,73,167,ko,곤색,곤색,곤
154,29,116,ko,자주,자주색,자주
87,47,202,ko,보라,보라색,보라
82,244,99,ko,연두,연두색,연두
244,163,197,ko,연분홍,연분홍색,연분홍
204,235,55,ko,연두,연두색,연두
184,249,205,ko,연청록,연청록색,연청록
36,86,69,ko,청록,청록색,청록
201,146,114,ko,살색,살색,살
17,175,121,ko,초록,초록색,초록
209,201,59,ko,연녹,연녹색,연녹
167,217,236,ko,하늘,하늘색,하늘
77,73,12,ko,카키,카키색,카키
63,17,11,ko,적록,적록색,적록
53,187,222,ko,하늘,하늘색,하늘
45,37,44,ko,진보라,진보라색,진보라
83,114,52,ko,진녹,진녹색,진녹
30,32,82,ko,군청,군청색,군청
158,83,32,ko,주홍,주홍색,주홍
227,157,25,ko,노랑,노랑색,노랑
73,115,122,ko,청록,청록색,청록
45,23,106,ko,군청,군청색,군청
247,108,33,ko,주황,주황색,주황
27,240,255,ko,하늘,하늘색,하늘
145,97,95,ko,진분홍,진분홍색,진분홍
180,57,48,ko,빨강,빨강색,빨강
84,184,38,ko,연두,연두색,연두
202,118,225,ko,보라,보라색,보라
87,63,224,ko,청보라,청보라색,청보라
195,113,2,ko,황갈색,황갈색,황갈
30,108,107,ko,청녹색,청녹색,청록
177,103,63,ko,갈색,갈색,갈
51,69,59,ko,진녹색,진녹색,진녹
90,223,101,ko,연두색,연두색,연두
85,168,142,ko,에메랄드색,에메랄드색,에메랄드
214,223,19,ko,녹두색,녹두색,녹두
251,78,23,ko,다홍색,다홍색,다홍
114,62,136,ko,보라색,보라색,보라
6,35,153,ko,군청색,군청색,군청
51,206,12,ko,초록색,초록색,초록
147,32,119,ko,자주색,자주색,자주
8,116,183,ko,파란색,파란색,파랑
252,124,125,ko,선홍색,선홍색,선홍
248,229,214,ko,상아색,상아색,상아
40,211,217,ko,소라색,소라색,소라
242,57,78,ko,빨간색,빨간색,빨강
139,21,34,ko,적갈색,적갈색,적갈
58,150,37,ko,녹색,녹색,녹
0,22,70,ko,남색,남색,남
152,178,177,ko,청회색,청회색,청회
5,236,163,ko,형광연두색,형광연두색,형광연두
160,105,138,ko,회분홍색,회분홍색,회분홍
62,147,82,ko,초록색,초록색,초록
56,240,238,ko,에메랄드색,에메랄드색,에메랄드
192,241,252,ko,민트색,민트색,민트
51,174,198,ko,청록색,청록색,청록
86,20,141,ko,보라색,보라색,보라
173,218,29,ko,연두색,연두색,연두
227,10,164,ko,자주색,자주색,자주
214,92,254,ko,형광보라색,형광보라색,형광보라
34,68,10,ko,진녹색,진녹색,진녹
45,151,241,ko,파란색,파란색,파랑
20,147,135,ko,청록색,청록색,청록
159,139,91,ko,연갈색,연갈색,연갈
79,78,95,ko,회갈색,회갈색,회갈
135,45,143,ko,보리색,보리색,보리
154,189,75,ko,연두색,연두색,연두
208,68,151,ko,핑크색,핑크색,핑크
233,131,13,ko,주황색,주황색,주황
18,98,66,ko,진녹색,진녹색,진녹
164,7,173,ko,보라색,보라색,보라
31,229,60,ko,형광녹색,형광녹색,형광녹
160,184,148,ko,파스텔색,파스텔색,파스텔
113,4,222,ko,보라색,보라색,보라
135,37,30,ko,버건디,버건디색,버건디
157,153,39,ko,녹갈색,녹갈색,녹갈
181,194,219,ko,연보라색,연보라색,연보라
197,45,98,ko,연빨간색,연빨간색,연빨강
1,197,76,ko,녹색,녹색,녹
132,98,19,ko,갈색,갈색,갈
147,242,162,ko,형광녹색,형광녹색,형광녹
113,71,128,ko,보라색,보라색,보라
104,110,98,ko,회색,회색,회
40,60,173,ko,파란색,파란색,파랑
31,135,186,ko,밝은청록색,밝은청록색,밝은청록
196,22,14,ko,빨간색,빨간색,빨강
43,1,28,ko,검은색,검은색,검정
65,126,254,ko,밝은파란색,밝은파란색,밝은파랑
21,78,14,ko,녹색,녹색,녹
128,194,99,ko,연두색,연두색,연두
230,61,217,ko,자홍색,자홍색,자홍
176,56,82,ko,빨간색,빨간색,빨강
89,57,118,ko,보라색,보라색,보라
51,176,4,ko,초록색,초록색,초록
155,245,210,ko,청록색,청록색,청록
111,54,239,ko,보라색,보라색,보라
24,156,209,ko,파란색,파란색,파랑
124,222,242,ko,하늘색,하늘색,하늘
189,172,223,ko,연보라색,연보라색,연보라
167,75,202,ko,보라색,보라색,보라
215,181,140,ko,베이지색,베이지색,베이지
120,254,19,ko,초록색,초록색,초록
187,198,98,ko,초원색,초원색,초원
193,136,161,ko,보라색,보라색,보라
54,189,176,ko,청록색,청록색,청록
10,30,44,ko,남색,남색,남
115,87,231,ko,보라색,보라색,보라
139,136,105,ko,회색,회색,회
49,29,9,ko,검붉은색,검붉은색,검붉은
22,21,118,ko,남색,남색,남
129,155,1,ko,초원색,초원색,초원
200,42,129,ko,자홍색,자홍색,자홍
81,147,164,ko,청록색,청록색,청록
141,78,16,ko,갈색,갈색,갈
219,243,240,ko,하늘색,하늘색,하늘
166,220,27,ko,연두색,연두색,연두
95,148,80,ko,녹색,녹색,녹
224,177,94,ko,연한 갈색,연한 갈색,연갈
186,252,147,ko,연두색,연두색,연두
245,210,5,ko,주황색,주황색,주황
240,249,38,ko,노란색,노란색,노랑
66,20,163,ko,보라색,보라색,보라
69,96,106,ko,회색,회색,회
62,114,207,ko,파란색,파란색,파랑
90,44,109,ko,보라,보라색,보라
104,65,21,ko,갈색,갈색,갈
99,58,253,ko,코발트블루,코발트블루색,코발트블루
159,159,29,ko,그리너리,그리너리색,그리너리
184,125,195,ko,연보라,연보라색,연보라
90,25,190,ko,청자색,청자색,청자
158,58,203,ko,라일락색,라일락색,라일락
76,105,167,ko,바다색,바다색,바다
71,218,248,ko,하늘색,하늘색,하늘
22,113,237,ko,파랑,파랑색,파랑
235,42,99,ko,진분홍,진분홍색,진분홍
122,209,75,ko,연두색,연두색,연두
209,150,176,ko,인디핑크,인디핑크색,인디핑크
113,86,213,ko,바이올렛,바이올렛색,바이올렛
152,34,134,ko,퍼플,퍼플색,퍼플
166,169,142,ko,올리브,올리브색,올리브
208,208,210,ko,연회색,연회색,연회
131,52,47,ko,붉은갈색,붉은갈색,붉은갈
63,64,49,ko,진녹색,진녹색,진녹
14,3,2,ko,진남색,진남색,진남
112,110,44,ko,올리브,올리브색,올리브
106,38,75,ko,자주색,자주색,자주
240,160,28,ko,개나리색,개나리색,개나리
201,99,106,ko,코랄,코랄색,코랄
99,206,49,ko,연두색,연두색,연두
112,72,128,ko,보라색,보라색,보라
225,99,88,ko,산호색,산호색,산호
233,161,28,ko,노란색,노란색,노랑
26,231,25,ko,형광연두색,형광연두색,형광연두
216,148,146,ko,인디언핑크,인디언핑크색,인디언핑크
206,155,250,ko,연보라색,연보라색,연보라
151,194,91,ko,연두색,연두색,연두
27,101,25,ko,녹색,녹색,녹
78,223,119,ko,청록색,청록색,청록
158,103,16,ko,똥색,똥색,똥
178,183,245,ko,연보라색,연보라색,연보라
170,165,137,ko,재색,재색,재
241,117,192,ko,분홍색,분홍색,분홍
73,6,23,ko,벽돌색,벽돌색,벽돌
139,52,152,ko,보라색,보라색,보라
146,99,95,ko,연한벽돌색,연한벽돌색,연벽돌
73,42,14,ko,짙은갈색,짙은갈색,짙은갈
101,135,172,ko,코발트블루,코발트블루색,코발트블루
94,188,159,ko,청록색,청록색,청록
16,27,112,ko,짙은파랑,짙은파랑색,짙은파랑
167,162,174,ko,회색,회색,회
46,68,61,ko,진초록,진초록색,진초록
77,82,116,ko,감색,감색,감
231,119,247,ko,형광핑크,형광핑크색,형광핑크
151,207,237,ko,하늘색,하늘색,하늘
57,175,248,ko,파란색,파란색,파랑
209,250,89,ko,형광연두색,형광연두색,형광연두
131,54,72,ko,벽돌색,벽돌색,벽돌
119,147,80,ko,올리브그린,올리브그린색,올리브그린
221,26,102,ko,핫핑크,핫핑크색,핫핑크
232,3,37,ko,빨간색,빨간색,빨강
23,212,227,ko,하늘색,하늘색,하늘
90,130,14,ko,녹색,녹색,녹
53,123,253,ko,파란색,파란색,파랑
211,150,190,ko,인디언핑크,인디언핑크색,인디언핑크
60,163,74,ko,풀색,풀색,풀
76,133,125,ko,청록색,청록색,청록
149,102,140,ko,라벤더,라벤더색,라벤더
60,112,18,ko,대나무색,대나무색,대나무
80,164,195,ko,바다색,바다색,바다
247,111,252,ko,분홍색,분홍색,분홍
253,49,155,ko,진달래색,진달래색,진달래
145,11,88,ko,자주색,자주색,자주
177,167,209,ko,연보라,연보라색,연보라
7,37,63,ko,남색,남색,남
66,248,216,ko,밝은청록색,밝은청록색,밝은청록
3,153,253,ko,파란색,파란색,파랑
249,3,120,ko,꽃분홍,꽃분홍색,꽃분홍
114,146,140,ko,풀색,풀색,풀
186,151,178,ko,흐린자주,흐린자주색,흐린자주
50,56,190,ko,남색,남색,남
183,202,86,ko,연구,연구색,연구
49,231,229,ko,하늘,하늘색,하늘
132,63,157,ko,보라,보라색,보라
51,207,84,ko,초록,초록색,초록
92,160,100,ko,풀색,풀색,풀
217,118,214,ko,자주,자주색,자주
104,135,180,ko,흐린남색,흐린남색,흐린남
174,44,68,ko,어두운빨강,어두운빨강색,어두운빨강
192,191,4,ko,흐린풀색,흐린풀색,흐린풀
151,28,245,ko,보라,보라색,보라
146,215,189,ko,녹색,녹색,녹
246,160,105,ko,주황,주황색,주황
59,87,92,ko,진한풀색,진한풀색,진풀
109,233,164,ko,연두,연두색,연두
33,127,42,ko,녹색,녹색,녹
206,219,176,ko,흐린초록,흐린초록색,흐린초록
222,12,9,ko,빨강,빨강색,빨강
142,194,209,ko,흐린파랑,흐린파랑색,흐린파랑
140,48,97,ko,자주,자주색,자주
195,104,152,ko,흐린자주,흐린자주색,흐린자주
181,144,221,ko,흐린보라,흐린보라색,흐린보라
251,62,189,ko,꽃분홍,꽃분홍색,꽃분홍
162,35,0,ko,진한빨강,진한빨강색,진빨강
9,37,45,ko,어두운풀색,어두운풀색,어두운풀
68,58,234,ko,꽃파랑,꽃파랑색,꽃파랑
248,101,140,ko,흐린분홍,흐린분홍색,흐린분홍
140,73,73,ko,갈색,갈색,갈
106,45,14,ko,고동색,고동색,고동
32,202,253,ko,하늘색,하늘색,하늘
74,4,38,ko,진한갈색,진한갈색,진갈
178,150,90,ko,풀색,풀색,풀
47,39,108,ko,남색,남색,남
39,23,232,ko,파랑,파랑색,파랑
156,236,238,ko,하늘색,하늘색,하늘
16,231,108,ko,초록색,초록색,초록
228,236,79,ko,연녹색,연녹색,연녹
249,147,67,ko,주황색,주황색,주황
48,74,44,ko,청록색,청록색,청록
81,75,194,ko,남색,남색,남
162,238,167,ko,연두색,연두색,연두
43,42,75,ko,군청색,군청색,군청
101,65,85,ko,갈색,갈색,갈
16,187,11,ko,초록색,초록색,초록
114,81,157,ko,보라색,보라색,보라
232,119,188,ko,분홍,분홍색,분홍
38,35,95,ko,남,남색,남
37,100,65,ko,풀,풀색,풀
190,153,19,ko,황토,황토색,황토
80,119,15,ko,올리브,올리브색,올리브
102,79,114,ko,보라,보라색,보라
5,219,167,ko,민트,민트색,민트
29,79,140,ko,파랑,파랑색,파랑
206,117,59,ko,주황,주황색,주황
18,72,221,ko,파랑,파랑색,파랑
74,156,234,ko,하늘,하늘색,하늘
236,89,135,ko,분홍,분홍색,분홍
153,69,219,ko,보라색,보라색,보라
126,41,131,ko,보라색,보라색,보라
150,60,49,ko,브라운,브라운색,브라운
117,110,141,ko,퍼플그레이,퍼플그레이색,퍼플그레이
90,20,25,ko,자주색,자주색,자주
229,152,103,ko,주황색,주황색,주황
39,175,250,ko,하늘색,하늘색,하늘
78,97,54,ko,카키색,카키색,카키
67,210,85,ko,연두,연두색,연두
20,12,127,ko,파랑,파랑색,파랑
187,34,70,ko,빨강,빨강색,빨강
1,70,21,ko,녹색,녹색,녹
144,74,69,ko,갈색,갈색,갈
125,146,236,ko,파란색,파란색,파랑
191,82,67,ko,주홍색,주홍색,주홍
5,107,26,ko,초록색,초록색,초록
178,30,237,ko,자주색,자주색,자주
220,123,173,ko,분홍색,분홍색,분홍
146,38,190,ko,보라색,보라색,보라
182,107,35,ko,갈색,갈색,갈
95,160,217,ko,하늘색,하늘색,하늘
2,132,120,ko,청록색,청록색,청록
64,59,217,ko,남색,남색,남
150,111,113,ko,연갈색,연갈색,연갈
43,138,174,ko,파랑,파랑색,파랑
95,214,58,ko,연두,연두색,연두
99,104,61,ko,올리브,올리브색,올리브
209,254,95,ko,연두,연두색,연두
160,177,104,ko,풀,풀색,풀
53,64,75,ko,남색,남색,남
198,44,67,ko,빨강,빨강색,빨강
241,143,12,ko,주황,주황색,주황
116,37,160,ko,보라,보라색,보라
247,202,106,ko,개나리,개나리색,개나리
103,189,151,ko,바다,바다색,바다
189,133,209,ko,연보라,연보라색,연보라
236,217,114,ko,노란색,노란색,노랑
90,248,186,ko,청록색,청록색,청록
132,100,11,ko,갈색,갈색,갈
154,3,101,ko,자주색,자주색,자주
237,126,244,ko,분홍색,분홍색,분홍
137,65,114,ko,자주색,자주색,자주
61,106,124,ko,청록색,청록색,청록
253,230,189,ko,살구색,살구색,살구
11,169,75,ko,초록색,초록색,초록
81,16,28,ko,진갈색,진갈색,진갈
30,231,14,ko,초록색,초록색,초록
187,148,115,ko,연갈색,연갈색,연갈
197,71,34,ko,빨강,빨강색,빨강
136,121,113,ko,갈색,갈색,갈
229,184,229,ko,연보라,연보라색,연보라
182,234,129,ko,연두,연두색,연두
15,22,132,ko,파랑,파랑색,파랑
97,26,24,ko,적갈색,적갈색,적갈
175,203,242,ko,하늘,하늘색,하늘
80,203,103,ko,연두,연두색,연두
200,247,201,ko,민트,민트색,민트
141,160,170,ko,회색,회색,회
217,17,169,ko,진분홍,진분홍색,진분홍
175,196,5,ko,풀색,풀색,풀
147,246,202,ko,연두,연두색,연두
106,186,140,ko,초록,초록색,초록
151,180,5,ko,올리브그린,올리브그린색,올리브그린
185,84,147,ko,핑크,핑크색,핑크
52,73,86,ko,청록,청록색,청록
232,122,137,ko,인디언핑크,인디언핑크색,인디언핑크
223,114,43,ko,주황,주황색,주황
201,8,186,ko,보라,보라색,보라
142,118,252,ko,보라,보라색,보라
38,74,255,ko,파랑,파랑색,파랑
61,53,119,ko,파랑,파랑색,파랑
117,114,181,ko,파랑,파랑색,파랑
165,228,128,ko,연녹색,연녹색,연녹
200,159,130,ko,연갈색,연갈색,연갈
27,226,5,ko,형광초록색,형광초록색,형광초록
34,235,233,ko,하늘색,하늘색,하늘
33,82,187,ko,진청색,진청색,진청
87,135,56,ko,쑥색,쑥색,쑥
69,141,157,ko,청회색,청회색,청회
9,76,28,ko,진녹색,진녹색,진녹
32,100,90,ko,녹회색,녹회색,녹회
40,41,234,ko,감청색,감청색,감청
162,121,124,ko,연고동색,연고동색,연고동
38,148,121,ko,청록색,청록색,청록
112,39,250,ko,파랑,파랑색,파랑
72,121,7,ko,초록,초록색,초록
219,208,5,ko,노랑,노랑색,노랑
34,213,139,ko,연두,연두색,연두
254,232,159,ko,노랑,노랑색,노랑
123,106,93,ko,밤색,밤색,밤
183,24,231,ko,보라,보라색,보라
218,33,120,ko,주홍,주홍색,주홍
55,156,64,ko,초록,초록색,초록
204,245,131,ko,연두,연두색,연두
40,243,32,ko,초록,초록색,초록
180,132,16,ko,브라운,브라운색,브라운
217,7,181,ko,진분홍색,진분홍색,진분홍
240,34,63,ko,빨간색,빨간색,빨강
2,37,81,ko,청회색,청회색,청회
148,128,179,ko,연보라색,연보라색,연보라
17,43,181,ko,코발트색,코발트색,코발트
218,212,22,ko,노란색,노란색,노랑
140,36,97,ko,자주색,자주색,자주
90,7,40,ko,갈색,갈색,갈
29,57,40,ko,국방색,국방색,국방
159,208,64,ko,연두색,연두색,연두
213,114,223,ko,연분홍색,연분홍색,연분홍
226,214,188,ko,크림색,크림색,크림
147,33,220,ko,보라색,보라색,보라
29,184,58,ko,초록색,초록색,초록
135,145,123,ko,회녹색,회녹색,회녹
169,105,70,ko,황갈색,황갈색,황갈
77,77,93,ko,회색,회색,회
98,74,137,ko,청보라색,청보라색,청보라
17,35,123,ko,남색,남색,남
70,90,8,ko,쑥색,쑥색,쑥
165,171,97,ko,황록색,황록색,황록
247,131,102,ko,살구색,살구색,살구
66,192,226,ko,하늘색,하늘색,하늘
251,25,255,ko,형광분홍색,형광분홍색,형광분홍
191,114,57,ko,번트 시에나,번트 시에나색,번트시에나
162,247,127,ko,형광 연두,형광 연두색,형광연두
91,106,14,ko,올리브 그린,올리브 그린색,올리브그린
97,241,253,ko,터키쉬 블루,터키쉬 블루색,터키쉬블루
196,247,252,ko,하늘색,하늘색,하늘
13,151,1,ko,샙 그린,샙 그린색,샙그린
246,144,144,ko,살몬 핑크,살몬 핑크색,살몬핑크
166,172,49,ko,그리니쉬 옐로우,그리니쉬 옐로우색,그리니쉬옐로우
63,81,197,ko,코발트 블루,코발트 블루색,코발트블루
199,238,161,ko,파스텔 연두,파스텔 연두색,파스텔연두
66,76,51,ko,세피아,세피아색,세피아
9,31,149,ko,울트라마린,울트라마린색,울트라마린
57,56,94,ko,인디고,인디고색,인디고
8,229,41,ko,초록,초록색,초록
156,60,28,ko,라이트 레드,라이트 레드색,라이트레드
177,135,41,ko,로우 엄버,로우 엄버색,로우엄버
236,194,74,ko,라이트 엄버,라이트 엄버색,라이트엄버
123,75,146,ko,퍼너먼트 바이올렛,퍼너먼트 바이올렛색,퍼너먼트바이올렛
66,186,167,ko,민트,민트색,민트
26,173,210,ko,하늘색,하늘색,하늘
18,106,69,ko,비리디안,비리디안색,비리디안
129,10,155,ko,형광 보라,형광 보라색,형광보라
109,76,49,ko,초콜릿,초콜릿색,초콜릿
144,192,156,ko,옥빛,옥빛색,옥빛
226,109,32,ko,주황,주황색,주황
198,177,157,ko,연갈색,연갈색,연갈
208,71,67,ko,퍼머넌트 레드,퍼머넌트 레드색,퍼머넌트레드
195,116,237,ko,파스텔 보라,파스텔 보라색,파스텔보라
65,212,129,ko,초록,초록색,초록
51,59,134,ko,남색,남색,남
8,60,77,ko,곤색,곤색,곤
123,39,213,ko,보라색,보라색,보라
108,45,62,ko,레드 브라운,레드 브라운색,레드브라운
227,236,86,ko,형광 노랑,형광 노랑색,형광노랑
245,155,3,ko,퍼머넌트 옐로우 딥,퍼머넌트 옐로우 딥색,퍼머넌트옐로우딥
184,141,149,ko,밝은 다홍,밝은 다홍색,밝은다홍
42,99,67,ko,초록색,초록색,초록
234,213,157,ko,살구색,살구색,살구
150,103,114,ko,적보라색,적보라색,적보라
88,205,240,ko,하늘색,하늘색,하늘
111,152,24,ko,연두색,연두색,연두
240,137,59,ko,주황색,주황색,주황
217,177,19,ko,노란색,노란색,노랑
111,110,149,ko,남색,남색,남
148,32,19,ko,갈색,갈색,갈
38,146,213,ko,하늘색,하늘색,하늘
26,28,128,ko,파란색,파란색,파랑
75,198,177,ko,민트색,민트색,민트
17,9,210,ko,파란색,파란색,파랑
15,244,136,ko,하늘색,하늘색,하늘
59,61,56,ko,검정색,검정색,검정
11,14,61,ko,남색,남색,남
150,135,41,ko,갈색,갈색,갈
106,10,156,ko,청보라색,청보라색,청보라
184,29,214,ko,적보라색,적보라색,적보라
149,194,26,ko,연두색,연두색,연두
149,47,140,ko,적보라색,적보라색,적보라
61,85,207,ko,파란색,파란색,파랑
254,180,199,ko,분홍색,분홍색,분홍
76,228,18,ko,연두색,연두색,연두
121,35,60,ko,갈색,갈색,갈
55,93,175,ko,파란색,파란색,파랑
217,117,241,ko,연보라색,연보라색,연보라
155,180,137,ko,연두색,연두색,연두
247,183,112,ko,살구색,살구색,살구
247,113,173,ko,분홍색,분홍색,분홍
160,67,121,ko,보러색,보러색,보러
19,119,148,ko,청록색,청록색,청록
204,214,212,ko,회색,회색,회
23,186,92,ko,초록색,초록색,초록
55,29,16,ko,검정색,검정색,검정
199,27,164,ko,보라색,보라색,보라
222,251,243,ko,하늘색,하늘색,하늘
97,164,105,ko,진녹색,진녹색,진녹
218,150,109,ko,갈색,갈색,갈
135,244,69,ko,연두색,연두색,연두
220,99,169,ko,자주색,자주색,자주
7,243,61,ko,초록색,초록색,초록
166,134,39,ko,황토색,황토색,황토
103,58,29,ko,고동색,고동색,고동
68,115,32,ko,진녹색,진녹색,진녹
200,190,114,ko,연갈색,연갈색,연갈
148,74,101,ko,자주색,자주색,자주
121,25,167,ko,보라색,보라색,보라
219,218,97,ko,노란색,노란색,노랑
130,186,13,ko,녹색,녹색,녹
102,71,241,ko,파란색,파란색,파랑
202,44,116,ko,자주색,자주색,자주
2,75,172,ko,남색,남색,남
240,108,28,ko,주황색,주황색,주황
132,97,231,ko,보라색,보라색,보라
150,175,64,ko,카키색,카키색,카키
212,44,19,ko,빨간색,빨간색,빨강
140,251,198,ko,민트색,민트색,민트
151,162,158,ko,회색,회색,회
43,229,142,ko,청록색,청록색,청록
83,171,246,ko,파란색,파란색,파랑
247,241,188,ko,베이지색,베이지색,베이지
13,70,24,ko,진녹색,진녹색,진녹
255,130,109,ko,주황색,주황색,주황
241,133,157,ko,분홍색,분홍색,분홍
229,183,206,ko,연보라색,연보라색,연보라
87,129,216,ko,파란색,파란색,파랑
76,69,95,ko,남색,남색,남
59,178,83,ko,초록색,초록색,초록
73,78,37,ko,고동색,고동색,고동
133,138,170,ko,군청색,군청색,군청
184,188,250,ko,연보라색,연보라색,연보라
8,30,136,ko,남색,남색,남
51,154,117,ko,옅은 녹색,옅은 녹색,옅은녹
226,151,136,ko,옅은 다홍색,옅은 다홍색,옅은다홍
110,157,54,ko,짙은 연두색,짙은 연두색,짙은연두
141,78,192,ko,밝은 보라색,밝은 보라색,밝은보라
54,230,70,ko,형광연두색,형광연두색,형광연두
8,14,25,ko,검정색,검정색,검정
219,32,164,ko,밝은자주색,밝은자주색,밝은자주
216,209,60,ko,겨자색,겨자색,겨자
214,25,213,ko,자주색,자주색,자주
152,192,214,ko,옅은하늘색,옅은하늘색,옅은하늘
118,75,15,ko,갈색,갈색,갈
153,238,76,ko,형광연두색,형광연두색,형광연두
254,238,29,ko,밝은 노란색,밝은 노란색,밝은노랑
207,72,25,ko,밝은 적색,밝은 적색,밝은적
242,162,56,ko,황토 주황색,황토 주황색,황토주황
173,175,226,ko,연보라색,연보라색,연보라
233,94,158,ko,어두운 핑크색,어두운 핑크색,어두운핑크
141,17,205,ko,밝은 보라색,밝은 보라색,밝은보라
94,92,70,ko,군색,군색,군
31,187,191,ko,짙은 에메랄드색,짙은 에메랄드색,짙은에메랄드
128,37,55,ko,적색,적색,적
218,166,96,ko,황토색,황토색,황토
69,8,48,ko,어두운 갈색,어두운 갈색,어두운갈
187,247,197,ko,"채도 낮은 연두색,파스텔톤 연두색, 에메랄드색","채도 낮은 연두색,파스텔톤 연두색, 에메랄드색","채도낮은연두색,파스텔톤연두색,에메랄드"
203,168,175,ko,탁한 팥색,탁한 팥색,탁한팥
92,66,244,ko,선명한 파란남색,선명한 파란남색,선명한파랑남
176,143,28,ko,진한 겨자색,진한 겨자색,진겨자
254,186,224,ko,차분한 분홍색,차분한 분홍색,차분한분홍
211,96,218,ko,밝은 보라색,밝은 보라색,밝은보라
152,184,23,ko,진한 연두색. 잔디색,진한 연두색. 잔디색,진연두색.잔디
101,144,242,ko,진한 하늘색,진한 하늘색,진하늘
44,119,111,ko,"밝은 청록색 , 파스텔톤 녹색","밝은 청록색 , 파스텔톤 녹색","밝은청록색,파스텔톤녹"
220,104,87,ko,탁한 주황빨강,탁한 주황빨강색,탁한주황빨강
5,174,233,ko,하늘색,하늘색,하늘
161,64,137,ko,자주색,자주색,자주
85,127,234,ko,파랑색,파랑색,파랑
3,116,162,ko,남색,남색,남
249,201,227,ko,분홍색,분홍색,분홍
251,207,181,ko,살구색,살구색,살구
145,245,9,ko,초록색,초록색,초록
44,244,235,ko,하늘색,하늘색,하늘
61,1,13,ko,고동색,고동색,고동
215,74,59,ko,빨간색,빨간색,빨강
7,66,188,ko,파란색,파란색,파랑
203,130,29,ko,갈색,갈색,갈
235,158,207,ko,분홍색,분홍색,분홍
109,179,239,ko,하늘색,하늘색,하늘
143,216,179,ko,연두색,연두색,연두
138,26,61,ko,자주색,자주색,자주
204,192,175,ko,황토색,황토색,황토
60,158,104,ko,녹색,녹색,녹
171,79,5,ko,갈색,갈색,갈
229,149,60,ko,오렌지,오렌지색,오렌지
209,172,9,ko,황토색,황토색,황토
179,88,109,ko,자주색,자주색,자주
46,192,176,ko,에메랄드색,에메랄드색,에메랄드
7,243,48,ko,녹색,녹색,녹
77,150,205,ko,어두운하늘색,어두운하늘색,어두운하늘
167,95,78,ko,갈색,갈색,갈
216,20,58,ko,다홍색,다홍색,다홍
82,58,140,ko,진보라색,진보라색,진보라
170,155,249,ko,연보라색,연보라색,연보라
125,224,115,ko,연두색,연두색,연두
27,32,88,ko,남색,남색,남
126,111,169,ko,어두운보라색,어두운보라색,어두운보라
144,174,121,ko,풀색,풀색,풀
25,213,166,ko,민트색,민트색,민트
160,39,225,ko,보라색,보라색,보라
145,184,40,ko,어두운연두색,어두운연두색,어두운연두
32,121,9,ko,짙은녹색,짙은녹색,짙은녹
143,43,59,ko,자주색,자주색,자주
225,23,201,ko,분홍색,분홍색,분홍
126,123,98,ko,고동색,고동색,고동
19,103,236,ko,파란색,파란색,파랑
195,154,89,ko,황토색,황토색,황토
195,91,236,ko,연보라색,연보라색,연보라
46,211,38,ko,연두색,연두색,연두
211,57,154,ko,자주색,자주색,자주
73,116,90,ko,녹색,녹색,녹
156,233,157,ko,풀잎색,풀잎색,풀잎
255,39,193,ko,마젠타,마젠타색,마젠타
10,191,120,ko,청록,청록색,청록
153,190,41,ko,올리브,올리브색,올리브
219,65,120,ko,다홍,다홍색,다홍
36,37,74,ko,남색,남색,남
51,148,213,ko,파랑,파랑색,파랑
35,22,233,ko,군청색,군청색,군청
92,5,86,ko,진보라,진보라색,진보라
222,190,235,ko,연보라색,연보라색,연보라
3,52,171,ko,파란색,파란색,파랑
128,214,24,ko,녹색,녹색,녹
207,206,14,ko,금색,금색,금
224,201,179,ko,베이지색,베이지색,베이지
111,19,79,ko,자주색,자주색,자주
238,135,124,ko,복숭아색,복숭아색,복숭아
254,115,49,ko,주황색,주황색,주황
141,232,230,ko,청록색,청록색,청록
40,244,85,ko,연두색,연두색,연두
78,32,19,ko,갈색,갈색,갈
177,160,217,ko,연보라,연보라색,연보라
193,237,0,ko,라임,라임색,라임
251,100,8,ko,오렌지,오렌지색,오렌지
138,151,76,ko,국방,국방색,국방
104,92,81,ko,고동,고동색,고동
244,125,167,ko,인디안핑크,인디안핑크색,인디안핑크
153,32,162,ko,보라,보라색,보라
104,176,83,ko,녹색,녹색,녹
252,205,57,ko,노랑,노랑색,노랑
194,188,134,ko,베이지골드,베이지골드색,베이지골드
68,191,158,ko,청록,청록색,청록
193,6,218,ko,자주 보라,자주 보라색,자주보라
189,153,7,ko,황토골드,황토골드색,황토골드
90,136,162,ko,흐리고 어두운 바다,흐리고 어두운 바다색,흐리고어두운바다
183,117,190,ko,소프트 핑크 보라,소프트 핑크 보라색,소프트핑크보라
217,98,59,ko,채도와 명도가 높은 주황,채도와 명도가 높은 주황색,채도와명도가높은주황
222,167,142,ko,소프트한 감색에 가까운 상아색,소프트한 감색에 가까운 상아색,소프트한감색에가까운상아
123,158,255,ko,쪽 빛 하늘에 가까운 파랑,쪽 빛 하늘에 가까운 파랑색,쪽빛하늘에가까운파랑
71,117,36,ko,진한 숲과 식물의 싱싱한 색,진한 숲과 식물의 싱싱한 색,진숲과식물의싱싱한
111,81,201,ko,크리미한 보라색,크리미한 보라색,크리미한보라
22,231,230,ko,시안,시안색,시안
16,228,109,ko,시안이 섞여서 채도가 높은 녹색,시안이 섞여서 채도가 높은 녹색,시안이섞여서채도가높은녹
50,167,14,ko,녹색,녹색,녹
11,16,79,ko,보라기운이 미세한 남색,보라기운이 미세한 남색,보라기운이미세한남
28,225,225,ko,청록,청록색,청록
148,25,206,ko,보라,보라색,보라
219,72,182,ko,자주,자주색,자주
137,209,151,ko,녹색,녹색,녹
31,172,217,ko,파랑,파랑색,파랑
13,19,51,ko,검은색,검은색,검정
227,187,246,ko,옅은보라,옅은보라색,옅은보라
76,70,221,ko,모름,모름색,모름
197,25,190,ko,자주,자주색,자주
95,26,126,ko,보라,보라색,보라
81,19,233,ko,보라,보라색,보라
40,0,164,ko,남색,남색,남
117,237,7,ko,연두,연두색,연두
228,217,74,ko,노랑,노랑색,노랑
105,30,69,ko,자주,자주색,자주
172,159,249,ko,보라,보라색,보라
152,104,136,ko,보라,보라색,보라
172,182,114,ko,연녹,연녹색,연녹
91,171,5,ko,녹,녹색,녹
11,197,7,ko,녹색,녹색,녹
192,1,41,ko,빨강,빨강색,빨강
68,130,79,ko,진록,진록색,진록
254,199,75,ko,노랑,노랑색,노랑
241,59,151,ko,분홍,분홍색,분홍
12,18,131,ko,남색,남색,남
224,35,8,ko,빨강,빨강색,빨강
45,109,183,ko,파랑,파랑색,파랑
253,189,171,ko,살색,살색,살
150,60,136,ko,보라,보라색,보라
76,62,136,ko,남색,남색,남
187,209,194,ko,연녹,연녹색,연녹
152,83,24,ko,갈색,갈색,갈
186,234,64,ko,연두,연두색,연두
41,243,118,ko,청록,청록색,청록
223,89,108,ko,분홍,분홍색,분홍
77,154,62,ko,녹색,녹색,녹
52,65,96,ko,군청색,군청색,군청
169,163,193,ko,아이보리색,아이보리색,아이보리
23,154,65,ko,초록색,초록색,초록
241,204,157,ko,베이지색,베이지색,베이지
204,93,201,ko,진한분홍색,진한분홍색,진분홍
121,75,64,ko,군밤색,군밤색,군밤
150,202,78,ko,연두색,연두색,연두
197,98,12,ko,연한갈색,연한갈색,연갈
5,72,155,ko,파란색,파란색,파랑
144,136,29,ko,군대색,군대색,군대
101,9,210,ko,쨍한보라색,쨍한보라색,쨍한보라
112,117,71,ko,카키색,카키색,카키
162,126,185,ko,연한보라색,연한보라색,연보라
167,36,207,ko,쨍한보라색,쨍한보라색,쨍한보라
53,247,1,ko,형광색,형광색,형광
70,103,226,ko,힘없는파란색,힘없는파란색,힘없는파랑
63,245,161,ko,풀색,풀색,풀
124,202,243,ko,진한하늘색,진한하늘색,진하늘
224,93,64,ko,진한오렌지,진한오렌지색,진오렌지
152,37,133,ko,보라색,보라색,보라
113,150,238,ko,연한파란색,연한파란색,연파랑
236,226,238,ko,연한아이보리색,연한아이보리색,연아이보리
125,87,6,ko,똥색,똥색,똥
104,46,1,ko,갈색,갈색,갈
98,47,110,ko,진한보라색,진한보라색,진보라
121,251,107,ko,풀색,풀색,풀
221,149,32,ko,오렌지에가까운갈색,오렌지에가까운갈색,오렌지에가까운갈
20,205,209,ko,쨍한스카이색,쨍한스카이색,쨍한스카이
251,143,219,ko,분홍색,분홍색,분홍
105,157,157,ko,걸레빤물색,걸레빤물색,걸레빤물
6,245,217,ko,민트색,민트색,민트
21,119,87,ko,진한초록색,진한초록색,진초록
103,110,108,ko,진한회색,진한회색,진회
133,224,177,ko,연한민트색,연한민트색,연민트
113,153,67,ko,연한군청색,연한군청색,연군청
239,27,200,ko,쨍한분홍색,쨍한분홍색,쨍한분홍
89,78,220,ko,제비꽃색,제비꽃색,제비꽃
160,178,78,ko,풀색,풀색,풀
110,233,158,ko,민트색,민트색,민트
169,99,53,ko,갈색,갈색,갈
81,246,66,ko,형광연두색,형광연두색,형광연두
241,21,40,ko,빨간색,빨간색,빨강
23,91,207,ko,파란색,파란색,파랑
250,187,183,ko,복숭아색,복숭아색,복숭아
81,200,61,ko,연두색,연두색,연두
250,121,243,ko,분홍색,분홍색,분홍
84,249,242,ko,형광하늘색,형광하늘색,형광하늘
150,113,101,ko,탁한갈색,탁한갈색,탁한갈
228,161,23,ko,황토색,황토색,황토
145,226,41,ko,연두색,연두색,연두
14,186,209,ko,흐린하늘색,흐린하늘색,흐린하늘
206,237,113,ko,파스텔연두색,파스텔연두색,파스텔연두
221,32,221,ko,진홍색,진홍색,진홍
11,94,62,ko,진녹색,진녹색,진녹
134,19,242,ko,형광보라색,형광보라색,형광보라
101,4,78,ko,와인색,와인색,와인
135,51,84,ko,말린장미색,말린장미색,말린장미
81,51,70,ko,홍갈색,홍갈색,홍갈
44,143,139,ko,청록색,청록색,청록
171,145,74,ko,올리브색,올리브색,올리브
182,2,67,ko,탁한빨간색,탁한빨간색,탁한빨강
113,73,170,ko,모닝글로리색,모닝글로리색,모닝글로리
192,213,215,ko,회색하늘색,회색하늘색,회색하늘
202,188,237,ko,바랜보라색,바랜보라색,바랜보라
22,118,186,ko,맑은하늘색,맑은하늘색,맑은하늘
12,30,91,ko,군청색,군청색,군청
44,63,90,ko,깊은물색,깊은물색,깊은물
102,94,157,ko,푸른보라색,푸른보라색,푸른보라
221,84,23,ko,주황색,주황색,주황
13,145,5,ko,녹색,녹색,녹
101,179,109,ko,바랜녹색,바랜녹색,바랜녹
218,113,112,ko,밝은말린장미색,밝은말린장미색,밝은말린장미
237,91,82,ko,다홍색,다홍색,다홍
81,204,32,ko,연두색,연두색,연두
6,132,221,ko,파란색,파란색,파랑
98,67,111,ko,보라색,보라색,보라
148,99,114,ko,탁한보라색,탁한보라색,탁한보라
251,80,23,ko,주황색,주황색,주황
167,83,143,ko,붉은보라색,붉은보라색,붉은보라
90,93,43,ko,국방색,국방색,국방
144,199,164,ko,에메랄드색,에메랄드색,에메랄드
230,229,252,ko,연보라색,연보라색,연보라
58,63,43,ko,쑥색,쑥색,쑥
97,7,65,ko,적홍색,적홍색,적홍
149,221,114,ko,연녹색,연녹색,연녹
21,164,195,ko,세루리안블루,세루리안블루색,세루리안블루
207,169,96,ko,황토색,황토색,황토
34,57,67,ko,군청색,군청색,군청
202,212,137,ko,옅은카키색,옅은카키색,옅은카키
35,91,73,ko,짙은녹색,짙은녹색,짙은녹
226,111,151,ko,오페라,오페라색,오페라
110,136,127,ko,탁한카키색,탁한카키색,탁한카키
20,126,75,ko,녹색,녹색,녹
106,137,75,ko,카키색,카키색,카키
159,221,16,ko,연두색,연두색,연두
176,151,201,ko,연보라색,연보라색,연보라
99,102,148,ko,연한 남색,연한 남색,연남
209,160,60,ko,옐로브라운,옐로브라운색,옐로브라운
40,174,5,ko,라이트그린,라이트그린색,라이트그린
126,212,133,ko,에메랄드,에메랄드색,에메랄드
92,19,60,ko,자색,자색,자
209,88,171,ko,진분홍,진분홍색,진분홍
143,79,39,ko,엄버,엄버색,엄버
50,0,187,ko,남색,남색,남
75,97,20,ko,올리브그린,올리브그린색,올리브그린
31,55,116,ko,인디고,인디고색,인디고
229,23,95,ko,홍색,홍색,홍
44,66,179,ko,코발트블루,코발트블루색,코발트블루
45,58,161,ko,남색,남색,남
152,97,52,ko,짙은황토색,짙은황토색,짙은황토
24,11,100,ko,감청색,감청색,감청
58,3,195,ko,아쿠아블루,아쿠아블루색,아쿠아블루
149,68,211,ko,보라색,보라색,보라
229,147,142,ko,탁한핑크색,탁한핑크색,탁한핑크
105,31,21,ko,갈색,갈색,갈
144,192,224,ko,탁한하늘색,탁한하늘색,탁한하늘
224,104,224,ko,꽃분홍색,꽃분홍색,꽃분홍
232,173,65,ko,귤색,귤색,귤
28,246,247,ko,사이언,사이언색,사이언
247,18,97,ko,오페라,오페라색,오페라
77,96,83,ko,카키,카키색,카키
73,154,231,ko,셀룰리안블루,셀룰리안블루색,셀룰리안블루
221,181,184,ko,미스티로즈,미스티로즈색,미스티로즈
192,52,206,ko,퍼플,퍼플색,퍼플
243,92,58,ko,오렌지,오렌지색,오렌지
233,98,98,ko,홍색,홍색,홍
165,183,222,ko,벽청,벽청색,벽청
10,165,100,ko,초록,초록색,초록
160,120,201,ko,회보라,회보라색,회보라
8,228,43,ko,라이트그린,라이트그린색,라이트그린
5,27,50,ko,다크인디고,다크인디고색,다크인디고
7,194,169,ko,민트,민트색,민트
211,184,7,ko,골드옐로,골드옐로색,골드옐로
4,80,49,ko,새크라멘토,새크라멘토색,새크라멘토
188,232,15,ko,연두,연두색,연두
145,79,83,ko,적토,적토색,적토
153,15,123,ko,보라,보라색,보라
132,168,95,ko,유청,유청색,유청
213,236,188,ko,민트,민트색,민트
54,251,137,ko,라이트그린,라이트그린색,라이트그린
197,82,122,ko,진홍,진홍색,진홍
53,199,246,ko,스카이블루,스카이블루색,스카이블루
210,10,154,ko,진분홍,진분홍색,진분홍
16,89,106,ko,감색,감색,감
190,179,197,ko,연보라,연보라색,연보라
130,232,25,ko,형광 연두,형광 연두색,형광연두
91,105,220,ko,연한 남색,연한 남색,연남
89,177,155,ko,에메랄드,에메랄드색,에메랄드
57,215,225,ko,형광 하늘색,형광 하늘색,형광하늘
114,84,144,ko,약간 짙은 보라,약간 짙은 보라색,약간짙은보라
133,246,163,ko,형광 에메랄드,형광 에메랄드색,형광에메랄드
69,138,167,ko,푸른 청록색,푸른 청록색,푸른청록
149,46,138,ko,밝은 보라색,밝은 보라색,밝은보라
203,118,206,ko,보랏빛 분홍색,보랏빛 분홍색,보랏빛분홍
4,176,91,ko,약간 밝은 초록색,약간 밝은 초록색,약간밝은초록
126,126,131,ko,회색,회색,회
138,160,118,ko,카키색,카키색,카키
108,45,230,ko,보라색,보라색,보라
150,71,214,ko,밝은 보라색,밝은 보라색,밝은보라
19,29,95,ko,짙은 남색,짙은 남색,짙은남
136,24,10,ko,짙은 빨간색,짙은 빨간색,짙은빨강
237,80,108,ko,약간 짙은 분홍색,약간 짙은 분홍색,약간짙은분홍
106,75,66,ko,고동색,고동색,고동
14,79,230,ko,파랑색,파랑색,파랑
9,86,87,ko,짙은 청록색,짙은 청록색,짙은청록
16,42,45,ko,매우 짙은 남색,매우 짙은 남색,매우짙은남
184,157,96,ko,황토색,황토색,황토
225,117,65,ko,주황색,주황색,주황
205,228,90,ko,약간 짙은 연두색,약간 짙은 연두색,약간짙은연두
10,248,53,ko,형광 연두색,형광 연두색,형광연두
49,141,224,ko,밝은 파랑색,밝은 파랑색,밝은파랑
191,160,31,ko,황색,황색,황
43,131,64,ko,짙은 녹색,짙은 녹색,짙은녹
66,177,37,ko,밝은 녹색,밝은 녹색,밝은녹
249,64,253,ko,형광 밝은 자주색,형광 밝은 자주색,형광밝은자주
15,202,249,ko,형광 하늘색,형광 하늘색,형광하늘
238,162,110,ko,밝은 주홍색,밝은 주홍색,밝은주홍
242,207,112,ko,짙은 연노랑색,짙은 연노랑색,짙은연노랑
176,98,125,ko,짙은 자주색,짙은 자주색,짙은자주
140,153,16,ko,밝은 카키색,밝은 카키색,밝은카키
27,248,243,ko,하늘색,하늘색,하늘
3,117,166,ko,남색,남색,남
250,180,207,ko,분홍색,분홍색,분홍
27,0,44,ko,검정색,검정색,검정
210,114,181,ko,진달래색,진달래색,진달래
15,13,248,ko,파란색,파란색,파랑
248,131,220,ko,분홍,분홍색,분홍
71,7,50,ko,짙은 갈색,짙은 갈색,짙은갈
234,153,149,ko,복숭아색,복숭아색,복숭아
226,55,152,ko,핫핑크,핫핑크색,핫핑크
41,88,50,ko,녹색,녹색,녹
17,206,84,ko,연두색,연두색,연두
190,70,105,ko,죽은장미,죽은장미색,죽은장미
125,99,205,ko,파란색,파란색,파랑
153,197,200,ko,에메랄드,에메랄드색,에메랄드
116,227,164,ko,옥색,옥색,옥
237,58,99,ko,진한 분홍,진한 분홍색,진분홍
245,173,212,ko,분홍,분홍색,분홍
87,247,33,ko,연두,연두색,연두
2,28,118,ko,남색,남색,남
175,122,50,ko,황토,황토색,황토
74,106,128,ko,탁한 남색,탁한 남색,탁한남
138,6,254,ko,보라,보라색,보라
149,171,93,ko,카키,카키색,카키
75,156,254,ko,하늘,하늘색,하늘
158,130,186,ko,연보라,연보라색,연보라
68,189,214,ko,하늘,하늘색,하늘
33,139,27,ko,풀색,풀색,풀
223,220,125,ko,상아색,상아색,상아
148,21,36,ko,자주색,자주색,자주
226,5,200,ko,붉은 보라,붉은 보라색,붉은보라
137,181,40,ko,풀색,풀색,풀
28,152,143,ko,소라색,소라색,소라
22,81,170,ko,짙은 파랑,짙은 파랑색,짙은파랑
157,133,6,ko,금색,금색,금
229,191,9,ko,금색,금색,금
119,248,253,ko,사이언,사이언색,사이언
130,138,133,ko,회색,회색,회
153,181,237,ko,소라색,소라색,소라
158,27,114,ko,자주색,자주색,자주
34,54,177,ko,파란색,파란색,파랑
72,109,167,ko,탁한 파란색,탁한 파란색,탁한파랑
160,102,38,ko,황토색,황토색,황토
181,106,115,ko,마젠타,마젠타색,마젠타
229,122,250,ko,연보라색,연보라색,연보라
106,102,219,ko,코발트블루,코발트블루색,코발트블루
4,149,228,ko,파란색,파란색,파랑
190,33,190,ko,자주색,자주색,자주
56,75,119,ko,인디고 블루,인디고 블루색,인디고블루
135,202,90,ko,녹색,녹색,녹
199,32,148,ko,자주색,자주색,자주
248,34,58,ko,빨간색,빨간색,빨강
131,91,152,ko,보라색,보라색,보라
167,139,169,ko,라벤더색,라벤더색,라벤더
86,112,93,ko,카키색,카키색,카키
210,196,85,ko,겨자색,겨자색,겨자
128,230,120,ko,형광초록색,형광초록색,형광초록
52,194,213,ko,하늘색,하늘색,하늘
73,34,156,ko,군청색,군청색,군청
26,34,78,ko,남색,남색,남
206,189,121,ko,베이지색,베이지색,베이지
233,148,234,ko,핑크색,핑크색,핑크
10,78,171,ko,파란색,파란색,파랑
175,144,131,ko,연한갈색,연한갈색,연갈
56,193,50,ko,초록색,초록색,초록
197,13,245,ko,형광보라,형광보라색,형광보라
72,253,141,ko,연녹색,연녹색,연녹
55,217,9,ko,녹색,녹색,녹
74,141,65,ko,어두운 녹색,어두운 녹색,어두운녹
91,222,219,ko,스카이블루,스카이블루색,스카이블루
209,196,206,ko,라이트그레이,라이트그레이색,라이트그레이
13,146,154,ko,청록색,청록색,청록
94,35,46,ko,자주색,자주색,자주
39,15,158,ko,세룰리안블루,세룰리안블루색,세룰리안블루
189,194,120,ko,올리브색,올리브색,올리브
13,87,82,ko,상록수색,상록수색,상록수
173,242,197,ko,민트색,민트색,민트
115,2,78,ko,다크 마젠타,다크 마젠타색,다크마젠타
198,154,29,ko,황토색,황토색,황토
105,21,135,ko,어두운 보라색,어두운 보라색,어두운보라
107,181,210,ko,하늘색,하늘색,하늘
111,5,244,ko,슬레이트블루,슬레이트블루색,슬레이트블루
234,104,62,ko,살구색,살구색,살구
31,13,26,ko,인디고블루,인디고블루색,인디고블루
162,72,227,ko,연한 자주색,연한 자주색,연자주
174,151,106,ko,다크카키,다크카키색,다크카키
52,152,33,ko,녹색,녹색,녹
11,31,100,ko,남색,남색,남
235,98,146,ko,핫핑크,핫핑크색,핫핑크
99,18,6,ko,갈색,갈색,갈
210,226,212,ko,연한에매랄드색,연한에매랄드색,연에매랄드
220,84,74,ko,다홍색,다홍색,다홍
30,149,244,ko,푸른색,푸른색,푸른
93,67,25,ko,고동색,고동색,고동
79,137,152,ko,탁한하늘색,탁한하늘색,탁한하늘
3,112,36,ko,진한초록색,진한초록색,진초록
139,202,54,ko,연한초록색,연한초록색,연초록
149,130,199,ko,탁한연보라색,탁한연보라색,탁한연보라
247,25,110,ko,핫핑크색,핫핑크색,핫핑크
81,24,51,ko,진한고동색,진한고동색,진고동
173,123,247,ko,연보라색,연보라색,연보라
193,93,6,ko,감귤색,감귤색,감귤
45,19,215,ko,형광파랑색,형광파랑색,형광파랑
252,148,98,ko,연한귤색,연한귤색,연귤
163,172,210,ko,연한회색,연한회색,연회
139,112,51,ko,연한갈색,연한갈색,연갈
45,221,154,ko,에메랄드색,에메랄드색,에메랄드
196,207,5,ko,풀색,풀색,풀
103,193,251,ko,연한하늘색,연한하늘색,연하늘
25,20,102,ko,진한군청색,진한군청색,진군청
179,55,181,ko,자주색,자주색,자주
88,108,32,ko,진한카키색,진한카키색,진카키
233,53,24,ko,다홍색,다홍색,다홍
7,245,231,ko,민트색,민트색,민트
88,74,218,ko,파랑,파랑색,파랑
153,240,93,ko,연두,연두색,연두
161,96,137,ko,짙은 분홍,짙은 분홍색,짙은분홍
107,64,133,ko,보라,보라색,보라
93,30,36,ko,갈색,갈색,갈
138,235,165,ko,민트,민트색,민트
188,132,248,ko,형광보라,형광보라색,형광보라
63,67,65,ko,검정,검정색,검정
249,61,242,ko,핑크,핑크색,핑크
119,156,242,ko,하늘,하늘색,하늘
124,136,46,ko,짙은녹색,짙은녹색,짙은녹
222,103,97,ko,코랄,코랄색,코랄
117,145,174,ko,옅은 청회색,옅은 청회색,옅은청회
173,19,246,ko,형광보라,형광보라색,형광보라
101,130,251,ko,청록,청록색,청록
142,206,233,ko,하늘,하늘색,하늘
102,241,226,ko,민트,민트색,민트
184,215,174,ko,옅은 연두,옅은 연두색,옅은연두
156,139,137,ko,웜그레이,웜그레이색,웜그레이
75,138,101,ko,짙은 녹색,짙은 녹색,짙은녹
85,170,57,ko,초록,초록색,초록
176,147,2,ko,겨자,겨자색,겨자
74,35,148,ko,코발트,코발트색,코발트
249,249,126,ko,연노랑,연노랑색,연노랑
16,163,192,ko,짙은 하늘,짙은 하늘색,짙은하늘
162,252,8,ko,형광연두,형광연두색,형광연두
6,126,54,ko,초록,초록색,초록
193,203,115,ko,연한 연구,연한 연구색,연연구
148,4,145,ko,자주빛 보라,자주빛 보라색,자주빛보라
132,80,89,ko,적갈색,적갈색,적갈
170,40,76,ko,버건디,버건디색,버건디
4,199,63,ko,형광초록,형광초록색,형광초록
145,105,16,ko,황갈색,황갈색,황갈
143,33,24,ko,짙은 빨강,짙은 빨강색,짙은빨강
23,228,31,ko,형광 연두,형광 연두색,형광연두
124,187,177,ko,연한 청록,연한 청록색,연청록
91,244,57,ko,형광 초록,형광 초록색,형광초록
215,148,184,ko,인디 핑크,인디 핑크색,인디핑크
245,29,116,ko,짙은 분홍,짙은 분홍색,짙은분홍
55,117,89,ko,초록,초록색,초록
150,226,61,ko,연두,연두색,연두
22,198,252,ko,하늘,하늘색,하늘
225,158,251,ko,분홍,분홍색,분홍
57,51,174,ko,네이비,네이비색,네이비
158,164,246,ko,연보라,연보라색,연보라
99,105,76,ko,카키,카키색,카키
206,165,11,ko,겨자,겨자색,겨자
60,99,203,ko,파랑,파랑색,파랑
118,54,26,ko,갈색,갈색,갈
0,7,255,ko,그래픽 파랑,그래픽 파랑색,그래픽파랑
8,126,251,ko,퍼머넌트 블루,퍼머넌트 블루색,퍼머넌트블루
149,178,247,ko,울트라 마린 틴트,울트라 마린 틴트색,울트라마린틴트
168,171,72,ko,올리브,올리브색,올리브
6,204,245,ko,블루스카이,블루스카이색,블루스카이
184,155,161,ko,벨벳 바이올렛,벨벳 바이올렛색,벨벳바이올렛
113,32,131,ko,바이올렛,바이올렛색,바이올렛
8,37,18,ko,비리디안,비리디안색,비리디안
136,16,58,ko,크림슨레이크,크림슨레이크색,크림슨레이크
117,207,82,ko,그린,그린색,그린
249,140,141,ko,코랄,코랄색,코랄
240,225,33,ko,퍼머넌트 옐로우,퍼머넌트 옐로우색,퍼머넌트옐로우
84,243,133,ko,그린틴트,그린틴트색,그린틴트
247,254,190,ko,레몬,레몬색,레몬
180,38,234,ko,울트라바이올렛,울트라바이올렛색,울트라바이올렛
181,183,125,ko,올리브옐로우,올리브옐로우색,올리브옐로우
229,91,49,ko,다홍,다홍색,다홍
116,147,74,ko,올리브그린,올리브그린색,올리브그린
215,244,97,ko,형광 노랑,형광 노랑색,형광노랑
130,83,251,ko,울트라바이올렛 틴트,울트라바이올렛 틴트색,울트라바이올렛틴트
229,199,246,ko,연보라,연보라색,연보라
148,222,229,ko,하늘색,하늘색,하늘
111,145,161,ko,웜그레이,웜그레이색,웜그레이
52,199,166,ko,에메랄드,에메랄드색,에메랄드
238,145,23,ko,주황,주황색,주황
31,120,33,ko,녹색,녹색,녹
180,127,148,ko,상아색,상아색,상아
52,80,52,ko,쑥색,쑥색,쑥
143,172,241,ko,푸른색,푸른색,푸른
102,64,233,ko,남색,남색,남
233,60,196,ko,자홍색,자홍색,자홍
44,250,164,ko,형광녹색,형광녹색,형광녹
148,174,28,ko,짙은 연두색,짙은 연두색,짙은연두
178,114,180,ko,보라색,보라색,보라
203,206,231,ko,연보라색,연보라색,연보라
83,4,38,ko,다크브라운,다크브라운색,다크브라운
204,168,137,ko,황토색,황토색,황토
210,113,242,ko,핫핑크,핫핑크색,핫핑크
64,23,73,ko,다크바이올렛,다크바이올렛색,다크바이올렛
101,114,98,ko,애쉬그린,애쉬그린색,애쉬그린
36,140,133,ko,청록색,청록색,청록
183,121,172,ko,다크핑크,다크핑크색,다크핑크
161,215,2,ko,형광그린,형광그린색,형광그린
189,41,157,ko,진분홍,진분홍색,진분홍
231,147,228,ko,분홍,분홍색,분홍
8,248,242,ko,형광블루,형광블루색,형광블루
169,241,206,ko,민트,민트색,민트
127,229,168,ko,민트,민트색,민트
30,204,215,ko,형광 하늘,형광 하늘색,형광하늘
122,253,122,ko,형광 그린,형광 그린색,형광그린
125,0,147,ko,보라,보라색,보라
188,229,221,ko,연하늘,연하늘색,연하늘
76,129,133,ko,블루 그레이,블루 그레이색,블루그레이
173,56,54,ko,장미,장미색,장미
125,158,60,ko,연초록,연초록색,연초록
217,3,143,ko,자주,자주색,자주
161,121,42,ko,옅은 갈색,옅은 갈색,옅은갈
106,55,11,ko,갈색,갈색,갈
237,216,152,ko,베이지,베이지색,베이지
208,12,65,ko,빨강,빨강색,빨강
49,160,15,ko,초록,초록색,초록
167,106,108,ko,말린 장미,말린 장미색,말린장미
187,102,213,ko,탁한 분홍,탁한 분홍색,탁한분홍
187,188,44,ko,머스타드,머스타드색,머스타드
9,153,242,ko,파랑,파랑색,파랑
123,54,54,ko,버건디,버건디색,버건디
148,163,183,ko,그레이,그레이색,그레이
206,27,253,ko,진 분홍,진 분홍색,진분홍
158,148,106,ko,에토프,에토프색,에토프
216,245,35,ko,노랑,노랑색,노랑
176,243,142,ko,연그린,연그린색,연그린
145,23,37,ko,적색,적색,적
39,227,54,ko,초록색,초록색,초록
115,230,101,ko,연두색,연두색,연두
253,232,247,ko,분홍색,분홍색,분홍
101,214,186,ko,민트색,민트색,민트
76,150,145,ko,옥색,옥색,옥
25,111,21,ko,쑥색,쑥색,쑥
6,225,138,ko,피스타치오색,피스타치오색,피스타치오
106,41,177,ko,보라색,보라색,보라
85,66,85,ko,짙은 보라색,짙은 보라색,짙은보라
139,96,77,ko,갈색,갈색,갈
206,245,24,ko,형광연두색,형광연두색,형광연두
173,247,49,ko,연두색,연두색,연두
48,84,226,ko,파랑색,파랑색,파랑
98,173,237,ko,하늘색,하늘색,하늘
95,183,53,ko,녹색,녹색,녹
165,245,147,ko,에메랄드,에메랄드색,에메랄드
233,179,27,ko,황토색,황토색,황토
66,119,99,ko,풀색,풀색,풀
194,79,153,ko,자주색,자주색,자주
208,107,111,ko,진분홍색,진분홍색,진분홍
248,225,3,ko,노랑색,노랑색,노랑
30,35,92,ko,남색,남색,남
23,226,235,ko,아쿠아블루,아쿠아블루색,아쿠아블루
50,191,227,ko,하늘색,하늘색,하늘
124,89,163,ko,보라색,보라색,보라
231,180,217,ko,분홍색,분홍색,분홍
240,206,185,ko,살구색,살구색,살구
156,145,121,ko,옅은 밤색,옅은 밤색,옅은밤
174,73,156,ko,철쭉색,철쭉색,철쭉
142,163,253,ko,푸른 연보라색,푸른 연보라색,푸른연보라
45,50,230,ko,파란색,파란색,파랑
165,143,69,ko,짙은 카멜색,짙은 카멜색,짙은카멜
94,103,84,ko,짙은 쑥색,짙은 쑥색,짙은쑥
179,69,234,ko,보라,보라색,보라
202,102,210,ko,보라,보라색,보라
192,234,155,ko,연두,연두색,연두
194,104,168,ko,보라,보라색,보라
5,79,37,ko,진초록,진초록색,진초록
192,195,18,ko,노란 초록,노란 초록색,노랑초록
136,91,136,ko,진보라,진보라색,진보라
19,134,50,ko,초록,초록색,초록
239,2,214,ko,분홍,분홍색,분홍
6,199,255,ko,하늘,하늘색,하늘
199,16,109,ko,빨강,빨강색,빨강
25,77,225,ko,파랑,파랑색,파랑
230,205,128,ko,연겨자색,연겨자색,연겨자
209,223,214,ko,탁한연민트색,탁한연민트색,탁한연민트
196,147,80,ko,연갈색,연갈색,연갈
57,99,3,ko,진초록색,진초록색,진초록
115,136,109,ko,탁한연초록색,탁한연초록색,탁한연초록
58,49,34,ko,고동색,고동색,고동
180,173,188,ko,따뜻한회색,따뜻한회색,따뜻한회
54,64,77,ko,검정색,검정색,검정
208,73,96,ko,다홍색,다홍색,다홍
180,217,118,ko,연두색,연두색,연두
170,20,135,ko,자주색,자주색,자주
93,4,211,ko,형광보라색,형광보라색,형광보라
107,138,57,ko,황록,황록색,황록
85,150,136,ko,청록,청록색,청록
125,216,115,ko,연두,연두색,연두
41,139,224,ko,파랑,파랑색,파랑
132,178,235,ko,하늘,하늘색,하늘
120,39,78,ko,자주,자주색,자주
209,58,65,ko,다홍,다홍색,다홍
234,175,90,ko,주황,주황색,주황
138,0,165,ko,보라,보라색,보라
40,8,109,ko,남색,남색,남
135,142,13,ko,황록,황록색,황록
4,176,44,ko,초록,초록색,초록
167,52,13,ko,진빨강,진빨강색,진빨강
54,13,48,ko,진보라색,진보라색,진보라
110,18,61,ko,자주색,자주색,자주
75,232,215,ko,에메랄드색,에메랄드색,에메랄드
252,184,103,ko,살구색,살구색,살구
110,58,125,ko,보라색,보라색,보라
30,88,13,ko,풀색,풀색,풀
204,234,254,ko,하늘색,하늘색,하늘
26,26,138,ko,파랑색,파랑색,파랑
9,37,40,ko,까망,까망색,까망
210,37,22,ko,빨강,빨강색,빨강
44,83,190,ko,파랑,파랑색,파랑
15,105,135,ko,청록,청록색,청록
165,42,142,ko,자주,자주색,자주
124,247,247,ko,하늘,하늘색,하늘
60,59,9,ko,까망,까망색,까망
65,57,77,ko,남보라,남보라색,남보라
234,116,29,ko,주활,주활색,주활
204,234,234,ko,연하늘,연하늘색,연하늘
242,233,195,ko,연노랑,연노랑색,연노랑
111,48,115,ko,보라,보라색,보라
48,74,114,ko,남색,남색,남
177,142,193,ko,보라색,보라색,보라
249,121,229,ko,핑크색,핑크색,핑크
182,132,239,ko,보라색,보라색,보라
20,76,170,ko,군청색,군청색,군청
38,57,114,ko,남색,남색,남
116,157,79,ko,연녹색,연녹색,연녹
125,208,138,ko,진민트색,진민트색,진민트
142,74,223,ko,형광보라색,형광보라색,형광보라
162,169,173,ko,회색,회색,회
56,85,22,ko,녹색,녹색,녹
172,70,112,ko,붉은자주색,붉은자주색,붉은자주
203,28,15,ko,다홍색,다홍색,다홍
252,244,190,ko,크림색,크림색,크림
221,76,202,ko,탁한진분홍색,탁한진분홍색,탁한진분홍
70,129,206,ko,연청색,연청색,연청
60,51,153,ko,청보라색,청보라색,청보라
5,114,199,ko,파랑색,파랑색,파랑
200,19,144,ko,자주빛 분홍색,자주빛 분홍색,자주빛분홍
59,3,21,ko,짙은 밤색,짙은 밤색,짙은밤
205,103,250,ko,채도 높은 바이올렛,채도 높은 바이올렛색,채도높은바이올렛
18,21,43,ko,짙은 남색,짙은 남색,짙은남
216,141,151,ko,내가 좋아하는 분홍색,내가 좋아하는 분홍색,내가좋아하는분홍
5,22,0,ko,짙은 쑥색,짙은 쑥색,짙은쑥
227,218,85,ko,빛 바랜 연두색,빛 바랜 연두색,빛바랜연두
206,98,58,ko,채도 낮은 주황색,채도 낮은 주황색,채도낮은주황
110,4,82,ko,플럼색,플럼색,플럼
197,196,109,ko,채도 낮은 연두색,채도 낮은 연두색,채도낮은연두
126,50,10,ko,갈색,갈색,갈
134,98,42,ko,녹갈색,녹갈색,녹갈
31,41,55,ko,검정색,검정색,검정
174,141,23,ko,노란녹색,노란녹색,노랑녹
109,101,132,ko,탁한청보라색,탁한청보라색,탁한청보라
69,180,145,ko,민트색,민트색,민트
191,244,71,ko,연두색,연두색,연두
136,104,100,ko,연고동색,연고동색,연고동
202,123,3,ko,붉은진노랑색,붉은진노랑색,붉은진노랑
214,176,156,ko,탁한복숭아색,탁한복숭아색,탁한복숭아
211,57,136,ko,진분홍색,진분홍색,진분홍
164,72,41,ko,붉은갈색,붉은갈색,붉은갈
30,2,42,ko,진고동색,진고동색,진고동
180,222,203,ko,탁한민트색,탁한민트색,탁한민트
87,253,167,ko,형광청록색,형광청록색,형광청록
56,27,226,ko,파랑색,파랑색,파랑
155,109,170,ko,탁한보라색,탁한보라색,탁한보라
57,94,86,ko,탁한청록색,탁한청록색,탁한청록
79,149,189,ko,연청색,연청색,연청
162,13,236,ko,형광보라색,형광보라색,형광보라
190,219,108,ko,연두색,연두색,연두
232,119,138,ko,산호색,산호색,산호
230,130,82,ko,주황색,주황색,주황
7,209,217,ko,터키석색,터키석색,터키석
25,189,30,ko,형광녹색,형광녹색,형광녹
206,9,16,ko,레드,레드색,레드
140,205,132,ko,에메랄드그린,에메랄드그린색,에메랄드그린
180,225,56,ko,연두,연두색,연두
156,194,199,ko,블루그레,블루그레색,블루그레
113,198,82,ko,연두,연두색,연두
100,133,81,ko,포레스트그린,포레스트그린색,포레스트그린
78,2,19,ko,브라운레드,브라운레드색,브라운레드
233,70,166,ko,핑크,핑크색,핑크
162,73,167,ko,보라,보라색,보라
17,28,105,ko,인디고,인디고색,인디고
204,178,161,ko,베이지,베이지색,베이지
104,98,121,ko,뉴트럴그레이,뉴트럴그레이색,뉴트럴그레이
165,150,17,ko,올리브그린,올리브그린색,올리브그린
247,116,236,ko,핑크,핑크색,핑크
38,42,24,ko,인디고그린,인디고그린색,인디고그린
253,88,78,ko,자홍,자홍색,자홍
202,180,215,ko,파스텔보라,파스텔보라색,파스텔보라
167,20,234,ko,보라,보라색,보라
245,10,254,ko,퍼플핑크,퍼플핑크색,퍼플핑크
229,91,121,ko,코럴핑크,코럴핑크색,코럴핑크
148,50,98,ko,자주색,자주색,자주
43,167,150,ko,애매랄드,애매랄드색,애매랄드
252,183,36,ko,짙은노랑,짙은노랑색,짙은노랑
174,128,188,ko,파스텔보라,파스텔보라색,파스텔보라
117,107,82,ko,그레이브라운,그레이브라운색,그레이브라운
12,50,91,ko,인디고,인디고색,인디고
61,148,45,ko,초록,초록색,초록
114,149,207,ko,파랑,파랑색,파랑
8,115,125,ko,청록,청록색,청록
202,84,102,ko,흐린분홍,흐린분홍색,흐린분홍
82,73,187,ko,군청,군청색,군청
190,246,68,ko,연초록,연초록색,연초록
3,68,25,ko,진초록,진초록색,진초록
146,19,134,ko,자주,자주색,자주
6,23,73,ko,남색,남색,남
235,26,126,ko,진달래색,진달래색,진달래
80,77,49,ko,진갈색,진갈색,진갈
136,197,230,ko,하늘색,하늘색,하늘
203,150,150,ko,살구색,살구색,살구
126,59,158,ko,보라색,보라색,보라
65,241,108,ko,형광색,형광색,형광
91,83,106,ko,모르겠음,모르겠음색,모르겠음
247,244,238,ko,흰색,흰색,흰
207,197,162,ko,상아색,상아색,상아
68,72,189,ko,군청색,군청색,군청
206,105,90,ko,다홍색,다홍색,다홍
187,98,182,ko,분홍색,분홍색,분홍
129,168,81,ko,풀색,풀색,풀
173,57,194,ko,자주색,자주색,자주
72,181,233,ko,하늘색,하늘색,하늘
172,75,104,ko,자주색,자주색,자주
235,173,222,ko,분홍색,분홍색,분홍
255,90,68,ko,주황색,주황색,주황
134,33,95,ko,자주색,자주색,자주
108,128,232,ko,파란색,파란색,파랑
13,8,239,ko,군청색,군청색,군청
136,102,21,ko,고동색,고동색,고동
47,71,71,ko,감색,감색,감
1,192,178,ko,하늘색,하늘색,하늘
166,166,18,ko,풀색,풀색,풀
181,250,196,ko,하늘색,하늘색,하늘
69,175,61,ko,연두색,연두색,연두
57,25,44,ko,검정색,검정색,검정
179,185,255,ko,파란색,파란색,파랑
10,156,88,ko,초록색,초록색,초록
183,24,248,ko,자주색,자주색,자주
142,32,14,ko,빨간색,빨간색,빨강
101,104,168,ko,파란색,파란색,파랑
229,211,37,ko,노란색,노란색,노랑
230,136,58,ko,주황색,주황색,주황
239,64,190,ko,분홍색,분홍색,분홍
92,114,49,ko,카키색,카키색,카키
238,68,119,ko,빨간색,빨간색,빨강
157,95,242,ko,보라색,보라색,보라
221,24,75,ko,다홍,다홍색,다홍
40,133,106,ko,청록,청록색,청록
69,196,126,ko,연초록,연초록색,연초록
76,63,191,ko,남보라,남보라색,남보라
88,155,164,ko,회청색,회청색,회청
25,88,197,ko,프러시안블루,프러시안블루색,프러시안블루
4,112,189,ko,바다색,바다색,바다
178,168,70,ko,황녹색,황녹색,황녹
191,116,159,ko,연자주,연자주색,연자주
84,239,93,ko,형광연두,형광연두색,형광연두
232,37,138,ko,형광자주,형광자주색,형광자주
159,47,250,ko,형광보라,형광보라색,형광보라
198,106,59,ko,적황색,적황색,적황
128,37,81,ko,버건디,버건디색,버건디
250,98,255,ko,형광자주,형광자주색,형광자주
219,193,174,ko,베이지,베이지색,베이지
103,104,155,ko,회남색,회남색,회남
56,65,244,ko,진청색,진청색,진청
74,138,28,ko,황록색,황록색,황록
219,244,121,ko,연두색,연두색,연두
79,1,234,ko,남보라,남보라색,남보라
214,230,155,ko,연황녹색,연황녹색,연황녹
173,55,69,ko,와인색,와인색,와인
130,83,162,ko,회보라,회보라색,회보라
23,238,249,ko,형광하늘,형광하늘색,형광하늘
82,103,114,ko,재색,재색,재
1,73,12,ko,진한카키,진한카키색,진카키
92,96,18,ko,카키,카키색,카키
59,11,50,ko,흑자주,흑자주색,흑자주
240,152,159,ko,코랄,코랄색,코랄
146,196,97,ko,연두,연두색,연두
154,239,177,ko,형광옥색,형광옥색,형광옥
201,162,207,ko,연보라,연보라색,연보라
139,205,177,ko,옥색,옥색,옥
199,77,161,ko,자주,자주색,자주
63,46,7,ko,밤샐,밤샐색,밤샐
126,65,172,ko,보라색,보라색,보라
158,233,188,ko,그린터키,그린터키색,그린터키
130,212,93,ko,연두색,연두색,연두
64,122,34,ko,녹색,녹색,녹
66,125,155,ko,블루코발트,블루코발트색,블루코발트
180,182,254,ko,연보라,연보라색,연보라
97,249,168,ko,형광초록,형광초록색,형광초록
125,73,46,ko,갈색,갈색,갈
64,19,112,ko,진보라색,진보라색,진보라
237,178,180,ko,핑크색,핑크색,핑크
13,1,128,ko,다크블루,다크블루색,다크블루
239,228,178,ko,베이지,베이지색,베이지
234,133,164,ko,분홍색,분홍색,분홍
68,195,211,ko,블루코발트,블루코발트색,블루코발트
16,248,226,ko,터키쉬블루,터키쉬블루색,터키쉬블루
196,171,111,ko,베이지색,베이지색,베이지
174,59,155,ko,자주색,자주색,자주
161,60,40,ko,빨강,빨강색,빨강
102,64,128,ko,보라색,보라색,보라
10,7,9,ko,검은색,검은색,검정
47,183,5,ko,녹색,녹색,녹
51,73,49,ko,진녹색,진녹색,진녹
99,134,208,ko,블루코발트,블루코발트색,블루코발트
204,37,97,ko,빨강색,빨강색,빨강
91,105,110,ko,회색,회색,회
171,62,1,ko,버건디,버건디색,버건디
179,113,63,ko,나무색,나무색,나무
253,151,80,ko,오렌지,오렌지색,오렌지
139,159,122,ko,옅은카키,옅은카키색,옅은카키
153,57,51,ko,짙은갈색,짙은갈색,짙은갈
144,161,1,ko,연두색,연두색,연두
98,108,27,ko,카키색,카키색,카키
93,113,180,ko,파란색,파란색,파랑
23,191,30,ko,초록색,초록색,초록
51,238,122,ko,형광초록색,형광초록색,형광초록
3,52,51,ko,검초록색,검초록색,검초록
239,177,65,ko,감색,감색,감
46,187,241,ko,블루코발트,블루코발트색,블루코발트
194,131,69,ko,연갈색,연갈색,연갈
40,64,197,ko,파랑색,파랑색,파랑
231,75,214,ko,핑크색,핑크색,핑크
220,237,77,ko,형광색,형광색,형광
248,90,188,ko,핫핑크색,핫핑크색,핫핑크
126,167,96,ko,연녹색,연녹색,연녹
35,15,63,ko,검은색,검은색,검정
130,179,18,ko,연두색,연두색,연두
111,109,213,ko,연보라색,연보라색,연보라
60,40,158,ko,보라색,보라색,보라
198,173,177,ko,연핑크,연핑크색,연핑크
4,149,251,ko,파란색,파란색,파랑
224,98,218,ko,핑크색,핑크색,핑크
174,121,113,ko,갈색,갈색,갈
85,169,151,ko,청색,청색,청
122,81,116,ko,보라색,보라색,보라
159,221,84,ko,연두색,연두색,연두
142,88,250,ko,보라색,보라색,보라
35,42,3,ko,검은색,검은색,검정
221,185,57,ko,노란색,노란색,노랑
243,28,40,ko,빨강색,빨강색,빨강
235,234,177,ko,베이지색,베이지색,베이지
220,126,159,ko,핑크색,핑크색,핑크
33,115,1,ko,초록색,초록색,초록
115,232,181,ko,녹색,녹색,녹
188,48,220,ko,보라색,보라색,보라
168,75,98,ko,갈색,갈색,갈
230,10,90,ko,빨강색,빨강색,빨강
128,176,252,ko,파랑색,파랑색,파랑
244,181,165,ko,미색,미색,미
6,199,205,ko,청색,청색,청
174,113,214,ko,보라색,보라색,보라
254,249,77,ko,노랑색,노랑색,노랑
172,92,104,ko,진분홍색,진분홍색,진분홍
78,48,67,ko,어두운 보라색,어두운 보라색,어두운보라
203,224,99,ko,연두색,연두색,연두
25,98,137,ko,청록색,청록색,청록
154,131,7,ko,연황색,연황색,연황
59,60,39,ko,진녹색,진녹색,진녹
135,50,4,ko,갈색,갈색,갈
93,229,118,ko,연한 초록색,연한 초록색,연초록
138,200,11,ko,풀색,풀색,풀
28,46,236,ko,형광 파랑색,형광 파랑색,형광파랑
74,236,45,ko,형광 초록색,형광 초록색,형광초록
70,182,151,ko,연한 청록색,연한 청록색,연청록
223,143,173,ko,분홍색,분홍색,분홍
35,77,13,ko,갈녹색,갈녹색,갈녹
206,157,116,ko,연한 황토색,연한 황토색,연황토
117,77,213,ko,보라색,보라색,보라
185,23,171,ko,자주색,자주색,자주
214,10,32,ko,빨간색,빨간색,빨강
34,168,39,ko,초록색,초록색,초록
107,66,142,ko,보라색,보라색,보라
181,201,201,ko,연회색,연회색,연회
204,75,124,ko,자색,자색,자
148,149,107,ko,연한 갈녹색,연한 갈녹색,연갈녹
74,182,217,ko,하늘색,하늘색,하늘
145,155,186,ko,회색,회색,회
86,106,115,ko,진회색,진회색,진회
2,154,240,ko,하늘색,하늘색,하늘
24,123,31,ko,초록색,초록색,초록
174,132,213,ko,연보라색,연보라색,연보라
238,246,182,ko,상아색,상아색,상아
233,216,24,ko,노란색,노란색,노랑
93,142,123,ko,회녹색,회녹색,회녹
33,223,154,ko,에메랄드색,에메랄드색,에메랄드
24,43,64,ko,곤색,곤색,곤
220,119,226,ko,연분홍색,연분홍색,연분홍
245,30,91,ko,다홍색,다홍색,다홍
74,66,15,ko,녹색,녹색,녹
1,114,196,ko,파랑색,파랑색,파랑
42,204,94,ko,연두색,연두색,연두
37,247,254,ko,하늘색,하늘색,하늘
92,80,200,ko,보라색,보라색,보라
128,200,188,ko,민트색,민트색,민트
123,14,89,ko,자주색,자주색,자주
119,158,115,ko,녹색,녹색,녹
59,103,52,ko,진한녹색,진한녹색,진녹
113,55,215,ko,연보라,연보라색,연보라
175,6,171,ko,연자주,연자주색,연자주
250,249,238,ko,미색,미색,미
237,109,171,ko,진분홍,진분홍색,진분홍
251,21,225,ko,진자주,진자주색,진자주
80,246,21,ko,야광연두,야광연두색,야광연두
253,147,236,ko,인디안핑크,인디안핑크색,인디안핑크
188,141,188,ko,진핑크,진핑크색,진핑크
197,171,112,ko,연갈색,연갈색,연갈
179,223,152,ko,연녹색,연녹색,연녹
50,179,129,ko,초록색,초록색,초록
206,213,53,ko,연두색,연두색,연두
197,43,104,ko,자주색,자주색,자주
87,37,31,ko,갈색,갈색,갈
254,87,90,ko,귤색,귤색,귤
229,151,38,ko,연갈색,연갈색,연갈
105,2,244,ko,진파랑,진파랑색,진파랑
82,247,191,ko,연민트,연민트색,연민트
161,55,55,ko,갈색,갈색,갈
88,153,167,ko,바다색,바다색,바다
16,97,138,ko,진파랑,진파랑색,진파랑
134,112,127,ko,탁한색,탁한색,탁한
196,32,15,ko,붉은색,붉은색,붉은
79,108,100,ko,탁한초록,탁한초록색,탁한초록
126,87,75,ko,연갈색,연갈색,연갈
215,181,188,ko,진핑크,진핑크색,진핑크
26,18,60,ko,블랙,블랙색,블랙
125,187,65,ko,풀색,풀색,풀
71,221,79,ko,연두색,연두색,연두
160,95,38,ko,황토색,황토색,황토
163,85,70,ko,갈색,갈색,갈
193,242,189,ko,에메랄드색,에메랄드색,에메랄드
157,127,244,ko,연보라색,연보라색,연보라
235,188,189,ko,분홍색,분홍색,분홍
112,95,164,ko,보라색,보라색,보라
144,238,232,ko,하늘색,하늘색,하늘
5,129,63,ko,녹색,녹색,녹
100,18,96,ko,자주색,자주색,자주
48,32,209,ko,파란색,파란색,파랑
69,71,202,ko,파란색,파란색,파랑
104,133,93,ko,짙은녹색,짙은녹색,짙은녹
61,249,230,ko,하늘색,하늘색,하늘
226,103,91,ko,붉은분홍색,붉은분홍색,붉은분홍
165,142,143,ko,회색,회색,회
254,66,246,ko,분홍색,분홍색,분홍
89,5,22,ko,와인색,와인색,와인
135,126,12,ko,녹색,녹색,녹
175,45,187,ko,보라색,보라색,보라
254,67,180,ko,분홍색,분홍색,분홍
168,176,118,ko,옅은녹색,옅은녹색,옅은녹
46,119,151,ko,청록색,청록색,청록
86,175,137,ko,녹색,녹색,녹
10,5,89,ko,남색,남색,남
247,239,140,ko,개나리색,개나리색,개나리
56,132,23,ko,초록색,초록색,초록
186,194,210,ko,회색,회색,회
186,173,18,ko,금색,금색,금
180,79,254,ko,보라색,보라색,보라
169,212,33,ko,연두색,연두색,연두
250,129,40,ko,주황색,주황색,주황
224,158,127,ko,살색,살색,살
115,145,231,ko,옅은파란색,옅은파란색,옅은파랑
188,170,92,ko,누런색,누런색,누런
195,5,155,ko,자주색,자주색,자주
133,58,220,ko,보라색,보라색,보라
220,26,37,ko,다홍색,다홍색,다홍
48,97,119,ko,마린블루,마린블루색,마린블루
149,190,28,ko,바랜녹색,바랜녹색,바랜녹
163,108,56,ko,갈색,갈색,갈
109,182,240,ko,하늘색,하늘색,하늘
84,210,25,ko,초록색,초록색,초록
171,34,85,ko,바이올랫,바이올랫색,바이올랫
206,248,55,ko,흰연두,흰연두색,흰연두
3,43,206,ko,파란색,파란색,파랑
235,84,112,ko,핑크색,핑크색,핑크
5,165,71,ko,초록색,초록색,초록
15,60,32,ko,군청색,군청색,군청
182,216,190,ko,민트색,민트색,민트
85,180,182,ko,초록하늘색,초록하늘색,초록하늘
81,123,185,ko,파란색,파란색,파랑
181,134,197,ko,연보라색,연보라색,연보라
250,14,2,ko,붉은색,붉은색,붉은
214,200,220,ko,연연보라색,연연보라색,연연보라
29,97,5,ko,진녹색,진녹색,진녹
224,31,132,ko,핑크색,핑크색,핑크
212,165,24,ko,황금색,황금색,황금
223,220,91,ko,연노란색,연노란색,연노랑
47,73,128,ko,파란색,파란색,파랑
253,140,196,ko,연핑크,연핑크색,연핑크
37,144,179,ko,마린,마린색,마린
63,161,124,ko,초록,초록색,초록
229,103,195,ko,핑크,핑크색,핑크
223,109,87,ko,살구색,살구색,살구
12,26,141,ko,진파란색,진파란색,진파랑
175,240,102,ko,노란연두,노란연두색,노랑연두
181,207,194,ko,회색,회색,회
38,136,153,ko,짙은 하늘색,짙은 하늘색,짙은하늘
1,155,133,ko,청록색,청록색,청록
57,65,37,ko,짙은 갈색,짙은 갈색,짙은갈
189,115,72,ko,갈색,갈색,갈
78,49,252,ko,남색,남색,남
62,18,106,ko,보라색,보라색,보라
131,55,34,ko,갈색,갈색,갈
37,87,136,ko,짙은 파랑색,짙은 파랑색,짙은파랑
55,242,250,ko,하늘색,하늘색,하늘
102,113,220,ko,연한 보라색,연한 보라색,연보라
166,136,47,ko,나무색,나무색,나무
146,37,145,ko,보라색,보라색,보라
227,108,198,ko,분홍색,분홍색,분홍
225,252,169,ko,연노랑색,연노랑색,연노랑
203,13,42,ko,빨강색,빨강색,빨강
234,191,89,ko,연한 주황색,연한 주황색,연주황
206,87,27,ko,주황색,주황색,주황
192,239,9,ko,연두색,연두색,연두
179,10,62,ko,자주색,자주색,자주
39,93,24,ko,짙은 녹색,짙은 녹색,짙은녹
173,201,69,ko,짙은 연두색,짙은 연두색,짙은연두
153,189,245,ko,하늘색,하늘색,하늘
32,206,120,ko,청록색,청록색,청록
118,218,95,ko,연두색,연두색,연두
92,161,69,ko,녹색,녹색,녹
51,217,23,ko,연두색,연두색,연두
194,109,127,ko,연한 자주색,연한 자주색,연자주
119,213,170,ko,연한 청록색,연한 청록색,연청록
226,168,230,ko,분홍색,분홍색,분홍
27,38,73,ko,짙은 남색,짙은 남색,짙은남
159,187,127,ko,풀색,풀색,풀
162,133,121,ko,연한 갈색,연한 갈색,연갈
163,58,211,ko,보라색,보라색,보라
96,42,78,ko,짙은 보라색,짙은 보라색,짙은보라
29,52,200,ko,파랑색,파랑색,파랑
76,213,227,ko,하늘색,하늘색,하늘
116,79,35,ko,갈색,갈색,갈
195,82,218,ko,보라색,보라색,보라
5,24,95,ko,남색,남색,남
203,217,174,ko,에메랄드색,에메랄드색,에메랄드
37,51,7,ko,진청색,진청색,진청
62,170,251,ko,하늘색,하늘색,하늘
237,123,42,ko,주황색,주황색,주황
107,122,88,ko,군청색,군청색,군청
92,36,135,ko,보라색,보라색,보라
136,228,0,ko,연두색,연두색,연두
224,217,136,ko,아이보리색,아이보리색,아이보리
23,120,192,ko,파랑,파랑색,파랑
178,39,89,ko,마젠타,마젠타색,마젠타
72,176,241,ko,하늘,하늘색,하늘
25,226,137,ko,형광연두,형광연두색,형광연두
132,181,14,ko,연두,연두색,연두
244,203,80,ko,노랑,노랑색,노랑
76,119,103,ko,카키,카키색,카키
182,21,129,ko,다홍,다홍색,다홍
56,76,217,ko,청색,청색,청
85,5,250,ko,보라,보라색,보라
31,23,4,ko,검정,검정색,검정
124,103,72,ko,잿빛,잿빛색,잿빛
166,254,116,ko,연두,연두색,연두
118,147,94,ko,초록,초록색,초록
253,10,48,ko,빨강,빨강색,빨강
227,191,178,ko,베이지,베이지색,베이지
67,82,85,ko,군청,군청색,군청
157,100,167,ko,보라,보라색,보라
215,161,246,ko,연보라,연보라색,연보라
185,113,14,ko,갈색,갈색,갈
246,116,180,ko,분홍,분홍색,분홍
96,46,214,ko,청보라,청보라색,청보라
233,163,9,ko,노랑,노랑색,노랑
103,208,170,ko,마린,마린색,마린
105,226,24,ko,연두,연두색,연두
59,31,115,ko,남보라,남보라색,남보라
79,7,55,ko,적자주,적자주색,적자주
251,50,235,ko,네온핑크,네온핑크색,네온핑크
41,121,141,ko,감청,감청색,감청
60,188,222,ko,하늘,하늘색,하늘
115,97,205,ko,보라,보라색,보라
129,134,179,ko,비둘기,비둘기색,비둘기
94,62,14,ko,갈색,갈색,갈
211,235,226,ko,소프트 블루,소프트 블루색,소프트블루
37,125,45,ko,초록,초록색,초록
92,67,14,ko,갈색,갈색,갈
0,116,46,ko,초록색,초록색,초록
62,34,155,ko,보라색,보라색,보라
201,187,152,ko,베이지,베이지색,베이지
195,1,113,ko,자두색,자두색,자두
153,93,250,ko,연보라,연보라색,연보라
100,220,149,ko,라임색,라임색,라임
84,150,176,ko,청록색,청록색,청록
200,116,176,ko,연보라,연보라색,연보라
39,177,81,ko,연초록,연초록색,연초록
20,191,217,ko,하늘색,하늘색,하늘
186,220,24,ko,연두색,연두색,연두
107,107,39,ko,카키색,카키색,카키
135,0,169,ko,보라색,보라색,보라
203,149,159,ko,연분홍,연분홍색,연분홍
117,28,46,ko,자주색,자주색,자주
169,146,6,ko,진노랑,진노랑색,진노랑
133,225,83,ko,연두,연두색,연두
130,64,14,ko,고등색,고등색,고등
41,39,221,ko,남색,남색,남
33,75,3,ko,초록색,초록색,초록
205,19,208,ko,보라색,보라색,보라
243,171,80,ko,주황색,주황색,주황
243,235,149,ko,연노라,연노라색,연노라
213,121,28,ko,주황색,주황색,주황
53,98,208,ko,파란색,파란색,파랑
23,86,162,ko,남색,남색,남
156,181,210,ko,소라색,소라색,소라
57,247,176,ko,에메랄드색,에메랄드색,에메랄드
118,44,105,ko,자주색,자주색,자주
22,159,87,ko,녹색,녹색,녹
5,21,228,ko,남청색,남청색,남청
152,38,239,ko,보라색,보라색,보라
178,92,212,ko,연보라색,연보라색,연보라
134,34,16,ko,갈색,갈색,갈
18,13,13,ko,검은색,검은색,검정
18,218,60,ko,연두색,연두색,연두
24,103,98,ko,암청록색,암청록색,암청록
140,114,68,ko,황토색,황토색,황토
208,148,150,ko,암분홍색,암분홍색,암분홍
137,199,71,ko,잔디색,잔디색,잔디
65,64,84,ko,남보라색,남보라색,남보라
205,113,98,ko,연적색,연적색,연적
35,117,172,ko,바다색,바다색,바다
29,163,154,ko,청록색,청록색,청록
14,95,14,ko,진녹색,진녹색,진녹
117,142,19,ko,올리브색,올리브색,올리브
33,56,8,ko,암녹색,암녹색,암녹
247,95,28,ko,주황색,주황색,주황
101,229,239,ko,하늘색,하늘색,하늘
19,147,174,ko,청록샥,청록샥색,청록샥
240,52,96,ko,빨간색,빨간색,빨강
148,226,183,ko,에메랄드색,에메랄드색,에메랄드
175,255,157,ko,형광색,형광색,형광
100,34,26,ko,암갈색,암갈색,암갈
133,137,208,ko,소라색,소라색,소라
58,49,124,ko,남색,남색,남
218,186,66,ko,겨자색,겨자색,겨자
219,230,21,ko,암황색,암황색,암황
19,18,145,ko,남색,남색,남
220,239,114,ko,레몬색,레몬색,레몬
70,35,172,ko,남색,남색,남
94,146,13,ko,풀색,풀색,풀
250,249,225,ko,아이보리,아이보리색,아이보리
7,94,84,ko,녹색,녹색,녹
223,173,209,ko,인디핑크,인디핑크색,인디핑크
76,218,233,ko,민트,민트색,민트
51,15,18,ko,진고동,진고동색,진고동
130,136,156,ko,회색,회색,회
231,210,23,ko,겨자색,겨자색,겨자
67,20,220,ko,파랑,파랑색,파랑
106,51,149,ko,보라,보라색,보라
30,98,148,ko,청록,청록색,청록
238,57,24,ko,빨강,빨강색,빨강
135,125,50,ko,풀색,풀색,풀
105,161,216,ko,하늘,하늘색,하늘
107,156,106,ko,진연두,진연두색,진연두
1,213,172,ko,민트,민트색,민트
239,107,27,ko,주황,주황색,주황
123,25,70,ko,자주,자주색,자주
190,56,218,ko,꽃보라,꽃보라색,꽃보라
63,177,159,ko,에머랄드,에머랄드색,에머랄드
235,231,166,ko,크림,크림색,크림
224,138,209,ko,분홍,분홍색,분홍
165,57,17,ko,갈색,갈색,갈
215,153,61,ko,황색,황색,황
255,222,103,ko,노랑,노랑색,노랑
132,203,53,ko,연두,연두색,연두
177,108,132,ko,딮핑크,딮핑크색,딮핑크
255,105,129,ko,진분홍,진분홍색,진분홍
147,220,153,ko,연연두,연연두색,연연두
44,83,170,ko,파랑,파랑색,파랑
36,10,54,ko,진남색,진남색,진남
1,80,17,ko,청록,청록색,청록
245,153,112,ko,귤색,귤색,귤
102,146,240,ko,진하늘,진하늘색,진하늘
148,95,78,ko,쵸코,쵸코색,쵸코
197,163,219,ko,자주,자주색,자주
169,206,242,ko,하늘,하늘색,하늘
82,202,26,ko,연두,연두색,연두
62,201,133,ko,연두,연두색,연두
81,17,50,ko,보라,보라색,보라
221,174,173,ko,살,살색,살
129,121,4,ko,고둥,고둥색,고둥
190,44,95,ko,자주,자주색,자주
226,67,162,ko,자주,자주색,자주
85,181,193,ko,하늘,하늘색,하늘
197,110,183,ko,자주,자주색,자주
32,2,21,ko,검정,검정색,검정
99,173,165,ko,비취색,비취색,비취
51,193,236,ko,하늘색,하늘색,하늘
83,227,25,ko,연두색,연두색,연두
176,236,136,ko,연두색,연두색,연두
171,228,74,ko,연두색,연두색,연두
52,29,57,ko,검정색,검정색,검정
211,219,43,ko,노랑,노랑색,노랑
157,10,150,ko,자주,자주색,자주
114,134,75,ko,녹색,녹색,녹
213,209,163,ko,누런색,누런색,누런
20,71,175,ko,파랑,파랑색,파랑
173,136,202,ko,연보라,연보라색,연보라
38,192,165,ko,옥색,옥색,옥
110,62,224,ko,파랑,파랑색,파랑
245,183,171,ko,살색,살색,살
106,125,148,ko,회색,회색,회
75,72,90,ko,검정색,검정색,검정
241,214,114,ko,노랑,노랑색,노랑
219,27,153,ko,분홍색,분홍색,분홍
36,25,215,ko,파랑색,파랑색,파랑
83,144,39,ko,녹색,녹색,녹
199,60,79,ko,빨강,빨강색,빨강
214,92,180,ko,분홍,분홍색,분홍
245,115,149,ko,분홍,분홍색,분홍
3,73,119,ko,남청색,남청색,남청
90,60,160,ko,보라색,보라색,보라
225,186,173,ko,살구색,살구색,살구
48,100,101,ko,청록색,청록색,청록
42,27,161,ko,청색,청색,청
25,237,95,ko,형광연두,형광연두색,형광연두
139,221,200,ko,청자색,청자색,청자
158,141,135,ko,회갈색,회갈색,회갈
229,188,226,ko,연분홍,연분홍색,연분홍
188,19,74,ko,적자색,적자색,적자
43,211,222,ko,하늘색,하늘색,하늘
179,34,215,ko,꽃분홍색,꽃분홍색,꽃분홍
51,81,15,ko,진녹색,진녹색,진녹
121,23,155,ko,보라색,보라색,보라
156,182,41,ko,풀색,풀색,풀
30,9,16,ko,진회색,진회색,진회
45,149,254,ko,연파랑색,연파랑색,연파랑
10,62,42,ko,청록색,청록색,청록
215,245,194,ko,연초록색,연초록색,연초록
248,71,221,ko,분홍색,분홍색,분홍
187,104,162,ko,담분홍색,담분홍색,담분홍
24,166,88,ko,초록색,초록색,초록
12,86,254,ko,파란색,파란색,파랑
230,87,44,ko,주황색,주황색,주황
238,108,105,ko,살구색,살구색,살구
115,55,51,ko,갈색,갈색,갈
82,186,11,ko,초록색,초록색,초록
245,243,32,ko,노랑색,노랑색,노랑
238,67,175,ko,분홍색,분홍색,분홍
219,133,60,ko,연갈색,연갈색,연갈
152,236,138,ko,연초록,연초록색,연초록
17,153,186,ko,바다색,바다색,바다
104,43,94,ko,보라색,보라색,보라
139,173,197,ko,회청색,회청색,회청
129,142,38,ko,풀색,풀색,풀
53,29,56,ko,검정색,검정색,검정
139,114,243,ko,연보라,연보라색,연보라
103,130,111,ko,카키,카키색,카키
235,167,66,ko,황토,황토색,황토
253,99,254,ko,분홍,분홍색,분홍
192,30,245,ko,보라,보라색,보라
33,128,202,ko,파랑,파랑색,파랑
182,199,252,ko,상아,상아색,상아
178,97,60,ko,갈,갈색,갈
105,37,57,ko,고동,고동색,고동
245,127,146,ko,ㅌ,ㅌ색,ㅌ
69,242,223,ko,사이언,사이언색,사이언
78,252,109,ko,형광연두,형광연두색,형광연두
196,135,132,ko,인디안핑크,인디안핑크색,인디안핑크
138,90,137,ko,보라,보라색,보라
79,170,48,ko,초록,초록색,초록
135,123,28,ko,풀색,풀색,풀
51,16,78,ko,남보라,남보라색,남보라
98,182,231,ko,하늘,하늘색,하늘
224,151,103,ko,주황,주황색,주황
215,82,214,ko,진달래,진달래색,진달래
243,255,161,ko,형광노랑,형광노랑색,형광노랑
190,199,227,ko,민트,민트색,민트
36,96,26,ko,수박,수박색,수박
147,21,177,ko,보라색,보라색,보라
3,216,239,ko,하늘색,하늘색,하늘
136,120,200,ko,바이올렛,바이올렛색,바이올렛
7,212,186,ko,그린,그린색,그린
246,3,134,ko,핑크색,핑크색,핑크
36,61,18,ko,청록색,청록색,청록
100,135,109,ko,녹색,녹색,녹
40,88,199,ko,파랑,파랑색,파랑
204,26,57,ko,빨강,빨강색,빨강
192,122,35,ko,황토색,황토색,황토
75,34,190,ko,청보라,청보라색,청보라
233,84,253,ko,분홍,분홍색,분홍
216,140,197,ko,연보라,연보라색,연보라
254,147,152,ko,연주황,연주황색,연주황
164,129,145,ko,팥죽색,팥죽색,팥죽
121,31,86,ko,진자주,진자주색,진자주
126,166,106,ko,연녹색,연녹색,연녹
35,143,27,ko,초록,초록색,초록
245,129,96,ko,주황색,주황색,주황
196,214,246,ko,스카이,스카이색,스카이
178,254,199,ko,형광그린,형광그린색,형광그린
56,78,141,ko,진파랑,진파랑색,진파랑
245,196,149,ko,살색,살색,살
166,28,137,ko,자주색,자주색,자주
84,155,209,ko,진파랑,진파랑색,진파랑
50,201,14,ko,그린,그린색,그린
179,203,180,ko,민트,민트색,민트
125,118,49,ko,적녹색,적녹색,적녹
206,227,123,ko,연두,연두색,연두
59,160,117,ko,청그린,청그린색,청그린
135,173,30,ko,녹색,녹색,녹
57,3,70,ko,적자주,적자주색,적자주
9,46,135,ko,진청,진청색,진청
117,201,108,ko,진연두,진연두색,진연두
130,166,252,ko,블루,블루색,블루
250,34,203,ko,핫핑크,핫핑크색,핫핑크
64,1,80,ko,진한 자주,진한 자주색,진자주
239,92,126,ko,다홍,다홍색,다홍
147,178,150,ko,해록,해록색,해록
229,22,8,ko,빨강,빨강색,빨강
17,52,105,ko,진한 청록,진한 청록색,진청록
168,35,23,ko,진한 빨강,진한 빨강색,진빨강
172,147,38,ko,진한 노랑,진한 노랑색,진노랑
198,230,15,ko,라임,라임색,라임
90,94,253,ko,밝은 청회색,밝은 청회색,밝은청회
152,237,250,ko,연한 옥색,연한 옥색,연옥
155,113,99,ko,연한 밤색,연한 밤색,연밤
15,152,139,ko,청록,청록색,청록
247,93,18,ko,주황색,주황색,주황
242,212,207,ko,주황색에 한지 덮여있는 색깔,주황색에 한지 덮여있는 색깔색,주황색에한지덮여있는색깔
15,87,38,ko,진한 초록,진한 초록색,진초록
113,22,25,ko,빨강이랑 갈색 섞은 색깔?,빨강이랑 갈색 섞은 색깔?색,빨강이랑갈색섞은색깔?
136,149,167,ko,파란기가 도는 회색,파란기가 도는 회색,파랑기가도는회
207,248,57,ko,노랑형광,노랑형광색,노랑형광
211,4,28,ko,빨간색,빨간색,빨강
89,47,54,ko,갈색이랑 보라색,갈색이랑 보라색,갈색이랑보라
160,192,133,ko,녹색,녹색,녹
123,101,186,ko,보라색,보라색,보라
7,35,25,ko,검은색,검은색,검정
32,123,162,ko,파란색,파란색,파랑
213,192,32,ko,은행잎색,은행잎색,은행잎
224,122,132,ko,핑크,핑크색,핑크
88,112,96,ko,어두운 녹색,어두운 녹색,어두운녹
10,36,181,ko,코발트블루,코발트블루색,코발트블루
34,90,208,ko,블루,블루색,블루
116,227,175,ko,민트,민트색,민트
146,17,243,ko,형광기도는 보라,형광기도는 보라색,형광기도는보라
5,204,72,ko,형광녹색,형광녹색,형광녹
197,142,217,ko,파스텔퍼플,파스텔퍼플색,파스텔퍼플
160,151,42,ko,모르겠어요,모르겠어요색,모르겠어요
64,69,117,ko,모르겠어요,모르겠어요색,모르겠어요
219,170,63,ko,은행잎색?,은행잎색?색,은행잎색?
224,138,27,ko,어두운 오랜지,어두운 오랜지색,어두운오랜지
236,108,255,ko,핑크랑 퍼플이랑,핑크랑 퍼플이랑색,핑크랑퍼플이랑
21,2,234,ko,코발트블루,코발트블루색,코발트블루
61,10,125,ko,어두운보라,어두운보라색,어두운보라
27,23,49,ko,어두운 네이비,어두운 네이비색,어두운네이비
40,121,36,ko,그린,그린색,그린
151,71,16,ko,갈색,갈색,갈
135,21,166,ko,보라,보라색,보라
220,213,114,ko,어두운 레몬,어두운 레몬색,어두운레몬
132,189,185,ko,민트에서 바다색깔이 섞임,민트에서 바다색깔이 섞임색,민트에서바다색깔이섞임
69,134,213,ko,선명해진 블루,선명해진 블루색,선명해진블루
229,137,187,ko,핑크!!,핑크!!색,핑크!!
58,37,60,ko,찐한 보라색,찐한 보라색,찐한보라
71,147,28,ko,초록색,초록색,초록
173,177,237,ko,연한 보라색,연한 보라색,연보라
7,94,122,ko,네이비,네이비색,네이비
48,188,58,ko,연두색,연두색,연두
72,197,207,ko,하늘색,하늘색,하늘
214,25,175,ko,분홍색,분홍색,분홍
106,4,112,ko,보라색,보라색,보라
155,36,29,ko,찐한 빨간색,찐한 빨간색,찐한빨강
255,189,68,ko,노란색,노란색,노랑
169,237,59,ko,형광 연두색,형광 연두색,형광연두
243,33,32,ko,빨간색,빨간색,빨강
147,240,225,ko,민트색,민트색,민트
200,133,243,ko,연한 보라색,연한 보라색,연보라
205,142,119,ko,인디언핑크,인디언핑크색,인디언핑크
166,242,178,ko,뽕따색,뽕따색,뽕따
128,85,146,ko,탁한보라,탁한보라색,탁한보라
181,51,215,ko,촌스러운보라,촌스러운보라색,촌스러운보라
164,162,178,ko,연보라,연보라색,연보라
8,146,179,ko,코발트블루,코발트블루색,코발트블루
12,209,50,ko,샙그린라이트,샙그린라이트색,샙그린라이트
69,164,59,ko,탁한샙그린,탁한샙그린색,탁한샙그린
27,142,77,ko,에메랄드그린,에메랄드그린색,에메랄드그린
135,12,74,ko,자색,자색,자
219,159,36,ko,탁한개나리색,탁한개나리색,탁한개나리
248,151,108,ko,탁한피치색,탁한피치색,탁한피치
202,206,196,ko,보랏빛회색,보랏빛회색,보랏빛회
198,126,166,ko,라일라색,라일라색,라일라
240,84,189,ko,진달래색,진달래색,진달래
146,149,33,ko,풀색,풀색,풀
52,2,248,ko,울트라마린라이트,울트라마린라이트색,울트라마린라이트
22,187,166,ko,옥색,옥색,옥
141,139,123,ko,밝은회색,밝은회색,밝은회
61,70,67,ko,탁한인디고,탁한인디고색,탁한인디고
77,14,184,ko,보라색,보라색,보라
96,40,81,ko,탁한보라색,탁한보라색,탁한보라
156,76,35,ko,탁한황토색,탁한황토색,탁한황토
131,118,156,ko,탁한연보라,탁한연보라색,탁한연보라
87,109,14,ko,샙그린,샙그린색,샙그린
65,17,142,ko,보라,보라색,보라
19,34,109,ko,울트라마린딥블루,울트라마린딥블루색,울트라마린딥블루
82,87,189,ko,코발트블루,코발트블루색,코발트블루
37,51,6,ko,진한샙그린,진한샙그린색,진샙그린
162,143,80,ko,푸른베이지,푸른베이지색,푸른베이지
243,237,22,ko,채도가낮은노랑,채도가낮은노랑색,채도가낮은노랑
35,199,230,ko,옥색,옥색,옥
11,84,46,ko,푸른에메랄드그린,푸른에메랄드그린색,푸른에메랄드그린
243,198,166,ko,베이지베이비핑크,베이지베이비핑크색,베이지베이비핑크
159,76,175,ko,탁하고연한보라,탁하고연한보라색,탁하고연보라
173,33,23,ko,번트시에나,번트시에나색,번트시에나
168,29,206,ko,보라색,보라색,보라
36,206,191,ko,연청생,연청생색,연청생
123,140,97,ko,카키색,카키색,카키
97,38,142,ko,진보라색,진보라색,진보라
198,192,69,ko,황색,황색,황
5,129,148,ko,진녹색,진녹색,진녹
89,87,25,ko,진갈색,진갈색,진갈
240,82,223,ko,분홍색,분홍색,분홍
113,87,91,ko,연갈색,연갈색,연갈
249,159,76,ko,주황색,주황색,주황
22,36,29,ko,검정색,검정색,검정
46,11,52,ko,남색,남색,남
8,245,47,ko,형광녹색,형광녹색,형광녹
133,196,70,ko,녹색,녹색,녹
72,98,97,ko,짙은 청록색,짙은 청록색,짙은청록
241,165,247,ko,분홍색,분홍색,분홍
164,107,32,ko,황토색,황토색,황토
153,62,210,ko,형광보라,형광보라색,형광보라
121,65,157,ko,보라색,보라색,보라
121,242,217,ko,하늘색,하늘색,하늘
12,6,24,ko,검정색,검정색,검정
241,185,188,ko,파스텔분홍색,파스텔분홍색,파스텔분홍
93,84,201,ko,남색,남색,남
229,26,74,ko,진분홍색,진분홍색,진분홍
161,145,203,ko,연보라,연보라색,연보라
233,127,145,ko,분홍색,분홍색,분홍
218,86,138,ko,진한분홍색,진한분홍색,진분홍
84,86,132,ko,남색,남색,남
29,117,220,ko,파랑색,파랑색,파랑
216,74,9,ko,다홍색,다홍색,다홍
88,249,125,ko,에메랄드색,에메랄드색,에메랄드
223,250,180,ko,파스텔에베랄드색,파스텔에베랄드색,파스텔에베랄드
107,122,79,ko,녹색,녹색,녹
64,22,52,ko,진한 보라색,진한 보라색,진보라
169,43,73,ko,자주색,자주색,자주
93,168,144,ko,청록색,청록색,청록
204,237,214,ko,파스텔 하늘색,파스텔 하늘색,파스텔하늘
48,192,234,ko,진한 하늘색,진한 하늘색,진하늘
81,165,95,ko,녹색,녹색,녹
125,71,37,ko,갈색,갈색,갈
160,156,55,ko,황록색,황록색,황록
119,80,74,ko,갈색,갈색,갈
169,169,152,ko,회색,회색,회
223,196,241,ko,파스텔보라색,파스텔보라색,파스텔보라
138,66,99,ko,보라색,보라색,보라
232,151,70,ko,황갈색,황갈색,황갈
21,15,96,ko,곤색,곤색,곤
248,72,198,ko,분홍색,분홍색,분홍
49,140,200,ko,파랑색,파랑색,파랑
88,58,151,ko,보라색,보라색,보라
116,71,56,ko,갈색,갈색,갈
216,141,52,ko,주황색,주황색,주황
229,199,32,ko,노랑색,노랑색,노랑
240,1,255,ko,분홍색,분홍색,분홍
66,198,164,ko,청녹색,청녹색,청록
73,25,163,ko,보라색,보라색,보라
137,190,92,ko,연두색,연두색,연두
62,166,204,ko,하늘색,하늘색,하늘
135,63,247,ko,보라색,보라색,보라
37,49,47,ko,녹색,녹색,녹
187,34,133,ko,자주색,자주색,자주
110,22,52,ko,적색,적색,적
95,91,123,ko,보라색,보라색,보라
220,143,158,ko,분홍색,분홍색,분홍
205,93,148,ko,자주색,자주색,자주
69,91,59,ko,녹색,녹색,녹
237,249,44,ko,노란색,노란색,노랑
138,214,208,ko,하늘색,하늘색,하늘
73,198,81,ko,연두색,연두색,연두
232,194,151,ko,연분홍색,연분홍색,연분홍
143,158,116,ko,녹색,녹색,녹
229,228,137,ko,레몬색,레몬색,레몬
237,146,125,ko,분홍색,분홍색,분홍
171,5,200,ko,자주색,자주색,자주
20,11,192,ko,파랑색,파랑색,파랑
250,55,231,ko,자주색,자주색,자주
121,212,42,ko,연두색,연두색,연두
138,137,133,ko,회색,회색,회
166,93,193,ko,보라색,보라색,보라
35,249,185,ko,녹색,녹색,녹
199,19,68,ko,빨강색,빨강색,빨강
237,91,77,ko,주황색,주황색,주황
196,172,254,ko,연보라색,연보라색,연보라
101,138,239,ko,하늘색,하늘색,하늘
143,107,237,ko,보라색,보라색,보라
137,230,163,ko,연한 녹색,연한 녹색,연녹
0,162,34,ko,초록색,초록색,초록
231,89,76,ko,선홍색,선홍색,선홍
118,205,248,ko,하늘색,하늘색,하늘
174,76,164,ko,자주색,자주색,자주
234,35,16,ko,빨간색,빨간색,빨강
212,149,44,ko,황토색,황토색,황토
247,182,183,ko,분홍색,분홍색,분홍
152,135,224,ko,연보라색,연보라색,연보라
201,110,82,ko,흙색,흙색,흙
94,161,135,ko,청록색,청록색,청록
41,43,124,ko,진한 파란색,진한 파란색,진파랑
162,251,119,ko,연한 녹색,연한 녹색,연녹
86,29,239,ko,보라색,보라색,보라
192,159,131,ko,연한 갈색,연한 갈색,연갈
39,64,4,ko,검은색,검은색,검정
84,198,13,ko,풀색,풀색,풀
223,217,38,ko,노란색,노란색,노랑
223,189,222,ko,분홍색,분홍색,분홍
34,29,44,ko,남색,남색,남
44,6,152,ko,진한 파란색,진한 파란색,진파랑
6,228,157,ko,연한 청록색,연한 청록색,연청록
252,189,145,ko,연주황색,연주황색,연주황
218,70,104,ko,진홍색,진홍색,진홍
58,147,192,ko,푸른색,푸른색,푸른
143,62,186,ko,보라색,보라색,보라
86,238,251,ko,하늘색,하늘색,하늘
116,255,11,ko,연한 녹색,연한 녹색,연녹
105,105,245,ko,푸른색,푸른색,푸른
207,243,134,ko,연한 녹색,연한 녹색,연녹
30,59,103,ko,남색,남색,남
82,123,31,ko,풀색,풀색,풀
248,27,198,ko,진한 분홍색,진한 분홍색,진분홍
104,71,81,ko,고동색,고동색,고동
85,226,36,ko,연두색,연두색,연두
249,87,60,ko,주황색,주황색,주황
213,1,82,ko,다홍색,다홍색,다홍
127,63,27,ko,갈색,갈색,갈
70,24,155,ko,남색,남색,남
211,122,145,ko,모름,모름색,모름
51,207,94,ko,초록색,초록색,초록
84,27,254,ko,싸이언,싸이언색,싸이언
46,18,80,ko,남색,남색,남
151,79,162,ko,보라색,보라색,보라
207,100,238,ko,연보라색,연보라색,연보라
203,247,157,ko,연두색,연두색,연두
234,235,204,ko,모름,모름색,모름
6,89,224,ko,파란색,파란색,파랑
249,48,206,ko,분홍색,분홍색,분홍
180,198,97,ko,연두색,연두색,연두
22,129,62,ko,초록색,초록색,초록
12,103,205,ko,파란색,파란색,파랑
164,136,75,ko,황토색,황토색,황토
82,188,218,ko,비취색,비취색,비취
106,88,34,ko,황토색,황토색,황토
246,176,183,ko,연분홍색,연분홍색,연분홍
141,188,39,ko,초록색,초록색,초록
44,230,174,ko,에매랄드,에매랄드색,에매랄드
229,201,56,ko,개나리색,개나리색,개나리
89,113,44,ko,카키색,카키색,카키
255,198,139,ko,상아색,상아색,상아
27,88,74,ko,청록색,청록색,청록
41,171,8,ko,초록색,초록색,초록
42,184,170,ko,비취색,비취색,비취
171,69,69,ko,모름,모름색,모름
235,68,161,ko,분홍색,분홍색,분홍
61,40,40,ko,곤색,곤색,곤
242,158,231,ko,연분홍합,연분홍합색,연분홍합
58,213,219,ko,민트색,민트색,민트
97,127,100,ko,탁한녹색,탁한녹색,탁한녹
95,92,124,ko,탁한보라색,탁한보라색,탁한보라
146,65,102,ko,탁한핑크색,탁한핑크색,탁한핑크
134,3,26,ko,와인빛붉은색,와인빛붉은색,와인빛붉은
178,127,124,ko,핑크빛연갈색,핑크빛연갈색,핑크빛연갈
121,74,41,ko,고동색,고동색,고동
170,237,167,ko,형광연두녹색,형광연두녹색,형광연두녹
254,205,113,ko,주황노랑색,주황노랑색,주황노랑
16,148,253,ko,새파란색,새파란색,새파랑
157,96,208,ko,밝은보라색,밝은보라색,밝은보라
173,237,53,ko,형광연두색,형광연두색,형광연두
213,223,217,ko,회색빛에메랄드색,회색빛에메랄드색,회색빛에메랄드
170,15,200,ko,진보라색,진보라색,진보라
22,246,74,ko,형광진연두색,형광진연두색,형광진연두
241,47,157,ko,형광진핑크색,형광진핑크색,형광진핑크
35,199,169,ko,밝은청록색,밝은청록색,밝은청록
81,213,71,ko,진연두색,진연두색,진연두
69,136,175,ko,푸른빛옥색,푸른빛옥색,푸른빛옥
238,2,194,ko,형광핑크색,형광핑크색,형광핑크
216,114,253,ko,밝은보라색,밝은보라색,밝은보라
225,143,99,ko,진황토색,진황토색,진황토
234,5,88,ko,빨간색,빨간색,빨강
22,79,63,ko,어두운진녹색,어두운진녹색,어두운진녹
164,7,68,ko,검붉은색,검붉은색,검붉은
216,49,13,ko,빨간색,빨간색,빨강
43,53,53,ko,검정색,검정색,검정
64,116,50,ko,진초록색,진초록색,진초록
116,90,169,ko,탁한보라색,탁한보라색,탁한보라
218,247,131,ko,형광연한연두색,형광연한연두색,형광연연두
202,89,175,ko,탁한형광핑크색,탁한형광핑크색,탁한형광핑크
168,232,210,ko,에메랄드색,에메랄드색,에메랄드
249,189,49,ko,탁한주황색,탁한주황색,탁한주황
174,139,58,ko,밝은고동색,밝은고동색,밝은고동
100,173,120,ko,탁한초록색,탁한초록색,탁한초록
244,95,116,ko,다홍색,다홍색,다홍
252,159,72,ko,주황,주황색,주황
20,218,205,ko,하늘,하늘색,하늘
82,11,138,ko,보라,보라색,보라
145,36,147,ko,자주,자주색,자주
47,209,36,ko,형광,형광색,형광
214,27,232,ko,진분홍,진분홍색,진분홍
91,137,209,ko,연남색,연남색,연남
4,22,171,ko,파랑,파랑색,파랑
177,225,44,ko,연두,연두색,연두
208,157,217,ko,분홍,분홍색,분홍
215,46,78,ko,빨강,빨강색,빨강
9,186,74,ko,초록,초록색,초록
161,236,103,ko,연두,연두색,연두
15,197,99,ko,초록,초록색,초록
214,241,160,ko,황녹색,황녹색,황녹
7,216,1,ko,연녹색,연녹색,연녹
130,157,146,ko,청회색,청회색,청회
165,69,242,ko,보라,보라색,보라
71,17,212,ko,남색,남색,남
135,236,170,ko,연두,연두색,연두
143,178,109,ko,카키,카키색,카키
194,31,56,ko,빨강,빨강색,빨강
141,140,6,ko,향토,향토색,향토
94,162,65,ko,암녹색,암녹색,암녹
22,39,145,ko,남색,남색,남
172,16,111,ko,적자색,적자색,적자
60,180,146,ko,청녹,청녹색,청록
118,71,110,ko,보라,보라색,보라
200,225,5,ko,황녹,황녹색,황녹
78,62,11,ko,짙은카키,짙은카키색,짙은카키
79,35,21,ko,갈색,갈색,갈
166,236,202,ko,민트,민트색,민트
240,12,104,ko,다홍,다홍색,다홍
193,49,190,ko,꽃분홍,꽃분홍색,꽃분홍
188,150,251,ko,연보라,연보라색,연보라
22,74,74,ko,짙은녹색,짙은녹색,짙은녹
49,84,122,ko,네이비,네이비색,네이비
188,74,89,ko,빨강,빨강색,빨강
223,142,36,ko,주황,주황색,주황
5,121,145,ko,청녹,청녹색,청록
20,184,253,ko,하늘,하늘색,하늘
239,213,252,ko,연보라,연보라색,연보라
47,125,67,ko,짙은 녹색,짙은 녹색,짙은녹
52,36,46,ko,암갈색,암갈색,암갈
63,248,226,ko,형광민트,형광민트색,형광민트
133,62,73,ko,코코아,코코아색,코코아
215,183,84,ko,황토,황토색,황토
58,95,181,ko,파란,파란색,파랑
17,210,89,ko,연두색,연두색,연두
191,155,69,ko,겨자색,겨자색,겨자
135,76,150,ko,바이올렛색,바이올렛색,바이올렛
129,4,151,ko,보라색,보라색,보라
119,177,62,ko,녹두색,녹두색,녹두
250,154,88,ko,주황색,주황색,주황
250,97,92,ko,빨간색,빨간색,빨강
73,119,207,ko,파란색,파란색,파랑
89,120,45,ko,녹두색,녹두색,녹두
34,34,162,ko,남색,남색,남
42,31,7,ko,검은색,검은색,검정
247,48,125,ko,핑크색,핑크색,핑크
97,214,247,ko,하늘,하늘색,하늘
98,65,237,ko,남보라,남보라색,남보라
232,226,224,ko,옅은 회색,옅은 회색,옅은회
254,45,126,ko,빨강,빨강색,빨강
182,47,113,ko,빨강,빨강색,빨강
135,90,223,ko,연보라,연보라색,연보라
249,72,224,ko,연분홍,연분홍색,연분홍
135,138,76,ko,흙색,흙색,흙
115,143,42,ko,진초록,진초록색,진초록
135,34,53,ko,검붉은색,검붉은색,검붉은
98,168,27,ko,초록,초록색,초록
85,39,60,ko,고동색,고동색,고동
145,100,135,ko,갈색,갈색,갈
26,161,207,ko,하늘색,하늘색,하늘
38,62,140,ko,파랑색,파랑색,파랑
48,114,253,ko,파랑색,파랑색,파랑
121,188,116,ko,초록,초록색,초록
112,116,89,ko,고동색,고동색,고동
186,171,20,ko,겨자색,겨자색,겨자
11,80,98,ko,곤색,곤색,곤
101,114,136,ko,회색,회색,회
22,9,89,ko,남색,남색,남
26,110,11,ko,초록색,초록색,초록
210,232,189,ko,연두색,연두색,연두
241,174,149,ko,살색,살색,살
59,114,2,ko,초록색,초록색,초록
122,135,30,ko,풀색,풀색,풀
254,69,202,ko,분홍색,분홍색,분홍
127,191,230,ko,하늘색,하늘색,하늘
43,117,152,ko,짙은파란색,짙은파란색,짙은파랑
176,8,98,ko,다홍색,다홍색,다홍
38,206,29,ko,연두색,연두색,연두
93,181,133,ko,파스텔색,파스텔색,파스텔
74,173,176,ko,청록색,청록색,청록
204,222,206,ko,민트색,민트색,민트
104,119,76,ko,짙은풀색,짙은풀색,짙은풀
161,170,138,ko,회녹색,회녹색,회녹
104,109,39,ko,올리브색,올리브색,올리브
29,49,91,ko,진보라,진보라색,진보라
60,240,154,ko,형광녹색,형광녹색,형광녹
101,227,56,ko,연두색,연두색,연두
95,41,161,ko,보라색,보라색,보라
185,101,170,ko,분홍색,분홍색,분홍
63,225,179,ko,옥색,옥색,옥
18,131,56,ko,녹색,녹색,녹
71,80,250,ko,파란색,파란색,파랑
169,217,58,ko,연두색,연두색,연두
224,241,153,ko,개나리색,개나리색,개나리
85,103,95,ko,녹색,녹색,녹
67,26,20,ko,검정색,검정색,검정
238,38,11,ko,빨간색,빨간색,빨강
33,132,252,ko,하늘색,하늘색,하늘
209,41,182,ko,진분홍,진분홍색,진분홍
114,31,17,ko,갈색,갈색,갈
239,174,106,ko,살구색,살구색,살구
75,14,202,ko,보라색,보라색,보라
148,181,200,ko,연하늘색,연하늘색,연하늘
214,121,121,ko,분홍색,분홍색,분홍
62,159,38,ko,풀색,풀색,풀
159,212,174,ko,밝은연두색,밝은연두색,밝은연두
7,137,79,ko,초록,초록색,초록
22,78,33,ko,짙초록,짙초록색,짙초록
81,104,202,ko,파랑색,파랑색,파랑
59,54,238,ko,파랑색,파랑색,파랑
76,78,221,ko,코발트블루,코발트블루색,코발트블루
32,182,193,ko,청록색,청록색,청록
158,3,171,ko,보라색,보라색,보라
77,244,20,ko,연두색,연두색,연두
220,94,211,ko,진분홍색,진분홍색,진분홍
114,197,155,ko,민트색,민트색,민트
153,53,115,ko,자주색,자주색,자주
13,132,46,ko,녹색,녹색,녹
236,39,98,ko,홍매색,홍매색,홍매
194,142,33,ko,황토색,황토색,황토
129,176,43,ko,초록색,초록색,초록
174,119,217,ko,연보라색,연보라색,연보라
195,217,50,ko,연두색,연두색,연두
160,87,17,ko,갈색,갈색,갈
75,2,24,ko,적갈색,적갈색,적갈
67,29,5,ko,흑갈색,흑갈색,흑갈
244,107,2,ko,주황색,주황색,주황
48,36,148,ko,남색,남색,남
85,195,162,ko,청록색,청록색,청록
9,116,251,ko,파랑색,파랑색,파랑
15,125,150,ko,암청색,암청색,암청
255,37,171,ko,분홍색,분홍색,분홍
180,48,201,ko,보라색,보라색,보라
236,34,63,ko,빨간색,빨간색,빨강
1,145,147,ko,청록색,청록색,청록
164,70,249,ko,형광보라색,형광보라색,형광보라
62,62,174,ko,군청색,군청색,군청
96,99,107,ko,진회색,진회색,진회
113,89,145,ko,회보라색,회보라색,회보라
72,224,215,ko,민트색,민트색,민트
194,25,81,ko,자주색,자주색,자주
166,144,25,ko,올리브색,올리브색,올리브
96,184,156,ko,옥색,옥색,옥
170,250,92,ko,형광연두색,형광연두색,형광연두
33,221,174,ko,민트색,민트색,민트
95,120,70,ko,쑥색,쑥색,쑥
164,105,142,ko,할미색,할미색,할미
2,41,250,ko,코발트블루,코발트블루색,코발트블루
244,115,128,ko,진분홍색,진분홍색,진분홍
42,221,97,ko,연두색,연두색,연두
108,57,58,ko,고동색,고동색,고동
85,20,89,ko,진보라색,진보라색,진보라
47,122,147,ko,청록색,청록색,청록
173,171,226,ko,연보라색,연보라색,연보라
24,132,32,ko,초록색,초록색,초록
170,99,71,ko,갈색,갈색,갈
100,204,243,ko,하늘색,하늘색,하늘
31,195,14,ko,연두색,연두색,연두
235,47,11,ko,빨간색,빨간색,빨강
196,66,51,ko,버건디,버건디색,버건디
30,148,88,ko,아,아색,아
136,27,93,ko,시발,시발색,시발
124,31,151,ko,몰라,몰라색,몰라
226,114,225,ko,ㅅㅂ,ㅅㅂ색,ㅅㅂ
233,105,48,ko,ㅅㅂ,ㅅㅂ색,ㅅㅂ
107,119,247,ko,ㅅㅂ,ㅅㅂ색,ㅅㅂ
165,161,138,ko,ㅅㅂ,ㅅㅂ색,ㅅㅂ
175,139,91,ko,ㅅㅂ,ㅅㅂ색,ㅅㅂ
95,24,115,ko,보라,보라색,보라
6,178,66,ko,초록,초록색,초록
12,71,150,ko,남색,남색,남
70,43,87,ko,짙은 보라,짙은 보라색,짙은보라
241,193,249,ko,연분홍,연분홍색,연분홍
5,253,115,ko,에메랄드,에메랄드색,에메랄드
242,230,92,ko,노란색,노란색,노랑
217,144,95,ko,황토색,황토색,황토
152,252,169,ko,민트색,민트색,민트
74,16,7,ko,검보라색,검보라색,검보라
9,207,232,ko,하늘색,하늘색,하늘
124,5,53,ko,자주색,자주색,자주
25,236,74,ko,연두색,연두색,연두
119,44,195,ko,보라색,보라색,보라
236,6,92,ko,밝은 분홍색,밝은 분홍색,밝은분홍
68,97,125,ko,암청색,암청색,암청
79,43,245,ko,파란색,파란색,파랑
180,107,155,ko,옅은 보라색,옅은 보라색,옅은보라
201,106,223,ko,연보라,연보라색,연보라
123,151,31,ko,풀색,풀색,풀
155,159,251,ko,옅은 하늘색,옅은 하늘색,옅은하늘
173,148,134,ko,회갈색,회갈색,회갈
183,59,156,ko,보라색,보라색,보라
176,104,16,ko,황갈색,황갈색,황갈
238,92,107,ko,적분홍색,적분홍색,적분홍
31,237,130,ko,밝은 초록색,밝은 초록색,밝은초록
206,16,203,ko,밝은 보라색,밝은 보라색,밝은보라
234,203,193,ko,밝은 살색,밝은 살색,밝은살
30,84,8,ko,초록색,초록색,초록
118,100,229,ko,밝은 파랑색,밝은 파랑색,밝은파랑
38,163,104,ko,초록색,초록색,초록
30,1,21,ko,검은색,검은색,검정
70,81,55,ko,카키색,카키색,카키
21,245,191,ko,민트색,민트색,민트
145,194,226,ko,하늘색,하늘색,하늘
112,82,80,ko,갈색,갈색,갈
15,18,61,ko,곤색,곤색,곤
58,17,137,ko,보라색,보라색,보라
16,167,216,ko,하늘색,하늘색,하늘
35,147,10,ko,초록색,초록색,초록
253,7,6,ko,빨강색,빨강색,빨강
247,171,14,ko,진한 노란색,진한 노란색,진노랑
172,242,149,ko,연두색,연두색,연두
26,186,201,ko,하늘색,하늘색,하늘
142,9,127,ko,자주색,자주색,자주
243,250,141,ko,연노랑색,연노랑색,연노랑
6,45,215,ko,파란색,파란색,파랑
241,223,216,ko,살구색,살구색,살구
181,82,232,ko,연보라색,연보라색,연보라
24,29,33,ko,검은색,검은색,검정
31,216,143,ko,연초록색,연초록색,연초록
133,58,70,ko,갈색,갈색,갈
50,119,117,ko,청록색,청록색,청록
13,174,57,ko,초록색,초록색,초록
3,156,157,ko,틸,틸색,틸
95,86,44,ko,감청,감청색,감청
151,42,185,ko,보라,보라색,보라
186,54,89,ko,홍매,홍매색,홍매
12,33,88,ko,남색,남색,남
90,202,68,ko,수수깡 초록,수수깡 초록색,수수깡초록
146,158,186,ko,연회청,연회청색,연회청
139,184,150,ko,슬레이트,슬레이트색,슬레이트
41,40,8,ko,매우 진한 갈색,매우 진한 갈색,매우진갈
136,64,75,ko,진홍매,진홍매색,진홍매
191,160,214,ko,연보라,연보라색,연보라
135,93,195,ko,제비꽃색,제비꽃색,제비꽃
92,21,26,ko,적갈색,적갈색,적갈
175,39,178,ko,진달래색,진달래색,진달래
233,140,148,ko,산호색,산호색,산호
10,16,27,ko,검정색,검정색,검정
91,124,64,ko,쑥색,쑥색,쑥
70,236,91,ko,형광연두색,형광연두색,형광연두
247,154,213,ko,연분홍색,연분홍색,연분홍
68,213,244,ko,마젠타,마젠타색,마젠타
219,33,93,ko,다홍색,다홍색,다홍
137,127,42,ko,쑥갈색,쑥갈색,쑥갈
153,200,6,ko,짙은연두색,짙은연두색,짙은연두
232,23,6,ko,빨간색,빨간색,빨강
53,246,16,ko,형광연두색,형광연두색,형광연두
253,253,37,ko,개나리색,개나리색,개나리
216,110,69,ko,적갈색,적갈색,적갈
86,147,134,ko,청록색,청록색,청록
4,75,104,ko,바다색,바다색,바다
16,163,96,ko,풀색,풀색,풀
67,23,79,ko,짙은보라색,짙은보라색,짙은보라
167,53,246,ko,보라색,보라색,보라
251,204,119,ko,살구색,살구색,살구
7,58,128,ko,남색,남색,남
92,242,196,ko,에메랄드색,에메랄드색,에메랄드
42,37,151,ko,심해색,심해색,심해
78,134,215,ko,짙은파란색,짙은파란색,짙은파랑
144,92,81,ko,갈색,갈색,갈
151,71,141,ko,보라색,보라색,보라
185,67,96,ko,적색,적색,적
15,107,2,ko,짙은풀색,짙은풀색,짙은풀
221,160,20,ko,카레색,카레색,카레
240,37,183,ko,마젠타,마젠타색,마젠타
141,26,37,ko,적갈색,적갈색,적갈
149,139,168,ko,코끼리색,코끼리색,코끼리
138,90,213,ko,연보라색,연보라색,연보라
175,236,104,ko,연두색,연두색,연두
241,96,164,ko,분홍색,분홍색,분홍
73,53,104,ko,보라색,보라색,보라
88,170,59,ko,어두운 초록색,어두운 초록색,어두운초록
110,126,172,ko,어두운 보라색,어두운 보라색,어두운보라
62,224,124,ko,초록색,초록색,초록
34,244,43,ko,형광연두색,형광연두색,형광연두
49,39,21,ko,고동색,고동색,고동
93,201,216,ko,하늘색,하늘색,하늘
124,95,227,ko,연보라색,연보라색,연보라
230,113,57,ko,주황색,주황색,주황
158,6,26,ko,버건디,버건디색,버건디
9,138,251,ko,파란색,파란색,파랑
252,48,161,ko,분홍색,분홍색,분홍
73,112,69,ko,초록색,초록색,초록
227,112,111,ko,다홍색,다홍색,다홍
245,88,223,ko,네온핑크,네온핑크색,네온핑크
199,167,103,ko,황토색,황토색,황토
245,233,60,ko,노란색,노란색,노랑
105,10,94,ko,보라색,보라색,보라
191,223,171,ko,연녹색,연녹색,연녹
79,4,132,ko,보라색,보라색,보라
125,157,165,ko,회청색,회청색,회청
237,123,171,ko,베이비핑크,베이비핑크색,베이비핑크
13,69,60,ko,초록색,초록색,초록
66,215,183,ko,민트색,민트색,민트
112,179,116,ko,잔디색,잔디색,잔디
197,125,82,ko,갈색,갈색,갈
117,7,229,ko,보라색,보라색,보라
184,133,201,ko,베이비퍼플,베이비퍼플색,베이비퍼플
56,93,119,ko,청록색,청록색,청록
223,67,16,ko,다홍색,다홍색,다홍
180,238,109,ko,연두색,연두색,연두
1,63,151,ko,파란색,파란색,파랑
248,20,253,ko,네온핑크,네온핑크색,네온핑크
180,174,150,ko,시멘트색,시멘트색,시멘트
129,109,204,ko,연보라색,연보라색,연보라
231,84,118,ko,분홍,분홍색,분홍
202,172,18,ko,황토,황토색,황토
206,62,161,ko,자주,자주색,자주
62,63,184,ko,군청,군청색,군청
223,27,244,ko,분홍,분홍색,분홍
113,208,238,ko,하늘,하늘색,하늘
8,246,51,ko,연두,연두색,연두
60,14,73,ko,남색,남색,남
1,39,241,ko,파랑,파랑색,파랑
150,170,205,ko,하늘,하늘색,하늘
127,199,142,ko,연두,연두색,연두
236,233,244,ko,연분홍,연분홍색,연분홍
103,159,103,ko,풀색,풀색,풀
16,119,154,ko,청록색,청록색,청록
13,146,236,ko,밝은하늘색,밝은하늘색,밝은하늘
249,174,112,ko,살구색,살구색,살구
202,61,120,ko,자홍색,자홍색,자홍
47,50,163,ko,감색,감색,감
31,86,86,ko,진청록색,진청록색,진청록
168,124,6,ko,황토색,황토색,황토
175,181,142,ko,황록색,황록색,황록
228,232,66,ko,라임색,라임색,라임
102,67,106,ko,어두운 보라색,어두운 보라색,어두운보라
118,61,40,ko,갈색,갈색,갈
92,213,220,ko,물색,물색,물
53,124,10,ko,초록색,초록색,초록
48,62,89,ko,청회색,청회색,청회
44,22,89,ko,진보라,진보라색,진보라
162,158,40,ko,황록색,황록색,황록
50,250,206,ko,밝은 민트색,밝은 민트색,밝은민트
131,76,171,ko,보라색,보라색,보라
10,80,18,ko,진록색,진록색,진록
203,160,251,ko,연보라색,연보라색,연보라
120,73,239,ko,보라색,보라색,보라
63,65,33,ko,짙은 쑥색,짙은 쑥색,짙은쑥
244,49,10,ko,다홍색,다홍색,다홍
113,197,250,ko,하늘색,하늘색,하늘
122,203,168,ko,짙은 옥색,짙은 옥색,짙은옥
158,111,162,ko,어두운 연보라,어두운 연보라색,어두운연보라
241,32,157,ko,진한 분홍색,진한 분홍색,진분홍
204,188,201,ko,인디핑크,인디핑크색,인디핑크
82,232,146,ko,연두색,연두색,연두
139,158,158,ko,회색,회색,회
232,179,155,ko,살구색,살구색,살구
219,249,220,ko,옥색,옥색,옥
245,127,67,ko,주황색,주황색,주황
168,69,3,ko,적갈색,적갈색,적갈
137,7,115,ko,자색,자색,자
60,30,121,ko,보라,보라색,보라
246,81,139,ko,핑크,핑크색,핑크
84,218,228,ko,하늘,하늘색,하늘
130,9,54,ko,갈색,갈색,갈
204,111,239,ko,연보라,연보라색,연보라
217,125,171,ko,짙은 핑크,짙은 핑크색,짙은핑크
128,102,250,ko,연보라,연보라색,연보라
157,253,86,ko,밝은 연두,밝은 연두색,밝은연두
150,230,126,ko,연두,연두색,연두
219,214,147,ko,노란연두,노란연두색,노랑연두
68,155,25,ko,풀색,풀색,풀
111,57,106,ko,짙은 보라,짙은 보라색,짙은보라
53,103,150,ko,연남색,연남색,연남
185,240,254,ko,밝은 하늘색,밝은 하늘색,밝은하늘
86,112,212,ko,청남색,청남색,청남
79,67,62,ko,고동색,고동색,고동
11,189,81,ko,초록색,초록색,초록
198,159,96,ko,흙색,흙색,흙
70,246,217,ko,형광하늘색,형광하늘색,형광하늘
236,93,58,ko,다홍색,다홍색,다홍
132,137,89,ko,짙은풀색,짙은풀색,짙은풀
99,14,10,ko,고동보라,고동보라색,고동보라
245,30,92,ko,형광핑크,형광핑크색,형광핑크
16,180,154,ko,민트,민트색,민트
2,70,230,ko,파랑,파랑색,파랑
219,104,124,ko,다홍,다홍색,다홍
121,64,186,ko,보라,보라색,보라
152,8,220,ko,연보라,연보라색,연보라
156,141,151,ko,회색,회색,회
227,64,201,ko,자주,자주색,자주
147,179,159,ko,연풀,연풀색,연풀
34,234,147,ko,형광초록,형광초록색,형광초록
18,86,25,ko,짙은 초록,짙은 초록색,짙은초록
73,78,24,ko,짙은 풀색,짙은 풀색,짙은풀
147,118,167,ko,연보라,연보라색,연보라
217,126,49,ko,주황,주황색,주황
3,65,155,ko,파랑,파랑색,파랑
73,218,106,ko,초록,초록색,초록
27,30,9,ko,검정,검정색,검정
84,115,120,ko,짙은 청록색,짙은 청록색,짙은청록
53,79,158,ko,남색,남색,남
183,87,139,ko,자주색,자주색,자주
243,149,182,ko,분홍색,분홍색,분홍
86,191,158,ko,에메랄드색,에메랄드색,에메랄드
202,191,212,ko,연보라색,연보라색,연보라
149,126,41,ko,황토색,황토색,황토
196,154,214,ko,보라색,보라색,보라
57,48,249,ko,파란색,파란색,파랑
185,164,11,ko,금색,금색,금
219,10,210,ko,진한 분홍색,진한 분홍색,진분홍
136,164,101,ko,풀색,풀색,풀
139,43,196,ko,보라색,보라색,보라
113,55,110,ko,자주색,자주색,자주
237,155,81,ko,귤색,귤색,귤
39,115,44,ko,짙은 초록색,짙은 초록색,짙은초록
152,234,254,ko,하늘색,하늘색,하늘
176,43,32,ko,빨간색,빨간색,빨강
9,56,70,ko,남색,남색,남
122,146,245,ko,밝은 파란색,밝은 파란색,밝은파랑
53,159,234,ko,짙은 하늘색,짙은 하늘색,짙은하늘
116,98,144,ko,무채색,무채색,무채
142,237,9,ko,연두색,연두색,연두
60,33,161,ko,남색,남색,남
144,222,121,ko,연두색,연두색,연두
64,183,189,ko,청록색,청록색,청록
141,96,72,ko,연한 갈색,연한 갈색,연갈
159,72,165,ko,자주색,자주색,자주
255,215,67,ko,노란색,노란색,노랑
122,172,62,ko,짙은 연두색,짙은 연두색,짙은연두
172,242,188,ko,민트색,민트색,민트
130,102,233,ko,보라색,보라색,보라
57,188,59,ko,초록색,초록색,초록
14,232,43,ko,연두색,연두색,연두
39,135,172,ko,청록색,청록색,청록
50,188,175,ko,청록색,청록색,청록
89,27,63,ko,갈색,갈색,갈
220,98,49,ko,주황색,주황색,주황
3,143,76,ko,초록색,초록색,초록
174,118,127,ko,연갈색,연갈색,연갈
97,121,150,ko,연파랑,연파랑색,연파랑
104,106,1,ko,진한녹색,진한녹색,진녹
223,223,151,ko,연녹색,연녹색,연녹
222,54,64,ko,빨간색,빨간색,빨강
157,6,91,ko,자주색,자주색,자주
62,222,253,ko,하늘색,하늘색,하늘
143,95,210,ko,보라색,보라색,보라
237,20,112,ko,밝은자주색,밝은자주색,밝은자주
47,89,34,ko,진한녹색,진한녹색,진녹
40,135,115,ko,청록색,청록색,청록
213,97,88,ko,옅은갈색,옅은갈색,옅은갈
3,63,186,ko,진한파랑,진한파랑색,진파랑
207,246,129,ko,연녹색,연녹색,연녹
173,137,47,ko,연갈색,연갈색,연갈
200,81,248,ko,보라,보라색,보라
142,253,25,ko,형광초록,형광초록색,형광초록
200,134,191,ko,연보라,연보라색,연보라
121,81,64,ko,갈색,갈색,갈
72,44,228,ko,청색,청색,청
240,105,226,ko,분홍색,분홍색,분홍
4,104,182,ko,파랑색,파랑색,파랑
241,14,191,ko,진한분홍,진한분홍색,진분홍
62,202,73,ko,초록색,초록색,초록
111,173,212,ko,연파랑,연파랑색,연파랑
216,194,11,ko,진힌노랑,진힌노랑색,진힌노랑
97,57,129,ko,자주색,자주색,자주
232,241,220,ko,파스텔 초록,파스텔 초록색,파스텔초록
114,26,144,ko,보라색,보라색,보라
248,166,99,ko,옅은 주황,옅은 주황색,옅은주황
192,86,132,ko,옅은 자주색,옅은 자주색,옅은자주
235,193,186,ko,파스텔 주황,파스텔 주황색,파스텔주황
162,51,187,ko,보라,보라색,보라
36,141,76,ko,초록,초록색,초록
206,253,198,ko,민트,민트색,민트
60,79,77,ko,진초록,진초록색,진초록
136,104,50,ko,올리브,올리브색,올리브
90,156,129,ko,청록,청록색,청록
193,167,99,ko,카키,카키색,카키
179,234,240,ko,하늘,하늘색,하늘
184,223,97,ko,연두,연두색,연두
18,108,250,ko,파랑,파랑색,파랑
141,31,221,ko,보라,보라색,보라
134,136,148,ko,회색,회색,회
231,251,77,ko,네온연두,네온연두색,네온연두
37,222,218,ko,에메랄드,에메랄드색,에메랄드
67,33,162,ko,파랑+보라...,파랑+보라...색,파랑+보라...
24,207,143,ko,에메랄드,에메랄드색,에메랄드
250,39,5,ko,빨강,빨강색,빨강
35,86,182,ko,파랑,파랑색,파랑
141,13,33,ko,와인,와인색,와인
20,233,88,ko,밝은....초록,밝은....초록색,밝은....초록
236,52,202,ko,핫핑크,핫핑크색,핫핑크
116,165,70,ko,어두운 연두,어두운 연두색,어두운연두
175,54,100,ko,자주,자주색,자주
97,124,77,ko,어두운 녹색,어두운 녹색,어두운녹
250,121,137,ko,진달래,진달래색,진달래
163,182,243,ko,연보라,연보라색,연보라
116,194,45,ko,초록,초록색,초록
83,170,208,ko,파랑,파랑색,파랑
220,10,92,ko,진분홍,진분홍색,진분홍
174,108,89,ko,갈색,갈색,갈
241,168,209,ko,분홍,분홍색,분홍
114,77,137,ko,보라,보라색,보라
43,68,12,ko,진초록,진초록색,진초록
225,196,83,ko,골드,골드색,골드
54,148,246,ko,하늘,하늘색,하늘
22,48,223,ko,파랑,파랑색,파랑
167,165,213,ko,보라,보라색,보라
250,231,223,ko,연분홍,연분홍색,연분홍
172,165,110,ko,카키,카키색,카키
237,84,135,ko,분홍,분홍색,분홍
184,5,109,ko,보라,보라색,보라
128,64,84,ko,자주,자주색,자주
253,231,147,ko,노랑,노랑색,노랑
67,221,128,ko,초롣,초롣색,초롣
210,72,53,ko,빨강,빨강색,빨강
125,254,116,ko,형광,형광색,형광
246,177,15,ko,주황,주황색,주황
143,193,216,ko,하늘색,하늘색,하늘
215,58,209,ko,붉은자주,붉은자주색,붉은자주
23,232,15,ko,형광연두,형광연두색,형광연두
97,136,191,ko,쪽색,쪽색,쪽
88,215,92,ko,진한연두,진한연두색,진연두
73,21,9,ko,갈색,갈색,갈
181,177,198,ko,회색,회색,회
228,30,94,ko,다홍색,다홍색,다홍
249,124,68,ko,오렌지색,오렌지색,오렌지
29,133,34,ko,녹색,녹색,녹
170,227,227,ko,옥색,옥색,옥
23,186,237,ko,터키색,터키색,터키
142,81,125,ko,암자주,암자주색,암자주
94,127,252,ko,청보라,청보라색,청보라
41,96,56,ko,암녹색,암녹색,암녹
119,38,120,ko,자주,자주색,자주
245,241,24,ko,노랑,노랑색,노랑
49,46,254,ko,군청,군청색,군청
115,113,197,ko,남보라,남보라색,남보라
183,143,253,ko,연보라,연보라색,연보라
241,203,131,ko,상아색,상아색,상아
30,109,111,ko,청록색,청록색,청록
63,81,96,ko,청회색,청회색,청회
82,22,66,ko,팥죽색,팥죽색,팥죽
38,77,216,ko,파랑,파랑색,파랑
116,159,33,ko,풀색,풀색,풀
166,48,19,ko,빨강,빨강색,빨강
67,186,162,ko,청록,청록색,청록
1,55,49,ko,암녹,암녹색,암녹
26,22,35,ko,검정,검정색,검정
187,20,140,ko,붉은자주,붉은자주색,붉은자주
104,97,68,ko,흙색,흙색,흙
118,53,203,ko,보라,보라색,보라
111,13,38,ko,암적색,암적색,암적
168,124,44,ko,황토,황토색,황토
39,141,170,ko,청록,청록색,청록
169,3,212,ko,자주,자주색,자주
90,35,204,ko,보라,보라색,보라
210,241,127,ko,연두,연두색,연두
61,138,97,ko,초록,초록색,초록
133,74,26,ko,갈색,갈색,갈
233,41,41,ko,빨강,빨강색,빨강
28,195,85,ko,연두,연두색,연두
40,73,119,ko,남색,남색,남
95,115,22,ko,짙은녹두색,짙은녹두색,짙은녹두
70,46,132,ko,진보라,진보라색,진보라
140,231,86,ko,연두,연두색,연두
26,159,166,ko,청록,청록색,청록
252,92,254,ko,형광분홍,형광분홍색,형광분홍
167,125,149,ko,팥색,팥색,팥
254,250,95,ko,연노랑,연노랑색,연노랑
70,160,230,ko,짙은하늘,짙은하늘색,짙은하늘
49,210,146,ko,연두,연두색,연두
145,5,44,ko,적갈색,적갈색,적갈
247,66,90,ko,다홍,다홍색,다홍
35,132,57,ko,진초록,진초록색,진초록
242,194,146,ko,살구,살구색,살구
35,101,233,ko,진파랑,진파랑색,진파랑
243,209,227,ko,연분홍,연분홍색,연분홍
77,251,240,ko,옥,옥색,옥
34,110,199,ko,짙은 하늘색,짙은 하늘색,짙은하늘
177,99,37,ko,황토색,황토색,황토
102,173,104,ko,녹색,녹색,녹
210,234,147,ko,연두색,연두색,연두
62,89,39,ko,카키색,카키색,카키
5,203,224,ko,하늘색,하늘색,하늘
235,252,21,ko,노란색,노란색,노랑
198,210,74,ko,연녹색,연녹색,연녹
178,21,47,ko,붉은색,붉은색,붉은
34,35,241,ko,파란색,파란색,파랑
228,189,134,ko,베이지색,베이지색,베이지
222,128,180,ko,분홍색,분홍색,분홍
16,247,74,ko,연두색,연두색,연두
143,197,245,ko,물색,물색,물
110,120,21,ko,올리브색,올리브색,올리브
170,50,162,ko,자주색,자주색,자주
227,119,127,ko,적자색,적자색,적자
230,96,186,ko,진분홍색,진분홍색,진분홍
182,157,178,ko,회보라색,회보라색,회보라
160,34,243,ko,보라색,보라색,보라
246,193,73,ko,금색,금색,금
8,209,73,ko,풀색,풀색,풀
14,29,24,ko,검정색,검정색,검정
252,75,249,ko,분홍색,분홍색,분홍
62,84,102,ko,감색,감색,감
201,16,127,ko,자주색,자주색,자주
126,175,16,ko,풀색,풀색,풀
59,60,121,ko,진한 남색,진한 남색,진남
240,31,104,ko,다홍색,다홍색,다홍
62,48,15,ko,고동색,고동색,고동
26,227,172,ko,민트색,민트색,민트
107,24,57,ko,진한 와인색,진한 와인색,진와인
181,119,216,ko,연보라색,연보라색,연보라
126,111,65,ko,올리브색,올리브색,올리브
78,47,7,ko,반다이크 브라운,반다이크 브라운색,반다이크브라운
249,164,182,ko,핑크,핑크색,핑크
36,160,249,ko,세룰리안 블루,세룰리안 블루색,세룰리안블루
142,97,163,ko,바이올런트,바이올런트색,바이올런트
220,61,39,ko,버밀리안,버밀리안색,버밀리안
205,241,182,ko,메론,메론색,메론
209,149,39,ko,로우 엄버,로우 엄버색,로우엄버
231,130,79,ko,오렌지,오렌지색,오렌지
19,219,181,ko,민트,민트색,민트
114,93,235,ko,보라,보라색,보라
19,42,115,ko,남색,남색,남
138,136,236,ko,연보라,연보라색,연보라
167,247,112,ko,형광연두,형광연두색,형광연두
22,189,246,ko,하늘색,하늘색,하늘
92,2,207,ko,진보라,진보라색,진보라
25,15,28,ko,감색,감색,감
111,178,17,ko,탁한녹색,탁한녹색,탁한녹
180,37,58,ko,짙은분홍,짙은분홍색,짙은분홍
107,213,161,ko,탁한연두,탁한연두색,탁한연두
150,89,52,ko,갈색,갈색,갈
6,207,116,ko,연두,연두색,연두
50,96,60,ko,녹색,녹색,녹
52,149,167,ko,탁한하늘색,탁한하늘색,탁한하늘
231,168,132,ko,살몬핑크,살몬핑크색,살몬핑크
70,252,108,ko,연두,연두색,연두
250,170,186,ko,분홍,분홍색,분홍
100,103,120,ko,그레이,그레이색,그레이
63,236,243,ko,형광하늘,형광하늘색,형광하늘
242,99,42,ko,주황,주황색,주황
86,16,2,ko,크림슨,크림슨색,크림슨
235,43,188,ko,형광분홍,형광분홍색,형광분홍
29,6,131,ko,청색,청색,청
200,80,135,ko,탁한분홍,탁한분홍색,탁한분홍
243,166,35,ko,주황,주황색,주황
172,144,83,ko,갈색,갈색,갈
219,85,213,ko,보라,보라색,보라
46,238,211,ko,옥색,옥색,옥
82,27,249,ko,파랑,파랑색,파랑
201,233,180,ko,청록,청록색,청록
116,108,114,ko,회색,회색,회
207,11,43,ko,석류색,석류색,석류
4,98,90,ko,군청,군청색,군청
90,100,71,ko,진갈,진갈색,진갈
177,219,122,ko,초록,초록색,초록
139,192,238,ko,하늘,하늘색,하늘
251,224,64,ko,노랑,노랑색,노랑
251,5,247,ko,분홍,분홍색,분홍
78,17,76,ko,진보라,진보라색,진보라
185,42,70,ko,자주,자주색,자주
90,117,201,ko,파랑,파랑색,파랑
250,80,134,ko,진부홍,진부홍색,진부홍
200,82,60,ko,루비,루비색,루비
102,169,254,ko,하늘,하늘색,하늘
52,194,201,ko,남색,남색,남
54,230,49,ko,초록,초록색,초록
125,162,49,ko,군청,군청색,군청
124,41,75,ko,딩구,딩구색,딩구
160,198,255,ko,연파랑,연파랑색,연파랑
37,245,218,ko,연청록,연청록색,연청록
102,95,125,ko,회보라,회보라색,회보라
233,133,181,ko,분홍,분홍색,분홍
100,238,3,ko,연두,연두색,연두
123,180,114,ko,국방,국방색,국방
239,232,157,ko,상아,상아색,상아
158,2,54,ko,진홍,진홍색,진홍
16,255,103,ko,형광초록,형광초록색,형광초록
35,199,49,ko,녹,녹색,녹
64,183,89,ko,풀,풀색,풀
240,163,149,ko,살구,살구색,살구
1,209,48,ko,연두색,연두색,연두
130,28,70,ko,버건디,버건디색,버건디
62,65,84,ko,짙은 회색,짙은 회색,짙은회
245,58,233,ko,분홍색,분홍색,분홍
39,5,199,ko,파란색,파란색,파랑
59,236,148,ko,민트,민트색,민트
202,34,117,ko,뭐임,뭐임색,뭐임
39,103,243,ko,어두운 하늘색,어두운 하늘색,어두운하늘
238,58,60,ko,다홍색,다홍색,다홍
137,179,231,ko,스카이블루,스카이블루색,스카이블루
170,115,66,ko,갈색,갈색,갈
226,170,89,ko,황토색,황토색,황토
57,179,205,ko,뭐임,뭐임색,뭐임
154,162,41,ko,겨자색,겨자색,겨자
31,115,83,ko,녹색,녹색,녹
131,207,186,ko,민트,민트색,민트
111,53,178,ko,보라,보라색,보라
52,42,131,ko,남색,남색,남
97,8,240,ko,파랑,파랑색,파랑
37,162,192,ko,파랑,파랑색,파랑
187,78,198,ko,보라,보라색,보라
23,4,12,ko,검정,검정색,검정
192,159,127,ko,베이지,베이지색,베이지
4,162,158,ko,청록색,청록색,청록
93,58,146,ko,보라색,보라색,보라
183,121,160,ko,핑크색,핑크색,핑크
7,62,59,ko,초록색,초록색,초록
147,94,219,ko,보라색,보라색,보라
252,222,9,ko,노란색,노란색,노랑
127,49,53,ko,갈색,갈색,갈
104,2,105,ko,자주색,자주색,자주
107,142,208,ko,파란색,파란색,파랑
124,202,1,ko,초록색,초록색,초록
97,132,67,ko,초록색,초록색,초록
65,243,58,ko,초록색,초록색,초록
61,200,251,ko,하늘색,하늘색,하늘
234,2,215,ko,핫핑크,핫핑크색,핫핑크
116,129,119,ko,곤색,곤색,곤
9,208,100,ko,초록색,초록색,초록
131,70,35,ko,갈색,갈색,갈
121,50,223,ko,남색,남색,남
160,236,178,ko,민트,민트색,민트
251,52,4,ko,빨강,빨강색,빨강
238,123,107,ko,분홍,분홍색,분홍
244,120,190,ko,핑크,핑크색,핑크
208,168,204,ko,아이보리,아이보리색,아이보리
242,62,63,ko,빨강,빨강색,빨강
143,9,47,ko,빨간-갈색,빨간 갈색,빨강갈
37,45,236,ko,파란색,파란색,파랑
63,25,127,ko,내이비,내이비색,내이비
135,161,143,ko,그래이,그래이색,그래이
139,111,101,ko,갈색,갈색,갈
4,130,129,ko,초록색,초록색,초록
213,186,119,ko,노란-갈색,노란 갈색,노랑갈
82,234,120,ko,녹색,녹색,녹
226,130,127,ko,핑크색,핑크색,핑크
204,187,64,ko,밝은 갈색,밝은 갈색,밝은갈
98,225,183,ko,민트색,민트색,민트
69,66,6,ko,어두운 갈색,어두운 갈색,어두운갈
134,254,220,ko,민트색,민트색,민트
31,226,167,ko,초록파랑,초록파랑색,초록파랑
23,97,143,ko,남색,남색,남
107,186,110,ko,어두운 초록,어두운 초록색,어두운초록
26,203,209,ko,어두운 민트,어두운 민트색,어두운민트
23,186,49,ko,녹색,녹색,녹
234,58,250,ko,밝은 핑크,밝은 핑크색,밝은핑크
81,7,136,ko,어두운 보라색,어두운 보라색,어두운보라
32,39,14,ko,검정색,검정색,검정
113,115,143,ko,회색,회색,회
225,128,197,ko,어두운 핑크색,어두운 핑크색,어두운핑크
27,33,207,ko,어두운 파란,어두운 파란색,어두운파랑
38,139,31,ko,녹색,녹색,녹
74,249,9,ko,밝은 녹색,밝은 녹색,밝은녹
151,209,223,ko,연파랑,연파랑색,연파랑
45,234,164,ko,연한녹색,연한녹색,연녹
199,140,7,ko,황갈색,황갈색,황갈
103,43,103,ko,짙은보라,짙은보라색,짙은보라
165,234,5,ko,녹색,녹색,녹
106,80,72,ko,갈색,갈색,갈
1,46,33,ko,짙은녹색,짙은녹색,짙은녹
197,96,126,ko,분홍,분홍색,분홍
67,50,77,ko,검정,검정색,검정
238,198,198,ko,옅은분홍,옅은분홍색,옅은분홍
229,133,47,ko,어두운-오랜지,어두운 오랜지색,어두운오랜지
217,55,220,ko,어두운 핑크색,어두운 핑크색,어두운핑크
153,93,14,ko,갈색,갈색,갈
170,232,221,ko,밝은 하늘색,밝은 하늘색,밝은하늘
23,207,235,ko,하늘색,하늘색,하늘
185,206,135,ko,오랜지-초록색,오랜지 초록색,오랜지초록
49,121,168,ko,초록-파란색,초록 파란색,초록파랑
130,211,62,ko,녹색,녹색,녹
228,190,206,ko,살색,살색,살
161,153,209,ko,보라색,보라색,보라
132,144,35,ko,어두운 초록색,어두운 초록색,어두운초록
68,131,230,ko,파란색,파란색,파랑
195,209,236,ko,회색파랑,회색파랑색,회색파랑
202,14,157,ko,자주색,자주색,자주
239,209,83,ko,어두운 노란색,어두운 노란색,어두운노랑
141,249,110,ko,밝은 초록색,밝은 초록색,밝은초록
153,120,22,ko,똥색,똥색,똥
243,104,242,ko,어두운 핑크,어두운 핑크색,어두운핑크
32,143,31,ko,어두운 초록,어두운 초록색,어두운초록
154,39,90,ko,와인색,와인색,와인
75,115,234,ko,파란색,파란색,파랑
151,155,133,ko,회색,회색,회
233,105,79,ko,어두운 주황색,어두운 주황색,어두운주황
238,15,93,ko,빨간색,빨간색,빨강
26,45,9,ko,검정색,검정색,검정
134,131,78,ko,밝은 갈색,밝은 갈색,밝은갈
88,92,168,ko,파란색,파란색,파랑
119,191,254,ko,하늘색,하늘색,하늘
117,42,27,ko,갈색,갈색,갈
42,76,76,ko,어두운 파란-초록색,어두운 파란 초록색,어두운파랑초록
146,145,162,ko,갈색,갈색,갈
212,3,3,ko,빨간색,빨간색,빨강
47,230,66,ko,녹색,녹색,녹
173,54,99,ko,빨간 핑크색,빨간 핑크색,빨강핑크
64,102,20,ko,어두운 노란-초록색,어두운 노란 초록색,어두운노랑초록
74,8,60,ko,어두운 갈색,어두운 갈색,어두운갈
251,180,59,ko,주황색,주황색,주황
249,85,128,ko,자홍색,자홍색,자홍
214,98,37,ko,갈색,갈색,갈
149,39,95,ko,자주색,자주색,자주
43,97,73,ko,청록색,청록색,청록
219,140,154,ko,연분홍색,연분홍색,연분홍
219,48,13,ko,빨강색,빨강색,빨강
86,184,114,ko,연두색,연두색,연두
6,102,44,ko,초록색,초록색,초록
17,55,201,ko,파랑색,파랑색,파랑
245,218,57,ko,노랑색,노랑색,노랑
191,119,53,ko,황토색,황토색,황토
72,250,212,ko,하늘색,하늘색,하늘
69,100,183,ko,파란색,파란색,파랑
253,127,174,ko,연분홍색,연분홍색,연분홍
151,57,189,ko,보라색,보라색,보라
78,146,13,ko,초록색,초록색,초록
66,196,200,ko,하늘색,하늘색,하늘
85,234,1,ko,연두색,연두색,연두
87,6,47,ko,고동색,고동색,고동
236,141,215,ko,분홍색,분홍색,분홍
198,121,102,ko,갈색,갈색,갈
238,49,158,ko,자주색,자주색,자주
202,82,247,ko,보라색,보라색,보라
236,89,220,ko,분홍색,분홍색,분홍
251,186,123,ko,황토색,황토색,황토
113,237,126,ko,연두색,연두색,연두
7,223,151,ko,초록색,초록색,초록
174,38,62,ko,고동색,고동색,고동
106,183,95,ko,연두,연두색,연두
79,106,53,ko,카키,카키색,카키
206,204,241,ko,연보라,연보라색,연보라
38,131,105,ko,청록,청록색,청록
58,236,119,ko,형광,형광색,형광
236,45,18,ko,빨강,빨강색,빨강
16,7,129,ko,남,남색,남
128,203,255,ko,하늘,하늘색,하늘
192,79,147,ko,보라,보라색,보라
230,9,90,ko,주홍,주홍색,주홍
213,106,63,ko,황토,황토색,황토
238,152,126,ko,살,살색,살
146,99,49,ko,갈색,갈색,갈
126,169,128,ko,파스텔초록,파스텔초록색,파스텔초록
151,102,147,ko,파스텔보라,파스텔보라색,파스텔보라
179,143,160,ko,파스텔연보라,파스텔연보라색,파스텔연보라
182,229,111,ko,파스텔연두,파스텔연두색,파스텔연두
232,94,247,ko,형광분홍,형광분홍색,형광분홍
115,88,235,ko,남보라,남보라색,남보라
88,115,7,ko,숲,숲색,숲
13,169,167,ko,틸,틸색,틸
237,50,194,ko,핑크,핑크색,핑크
129,46,176,ko,진보라,진보라색,진보라
74,22,219,ko,진남,진남색,진남
243,134,158,ko,파스텔분홍,파스텔분홍색,파스텔분홍
59,103,196,ko,파스텔파랑,파스텔파랑색,파스텔파랑
76,154,237,ko,파스텔하늘,파스텔하늘색,파스텔하늘
253,157,82,ko,파스텔주황,파스텔주황색,파스텔주황
27,31,2,ko,검정,검정색,검정
218,178,125,ko,파스텔황토,파스텔황토색,파스텔황토
208,241,66,ko,파스텔형광,파스텔형광색,파스텔형광
78,29,98,ko,진한보라,진한보라색,진보라
190,122,216,ko,파스텔보라핑크,파스텔보라핑크색,파스텔보라핑크
33,224,154,ko,파스텔청록,파스텔청록색,파스텔청록
184,177,164,ko,그레이,그레이색,그레이
189,122,3,ko,연황토,연황토색,연황토
199,237,110,ko,연두,연두색,연두
107,209,115,ko,연초록,연초록색,연초록
169,62,117,ko,자홍,자홍색,자홍
226,87,248,ko,밝은고채도보라,밝은고채도보라색,밝은고채도보라
155,248,47,ko,밝은 연두,밝은 연두색,밝은연두
103,97,123,ko,어두운 저채도 블루,어두운 저채도 블루색,어두운저채도블루
156,241,130,ko,연두색,연두색,연두
242,190,69,ko,금색,금색,금
34,114,135,ko,청록색,청록색,청록
89,197,53,ko,초록색,초록색,초록
232,111,205,ko,분홍색,분홍색,분홍
3,121,72,ko,녹색,녹색,녹
1,47,94,ko,남색,남색,남
180,60,28,ko,자주색,자주색,자주
163,65,216,ko,보라색,보라색,보라
186,165,202,ko,연보라색,연보라색,연보라
245,45,129,ko,자주색,자주색,자주
244,183,186,ko,살구색,살구색,살구
172,10,12,ko,빨강,빨강색,빨강
253,142,21,ko,주황,주황색,주황
64,198,17,ko,연두,연두색,연두
198,44,168,ko,보라,보라색,보라
239,254,242,ko,연두,연두색,연두
183,63,212,ko,보라,보라색,보라
207,162,158,ko,분홍,분홍색,분홍
188,192,115,ko,초록,초록색,초록
8,11,74,ko,남색,남색,남
57,223,101,ko,초록,초록색,초록
83,106,229,ko,파랑,파랑색,파랑
127,153,190,ko,파랑,파랑색,파랑
99,249,20,ko,연두,연두색,연두
78,66,38,ko,갈색,갈색,갈
75,21,15,ko,갈색,갈색,갈
95,211,133,ko,연두,연두색,연두
236,16,144,ko,분홍,분홍색,분홍
15,115,153,ko,파랑,파랑색,파랑
169,22,9,ko,빨강,빨강색,빨강
128,95,172,ko,보라,보라색,보라
226,231,10,ko,노랑,노랑색,노랑
221,124,182,ko,분홍,분홍색,분홍
31,122,10,ko,초록,초록색,초록
193,12,234,ko,보라,보라색,보라
234,100,108,ko,다홍,다홍색,다홍
116,188,72,ko,초록,초록색,초록
23,8,156,ko,파랑,파랑색,파랑
71,150,160,ko,청록,청록색,청록
176,39,90,ko,자주,자주색,자주
146,173,253,ko,하늘,하늘색,하늘
156,112,22,ko,갈색,갈색,갈
31,224,187,ko,민트,민트색,민트
60,31,221,ko,파랑,파랑색,파랑
25,131,203,ko,파랑,파랑색,파랑
140,134,97,ko,녹색,녹색,녹
84,205,202,ko,민트,민트색,민트
99,67,96,ko,보라,보라색,보라
254,187,93,ko,주황,주황색,주황
241,140,211,ko,분홍,분홍색,분홍
165,77,16,ko,갈색,갈색,갈
206,50,207,ko,분홍,분홍색,분홍
121,189,149,ko,초록,초록색,초록
64,252,254,ko,하늘,하늘색,하늘
51,119,227,ko,파랑,파랑색,파랑
11,37,137,ko,남색,남색,남
112,243,159,ko,초록,초록색,초록
127,142,124,ko,쑥색,쑥색,쑥
199,213,54,ko,연두,연두색,연두
60,6,194,ko,남보라,남보라색,남보라
77,91,43,ko,검은색,검은색,검정
114,72,127,ko,보라색,보라색,보라
6,53,115,ko,남색,남색,남
252,122,79,ko,주황,주황색,주황
203,130,149,ko,팥죽색,팥죽색,팥죽
11,196,210,ko,청록색,청록색,청록
220,65,99,ko,다홍색,다홍색,다홍
168,161,22,ko,올리브그린,올리브그린색,올리브그린
41,209,73,ko,초록,초록색,초록
31,137,171,ko,청록색,청록색,청록
232,28,159,ko,분홍,분홍색,분홍
100,64,18,ko,갈색,갈색,갈
8,93,36,ko,진녹색,진녹색,진녹
4,48,183,ko,군청색,군청색,군청
220,196,143,ko,베이지색,베이지색,베이지
150,116,49,ko,황토색,황토색,황토
183,49,119,ko,자주색,자주색,자주
177,135,255,ko,연보라,연보라색,연보라
182,241,65,ko,연두색,연두색,연두
157,68,234,ko,보라,보라색,보라
53,11,41,ko,검정,검정색,검정
0,41,0,ko,검정,검정색,검정
188,171,252,ko,연보라,연보라색,연보라
250,12,123,ko,꽃분홀,꽃분홀색,꽃분홀
203,199,148,ko,연한황토색,연한황토색,연황토
58,66,29,ko,진한국방색,진한국방색,진국방
216,21,178,ko,진분홍,진분홍색,진분홍
131,151,206,ko,소라색,소라색,소라
211,139,105,ko,감색,감색,감
217,208,97,ko,겨자색,겨자색,겨자
190,101,37,ko,갈색,갈색,갈
88,104,243,ko,파란색,파란색,파랑
116,98,198,ko,보라색,보라색,보라
131,26,16,ko,진갈색,진갈색,진갈
34,158,235,ko,진하늘색,진하늘색,진하늘
66,173,83,ko,녹색,녹색,녹
102,55,193,ko,보라색,보라색,보라
100,141,254,ko,따듯한하늘색,따듯한하늘색,따듯한하늘
96,241,141,ko,밝은연두색,밝은연두색,밝은연두
132,10,57,ko,진갈색,진갈색,진갈
252,248,55,ko,레몬색,레몬색,레몬
50,208,49,ko,연두색,연두색,연두
36,108,66,ko,진녹색,진녹색,진녹
242,191,163,ko,살구색,살구색,살구
216,183,28,ko,황토색,황토색,황토
52,26,238,ko,진파랑,진파랑색,진파랑
169,253,201,ko,옥색,옥색,옥
43,74,129,ko,군청색,군청색,군청
72,168,141,ko,녹색,녹색,녹
166,77,151,ko,보라색,보라색,보라
45,22,124,ko,군청색,군청색,군청
240,200,215,ko,연분홍,연분홍색,연분홍
197,228,69,ko,새싹색,새싹색,새싹
149,105,21,ko,갈색,갈색,갈
108,186,51,ko,연녹색,연녹색,연녹
70,33,103,ko,진보라,진보라색,진보라
3,241,39,ko,형광연두,형광연두색,형광연두
104,110,97,ko,국방색,국방색,국방
198,32,98,ko,밝은자주,밝은자주색,밝은자주
232,91,109,ko,진분홍,진분홍색,진분홍
1,190,42,ko,초록,초록색,초록
151,183,138,ko,올리브색,올리브색,올리브
214,107,110,ko,연지색,연지색,연지
218,185,181,ko,어두운 분홍,어두운 분홍색,어두운분홍
40,77,37,ko,짙은 녹색,짙은 녹색,짙은녹
74,193,136,ko,녹색,녹색,녹
194,255,181,ko,밝은연두,밝은연두색,밝은연두
64,249,80,ko,형광연두,형광연두색,형광연두
188,111,213,ko,보라,보라색,보라
50,3,50,ko,검정,검정색,검정
117,185,43,ko,녹색,녹색,녹
127,153,47,ko,풀색,풀색,풀
216,47,30,ko,다홍색,다홍색,다홍
143,17,19,ko,적갈색,적갈색,적갈
68,146,123,ko,청녹색,청녹색,청록
212,146,64,ko,황색,황색,황
134,189,221,ko,하늘색,하늘색,하늘
227,201,12,ko,겨자색,겨자색,겨자
36,103,170,ko,파란색,파란색,파랑
86,100,254,ko,군청색,군청색,군청
223,39,107,ko,빨간색,빨간색,빨강
254,81,96,ko,다홍색,다홍색,다홍
255,74,190,ko,진분홍색,진분홍색,진분홍
33,206,212,ko,청록색,청록색,청록
87,25,174,ko,청보라,청보라색,청보라
143,93,38,ko,고동색,고동색,고동
29,32,28,ko,검정색,검정색,검정
27,236,125,ko,연녹색,연녹색,연녹
99,77,188,ko,보라색,보라색,보라
220,103,8,ko,주황색,주황색,주황
194,201,124,ko,어두운연두색,어두운연두색,어두운연두
224,244,79,ko,연두색,연두색,연두
131,17,245,ko,보라색,보라색,보라
255,127,171,ko,연분홍,연분홍색,연분홍
1,81,112,ko,청녹색,청녹색,청록
12,20,128,ko,남색,남색,남
244,39,226,ko,형광분홍색,형광분홍색,형광분홍
104,132,230,ko,파랑,파랑색,파랑
208,158,110,ko,황토,황토색,황토
50,190,116,ko,초록,초록색,초록
191,61,213,ko,진분홍,진분홍색,진분홍
13,186,163,ko,청록,청록색,청록
18,237,120,ko,형광연두,형광연두색,형광연두
51,3,140,ko,보라,보라색,보라
220,52,58,ko,다홍,다홍색,다홍
243,250,149,ko,연한노랑,연한노랑색,연노랑
130,236,94,ko,연두,연두색,연두
101,13,229,ko,보라,보라색,보라
25,59,72,ko,남색,남색,남
22,129,47,ko,초록,초록색,초록
74,101,28,ko,풀색,풀색,풀
28,190,206,ko,하늘,하늘색,하늘
127,176,233,ko,밝은파랑,밝은파랑색,밝은파랑
230,144,244,ko,분홍,분홍색,분홍
204,172,203,ko,인디핑크,인디핑크색,인디핑크
149,174,82,ko,카키,카키색,카키
155,240,19,ko,연두,연두색,연두
142,37,43,ko,벽돌,벽돌색,벽돌
251,163,145,ko,연주황,연주황색,연주황
190,74,178,ko,연자주,연자주색,연자주
251,101,157,ko,밝은다홍,밝은다홍색,밝은다홍
181,235,189,ko,탁한초록,탁한초록색,탁한초록
224,219,180,ko,베이비,베이비색,베이비
246,150,205,ko,흐린분홍,흐린분홍색,흐린분홍
237,133,49,ko,주황,주황색,주황
245,15,5,ko,빨강,빨강색,빨강
128,57,1,ko,갈색,갈색,갈
18,139,93,ko,진초록,진초록색,진초록
134,87,149,ko,탁한보라,탁한보라색,탁한보라
158,111,211,ko,흐린보라,흐린보라색,흐린보라
6,75,197,ko,파랑,파랑색,파랑
78,36,43,ko,고동,고동색,고동
165,175,153,ko,올리브,올리브색,올리브
2,50,31,ko,진한초록,진한초록색,진초록
234,220,203,ko,옅은주황,옅은주황색,옅은주황
206,130,130,ko,옅은다홍,옅은다홍색,옅은다홍
123,149,254,ko,옅은파랑,옅은파랑색,옅은파랑
159,61,184,ko,자주,자주색,자주
43,228,64,ko,밝은녹색,밝은녹색,밝은녹
122,187,227,ko,짙은하늘,짙은하늘색,짙은하늘
114,177,69,ko,풀색,풀색,풀
124,114,56,ko,옅은고동,옅은고동색,옅은고동
130,220,37,ko,연두,연두색,연두
234,183,144,ko,밝은주황,밝은주황색,밝은주황
114,214,248,ko,하늘색,하늘색,하늘
61,15,210,ko,파랑색,파랑색,파랑
165,211,24,ko,연두색,연두색,연두
48,176,187,ko,코발트블루,코발트블루색,코발트블루
174,94,155,ko,보라,보라색,보라
51,32,63,ko,검정,검정색,검정
210,139,103,ko,갈색,갈색,갈
166,140,226,ko,연보라,연보라색,연보라
156,74,37,ko,자주,자주색,자주
9,62,206,ko,파랑,파랑색,파랑
147,6,28,ko,마젠타,마젠타색,마젠타
18,31,75,ko,군청,군청색,군청
60,89,21,ko,짙은 연두,짙은 연두색,짙은연두
148,137,148,ko,어두운 인디언핑크,어두운 인디언핑크색,어두운인디언핑크
93,58,208,ko,파랑,파랑색,파랑
112,77,187,ko,보라,보라색,보라
141,119,81,ko,황토색,황토색,황토
18,120,172,ko,탁한 하늘색,탁한 하늘색,탁한하늘
250,196,117,ko,옅은 오렌지,옅은 오렌지색,옅은오렌지
160,89,87,ko,적갈색,적갈색,적갈
116,12,212,ko,옅은보라,옅은보라색,옅은보라
149,188,221,ko,하늘색,하늘색,하늘
139,171,109,ko,연두,연두색,연두
250,85,139,ko,형광 핑크,형광 핑크색,형광핑크
50,19,19,ko,어두운 갈색,어두운 갈색,어두운갈
149,58,141,ko,밝은 보라,밝은 보라색,밝은보라
76,118,124,ko,탁한 민트,탁한 민트색,탁한민트
114,225,223,ko,밝은 민트,밝은 민트색,밝은민트
242,198,171,ko,탁한 귤색,탁한 귤색,탁한귤
39,5,138,ko,어두운 파랑,어두운 파랑색,어두운파랑
193,1,67,ko,밝은 꽃적색,밝은 꽃적색,밝은꽃적
9,158,72,ko,밝은 녹색,밝은 녹색,밝은녹
109,192,41,ko,연두,연두색,연두
74,146,238,ko,밝은 파랑,밝은 파랑색,밝은파랑
70,216,131,ko,밝은 연두,밝은 연두색,밝은연두
227,151,7,ko,짙은 귤색,짙은 귤색,짙은귤
249,113,58,ko,주황색,주황색,주황
95,76,97,ko,어두운 보라색,어두운 보라색,어두운보라
14,76,54,ko,짙은 녹색,짙은 녹색,짙은녹
16,51,250,ko,밝은 파랑,밝은 파랑색,밝은파랑
200,97,228,ko,밝은보라,밝은보라색,밝은보라
50,103,250,ko,밝은 파랑,밝은 파랑색,밝은파랑
148,67,5,ko,밝은 갈색,밝은 갈색,밝은갈
199,142,213,ko,밝은 보라,밝은 보라색,밝은보라
54,56,42,ko,어두운 국방색,어두운 국방색,어두운국방
61,137,7,ko,짙은 연두,짙은 연두색,짙은연두
151,3,89,ko,짙은 꽃분홍,짙은 꽃분홍색,짙은꽃분홍
95,192,20,ko,녹색,녹색,녹
67,83,177,ko,바다색,바다색,바다
174,152,55,ko,황색,황색,황
219,53,127,ko,분홍색,분홍색,분홍
120,8,28,ko,갈색,갈색,갈
182,78,138,ko,연분홍,연분홍색,연분홍
46,162,83,ko,초록색,초록색,초록
69,26,225,ko,파랑,파랑색,파랑
141,97,229,ko,보라,보라색,보라
116,144,101,ko,풀색,풀색,풀
219,17,14,ko,빨강,빨강색,빨강
147,211,198,ko,하늘색,하늘색,하늘
219,111,126,ko,자주색,자주색,자주
181,5,199,ko,보라색,보라색,보라
148,179,225,ko,연파랑색,연파랑색,연파랑
193,161,210,ko,연보라색,연보라색,연보라
238,102,199,ko,연분홍색,연분홍색,연분홍
52,109,40,ko,녹색,녹색,녹
81,137,244,ko,감청색,감청색,감청
145,93,182,ko,붉은보라색,붉은보라색,붉은보라
92,3,122,ko,진보라색,진보라색,진보라
210,162,175,ko,연지,연지색,연지
93,90,150,ko,남보라색,남보라색,남보라
21,6,84,ko,검정색,검정색,검정
115,156,167,ko,청록색,청록색,청록
112,81,80,ko,고동색,고동색,고동
200,246,166,ko,연두색,연두색,연두
0,233,101,ko,풀색,풀색,풀
17,74,100,ko,군청색,군청색,군청
188,252,20,ko,연풀색,연풀색,연풀
52,240,25,ko,녹색,녹색,녹
65,48,203,ko,감청색,감청색,감청
142,178,51,ko,풀색,풀색,풀
16,120,97,ko,진녹색,진녹색,진녹
85,75,43,ko,흑고동색,흑고동색,흑고동
139,115,221,ko,보라,보라색,보라
167,36,149,ko,적보라,적보라색,적보라
70,115,173,ko,파랑,파랑색,파랑
10,214,101,ko,연두,연두색,연두
162,134,99,ko,갈색,갈색,갈
45,24,25,ko,고동색,고동색,고동
160,104,158,ko,보라,보라색,보라
86,43,231,ko,보라,보라색,보라
210,1,127,ko,분홍,분홍색,분홍
254,69,84,ko,주황,주황색,주황
182,73,75,ko,황토,황토색,황토
198,192,176,ko,은색,은색,은
73,95,128,ko,짙은파랑,짙은파랑색,짙은파랑
195,159,159,ko,탁한분홍,탁한분홍색,탁한분홍
51,86,86,ko,짙은녹색,짙은녹색,짙은녹
228,167,110,ko,살구색,살구색,살구
245,176,244,ko,밝은분홍,밝은분홍색,밝은분홍
166,0,22,ko,빨강,빨강색,빨강
45,195,94,ko,초록,초록색,초록
200,171,210,ko,연보라,연보라색,연보라
251,78,99,ko,선홍,선홍색,선홍
68,39,138,ko,보라,보라색,보라
146,243,3,ko,연두,연두색,연두
66,119,208,ko,파랑,파랑색,파랑
153,35,163,ko,보라색,보라색,보라
63,67,8,ko,어두운초록,어두운초록색,어두운초록
238,132,17,ko,주황색,주황색,주황
24,142,30,ko,초록색,초록색,초록
168,169,32,ko,풀색,풀색,풀
235,122,204,ko,분홍,분홍색,분홍
157,109,87,ko,옅은갈색,옅은갈색,옅은갈
185,92,118,ko,벽돌색,벽돌색,벽돌
167,168,122,ko,탁색,탁색,탁
137,208,77,ko,연한초록,연한초록색,연초록
22,234,62,ko,연두색,연두색,연두
71,77,138,ko,연한파랑,연한파랑색,연파랑
238,207,184,ko,살색,살색,살
205,19,141,ko,밝은자주색,밝은자주색,밝은자주
16,88,201,ko,파랑,파랑색,파랑
177,160,242,ko,연보라색,연보라색,연보라
166,181,179,ko,회색,회색,회
187,77,76,ko,갈색,갈색,갈
246,4,207,ko,형광분홍,형광분홍색,형광분홍
65,242,184,ko,형광청록,형광청록색,형광청록
58,37,205,ko,파랑,파랑색,파랑
72,158,127,ko,청록,청록색,청록
5,81,6,ko,녹색,녹색,녹
110,22,94,ko,자주색,자주색,자주
159,171,231,ko,소라색,소라색,소라
103,215,99,ko,형광녹색,형광녹색,형광녹
221,241,108,ko,연두색,연두색,연두
22,132,193,ko,진파랑,진파랑색,진파랑
106,69,21,ko,고동색,고동색,고동
242,29,23,ko,형광빨강색,형광빨강색,형광빨강
6,15,17,ko,검정색,검정색,검정
222,189,134,ko,황토색,황토색,황토
184,67,110,ko,자주색,자주색,자주
135,181,119,ko,그린색,그린색,그린
245,32,135,ko,핑크색,핑크색,핑크
60,71,250,ko,형광파랑색,형광파랑색,형광파랑
148,142,134,ko,짙은갈색,짙은갈색,짙은갈
21,83,31,ko,청록색,청록색,청록
104,133,211,ko,청보라,청보라색,청보라
117,243,58,ko,녹색,녹색,녹
117,210,159,ko,짙은녹색,짙은녹색,짙은녹
27,22,170,ko,남색,남색,남
140,50,77,ko,빨간색,빨간색,빨강
228,208,209,ko,살색,살색,살
8,33,45,ko,검은색,검은색,검정
20,102,141,ko,짙은청록,짙은청록색,짙은청록
53,68,114,ko,짙은남색,짙은남색,짙은남
212,143,163,ko,짙은핑크,짙은핑크색,짙은핑크
183,33,139,ko,자주색,자주색,자주
42,47,145,ko,짙은남색,짙은남색,짙은남
163,120,220,ko,보라색,보라색,보라
250,65,245,ko,꽃분홍색,꽃분홍색,꽃분홍
3,193,69,ko,초록색,초록색,초록
207,160,6,ko,갈색,갈색,갈
58,45,26,ko,짙은고동색,짙은고동색,짙은고동
143,128,57,ko,낙엽색,낙엽색,낙엽
136,219,225,ko,옥색,옥색,옥
239,154,105,ko,주황색,주황색,주황
211,170,126,ko,갈색,갈색,갈
117,140,102,ko,짙은녹색,짙은녹색,짙은녹
57,160,143,ko,청록색,청록색,청록
178,208,71,ko,연두색,연두색,연두
95,187,3,ko,녹색,녹색,녹
252,114,132,ko,꽃분홍,꽃분홍색,꽃분홍
230,12,37,ko,빨간색,빨간색,빨강
75,146,31,ko,짙은녹색,짙은녹색,짙은녹
248,129,43,ko,주황색,주황색,주황
223,103,207,ko,붉은보라,붉은보라색,붉은보라
134,240,125,ko,초록,초록색,초록
41,248,105,ko,밝은초록,밝은초록색,밝은초록
185,31,75,ko,자주색,자주색,자주
151,47,37,ko,짙은밤색,짙은밤색,짙은밤
36,29,203,ko,파랑,파랑색,파랑
176,249,219,ko,에메랄드,에메랄드색,에메랄드
20,169,193,ko,하늘,하늘색,하늘
29,232,79,ko,연두,연두색,연두
111,125,155,ko,청회색,청회색,청회
204,45,31,ko,빨강,빨강색,빨강
134,48,42,ko,갈새,갈새색,갈새
247,1,239,ko,핑크,핑크색,핑크
140,134,123,ko,회색,회색,회
178,126,247,ko,연보라,연보라색,연보라
233,192,123,ko,노랑,노랑색,노랑
29,144,123,ko,청록,청록색,청록
122,107,2,ko,올리브,올리브색,올리브
15,138,196,ko,하늘,하늘색,하늘
196,44,117,ko,핑크,핑크색,핑크
96,250,249,ko,연한 하늘,연한 하늘색,연하늘
102,254,141,ko,에메랄드,에메랄드색,에메랄드
160,146,99,ko,연한 올리브,연한 올리브색,연올리브
241,132,113,ko,다홍,다홍색,다홍
39,42,37,ko,검정,검정색,검정
221,38,165,ko,핫핑크,핫핑크색,핫핑크
158,105,116,ko,적회색,적회색,적회
238,164,65,ko,개나리,개나리색,개나리
135,223,31,ko,연두,연두색,연두
131,50,209,ko,진보라,진보라색,진보라
248,82,91,ko,다홍,다홍색,다홍
63,163,23,ko,진녹색,진녹색,진녹
223,208,65,ko,노랑,노랑색,노랑
42,99,216,ko,파랑,파랑색,파랑
156,99,18,ko,나무,나무색,나무
188,174,230,ko,연보라,연보라색,연보라
87,110,54,ko,올리브,올리브색,올리브
36,49,100,ko,남색,남색,남
47,31,33,ko,갈색,갈색,갈
15,4,188,ko,푸른,푸른색,푸른
118,38,174,ko,보라,보라색,보라
117,0,32,ko,빨간,빨간색,빨강
183,233,195,ko,민트,민트색,민트
198,52,153,ko,분홍,분홍색,분홍
161,167,207,ko,연보라,연보라색,연보라
146,181,65,ko,초록,초록색,초록
81,146,252,ko,진하늘색,진하늘색,진하늘
17,2,44,ko,검정색,검정색,검정
114,83,34,ko,갈색,갈색,갈
188,177,245,ko,연보라색,연보라색,연보라
168,111,193,ko,자주색,자주색,자주
59,234,6,ko,초록색,초록색,초록
208,203,30,ko,황토색,황토색,황토
38,46,18,ko,어두운회색,어두운회색,어두운회
200,22,228,ko,밝은보라색,밝은보라색,밝은보라
159,53,165,ko,진보라색,진보라색,진보라
128,23,48,ko,말린장미색,말린장미색,말린장미
76,178,250,ko,하늘색,하늘색,하늘
246,104,177,ko,분홍색,분홍색,분홍
182,103,17,ko,황토색,황토색,황토
193,135,87,ko,밝은 황토색,밝은 황토색,밝은황토
133,214,254,ko,하늘색,하늘색,하늘
162,232,148,ko,연한연두색,연한연두색,연연두
50,5,199,ko,진한파랑색,진한파랑색,진파랑
225,214,196,ko,아이보리색,아이보리색,아이보리
23,44,173,ko,파랑색,파랑색,파랑
71,223,103,ko,연두색,연두색,연두
135,195,74,ko,어두운연두색,어두운연두색,어두운연두
253,121,103,ko,빨강,빨강색,빨강
118,4,216,ko,보라,보라색,보라
232,185,138,ko,살색,살색,살
8,121,121,ko,청록색,청록색,청록
3,10,36,ko,검은색,검은색,검정
204,61,132,ko,진분홍색,진분홍색,진분홍
70,124,204,ko,파랑,파랑색,파랑
122,132,104,ko,군색,군색,군
99,227,91,ko,연두색,연두색,연두
64,147,102,ko,초록색,초록색,초록
71,94,235,ko,파랑,파랑색,파랑
10,252,162,ko,형광연두,형광연두색,형광연두
70,28,166,ko,보라,보라색,보라
167,144,233,ko,연보라,연보라색,연보라
100,94,98,ko,갈색,갈색,갈
138,38,6,ko,짙은빨강,짙은빨강색,짙은빨강
175,247,167,ko,연두,연두색,연두
200,147,148,ko,장미,장미색,장미
247,89,216,ko,진분홍,진분홍색,진분홍
202,254,243,ko,파랑,파랑색,파랑
219,58,64,ko,빨강,빨강색,빨강
175,215,8,ko,연두,연두색,연두
87,251,211,ko,파랑,파랑색,파랑
29,155,17,ko,초록,초록색,초록
244,239,61,ko,노랑,노랑색,노랑
48,66,154,ko,남색,남색,남
146,49,158,ko,보라,보라색,보라
37,168,192,ko,하늘,하늘색,하늘
120,36,36,ko,갈색,갈색,갈
214,207,206,ko,회색,회색,회
196,190,113,ko,노랑,노랑색,노랑
213,133,202,ko,분홍,분홍색,분홍
213,162,7,ko,갈색,갈색,갈
11,189,140,ko,초록,초록색,초록
181,79,225,ko,보라,보라색,보라
120,91,144,ko,짙은보라,짙은보라색,짙은보라
212,242,223,ko,옥색,옥색,옥
97,157,25,ko,녹색,녹색,녹
79,75,185,ko,파란색,파란색,파랑
205,105,120,ko,붉은색,붉은색,붉은
17,230,37,ko,연두색,연두색,연두
120,97,71,ko,갈색,갈색,갈
170,194,120,ko,쪽색,쪽색,쪽
89,0,149,ko,보라색,보라색,보라
254,82,122,ko,분홍색,분홍색,분홍
74,222,199,ko,옥색,옥색,옥
75,138,167,ko,청색,청색,청
97,156,139,ko,청록색,청록색,청록
110,251,145,ko,형광 초록색,형광 초록색,형광초록
236,220,109,ko,금색,금색,금
160,146,40,ko,연갈색,연갈색,연갈
175,79,64,ko,자주색,자주색,자주
150,34,211,ko,보라색,보라색,보라
253,194,153,ko,살구색,살구색,살구
234,163,44,ko,귤색,귤색,귤
212,73,43,ko,빨간색,빨간색,빨강
46,140,57,ko,녹색,녹색,녹
78,5,92,ko,보라색,보라색,보라
10,121,183,ko,청색,청색,청
111,58,84,ko,자주색,자주색,자주
72,104,101,ko,녹색,녹색,녹
170,105,49,ko,갈색,갈색,갈
215,28,124,ko,자주색,자주색,자주
148,131,229,ko,군청색,군청색,군청
50,15,42,ko,검은색,검은색,검정
28,216,144,ko,연두색,연두색,연두
217,190,34,ko,연주황색,연주황색,연주황
107,111,52,ko,쪽색,쪽색,쪽
42,195,214,ko,하늘색,하늘색,하늘
87,29,8,ko,적갈색,적갈색,적갈
205,229,76,ko,노란색,노란색,노랑
228,5,232,ko,분홍색,분홍색,분홍
168,115,161,ko,연보라,연보라색,연보라
54,202,134,ko,초록,초록색,초록
66,196,18,ko,연두,연두색,연두
51,157,199,ko,파랑,파랑색,파랑
169,209,92,ko,초록,초록색,초록
129,53,184,ko,진보라,진보라색,진보라
116,34,8,ko,갈색,갈색,갈
243,194,44,ko,노랑,노랑색,노랑
141,165,162,ko,상아,상아색,상아
222,180,133,ko,베이지,베이지색,베이지
97,253,231,ko,하늘,하늘색,하늘
165,54,246,ko,보라,보라색,보라
113,102,131,ko,연보라,연보라색,연보라
87,228,62,ko,연두,연두색,연두
18,188,124,ko,연청,연청색,연청
213,232,219,ko,연하늘,연하늘색,연하늘
246,41,206,ko,마젠타,마젠타색,마젠타
233,149,142,ko,연분홍,연분홍색,연분홍
14,62,182,ko,파란색,파란색,파랑
142,113,106,ko,갈색,갈색,갈
22,50,31,ko,"아,,어두운갈색","아,,어두운갈색","아,,어두운갈"
254,220,229,ko,밝은분홍,밝은분홍색,밝은분홍
115,246,15,ko,초록,초록색,초록
28,206,135,ko,청록색,청록색,청록
153,136,203,ko,보라색,보라색,보라
161,165,172,ko,회색,회색,회
200,253,164,ko,밝은초록,밝은초록색,밝은초록
206,206,14,ko,어두운노란색,어두운노란색,어두운노랑
115,25,177,ko,보라색,보라색,보라
81,68,50,ko,어두운갈색,어두운갈색,어두운갈
252,51,33,ko,빨간색,빨간색,빨강
49,101,96,ko,청록색,청록색,청록
63,160,55,ko,초록,초록색,초록
52,141,193,ko,파란색,파란색,파랑
223,148,201,ko,어두운분홍,어두운분홍색,어두운분홍
166,51,28,ko,어두운주황색,어두운주황색,어두운주황
161,201,164,ko,탁한초록,탁한초록색,탁한초록
174,135,88,ko,연한갈색,연한갈색,연갈
137,179,6,ko,진한연두색,진한연두색,진연두
48,207,230,ko,하늘색,하늘색,하늘
171,25,89,ko,탁한 적색,탁한 적색,탁한적
72,105,12,ko,탁한 연두색,탁한 연두색,탁한연두
186,158,12,ko,탁한 노란색,탁한 노란색,탁한노랑
56,131,238,ko,푸른색,푸른색,푸른
202,67,253,ko,진한 보라색,진한 보라색,진보라
186,92,170,ko,탁한 보라,탁한 보라색,탁한보라
62,157,153,ko,청록,청록색,청록
160,1,140,ko,보라색,보라색,보라
157,88,223,ko,보라색,보라색,보라
38,70,239,ko,파랑,파랑색,파랑
114,64,26,ko,진한갈색,진한갈색,진갈
134,79,111,ko,보라,보라색,보라
4,54,160,ko,파랑,파랑색,파랑
254,62,119,ko,분홍,분홍색,분홍
71,178,67,ko,연초록,연초록색,연초록
208,152,230,ko,연분홍,연분홍색,연분홍
67,227,51,ko,연두,연두색,연두
25,77,131,ko,남색,남색,남
128,126,196,ko,연보라색,연보라색,연보라
251,80,203,ko,핫핑크,핫핑크색,핫핑크
172,192,38,ko,황녹색,황녹색,황녹
172,164,81,ko,연녹갈색,연녹갈색,연녹갈
175,59,110,ko,진홍색,진홍색,진홍
135,111,9,ko,황갈색,황갈색,황갈
202,195,156,ko,베이직,베이직색,베이직
193,198,243,ko,파란보라,파란보라색,파랑보라
193,76,225,ko,보라색,보라색,보라
138,203,194,ko,시안색,시안색,시안
69,112,229,ko,파랑,파랑색,파랑
220,47,54,ko,빨강,빨강색,빨강
216,160,5,ko,주황,주황색,주황
158,93,114,ko,자주,자주색,자주
219,135,241,ko,연보라,연보라색,연보라
122,152,239,ko,하늘색,하늘색,하늘
106,216,104,ko,연두색,연두색,연두
54,109,139,ko,청녹색,청녹색,청록
85,116,98,ko,올리브색,올리브색,올리브
82,192,249,ko,하늘색,하늘색,하늘
56,32,144,ko,파란색,파란색,파랑
177,222,141,ko,연녹색,연녹색,연녹
136,237,60,ko,연두색,연두색,연두
87,159,62,ko,진녹색,진녹색,진녹
78,51,58,ko,갈색,갈색,갈
11,11,42,ko,검은색,검은색,검정
147,252,139,ko,형광연두색,형광연두색,형광연두
122,58,112,ko,자주색,자주색,자주
127,13,118,ko,보라색,보라색,보라
54,72,169,ko,청자색,청자색,청자
211,230,85,ko,노랑,노랑색,노랑
102,173,101,ko,옅은녹색,옅은녹색,옅은녹
202,72,154,ko,어두운분홍색,어두운분홍색,어두운분홍
58,85,232,ko,파랑,파랑색,파랑
191,91,81,ko,짙은다홍,짙은다홍색,짙은다홍
23,89,162,ko,옅은파랑,옅은파랑색,옅은파랑
117,115,63,ko,어두운노랑,어두운노랑색,어두운노랑
43,96,19,ko,짙은녹색,짙은녹색,짙은녹
21,158,157,ko,짙은시안,짙은시안색,짙은시안
243,45,180,ko,마젠타,마젠타색,마젠타
97,38,44,ko,적갈색,적갈색,적갈
3,144,4,ko,녹색,녹색,녹
111,101,59,ko,갈색,갈색,갈
205,228,126,ko,연한연두,연한연두색,연연두
53,212,237,ko,하늘색,하늘색,하늘
179,43,231,ko,형광보라색,형광보라색,형광보라
212,155,37,ko,진주황색,진주황색,진주황
66,15,67,ko,군청색,군청색,군청
119,45,120,ko,진분홍색,진분홍색,진분홍
164,227,15,ko,형광연두색,형광연두색,형광연두
95,44,23,ko,진갈색,진갈색,진갈
96,67,241,ko,파랑색,파랑색,파랑
46,74,23,ko,진초록색,진초록색,진초록
240,228,252,ko,연분홍색,연분홍색,연분홍
3,162,222,ko,하늘,하늘색,하늘
106,55,119,ko,자주,자주색,자주
22,46,55,ko,검은색,검은색,검정
105,2,197,ko,형광보라,형광보라색,형광보라
254,161,91,ko,살구색,살구색,살구
82,76,66,ko,짙은풀색,짙은풀색,짙은풀
146,249,68,ko,형관연두,형관연두색,형관연두
172,209,105,ko,짙은연두,짙은연두색,짙은연두
245,120,31,ko,주황색,주황색,주황
113,176,37,ko,풀색,풀색,풀
242,181,196,ko,분홍색,분홍색,분홍
249,245,21,ko,노랑색,노랑색,노랑
14,29,34,ko,검정색,검정색,검정
199,218,178,ko,베이지색,베이지색,베이지
79,138,71,ko,올리브색,올리브색,올리브
195,136,137,ko,탁한 분홍색,탁한 분홍색,탁한분홍
131,90,122,ko,탁한 진홍색,탁한 진홍색,탁한진홍
90,4,239,ko,파랑,파랑색,파랑
204,54,10,ko,자홍색,자홍색,자홍
10,231,193,ko,민트색,민트색,민트
242,145,77,ko,주황색,주황색,주황
95,128,130,ko,진한청록색,진한청록색,진청록
126,128,161,ko,탁한 보라색,탁한 보라색,탁한보라
185,23,55,ko,진빨강색,진빨강색,진빨강
108,135,57,ko,올리브색,올리브색,올리브
24,74,94,ko,청남색,청남색,청남
177,165,252,ko,연보라색,연보라색,연보라
151,57,224,ko,보라색,보라색,보라
154,247,242,ko,연한하늘색,연한하늘색,연하늘
15,187,30,ko,녹색,녹색,녹
58,59,120,ko,남색,남색,남
160,44,105,ko,자주색,자주색,자주
230,41,22,ko,빨간색,빨간색,빨강
48,195,123,ko,청록색,청록색,청록
105,100,123,ko,진회색,진회색,진회
239,8,173,ko,핫핑크,핫핑크색,핫핑크
195,5,249,ko,보라색,보라색,보라
231,94,240,ko,자색,자색,자
159,196,61,ko,올리브색,올리브색,올리브
254,185,113,ko,연주황,연주황색,연주황
180,129,62,ko,연한갈색,연한갈색,연갈
79,109,183,ko,남색,남색,남
214,141,249,ko,연보라색,연보라색,연보라
26,250,83,ko,연두색,연두색,연두
60,250,162,ko,형광녹색,형광녹색,형광녹
172,160,64,ko,겨자색,겨자색,겨자
228,110,144,ko,어두운핑크색,어두운핑크색,어두운핑크
141,167,145,ko,연회녹색,연회녹색,연회녹
254,169,60,ko,주황,주황색,주황
154,41,4,ko,검붉음,검붉음색,검붉음
23,87,213,ko,짙은 파랑,짙은 파랑색,짙은파랑
152,157,231,ko,보라,보라색,보라
240,224,249,ko,연한 보라,연한 보라색,연보라
37,41,148,ko,남색,남색,남
105,119,94,ko,어두운 초록,어두운 초록색,어두운초록
179,153,117,ko,밝은 갈색,밝은 갈색,밝은갈
175,243,202,ko,민트,민트색,민트
183,158,39,ko,황금색,황금색,황금
199,235,25,ko,라임색,라임색,라임
247,100,93,ko,밝은 빨강,밝은 빨강색,밝은빨강
141,21,182,ko,보라색,보라색,보라
246,5,108,ko,짙은 분홍색,짙은 분홍색,짙은분홍
136,34,62,ko,자주색,자주색,자주
189,170,198,ko,옅은 보라색,옅은 보라색,옅은보라
48,69,27,ko,국방색,국방색,국방
10,118,253,ko,시안색,시안색,시안
254,65,20,ko,주황색,주황색,주황
195,54,7,ko,갈색,갈색,갈
183,183,16,ko,연녹색,연녹색,연녹
38,169,245,ko,하늘색,하늘색,하늘
73,209,213,ko,민트색,민트색,민트
254,181,147,ko,살구색,살구색,살구
82,143,36,ko,짙은 초록,짙은 초록색,짙은초록
207,89,199,ko,짙은 보라,짙은 보라색,짙은보라
47,195,225,ko,하늘색,하늘색,하늘
19,197,69,ko,초록색,초록색,초록
234,18,172,ko,자주색,자주색,자주
65,145,201,ko,파랑,파랑색,파랑
27,207,119,ko,연한 민트,연한 민트색,연민트
27,5,157,ko,짙은 남색,짙은 남색,짙은남
205,120,42,ko,갈색,갈색,갈
127,188,27,ko,짙은 연두,짙은 연두색,짙은연두
251,12,74,ko,밝은 빨강,밝은 빨강색,밝은빨강
164,167,182,ko,회색,회색,회
18,190,73,ko,초록색,초록색,초록
26,115,98,ko,청록색,청록색,청록
161,157,182,ko,회보라색,회보라색,회보라
101,6,53,ko,와인색,와인색,와인
185,13,25,ko,빨강색,빨강색,빨강
188,130,170,ko,회분홍색,회분홍색,회분홍
175,143,71,ko,금색,금색,금
114,129,244,ko,연군청색,연군청색,연군청
99,45,3,ko,갈색,갈색,갈
88,195,127,ko,옥색,옥색,옥
166,170,156,ko,연회녹색,연회녹색,연회녹
251,248,63,ko,레몬색,레몬색,레몬
131,110,113,ko,짙은 회색,짙은 회색,짙은회
147,90,78,ko,갈색,갈색,갈
164,226,110,ko,연두,연두색,연두
25,2,70,ko,짙은 남색,짙은 남색,짙은남
236,224,57,ko,어두운 노랑,어두운 노랑색,어두운노랑
26,216,20,ko,밝은 초록,밝은 초록색,밝은초록
12,71,131,ko,남색,남색,남
190,129,239,ko,보라,보라색,보라
198,149,177,ko,연한 자주색,연한 자주색,연자주
227,242,132,ko,연한 노랑,연한 노랑색,연노랑
76,65,62,ko,검정,검정색,검정
235,232,171,ko,아이보리,아이보리색,아이보리
137,193,156,ko,녹색,녹색,녹
105,172,192,ko,하늘색,하늘색,하늘
200,181,117,ko,황토색,황토색,황토
76,117,198,ko,진한파랑,진한파랑색,진파랑
240,168,149,ko,살구,살구색,살구
133,54,93,ko,검붉은색,검붉은색,검붉은
16,114,123,ko,청록,청록색,청록
181,117,75,ko,황토,황토색,황토
56,225,74,ko,초록,초록색,초록
152,199,39,ko,연두,연두색,연두
201,20,155,ko,핫핑크,핫핑크색,핫핑크
220,232,238,ko,연파랑,연파랑색,연파랑
191,55,227,ko,찐한 보라,찐한 보라색,찐한보라
108,55,147,ko,보라색남색쓰까묵음,보라색남색쓰까묵음색,보라색남색쓰까묵음
218,205,155,ko,우리집 벽지색,우리집 벽지색,우리집벽지
198,31,116,ko,자주색,자주색,자주
253,77,42,ko,다홍색,다홍색,다홍
204,104,166,ko,보라색치곤 좀 연함,보라색치곤 좀 연함색,보라색치곤좀연함
244,149,30,ko,주황색,주황색,주황
51,27,9,ko,고동색,고동색,고동
111,92,15,ko,"허ㅓ,,엄,,.미..,, 내 벌써,, 늙엇어,,,,","허ㅓ,,엄,,.미..,, 내 벌써,, 늙엇어,,,,색","허ㅓ,,엄,,.미..,,내벌써,,늙엇어,,,,"
125,214,138,ko,초코좀섞인 민트초코,초코좀섞인 민트초코색,초코좀섞인민트초코
73,249,126,ko,섞이기 전의 민트,섞이기 전의 민트색,섞이기전의민트
105,135,6,ko,여름때 본 나뭇잎색,여름때 본 나뭇잎색,여름때본나뭇잎
13,151,93,ko,초록색,초록색,초록
13,25,213,ko,진한 파랑,진한 파랑색,진파랑
126,175,178,ko,쪽색,쪽색,쪽
39,108,28,ko,녹색,녹색,녹
61,50,32,ko,자두색,자두색,자두
3,144,133,ko,청록색,청록색,청록
70,103,137,ko,회청색,회청색,회청
211,21,163,ko,마젠타,마젠타색,마젠타
166,138,103,ko,밝은 갈색,밝은 갈색,밝은갈
117,210,78,ko,형광연두색,형광연두색,형광연두
227,10,56,ko,홍색,홍색,홍
177,126,23,ko,겨자색,겨자색,겨자
253,62,36,ko,빨강,빨강색,빨강
119,221,124,ko,연두,연두색,연두
129,31,245,ko,보라,보라색,보라
186,88,243,ko,진한보라,진한보라색,진보라
112,92,108,ko,적보라,적보라색,적보라
153,146,212,ko,연보라,연보라색,연보라
134,25,143,ko,자주,자주색,자주
62,87,130,ko,청록,청록색,청록
227,38,235,ko,핑크,핑크색,핑크
184,117,185,ko,연분홍,연분홍색,연분홍
211,96,60,ko,주황,주황색,주황
96,46,38,ko,갈색,갈색,갈
50,183,203,ko,짙은 하늘색,짙은 하늘색,짙은하늘
232,182,24,ko,금색,금색,금
42,187,157,ko,논란일자,논란일자색,논란일자
139,146,199,ko,몰라레후,몰라레후색,몰라레후
42,73,98,ko,레후,레후색,레후
216,15,168,ko,개찐하네 시발,개찐하네 시발색,개찐하네시발
245,24,83,ko,마젠타,마젠타색,마젠타
229,245,227,ko,옅은 하늘색,옅은 하늘색,옅은하늘
169,220,232,ko,하늘색,하늘색,하늘
129,126,106,ko,짙은 회색,짙은 회색,짙은회
12,99,161,ko,파랑색,파랑색,파랑
227,218,67,ko,좀 누리끼리한 콧물,좀 누리끼리한 콧물색,좀누리끼리한콧물
40,139,105,ko,청록,청록색,청록
181,48,105,ko,자주,자주색,자주
47,75,214,ko,파랑,파랑색,파랑
221,146,247,ko,분홍,분홍색,분홍
20,13,51,ko,검정,검정색,검정
250,179,48,ko,귤색,귤색,귤
248,50,80,ko,빨강,빨강색,빨강
233,33,107,ko,자주,자주색,자주
38,138,10,ko,초록,초록색,초록
22,54,33,ko,진한초록,진한초록색,진초록
3,227,221,ko,하늘,하늘색,하늘
177,244,172,ko,연두,연두색,연두
241,216,164,ko,모래색,모래색,모래
122,163,126,ko,짙은연두색,짙은연두색,짙은연두
17,40,124,ko,남색,남색,남
90,106,179,ko,옅은 남색,옅은 남색,옅은남
215,255,217,ko,밝은 연두색,밝은 연두색,밝은연두
16,141,8,ko,진한 녹색,진한 녹색,진녹
60,240,178,ko,진한 민트색,진한 민트색,진민트
56,117,74,ko,옅은 청록색,옅은 청록색,옅은청록
112,138,40,ko,노란연두색,노란연두색,노랑연두
254,152,155,ko,분홍색,분홍색,분홍
10,74,72,ko,짙은 청록색,짙은 청록색,짙은청록
110,61,23,ko,적갈색,적갈색,적갈
130,144,221,ko,연군청색,연군청색,연군청
8,180,167,ko,비취색,비취색,비취
20,148,171,ko,담청색,담청색,담청
180,243,0,ko,연두색,연두색,연두
217,118,225,ko,분홍색,분홍색,분홍
231,133,38,ko,주황색,주황색,주황
17,248,200,ko,민트색,민트색,민트
222,200,106,ko,금색,금색,금
146,209,206,ko,회청록색,회청록색,회청록
72,131,70,ko,진녹색,진녹색,진녹
108,68,238,ko,군청자색,군청자색,군청자
190,48,248,ko,자주색,자주색,자주
239,57,233,ko,마젠타색,마젠타색,마젠타
130,70,86,ko,자갈색,자갈색,자갈
122,164,64,ko,풀색,풀색,풀
100,58,168,ko,군청자색,군청자색,군청자
195,228,103,ko,연녹황색,연녹황색,연녹황
198,167,27,ko,황색,황색,황
56,20,159,ko,군청색,군청색,군청
213,100,149,ko,선홍색,선홍색,선홍
107,85,50,ko,담즙색,담즙색,담즙
57,51,127,ko,남색,남색,남
33,228,243,ko,벽색,벽색,벽
23,16,33,ko,흑색,흑색,흑
95,90,165,ko,보라색,보라색,보라
230,248,147,ko,라임색,라임색,라임
211,178,118,ko,황토색,황토색,황토
139,183,0,ko,연두색,연두색,연두
59,65,44,ko,진회색,진회색,진회
16,174,174,ko,청록색,청록색,청록
174,175,245,ko,라벤더,라벤더색,라벤더
161,81,114,ko,자주색,자주색,자주
235,211,27,ko,개나리색,개나리색,개나리
23,236,161,ko,형광초록,형광초록색,형광초록
65,245,209,ko,민트색,민트색,민트
89,24,68,ko,적보라색,적보라색,적보라
26,33,118,ko,남색,남색,남
189,75,125,ko,자주색,자주색,자주
84,102,196,ko,파란색,파란색,파랑
234,171,161,ko,살구색,살구색,살구
79,5,74,ko,짙은 자주색,짙은 자주색,짙은자주
181,181,220,ko,회색,회색,회
175,133,250,ko,연보라색,연보라색,연보라
117,132,156,ko,회색,회색,회
9,29,237,ko,파란색,파란색,파랑
66,172,84,ko,초록색,초록색,초록
86,68,56,ko,고동색,고동색,고동
246,57,214,ko,자주색,자주색,자주
245,143,180,ko,분홍색,분홍색,분홍
1,193,137,ko,에메랄드색,에메랄드색,에메랄드
120,253,106,ko,초록색,초록색,초록
30,122,125,ko,청록색,청록색,청록
119,176,128,ko,초록색,초록색,초록
167,125,64,ko,갈색,갈색,갈
57,71,206,ko,파란색,파란색,파랑
179,204,52,ko,연두색,연두색,연두
191,43,14,ko,빨강,빨강색,빨강
156,76,232,ko,보라색,보라색,보라
194,120,190,ko,연보라색,연보라색,연보라
252,20,142,ko,자주색,자주색,자주
18,65,133,ko,남색,남색,남
23,19,168,ko,군청색,군청색,군청
219,128,94,ko,갈색,갈색,갈
205,181,31,ko,황토색,황토색,황토
78,112,171,ko,남색,남색,남
60,63,98,ko,검은색,검은색,검정
49,191,172,ko,에메랄드색,에메랄드색,에메랄드
154,176,95,ko,초록색,초록색,초록
38,106,76,ko,초록색,초록색,초록
88,195,47,ko,초록색,초록색,초록
128,56,17,ko,갈색,갈색,갈
185,63,75,ko,자주색,자주색,자주
121,15,38,ko,적갈색,적갈색,적갈
198,77,34,ko,주황,주황색,주황
56,87,195,ko,파랑,파랑색,파랑
82,143,211,ko,연파랑,연파랑색,연파랑
166,67,147,ko,자주,자주색,자주
193,139,233,ko,연보라,연보라색,연보라
99,233,242,ko,하늘,하늘색,하늘
186,200,164,ko,카키,카키색,카키
24,28,77,ko,검정,검정색,검정
69,28,228,ko,보라,보라색,보라
74,222,86,ko,연두,연두색,연두
55,81,73,ko,청록,청록색,청록
146,172,169,ko,군색,군색,군
70,12,166,ko,진보라,진보라색,진보라
39,190,107,ko,초록,초록색,초록
205,124,78,ko,갈색,갈색,갈
112,68,36,ko,적갈색,적갈색,적갈
214,194,107,ko,황토,황토색,황토
62,11,33,ko,검정,검정색,검정
192,212,43,ko,연두,연두색,연두
199,111,238,ko,보라,보라색,보라
243,212,38,ko,노랑,노랑색,노랑
90,174,12,ko,진한초록,진한초록색,진초록
119,123,7,ko,카키,카키색,카키
79,48,134,ko,남색,남색,남
236,89,181,ko,분홍,분홍색,분홍
181,163,20,ko,진노랑,진노랑색,진노랑
88,151,127,ko,짙녹색,짙녹색,짙녹
191,242,111,ko,형광 노랑,형광 노랑색,형광노랑
162,115,158,ko,진보라,진보라색,진보라
14,75,246,ko,파랑,파랑색,파랑
104,89,147,ko,군색,군색,군
186,13,232,ko,보라,보라색,보라
14,127,164,ko,청록,청록색,청록
141,254,220,ko,민트,민트색,민트
169,47,90,ko,적갈색,적갈색,적갈
22,171,127,ko,초록,초록색,초록
20,111,237,ko,파랑,파랑색,파랑
223,222,182,ko,미색,미색,미
189,35,37,ko,빨강,빨강색,빨강
110,127,37,ko,초록,초록색,초록
180,4,96,ko,마젠타,마젠타색,마젠타
161,185,44,ko,연초록,연초록색,연초록
136,246,117,ko,연녹,연녹색,연녹
114,54,152,ko,보라,보라색,보라
119,139,128,ko,회색,회색,회
36,213,18,ko,초록,초록색,초록
71,224,227,ko,청록,청록색,청록
131,184,169,ko,민트색,민트색,민트
16,159,26,ko,초록색,초록색,초록
83,89,39,ko,갈록색,갈록색,갈록
63,102,158,ko,파란색,파란색,파랑
66,172,206,ko,하늘색,하늘색,하늘
84,145,44,ko,초록색,초록색,초록
34,188,174,ko,시안색,시안색,시안
178,99,25,ko,적토색,적토색,적토
199,222,127,ko,연두색,연두색,연두
123,78,76,ko,어두운 붉은색,어두운 붉은색,어두운붉은
161,242,238,ko,하늘색,하늘색,하늘
166,51,64,ko,자주색,자주색,자주
107,43,88,ko,보라색,보라색,보라
232,14,213,ko,핑크색,핑크색,핑크
210,213,177,ko,아이보리색,아이보리색,아이보리
194,51,17,ko,붉은색,붉은색,붉은
135,110,42,ko,갈색,갈색,갈
87,94,194,ko,파란색,파란색,파랑
42,246,152,ko,민트색,민트색,민트
225,164,173,ko,분홍색,분홍색,분홍
24,137,221,ko,파란색,파란색,파랑
82,226,91,ko,초록색,초록색,초록
112,59,12,ko,갈색,갈색,갈
240,182,62,ko,노란색,노란색,노랑
189,51,182,ko,분홍색,분홍색,분홍
232,204,127,ko,살구색,살구색,살구
199,119,97,ko,적토색,적토색,적토
134,218,160,ko,민트색,민트색,민트
78,8,216,ko,파랑색,파랑색,파랑
15,15,71,ko,짙은 남색,짙은 남색,짙은남
157,242,34,ko,연두색,연두색,연두
211,75,162,ko,핑크색,핑크색,핑크
147,117,161,ko,옅은 보라색,옅은 보라색,옅은보라
10,9,119,ko,남색,남색,남
145,199,43,ko,연록색,연록색,연록
74,140,88,ko,초록색,초록색,초록
197,186,37,ko,황녹색,황녹색,황녹
153,178,189,ko,잿빛,잿빛색,잿빛
205,94,134,ko,진분홍색,진분홍색,진분홍
144,75,88,ko,자주색,자주색,자주
206,55,53,ko,빨강색,빨강색,빨강
141,40,250,ko,보라색,보라색,보라
24,92,170,ko,진청색,진청색,진청
43,94,5,ko,진초록색,진초록색,진초록
247,128,76,ko,오렌지색,오렌지색,오렌지
23,11,86,ko,남색,남색,남
73,236,228,ko,하늘색,하늘색,하늘
229,57,105,ko,진홍색,진홍색,진홍
80,7,159,ko,보라색,보라색,보라
71,114,141,ko,청회색,청회색,청회
155,16,101,ko,자주색,자주색,자주
201,186,103,ko,황록색,황록색,황록
16,200,86,ko,초록색,초록색,초록
51,14,61,ko,짙은남색,짙은남색,짙은남
147,26,160,ko,자주색,자주색,자주
136,181,18,ko,연두색,연두색,연두
222,218,199,ko,상아색,상아색,상아
50,156,60,ko,초록색,초록색,초록
177,243,69,ko,형광연두,형광연두색,형광연두
100,44,20,ko,갈색,갈색,갈
86,182,119,ko,초록색,초록색,초록
7,39,29,ko,검은색,검은색,검정
55,176,183,ko,청록색,청록색,청록
224,71,18,ko,다홍색,다홍색,다홍
27,183,245,ko,하늘색,하늘색,하늘
146,170,70,ko,쑥색,쑥색,쑥
1,238,36,ko,연두색,연두색,연두
44,54,156,ko,파란색,파란색,파랑
248,11,57,ko,진홍색,진홍색,진홍
152,254,196,ko,에메랄드색,에메랄드색,에메랄드
253,190,41,ko,오렌지색,오렌지색,오렌지
235,186,251,ko,연보라색,연보라색,연보라
152,163,191,ko,회색,회색,회
79,111,168,ko,파란색,파란색,파랑
138,52,73,ko,자주색,자주색,자주
171,56,253,ko,보라색,보라색,보라
166,219,212,ko,청록색,청록색,청록
18,210,137,ko,연두색,연두색,연두
238,74,151,ko,분홍색,분홍색,분홍
35,12,61,ko,검은색,검은색,검정
42,187,254,ko,하늘색,하늘색,하늘
201,45,219,ko,자주색,자주색,자주
225,68,67,ko,다홍색,다홍색,다홍
46,206,182,ko,산호색,산호색,산호
62,37,197,ko,진파랑,진파랑색,진파랑
15,222,40,ko,연두색,연두색,연두
4,135,239,ko,하늘색,하늘색,하늘
254,208,101,ko,살색,살색,살
195,94,53,ko,갈색,갈색,갈
179,246,175,ko,라임색,라임색,라임
115,107,122,ko,회색,회색,회
124,28,169,ko,자주색,자주색,자주
108,5,22,ko,고동색,고동색,고동
237,202,218,ko,연분홍색,연분홍색,연분홍
3,62,169,ko,군청색,군청색,군청
160,170,47,ko,올리브색,올리브색,올리브
201,76,94,ko,다홍색,다홍색,다홍
210,4,87,ko,빨강색,빨강색,빨강
132,111,198,ko,보라색,보라색,보라
148,155,127,ko,카키색,카키색,카키
91,222,253,ko,하늘색,하늘색,하늘
102,78,59,ko,고동색,고동색,고동
68,249,127,ko,라임색,라임색,라임
242,40,203,ko,분홍색,분홍색,분홍
75,193,47,ko,초록색,초록색,초록
255,146,115,ko,다홍색,다홍색,다홍
150,131,72,ko,국방색,국방색,국방
226,151,39,ko,주황색,주황색,주황
16,155,80,ko,초록,초록색,초록
180,244,112,ko,연두,연두색,연두
114,201,129,ko,초록,초록색,초록
26,253,166,ko,에메랄드,에메랄드색,에메랄드
85,106,28,ko,올리브,올리브색,올리브
130,24,51,ko,자주,자주색,자주
102,103,144,ko,군청,군청색,군청
74,202,194,ko,청록,청록색,청록
210,145,207,ko,연보라,연보라색,연보라
168,229,193,ko,연초록,연초록색,연초록
57,22,126,ko,보라,보라색,보라
253,210,136,ko,개나리,개나리색,개나리
48,92,202,ko,파랑,파랑색,파랑
196,210,116,ko,연두,연두색,연두
3,92,255,ko,파랑,파랑색,파랑
226,5,187,ko,분홍,분홍색,분홍
192,202,234,ko,연보라,연보라색,연보라
156,62,219,ko,보라,보라색,보라
182,54,4,ko,다홍,다홍색,다홍
111,144,224,ko,연파랑,연파랑색,연파랑
108,66,89,ko,보라,보라색,보라
218,109,105,ko,자홍,자홍색,자홍
16,24,51,ko,남색,남색,남
79,57,1,ko,갈색,갈색,갈
82,87,52,ko,녹색,녹색,녹
194,161,25,ko,황토색,황토색,황토
237,150,30,ko,주황,주황색,주황
83,88,91,ko,녹색,녹색,녹
86,20,87,ko,보라,보라색,보라
17,254,123,ko,연두,연두색,연두
195,220,10,ko,연록,연록색,연록
108,175,7,ko,녹색,녹색,녹
213,48,133,ko,자홍,자홍색,자홍
144,30,142,ko,보라,보라색,보라
70,122,54,ko,초록색,초록색,초록
151,45,85,ko,자주,자주색,자주
79,215,166,ko,연녹색,연녹색,연녹
129,230,246,ko,연하늘,연하늘색,연하늘
45,23,12,ko,검정,검정색,검정
209,205,204,ko,회색,회색,회
30,87,48,ko,쑥색,쑥색,쑥
203,98,252,ko,보라,보라색,보라
145,130,234,ko,보라,보라색,보라
146,201,92,ko,연두,연두색,연두
101,55,3,ko,갈색,갈색,갈
45,128,160,ko,파란,파란색,파랑
72,177,18,ko,초록색,초록색,초록
124,50,156,ko,보라,보라색,보라
231,185,148,ko,살색,살색,살
175,184,147,ko,회색,회색,회
244,215,79,ko,노랑색,노랑색,노랑
225,249,148,ko,연두색,연두색,연두
33,135,250,ko,파랑색,파랑색,파랑
169,172,9,ko,연두색,연두색,연두
70,154,224,ko,파랑색,파랑색,파랑
1,153,55,ko,초록색,초록색,초록
107,109,86,ko,진회색,진회색,진회
228,142,166,ko,분홍색,분홍색,분홍
44,8,248,ko,파랑색,파랑색,파랑
165,140,53,ko,황색,황색,황
83,75,141,ko,보라색,보라색,보라
199,91,156,ko,보라색,보라색,보라
223,157,247,ko,보라색,보라색,보라
184,234,56,ko,연두색,연두색,연두
48,78,238,ko,파랑색,파랑색,파랑
11,61,181,ko,남색,남색,남
28,229,125,ko,연두색,연두색,연두
179,158,207,ko,보라색,보라색,보라
51,82,91,ko,진초록색,진초록색,진초록
61,33,75,ko,자주색,자주색,자주
64,198,129,ko,풀색,풀색,풀
249,184,191,ko,연분홍,연분홍색,연분홍
49,49,140,ko,청색,청색,청
21,192,184,ko,에메랄드색,에메랄드색,에메랄드
130,219,60,ko,녹색,녹색,녹
137,135,27,ko,올리브색,올리브색,올리브
120,159,242,ko,파스텔톤하늘색,파스텔톤하늘색,파스텔톤하늘
119,57,235,ko,보라색,보라색,보라
162,122,207,ko,연보라색,연보라색,연보라
240,92,149,ko,핫핑크,핫핑크색,핫핑크
159,47,43,ko,피색,피색,피
252,46,233,ko,진분홍,진분홍색,진분홍
16,55,33,ko,진녹색,진녹색,진녹
158,221,199,ko,연녹색,연녹색,연녹
194,161,95,ko,진흙색,진흙색,진흙
123,118,153,ko,먹색,먹색,먹
220,152,195,ko,연보라색,연보라색,연보라
184,104,66,ko,흙색,흙색,흙
225,5,61,ko,빨간색,빨간색,빨강
214,134,3,ko,황토색,황토색,황토
215,218,117,ko,연녹색,연녹색,연녹
81,61,95,ko,진보라색,진보라색,진보라
228,84,192,ko,진달래색,진달래색,진달래
167,242,169,ko,파스텔녹색,파스텔녹색,파스텔녹
197,102,132,ko,진분홍,진분홍색,진분홍
113,170,99,ko,녹색,녹색,녹
110,95,73,ko,갈색,갈색,갈
167,67,143,ko,보라색,보라색,보라
98,156,166,ko,청색,청색,청
40,241,77,ko,형광녹색,형광녹색,형광녹
137,21,181,ko,보라색,보라색,보라
179,184,225,ko,연보라색,연보라색,연보라
242,237,248,ko,연보라색,연보라색,연보라
108,54,126,ko,보라색,보라색,보라
50,115,62,ko,녹색,녹색,녹
224,106,36,ko,주황색,주황색,주황
174,45,50,ko,적갈색,적갈색,적갈
2,183,145,ko,청록색,청록색,청록
100,184,194,ko,하늘색,하늘색,하늘
246,48,86,ko,빨강,빨강색,빨강
148,26,75,ko,자주색,자주색,자주
229,217,41,ko,금색,금색,금
74,7,52,ko,보라색,보라색,보라
11,101,133,ko,파랑,파랑색,파랑
170,208,161,ko,연록색,연록색,연록
150,148,127,ko,회색,회색,회
87,237,56,ko,초록색,초록색,초록
243,145,238,ko,분홍색,분홍색,분홍
144,198,60,ko,연두,연두색,연두
213,115,115,ko,주황,주황색,주황
244,161,207,ko,분홍,분홍색,분홍
59,25,101,ko,남,남색,남
181,91,198,ko,보라,보라색,보라
79,110,180,ko,파랑,파랑색,파랑
158,89,121,ko,보라,보라색,보라
3,91,207,ko,파랑,파랑색,파랑
178,100,251,ko,보라,보라색,보라
172,137,28,ko,금,금색,금
103,220,97,ko,연두,연두색,연두
255,62,196,ko,분홍,분홍색,분홍
53,135,124,ko,청록,청록색,청록
59,143,54,ko,연두,연두색,연두
61,68,53,ko,검정,검정색,검정
251,91,21,ko,주황,주황색,주황
224,195,159,ko,베이지,베이지색,베이지
70,23,163,ko,보라,보라색,보라
163,185,241,ko,하늘,하늘색,하늘
227,126,80,ko,주황,주황색,주황
86,46,242,ko,보라,보라색,보라
179,147,194,ko,보라,보라색,보라
20,238,221,ko,청록,청록색,청록
251,70,139,ko,주홍,주홍색,주홍
173,103,222,ko,보라색,보라색,보라
173,236,41,ko,연두색,연두색,연두
228,229,5,ko,노랑색,노랑색,노랑
188,48,3,ko,빨간색,빨간색,빨강
169,177,211,ko,회색,회색,회
233,72,146,ko,핫핑크색,핫핑크색,핫핑크
29,145,255,ko,파랑색,파랑색,파랑
5,47,191,ko,남색,남색,남
200,160,219,ko,연보라색,연보라색,연보라
184,146,13,ko,금색,금색,금
159,65,125,ko,보라색,보라색,보라
170,2,121,ko,진보라색,진보라색,진보라
1,56,147,ko,남색,남색,남
174,142,87,ko,황토색,황토색,황토
89,219,190,ko,청록색,청록색,청록
38,54,237,ko,파란색,파란색,파랑
160,47,33,ko,적갈색,적갈색,적갈
52,110,168,ko,파란색,파란색,파랑
247,63,231,ko,핑크색,핑크색,핑크
181,104,58,ko,갈색,갈색,갈
118,232,250,ko,하늘색,하늘색,하늘
34,252,116,ko,연두색,연두색,연두
84,138,10,ko,초록색,초록색,초록
95,24,83,ko,진한 보라색,진한 보라색,진보라
238,148,249,ko,핑크색,핑크색,핑크
250,132,12,ko,주황색,주황색,주황
31,172,41,ko,초록색,초록색,초록
45,100,74,ko,진한 초록색,진한 초록색,진초록
87,254,37,ko,초록색,초록색,초록
113,110,92,ko,카키색,카키색,카키
209,111,40,ko,주황색,주황색,주황
218,17,144,ko,핑크색,핑크색,핑크
39,184,166,ko,민트색,민트색,민트
129,7,79,ko,자주색,자주색,자주
13,65,187,ko,파란색,파란색,파랑
147,169,101,ko,올리브색,올리브색,올리브
90,16,85,ko,보라색,보라색,보라
5,66,1,ko,초록색,초록색,초록
125,96,189,ko,연보라색,연보라색,연보라
2,49,110,ko,진청색,진청색,진청
153,243,235,ko,민트색,민트색,민트
252,130,203,ko,핑크색,핑크색,핑크
121,59,43,ko,갈색,갈색,갈
80,195,32,ko,초록색,초록색,초록
215,253,104,ko,라임색,라임색,라임
2,248,211,ko,민트색,민트색,민트
102,155,183,ko,파랑색,파랑색,파랑
34,191,81,ko,초록색,초록색,초록
149,74,220,ko,보라색,보라색,보라
199,57,70,ko,빨강색,빨강색,빨강
39,115,237,ko,파란색,파란색,파랑
0,185,218,ko,연파랑색,연파랑색,연파랑
109,69,1,ko,갈색,갈색,갈
76,121,88,ko,초로교ㅐㄱ,초로교ㅐㄱ색,초로교ㅐㄱ
98,66,71,ko,갈색,갈색,갈
43,61,52,ko,검은색,검은색,검정
245,199,77,ko,노랑색,노랑색,노랑
113,139,199,ko,연파랑색,연파랑색,연파랑
246,235,128,ko,노랑색,노랑색,노랑
216,224,229,ko,회색,회색,회
223,33,34,ko,빨강색,빨강색,빨강
38,34,221,ko,파란색,파란색,파랑
113,114,60,ko,올리브색,올리브색,올리브
207,143,143,ko,핑크색,핑크색,핑크
205,207,116,ko,진한 베이지색,진한 베이지색,진베이지
128,63,116,ko,자주색,자주색,자주
66,44,226,ko,파란색,파란색,파랑
186,55,179,ko,연자주색,연자주색,연자주
106,217,218,ko,청록색,청록색,청록
28,127,62,ko,초록색,초록색,초록
7,226,142,ko,청록색,청록색,청록
144,90,3,ko,연갈색,연갈색,연갈
214,117,158,ko,분홍색,분홍색,분홍
90,7,58,ko,보라색,보라색,보라
115,53,8,ko,갈색,갈색,갈
177,61,65,ko,진홍색,진홍색,진홍
19,115,182,ko,진청색,진청색,진청
156,101,109,ko,자주색,자주색,자주
167,253,116,ko,연두색,연두색,연두
49,109,223,ko,파란색,파란색,파랑
130,54,186,ko,보라색,보라색,보라
184,211,74,ko,연두색,연두색,연두
213,88,7,ko,주황색,주황색,주황
144,14,117,ko,보라색,보라색,보라
69,171,9,ko,초록색,초록색,초록
211,159,86,ko,살구색,살구색,살구
225,42,231,ko,보라색,보라색,보라
16,8,69,ko,남색,남색,남
26,163,248,ko,하늘색,하늘색,하늘
84,222,177,ko,청록색,청록색,청록
250,21,200,ko,분홍색,분홍색,분홍
247,12,108,ko,연빨간색,연빨간색,연빨강
226,201,171,ko,베이지색,베이지색,베이지
204,32,20,ko,적색,적색,적
244,142,32,ko,주황색,주황색,주황
180,181,102,ko,연두,연두색,연두
45,190,144,ko,청록,청록색,청록
10,21,226,ko,파랑,파랑색,파랑
86,123,36,ko,올리브,올리브색,올리브
137,123,55,ko,카키,카키색,카키
89,103,149,ko,먹구름,먹구름색,먹구름
97,27,41,ko,적갈색,적갈색,적갈
141,73,209,ko,보라,보라색,보라
194,239,254,ko,하늘,하늘색,하늘
165,52,128,ko,자주,자주색,자주
218,95,232,ko,마젠타,마젠타색,마젠타
6,92,167,ko,남색,남색,남
247,132,147,ko,분홍,분홍색,분홍
148,104,202,ko,보라,보라색,보라
114,119,108,ko,청회색,청회색,청회
250,219,222,ko,연분홍,연분홍색,연분홍
193,115,167,ko,탁한 핑크,탁한 핑크색,탁한핑크
79,13,60,ko,진한 자주,진한 자주색,진자주
235,112,60,ko,주황,주황색,주황
66,160,73,ko,초록,초록색,초록
85,71,58,ko,짙은 갈색,짙은 갈색,짙은갈
226,173,4,ko,노랑,노랑색,노랑
75,83,36,ko,올리브,올리브색,올리브
226,233,30,ko,형광노랑,형광노랑색,형광노랑
31,239,114,ko,형광초록,형광초록색,형광초록
250,186,149,ko,살구색,살구색,살구
203,246,93,ko,형광연두,형광연두색,형광연두
216,225,107,ko,노랑,노랑색,노랑
191,206,191,ko,연한 청록,연한 청록색,연청록
182,174,197,ko,연회색,연회색,연회
209,18,60,ko,빨강,빨강색,빨강
252,66,175,ko,핫핑크,핫핑크색,핫핑크
33,1,31,ko,검정,검정색,검정
114,24,201,ko,보라,보라색,보라
41,21,148,ko,남색,남색,남
108,165,140,ko,청록,청록색,청록
75,31,60,ko,자주색,자주색,자주
254,205,219,ko,분홍색,분홍색,분홍
46,218,87,ko,초록색,초록색,초록
80,198,235,ko,하늘색,하늘색,하늘
251,237,175,ko,레몬색,레몬색,레몬
17,190,141,ko,청록색,청록색,청록
75,138,50,ko,녹차색,녹차색,녹차
36,173,84,ko,초록색,초록색,초록
159,250,150,ko,초록색,초록색,초록
125,235,42,ko,연두색,연두색,연두
212,129,118,ko,연한 빨간색,연한 빨간색,연빨강
136,105,195,ko,보라색,보라색,보라
9,10,199,ko,파란색,파란색,파랑
238,174,234,ko,연분홍색,연분홍색,연분홍
203,86,251,ko,밝은 자주색,밝은 자주색,밝은자주
56,65,171,ko,남색,남색,남
126,70,228,ko,연보라색,연보라색,연보라
92,7,2,ko,진한갈색,진한갈색,진갈
233,223,54,ko,겨자색,겨자색,겨자
133,101,109,ko,연붉은 회색,연붉은 회색,연붉은회
215,96,193,ko,진한 분홍색,진한 분홍색,진분홍
200,51,17,ko,진한 주황색,진한 주황색,진주황
75,53,110,ko,연한 청색,연한 청색,연청
123,183,17,ko,진한 초록색,진한 초록색,진초록
189,68,85,ko,붉은 황토색,붉은 황토색,붉은황토
245,50,158,ko,핫핑크,핫핑크색,핫핑크
42,73,81,ko,진한 옥색,진한 옥색,진옥
187,193,249,ko,연한파랑,연한파랑색,연파랑
235,184,162,ko,살색,살색,살
197,171,61,ko,겨자색,겨자색,겨자
208,219,219,ko,연청회색,연청회색,연청회
60,161,225,ko,진한 하늘색,진한 하늘색,진하늘
27,178,181,ko,청록색,청록색,청록
189,114,51,ko,황토색,황토색,황토
72,83,61,ko,군청색,군청색,군청
23,246,233,ko,진한 민트색,진한 민트색,진민트
143,252,245,ko,하늘색,하늘색,하늘
253,189,53,ko,겨자색,겨자색,겨자
136,250,164,ko,형광색,형광색,형광
178,129,41,ko,갈색,갈색,갈
80,245,202,ko,민트색,민트색,민트
90,38,49,ko,적갈색,적갈색,적갈
14,71,90,ko,청록색,청록색,청록
24,196,79,ko,초록색,초록색,초록
34,15,202,ko,남색,남색,남
27,153,176,ko,파란색,파란색,파랑
63,169,117,ko,초록색,초록색,초록
156,89,98,ko,말린장미색,말린장미색,말린장미
211,144,162,ko,분홍색,분홍색,분홍
134,120,189,ko,보라색,보라색,보라
41,113,221,ko,파란색,파란색,파랑
126,220,78,ko,연두색,연두색,연두
205,78,171,ko,자주색,자주색,자주
61,43,29,ko,진갈색,진갈색,진갈
154,33,76,ko,자홍색,자홍색,자홍
230,128,106,ko,살구색,살구색,살구
18,81,19,ko,초록색,초록색,초록
104,210,240,ko,하늘삭,하늘삭색,하늘삭
65,96,239,ko,남삭,남삭색,남삭
162,190,25,ko,연두색,연두색,연두
110,225,184,ko,민트색,민트색,민트
203,156,66,ko,황갈색,황갈색,황갈
133,22,22,ko,적갈색,적갈색,적갈
36,167,164,ko,청록색,청록색,청록
190,27,132,ko,마젠타,마젠타색,마젠타
148,42,204,ko,보라색,보라색,보라
159,183,101,ko,올리브색,올리브색,올리브
39,75,223,ko,파랑색,파랑색,파랑
130,232,43,ko,형광초록색,형광초록색,형광초록
235,157,116,ko,연주황,연주황색,연주황
166,77,198,ko,보라색,보라색,보라
209,217,201,ko,회색,회색,회
145,91,81,ko,적갈색,적갈색,적갈
239,122,202,ko,분홍색,분홍색,분홍
145,140,184,ko,연보라색,연보라색,연보라
255,106,62,ko,주황색,주황색,주황
223,39,192,ko,형광분홍색,형광분홍색,형광분홍
132,165,164,ko,블루그레이,블루그레이색,블루그레이
5,250,90,ko,형광초록,형광초록색,형광초록
200,115,18,ko,황갈색,황갈색,황갈
50,20,95,ko,남색,남색,남
50,142,251,ko,파랑,파랑색,파랑
231,84,103,ko,빨강,빨강색,빨강
229,205,147,ko,블론드,블론드색,블론드
19,99,167,ko,파랑,파랑색,파랑
242,109,157,ko,분홍,분홍색,분홍
115,20,117,ko,보라,보라색,보라
70,247,152,ko,형광초록,형광초록색,형광초록
13,25,8,ko,검정,검정색,검정
57,18,62,ko,진한보라색,진한보라색,진보라
237,214,54,ko,노랑,노랑색,노랑
161,207,16,ko,라임,라임색,라임
47,119,78,ko,초록,초록색,초록
156,235,201,ko,연 에메랄드색,연 에메랄드색,연에메랄드
177,143,249,ko,연보라색,연보라색,연보라
249,194,223,ko,연분홍색,연분홍색,연분홍
13,40,192,ko,군청색,군청색,군청
140,236,15,ko,형광 연두색,형광 연두색,형광연두
211,61,113,ko,매홍색,매홍색,매홍
15,145,86,ko,진한 녹색,진한 녹색,진녹
56,23,24,ko,진한 고동색,진한 고동색,진고동
62,233,166,ko,에메랄드,에메랄드색,에메랄드
181,177,136,ko,연한 풀색,연한 풀색,연풀
49,194,200,ko,진한 옥색,진한 옥색,진옥
88,5,226,ko,청보라색,청보라색,청보라
212,135,13,ko,황토색,황토색,황토
102,69,7,ko,갈색,갈색,갈
76,72,250,ko,파란색,파란색,파랑
50,63,160,ko,남색,남색,남
255,110,79,ko,자몽색,자몽색,자몽
15,91,234,ko,파란색,파란색,파랑
207,245,2,ko,라임색,라임색,라임
192,4,75,ko,와인색,와인색,와인
206,141,139,ko,어두운 분홍색,어두운 분홍색,어두운분홍
119,226,51,ko,연두색,연두색,연두
149,246,176,ko,민트색,민트색,민트
115,180,79,ko,초록색,초록색,초록
128,123,164,ko,연보라색,연보라색,연보라
117,151,163,ko,청회색,청회색,청회
69,99,12,ko,국방색,국방색,국방
230,101,204,ko,핫핑크,핫핑크색,핫핑크
103,11,52,ko,자주색,자주색,자주
35,129,194,ko,파란색,파란색,파랑
235,221,175,ko,연노랑색,연노랑색,연노랑
211,178,110,ko,연갈색,연갈색,연갈
92,113,209,ko,파란색,파란색,파랑
49,6,161,ko,남색,남색,남
199,107,65,ko,어두운 주황색,어두운 주황색,어두운주황
154,189,168,ko,백록색,백록색,백록
238,76,227,ko,선홍색,선홍색,선홍
10,86,108,ko,청회색,청회색,청회
27,74,245,ko,파란색,파란색,파랑
193,10,54,ko,장미색,장미색,장미
27,131,198,ko,바다색,바다색,바다
227,162,128,ko,살구색,살구색,살구
47,137,45,ko,풀색,풀색,풀
158,163,240,ko,군청색,군청색,군청
113,104,9,ko,올리브색,올리브색,올리브
29,207,199,ko,에메랄드색,에메랄드색,에메랄드
200,236,213,ko,옥색,옥색,옥
240,182,98,ko,귤색,귤색,귤
161,55,106,ko,자주색,자주색,자주
235,116,41,ko,주황색,주황색,주황
212,196,142,ko,베이지색,베이지색,베이지
200,111,94,ko,자홍색,자홍색,자홍
33,40,255,ko,파란색,파란색,파랑
60,103,230,ko,연파랑색,연파랑색,연파랑
129,254,212,ko,에메랄드색,에메랄드색,에메랄드
127,155,126,ko,녹회색,녹회색,녹회
115,175,197,ko,청회색,청회색,청회
163,249,69,ko,라임색,라임색,라임
72,63,97,ko,진보라색,진보라색,진보라
52,224,128,ko,옥색,옥색,옥
66,118,213,ko,바다색,바다색,바다
221,191,234,ko,연보라색,연보라색,연보라
179,21,251,ko,형광 보라색,형광 보라색,형광보라
169,239,254,ko,하늘색,하늘색,하늘
87,173,116,ko,풀색,풀색,풀
247,228,8,ko,노랑색,노랑색,노랑
251,178,10,ko,귤색,귤색,귤
33,50,157,ko,진파랑색,진파랑색,진파랑
169,71,212,ko,보라색,보라색,보라
76,31,174,ko,남보라색,남보라색,남보라
138,103,184,ko,흐린 보라색,흐린 보라색,흐린보라
253,120,159,ko,진분홍색,진분홍색,진분홍
99,75,24,ko,보라색,보라색,보라
172,169,203,ko,아이보리색,아이보리색,아이보리
136,8,157,ko,보라색,보라색,보라
211,163,76,ko,황토색,황토색,황토
159,86,104,ko,자주색,자주색,자주
117,74,22,ko,고동색,고동색,고동
253,118,151,ko,분홍색,분홍색,분홍
93,183,120,ko,초록색,초록색,초록
69,183,204,ko,청록색,청록색,청록
237,9,69,ko,빨간색,빨간색,빨강
64,47,130,ko,짙은 보라색,짙은 보라색,짙은보라
106,124,63,ko,쑥색,쑥색,쑥
176,80,30,ko,갈색,갈색,갈
9,17,195,ko,파란색,파란색,파랑
20,110,144,ko,짙은 청록색,짙은 청록색,짙은청록
44,209,59,ko,초록색,초록색,초록
137,143,200,ko,라벤더색,라벤더색,라벤더
183,183,128,ko,흙색,흙색,흙
102,115,243,ko,바다색,바다색,바다
25,60,201,ko,파란색,파란색,파랑
222,196,228,ko,연핑크색,연핑크색,연핑크
49,35,81,ko,남색,남색,남
76,80,39,ko,짙은 쑥색,짙은 쑥색,짙은쑥
244,59,241,ko,핫핑크색,핫핑크색,핫핑크
78,156,246,ko,짙은 하늘색,짙은 하늘색,짙은하늘
205,244,95,ko,연두색,연두색,연두
2,20,22,ko,검정색,검정색,검정
180,25,119,ko,자주색,자주색,자주
92,254,234,ko,형광청록색,형광청록색,형광청록
54,25,22,ko,짙은 갈색,짙은 갈색,짙은갈
231,136,195,ko,분홍색,분홍색,분홍
242,218,27,ko,노란색,노란색,노랑
107,83,144,ko,보라색,보라색,보라
240,128,119,ko,다홍색,다홍색,다홍
226,55,187,ko,핫핑크색,핫핑크색,핫핑크
17,56,44,ko,짙은 초록색,짙은 초록색,짙은초록
152,109,7,ko,짙은 황토색,짙은 황토색,짙은황토
198,72,146,ko,자주색,자주색,자주
42,25,28,ko,검은색,검은색,검정
225,51,68,ko,빨강색,빨강색,빨강
235,51,126,ko,핫핑크,핫핑크색,핫핑크
46,113,90,ko,진초록,진초록색,진초록
68,179,236,ko,하늘색,하늘색,하늘
102,24,71,ko,와인색,와인색,와인
163,209,124,ko,연두색,연두색,연두
181,98,3,ko,갈색,갈색,갈
222,133,248,ko,연핑크,연핑크색,연핑크
97,34,202,ko,진보라,진보라색,진보라
105,147,97,ko,초록색,초록색,초록
130,152,198,ko,탁한 파랑,탁한 파랑색,탁한파랑
134,100,196,ko,보라,보라색,보라
223,133,208,ko,핑크,핑크색,핑크
250,111,63,ko,주황,주황색,주황
115,90,232,ko,진보라,진보라색,진보라
194,239,210,ko,탁한민트,탁한민트색,탁한민트
28,55,147,ko,남색,남색,남
97,68,12,ko,갈색,갈색,갈
158,76,116,ko,탁한자주,탁한자주색,탁한자주
78,92,95,ko,회색,회색,회
66,179,107,ko,풀색,풀색,풀
38,116,30,ko,진초록,진초록색,진초록
70,31,150,ko,남색,남색,남
29,184,68,ko,풀색,풀색,풀
74,233,143,ko,민트,민트색,민트
62,236,95,ko,연두,연두색,연두
71,118,232,ko,파랑,파랑색,파랑
68,205,199,ko,진민트,진민트색,진민트
243,45,236,ko,핫핑크,핫핑크색,핫핑크
195,141,147,ko,연갈색,연갈색,연갈
120,51,4,ko,갈색,갈색,갈
170,163,82,ko,고동색,고동색,고동
88,227,178,ko,민트,민트색,민트
131,1,111,ko,자주,자주색,자주
146,164,216,ko,진한 연보라,진한 연보라색,진연보라
184,239,20,ko,연두색,연두색,연두
245,118,43,ko,주황색,주황색,주황
63,119,212,ko,파란색,파란색,파랑
143,172,125,ko,탁한 청록색,탁한 청록색,탁한청록
101,9,90,ko,찐보라,찐보라색,찐보라
208,142,148,ko,살구색,살구색,살구
27,38,128,ko,남색,남색,남
229,87,241,ko,핑크색,핑크색,핑크
155,19,170,ko,자주색,자주색,자주
154,74,170,ko,보라색,보라색,보라
112,226,32,ko,연두색,연두색,연두
11,215,176,ko,청록색,청록색,청록
79,107,158,ko,탁학 파란색,탁학 파란색,탁학파랑
214,246,146,ko,연한연두색,연한연두색,연연두
134,244,137,ko,밝은 연두색,밝은 연두색,밝은연두
192,190,84,ko,밝은 고동색,밝은 고동색,밝은고동
176,202,208,ko,은색,은색,은
231,17,87,ko,찐한 자주색,찐한 자주색,찐한자주
25,147,114,ko,청록색,청록색,청록
50,77,195,ko,파랑색,파랑색,파랑
178,95,84,ko,갈색,갈색,갈
99,93,45,ko,고동색,고동색,고동
123,38,245,ko,보라색,보라색,보라
249,221,255,ko,연핑크새,연핑크새색,연핑크새
115,185,66,ko,탁한 초록색,탁한 초록색,탁한초록
205,168,97,ko,갈색,갈색,갈
230,58,42,ko,빨간색,빨간색,빨강
220,99,162,ko,자주색,자주색,자주
215,148,223,ko,연한 보라색,연한 보라색,연보라
113,85,92,ko,진한갈색,진한갈색,진갈
12,86,105,ko,아주 탁한 청록색,아주 탁한 청록색,아주탁한청록
154,118,243,ko,연한 보라색,연한 보라색,연보라
126,71,229,ko,보라색,보라색,보라
68,106,80,ko,탁한 청록색,탁한 청록색,탁한청록
207,132,57,ko,갈색,갈색,갈
87,202,92,ko,연두색,연두색,연두
116,175,145,ko,청록색,청록색,청록
6,146,8,ko,초록색,초록색,초록
81,210,174,ko,연청록색,연청록색,연청록
135,190,48,ko,연연두색,연연두색,연연두
153,66,192,ko,보라색,보라색,보라
47,32,229,ko,파랑색,파랑색,파랑
168,225,162,ko,연한연두색,연한연두색,연연두
152,145,74,ko,연갈색,연갈색,연갈
2,33,30,ko,검정색,검정색,검정
53,199,39,ko,진연두색,진연두색,진연두
106,75,29,ko,갈색,갈색,갈
72,226,254,ko,하늘색,하늘색,하늘
249,250,220,ko,아이보리,아이보리색,아이보리
141,69,23,ko,갈색,갈색,갈
119,91,180,ko,보라색,보라색,보라
167,105,136,ko,보라색,보라색,보라
43,97,98,ko,청록,청록색,청록
128,215,111,ko,연두,연두색,연두
164,50,75,ko,자주색,자주색,자주
9,218,202,ko,에메랄드색,에메랄드색,에메랄드
176,154,81,ko,황토색,황토색,황토
225,149,209,ko,핑크,핑크색,핑크
191,208,104,ko,연두색,연두색,연두
146,131,25,ko,갈색,갈색,갈
136,92,55,ko,적갈색,적갈색,적갈
41,8,17,ko,검정색,검정색,검정
242,100,100,ko,다홍색,다홍색,다홍
75,116,170,ko,파란색,파란색,파랑
219,168,210,ko,연보라색,연보라색,연보라
24,186,89,ko,녹색,녹색,녹
60,71,187,ko,군청색,군청색,군청
94,236,88,ko,초록색,초록색,초록
242,48,246,ko,진홍색,진홍색,진홍
97,239,235,ko,시안색,시안색,시안
86,153,81,ko,녹색,녹색,녹
15,167,148,ko,청록색,청록색,청록
35,45,103,ko,남색,남색,남
128,71,233,ko,보라색,보라색,보라
67,71,7,ko,군색,군색,군
250,212,22,ko,개나리색,개나리색,개나리
141,224,12,ko,초록색,초록색,초록
225,58,149,ko,진홍색,진홍색,진홍
109,214,255,ko,하늘색,하늘색,하늘
252,173,82,ko,진노랑,진노랑색,진노랑
117,111,89,ko,진녹색,진녹색,진녹
77,24,230,ko,진보라색,진보라색,진보라
234,70,6,ko,다홍색,다홍색,다홍
176,191,138,ko,녹색,녹색,녹
153,217,131,ko,연두색,연두색,연두
197,51,191,ko,보라색,보라색,보라
223,16,80,ko,진홍색,진홍색,진홍
167,116,213,ko,연보라색,연보라색,연보라
14,79,92,ko,진녹색,진녹색,진녹
44,158,208,ko,진하늘색,진하늘색,진하늘
17,20,126,ko,남색,남색,남
141,189,198,ko,청롱색,청롱색,청롱
151,55,132,ko,보라색,보라색,보라
227,137,138,ko,담주색,담주색,담주
232,235,68,ko,연노랑색,연노랑색,연노랑
236,207,77,ko,노란색,노란색,노랑
249,127,191,ko,분홍색,분홍색,분홍
251,73,107,ko,진분홍색,진분홍색,진분홍
61,204,102,ko,초록색,초록색,초록
10,10,73,ko,남색,남색,남
18,45,163,ko,파란색,파란색,파랑
77,86,233,ko,연파랑색,연파랑색,연파랑
17,129,116,ko,진녹색,진녹색,진녹
46,223,2,ko,연녹색,연녹색,연녹
96,26,132,ko,보라색,보라색,보라
105,56,42,ko,갈색,갈색,갈
254,251,251,ko,하얀색,하얀색,하얀
62,100,179,ko,파란색,파란색,파랑
84,76,12,ko,카키색,카키색,카키
186,161,100,ko,연갈색,연갈색,연갈
197,152,235,ko,연보라색,연보라색,연보라
215,196,176,ko,베이지색,베이지색,베이지
194,20,112,ko,자홍색,자홍색,자홍
139,49,243,ko,보라색,보라색,보라
244,63,15,ko,주황색,주황색,주황
130,223,62,ko,초록색,초록색,초록
18,186,241,ko,연파랑색,연파랑색,연파랑
150,161,14,ko,녹색,녹색,녹
219,10,220,ko,자홍색,자홍색,자홍
171,207,132,ko,연녹색,연녹색,연녹
209,144,49,ko,진노란색,진노란색,진노랑
100,157,65,ko,녹색,녹색,녹
3,208,200,ko,옥색,옥색,옥
16,85,30,ko,진녹색,진녹색,진녹
245,134,113,ko,살구색,살구색,살구
113,203,147,ko,연옥색,연옥색,연옥
4,110,2,ko,진녹색,진녹색,진녹
17,7,40,ko,남색,남색,남
76,14,62,ko,진와인색,진와인색,진와인
82,157,174,ko,천청색,천청색,천청
186,0,125,ko,자두,자두색,자두
200,244,195,ko,연두,연두색,연두
162,238,240,ko,하늘,하늘색,하늘
175,193,58,ko,연두,연두색,연두
239,203,31,ko,노랑,노랑색,노랑
50,3,156,ko,파랑,파랑색,파랑
158,81,11,ko,갈색,갈색,갈
228,34,219,ko,분홍,분홍색,분홍
67,117,125,ko,청록,청록색,청록
126,149,177,ko,회색,회색,회
26,22,20,ko,검정,검정색,검정
14,129,99,ko,초록,초록색,초록
130,149,75,ko,초록,초록색,초록
133,13,39,ko,갈색,갈색,갈
11,156,95,ko,초록,초록색,초록
217,112,230,ko,분홍,분홍색,분홍
44,67,6,ko,검정,검정색,검정
209,103,7,ko,주황,주황색,주황
192,63,30,ko,주황,주황색,주황
225,33,49,ko,빨강,빨강색,빨강
61,177,71,ko,초록,초록색,초록
26,203,251,ko,하늘,하늘색,하늘
32,82,159,ko,파랑,파랑색,파랑
124,228,199,ko,청록,청록색,청록
136,68,129,ko,보라,보라색,보라
79,198,7,ko,초록,초록색,초록
183,54,237,ko,보라,보라색,보라
23,126,185,ko,파랑,파랑색,파랑
69,86,122,ko,회색,회색,회
181,144,40,ko,갈색,갈색,갈
101,47,158,ko,보라,보라색,보라
168,86,72,ko,갈색,갈색,갈
216,179,118,ko,갈색,갈색,갈
39,22,230,ko,파랑,파랑색,파랑
239,162,146,ko,분홍,분홍색,분홍
88,109,250,ko,파랑,파랑색,파랑
168,72,74,ko,갈붉은,갈붉은색,갈붉은
123,167,91,ko,초록,초록색,초록
103,80,93,ko,검보라,검보라색,검보라
15,234,170,ko,초록형광,초록형광색,초록형광
169,18,82,ko,자홍,자홍색,자홍
195,36,57,ko,붉은색,붉은색,붉은
130,92,64,ko,갈색,갈색,갈
221,127,45,ko,주황,주황색,주황
66,5,191,ko,검파랑,검파랑색,검파랑
31,111,64,ko,검초록,검초록색,검초록
75,101,186,ko,파랑,파랑색,파랑
251,24,200,ko,분홍,분홍색,분홍
117,230,59,ko,연초록,연초록색,연초록
105,245,238,ko,형광,형광색,형광
67,66,118,ko,검보라,검보라색,검보라
242,39,30,ko,붉은,붉은색,붉은
255,73,134,ko,연분홍,연분홍색,연분홍
107,112,24,ko,군,군색,군
251,174,45,ko,주황,주황색,주황
181,11,154,ko,연보라,연보라색,연보라
57,73,59,ko,군청,군청색,군청
122,138,191,ko,연파랑,연파랑색,연파랑
247,157,181,ko,분홍,분홍색,분홍
189,193,240,ko,검파랑,검파랑색,검파랑
48,180,119,ko,초록,초록색,초록
203,203,27,ko,황토,황토색,황토
240,192,174,ko,연분홍,연분홍색,연분홍
0,188,83,ko,연초록,연초록색,연초록
50,25,111,ko,검보라,검보라색,검보라
19,30,53,ko,검정,검정색,검정
66,168,13,ko,검연두,검연두색,검연두
25,153,253,ko,파랑,파랑색,파랑
201,187,76,ko,검노,검노색,검노
39,179,160,ko,초록,초록색,초록
193,154,183,ko,분홍,분홍색,분홍
185,124,237,ko,보라,보라색,보라
38,145,254,ko,파랑,파랑색,파랑
117,194,49,ko,연두,연두색,연두
126,127,165,ko,진보라,진보라색,진보라
47,219,206,ko,에메랄드,에메랄드색,에메랄드
27,226,130,ko,야광초록,야광초록색,야광초록
132,161,17,ko,진초록,진초록색,진초록
231,45,114,ko,분홍,분홍색,분홍
156,110,47,ko,갈색,갈색,갈
67,91,80,ko,초르스름한 회색,초르스름한 회색,초르스름한회
215,192,11,ko,머스타드,머스타드색,머스타드
144,215,147,ko,연초록,연초록색,연초록
4,168,42,ko,초록,초록색,초록
188,169,240,ko,연보라색,연보라색,연보라
224,128,120,ko,진분홍,진분홍색,진분홍
87,86,37,ko,탁초록,탁초록색,탁초록
137,114,90,ko,갈색,갈색,갈
236,84,84,ko,다홍,다홍색,다홍
64,147,71,ko,초록,초록색,초록
178,101,157,ko,탁분홍,탁분홍색,탁분홍
5,91,5,ko,진초록,진초록색,진초록
132,80,247,ko,회보라색,회보라색,회보라
201,213,91,ko,겨자,겨자색,겨자
181,37,230,ko,자주색,자주색,자주
44,56,152,ko,푸른 (청색),푸른 (청색)색,푸른(청색)
240,176,178,ko,연분홍,연분홍색,연분홍
75,201,223,ko,사이언,사이언색,사이언
195,69,92,ko,다홍색,다홍색,다홍
198,70,208,ko,진분홍,진분홍색,진분홍
148,166,116,ko,국방부,국방부색,국방부
128,45,179,ko,진보라색,진보라색,진보라
163,33,100,ko,진자주색,진자주색,진자주
251,90,8,ko,주황,주황색,주황
254,81,200,ko,핫핑크,핫핑크색,핫핑크
22,61,9,ko,초록,초록색,초록
111,52,65,ko,고동색,고동색,고동
158,131,231,ko,탁보라,탁보라색,탁보라
89,134,19,ko,적녹색,적녹색,적녹
246,48,102,ko,꽃분홍색,꽃분홍색,꽃분홍
165,147,147,ko,붉은 회색,붉은 회색,붉은회
94,117,51,ko,짙은 카키,짙은 카키색,짙은카키
137,235,117,ko,형광연두,형광연두색,형광연두
116,82,58,ko,밤색,밤색,밤
8,38,53,ko,블루블랙,블루블랙색,블루블랙
84,23,142,ko,보라색,보라색,보라
12,238,205,ko,민트색,민트색,민트
172,240,34,ko,라임연두색,라임연두색,라임연두
195,76,79,ko,벽돌색,벽돌색,벽돌
254,148,229,ko,색종이 분홍색,색종이 분홍색,색종이분홍
3,100,224,ko,파랑색,파랑색,파랑
45,171,4,ko,초록색,초록색,초록
236,46,216,ko,진분홍색,진분홍색,진분홍
92,124,109,ko,회녹색,회녹색,회녹
145,104,222,ko,라벤더,라벤더색,라벤더
148,184,98,ko,진하진 않은 황녹색,진하진 않은 황녹색,진하진않은황녹
161,218,222,ko,옅은 하늘색,옅은 하늘색,옅은하늘
187,207,55,ko,노란연두색,노란연두색,노랑연두
231,90,184,ko,분홍색,분홍색,분홍
16,189,206,ko,진한 하늘색,진한 하늘색,진하늘
88,173,125,ko,추운 초록색,추운 초록색,추운초록
199,49,242,ko,형광끼 있는 보라색,형광끼 있는 보라색,형광끼있는보라
94,62,204,ko,곤색,곤색,곤
236,175,21,ko,머스타드 노랑,머스타드 노랑색,머스타드노랑
155,127,16,ko,금색 같은 똥색,금색 같은 똥색,금색같은똥
181,47,18,ko,붉은 갈색,붉은 갈색,붉은갈
217,76,128,ko,톤다운된 핑크,톤다운된 핑크색,톤다운된핑크
94,40,3,ko,갈색,갈색,갈
156,145,213,ko,뉴트럴한 옅은 보라색,뉴트럴한 옅은 보라색,뉴트럴한옅은보라
126,254,64,ko,형광연두,형광연두색,형광연두
72,246,160,ko,에메랄드,에메랄드색,에메랄드
226,80,4,ko,어두운 주황색,어두운 주황색,어두운주황
217,188,135,ko,베이지색,베이지색,베이지
163,198,251,ko,옅은 푸른색(하늘색),옅은 푸른색(하늘색)색,옅은푸른색(하늘색)
160,89,9,ko,갈색,갈색,갈
13,136,191,ko,파란색,파란색,파랑
126,176,28,ko,풀색,풀색,풀
45,112,127,ko,짙은청록,짙은청록색,짙은청록
200,161,14,ko,황토색,황토색,황토
31,237,188,ko,민트색,민트색,민트
114,166,102,ko,초록색,초록색,초록
54,39,222,ko,짙은파랑,짙은파랑색,짙은파랑
165,140,212,ko,보라색,보라색,보라
25,234,40,ko,형광초록,형광초록색,형광초록
120,83,69,ko,고동색,고동색,고동
58,182,131,ko,초록색,초록색,초록
65,216,226,ko,형광하늘색,형광하늘색,형광하늘
74,174,33,ko,초록색,초록색,초록
27,73,157,ko,남색,남색,남
46,241,155,ko,형광연두색,형광연두색,형광연두
38,131,147,ko,청록색,청록색,청록
200,106,99,ko,연한 벽돌색,연한 벽돌색,연벽돌
86,175,120,ko,흰색 섞인 초록색,흰색 섞인 초록색,흰색섞인초록
75,97,141,ko,흰색 섞인 남색,흰색 섞인 남색,흰색섞인남
186,157,215,ko,연보라색,연보라색,연보라
222,140,227,ko,분홍색,분홍색,분홍
88,85,221,ko,군청색,군청색,군청
109,32,21,ko,갈색,갈색,갈
25,248,79,ko,초록,초록색,초록
190,236,81,ko,연두,연두색,연두
6,159,128,ko,청록,청록색,청록
111,147,100,ko,쑥색,쑥색,쑥
93,237,169,ko,민트,민트색,민트
141,249,25,ko,형광초록,형광초록색,형광초록
75,159,246,ko,파랑,파랑색,파랑
255,235,140,ko,베이지,베이지색,베이지
87,238,242,ko,하늘,하늘색,하늘
37,107,117,ko,진청록,진청록색,진청록
226,92,243,ko,핑크,핑크색,핑크
130,22,125,ko,자주색,자주색,자주
154,50,78,ko,자주색,자주색,자주
222,170,178,ko,핑크색,핑크색,핑크
229,76,249,ko,핑크색,핑크색,핑크
105,125,65,ko,쑥색,쑥색,쑥
93,182,124,ko,초록색,초록색,초록
166,169,228,ko,연한 보라색,연한 보라색,연보라
57,131,196,ko,파란색,파란색,파랑
148,23,108,ko,자주색,자주색,자주
164,176,139,ko,카키색,카키색,카키
229,88,125,ko,핑크색,핑크색,핑크
180,96,145,ko,철쭉색,철쭉색,철쭉
66,214,233,ko,하늘색,하늘색,하늘
141,69,92,ko,자주,자주색,자주
244,76,127,ko,핑크,핑크색,핑크
126,210,164,ko,민트,민트색,민트
81,144,175,ko,하늘,하늘색,하늘
5,148,82,ko,초록,초록색,초록
90,46,254,ko,파랑,파랑색,파랑
19,77,115,ko,남색,남색,남
83,243,231,ko,민트,민트색,민트
247,134,206,ko,핑크,핑크색,핑크
168,170,89,ko,황녹,황녹색,황녹
231,100,100,ko,코랄,코랄색,코랄
57,73,76,ko,에메랄드,에메랄드색,에메랄드
213,119,184,ko,바이올렛,바이올렛색,바이올렛
114,211,196,ko,하늘 민트,하늘 민트색,하늘민트
42,18,168,ko,청보라색,청보라색,청보라
81,152,143,ko,청록색,청록색,청록
204,156,170,ko,인디핑크,인디핑크색,인디핑크
72,239,161,ko,밝은 민트,밝은 민트색,밝은민트
82,164,253,ko,파란색,파란색,파랑
43,184,245,ko,하늘색,하늘색,하늘
82,176,32,ko,초록색,초록색,초록
180,180,148,ko,베이지색,베이지색,베이지
85,124,55,ko,올리브색,올리브색,올리브
117,114,24,ko,카키색,카키색,카키
141,172,251,ko,파랑,파랑색,파랑
236,62,59,ko,빨강,빨강색,빨강
191,251,223,ko,민트,민트색,민트
61,163,107,ko,초록,초록색,초록
131,90,182,ko,보라,보라색,보라
107,27,199,ko,보라,보라색,보라
109,59,63,ko,갈색,갈색,갈
64,129,29,ko,녹색,녹색,녹
148,172,193,ko,하늘색,하늘색,하늘
73,47,109,ko,보라색,보라색,보라
133,160,98,ko,녹색,녹색,녹
54,95,121,ko,초록,초록색,초록
26,37,196,ko,군청색,군청색,군청
244,168,106,ko,연한 주황,연한 주황색,연주황
215,202,168,ko,베이지,베이지색,베이지
233,49,63,ko,빨간색,빨간색,빨강
88,129,65,ko,진한 올리브,진한 올리브색,진올리브
249,147,24,ko,주황,주황색,주황
168,29,124,ko,자주,자주색,자주
245,58,217,ko,핫핑크,핫핑크색,핫핑크
85,186,243,ko,하늘,하늘색,하늘
100,59,151,ko,보라,보라색,보라
116,231,2,ko,연두,연두색,연두
236,90,177,ko,진분홍,진분홍색,진분홍
117,64,58,ko,갈색,갈색,갈
79,234,55,ko,연두색,연두색,연두
245,30,67,ko,빨간색,빨간색,빨강
73,105,83,ko,진초록,진초록색,진초록
127,192,125,ko,연초록,연초록색,연초록
160,22,164,ko,형광바이올렛,형광바이올렛색,형광바이올렛
8,42,35,ko,검정색,검정색,검정
186,99,224,ko,연보라색,연보라색,연보라
127,158,210,ko,탁한 하늘색,탁한 하늘색,탁한하늘
128,154,20,ko,밝은 올리브색,밝은 올리브색,밝은올리브
243,45,133,ko,마젠타핑크,마젠타핑크색,마젠타핑크
186,77,78,ko,적갈색,적갈색,적갈
234,9,186,ko,핫핑크,핫핑크색,핫핑크
236,78,107,ko,코랄,코랄색,코랄
37,232,114,ko,형광 연두,형광 연두색,형광연두
213,177,204,ko,연보라,연보라색,연보라
188,203,12,ko,올리브,올리브색,올리브
171,117,81,ko,갈색,갈색,갈
5,102,5,ko,진녹색,진녹색,진녹
119,29,4,ko,적갈색,적갈색,적갈
90,137,228,ko,파랑,파랑색,파랑
59,33,208,ko,진파랑,진파랑색,진파랑
193,85,136,ko,자두,자두색,자두
140,69,73,ko,적갈색,적갈색,적갈
55,159,177,ko,파란색,파란색,파랑
127,213,97,ko,초록색,초록색,초록
59,51,33,ko,갈색,갈색,갈
232,24,97,ko,핑크색,핑크색,핑크
102,46,165,ko,보라색,보라색,보라
29,76,48,ko,녹색,녹색,녹
190,113,70,ko,갈색,갈색,갈
228,182,227,ko,핑크,핑크색,핑크
182,98,189,ko,진한 핑크,진한 핑크색,진핑크
41,95,130,ko,청색,청색,청
162,115,106,ko,갈색,갈색,갈
44,119,231,ko,파란색,파란색,파랑
65,32,93,ko,진한 보라색,진한 보라색,진보라
38,96,152,ko,짙은 파란색,짙은 파란색,짙은파랑
174,104,1,ko,갈색,갈색,갈
58,40,45,ko,고동색,고동색,고동
176,251,169,ko,연한 연두색,연한 연두색,연연두
218,49,27,ko,주홍색,주홍색,주홍
248,175,25,ko,노란색,노란색,노랑
151,112,165,ko,연보라색,연보라색,연보라
119,100,209,ko,탁한 보라색,탁한 보라색,탁한보라
255,129,253,ko,핑크색,핑크색,핑크
17,62,15,ko,진한 초록,진한 초록색,진초록
119,20,46,ko,버건디,버건디색,버건디
36,141,249,ko,파랑,파랑색,파랑
118,69,116,ko,고구마색,고구마색,고구마
150,208,17,ko,연두,연두색,연두
36,71,16,ko,짙은 초록,짙은 초록색,짙은초록
231,50,13,ko,빨강,빨강색,빨강
2,78,74,ko,청록,청록색,청록
158,29,61,ko,갈색 섞인 빨강,갈색 섞인 빨강색,갈색섞인빨강
146,125,103,ko,베이지,베이지색,베이지
60,2,71,ko,보라,보라색,보라
176,226,110,ko,연두,연두색,연두
77,239,90,ko,초록,초록색,초록
13,23,50,ko,검정,검정색,검정
124,140,131,ko,회색,회색,회
39,12,16,ko,검정,검정색,검정
134,7,118,ko,보라,보라색,보라
234,30,155,ko,핑크,핑크색,핑크
243,179,220,ko,연분홍,연분홍색,연분홍
62,131,243,ko,파랑,파랑색,파랑
32,67,177,ko,파랑,파랑색,파랑
207,86,115,ko,진분홍,진분홍색,진분홍
4,154,13,ko,초록,초록색,초록
229,206,66,ko,노랑,노랑색,노랑
199,70,212,ko,핑크,핑크색,핑크
52,213,159,ko,초록,초록색,초록
145,58,21,ko,갈색,갈색,갈
39,70,164,ko,파란색,파란색,파랑
250,157,135,ko,주홍색,주홍색,주홍
177,164,92,ko,녹색,녹색,녹
254,217,200,ko,살색,살색,살
63,230,34,ko,형광 초록색,형광 초록색,형광초록
182,10,53,ko,빨간색,빨간색,빨강
165,6,250,ko,보라색,보라색,보라
130,175,33,ko,녹색,녹색,녹
153,74,238,ko,보라색,보라색,보라
7,100,39,ko,녹색,녹색,녹
26,14,97,ko,남색,남색,남
11,95,139,ko,청록,청록색,청록
26,155,46,ko,초록,초록색,초록
48,161,215,ko,하늘,하늘색,하늘
197,21,240,ko,보라,보라색,보라
87,210,25,ko,연두,연두색,연두
247,107,50,ko,주황,주황색,주황
203,224,214,ko,민트,민트색,민트
38,46,142,ko,남색,남색,남
146,119,19,ko,빨강,빨강색,빨강
114,89,82,ko,초록,초록색,초록
183,218,203,ko,분홍,분홍색,분홍
93,253,121,ko,연두,연두색,연두
227,138,6,ko,주황,주황색,주황
241,3,79,ko,갈색,갈색,갈
71,9,221,ko,파랑,파랑색,파랑
143,92,251,ko,연파랑,연파랑색,연파랑
108,186,48,ko,연두,연두색,연두
102,77,142,ko,남색,남색,남
240,168,141,ko,연분홍,연분홍색,연분홍
165,47,61,ko,진초록,진초록색,진초록
165,138,240,ko,하늘,하늘색,하늘
210,248,10,ko,노랑,노랑색,노랑
227,90,149,ko,진분홍,진분홍색,진분홍
152,254,218,ko,연회색,연회색,연회
164,153,144,ko,진분홍,진분홍색,진분홍
9,207,137,ko,초록,초록색,초록
62,166,200,ko,보라,보라색,보라
193,106,225,ko,하늘,하늘색,하늘
202,77,18,ko,빨강,빨강색,빨강
148,151,91,ko,초록,초록색,초록
174,124,185,ko,보라,보라색,보라
39,113,205,ko,파랑,파랑색,파랑
215,220,44,ko,진노랑,진노랑색,진노랑
179,162,9,ko,주황,주황색,주황
114,78,32,ko,갈색,갈색,갈
102,111,150,ko,보라,보라색,보라
25,51,140,ko,남색,남색,남
25,68,71,ko,검정,검정색,검정
9,132,191,ko,파랑,파랑색,파랑
85,137,25,ko,초록,초록색,초록
248,239,160,ko,연노랑,연노랑색,연노랑
26,134,111,ko,청록,청록색,청록
128,237,67,ko,연두,연두색,연두
251,189,199,ko,분홍,분홍색,분홍
163,198,244,ko,하늘색,하늘색,하늘
161,219,176,ko,메론색,메론색,메론
81,98,29,ko,짙은녹색,짙은녹색,짙은녹
246,81,7,ko,다홍색,다홍색,다홍
119,8,21,ko,짙은적색,짙은적색,짙은적
138,205,204,ko,아쿠아블루,아쿠아블루색,아쿠아블루
55,80,121,ko,코발트블루,코발트블루색,코발트블루
141,128,15,ko,황녹색,황녹색,황녹
7,201,56,ko,초록색,초록색,초록
61,242,251,ko,쨍한하늘색,쨍한하늘색,쨍한하늘
97,84,214,ko,청보라,청보라색,청보라
233,78,147,ko,마젠타,마젠타색,마젠타
162,11,32,ko,빨간색,빨간색,빨강
60,42,6,ko,고동색,고동색,고동
229,3,174,ko,분홍색,분홍색,분홍
15,196,66,ko,초록색,초록색,초록
75,72,121,ko,보라색,보라색,보라
76,215,149,ko,연두색,연두색,연두
117,85,64,ko,갈색,갈색,갈
134,239,21,ko,형광색,형광색,형광
169,109,187,ko,보라색,보라색,보라
172,234,74,ko,형광색,형광색,형광
150,39,61,ko,적색,적색,적
69,242,232,ko,연한초록색,연한초록색,연초록
123,49,236,ko,보라,보라색,보라
64,254,144,ko,귀찮,귀찮색,귀찮
224,214,71,ko,노랑,노랑색,노랑
98,16,154,ko,보라,보라색,보라
140,222,123,ko,연두,연두색,연두
141,130,72,ko,녹황,녹황색,녹황
174,67,95,ko,체리,체리색,체리
55,149,19,ko,초록,초록색,초록
206,87,187,ko,분홑,분홑색,분홑
139,65,18,ko,갈색,갈색,갈
203,144,48,ko,오렌지,오렌지색,오렌지
255,129,104,ko,자몽,자몽색,자몽
155,133,128,ko,연갈색,연갈색,연갈
129,140,236,ko,소프트블루,소프트블루색,소프트블루
162,205,40,ko,연두,연두색,연두
66,166,104,ko,초록,초록색,초록
234,246,234,ko,연한 민트,연한 민트색,연민트
43,53,38,ko,짙은카키,짙은카키색,짙은카키
63,116,104,ko,청록색,청록색,청록
207,153,108,ko,살구색,살구색,살구
241,181,216,ko,연분홍,연분홍색,연분홍
19,12,76,ko,남색,남색,남
177,19,39,ko,빨간색,빨간색,빨강
182,193,100,ko,녹황색,녹황색,녹황
132,191,28,ko,초록,초록색,초록
224,7,228,ko,자홍,자홍색,자홍
41,62,115,ko,남색,남색,남
107,6,59,ko,와인색,와인색,와인
17,219,61,ko,초록,초록색,초록
185,91,43,ko,갈색,갈색,갈
158,143,176,ko,연보라색,연보라색,연보라
200,12,15,ko,빨강,빨강색,빨강
157,38,34,ko,갈색,갈색,갈
17,157,111,ko,초록,초록색,초록
14,19,23,ko,검정,검정색,검정
163,201,225,ko,하늘,하늘색,하늘
143,50,22,ko,갈색,갈색,갈
84,237,36,ko,형광 연두색,형광 연두색,형광연두
99,54,211,ko,보라색,보라색,보라
186,54,118,ko,진분홍,진분홍색,진분홍
241,139,152,ko,연분홍,연분홍색,연분홍
130,127,176,ko,연보라,연보라색,연보라
242,247,85,ko,노랑,노랑색,노랑
71,128,254,ko,파랑,파랑색,파랑
240,15,5,ko,빨강,빨강색,빨강
94,157,233,ko,하늘색,하늘색,하늘
39,77,180,ko,남색,남색,남
155,28,191,ko,보라,보라색,보라
217,112,167,ko,자주,자주색,자주
215,186,246,ko,연보라,연보라색,연보라
89,102,1,ko,국방색,국방색,국방
242,252,64,ko,노랑,노랑색,노랑
114,188,86,ko,초록,초록색,초록
86,76,22,ko,미역색,미역색,미역
51,228,125,ko,초록,초록색,초록
2,238,180,ko,에매랄드,에매랄드색,에매랄드
174,203,78,ko,연두,연두색,연두
222,242,223,ko,연초록,연초록색,연초록
150,112,9,ko,갈색,갈색,갈
2,27,178,ko,파랑,파랑색,파랑
247,238,169,ko,연노랑색,연노랑색,연노랑
6,177,202,ko,청록색,청록색,청록
80,135,106,ko,녹색,녹색,녹
230,97,184,ko,분홍색,분홍색,분홍
234,218,253,ko,연보라,연보라색,연보라
82,64,32,ko,갈색,갈색,갈
149,231,81,ko,연초록색,연초록색,연초록
50,167,43,ko,초록색,초록색,초록
85,76,97,ko,회색,회색,회
52,17,53,ko,쥐색,쥐색,쥐
2,23,138,ko,파란색,파란색,파랑
110,125,33,ko,쑥색,쑥색,쑥
198,124,132,ko,분홍,분홍색,분홍
223,192,129,ko,노랑,노랑색,노랑
35,184,169,ko,청록,청록색,청록
237,79,120,ko,다홍,다홍색,다홍
143,141,248,ko,연보라,연보라색,연보라
119,107,70,ko,진갈색,진갈색,진갈
107,49,138,ko,보라,보라색,보라
190,215,194,ko,연초록,연초록색,연초록
65,244,137,ko,초록,초록색,초록
8,83,98,ko,청남색,청남색,청남
113,103,176,ko,보라색,보라색,보라
42,65,180,ko,파란색,파란색,파랑
69,198,149,ko,초록색,초록색,초록
35,105,181,ko,파란색,파란색,파랑
224,80,34,ko,주황색,주황색,주황
236,178,103,ko,살구색,살구색,살구
239,239,24,ko,노란시닉,노란시닉색,노랑시닉
161,96,138,ko,자색,자색,자
142,96,212,ko,보라색,보라색,보라
148,187,232,ko,하늘색,하늘색,하늘
23,50,119,ko,진파랑색,진파랑색,진파랑
139,194,179,ko,청록색,청록색,청록
206,100,218,ko,연보라색,연보라색,연보라
174,9,175,ko,보라색,보라색,보라
155,4,97,ko,자홍색,자홍색,자홍
128,161,99,ko,녹색,녹색,녹
27,153,195,ko,파랑색,파랑색,파랑
250,201,248,ko,분홍색,분홍색,분홍
138,105,36,ko,갈색,갈색,갈
35,64,3,ko,녹즙색,녹즙색,녹즙
178,252,138,ko,잔디색,잔디색,잔디
223,144,46,ko,주황색,주황색,주황
153,57,249,ko,보라색,보라색,보라
230,201,88,ko,노랑색,노랑색,노랑
188,55,174,ko,자홍색,자홍색,자홍
83,201,219,ko,파란색,파란색,파랑
130,62,4,ko,갈색,갈색,갈
156,51,38,ko,진갈색,진갈색,진갈
1,55,22,ko,청록색,청록색,청록
211,91,102,ko,분홍시닉,분홍시닉색,분홍시닉
238,22,227,ko,핑크색,핑크색,핑크
2,229,13,ko,연초록색,연초록색,연초록
220,35,87,ko,빨강색,빨강색,빨강
11,31,39,ko,검정색,검정색,검정
21,132,186,ko,파란시닉,파란시닉색,파랑시닉
250,126,34,ko,주황색,주황색,주황
173,145,186,ko,연보라색,연보라색,연보라
245,156,170,ko,연분홍색,연분홍색,연분홍
85,208,128,ko,연두색,연두색,연두
129,121,2,ko,녹갈색,녹갈색,녹갈
204,73,222,ko,보라색,보라색,보라
154,111,251,ko,연보라색,연보라색,연보라
174,14,83,ko,자홍색,자홍색,자홍
151,78,77,ko,연갈색,연갈색,연갈
89,120,70,ko,진녹색,진녹색,진녹
76,148,121,ko,청록색,청록색,청록
203,208,104,ko,황록색,황록색,황록
62,230,233,ko,연청색,연청색,연청
176,84,163,ko,보라색,보라색,보라
171,24,15,ko,빨간색,빨간색,빨강
85,183,249,ko,하늘색,하늘색,하늘
154,125,196,ko,연보라색,연보라색,연보라
185,204,206,ko,연회색,연회색,연회
82,121,143,ko,회색,회색,회
106,148,11,ko,녹색,녹색,녹
190,182,230,ko,연보라색,연보라색,연보라
0,95,96,ko,청록색,청록색,청록
180,159,160,ko,연갈색,연갈색,연갈
163,29,241,ko,보라색,보라색,보라
143,104,62,ko,갈색,갈색,갈
62,171,2,ko,녹색,녹색,녹
49,50,198,ko,파란색,파란색,파랑
249,83,13,ko,다홍색,다홍색,다홍
225,108,83,ko,연적색,연적색,연적
224,99,125,ko,진홍색,진홍색,진홍
54,24,15,ko,갈색,갈색,갈
34,113,188,ko,파란색,파란색,파랑
30,225,39,ko,연두색,연두색,연두
132,91,128,ko,진보라색,진보라색,진보라
161,220,81,ko,연두색,연두색,연두
155,150,103,ko,연녹갈색,연녹갈색,연녹갈
65,34,113,ko,군청색,군청색,군청
218,155,128,ko,연주황색,연주황색,연주황
76,76,183,ko,연파랑색,연파랑색,연파랑
210,208,124,ko,연녹색,연녹색,연녹
83,142,154,ko,청록색,청록색,청록
92,130,52,ko,녹색,녹색,녹
242,57,75,ko,빨강,빨강색,빨강
72,44,27,ko,갈색,갈색,갈
25,231,89,ko,형광 녹색,형광 녹색,형광녹
149,134,86,ko,연갈색,연갈색,연갈
62,99,190,ko,짙은 파랑,짙은 파랑색,짙은파랑
199,74,30,ko,오렌지,오렌지색,오렌지
44,56,244,ko,파랑,파랑색,파랑
186,43,246,ko,보라,보라색,보라
96,15,112,ko,자주,자주색,자주
252,8,167,ko,형광분홍,형광분홍색,형광분홍
129,184,108,ko,녹색,녹색,녹
188,249,181,ko,연녹색,연녹색,연녹
155,88,151,ko,자주,자주색,자주
45,251,231,ko,형광하늘,형광하늘색,형광하늘
188,115,133,ko,갈색,갈색,갈
240,134,208,ko,분홍,분홍색,분홍
40,205,136,ko,녹색,녹색,녹
51,156,126,ko,청녹색,청녹색,청록
208,114,97,ko,짙은주황,짙은주황색,짙은주황
58,17,151,ko,남색,남색,남
121,187,27,ko,연두색,연두색,연두
129,49,89,ko,자주,자주색,자주
233,210,16,ko,노랑,노랑색,노랑
92,97,67,ko,이끼,이끼색,이끼
56,143,16,ko,녹색,녹색,녹
17,10,24,ko,검정,검정색,검정
113,87,197,ko,자주,자주색,자주
211,125,29,ko,주황,주황색,주황
212,40,92,ko,빨강,빨강색,빨강
180,46,152,ko,보라,보라색,보라
254,153,187,ko,분홍,분홍색,분홍
3,1,64,ko,남색,남색,남
187,249,15,ko,형광녹색,형광녹색,형광녹
147,62,158,ko,보라색,보라색,보라
117,233,251,ko,민트색,민트색,민트
126,109,126,ko,회보라색,회보라색,회보라
144,154,61,ko,"올리브색, 카키색","올리브색, 카키색","올리브색,카키"
234,84,180,ko,자주색,자주색,자주
137,110,46,ko,황토색,황토색,황토
229,160,143,ko,살구색,살구색,살구
84,234,92,ko,형광연두,형광연두색,형광연두
59,132,131,ko,청녹색,청녹색,청록
136,51,192,ko,보라색,보라색,보라
26,55,237,ko,청남색,청남색,청남
36,26,153,ko,남색,남색,남
36,114,10,ko,국방색,국방색,국방
210,188,13,ko,겨자색,겨자색,겨자
208,104,16,ko,벽돌색,벽돌색,벽돌
153,212,152,ko,연진녹색,연진녹색,연진녹
52,86,239,ko,청남색,청남색,청남
109,249,201,ko,민트색,민트색,민트
4,176,203,ko,연녹남색,연녹남색,연녹남
222,131,86,ko,연벽돌색,연벽돌색,연벽돌
141,182,225,ko,연남색,연남색,연남
219,4,203,ko,자주색,자주색,자주
212,161,237,ko,연보라색,연보라색,연보라
225,243,254,ko,연하늘색,연하늘색,연하늘
26,137,75,ko,진녹색,진녹색,진녹
199,183,152,ko,연고동색,연고동색,연고동
191,122,151,ko,인디안핑크,인디안핑크색,인디안핑크
137,240,32,ko,연두색,연두색,연두
108,166,132,ko,연진녹색,연진녹색,연진녹
54,36,18,ko,진고동색,진고동색,진고동
145,46,241,ko,청보라색,청보라색,청보라
237,48,92,ko,차가운 빨강색,차가운 빨강색,차가운빨강
198,70,65,ko,적벽돌색,적벽돌색,적벽돌
115,49,57,ko,초콜렛색,초콜렛색,초콜렛
28,255,34,ko,형광녹색,형광녹색,형광녹
71,125,249,ko,남색,남색,남
233,229,69,ko,노랑,노랑색,노랑
81,80,141,ko,남색,남색,남
16,216,216,ko,옥색,옥색,옥
77,241,142,ko,연두,연두색,연두
210,28,3,ko,빨강,빨강색,빨강
173,94,246,ko,연보라,연보라색,연보라
230,118,13,ko,주황,주황색,주황
54,5,213,ko,보라,보라색,보라
24,43,143,ko,남색,남색,남
154,164,212,ko,파랑,파랑색,파랑
105,178,128,ko,초록,초록색,초록
160,227,87,ko,연두,연두색,연두
31,9,19,ko,군청,군청색,군청
34,131,29,ko,초록,초록색,초록
119,101,43,ko,고동,고동색,고동
34,134,188,ko,파랑,파랑색,파랑
193,195,137,ko,회색,회색,회
170,132,40,ko,황토,황토색,황토
138,197,188,ko,파랑,파랑색,파랑
88,41,97,ko,보라,보라색,보라
63,104,213,ko,파랑,파랑색,파랑
155,185,88,ko,초록,초록색,초록
5,76,85,ko,군청,군청색,군청
37,148,242,ko,파랑,파랑색,파랑
236,16,250,ko,보라,보라색,보라
241,62,213,ko,보라,보라색,보라
71,247,97,ko,연두,연두색,연두
157,151,122,ko,회색,회색,회
180,115,84,ko,고동,고동색,고동
184,85,183,ko,보라,보라색,보라
220,37,75,ko,빨강,빨강색,빨강
241,90,133,ko,분홍,분홍색,분홍
235,251,225,ko,아이보리,아이보리색,아이보리
221,97,129,ko,핑크,핑크색,핑크
117,145,102,ko,녹색,녹색,녹
134,51,60,ko,갈색,갈색,갈
229,243,64,ko,노랑,노랑색,노랑
183,168,216,ko,연보라,연보라색,연보라
103,7,210,ko,진보라,진보라색,진보라
183,91,187,ko,진분홍,진분홍색,진분홍
58,94,116,ko,진초록,진초록색,진초록
148,115,224,ko,보라,보라색,보라
244,20,81,ko,빨강,빨강색,빨강
68,197,38,ko,연두,연두색,연두
180,203,72,ko,연녹색,연녹색,연녹
112,238,127,ko,연두,연두색,연두
14,134,83,ko,초록,초록색,초록
154,192,183,ko,에메랄드,에메랄드색,에메랄드
60,20,46,ko,진보라,진보라색,진보라
54,78,152,ko,파랑,파랑색,파랑
171,64,16,ko,감색,감색,감
161,243,234,ko,하늘,하늘색,하늘
237,207,136,ko,베이지,베이지색,베이지
162,61,194,ko,보라,보라색,보라
138,124,50,ko,연갈색,연갈색,연갈
207,13,111,ko,핑크,핑크색,핑크
42,35,144,ko,파랑,파랑색,파랑
12,227,202,ko,민트,민트색,민트
55,148,128,ko,초록,초록색,초록
220,40,179,ko,핑크,핑크색,핑크
140,95,114,ko,진보라,진보라색,진보라
201,161,6,ko,머스타드색,머스타드색,머스타드
232,198,197,ko,연핑크,연핑크색,연핑크
230,249,233,ko,밝은민트,밝은민트색,밝은민트
80,49,41,ko,고동색,고동색,고동
58,89,46,ko,녹색,녹색,녹
118,219,166,ko,에메랄드,에메랄드색,에메랄드
13,17,56,ko,남색,남색,남
44,177,255,ko,파랑,파랑색,파랑
