r,g,b,lang_code,human_raw,human_norm,human_min
202,66,21,zh,红褐色,红褐色,红褐
93,219,26,zh,翠绿色,翠绿色,翠绿
12,163,63,zh,葱绿色,葱绿色,葱绿
62,143,161,zh,灰蓝色,灰蓝色,灰蓝
96,36,88,zh,紫红色,紫红色,紫红
33,149,88,zh,深绿色,深绿色,深绿
83,71,175,zh,紫色,紫色,紫
100,254,143,zh,荧光绿,荧光绿色,荧光绿
151,71,29,zh,红棕色,红棕色,红棕
18,218,230,zh,蓝色,蓝色,蓝
116,120,52,zh,暗绿色,暗绿色,暗绿
224,207,88,zh,鹅黄色,鹅黄色,鹅黄
4,81,176,zh,深蓝,深蓝色,深蓝
120,45,26,zh,锈红,锈红色,锈红
252,160,167,zh,粉,粉色,粉
220,65,195,zh,艳粉,艳粉色,艳粉
226,234,36,zh,黄,黄色,黄
184,145,244,zh,藕荷,藕荷色,藕荷
112,157,58,zh,绿,绿色,绿
205,92,32,zh,橙,橙色,橙
95,35,129,zh,紫,紫色,紫
216,161,114,zh,肉,肉色,肉
22,54,246,zh,宝蓝,宝蓝色,宝蓝
9,189,167,zh,蓝绿,蓝绿色,蓝绿
235,125,108,zh,皮粉,皮粉色,皮粉
41,166,215,zh,蓝,蓝色,蓝
7,241,29,zh,绿,绿色,绿
69,241,179,zh,蓝绿,蓝绿色,蓝绿
249,243,224,zh,米色,米色,米
251,93,167,zh,粉,粉色,粉
60,67,76,zh,藏蓝,藏蓝色,藏蓝
245,71,9,zh,橙红,橙红色,橙红
148,206,8,zh,草绿,草绿色,草绿
10,142,14,zh,深绿,深绿色,深绿
31,59,19,zh,藏绿,藏绿色,藏绿
82,123,140,zh,蓝,蓝色,蓝
36,48,197,zh,宝蓝,宝蓝色,宝蓝
163,5,38,zh,酒红,酒红色,酒红
4,123,93,zh,孔雀绿,孔雀绿色,孔雀绿
167,156,210,zh,藕荷,藕荷色,藕荷
205,195,80,zh,土黄,土黄色,土黄
122,44,100,zh,深紫,深紫色,深紫
254,128,7,zh,橙,橙色,橙
105,122,94,zh,暗绿,暗绿色,暗绿
18,194,62,zh,绿,绿色,绿
225,181,11,zh,黄,黄色,黄
20,97,244,zh,蓝,蓝色,蓝
126,193,182,zh,浅蓝绿,浅蓝绿色,浅蓝绿
222,45,197,zh,紫粉色,紫粉色,粉紫
101,215,163,zh,蓝绿,蓝绿色,蓝绿
167,7,91,zh,紫红,紫红色,紫红
142,68,61,zh,深粉,深粉色,深粉
181,16,237,zh,紫罗兰,紫罗兰色,紫罗蓝
203,222,46,zh,草绿,草绿色,草绿
3,197,98,zh,翠绿,翠绿色,翠绿
5,111,34,zh,深绿,深绿色,深绿
230,242,163,zh,蓝绿,蓝绿色,蓝绿
64,186,246,zh,天蓝,天蓝色,天蓝
242,181,94,zh,浅橙色,浅橙色,浅橙
21,53,182,zh,群青,群青色,群青
5,144,121,zh,深绿,深绿色,深绿
228,25,34,zh,正红,正红色,正红
211,106,136,zh,深粉,深粉色,深粉
68,12,14,zh,深紫红,深紫红色,深紫红
119,162,240,zh,青蓝,青蓝色,青蓝
87,227,0,zh,亮绿,亮绿色,亮绿
249,13,145,zh,深粉,深粉色,深粉
211,105,179,zh,紫粉,紫粉色,粉紫
196,18,64,zh,酒红,酒红色,酒红
83,46,235,zh,蓝紫,蓝紫色,蓝紫
103,171,26,zh,翠绿,翠绿色,翠绿
156,28,188,zh,紫罗兰,紫罗兰色,紫罗蓝
15,205,214,zh,蓝绿,蓝绿色,蓝绿
26,233,82,zh,两绿,两绿色,两绿
15,178,16,zh,草绿,草绿色,草绿
93,30,124,zh,深紫,深紫色,深紫
242,4,241,zh,紫红,紫红色,紫红
227,159,173,zh,暗粉,暗粉色,暗粉
34,82,116,zh,普蓝,普蓝色,普蓝
243,138,25,zh,橙色,橙色,橙
86,135,242,zh,青蓝,青蓝色,青蓝
113,98,72,zh,冷棕色,冷棕色,冷棕
247,179,242,zh,淡粉,淡粉色,淡粉
127,101,165,zh,暗紫,暗紫色,暗紫
44,199,240,zh,天蓝,天蓝色,天蓝
254,241,17,zh,黄,黄色,黄
250,136,93,zh,橙红,橙红色,橙红
114,162,6,zh,草绿,草绿色,草绿
39,219,120,zh,翠绿,翠绿色,翠绿
49,36,192,zh,蓝,蓝色,蓝
105,222,166,zh,蓝绿,蓝绿色,蓝绿
245,59,14,zh,红,红色,红
206,77,207,zh,丁香紫,丁香紫色,丁香紫
54,92,98,zh,灰蓝,灰蓝色,灰蓝
201,35,236,zh,粉紫,粉紫色,粉紫
250,191,189,zh,粉红,粉红色,粉红
132,96,73,zh,赭石,赭石色,赭石
83,244,38,zh,青绿,青绿色,青绿
158,57,11,zh,咖啡,咖啡色,咖啡
201,60,108,zh,粉紫,粉紫色,粉紫
214,110,14,zh,橙,橙色,橙
74,148,99,zh,灰绿,灰绿色,灰绿
31,185,166,zh,天蓝,天蓝色,天蓝
166,100,150,zh,淡紫,淡紫色,淡紫
12,172,10,zh,绿,绿色,绿
4,76,198,zh,蓝,蓝色,蓝
172,240,21,zh,嫩绿,嫩绿色,嫩绿
155,75,224,zh,紫,紫色,紫
82,41,155,zh,蓝紫,蓝紫色,蓝紫
207,69,77,zh,紫红,紫红色,紫红
211,208,237,zh,紫灰,紫灰色,紫灰
159,53,151,zh,紫,紫色,紫
88,150,57,zh,深绿,深绿色,深绿
252,229,147,zh,橙黄,橙黄色,橙黄
44,30,232,zh,蓝,蓝色,蓝
230,6,64,zh,粉红,粉红色,粉红
131,132,34,zh,黄绿,黄绿色,黄绿
160,80,78,zh,红褐,红褐色,红褐
205,144,2,zh,黄褐,黄褐色,黄褐
39,136,231,zh,天蓝,天蓝色,天蓝
252,139,86,zh,淺橘,淺橘色,浅橘
82,154,236,zh,淺藍,淺藍色,浅蓝
39,154,0,zh,深綠,深綠色,深绿
48,52,236,zh,深藍,深藍色,深蓝
211,93,14,zh,深橘,深橘色,深橘
173,163,237,zh,淺紫,淺紫色,浅紫
140,17,220,zh,深紫,深紫色,深紫
59,52,147,zh,靛藍,靛藍色,靛蓝
69,12,165,zh,藍紫,藍紫色,蓝紫
116,150,90,zh,軍綠,軍綠色,军绿
169,233,229,zh,水藍,水藍色,水蓝
41,230,23,zh,螢光綠,螢光綠色,荧光绿
48,76,223,zh,深藍,深藍色,深蓝
221,5,191,zh,紫紅,紫紅色,紫红
61,205,211,zh,藍綠,藍綠色,蓝绿
11,76,131,zh,灰藍,灰藍色,灰蓝
163,7,5,zh,深紅,深紅色,深红
240,50,62,zh,紅,紅色,红
79,226,98,zh,亮綠,亮綠色,亮绿
240,176,240,zh,粉紅,粉紅色,粉红
170,155,65,zh,土黃,土黃色,土黄
97,140,159,zh,灰藍,灰藍色,灰蓝
241,70,108,zh,淡紅,淡紅色,淡红
10,159,136,zh,青綠,青綠色,青绿
159,26,183,zh,深紫,深紫色,深紫
21,217,167,zh,黃綠,黃綠色,黄绿
94,187,227,zh,灰藍,灰藍色,灰蓝
152,75,130,zh,深紫,深紫色,深紫
182,202,128,zh,黃綠,黃綠色,黄绿
115,60,31,zh,咖啡,咖啡色,咖啡
184,5,91,zh,深紅,深紅色,深红
134,189,1,zh,深綠,深綠色,深绿
165,31,129,zh,紫紅,紫紅色,紫红
6,19,31,zh,黑,黑色,黑
236,201,10,zh,黃,黃色,黄
232,183,205,zh,粉紅,粉紅色,粉红
33,121,156,zh,青,青色,青
249,204,118,zh,肉色,肉色,肉
12,163,234,zh,蓝,蓝色,蓝
168,66,217,zh,紫,紫色,紫
153,251,124,zh,草绿,草绿色,草绿
24,237,72,zh,绿,绿色,绿
176,61,102,zh,洋红,洋红色,洋红
71,36,240,zh,蓝紫,蓝紫色,蓝紫
156,238,47,zh,黄绿,黄绿色,黄绿
221,62,5,zh,橙,橙色,橙
48,246,207,zh,天蓝,天蓝色,天蓝
87,108,111,zh,灰蓝,灰蓝色,灰蓝
10,35,109,zh,深蓝,深蓝色,深蓝
211,195,6,zh,土黄,土黄色,土黄
236,71,144,zh,粉,粉色,粉
205,20,254,zh,亮紫,亮紫色,亮紫
244,142,107,zh,肉粉,肉粉色,肉粉
137,7,6,zh,砖红,砖红色,砖红
40,215,94,zh,鲜绿,鲜绿色,鲜绿
178,113,199,zh,淡紫,淡紫色,淡紫
27,38,185,zh,靛蓝,靛蓝色,靛蓝
102,90,137,zh,蓝紫,蓝紫色,蓝紫
20,104,228,zh,蓝,蓝色,蓝
46,35,57,zh,藏青,藏青色,藏青
219,170,129,zh,肉色,肉色,肉
198,4,82,zh,红,红色,红
88,213,236,zh,天蓝,天蓝色,天蓝
233,81,211,zh,亮粉,亮粉色,亮粉
115,190,123,zh,淡绿,淡绿色,淡绿
82,67,30,zh,棕,棕色,棕
27,169,5,zh,绿,绿色,绿
6,85,175,zh,蓝,蓝色,蓝
162,189,194,zh,浅蓝,浅蓝色,浅蓝
6,3,104,zh,深蓝,深蓝色,深蓝
62,201,183,zh,蓝绿,蓝绿色,蓝绿
146,193,88,zh,草绿,草绿色,草绿
45,60,233,zh,蓝色,蓝色,蓝
44,73,58,zh,墨绿,墨绿色,墨绿
168,163,9,zh,土黄,土黄色,土黄
36,195,194,zh,浅蓝,浅蓝色,浅蓝
120,110,217,zh,浅紫,浅紫色,浅紫
157,89,43,zh,棕色,棕色,棕
39,252,165,zh,草绿,草绿色,草绿
124,12,208,zh,紫,紫色,紫
22,39,76,zh,蓝黑,蓝黑色,蓝黑
122,116,184,zh,深紫,深紫色,深紫
203,171,211,zh,浅紫,浅紫色,浅紫
228,31,196,zh,粉紫,粉紫色,粉紫
224,93,104,zh,肉色,肉色,肉
156,0,187,zh,深紫,深紫色,深紫
181,202,1,zh,黄绿,黄绿色,黄绿
170,223,177,zh,淡绿,淡绿色,淡绿
146,82,236,zh,浅紫,浅紫色,浅紫
215,232,231,zh,浅蓝,浅蓝色,浅蓝
10,164,8,zh,墨绿,墨绿色,墨绿
159,9,232,zh,紫,紫色,紫
39,199,192,zh,淡蓝,淡蓝色,淡蓝
31,10,232,zh,蓝,蓝色,蓝
226,15,27,zh,橘红,橘红色,橘红
147,222,39,zh,草绿,草绿色,草绿
106,243,72,zh,绿,绿色,绿
90,167,45,zh,绿,绿色,绿
165,121,232,zh,紫,紫色,紫
157,159,141,zh,灰,灰色,灰
220,186,111,zh,土,土色,土
219,220,9,zh,黄,黄色,黄
111,12,47,zh,红,红色,红
70,124,101,zh,绿,绿色,绿
169,64,195,zh,紫,紫色,紫
61,158,174,zh,蓝,蓝色,蓝
69,66,1,zh,棕,棕色,棕
199,47,230,zh,粉,粉色,粉
31,117,70,zh,墨绿,墨绿色,墨绿
185,188,144,zh,卡其,卡其色,卡其
20,245,174,zh,荧光绿,荧光绿色,荧光绿
233,19,118,zh,玫红,玫红色,玫红
54,231,4,zh,鲜绿,鲜绿色,鲜绿
95,196,87,zh,草绿,草绿色,草绿
172,29,112,zh,褐红,褐红色,褐红
194,19,223,zh,紫,紫色,紫
23,41,238,zh,宝蓝,宝蓝色,宝蓝
103,6,174,zh,深紫,深紫色,深紫
251,215,81,zh,淡黄,淡黄色,淡黄
179,226,111,zh,淡绿,淡绿色,淡绿
181,144,75,zh,浅棕,浅棕色,浅棕
175,231,214,zh,水绿,水绿色,水绿
186,248,77,zh,草绿,草绿色,草绿
229,125,231,zh,粉红,粉红色,粉红
110,88,143,zh,绛紫,绛紫色,绛紫
150,15,12,zh,朱红,朱红色,朱红
63,61,54,zh,深灰,深灰色,深灰
173,10,73,zh,褐红,褐红色,褐红
210,118,83,zh,橘黄,橘黄色,橘黄
89,168,197,zh,墨蓝,墨蓝色,墨蓝
251,203,237,zh,粉红,粉红色,粉红
54,246,222,zh,水蓝,水蓝色,水蓝
109,6,39,zh,深棕,深棕色,深棕
60,102,16,zh,墨绿,墨绿色,墨绿
185,139,167,zh,肉紫,肉紫色,肉紫
37,54,152,zh,深蓝,深蓝色,深蓝
103,143,126,zh,墨绿,墨绿色,墨绿
64,184,141,zh,青,青色,青
11,4,100,zh,深蓝,深蓝色,深蓝
16,228,96,zh,草绿,草绿色,草绿
254,138,192,zh,粉红,粉红色,粉红
144,242,186,zh,荧光绿,荧光绿色,荧光绿
16,122,195,zh,兰,兰色,蓝
34,97,248,zh,宝蓝,宝蓝色,宝蓝
78,210,100,zh,绿色,绿色,绿
118,114,243,zh,紫罗兰,紫罗兰色,紫罗蓝
150,8,109,zh,紫红,紫红色,紫红
18,23,215,zh,深蓝,深蓝色,深蓝
35,127,44,zh,深绿色,深绿色,深绿
175,66,12,zh,橘棕色,橘棕色,橘棕
223,25,147,zh,桃红色,桃红色,桃红
10,244,221,zh,浅蓝色,浅蓝色,浅蓝
6,250,115,zh,荧光绿,荧光绿色,荧光绿
156,226,64,zh,黄绿色,黄绿色,黄绿
3,14,105,zh,深蓝色,深蓝色,深蓝
249,105,63,zh,橙色,橙色,橙
121,176,255,zh,蓝,蓝色,蓝
93,174,205,zh,蓝,蓝色,蓝
102,227,17,zh,绿,绿色,绿
178,245,188,zh,绿,绿色,绿
253,246,197,zh,黄,黄色,黄
252,221,107,zh,黄,黄色,黄
224,36,61,zh,红,红色,红
115,166,83,zh,绿,绿色,绿
118,120,47,zh,绿,绿色,绿
167,98,204,zh,紫,紫色,紫
244,57,16,zh,红,红色,红
141,69,255,zh,紫,紫色,紫
54,137,91,zh,绿,绿色,绿
69,16,5,zh,棕,棕色,棕
201,117,190,zh,粉,粉色,粉
78,68,135,zh,蓝,蓝色,蓝
95,22,182,zh,紫,紫色,紫
188,198,139,zh,绿,绿色,绿
133,27,142,zh,紫,紫色,紫
228,209,31,zh,黄,黄色,黄
189,116,128,zh,红,红色,红
207,255,44,zh,黄,黄色,黄
215,119,95,zh,红,红色,红
169,154,54,zh,黄,黄色,黄
70,211,241,zh,淺藍,淺藍色,浅蓝
185,141,67,zh,淺啡,淺啡色,浅啡
190,131,247,zh,粉紫,粉紫色,粉紫
232,48,56,zh,鮮紅,鮮紅色,鲜红
85,15,236,zh,靛,靛色,靛
40,79,144,zh,深藍,深藍色,深蓝
65,78,255,zh,藍,藍色,蓝
159,237,223,zh,粉藍綠,粉藍綠色,粉蓝绿
230,211,160,zh,杏色,杏色,杏
90,191,46,zh,青色,青色,青
77,15,45,zh,深紫,深紫色,深紫
181,111,71,zh,啡,啡色,啡
208,81,30,zh,啡橙色,啡橙色,啡橙
54,245,2,zh,螢光綠,螢光綠色,荧光绿
54,139,103,zh,深綠,深綠色,深绿
164,61,118,zh,暗紫紅,暗紫紅色,暗紫红
203,6,119,zh,紫紅,紫紅色,紫红
33,201,171,zh,粉藍綠,粉藍綠色,粉蓝绿
124,147,14,zh,鴨屎綠,鴨屎綠色,鸭屎绿
219,89,242,zh,淺紫,淺紫色,浅紫
215,183,244,zh,粉紫,粉紫色,粉紫
237,192,18,zh,啡黃色,啡黃色,啡黄
198,84,185,zh,暗紫,暗紫色,暗紫
254,22,239,zh,螢光粉紅,螢光粉紅色,荧光粉红
8,2,87,zh,深保藍,深保藍色,深保蓝
237,96,141,zh,粉紅,粉紅色,粉红
157,113,184,zh,粉紫,粉紫色,粉紫
1,172,231,zh,天藍,天藍色,天蓝
181,184,208,zh,灰色,灰色,灰
21,146,47,zh,綠色,綠色,绿
130,31,53,zh,啡紅色,啡紅色,啡红
21,63,10,zh,深綠,深綠色,深绿
116,65,156,zh,暗紫,暗紫色,暗紫
126,28,163,zh,紫,紫色,紫
234,34,106,zh,深粉紅,深粉紅色,深粉红
250,39,6,zh,橙紅色,橙紅色,橙红
92,212,68,zh,绿色,绿色,绿
72,126,34,zh,藏青色,藏青色,藏青
52,16,246,zh,蓝紫色,蓝紫色,蓝紫
35,2,22,zh,褐色,褐色,褐
192,45,192,zh,紫红色,紫红色,紫红
32,198,117,zh,绿色,绿色,绿
229,23,126,zh,粉紫色,粉紫色,粉紫
46,90,175,zh,靛蓝色,靛蓝色,靛蓝
1,15,136,zh,深蓝色,深蓝色,深蓝
63,26,112,zh,紫色,紫色,紫
155,213,28,zh,青色,青色,青
90,68,253,zh,紫色,紫色,紫
168,190,192,zh,灰色,灰色,灰
154,41,99,zh,深紫红色,深紫红色,深紫红
164,204,86,zh,青绿色,青绿色,青绿
52,90,221,zh,藏蓝色,藏蓝色,藏蓝
16,119,122,zh,藏青色,藏青色,藏青
168,183,253,zh,浅紫色,浅紫色,浅紫
197,61,94,zh,紫红色,紫红色,紫红
89,195,156,zh,绿色,绿色,绿
225,133,144,zh,粉色,粉色,粉
193,143,79,zh,黄褐色,黄褐色,黄褐
81,14,35,zh,深紫色,深紫色,深紫
146,56,159,zh,紫色,紫色,紫
159,178,123,zh,灰绿色,灰绿色,灰绿
19,255,33,zh,亮绿色,亮绿色,亮绿
195,31,47,zh,红色,红色,红
21,133,52,zh,绿色,绿色,绿
134,191,55,zh,翠绿色,翠绿色,翠绿
23,40,204,zh,蓝色,蓝色,蓝
149,153,244,zh,蓝色,蓝色,蓝
91,243,115,zh,绿色,绿色,绿
251,86,201,zh,粉色,粉色,粉
7,55,134,zh,深蓝色,深蓝色,深蓝
212,247,79,zh,黄色,黄色,黄
47,135,149,zh,蓝绿色,蓝绿色,蓝绿
107,148,204,zh,蓝色,蓝色,蓝
11,66,48,zh,深绿色,深绿色,深绿
51,253,164,zh,绿色,绿色,绿
215,134,196,zh,粉色,粉色,粉
181,37,135,zh,粉色,粉色,粉
146,39,38,zh,红色,红色,红
122,7,69,zh,深粉色,深粉色,深粉
222,216,73,zh,黄色,黄色,黄
99,0,128,zh,深紫色,深紫色,深紫
189,6,211,zh,紫色,紫色,紫
119,37,241,zh,蓝色,蓝色,蓝
227,173,33,zh,土黄色,土黄色,土黄
238,173,190,zh,粉色,粉色,粉
150,217,238,zh,蓝色,蓝色,蓝
225,72,103,zh,红色,红色,红
2,230,241,zh,蓝色,蓝色,蓝
154,71,6,zh,棕色,棕色,棕
109,204,103,zh,绿色,绿色,绿
218,129,82,zh,棕色,棕色,棕
252,191,105,zh,土黄色,土黄色,土黄
206,243,174,zh,绿色,绿色,绿
55,157,27,zh,绿色,绿色,绿
67,227,177,zh,绿色,绿色,绿
82,208,10,zh,绿色,绿色,绿
109,186,117,zh,深绿色,深绿色,深绿
155,209,69,zh,浅绿色,浅绿色,浅绿
133,151,172,zh,银灰色,银灰色,银灰
111,111,153,zh,紫蓝色,紫蓝色,蓝紫
211,12,176,zh,紫色,紫色,紫
55,216,29,zh,绿色,绿色,绿
223,155,7,zh,棕黄色,棕黄色,棕黄
222,125,191,zh,粉色,粉色,粉
65,0,73,zh,深紫色,深紫色,深紫
85,197,95,zh,草绿色,草绿色,草绿
179,106,8,zh,棕色,棕色,棕
34,123,190,zh,蓝色,蓝色,蓝
12,114,86,zh,藏青色,藏青色,藏青
247,102,123,zh,深粉红,深粉红色,深粉红
101,60,233,zh,蓝紫色,蓝紫色,蓝紫
199,194,166,zh,米白色,米白色,米白
180,202,137,zh,青绿色,青绿色,青绿
254,45,49,zh,红色,红色,红
237,152,150,zh,粉色,粉色,粉
221,103,45,zh,橙色,橙色,橙
23,104,116,zh,藏青色,藏青色,藏青
15,84,209,zh,蓝色,蓝色,蓝
81,149,21,zh,绿色,绿色,绿
132,71,185,zh,紫色,紫色,紫
32,182,192,zh,藏青色,藏青色,藏青
130,5,57,zh,酒红色,酒红色,酒红
156,87,136,zh,深紫色,深紫色,深紫
145,242,14,zh,浅绿色,浅绿色,浅绿
144,12,21,zh,深红色,深红色,深红
151,131,108,zh,银棕色,银棕色,银棕
36,202,163,zh,青色,青色,青
120,141,242,zh,淡蓝色,淡蓝色,淡蓝
118,78,13,zh,棕色,棕色,棕
162,147,7,zh,土黄色,土黄色,土黄
52,245,151,zh,淡绿色,淡绿色,淡绿
250,48,233,zh,浅紫色,浅紫色,浅紫
229,110,219,zh,紫粉,紫粉色,粉紫
14,243,137,zh,青绿,青绿色,青绿
20,102,135,zh,藏蓝,藏蓝色,藏蓝
89,148,76,zh,草绿,草绿色,草绿
237,53,6,zh,红,红色,红
101,245,220,zh,青,青色,青
92,22,131,zh,字,字色,字
147,126,116,zh,肉褐,肉褐色,肉褐
79,54,13,zh,褐,褐色,褐
109,242,163,zh,蓝绿,蓝绿色,蓝绿
226,44,113,zh,粉,粉色,粉
124,54,228,zh,紫罗兰,紫罗兰色,紫罗蓝
223,111,66,zh,橘黄,橘黄色,橘黄
109,155,192,zh,蓝,蓝色,蓝
202,14,151,zh,粉,粉色,粉
61,126,122,zh,绿,绿色,绿
250,176,172,zh,肉粉,肉粉色,肉粉
41,182,60,zh,绿,绿色,绿
168,76,158,zh,紫,紫色,紫
91,35,90,zh,紫,紫色,紫
20,64,147,zh,蓝,蓝色,蓝
28,162,245,zh,蓝,蓝色,蓝
159,252,75,zh,绿,绿色,绿
41,91,10,zh,绿,绿色,绿
148,75,54,zh,棕,棕色,棕
213,184,3,zh,芥末黄,芥末黄色,芥末黄
129,168,16,zh,绿,绿色,绿
251,204,109,zh,黄肉,黄肉色,黄肉
36,1,198,zh,蓝,蓝色,蓝
184,82,119,zh,粉,粉色,粉
243,183,253,zh,粉,粉色,粉
215,246,46,zh,绿,绿色,绿
253,24,57,zh,红,红色,红
122,119,72,zh,绿,绿色,绿
199,5,200,zh,紫,紫色,紫
97,100,169,zh,蓝,蓝色,蓝
32,11,57,zh,黑色,黑色,黑
158,193,150,zh,灰绿色,灰绿色,灰绿
253,235,67,zh,黄色,黄色,黄
50,208,209,zh,青蓝色,青蓝色,青蓝
137,1,205,zh,紫色,紫色,紫
151,205,16,zh,草绿色,草绿色,草绿
226,119,51,zh,土橘色,土橘色,土橘
127,170,36,zh,深草绿色,深草绿色,深草绿
144,243,6,zh,浅荧光绿,浅荧光绿色,浅荧光绿
217,239,251,zh,浅蓝色,浅蓝色,浅蓝
64,246,16,zh,荧光绿,荧光绿色,荧光绿
247,95,240,zh,紫红色,紫红色,紫红
210,248,155,zh,黄绿色,黄绿色,黄绿
219,37,64,zh,正红色,正红色,正红
208,168,235,zh,粉紫色,粉紫色,粉紫
141,244,213,zh,薄荷蓝色,薄荷蓝色,薄荷蓝
136,15,112,zh,深紫色,深紫色,深紫
24,109,90,zh,深绿色,深绿色,深绿
6,169,124,zh,脆绿色,脆绿色,脆绿
40,141,14,zh,深绿色,深绿色,深绿
210,249,219,zh,浅薄荷色,浅薄荷色,浅薄荷
190,4,187,zh,紫红色,紫红色,紫红
156,138,134,zh,深肉色,深肉色,深肉
139,243,110,zh,荧光亮绿色,荧光亮绿色,荧光亮绿
30,181,239,zh,亮蓝色,亮蓝色,亮蓝
215,133,111,zh,肉色,肉色,肉
116,51,169,zh,紫色,紫色,紫
223,50,116,zh,桃色,桃色,桃
107,92,64,zh,深褐色,深褐色,深褐
179,168,44,zh,褐色,褐色,褐
129,222,145,zh,肉绿色,肉绿色,肉绿
245,8,5,zh,亮红色,亮红色,亮红
146,73,84,zh,砖红色,砖红色,砖红
188,173,108,zh,绿棕色,绿棕色,绿棕
171,122,238,zh,肉紫色,肉紫色,肉紫
221,246,26,zh,黄绿色,黄绿色,黄绿
124,29,76,zh,浆紫,浆紫色,浆紫
119,27,120,zh,紫红,紫红色,紫红
66,56,242,zh,靛,靛色,靛
18,201,22,zh,绿,绿色,绿
89,12,156,zh,紫,紫色,紫
110,219,127,zh,翠绿,翠绿色,翠绿
140,197,187,zh,青绿,青绿色,青绿
234,190,43,zh,土黄,土黄色,土黄
98,138,57,zh,草绿,草绿色,草绿
223,4,157,zh,桃红,桃红色,桃红
96,250,235,zh,海蓝,海蓝色,海蓝
241,206,217,zh,浅粉,浅粉色,浅粉
192,7,89,zh,浆红,浆红色,浆红
240,183,157,zh,奶茶色,奶茶色,奶茶
125,248,34,zh,亮绿,亮绿色,亮绿
117,69,111,zh,紫红,紫红色,紫红
197,243,190,zh,浅绿,浅绿色,浅绿
203,100,15,zh,浅棕,浅棕色,浅棕
184,171,103,zh,土,土色,土
104,126,252,zh,浅蓝,浅蓝色,浅蓝
168,25,37,zh,深红,深红色,深红
247,84,13,zh,橙色,橙色,橙
131,187,48,zh,绿,绿色,绿
184,35,218,zh,粉紫,粉紫色,粉紫
25,44,119,zh,藏青,藏青色,藏青
248,232,6,zh,明黄,明黄色,明黄
28,159,34,zh,绿,绿色,绿
112,211,160,zh,翠绿,翠绿色,翠绿
46,71,178,zh,蓝,蓝色,蓝
32,92,172,zh,蓝,蓝色,蓝
248,126,158,zh,粉,粉色,粉
68,147,163,zh,湖蓝,湖蓝色,湖蓝
183,91,191,zh,浅紫,浅紫色,浅紫
4,77,70,zh,墨绿,墨绿色,墨绿
234,84,63,zh,砖红,砖红色,砖红
22,222,98,zh,鲜绿,鲜绿色,鲜绿
120,85,173,zh,暗紫,暗紫色,暗紫
167,46,219,zh,亮紫,亮紫色,亮紫
93,183,96,zh,浅绿,浅绿色,浅绿
31,139,16,zh,暗绿,暗绿色,暗绿
234,87,23,zh,橙色,橙色,橙
227,204,103,zh,姜黄,姜黄色,姜黄
19,169,179,zh,青色,青色,青
181,181,193,zh,灰色,灰色,灰
243,39,230,zh,水红,水红色,水红
157,192,88,zh,淡绿,淡绿色,淡绿
96,114,52,zh,橄榄绿,橄榄绿色,橄榄绿
95,123,227,zh,蓝色,蓝色,蓝
185,146,213,zh,淡紫,淡紫色,淡紫
134,209,32,zh,亮绿,亮绿色,亮绿
115,111,164,zh,紫色,紫色,紫
162,57,165,zh,紫红,紫红色,紫红
100,161,229,zh,浅蓝,浅蓝色,浅蓝
205,236,206,zh,浅绿,浅绿色,浅绿
141,131,41,zh,橄榄绿,橄榄绿色,橄榄绿
49,98,81,zh,暗绿,暗绿色,暗绿
246,56,101,zh,红色,红色,红
96,145,170,zh,青灰,青灰色,青灰
7,41,142,zh,深蓝,深蓝色,深蓝
232,180,199,zh,粉色,粉色,粉
225,10,144,zh,水红,水红色,水红
249,207,29,zh,姜黄,姜黄色,姜黄
72,227,159,zh,亮绿,亮绿色,亮绿
223,116,173,zh,粉色,粉色,粉
172,89,109,zh,棕红,棕红色,棕红
116,227,251,zh,天蓝,天蓝色,天蓝
95,10,76,zh,紫红,紫红色,紫红
248,160,55,zh,橙黄,橙黄色,橙黄
110,106,110,zh,灰色,灰色,灰
32,6,59,zh,深蓝,深蓝色,深蓝
47,32,23,zh,黑色,黑色,黑
183,93,75,zh,棕黄,棕黄色,棕黄
50,142,109,zh,藍綠,藍綠色,蓝绿
246,157,155,zh,活珊瑚橘,活珊瑚橘色,活珊瑚橘
50,42,41,zh,深咖啡色,深咖啡色,深咖啡
113,78,249,zh,天空藍,天空藍色,天蓝
199,129,32,zh,橘,橘色,橘
21,85,8,zh,軍綠色,軍綠色,军绿
70,100,168,zh,土耳其藍,土耳其藍色,土耳其蓝
187,247,140,zh,青草綠,青草綠色,青草绿
157,25,89,zh,紫紅色,紫紅色,紫红
40,89,68,zh,深綠色,深綠色,深绿
248,225,122,zh,鵝黃色,鵝黃色,鹅黄
131,175,58,zh,黃綠色,黃綠色,黄绿
178,57,77,zh,玫紅,玫紅色,玫红
118,81,167,zh,藕色,藕色,藕
74,21,234,zh,亮藍,亮藍色,亮蓝
42,15,123,zh,深藍,深藍色,深蓝
181,118,240,zh,淺紫,淺紫色,浅紫
10,246,183,zh,青草綠,青草綠色,青草绿
36,186,85,zh,樹葉綠,樹葉綠色,树叶绿
18,53,188,zh,海藍,海藍色,海蓝
44,187,246,zh,海水淡藍,海水淡藍色,海水淡蓝
216,212,145,zh,麥,麥色,麦
89,240,253,zh,亮天空藍,亮天空藍色,亮天蓝
140,92,118,zh,桃花心木色,桃花心木色,桃花心木
161,66,156,zh,紫羅蘭,紫羅蘭色,紫罗蓝
78,66,3,zh,土綠,土綠色,土绿
229,57,228,zh,亮紫,亮紫色,亮紫
250,199,229,zh,粉,粉色,粉
251,124,170,zh,鮭魚紅,鮭魚紅色,鲑鱼红
129,240,23,zh,檸檬綠,檸檬綠色,柠檬绿
62,17,62,zh,靛色,靛色,靛
145,41,176,zh,紫,紫色,紫
114,156,182,zh,淺普魯士藍,淺普魯士藍色,浅普鲁士蓝
208,152,228,zh,淺紫,淺紫色,浅紫
18,192,151,zh,深馬卡龍綠,深馬卡龍綠色,深马卡龙绿
208,57,147,zh,深粉紅,深粉紅色,深粉红
179,92,226,zh,亮紫,亮紫色,亮紫
94,178,244,zh,浅蓝,浅蓝色,浅蓝
199,176,19,zh,姜黄,姜黄色,姜黄
166,251,6,zh,绿黄,绿黄色,黄绿
103,138,156,zh,灰绿,灰绿色,灰绿
252,35,111,zh,红色,红色,红
175,252,129,zh,亮绿,亮绿色,亮绿
226,172,87,zh,土黄,土黄色,土黄
106,40,191,zh,紫色,紫色,紫
132,119,175,zh,暗紫,暗紫色,暗紫
61,4,82,zh,深紫,深紫色,深紫
55,194,176,zh,草绿,草绿色,草绿
147,69,32,zh,棕色,棕色,棕
24,43,85,zh,深蓝,深蓝色,深蓝
120,14,48,zh,紫红,紫红色,紫红
85,66,156,zh,紫色,紫色,紫
30,115,89,zh,中绿,中绿色,中绿
175,158,115,zh,浅棕,浅棕色,浅棕
235,147,233,zh,淡粉,淡粉色,淡粉
158,113,64,zh,棕黄,棕黄色,棕黄
114,190,110,zh,草绿,草绿色,草绿
33,75,210,zh,普蓝,普蓝色,普蓝
52,84,106,zh,灰蓝,灰蓝色,灰蓝
205,39,50,zh,红色,红色,红
223,130,97,zh,棕色,棕色,棕
217,226,150,zh,绿黄,绿黄色,黄绿
200,152,203,zh,中粉,中粉色,中粉
46,177,50,zh,绿色,绿色,绿
201,215,239,zh,浅灰,浅灰色,浅灰
149,203,198,zh,灰绿,灰绿色,灰绿
152,214,36,zh,亮绿,亮绿色,亮绿
238,251,240,zh,白绿,白绿色,白绿
98,11,233,zh,蓝紫,蓝紫色,蓝紫
251,224,179,zh,黄色,黄色,黄
219,56,179,zh,水红,水红色,水红
105,246,161,zh,草绿,草绿色,草绿
162,206,222,zh,浅蓝,浅蓝色,浅蓝
233,206,119,zh,芥末黄,芥末黄色,芥末黄
52,33,88,zh,深紫,深紫色,深紫
113,157,206,zh,浅蓝,浅蓝色,浅蓝
233,133,78,zh,橙色,橙色,橙
168,195,170,zh,草绿,草绿色,草绿
34,55,60,zh,墨绿,墨绿色,墨绿
144,174,29,zh,青绿,青绿色,青绿
94,106,223,zh,蓝紫,蓝紫色,蓝紫
160,243,205,zh,蓝绿,蓝绿色,蓝绿
169,25,193,zh,紫红,紫红色,紫红
235,223,71,zh,黄色,黄色,黄
16,148,113,zh,祖母绿,祖母绿色,祖母绿
155,77,14,zh,红褐色,红褐色,红褐
45,99,126,zh,海军蓝,海军蓝色,海军蓝
213,158,24,zh,金黄,金黄色,金黄
188,167,114,zh,浅褐,浅褐色,浅褐
181,159,174,zh,浅紫,浅紫色,浅紫
109,213,73,zh,绿色,绿色,绿
149,136,114,zh,褐色,褐色,褐
9,8,133,zh,深蓝,深蓝色,深蓝
227,253,160,zh,浅绿,浅绿色,浅绿
245,135,32,zh,橙红,橙红色,橙红
229,130,235,zh,紫色,紫色,紫
225,86,74,zh,鲜红,鲜红色,鲜红
188,71,92,zh,血红,血红色,血红
44,50,25,zh,黑色,黑色,黑
26,153,79,zh,绿色,绿色,绿
210,167,231,zh,浅紫,浅紫色,浅紫
210,35,151,zh,玫红,玫红色,玫红
141,116,189,zh,浅紫,浅紫色,浅紫
56,28,31,zh,黑色,黑色,黑
48,66,238,zh,蓝色,蓝色,蓝
122,140,63,zh,军绿,军绿色,军绿
169,101,238,zh,紫色,紫色,紫
141,54,39,zh,红褐色,红褐色,红褐
215,244,187,zh,窗簾綠,窗簾綠色,窗帘绿
34,90,244,zh,亮藍色,亮藍色,亮蓝
18,63,89,zh,海軍藍,海軍藍色,海军蓝
199,220,111,zh,蘋果綠,蘋果綠色,苹果绿
188,156,103,zh,拿鐵色,拿鐵色,拿铁
22,92,211,zh,暗藍色,暗藍色,暗蓝
202,43,143,zh,紫紅色,紫紅色,紫红
72,60,248,zh,藍色,藍色,蓝
91,228,10,zh,亮綠色,亮綠色,亮绿
239,125,153,zh,桃紅色,桃紅色,桃红
182,122,235,zh,亮紫色,亮紫色,亮紫
160,58,204,zh,紫色,紫色,紫
212,59,201,zh,紫色,紫色,紫
157,61,132,zh,深紫色,深紫色,深紫
246,70,92,zh,粉色,粉色,粉
187,158,156,zh,灰色,灰色,灰
84,175,146,zh,墨绿色,墨绿色,墨绿
105,248,34,zh,青绿色,青绿色,青绿
251,161,235,zh,粉色,粉色,粉
177,87,58,zh,棕色,棕色,棕
175,173,79,zh,土黄色,土黄色,土黄
103,46,191,zh,蓝紫色,蓝紫色,蓝紫
195,114,217,zh,紫色,紫色,紫
254,177,137,zh,肉色,肉色,肉
125,43,67,zh,紫色,紫色,紫
58,63,142,zh,深蓝色,深蓝色,深蓝
37,2,6,zh,黑色,黑色,黑
73,101,241,zh,蓝色,蓝色,蓝
68,68,56,zh,墨绿,墨绿色,墨绿
161,17,234,zh,紫色,紫色,紫
196,129,65,zh,咖啡色,咖啡色,咖啡
4,156,46,zh,深绿色,深绿色,深绿
239,72,160,zh,粉色,粉色,粉
91,153,192,zh,青色,青色,青
165,146,99,zh,棕色,棕色,棕
76,206,141,zh,青绿,青绿色,青绿
101,184,37,zh,绿色,绿色,绿
7,59,93,zh,深蓝色,深蓝色,深蓝
94,29,8,zh,棕色,棕色,棕
118,112,207,zh,紫色,紫色,紫
154,30,10,zh,棕色,棕色,棕
149,102,119,zh,灰色,灰色,灰
218,145,27,zh,土黄色,土黄色,土黄
120,197,209,zh,青色,青色,青
45,105,52,zh,墨绿色,墨绿色,墨绿
222,239,218,zh,乳白,乳白色,乳白
154,181,139,zh,墨绿色,墨绿色,墨绿
254,193,228,zh,粉色,粉色,粉
68,201,14,zh,草绿色,草绿色,草绿
90,108,64,zh,军绿色,军绿色,军绿
154,80,113,zh,暗紫色,暗紫色,暗紫
81,50,3,zh,咖啡色,咖啡色,咖啡
152,163,28,zh,豆绿色,豆绿色,豆绿
20,137,236,zh,湖蓝色,湖蓝色,湖蓝
217,222,4,zh,土黄色,土黄色,土黄
4,130,71,zh,墨蓝绿色,墨蓝绿色,墨蓝绿
2,249,138,zh,亮绿色,亮绿色,亮绿
238,170,49,zh,橙色,橙色,橙
185,254,40,zh,荧光绿色,荧光绿色,荧光绿
139,212,214,zh,天蓝色,天蓝色,天蓝
77,75,243,zh,蓝色,蓝色,蓝
80,231,187,zh,绿色,绿色,绿
168,120,249,zh,紫色,紫色,紫
107,207,118,zh,绿色,绿色,绿
210,106,68,zh,橙色,橙色,橙
223,39,185,zh,玫瑰色,玫瑰色,玫瑰
125,162,206,zh,墨蓝色,墨蓝色,墨蓝
145,88,43,zh,褐色,褐色,褐
248,188,120,zh,肉色,肉色,肉
2,21,35,zh,黑色,黑色,黑
173,165,234,zh,浅紫色,浅紫色,浅紫
203,157,154,zh,粉色,粉色,粉
79,232,81,zh,绿,绿色,绿
90,164,52,zh,深绿,深绿色,深绿
28,35,50,zh,黑,黑色,黑
238,84,141,zh,粉,粉色,粉
212,45,84,zh,粉红,粉红色,粉红
130,113,60,zh,棕,棕色,棕
116,207,221,zh,蓝,蓝色,蓝
209,183,9,zh,土黄,土黄色,土黄
107,81,252,zh,深蓝,深蓝色,深蓝
150,132,14,zh,棕,棕色,棕
224,14,182,zh,深粉,深粉色,深粉
119,138,53,zh,深棕,深棕色,深棕
149,129,237,zh,紫色,紫色,紫
80,98,154,zh,藏蓝,藏蓝色,藏蓝
208,196,254,zh,浅紫,浅紫色,浅紫
131,80,32,zh,棕色,棕色,棕
49,137,108,zh,蓝绿色,蓝绿色,蓝绿
95,24,64,zh,深紫色,深紫色,深紫
144,104,115,zh,灰紫,灰紫色,灰紫
136,156,112,zh,灰绿,灰绿色,灰绿
187,185,82,zh,黄色,黄色,黄
199,166,97,zh,浅棕,浅棕色,浅棕
127,144,153,zh,石青,石青色,石青
247,82,59,zh,桃红,桃红色,桃红
127,133,14,zh,棕绿,棕绿色,棕绿
34,191,246,zh,天蓝,天蓝色,天蓝
232,76,179,zh,粉色,粉色,粉
190,106,221,zh,紫色,紫色,紫
31,198,106,zh,蓝绿,蓝绿色,蓝绿
60,84,234,zh,蓝色,蓝色,蓝
95,32,176,zh,紫色,紫色,紫
91,167,54,zh,绿色,绿色,绿
190,229,233,zh,浅蓝,浅蓝色,浅蓝
101,246,192,zh,浅蓝,浅蓝色,浅蓝
75,144,212,zh,蓝色,蓝色,蓝
24,76,71,zh,藏蓝,藏蓝色,藏蓝
150,20,234,zh,紫色,紫色,紫
54,3,196,zh,蓝色,蓝色,蓝
95,95,76,zh,灰色,灰色,灰
12,105,222,zh,蓝色,蓝色,蓝
133,34,124,zh,紫色,紫色,紫
32,68,94,zh,藏蓝,藏蓝色,藏蓝
220,69,131,zh,粉色,粉色,粉
203,65,89,zh,桃红,桃红色,桃红
42,233,251,zh,蓝色,蓝色,蓝
232,160,122,zh,肉色,肉色,肉
114,178,163,zh,灰蓝,灰蓝色,灰蓝
39,103,17,zh,海藻绿,海藻绿色,海藻绿
38,13,135,zh,靛蓝,靛蓝色,靛蓝
153,122,61,zh,土黄,土黄色,土黄
88,72,110,zh,靛紫,靛紫色,靛紫
130,70,164,zh,紫色,紫色,紫
63,250,243,zh,青蓝色,青蓝色,青蓝
81,166,85,zh,绿色,绿色,绿
197,123,226,zh,淡紫色,淡紫色,淡紫
210,249,97,zh,青黄色,青黄色,青黄
37,15,75,zh,深紫色,深紫色,深紫
228,192,56,zh,深黄色,深黄色,深黄
135,164,149,zh,蓝灰色,蓝灰色,蓝灰
151,1,240,zh,紫色,紫色,紫
92,33,131,zh,深紫色,深紫色,深紫
216,199,186,zh,米色,米色,米
5,10,44,zh,黑色,黑色,黑
249,11,72,zh,红色,红色,红
30,82,113,zh,深蓝色,深蓝色,深蓝
72,209,38,zh,亮绿色,亮绿色,亮绿
108,157,87,zh,抹茶色,抹茶色,抹茶
60,165,153,zh,蓝绿色,蓝绿色,蓝绿
188,134,243,zh,紫色,紫色,紫
135,102,95,zh,褐色,褐色,褐
234,103,70,zh,橘色,橘色,橘
59,45,201,zh,蓝色,蓝色,蓝
110,204,92,zh,绿色,绿色,绿
126,73,201,zh,紫色,紫色,紫
30,53,29,zh,深绿色,深绿色,深绿
216,45,177,zh,玫红色,玫红色,玫红
184,93,179,zh,暗紫色,暗紫色,暗紫
110,122,14,zh,鸟屎绿,鸟屎绿色,鸟屎绿
127,144,145,zh,蓝灰色,蓝灰色,蓝灰
221,252,73,zh,荧光黄,荧光黄色,荧光黄
199,251,140,zh,淡绿色,淡绿色,淡绿
115,53,95,zh,紫红色,紫红色,紫红
184,52,131,zh,梅子色,梅子色,梅子
203,131,84,zh,脏橘色,脏橘色,脏橘
19,46,88,zh,黛,黛色,黛
94,152,165,zh,蔚蓝色,蔚蓝色,蔚蓝
250,222,23,zh,鲜黄,鲜黄色,鲜黄
32,8,19,zh,黑色,黑色,黑
26,188,144,zh,绿松石绿,绿松石绿色,绿松石绿
93,166,143,zh,青瓷绿,青瓷绿色,青瓷绿
169,190,168,zh,灰绿,灰绿色,灰绿
153,210,156,zh,嫩绿色,嫩绿色,嫩绿
72,7,63,zh,紫色,紫色,紫
242,102,46,zh,橙红色,橙红色,橙红
167,165,67,zh,苔藓绿,苔藓绿色,苔藓绿
42,152,76,zh,孔雀石绿,孔雀石绿色,孔雀石绿
69,62,114,zh,墨紫色,墨紫色,墨紫
246,123,246,zh,芭比粉,芭比粉色,芭比粉
33,248,137,zh,荧光绿,荧光绿色,荧光绿
150,33,70,zh,深红色,深红色,深红
169,210,221,zh,淡蓝色,淡蓝色,淡蓝
85,143,179,zh,雾蓝色,雾蓝色,雾蓝
183,184,42,zh,鸟屎黄,鸟屎黄色,鸟屎黄
199,67,219,zh,亮紫色,亮紫色,亮紫
60,46,47,zh,深褐色,深褐色,深褐
35,108,44,zh,深绿色,深绿色,深绿
80,246,237,zh,荧光蓝,荧光蓝色,萤光蓝
200,148,18,zh,土黄色,土黄色,土黄
48,151,71,zh,绿色,绿色,绿
93,98,105,zh,灰色,灰色,灰
2,232,215,zh,亮蓝色,亮蓝色,亮蓝
107,193,78,zh,抹茶色,抹茶色,抹茶
130,59,130,zh,紫色,紫色,紫
109,141,190,zh,墨蓝,墨蓝色,墨蓝
75,53,79,zh,深紫,深紫色,深紫
162,149,93,zh,褐色,褐色,褐
37,164,132,zh,亮绿色,亮绿色,亮绿
170,26,210,zh,紫色,紫色,紫
96,138,77,zh,胆汁色,胆汁色,胆汁
101,163,128,zh,蓝绿,蓝绿色,蓝绿
45,181,4,zh,青草绿,青草绿色,青草绿
1,77,112,zh,海军蓝,海军蓝色,海军蓝
88,141,154,zh,灰蓝,灰蓝色,灰蓝
113,103,91,zh,灰棕,灰棕色,灰棕
134,67,34,zh,土色,土色,土
157,232,135,zh,鲜绿,鲜绿色,鲜绿
11,126,172,zh,蓝,蓝色,蓝
152,187,179,zh,灰绿,灰绿色,灰绿
213,91,169,zh,芭比粉,芭比粉色,芭比粉
36,250,237,zh,薄荷蓝,薄荷蓝色,薄荷蓝
148,86,245,zh,紫,紫色,紫
215,11,187,zh,骚粉,骚粉色,骚粉
46,68,4,zh,胃出血是大便的颜色,胃出血是大便的颜色,胃出血是大便的颜
150,156,157,zh,奶奶灰,奶奶灰色,奶奶灰
146,254,208,zh,翠色,翠色,翠
253,220,236,zh,粉,粉色,粉
21,90,65,zh,深墨绿,深墨绿色,深墨绿
138,23,8,zh,豆沙红,豆沙红色,豆沙红
184,13,121,zh,深粉,深粉色,深粉
175,233,45,zh,骚绿,骚绿色,骚绿
229,105,127,zh,比深粉浅一点比粉深一点,比深粉浅一点比粉深一点色,比深粉浅一点比粉深一点
248,183,61,zh,蛋黄酥色,蛋黄酥色,蛋黄酥
113,31,71,zh,新鲜豆沙色,新鲜豆沙色,新鲜豆沙
187,213,238,zh,天空蓝,天空蓝色,天蓝
122,246,6,zh,草绿,草绿色,草绿
83,97,172,zh,紫蓝,紫蓝色,蓝紫
175,153,85,zh,土灰,土灰色,土灰
19,27,162,zh,正蓝,正蓝色,正蓝
7,92,28,zh,深绿,深绿色,深绿
84,71,182,zh,蓝紫,蓝紫色,蓝紫
98,235,184,zh,薄荷绿,薄荷绿色,薄荷绿
196,233,180,zh,糖果绿,糖果绿色,糖果绿
231,151,179,zh,糖果粉,糖果粉色,糖果粉
253,159,128,zh,糖果橘,糖果橘色,糖果橘
31,234,102,zh,绿,绿色,绿
48,10,14,zh,暗红,暗红色,暗红
17,62,122,zh,炒鸡深蓝,炒鸡深蓝色,炒鸡深蓝
142,96,53,zh,咖啡色,咖啡色,咖啡
73,81,191,zh,紫蓝,紫蓝色,蓝紫
202,93,56,zh,淡橙,淡橙色,淡橙
181,7,45,zh,深红带点粉,深红带点粉色,深红带点粉
150,162,246,zh,紫罗兰色,紫罗兰色,紫罗蓝
201,129,131,zh,暗粉,暗粉色,暗粉
244,247,138,zh,亮黄,亮黄色,亮黄
40,20,71,zh,暗蓝,暗蓝色,暗蓝
173,253,142,zh,翠绿,翠绿色,翠绿
134,180,143,zh,没有生机的绿,没有生机的绿色,没有生机的绿
229,135,240,zh,浅紫,浅紫色,浅紫
54,148,240,zh,灰蓝,灰蓝色,灰蓝
13,2,8,zh,黑,黑色,黑
196,47,74,zh,苹果红,苹果红色,苹果红
119,51,68,zh,红棕,红棕色,红棕
224,69,220,zh,艳紫,艳紫色,艳紫
72,46,8,zh,深绿棕,深绿棕色,深绿棕
148,137,199,zh,糖果紫,糖果紫色,糖果紫
242,31,20,zh,鲜红,鲜红色,鲜红
124,169,71,zh,土绿,土绿色,土绿
11,52,108,zh,深蓝,深蓝色,深蓝
227,40,147,zh,深粉,深粉色,深粉
131,180,27,zh,浅绿色,浅绿色,浅绿
80,29,137,zh,紫色,紫色,紫
221,212,197,zh,米白色,米白色,米白
20,26,46,zh,黑色,黑色,黑
19,18,243,zh,深蓝色,深蓝色,深蓝
96,132,20,zh,深绿色,深绿色,深绿
35,169,73,zh,正绿色,正绿色,正绿
29,104,156,zh,灰蓝色,灰蓝色,灰蓝
195,98,81,zh,豆沙色,豆沙色,豆沙
232,192,130,zh,米黄色,米黄色,米黄
139,211,194,zh,青蓝色,青蓝色,青蓝
172,111,34,zh,褐色,褐色,褐
204,166,232,zh,薰衣草紫,薰衣草紫色,薰衣草紫
54,93,173,zh,藏蓝色,藏蓝色,藏蓝
3,218,176,zh,宝蓝色,宝蓝色,宝蓝
133,95,66,zh,深褐色,深褐色,深褐
45,225,127,zh,灰绿色,灰绿色,灰绿
37,48,12,zh,暗褐色,暗褐色,暗褐
31,239,12,zh,正绿色,正绿色,正绿
206,250,85,zh,荧光绿,荧光绿色,荧光绿
126,190,127,zh,灰绿色,灰绿色,灰绿
227,109,245,zh,紫红色,紫红色,紫红
242,113,169,zh,粉色,粉色,粉
11,56,53,zh,墨绿色,墨绿色,墨绿
206,50,81,zh,暗红色,暗红色,暗红
23,180,240,zh,天蓝色,天蓝色,天蓝
59,145,122,zh,灰绿色,灰绿色,灰绿
85,96,56,zh,深绿,深绿色,深绿
242,171,176,zh,桃粉色,桃粉色,桃粉
191,66,148,zh,紫红色,紫红色,紫红
123,85,133,zh,灰紫色,灰紫色,灰紫
129,115,245,zh,紫蓝色,紫蓝色,蓝紫
93,218,239,zh,正青色,正青色,正青
95,216,42,zh,绿色,绿色,绿
209,113,3,zh,浅褐色,浅褐色,浅褐
172,52,208,zh,深紫色,深紫色,深紫
30,166,208,zh,湖蓝色,湖蓝色,湖蓝
227,69,81,zh,水红色,水红色,水红
159,65,161,zh,紫色,紫色,紫
163,124,115,zh,浅啡色,浅啡色,浅啡
42,245,151,zh,亮绿色,亮绿色,亮绿
86,104,240,zh,雾霾蓝,雾霾蓝色,雾霾蓝
239,28,223,zh,亮紫色,亮紫色,亮紫
42,130,232,zh,蓝色,蓝色,蓝
249,119,28,zh,橙色,橙色,橙
19,64,66,zh,深绿色,深绿色,深绿
152,122,37,zh,土黄色,土黄色,土黄
231,138,119,zh,深肉色,深肉色,深肉
98,123,121,zh,灰绿色,灰绿色,灰绿
130,60,111,zh,紫色,紫色,紫
201,37,167,zh,亮紫色,亮紫色,亮紫
187,171,41,zh,土黄色,土黄色,土黄
20,167,121,zh,蓝绿色,蓝绿色,蓝绿
97,14,23,zh,深玫红色,深玫红色,深玫红
145,142,184,zh,淡紫色,淡紫色,淡紫
18,97,27,zh,深绿色,深绿色,深绿
165,17,62,zh,玫红色,玫红色,玫红
118,129,54,zh,灰绿色,灰绿色,灰绿
69,31,255,zh,青色,青色,青
57,213,73,zh,草绿色,草绿色,草绿
95,254,216,zh,粉绿色,粉绿色,粉绿
35,7,15,zh,黑色,黑色,黑
82,58,48,zh,深棕色,深棕色,深棕
105,161,74,zh,草绿色,草绿色,草绿
229,68,42,zh,西瓜红,西瓜红色,西瓜红
51,148,15,zh,草绿色,草绿色,草绿
185,71,249,zh,紫色,紫色,紫
173,64,45,zh,砖红色,砖红色,砖红
132,189,159,zh,浅粉绿,浅粉绿色,浅粉绿
20,89,144,zh,湖蓝色,湖蓝色,湖蓝
52,64,22,zh,棕绿色,棕绿色,棕绿
108,70,247,zh,紫色,紫色,紫
245,237,13,zh,黄,黄色,黄
55,164,147,zh,湖水绿,湖水绿色,湖水绿
106,117,207,zh,淡紫,淡紫色,淡紫
122,77,63,zh,深棕色,深棕色,深棕
136,244,104,zh,淡绿,淡绿色,淡绿
57,150,77,zh,草绿,草绿色,草绿
67,168,37,zh,深绿,深绿色,深绿
223,206,127,zh,卡其色,卡其色,卡其
224,166,100,zh,淡棕色,淡棕色,淡棕
244,79,13,zh,红色,红色,红
219,24,175,zh,紫红色,紫红色,紫红
62,56,134,zh,深紫蓝,深紫蓝色,深蓝紫
226,204,199,zh,皮肤色,皮肤色,皮肤
109,121,83,zh,绿灰色,绿灰色,绿灰
84,100,224,zh,蓝紫色,蓝紫色,蓝紫
50,213,120,zh,浅草绿,浅草绿色,浅草绿
80,190,237,zh,湖水蓝,湖水蓝色,湖水蓝
152,79,20,zh,棕色,棕色,棕
64,54,250,zh,蓝色,蓝色,蓝
248,116,96,zh,橙色,橙色,橙
174,85,84,zh,淡紫红,淡紫红色,淡紫红
11,252,12,zh,荧绿色,荧绿色,荧绿
31,100,8,zh,深绿色,深绿色,深绿
92,235,201,zh,青蓝色,青蓝色,青蓝
7,20,41,zh,黑紫,黑紫色,黑紫
232,133,147,zh,粉色,粉色,粉
189,13,26,zh,大红,大红色,大红
156,192,165,zh,薄荷绿,薄荷绿色,薄荷绿
240,125,44,zh,橙色,橙色,橙
183,94,207,zh,淡紫,淡紫色,淡紫
79,13,48,zh,紫黑,紫黑色,紫黑
210,189,56,zh,土黄,土黄色,土黄
233,46,115,zh,玫红,玫红色,玫红
142,10,97,zh,紫红,紫红色,紫红
115,132,52,zh,油绿,油绿色,油绿
102,35,167,zh,深紫,深紫色,深紫
27,59,9,zh,黑色,黑色,黑
213,251,90,zh,黃,黃色,黄
167,37,175,zh,紫,紫色,紫
85,8,232,zh,藍,藍色,蓝
154,224,129,zh,綠,綠色,绿
87,252,249,zh,淺藍,淺藍色,浅蓝
114,133,201,zh,淺紫,淺紫色,浅紫
59,20,107,zh,深藍,深藍色,深蓝
156,128,137,zh,綠,綠色,绿
31,226,49,zh,橘,橘色,橘
60,180,28,zh,紅,紅色,红
216,253,231,zh,米白,米白色,米白
218,112,64,zh,橘,橘色,橘
238,145,130,zh,淺紅,淺紅色,浅红
45,109,106,zh,紫,紫色,紫
185,178,217,zh,藍綠,藍綠色,蓝绿
52,35,52,zh,黑色,黑色,黑
68,201,150,zh,淺綠,淺綠色,浅绿
73,73,137,zh,藍色,藍色,蓝
53,184,91,zh,綠,綠色,绿
229,227,0,zh,黃,黃色,黄
31,249,127,zh,淺綠,淺綠色,浅绿
123,78,119,zh,深紫色,深紫色,深紫
12,191,223,zh,淺藍,淺藍色,浅蓝
53,6,14,zh,黑色,黑色,黑
127,156,175,zh,灰色,灰色,灰
219,19,243,zh,藍色,藍色,蓝
127,29,99,zh,紫紅,紫紅色,紫红
232,67,70,zh,橘紅,橘紅色,橘红
247,131,3,zh,橘色,橘色,橘
170,109,60,zh,咖啡紅,咖啡紅色,咖啡红
208,99,243,zh,淺紫色,淺紫色,浅紫
71,248,5,zh,亮綠,亮綠色,亮绿
232,137,179,zh,粉紅,粉紅色,粉红
224,64,158,zh,桃紅,桃紅色,桃红
196,73,124,zh,深桃紅,深桃紅色,深桃红
125,156,117,zh,軍綠,軍綠色,军绿
107,201,144,zh,湖綠,湖綠色,湖绿
10,30,39,zh,黑,黑色,黑
188,250,182,zh,淺綠,淺綠色,浅绿
214,119,201,zh,紫紅,紫紅色,紫红
245,42,223,zh,粉紫紅,粉紫紅色,粉紫红
37,247,221,zh,藍綠,藍綠色,蓝绿
223,155,161,zh,粉紅,粉紅色,粉红
13,109,71,zh,深綠,深綠色,深绿
67,186,17,zh,綠,綠色,绿
239,130,54,zh,橘,橘色,橘
62,82,42,zh,超深綠,超深綠色,超深绿
133,226,124,zh,淺綠,淺綠色,浅绿
96,61,179,zh,紫藍,紫藍色,蓝紫
162,146,4,zh,褐色,褐色,褐
116,15,9,zh,咖啡,咖啡色,咖啡
189,226,214,zh,淺藍綠,淺藍綠色,浅蓝绿
101,60,76,zh,深咖啡,深咖啡色,深咖啡
181,144,251,zh,淺紫,淺紫色,浅紫
180,178,118,zh,褐色,褐色,褐
199,50,77,zh,紅色,紅色,红
177,149,191,zh,淺紫,淺紫色,浅紫
29,133,163,zh,深藍綠,深藍綠色,深蓝绿
81,17,93,zh,深紫,深紫色,深紫
138,117,121,zh,淺咖啡,淺咖啡色,浅咖啡
203,251,96,zh,亮黃綠,亮黃綠色,亮黄绿
248,187,27,zh,亮橘,亮橘色,亮橘
67,116,113,zh,深綠,深綠色,深绿
89,71,53,zh,咖啡,咖啡色,咖啡
114,152,70,zh,綠,綠色,绿
121,157,3,zh,草綠,草綠色,草绿
169,43,110,zh,深紫色,深紫色,深紫
31,171,9,zh,綠色,綠色,绿
248,99,186,zh,粉紅色,粉紅色,粉红
152,159,13,zh,葉綠色,葉綠色,叶绿
122,121,67,zh,深灰色,深灰色,深灰
183,122,66,zh,棕色,棕色,棕
77,128,22,zh,棕綠色,棕綠色,棕绿
183,150,142,zh,粉灰色,粉灰色,粉灰
55,135,132,zh,靛色,靛色,靛
205,69,240,zh,紫色,紫色,紫
113,85,128,zh,藍紫色,藍紫色,蓝紫
31,153,54,zh,深綠色,深綠色,深绿
5,183,138,zh,灰綠色,灰綠色,灰绿
34,210,220,zh,亮藍色,亮藍色,亮蓝
11,123,70,zh,深綠色,深綠色,深绿
14,55,141,zh,寶藍色,寶藍色,宝蓝
181,254,125,zh,淡綠色,淡綠色,淡绿
88,30,202,zh,藍紫色,藍紫色,蓝紫
134,253,93,zh,淺綠色,淺綠色,浅绿
89,98,237,zh,淡藍色,淡藍色,淡蓝
223,225,81,zh,淡黃色,淡黃色,淡黄
140,144,209,zh,灰藍色,灰藍色,灰蓝
230,90,131,zh,紛紅色,紛紅色,纷红
126,58,69,zh,紅棕色,紅棕色,红棕
48,22,148,zh,寶藍色,寶藍色,宝蓝
218,106,17,zh,橘色,橘色,橘
32,62,115,zh,深藍色,深藍色,深蓝
219,157,239,zh,淺紫色,淺紫色,浅紫
175,177,97,zh,棕灰色,棕灰色,棕灰
162,252,184,zh,淺綠色,淺綠色,浅绿
146,58,26,zh,橘棕色,橘棕色,橘棕
104,150,113,zh,灰綠色,灰綠色,灰绿
221,228,202,zh,淺灰色,淺灰色,浅灰
70,103,192,zh,灰藍色,灰藍色,灰蓝
4,52,41,zh,深綠色,深綠色,深绿
154,19,106,zh,紅紫色,紅紫色,紫红
179,189,162,zh,濁灰色,濁灰色,浊灰
210,170,121,zh,淺棕色,淺棕色,浅棕
67,45,2,zh,咖啡色,咖啡色,咖啡
17,235,23,zh,鮮綠色,鮮綠色,鲜绿
4,175,146,zh,綠藍色,綠藍色,绿蓝
38,112,134,zh,靛色,靛色,靛
13,163,198,zh,明藍色,明藍色,明蓝
4,115,73,zh,深綠色,深綠色,深绿
181,228,37,zh,淺綠色,淺綠色,浅绿
224,83,125,zh,強粉色,強粉色,强粉
107,151,238,zh,強藍色,強藍色,强蓝
113,98,53,zh,深褐色,深褐色,深褐
239,53,15,zh,鮮紅色,鮮紅色,鲜红
82,124,32,zh,深綠色,深綠色,深绿
140,126,157,zh,灰藍色,灰藍色,灰蓝
145,216,250,zh,天空藍,天空藍色,天蓝
26,169,50,zh,鮮綠色,鮮綠色,鲜绿
244,225,144,zh,柔黃色,柔黃色,柔黄
53,0,31,zh,紫紅色,紫紅色,紫红
246,120,81,zh,橘紅色,橘紅色,橘红
70,89,255,zh,強藍色,強藍色,强蓝
140,132,32,zh,墨綠色,墨綠色,墨绿
105,233,230,zh,明藍色,明藍色,明蓝
147,42,21,zh,紅棕色,紅棕色,红棕
129,39,211,zh,鮮紫色,鮮紫色,鲜紫
220,7,54,zh,明紅色,明紅色,明红
176,137,243,zh,淺紫色,淺紫色,浅紫
146,96,79,zh,棕色,棕色,棕
210,152,183,zh,濁粉紅,濁粉紅色,浊粉红
155,228,128,zh,明綠色,明綠色,明绿
240,119,182,zh,明粉色,明粉色,明粉
89,246,194,zh,鮮綠色,鮮綠色,鲜绿
97,73,93,zh,濁紫色,濁紫色,浊紫
248,41,110,zh,鮮粉色,鮮粉色,鲜粉
32,97,202,zh,強藍色,強藍色,强蓝
48,192,213,zh,土耳其藍,土耳其藍色,土耳其蓝
1,108,21,zh,墨綠,墨綠色,墨绿
219,222,181,zh,卡其,卡其色,卡其
172,64,146,zh,醬紫,醬紫色,酱紫
118,132,118,zh,軍灰,軍灰色,军灰
155,60,36,zh,磚紅,磚紅色,砖红
217,69,218,zh,粉紫,粉紫色,粉紫
19,232,103,zh,亮綠,亮綠色,亮绿
62,115,245,zh,藍,藍色,蓝
124,95,39,zh,棕,棕色,棕
91,160,140,zh,灰綠,灰綠色,灰绿
84,211,164,zh,嫩綠,嫩綠色,嫩绿
172,144,107,zh,深卡其,深卡其色,深卡其
227,155,227,zh,淺粉紫,淺粉紫色,浅粉紫
250,212,110,zh,銘黃,銘黃色,铭黄
38,98,168,zh,深藍,深藍色,深蓝
67,139,86,zh,軍綠,軍綠色,军绿
137,148,69,zh,芥末綠,芥末綠色,芥末绿
188,108,104,zh,栗子,栗子色,栗子
44,181,250,zh,普魯士藍,普魯士藍色,普鲁士蓝
24,3,184,zh,寶藍,寶藍色,宝蓝
84,138,179,zh,灰藍,灰藍色,灰蓝
161,209,208,zh,淺土耳其藍,淺土耳其藍色,浅土耳其蓝
250,138,55,zh,亮橙,亮橙色,亮橙
135,19,240,zh,靛,靛色,靛
128,109,124,zh,紫灰,紫灰色,紫灰
25,43,85,zh,海軍藍,海軍藍色,海军蓝
49,6,68,zh,黑紫,黑紫色,黑紫
42,52,49,zh,灰黑,灰黑色,灰黑
0,63,163,zh,深藍,深藍色,深蓝
239,239,82,zh,亮黃,亮黃色,亮黄
245,167,97,zh,淺橘,淺橘色,浅橘
89,5,5,zh,深棕,深棕色,深棕
236,186,206,zh,淺粉,淺粉色,浅粉
182,188,55,zh,芥末黃,芥末黃色,芥末黄
118,57,185,zh,紫,紫色,紫
160,83,238,zh,紫色,紫色,紫
208,140,177,zh,粉紫色,粉紫色,粉紫
234,79,155,zh,粉紅色,粉紅色,粉红
37,114,228,zh,靛藍色,靛藍色,靛蓝
17,159,188,zh,青色,青色,青
55,149,92,zh,淺綠色,淺綠色,浅绿
106,33,233,zh,藍紫色,藍紫色,蓝紫
208,2,98,zh,桃紅色,桃紅色,桃红
1,33,19,zh,深綠色,深綠色,深绿
166,75,148,zh,深紫色,深紫色,深紫
27,0,148,zh,深藍色,深藍色,深蓝
149,222,105,zh,淺綠,淺綠色,浅绿
8,231,55,zh,螢光綠,螢光綠色,荧光绿
240,156,141,zh,粉紅,粉紅色,粉红
221,242,179,zh,淺綠,淺綠色,浅绿
20,187,128,zh,淺綠,淺綠色,浅绿
201,64,96,zh,洋紅,洋紅色,洋红
52,124,132,zh,青灰,青灰色,青灰
48,23,110,zh,紫,紫色,紫
32,132,51,zh,綠,綠色,绿
98,138,236,zh,青,青色,青
196,127,185,zh,粉紅紫,粉紅紫色,粉紫红
78,176,231,zh,青,青色,青
150,102,91,zh,棕,棕色,棕
223,220,250,zh,淡紫,淡紫色,淡紫
178,136,15,zh,土,土色,土
157,105,44,zh,淺棕,淺棕色,浅棕
89,208,186,zh,淡青,淡青色,淡青
108,248,189,zh,淡綠,淡綠色,淡绿
76,100,233,zh,藍,藍色,蓝
191,177,74,zh,橄欖,橄欖色,橄榄
159,12,91,zh,紫紅,紫紅色,紫红
102,96,116,zh,灰,灰色,灰
254,37,32,zh,橙紅,橙紅色,橙红
122,162,143,zh,灰綠,灰綠色,灰绿
201,186,166,zh,淺土,淺土色,浅土
198,90,229,zh,紫,紫色,紫
235,102,81,zh,橙,橙色,橙
221,12,205,zh,鮮紫,鮮紫色,鲜紫
181,243,243,zh,淡青,淡青色,淡青
67,224,99,zh,綠,綠色,绿
183,157,100,zh,土,土色,土
80,173,29,zh,綠,綠色,绿
127,52,126,zh,紫,紫色,紫
149,52,58,zh,暗紅,暗紅色,暗红
72,74,6,zh,墨綠,墨綠色,墨绿
38,7,10,zh,黑,黑色,黑
16,53,48,zh,墨綠,墨綠色,墨绿
15,136,235,zh,藍,藍色,蓝
119,212,112,zh,綠,綠色,绿
216,77,148,zh,粉,粉色,粉
149,235,68,zh,青綠,青綠色,青绿
187,8,30,zh,紅,紅色,红
73,133,164,zh,藍綠,藍綠色,蓝绿
88,16,17,zh,咖啡,咖啡色,咖啡
226,238,197,zh,淡綠,淡綠色,淡绿
184,70,64,zh,土橘紅,土橘紅色,土橘红
77,16,60,zh,深紫,深紫色,深紫
220,222,121,zh,綠,綠色,绿
48,85,225,zh,藍,藍色,蓝
79,36,197,zh,紫藍,紫藍色,蓝紫
86,160,156,zh,綠,綠色,绿
146,22,146,zh,粉紫,粉紫色,粉紫
69,249,208,zh,亮綠,亮綠色,亮绿
63,21,91,zh,深紫,深紫色,深紫
76,125,3,zh,草綠,草綠色,草绿
156,180,23,zh,土綠,土綠色,土绿
97,50,13,zh,咖啡,咖啡色,咖啡
136,188,117,zh,黃藍綠,黃藍綠色,黄蓝绿
47,230,148,zh,螢光綠,螢光綠色,荧光绿
48,19,20,zh,深咖啡,深咖啡色,深咖啡
243,51,5,zh,鮮紅,鮮紅色,鲜红
204,148,234,zh,淺紫,淺紫色,浅紫
136,131,183,zh,灰紫,灰紫色,灰紫
213,252,72,zh,螢光綠,螢光綠色,荧光绿
224,192,139,zh,奶茶色,奶茶色,奶茶
128,98,31,zh,土咖啡,土咖啡色,土咖啡
103,226,227,zh,螢光藍,螢光藍色,萤光蓝
164,114,110,zh,藕紫,藕紫色,藕紫
204,11,183,zh,粉紫,粉紫色,粉紫
42,189,225,zh,藍,藍色,蓝
194,234,243,zh,淺藍,淺藍色,浅蓝
250,131,240,zh,芭比粉,芭比粉色,芭比粉
199,63,127,zh,桃紅,桃紅色,桃红
103,200,232,zh,天藍,天藍色,天蓝
107,62,57,zh,深咖色,深咖色,深咖
54,158,46,zh,草綠,草綠色,草绿
202,169,181,zh,藕粉,藕粉色,藕粉
103,137,152,zh,灰綠,灰綠色,灰绿
52,27,219,zh,靛藍,靛藍色,靛蓝
202,193,250,zh,粉紫,粉紫色,粉紫
19,43,158,zh,夜色藍,夜色藍色,夜色蓝
122,84,29,zh,褐色,褐色,褐
64,96,188,zh,牛仔藍,牛仔藍色,牛仔蓝
203,242,29,zh,螢光綠,螢光綠色,荧光绿
242,235,224,zh,棕灰色,棕灰色,棕灰
209,63,255,zh,螢紫色,螢紫色,萤紫
19,163,13,zh,綠色,綠色,绿
133,84,164,zh,紫色,紫色,紫
142,215,78,zh,青綠,青綠色,青绿
115,251,241,zh,天空藍,天空藍色,天蓝
70,89,22,zh,墨綠,墨綠色,墨绿
173,159,50,zh,黃綠,黃綠色,黄绿
42,217,169,zh,蒂芬尼藍,蒂芬尼藍色,蒂芬尼蓝
81,143,20,zh,草綠,草綠色,草绿
192,176,205,zh,薰衣草紫,薰衣草紫色,薰衣草紫
96,65,38,zh,咖啡色,咖啡色,咖啡
158,152,143,zh,灰,灰色,灰
216,249,117,zh,螢光黃,螢光黃色,荧光黄
176,83,132,zh,暗紫,暗紫色,暗紫
91,150,249,zh,藍紫色,藍紫色,蓝紫
213,58,62,zh,宏,宏色,宏
90,86,83,zh,深灰,深灰色,深灰
196,229,155,zh,淺黃綠,淺黃綠色,浅黄绿
11,3,192,zh,深藍,深藍色,深蓝
109,47,197,zh,深紫,深紫色,深紫
45,167,211,zh,天藍,天藍色,天蓝
248,134,237,zh,粉,粉色,粉
12,51,129,zh,灰藍,灰藍色,灰蓝
176,151,110,zh,駝褐,駝褐色,驼褐
244,149,32,zh,橙,橙色,橙
199,158,2,zh,土紅,土紅色,土红
169,191,66,zh,苔綠,苔綠色,苔绿
194,77,59,zh,磚紅,磚紅色,砖红
22,220,35,zh,亮綠,亮綠色,亮绿
26,79,106,zh,深藍綠,深藍綠色,深蓝绿
204,125,217,zh,淺紫,淺紫色,浅紫
220,225,149,zh,淺土黃,淺土黃色,浅土黄
56,192,143,zh,淡綠,淡綠色,淡绿
153,35,195,zh,豔紫,豔紫色,艳紫
241,251,224,zh,淺綠,淺綠色,浅绿
168,84,75,zh,咖啡,咖啡色,咖啡
65,246,105,zh,綠,綠色,绿
219,54,143,zh,紫色,紫色,紫
48,245,238,zh,青藍,青藍色,青蓝
201,160,59,zh,土色,土色,土
178,158,131,zh,棕色,棕色,棕
248,68,105,zh,桃紅,桃紅色,桃红
98,97,187,zh,藍,藍色,蓝
194,205,41,zh,青綠,青綠色,青绿
35,44,102,zh,深藍,深藍色,深蓝
110,49,248,zh,靛,靛色,靛
101,152,212,zh,天空藍,天空藍色,天蓝
19,17,28,zh,純黑,純黑色,纯黑
103,244,141,zh,亮綠,亮綠色,亮绿
45,92,150,zh,深海藍,深海藍色,深海蓝
159,145,241,zh,藍紫,藍紫色,蓝紫
162,237,234,zh,淺藍,淺藍色,浅蓝
239,172,228,zh,粉,粉色,粉
90,173,163,zh,藍綠,藍綠色,蓝绿
100,27,133,zh,葡萄紫,葡萄紫色,葡萄紫
154,96,240,zh,亮紫,亮紫色,亮紫
113,8,91,zh,紫紅,紫紅色,紫红
168,154,73,zh,深土黃,深土黃色,深土黄
60,115,16,zh,深苔綠,深苔綠色,深苔绿
69,217,112,zh,青綠,青綠色,青绿
166,123,147,zh,灰紫,灰紫色,灰紫
6,47,90,zh,墨藍,墨藍色,墨蓝
189,131,3,zh,土黃,土黃色,土黄
93,138,86,zh,草綠,草綠色,草绿
189,204,16,zh,青綠,青綠色,青绿
241,163,197,zh,淺粉,淺粉色,浅粉
139,0,122,zh,紫,紫色,紫
38,115,129,zh,藍綠,藍綠色,蓝绿
142,6,82,zh,紫紅,紫紅色,紫红
4,94,69,zh,深綠,深綠色,深绿
63,34,144,zh,深紫,深紫色,深紫
61,212,253,zh,湛藍,湛藍色,湛蓝
140,181,199,zh,天空藍,天空藍色,天蓝
122,195,50,zh,青綠,青綠色,青绿
81,74,29,zh,深棕色,深棕色,深棕
237,167,18,zh,橘色,橘色,橘
72,2,91,zh,深紫色,深紫色,深紫
149,82,114,zh,藕色,藕色,藕
218,110,246,zh,紫色,紫色,紫
216,54,188,zh,桃紅,桃紅色,桃红
158,243,12,zh,螢光綠,螢光綠色,荧光绿
129,220,180,zh,青綠,青綠色,青绿
64,148,75,zh,綠色,綠色,绿
106,14,81,zh,深紫色,深紫色,深紫
55,238,167,zh,亮綠色,亮綠色,亮绿
244,140,161,zh,粉紅色,粉紅色,粉红
207,104,190,zh,藕色,藕色,藕
211,75,66,zh,橘色,橘色,橘
212,73,254,zh,亮紫色,亮紫色,亮紫
221,254,130,zh,螢光綠,螢光綠色,荧光绿
193,49,94,zh,桃色,桃色,桃
72,95,250,zh,藍色,藍色,蓝
143,159,31,zh,棕綠色,棕綠色,棕绿
187,216,155,zh,草底綠,草底綠色,草底绿
43,128,1,zh,綠色,綠色,绿
33,165,76,zh,綠,綠色,绿
199,61,94,zh,桃紅,桃紅色,桃红
21,124,91,zh,深綠,深綠色,深绿
216,152,125,zh,淺棕,淺棕色,浅棕
170,66,205,zh,紫,紫色,紫
195,123,241,zh,淺紫,淺紫色,浅紫
68,224,42,zh,亮綠,亮綠色,亮绿
99,116,108,zh,橄欖綠,橄欖綠色,橄榄绿
108,73,23,zh,咖啡,咖啡色,咖啡
239,241,163,zh,淡黃,淡黃色,淡黄
170,224,159,zh,淺綠,淺綠色,浅绿
196,187,211,zh,淡紫,淡紫色,淡紫
107,105,86,zh,軍綠,軍綠色,军绿
171,119,97,zh,褐,褐色,褐
228,184,63,zh,芥末黃,芥末黃色,芥末黄
151,224,65,zh,草地綠,草地綠色,草地绿
84,134,243,zh,水藍,水藍色,水蓝
249,56,237,zh,桃紅,桃紅色,桃红
181,234,142,zh,青綠,青綠色,青绿
131,22,102,zh,酒紅,酒紅色,酒红
225,160,185,zh,粉紅,粉紅色,粉红
23,27,136,zh,深藍,深藍色,深蓝
207,26,93,zh,洋紅,洋紅色,洋红
191,188,186,zh,淺灰,淺灰色,浅灰
63,163,242,zh,藍,藍色,蓝
132,250,83,zh,綠,綠色,绿
93,165,75,zh,綠,綠色,绿
34,252,21,zh,綠,綠色,绿
159,167,219,zh,紫,紫色,紫
177,32,83,zh,紫紅,紫紅色,紫红
14,102,0,zh,綠,綠色,绿
144,107,209,zh,紫,紫色,紫
100,80,79,zh,咖啡色,咖啡色,咖啡
182,203,60,zh,黃綠,黃綠色,黄绿
12,109,149,zh,藍,藍色,蓝
172,36,216,zh,紫,紫色,紫
124,67,156,zh,紫,紫色,紫
117,123,173,zh,暗藍紫,暗藍紫色,暗蓝紫
88,160,158,zh,藍綠,藍綠色,蓝绿
104,169,113,zh,暗綠,暗綠色,暗绿
123,81,97,zh,紅棕,紅棕色,红棕
79,145,20,zh,綠,綠色,绿
154,131,81,zh,棕,棕色,棕
211,227,206,zh,淺綠,淺綠色,浅绿
3,28,47,zh,黑,黑色,黑
55,32,121,zh,靛,靛色,靛
40,244,223,zh,螢光藍,螢光藍色,萤光蓝
88,39,230,zh,藍紫,藍紫色,蓝紫
241,189,188,zh,粉紅,粉紅色,粉红
121,150,160,zh,藍,藍色,蓝
89,72,27,zh,咖啡,咖啡色,咖啡
238,51,47,zh,紅,紅色,红
199,24,165,zh,桃紅,桃紅色,桃红
79,196,50,zh,綠,綠色,绿
162,159,95,zh,綠,綠色,绿
212,105,174,zh,粉紅,粉紅色,粉红
89,202,209,zh,藍,藍色,蓝
149,78,17,zh,咖啡,咖啡色,咖啡
182,160,39,zh,黃,黃色,黄
38,122,224,zh,藍,藍色,蓝
188,95,183,zh,粉紫,粉紫色,粉紫
101,153,78,zh,橄欖綠,橄欖綠色,橄榄绿
11,155,90,zh,青蛙綠,青蛙綠色,青蛙绿
236,10,136,zh,桃紅,桃紅色,桃红
65,42,54,zh,深褐,深褐色,深褐
117,170,172,zh,藍灰,藍灰色,蓝灰
21,166,201,zh,青,青色,青
230,99,48,zh,橘,橘色,橘
32,92,75,zh,深林綠,深林綠色,深林绿
71,73,120,zh,藍紫,藍紫色,蓝紫
6,142,15,zh,綠,綠色,绿
37,203,190,zh,湖水綠,湖水綠色,湖水绿
231,131,10,zh,黃,黃色,黄
124,47,60,zh,咖啡,咖啡色,咖啡
51,181,157,zh,藍綠,藍綠色,蓝绿
67,50,205,zh,藍,藍色,蓝
241,32,224,zh,洋紅,洋紅色,洋红
135,243,134,zh,綠,綠色,绿
13,9,136,zh,深藍,深藍色,深蓝
18,19,107,zh,靛,靛色,靛
14,199,126,zh,綠,綠色,绿
7,106,110,zh,綠,綠色,绿
142,29,138,zh,紫紅,紫紅色,紫红
237,146,83,zh,橘,橘色,橘
222,245,3,zh,黃綠,黃綠色,黄绿
194,44,137,zh,紫紅,紫紅色,紫红
187,10,41,zh,紅,紅色,红
80,109,54,zh,深綠,深綠色,深绿
177,96,138,zh,紫,紫色,紫
253,204,198,zh,淺粉,淺粉色,浅粉
68,13,40,zh,暗褐,暗褐色,暗褐
9,188,250,zh,藍,藍色,蓝
164,181,77,zh,綠黃,綠黃色,黄绿
222,190,38,zh,銘黃,銘黃色,铭黄
235,190,245,zh,淺紫,淺紫色,浅紫
117,3,77,zh,暗紅,暗紅色,暗红
115,141,191,zh,薰衣草藍,薰衣草藍色,薰衣草蓝
180,195,140,zh,淺,淺色,浅
216,243,244,zh,寶寶藍,寶寶藍色,宝宝蓝
75,109,2,zh,橄欖綠,橄欖綠色,橄榄绿
19,58,211,zh,寶藍色,寶藍色,宝蓝
17,56,60,zh,靛,靛色,靛
233,144,138,zh,珊瑚粉,珊瑚粉色,珊瑚粉
153,97,233,zh,淺紫,淺紫色,浅紫
168,111,47,zh,咖啡色,咖啡色,咖啡
11,81,191,zh,藍,藍色,蓝
119,128,75,zh,軍綠,軍綠色,军绿
75,252,121,zh,青綠,青綠色,青绿
166,218,80,zh,黃綠色,黃綠色,黄绿
58,92,15,zh,墨綠,墨綠色,墨绿
139,111,185,zh,薰衣草紫,薰衣草紫色,薰衣草紫
89,220,223,zh,水藍,水藍色,水蓝
159,60,56,zh,酒紅,酒紅色,酒红
83,233,112,zh,螢光綠,螢光綠色,荧光绿
49,35,26,zh,黑嘿,黑嘿色,黑嘿
206,171,166,zh,粉膚色,粉膚色,粉肤
16,6,74,zh,藍黑,藍黑色,蓝黑
67,51,129,zh,紫,紫色,紫
227,184,219,zh,粉,粉色,粉
109,169,154,zh,藍綠,藍綠色,蓝绿
112,243,1,zh,黃綠,黃綠色,黄绿
244,219,17,zh,芥末黃,芥末黃色,芥末黄
131,51,141,zh,葡萄紫,葡萄紫色,葡萄紫
84,87,247,zh,藍紫,藍紫色,蓝紫
14,38,57,zh,墨綠,墨綠色,墨绿
49,139,167,zh,湖水藍,湖水藍色,湖水蓝
84,136,92,zh,草綠,草綠色,草绿
161,245,216,zh,粉藍色,粉藍色,粉蓝
237,134,3,zh,橘,橘色,橘
237,92,175,zh,螢光粉,螢光粉色,荧光粉
8,175,117,zh,湖水綠,湖水綠色,湖水绿
153,162,83,zh,土綠,土綠色,土绿
227,223,140,zh,蜂蜜芥末黃,蜂蜜芥末黃色,蜂蜜芥末黄
59,3,244,zh,鮮紫,鮮紫色,鲜紫
61,18,51,zh,深棕,深棕色,深棕
173,80,227,zh,粉紫,粉紫色,粉紫
227,47,195,zh,桃紅,桃紅色,桃红
126,109,55,zh,卡其綠,卡其綠色,卡其绿
37,86,128,zh,灰藍,灰藍色,灰蓝
225,145,155,zh,嬰兒粉,嬰兒粉色,婴儿粉
47,68,47,zh,墨綠,墨綠色,墨绿
76,184,40,zh,青草綠,青草綠色,青草绿
3,124,210,zh,天空藍,天空藍色,天蓝
169,52,251,zh,鮮紫,鮮紫色,鲜紫
198,173,191,zh,藕紫色,藕紫色,藕紫
81,91,53,zh,軍綠色,軍綠色,军绿
116,230,177,zh,湖水綠,湖水綠色,湖水绿
232,212,88,zh,鵝黃色,鵝黃色,鹅黄
38,88,223,zh,藍色,藍色,蓝
160,106,153,zh,灰紫色,灰紫色,灰紫
133,170,238,zh,水藍色,水藍色,水蓝
41,227,69,zh,青綠色,青綠色,青绿
10,143,105,zh,綠色,綠色,绿
154,114,214,zh,紫色,紫色,紫
214,59,71,zh,紅色,紅色,红
19,46,96,zh,深藍色,深藍色,深蓝
79,44,201,zh,輛藍色,輛藍色,辆蓝
75,122,122,zh,灰藍色,灰藍色,灰蓝
136,161,100,zh,橄欖綠,橄欖綠色,橄榄绿
185,90,166,zh,粉紫色,粉紫色,粉紫
220,144,68,zh,暖橘色,暖橘色,暖橘
198,39,108,zh,桃紅色,桃紅色,桃红
213,223,190,zh,淡灰綠色,淡灰綠色,淡灰绿
141,98,109,zh,豬肝紫,豬肝紫色,猪肝紫
72,122,12,zh,葉綠色,葉綠色,叶绿
131,9,173,zh,紫色,紫色,紫
87,38,106,zh,深紫色,深紫色,深紫
186,206,14,zh,蘋果綠,蘋果綠色,苹果绿
39,212,211,zh,藍綠色,藍綠色,蓝绿
87,32,39,zh,深咖啡色,深咖啡色,深咖啡
32,68,156,zh,藍色,藍色,蓝
160,129,43,zh,土色,土色,土
189,33,165,zh,紫粉色,紫粉色,粉紫
41,23,35,zh,黑色,黑色,黑
244,167,36,zh,芥末黃,芥末黃色,芥末黄
72,177,212,zh,灰藍色,灰藍色,灰蓝
124,216,101,zh,青色,青色,青
188,78,44,zh,磚紅色,磚紅色,砖红
205,7,215,zh,霓虹紫,霓虹紫色,霓虹紫
174,83,76,zh,淺咖啡色,淺咖啡色,浅咖啡
50,228,58,zh,青綠,青綠色,青绿
171,179,114,zh,橄欖綠,橄欖綠色,橄榄绿
142,47,69,zh,暗紅,暗紅色,暗红
70,80,28,zh,深綠,深綠色,深绿
219,205,169,zh,奶茶色,奶茶色,奶茶
46,148,148,zh,孔雀藍,孔雀藍色,孔雀蓝
28,135,226,zh,淺藍,淺藍色,浅蓝
128,26,205,zh,紫,紫色,紫
216,74,33,zh,磚紅,磚紅色,砖红
184,160,28,zh,芥末黃,芥末黃色,芥末黄
22,164,126,zh,藍綠,藍綠色,蓝绿
175,121,204,zh,淺紫,淺紫色,浅紫
57,78,94,zh,靛藍,靛藍色,靛蓝
190,110,155,zh,粉紅,粉紅色,粉红
221,127,54,zh,橘,橘色,橘
133,90,12,zh,咖啡,咖啡色,咖啡
145,98,97,zh,淺咖啡,淺咖啡色,浅咖啡
239,221,238,zh,淺粉紅,淺粉紅色,浅粉红
198,161,165,zh,赭紅,赭紅色,赭红
134,176,154,zh,湖水綠,湖水綠色,湖水绿
195,46,181,zh,亮粉,亮粉色,亮粉
128,222,14,zh,蘋果綠,蘋果綠色,苹果绿
153,5,108,zh,艷紅,艷紅色,艳红
70,162,23,zh,綠,綠色,绿
243,134,148,zh,粉紅,粉紅色,粉红
95,118,241,zh,淡藍,淡藍色,淡蓝
212,26,61,zh,紅,紅色,红
127,211,108,zh,淺青綠,淺青綠色,浅青绿
37,63,238,zh,寶藍,寶藍色,宝蓝
21,71,121,zh,靛藍,靛藍色,靛蓝
9,241,159,zh,淺綠,淺綠色,浅绿
105,72,198,zh,紫,紫色,紫
180,142,78,zh,淺咖啡,淺咖啡色,浅咖啡
170,55,51,zh,磚紅,磚紅色,砖红
36,106,76,zh,墨綠,墨綠色,墨绿
3,144,194,zh,藍綠,藍綠色,蓝绿
10,70,221,zh,枯藍,枯藍色,枯蓝
197,91,23,zh,茶色,茶色,茶
58,112,222,zh,藍,藍色,蓝
116,130,131,zh,灰,灰色,灰
24,80,107,zh,深藍,深藍色,深蓝
60,232,126,zh,白綠,白綠色,白绿
236,188,246,zh,粉紅,粉紅色,粉红
149,205,27,zh,草綠,草綠色,草绿
170,99,211,zh,紫,紫色,紫
176,22,34,zh,紅,紅色,红
209,237,155,zh,淺綠,淺綠色,浅绿
31,174,56,zh,綠,綠色,绿
50,112,95,zh,深綠,深綠色,深绿
235,151,1,zh,橙,橙色,橙
175,172,204,zh,粉紫,粉紫色,粉紫
128,186,181,zh,藍綠,藍綠色,蓝绿
44,239,60,zh,黃綠,黃綠色,黄绿
29,57,35,zh,黑,黑色,黑
219,244,64,zh,黃,黃色,黄
81,142,43,zh,軍綠,軍綠色,军绿
245,174,85,zh,膚色,膚色,肤
157,119,180,zh,紫,紫色,紫
244,83,62,zh,朱色,朱色,朱
70,151,95,zh,草綠,草綠色,草绿
52,22,36,zh,黑,黑色,黑
243,4,216,zh,粉紫色,粉紫色,粉紫
215,209,80,zh,土黃,土黃色,土黄
194,181,156,zh,米色,米色,米
25,136,191,zh,希臘藍,希臘藍色,希腊蓝
246,73,140,zh,珊瑚紅,珊瑚紅色,珊瑚红
222,200,124,zh,鵝黃色,鵝黃色,鹅黄
8,10,102,zh,海軍藍,海軍藍色,海军蓝
239,220,233,zh,粉,粉色,粉
174,85,52,zh,棕色,棕色,棕
176,158,248,zh,藍紫色,藍紫色,蓝紫
159,143,67,zh,土耳其,土耳其色,土耳其
214,31,51,zh,正紅色,正紅色,正红
133,227,244,zh,水藍色,水藍色,水蓝
43,199,153,zh,綠色,綠色,绿
53,159,174,zh,湖水藍,湖水藍色,湖水蓝
153,183,254,zh,淺藍紫色,淺藍紫色,浅蓝紫
211,2,82,zh,桃紅色,桃紅色,桃红
206,151,59,zh,土色,土色,土
234,206,59,zh,橙黃色,橙黃色,橙黄
220,94,39,zh,橙色,橙色,橙
95,103,145,zh,深灰藍色,深灰藍色,深灰蓝
99,236,137,zh,草綠色,草綠色,草绿
147,119,243,zh,藍紫色,藍紫色,蓝紫
87,128,1,zh,墨綠色,墨綠色,墨绿
132,199,45,zh,黃綠色,黃綠色,黄绿
240,105,204,zh,紫紅色,紫紅色,紫红
167,116,167,zh,芋頭色,芋頭色,芋头
107,68,248,zh,海軍藍色,海軍藍色,海军蓝
167,200,138,zh,淺灰綠色,淺灰綠色,浅灰绿
247,190,141,zh,粉橘色,粉橘色,粉橘
243,199,200,zh,櫻花粉色,櫻花粉色,樱花粉
35,10,72,zh,深藍色,深藍色,深蓝
194,68,233,zh,紫色,紫色,紫
141,141,130,zh,灰棕色,灰棕色,灰棕
80,112,188,zh,普魯士藍,普魯士藍色,普鲁士蓝
155,180,78,zh,橄欖綠色,橄欖綠色,橄榄绿
19,16,250,zh,正藍色,正藍色,正蓝
111,40,149,zh,正紫色,正紫色,正紫
11,71,97,zh,午夜藍色,午夜藍色,午夜蓝
40,178,227,zh,天空藍色,天空藍色,天蓝
153,254,186,zh,青綠色,青綠色,青绿
25,227,54,zh,正綠色,正綠色,正绿
238,94,107,zh,桃紅色,桃紅色,桃红
94,27,34,zh,深棕紅色,深棕紅色,深棕红
97,63,122,zh,深紫色,深紫色,深紫
40,192,59,zh,孔雀綠色,孔雀綠色,孔雀绿
179,82,55,zh,磚紅色,磚紅色,砖红
130,203,220,zh,湖蓝,湖蓝色,湖蓝
138,166,100,zh,草绿,草绿色,草绿
40,69,168,zh,靛青,靛青色,靛青
214,18,93,zh,玫红,玫红色,玫红
156,166,36,zh,抹茶绿,抹茶绿色,抹茶绿
89,40,88,zh,紫色,紫色,紫
251,207,244,zh,粉色,粉色,粉
123,254,213,zh,薄荷绿,薄荷绿色,薄荷绿
225,218,70,zh,黄绿,黄绿色,黄绿
25,27,86,zh,深蓝,深蓝色,深蓝
186,180,155,zh,卡其,卡其色,卡其
240,182,109,zh,橘色,橘色,橘
108,86,123,zh,深紫色,深紫色,深紫
52,68,39,zh,深绿色,深绿色,深绿
135,212,60,zh,浅绿色,浅绿色,浅绿
82,237,131,zh,薄荷绿,薄荷绿色,薄荷绿
208,248,83,zh,黄绿色,黄绿色,黄绿
118,92,237,zh,荧光紫,荧光紫色,荧光紫
9,250,40,zh,荧光绿,荧光绿色,荧光绿
86,149,7,zh,草绿色,草绿色,草绿
248,144,185,zh,浅粉色,浅粉色,浅粉
187,104,115,zh,豆沙色,豆沙色,豆沙
67,182,87,zh,绿色,绿色,绿
196,67,202,zh,芭比紫,芭比紫色,芭比紫
198,97,162,zh,梅子色,梅子色,梅子
163,103,68,zh,咖啡色,咖啡色,咖啡
18,92,98,zh,青绿色,青绿色,青绿
128,39,254,zh,基佬紫,基佬紫色,基佬紫
202,159,239,zh,淡紫色,淡紫色,淡紫
6,181,15,zh,草绿色,草绿色,草绿
139,159,195,zh,雾霾蓝,雾霾蓝色,雾霾蓝
108,100,86,zh,灰咖色,灰咖色,灰咖
136,100,182,zh,紫色,紫色,紫
253,76,254,zh,芭比粉,芭比粉色,芭比粉
6,167,166,zh,湖绿色,湖绿色,湖绿
40,96,159,zh,深蓝色,深蓝色,深蓝
47,135,46,zh,翠绿,翠绿色,翠绿
131,164,243,zh,钴蓝,钴蓝色,钴蓝
193,17,83,zh,玫红,玫红色,玫红
24,33,38,zh,黑,黑色,黑
146,50,98,zh,紫红,紫红色,紫红
5,83,85,zh,湖蓝,湖蓝色,湖蓝
252,199,245,zh,粉,粉色,粉
84,79,68,zh,褐色,褐色,褐
87,72,110,zh,黑紫,黑紫色,黑紫
22,242,77,zh,草绿,草绿色,草绿
149,173,190,zh,蓝灰,蓝灰色,蓝灰
228,127,116,zh,橘棕,橘棕色,橘棕
143,65,60,zh,深红,深红色,深红
33,151,111,zh,蓝绿,蓝绿色,蓝绿
115,139,20,zh,草绿,草绿色,草绿
231,10,218,zh,亮粉,亮粉色,亮粉
252,160,57,zh,中黄,中黄色,中黄
63,143,169,zh,湖蓝,湖蓝色,湖蓝
90,57,220,zh,紫,紫色,紫
69,219,128,zh,绿,绿色,绿
190,192,145,zh,草灰,草灰色,草灰
119,233,86,zh,草绿,草绿色,草绿
233,176,129,zh,浅褐色,浅褐色,浅褐
238,11,161,zh,玫红,玫红色,玫红
205,232,46,zh,草绿,草绿色,草绿
175,9,125,zh,紫红,紫红色,紫红
33,225,201,zh,青,青色,青
38,18,64,zh,黑,黑色,黑
41,171,31,zh,绿,绿色,绿
52,66,4,zh,墨绿,墨绿色,墨绿
150,123,139,zh,紫灰,紫灰色,紫灰
151,197,111,zh,灰绿,灰绿色,灰绿
188,65,8,zh,红褐色,红褐色,红褐
160,88,2,zh,土粽,土粽色,土粽
121,58,153,zh,紫罗兰,紫罗兰色,紫罗蓝
56,91,171,zh,深蓝,深蓝色,深蓝
64,138,13,zh,深綠,深綠色,深绿
41,204,71,zh,綠,綠色,绿
198,249,224,zh,水綠,水綠色,水绿
99,81,127,zh,灰紫,灰紫色,灰紫
220,204,175,zh,米,米色,米
81,148,249,zh,藍,藍色,蓝
80,65,68,zh,咖啡,咖啡色,咖啡
171,195,247,zh,粉藍,粉藍色,粉蓝
87,31,138,zh,紫,紫色,紫
63,228,247,zh,亮藍,亮藍色,亮蓝
20,78,200,zh,深藍,深藍色,深蓝
242,138,177,zh,粉,粉色,粉
183,147,207,zh,淺紫,淺紫色,浅紫
61,221,153,zh,淺綠,淺綠色,浅绿
250,104,228,zh,亮粉,亮粉色,亮粉
58,129,105,zh,灰綠,灰綠色,灰绿
250,56,85,zh,紅,紅色,红
175,93,107,zh,豆泥紅,豆泥紅色,豆泥红
1,181,246,zh,天藍,天藍色,天蓝
92,175,174,zh,霧綠,霧綠色,雾绿
32,69,245,zh,藍,藍色,蓝
58,36,18,zh,深咖啡,深咖啡色,深咖啡
183,64,160,zh,桃紅,桃紅色,桃红
157,112,237,zh,紫,紫色,紫
185,4,104,zh,紅,紅色,红
204,89,67,zh,橘,橘色,橘
143,39,79,zh,紫,紫色,紫
216,244,173,zh,綠,綠色,绿
216,160,100,zh,黃,黃色,黄
241,204,228,zh,粉,粉色,粉
3,245,77,zh,綠,綠色,绿
241,7,110,zh,粉,粉色,粉
124,112,63,zh,綠,綠色,绿
85,58,3,zh,咖啡,咖啡色,咖啡
133,215,107,zh,綠,綠色,绿
255,189,29,zh,黃,黃色,黄
226,115,193,zh,粉色,粉色,粉
181,154,165,zh,灰粉色,灰粉色,灰粉
199,13,229,zh,紫色,紫色,紫
133,194,37,zh,草绿色,草绿色,草绿
126,91,237,zh,蓝紫色,蓝紫色,蓝紫
245,13,195,zh,洋红色,洋红色,洋红
1,77,48,zh,深绿色,深绿色,深绿
220,101,49,zh,深橙色,深橙色,深橙
8,31,107,zh,普鲁士蓝,普鲁士蓝色,普鲁士蓝
161,42,155,zh,深紫红色,深紫红色,深紫红
135,127,34,zh,橄榄色,橄榄色,橄榄
45,10,29,zh,黑色,黑色,黑
192,206,86,zh,橄榄黄,橄榄黄色,橄榄黄
195,229,194,zh,苹果绿,苹果绿色,苹果绿
200,172,120,zh,浅褐色,浅褐色,浅褐
98,52,19,zh,巧克力色,巧克力色,巧克力
230,171,66,zh,金色,金色,金
34,239,218,zh,湖蓝色,湖蓝色,湖蓝
67,209,82,zh,草绿色,草绿色,草绿
103,120,61,zh,深橄榄绿,深橄榄绿色,深橄榄绿
104,43,156,zh,紫色,紫色,紫
210,181,240,zh,丁香紫,丁香紫色,丁香紫
231,109,98,zh,浅红色,浅红色,浅红
92,122,176,zh,钢蓝色,钢蓝色,钢蓝
156,69,116,zh,深紫色,深紫色,深紫
11,58,72,zh,墨绿色,墨绿色,墨绿
250,80,162,zh,品红色,品红色,品红
75,231,35,zh,草绿色,草绿色,草绿
245,39,114,zh,西洋红,西洋红色,西洋红
39,115,104,zh,深青蓝色,深青蓝色,深青蓝
199,12,16,zh,山楂红,山楂红色,山楂红
75,34,87,zh,暗紫色,暗紫色,暗紫
57,73,132,zh,深蓝色,深蓝色,深蓝
140,141,115,zh,鼠尾草色,鼠尾草色,鼠尾草
89,92,187,zh,蓝紫色,蓝紫色,蓝紫
136,150,254,zh,浅蓝紫色,浅蓝紫色,浅蓝紫
187,246,30,zh,青绿色,青绿色,青绿
198,182,224,zh,淡紫色,淡紫色,淡紫
89,239,219,zh,青色,青色,青
210,61,154,zh,玫红色,玫红色,玫红
126,12,14,zh,酒红色,酒红色,酒红
52,221,21,zh,绿色,绿色,绿
128,62,184,zh,深紫色,深紫色,深紫
172,101,250,zh,紫色,紫色,紫
67,152,248,zh,蓝色,蓝色,蓝
195,212,69,zh,草绿色,草绿色,草绿
20,85,74,zh,深绿色,深绿色,深绿
160,164,139,zh,灰色,灰色,灰
247,207,124,zh,橙黄色,橙黄色,橙黄
192,58,168,zh,玫红色,玫红色,玫红
49,119,142,zh,黛色,黛色,黛
114,116,237,zh,蓝紫色,蓝紫色,蓝紫
124,148,197,zh,灰蓝色,灰蓝色,灰蓝
149,203,172,zh,湖绿色,湖绿色,湖绿
202,137,111,zh,砖色,砖色,砖
54,4,86,zh,深紫色,深紫色,深紫
196,18,55,zh,红色,红色,红
74,17,14,zh,红棕色,红棕色,红棕
160,158,136,zh,灰色,灰色,灰
4,13,35,zh,黑色,黑色,黑
0,195,152,zh,青绿色,青绿色,青绿
118,123,74,zh,褐色,褐色,褐
146,209,118,zh,淡绿色,淡绿色,淡绿
247,124,93,zh,朱红色,朱红色,朱红
204,103,231,zh,紫色,紫色,紫
121,219,238,zh,天蓝色,天蓝色,天蓝
137,110,135,zh,紫灰色,紫灰色,紫灰
253,201,208,zh,粉色,粉色,粉
32,176,83,zh,绿色,绿色,绿
201,201,246,zh,淡紫色,淡紫色,淡紫
143,176,20,zh,草绿色,草绿色,草绿
24,65,208,zh,宝蓝色,宝蓝色,宝蓝
96,26,72,zh,紫红色,紫红色,紫红
146,41,211,zh,紫色,紫色,紫
72,136,0,zh,深绿色,深绿色,深绿
127,99,169,zh,紫色,紫色,紫
217,210,160,zh,米黄色,米黄色,米黄
39,160,143,zh,湖绿色,湖绿色,湖绿
155,252,207,zh,淡青色,淡青色,淡青
213,229,215,zh,灰绿色,灰绿色,灰绿
243,222,25,zh,黄色,黄色,黄
60,237,8,zh,绿色,绿色,绿
42,246,99,zh,绿色,绿色,绿
4,69,57,zh,深绿色,深绿色,深绿
118,37,167,zh,紫色,紫色,紫
2,26,142,zh,靛蓝,靛蓝色,靛蓝
184,219,218,zh,水色,水色,水
252,216,222,zh,浅粉红色,浅粉红色,浅粉红
119,230,202,zh,艾青色,艾青色,艾青
172,180,33,zh,秋香色,秋香色,秋香
97,176,102,zh,绿色,绿色,绿
116,227,119,zh,浅绿色,浅绿色,浅绿
52,100,165,zh,蓝色,蓝色,蓝
52,82,1,zh,深绿色,深绿色,深绿
41,77,78,zh,蓝绿色,蓝绿色,蓝绿
133,80,116,zh,紫色,紫色,紫
254,149,47,zh,橘黄色,橘黄色,橘黄
176,150,165,zh,灰紫色,灰紫色,灰紫
103,215,31,zh,草绿色,草绿色,草绿
68,158,253,zh,天蓝色,天蓝色,天蓝
179,22,17,zh,大红色,大红色,大红
119,107,240,zh,蓝紫色,蓝紫色,蓝紫
226,163,137,zh,肉色,肉色,肉
80,13,44,zh,紫红色,紫红色,紫红
21,110,13,zh,深绿色,深绿色,深绿
79,72,30,zh,棕绿色,棕绿色,棕绿
190,100,104,zh,肉红色,肉红色,肉红
100,151,39,zh,绿色,绿色,绿
68,46,71,zh,深紫色,深紫色,深紫
33,135,106,zh,蓝绿色,蓝绿色,蓝绿
218,168,246,zh,粉紫色,粉紫色,粉紫
165,56,133,zh,洋红色,洋红色,洋红
138,133,119,zh,灰色,灰色,灰
196,158,19,zh,金棕色,金棕色,金棕
78,252,12,zh,亮绿色,亮绿色,亮绿
117,129,171,zh,灰蓝色,灰蓝色,灰蓝
72,71,171,zh,靛青色,靛青色,靛青
100,46,123,zh,深紫色,深紫色,深紫
249,185,46,zh,土黄色,土黄色,土黄
29,64,128,zh,深蓝色,深蓝色,深蓝
104,229,217,zh,天蓝色,天蓝色,天蓝
140,214,6,zh,荧光绿,荧光绿色,荧光绿
163,167,251,zh,薰衣草紫,薰衣草紫色,薰衣草紫
188,119,83,zh,陶土黄,陶土黄色,陶土黄
85,131,109,zh,浅墨绿,浅墨绿色,浅墨绿
225,90,26,zh,深橘红,深橘红色,深橘红
59,252,210,zh,青色,青色,青
208,118,179,zh,灰粉色,灰粉色,灰粉
85,214,132,zh,青草绿,青草绿色,青草绿
66,8,3,zh,深深紫,深深紫色,深深紫
122,74,215,zh,亮紫色,亮紫色,亮紫
206,182,104,zh,浅黄色,浅黄色,浅黄
185,14,13,zh,血红色,血红色,血红
68,164,106,zh,灰绿色,灰绿色,灰绿
118,117,41,zh,牛瘪绿,牛瘪绿色,牛瘪绿
46,4,51,zh,深紫色,深紫色,深紫
106,7,115,zh,庄重紫,庄重紫色,庄重紫
250,145,242,zh,粉紫色,粉紫色,粉紫
132,2,189,zh,艳紫色,艳紫色,艳紫
89,159,194,zh,灰蓝色,灰蓝色,灰蓝
185,49,175,zh,紫红色,紫红色,紫红
252,77,87,zh,柚子红,柚子红色,柚子红
32,95,214,zh,宝蓝色,宝蓝色,宝蓝
194,25,105,zh,陶醉粉,陶醉粉色,陶醉粉
139,181,47,zh,嫩绿色,嫩绿色,嫩绿
251,137,159,zh,桃色,桃色,桃
133,27,100,zh,瘀伤紫,瘀伤紫色,瘀伤紫
192,221,132,zh,嫩嫩绿,嫩嫩绿色,嫩嫩绿
228,182,181,zh,肉色,肉色,肉
40,80,55,zh,墨绿色,墨绿色,墨绿
195,223,183,zh,薄荷绿,薄荷绿色,薄荷绿
203,10,253,zh,亮粉色,亮粉色,亮粉
141,67,28,zh,棕色,棕色,棕
8,81,92,zh,工业蓝,工业蓝色,工业蓝
230,104,140,zh,肉粉色,肉粉色,肉粉
74,212,203,zh,青色,青色,青
161,138,228,zh,淡紫,淡紫色,淡紫
90,24,99,zh,茄子紫,茄子紫色,茄子紫
12,45,127,zh,深蓝色,深蓝色,深蓝
220,109,88,zh,肉橘色,肉橘色,肉橘
219,64,163,zh,粉红色,粉红色,粉红
54,71,73,zh,藏青色,藏青色,藏青
117,9,221,zh,紫色,紫色,紫
112,151,33,zh,绿色,绿色,绿
54,194,224,zh,蓝色,蓝色,蓝
233,209,171,zh,米色,米色,米
136,177,147,zh,莫兰迪绿色,莫兰迪绿色,莫蓝迪绿
24,25,65,zh,藏蓝色,藏蓝色,藏蓝
189,161,36,zh,黄绿色,黄绿色,黄绿
171,226,143,zh,天水碧,天水碧色,天水碧
248,10,106,zh,死亡芭比粉,死亡芭比粉色,死亡芭比粉
62,207,137,zh,蟾蜍绿,蟾蜍绿色,蟾蜍绿
162,220,47,zh,橄榄绿,橄榄绿色,橄榄绿
28,99,246,zh,皎月,皎月色,皎月
112,67,85,zh,酱紫色,酱紫色,酱紫
242,165,2,zh,橘色,橘色,橘
74,51,36,zh,棕色,棕色,棕
219,133,227,zh,淡紫色,淡紫色,淡紫
160,158,191,zh,灰紫,灰紫色,灰紫
142,138,52,zh,橄榄绿,橄榄绿色,橄榄绿
158,73,225,zh,紫色,紫色,紫
54,200,8,zh,青草绿,青草绿色,青草绿
60,103,184,zh,海蓝,海蓝色,海蓝
161,90,21,zh,棕,棕色,棕
7,121,81,zh,深绿,深绿色,深绿
219,106,26,zh,转头橘,转头橘色,转头橘
222,149,131,zh,肉粉,肉粉色,肉粉
60,75,5,zh,藏绿,藏绿色,藏绿
28,226,95,zh,嫩绿,嫩绿色,嫩绿
181,217,230,zh,淡蓝色,淡蓝色,淡蓝
47,157,89,zh,綠色,綠色,绿
83,39,237,zh,藍色,藍色,蓝
192,245,250,zh,淡藍色,淡藍色,淡蓝
123,79,203,zh,紫色,紫色,紫
177,130,62,zh,咖啡色,咖啡色,咖啡
36,81,115,zh,海軍藍,海軍藍色,海军蓝
145,23,84,zh,枣红,枣红色,枣红
39,6,253,zh,宝蓝,宝蓝色,宝蓝
117,61,33,zh,棕,棕色,棕
234,186,41,zh,橙色,橙色,橙
156,171,153,zh,灰绿,灰绿色,灰绿
246,12,152,zh,品红,品红色,品红
145,173,25,zh,草绿,草绿色,草绿
109,28,167,zh,紫色,紫色,紫
40,169,214,zh,青色,青色,青
203,106,129,zh,深粉,深粉色,深粉
188,88,38,zh,红色,红色,红
25,142,93,zh,绿色,绿色,绿
28,208,219,zh,青色,青色,青
208,189,202,zh,浅紫,浅紫色,浅紫
223,191,130,zh,浅棕,浅棕色,浅棕
132,106,109,zh,深棕,深棕色,深棕
41,253,73,zh,亮绿,亮绿色,亮绿
24,76,179,zh,蓝色,蓝色,蓝
22,59,88,zh,海蓝,海蓝色,海蓝
140,123,77,zh,棕色,棕色,棕
81,53,94,zh,深紫,深紫色,深紫
206,50,87,zh,深红,深红色,深红
161,216,180,zh,水绿,水绿色,水绿
88,182,75,zh,绿色,绿色,绿
80,222,155,zh,亮绿,亮绿色,亮绿
28,4,77,zh,深紫,深紫色,深紫
172,87,78,zh,砖红,砖红色,砖红
118,244,209,zh,水蓝,水蓝色,水蓝
14,54,218,zh,蓝色,蓝色,蓝
152,243,35,zh,草绿,草绿色,草绿
233,41,11,zh,红色,红色,红
174,139,235,zh,浅紫,浅紫色,浅紫
250,151,20,zh,橙色,橙色,橙
60,93,93,zh,青绿,青绿色,青绿
236,95,84,zh,绯红,绯红色,绯红
60,96,43,zh,深绿,深绿色,深绿
208,232,173,zh,浅绿,浅绿色,浅绿
112,183,198,zh,水蓝,水蓝色,水蓝
146,64,153,zh,有点深的紫,有点深的紫色,有点深的紫
117,205,129,zh,淡绿,淡绿色,淡绿
104,36,215,zh,很深很亮的紫,很深很亮的紫色,很深很亮的紫
241,73,114,zh,玫红,玫红色,玫红
45,60,35,zh,很深的绿,很深的绿色,很深的绿
36,88,188,zh,深蓝,深蓝色,深蓝
127,221,50,zh,有点亮的绿,有点亮的绿色,有点亮的绿
67,138,189,zh,有点深的蓝,有点深的蓝色,有点深的蓝
164,130,149,zh,有点深的脏粉,有点深的脏粉色,有点深的脏粉
157,143,66,zh,枯黄,枯黄色,枯黄
6,209,246,zh,蓝,蓝色,蓝
9,18,29,zh,黑,黑色,黑
243,191,49,zh,深黄,深黄色,深黄
196,85,240,zh,紫,紫色,紫
194,223,39,zh,草绿,草绿色,草绿
1,233,92,zh,亮绿,亮绿色,亮绿
17,203,110,zh,有点深的亮绿,有点深的亮绿色,有点深的亮绿
204,3,178,zh,深紫,深紫色,深紫
232,106,103,zh,桃红,桃红色,桃红
226,147,236,zh,粉,粉色,粉
160,170,48,zh,枯绿,枯绿色,枯绿
1,94,161,zh,深蓝,深蓝色,深蓝
116,228,162,zh,浅绿色,浅绿色,浅绿
61,125,218,zh,蓝色,蓝色,蓝
253,97,67,zh,橙色,橙色,橙
13,185,20,zh,绿色,绿色,绿
168,8,153,zh,紫色,紫色,紫
67,164,75,zh,深绿色,深绿色,深绿
109,182,13,zh,草绿色,草绿色,草绿
255,7,237,zh,粉色,粉色,粉
30,90,239,zh,蓝色,蓝色,蓝
248,223,82,zh,黄色,黄色,黄
135,161,127,zh,绿色,绿色,绿
37,200,174,zh,青色,青色,青
152,114,56,zh,棕色,棕色,棕
62,244,101,zh,亮绿色,亮绿色,亮绿
248,239,140,zh,淡黄色,淡黄色,淡黄
128,15,172,zh,紫色,紫色,紫
70,101,3,zh,深绿色,深绿色,深绿
102,79,122,zh,暗紫色,暗紫色,暗紫
255,163,43,zh,橙色,橙色,橙
180,147,134,zh,棕色,棕色,棕
178,221,204,zh,浅绿色,浅绿色,浅绿
6,70,117,zh,藏蓝色,藏蓝色,藏蓝
218,142,92,zh,橙色,橙色,橙
227,118,52,zh,橙色,橙色,橙
231,83,198,zh,粉红色,粉红色,粉红
165,251,103,zh,草绿色,草绿色,草绿
113,57,142,zh,紫色,紫色,紫
190,52,124,zh,粉红色,粉红色,粉红
121,57,239,zh,紫色,紫色,紫
204,72,239,zh,洋红,洋红色,洋红
24,224,246,zh,湖蓝,湖蓝色,湖蓝
165,79,42,zh,褐色,褐色,褐
254,239,230,zh,肉色,肉色,肉
77,48,28,zh,赭石,赭石色,赭石
234,34,100,zh,红色,红色,红
177,106,177,zh,紫色,紫色,紫
186,36,228,zh,紫,紫色,紫
93,7,166,zh,深紫,深紫色,深紫
6,217,180,zh,蓝绿,蓝绿色,蓝绿
132,148,183,zh,灰蓝,灰蓝色,灰蓝
20,125,190,zh,蓝,蓝色,蓝
175,143,226,zh,浅紫,浅紫色,浅紫
160,116,11,zh,土黄,土黄色,土黄
24,146,56,zh,绿,绿色,绿
35,195,209,zh,天蓝,天蓝色,天蓝
187,96,5,zh,棕,棕色,棕
12,241,164,zh,水蓝,水蓝色,水蓝
231,61,136,zh,粉,粉色,粉
220,162,188,zh,浅紫,浅紫色,浅紫
199,189,145,zh,灰,灰色,灰
39,75,126,zh,深蓝,深蓝色,深蓝
120,98,81,zh,浅棕,浅棕色,浅棕
128,105,214,zh,蓝紫,蓝紫色,蓝紫
179,226,162,zh,薄荷绿,薄荷绿色,薄荷绿
56,39,51,zh,绛紫,绛紫色,绛紫
108,245,59,zh,草绿,草绿色,草绿
94,31,137,zh,深紫,深紫色,深紫
56,106,102,zh,灰蓝,灰蓝色,灰蓝
124,155,59,zh,军绿,军绿色,军绿
247,145,240,zh,粉紫,粉紫色,粉紫
31,107,209,zh,蓝,蓝色,蓝
30,39,16,zh,黑,黑色,黑
65,227,98,zh,浅绿,浅绿色,浅绿
165,61,131,zh,紫,紫色,紫
124,50,21,zh,红棕,红棕色,红棕
123,239,227,zh,天蓝,天蓝色,天蓝
191,213,102,zh,米色,米色,米
50,113,72,zh,蓝绿,蓝绿色,蓝绿
109,49,86,zh,紫,紫色,紫
225,68,63,zh,水红,水红色,水红
217,241,71,zh,鹅黄,鹅黄色,鹅黄
98,183,3,zh,黄绿,黄绿色,黄绿
182,200,240,zh,淡蓝,淡蓝色,淡蓝
61,164,225,zh,淡蓝,淡蓝色,淡蓝
188,191,67,zh,土黄,土黄色,土黄
94,52,111,zh,紫,紫色,紫
51,218,215,zh,青,青色,青
154,39,162,zh,紫,紫色,紫
16,94,111,zh,蓝,蓝色,蓝
128,241,114,zh,绿,绿色,绿
22,34,200,zh,蓝,蓝色,蓝
37,147,74,zh,绿,绿色,绿
38,62,151,zh,蓝,蓝色,蓝
151,113,156,zh,浅紫,浅紫色,浅紫
241,121,32,zh,橘黄色,橘黄色,橘黄
115,246,147,zh,浅绿色,浅绿色,浅绿
208,201,79,zh,土黄,土黄色,土黄
27,90,223,zh,蓝色,蓝色,蓝
170,126,24,zh,深黄,深黄色,深黄
227,62,154,zh,紫粉,紫粉色,粉紫
247,91,219,zh,粉色,粉色,粉
248,143,92,zh,浅橙,浅橙色,浅橙
146,35,251,zh,紫色,紫色,紫
173,120,78,zh,棕色,棕色,棕
230,87,74,zh,品红,品红色,品红
179,177,198,zh,灰色,灰色,灰
148,78,170,zh,紫色,紫色,紫
109,225,28,zh,绿色,绿色,绿
190,127,197,zh,暗粉色,暗粉色,暗粉
170,236,94,zh,淡绿色,淡绿色,淡绿
202,97,81,zh,橙色,橙色,橙
164,112,243,zh,亮紫色,亮紫色,亮紫
209,13,38,zh,红色,红色,红
221,253,11,zh,黄绿色,黄绿色,黄绿
76,146,221,zh,蓝色,蓝色,蓝
25,51,16,zh,暗绿色,暗绿色,暗绿
129,52,87,zh,暗紫色,暗紫色,暗紫
231,174,70,zh,橙色,橙色,橙
225,135,84,zh,橙色,橙色,橙
152,223,168,zh,青色,青色,青
138,124,173,zh,紫色,紫色,紫
57,199,189,zh,青色,青色,青
147,16,43,zh,深红,深红色,深红
13,29,77,zh,藏青,藏青色,藏青
214,114,147,zh,粉色,粉色,粉
212,191,165,zh,土黄,土黄色,土黄
1,32,157,zh,深蓝,深蓝色,深蓝
62,75,98,zh,深灰,深灰色,深灰
69,150,159,zh,蓝绿色,蓝绿色,蓝绿
114,101,50,zh,棕绿色,棕绿色,棕绿
216,237,152,zh,黄绿色,黄绿色,黄绿
75,17,19,zh,棕色,棕色,棕
248,214,148,zh,橙黄色,橙黄色,橙黄
169,15,237,zh,紫色,紫色,紫
109,149,64,zh,绿色,绿色,绿
22,88,215,zh,蓝色,蓝色,蓝
250,20,12,zh,红色,红色,红
34,105,64,zh,绿色,绿色,绿
179,182,58,zh,黄绿色,黄绿色,黄绿
92,238,142,zh,青色,青色,青
228,110,194,zh,粉红,粉红色,粉红
109,75,45,zh,深棕色,深棕色,深棕
226,16,62,zh,红色,红色,红
19,220,156,zh,浅绿色,浅绿色,浅绿
44,136,144,zh,蓝绿色,蓝绿色,蓝绿
109,4,33,zh,酒红色,酒红色,酒红
96,180,43,zh,绿色,绿色,绿
209,184,202,zh,淡紫色,淡紫色,淡紫
26,165,116,zh,青绿色,青绿色,青绿
148,92,12,zh,棕色,棕色,棕
39,68,173,zh,蓝色,蓝色,蓝
3,36,110,zh,深蓝色,深蓝色,深蓝
13,62,3,zh,深绿色,深绿色,深绿
230,110,146,zh,粉红色,粉红色,粉红
235,178,234,zh,粉紫色,粉紫色,粉紫
37,62,217,zh,蓝色,蓝色,蓝
41,116,39,zh,深绿色,深绿色,深绿
124,151,209,zh,淡蓝色,淡蓝色,淡蓝
241,82,167,zh,品红色,品红色,品红
160,5,77,zh,深粉红色,深粉红色,深粉红
253,142,65,zh,橙色,橙色,橙
18,43,27,zh,墨绿色,墨绿色,墨绿
21,76,120,zh,藏蓝色,藏蓝色,藏蓝
179,163,10,zh,土黄色,土黄色,土黄
165,242,196,zh,浅青色,浅青色,浅青
108,35,116,zh,深紫色,深紫色,深紫
179,255,254,zh,青色,青色,青
38,178,246,zh,天蓝色,天蓝色,天蓝
158,74,243,zh,紫色,紫色,紫
154,214,11,zh,亮绿色,亮绿色,亮绿
244,126,231,zh,品红色,品红色,品红
207,47,2,zh,红色,红色,红
149,151,61,zh,暗绿色,暗绿色,暗绿
48,28,27,zh,深棕色,深棕色,深棕
241,165,171,zh,肉色,肉色,肉
170,138,244,zh,淡紫色,淡紫色,淡紫
229,38,228,zh,品红色,品红色,品红
172,225,132,zh,浅绿,浅绿色,浅绿
17,153,1,zh,绿,绿色,绿
217,88,12,zh,橘红,橘红色,橘红
2,185,104,zh,绿,绿色,绿
39,11,150,zh,深蓝,深蓝色,深蓝
230,205,210,zh,粉,粉色,粉
76,245,85,zh,绿,绿色,绿
89,35,38,zh,棕红,棕红色,棕红
243,183,68,zh,黄,黄色,黄
143,104,201,zh,紫,紫色,紫
166,46,77,zh,紫红,紫红色,紫红
122,112,108,zh,灰,灰色,灰
169,75,72,zh,棕红,棕红色,棕红
224,12,22,zh,红,红色,红
144,226,180,zh,青,青色,青
135,26,253,zh,紫,紫色,紫
82,220,95,zh,绿,绿色,绿
211,180,208,zh,粉紫,粉紫色,粉紫
227,124,251,zh,浅紫,浅紫色,浅紫
140,76,2,zh,棕黄,棕黄色,棕黄
48,27,200,zh,蓝,蓝色,蓝
86,112,251,zh,浅蓝,浅蓝色,浅蓝
55,119,221,zh,蓝,蓝色,蓝
155,243,141,zh,黄绿,黄绿色,黄绿
108,158,48,zh,绿,绿色,绿
66,69,152,zh,蓝黑,蓝黑色,蓝黑
51,39,70,zh,紫黑,紫黑色,紫黑
65,35,3,zh,棕,棕色,棕
224,172,236,zh,粉紫,粉紫色,粉紫
141,250,37,zh,绿,绿色,绿
3,44,45,zh,蓝,蓝色,蓝
200,143,13,zh,砖黄,砖黄色,砖黄
138,73,203,zh,紫,紫色,紫
60,104,93,zh,绿,绿色,绿
246,36,115,zh,粉红,粉红色,粉红
154,181,2,zh,黄绿,黄绿色,黄绿
244,230,105,zh,黄,黄色,黄
135,157,145,zh,灰,灰色,灰
238,78,245,zh,紫,紫色,紫
189,227,218,zh,青,青色,青
219,2,177,zh,紫,紫色,紫
246,106,85,zh,橙黄,橙黄色,橙黄
112,97,58,zh,棕黄,棕黄色,棕黄
183,158,77,zh,晃,晃色,晃
74,91,5,zh,墨绿,墨绿色,墨绿
228,217,15,zh,黄,黄色,黄
21,192,143,zh,青,青色,青
139,50,130,zh,紫,紫色,紫
190,70,145,zh,紫红色,紫红色,紫红
61,45,105,zh,蓝紫色,蓝紫色,蓝紫
46,217,128,zh,浅绿色,浅绿色,浅绿
154,2,220,zh,紫色,紫色,紫
84,4,109,zh,深紫色,深紫色,深紫
249,219,123,zh,浅黄色,浅黄色,浅黄
231,161,82,zh,土黄色,土黄色,土黄
134,70,141,zh,紫红色,紫红色,紫红
40,107,203,zh,蓝色,蓝色,蓝
81,159,51,zh,绿色,绿色,绿
135,102,204,zh,浅紫色,浅紫色,浅紫
130,172,159,zh,灰绿色,灰绿色,灰绿
49,50,10,zh,黑绿色,黑绿色,黑绿
234,66,90,zh,洋红,洋红色,洋红
201,71,29,zh,棕色,棕色,棕
92,153,210,zh,淡蓝色,淡蓝色,淡蓝
77,113,29,zh,深绿色,深绿色,深绿
145,232,91,zh,浅绿色,浅绿色,浅绿
217,6,29,zh,红色,红色,红
234,5,114,zh,紫红色,紫红色,紫红
150,123,168,zh,浅紫色,浅紫色,浅紫
195,93,88,zh,棕色,棕色,棕
219,179,135,zh,肉色,肉色,肉
183,134,140,zh,深粉色,深粉色,深粉
242,43,221,zh,洋红,洋红色,洋红
4,120,71,zh,深绿,深绿色,深绿
7,27,194,zh,深蓝,深蓝色,深蓝
127,99,22,zh,黄褐,黄褐色,黄褐
79,152,67,zh,灰绿,灰绿色,灰绿
223,102,202,zh,粉紫,粉紫色,粉紫
247,121,134,zh,三文鱼,三文鱼色,三文鱼
91,227,230,zh,青蓝,青蓝色,青蓝
214,122,172,zh,灰粉,灰粉色,灰粉
194,11,227,zh,紫,紫色,紫
112,117,216,zh,灰靛,灰靛色,灰靛
98,216,29,zh,亮绿,亮绿色,亮绿
52,81,122,zh,蓝黑,蓝黑色,蓝黑
226,214,162,zh,古象牙,古象牙色,古象牙
202,207,118,zh,浅黄绿,浅黄绿色,浅黄绿
65,60,27,zh,深褐,深褐色,深褐
78,181,147,zh,水绿,水绿色,水绿
192,166,186,zh,浅灰紫,浅灰紫色,浅灰紫
176,104,54,zh,红棕,红棕色,红棕
131,108,128,zh,深灰紫,深灰紫色,深灰紫
40,131,138,zh,深青,深青色,深青
171,116,191,zh,灰紫,灰紫色,灰紫
251,222,253,zh,浅紫,浅紫色,浅紫
60,2,250,zh,钴蓝,钴蓝色,钴蓝
144,102,92,zh,棕灰,棕灰色,棕灰
221,29,87,zh,绯红,绯红色,绯红
59,13,138,zh,深紫,深紫色,深紫
182,209,9,zh,黄绿,黄绿色,黄绿
45,127,186,zh,蔚蓝,蔚蓝色,蔚蓝
231,4,7,zh,大红,大红色,大红
68,251,182,zh,亮青,亮青色,亮青
196,177,53,zh,黄灰,黄灰色,黄灰
118,64,125,zh,葡萄紫,葡萄紫色,葡萄紫
14,75,221,zh,宝石蓝,宝石蓝色,宝石蓝
140,27,36,zh,血红,血红色,血红
179,9,174,zh,紫红,紫红色,紫红
184,53,36,zh,深红,深红色,深红
139,211,251,zh,浅蓝,浅蓝色,浅蓝
85,247,120,zh,浅绿,浅绿色,浅绿
180,149,96,zh,棕,棕色,棕
15,154,205,zh,土蓝,土蓝色,土蓝
86,47,107,zh,紫,紫色,紫
38,7,88,zh,深紫,深紫色,深紫
228,42,154,zh,粉红,粉红色,粉红
18,90,59,zh,深绿,深绿色,深绿
47,89,185,zh,深蓝,深蓝色,深蓝
146,152,153,zh,灰,灰色,灰
251,13,54,zh,红,红色,红
16,231,238,zh,亮蓝,亮蓝色,亮蓝
206,86,245,zh,紫,紫色,紫
250,129,181,zh,粉红,粉红色,粉红
13,223,140,zh,绿,绿色,绿
170,180,71,zh,土绿,土绿色,土绿
114,173,120,zh,深绿,深绿色,深绿
148,14,84,zh,深红,深红色,深红
238,154,117,zh,浅橙,浅橙色,浅橙
250,122,232,zh,亮粉,亮粉色,亮粉
88,221,6,zh,草绿,草绿色,草绿
88,169,163,zh,灰绿,灰绿色,灰绿
44,43,196,zh,深蓝,深蓝色,深蓝
117,92,214,zh,蓝紫,蓝紫色,蓝紫
201,87,92,zh,浅红,浅红色,浅红
23,142,232,zh,蓝,蓝色,蓝
42,39,35,zh,黑,黑色,黑
17,179,120,zh,绿,绿色,绿
121,25,40,zh,棕红,棕红色,棕红
122,2,133,zh,深紫,深紫色,深紫
73,155,34,zh,绿,绿色,绿
60,86,82,zh,军绿,军绿色,军绿
39,126,59,zh,深绿,深绿色,深绿
195,220,230,zh,浅蓝,浅蓝色,浅蓝
69,55,14,zh,深棕,深棕色,深棕
68,62,214,zh,深蓝,深蓝色,深蓝
21,233,191,zh,青色,青色,青
203,72,243,zh,紫色,紫色,紫
195,72,112,zh,酱紫,酱紫色,酱紫
143,162,68,zh,藻绿,藻绿色,藻绿
210,12,94,zh,紫红,紫红色,紫红
184,206,201,zh,青灰,青灰色,青灰
6,214,235,zh,湖蓝,湖蓝色,湖蓝
178,138,116,zh,茶色,茶色,茶
235,131,104,zh,肉色,肉色,肉
24,64,109,zh,藏青,藏青色,藏青
44,33,51,zh,黑,黑色,黑
251,202,153,zh,肉色,肉色,肉
31,106,209,zh,蓝,蓝色,蓝
91,66,152,zh,暗紫,暗紫色,暗紫
71,114,140,zh,钢青,钢青色,钢青
195,150,233,zh,淡紫,淡紫色,淡紫
10,229,139,zh,青绿,青绿色,青绿
137,23,12,zh,暗红,暗红色,暗红
177,216,45,zh,嫩绿,嫩绿色,嫩绿
186,156,76,zh,浅棕,浅棕色,浅棕
98,189,112,zh,锈绿,锈绿色,锈绿
117,129,108,zh,铅灰,铅灰色,铅灰
175,3,177,zh,紫,紫色,紫
54,52,32,zh,黑,黑色,黑
171,131,177,zh,淡紫,淡紫色,淡紫
117,65,86,zh,暗紫,暗紫色,暗紫
229,16,179,zh,洋红,洋红色,洋红
218,122,1,zh,土黄,土黄色,土黄
126,250,49,zh,嫩绿,嫩绿色,嫩绿
223,221,120,zh,鹅黄,鹅黄色,鹅黄
245,103,203,zh,粉紫,粉紫色,粉紫
6,149,172,zh,暗青,暗青色,暗青
202,28,29,zh,深红,深红色,深红
19,147,100,zh,暗绿,暗绿色,暗绿
241,138,163,zh,暗粉,暗粉色,暗粉
176,45,183,zh,紫色,紫色,紫
36,159,161,zh,藏青色,藏青色,藏青
254,139,222,zh,粉红色,粉红色,粉红
40,36,3,zh,黑色,黑色,黑
182,242,79,zh,草绿色,草绿色,草绿
71,200,157,zh,孔雀绿,孔雀绿色,孔雀绿
154,153,214,zh,浅紫色,浅紫色,浅紫
83,133,98,zh,军绿色,军绿色,军绿
229,139,128,zh,浅红色,浅红色,浅红
159,39,26,zh,砖红色,砖红色,砖红
146,94,232,zh,紫色,紫色,紫
19,234,159,zh,孔雀绿,孔雀绿色,孔雀绿
95,66,145,zh,绛紫,绛紫色,绛紫
248,229,60,zh,明黄,明黄色,明黄
68,34,218,zh,深蓝,深蓝色,深蓝
23,68,82,zh,深青色,深青色,深青
80,185,70,zh,深绿,深绿色,深绿
70,219,24,zh,绿色,绿色,绿
118,55,15,zh,砖红,砖红色,砖红
115,218,246,zh,天蓝,天蓝色,天蓝
222,238,235,zh,银色,银色,银
44,9,83,zh,绛紫,绛紫色,绛紫
157,93,157,zh,深紫,深紫色,深紫
79,166,207,zh,湖蓝,湖蓝色,湖蓝
141,106,45,zh,棕黄,棕黄色,棕黄
72,2,0,zh,褐色,褐色,褐
210,21,12,zh,大红,大红色,大红
174,127,142,zh,粉褐色,粉褐色,粉褐
159,157,109,zh,深草绿,深草绿色,深草绿
19,30,151,zh,藏蓝,藏蓝色,藏蓝
208,215,153,zh,浅军绿,浅军绿色,浅军绿
11,113,242,zh,深蓝,深蓝色,深蓝
214,53,80,zh,大红,大红色,大红
164,43,252,zh,紫色,紫色,紫
168,84,73,zh,砖红,砖红色,砖红
234,194,159,zh,米黄,米黄色,米黄
157,3,251,zh,紫罗兰色,紫罗兰色,紫罗蓝
215,154,92,zh,橙色,橙色,橙
2,213,225,zh,湖蓝色,湖蓝色,湖蓝
158,255,243,zh,淡青色,淡青色,淡青
150,127,194,zh,淡紫色,淡紫色,淡紫
83,209,105,zh,绿色,绿色,绿
171,93,145,zh,粉紫色,粉紫色,粉紫
46,22,217,zh,蓝色,蓝色,蓝
103,52,73,zh,褐色,褐色,褐
175,157,140,zh,浅褐色,浅褐色,浅褐
130,34,111,zh,紫红色,紫红色,紫红
73,132,229,zh,淡蓝色,淡蓝色,淡蓝
3,5,44,zh,黑色,黑色,黑
91,221,166,zh,水绿色,水绿色,水绿
184,195,132,zh,灰绿色,灰绿色,灰绿
72,144,63,zh,橄榄绿,橄榄绿色,橄榄绿
222,124,50,zh,橙色,橙色,橙
247,127,209,zh,粉色,粉色,粉
13,34,12,zh,墨绿色,墨绿色,墨绿
245,238,76,zh,明黄色,明黄色,明黄
190,44,74,zh,玫红色,玫红色,玫红
51,66,152,zh,深蓝色,深蓝色,深蓝
19,156,10,zh,翠绿色,翠绿色,翠绿
171,46,183,zh,紫色,紫色,紫
241,90,24,zh,橘色,橘色,橘
1,168,134,zh,健那绿,健那绿色,健那绿
244,9,80,zh,浅红色,浅红色,浅红
31,94,211,zh,湖蓝色,湖蓝色,湖蓝
246,80,144,zh,桃粉色,桃粉色,桃粉
60,78,31,zh,橄榄绿,橄榄绿色,橄榄绿
62,24,70,zh,紫黑色,紫黑色,紫黑
183,158,184,zh,紫灰色,紫灰色,紫灰
141,110,235,zh,淡蓝紫色,淡蓝紫色,淡蓝紫
246,38,160,zh,玫红色,玫红色,玫红
243,222,219,zh,肉色,肉色,肉
247,147,181,zh,淡粉色,淡粉色,淡粉
185,162,40,zh,黄绿,黄绿色,黄绿
177,109,198,zh,紫罗兰,紫罗兰色,紫罗蓝
242,121,205,zh,粉,粉色,粉
156,137,149,zh,灰褐,灰褐色,灰褐
116,213,97,zh,绿,绿色,绿
96,122,243,zh,蓝,蓝色,蓝
41,197,230,zh,水蓝,水蓝色,水蓝
155,37,121,zh,紫红,紫红色,紫红
243,219,70,zh,黄,黄色,黄
31,3,204,zh,深蓝,深蓝色,深蓝
39,184,155,zh,青,青色,青
215,120,63,zh,橙棕,橙棕色,橙棕
189,131,115,zh,赭石,赭石色,赭石
45,53,146,zh,蓝黑,蓝黑色,蓝黑
81,61,95,zh,紫黑,紫黑色,紫黑
102,27,72,zh,深红,深红色,深红
47,128,168,zh,蓝青,蓝青色,青蓝
136,178,104,zh,草绿,草绿色,草绿
167,19,14,zh,大红,大红色,大红
73,141,48,zh,绿,绿色,绿
69,244,144,zh,亮绿,亮绿色,亮绿
205,141,40,zh,土黄,土黄色,土黄
245,4,119,zh,粉红,粉红色,粉红
44,18,13,zh,黑,黑色,黑
255,16,199,zh,亮粉,亮粉色,亮粉
231,225,181,zh,黄灰,黄灰色,黄灰
219,165,204,zh,藕荷,藕荷色,藕荷
77,63,16,zh,深黄,深黄色,深黄
56,81,94,zh,深青,深青色,深青
210,197,113,zh,黄绿灰,黄绿灰色,黄绿灰
239,37,66,zh,洋红,洋红色,洋红
62,80,61,zh,深绿,深绿色,深绿
24,142,221,zh,天蓝,天蓝色,天蓝
247,104,0,zh,橘,橘色,橘
7,227,229,zh,天青,天青色,天青
139,68,218,zh,紫,紫色,紫
212,108,185,zh,玫红,玫红色,玫红
148,217,122,zh,草绿,草绿色,草绿
245,15,185,zh,品红,品红色,品红
85,99,213,zh,深蓝,深蓝色,深蓝
180,120,255,zh,浅紫,浅紫色,浅紫
93,79,105,zh,蓝灰,蓝灰色,蓝灰
65,8,235,zh,纯蓝,纯蓝色,纯蓝
123,71,122,zh,深紫红,深紫红色,深紫红
228,253,46,zh,绿黄,绿黄色,黄绿
183,42,3,zh,深红,深红色,深红
211,254,121,zh,黄绿,黄绿色,黄绿
75,24,92,zh,绛紫,绛紫色,绛紫
149,54,155,zh,紫红,紫红色,紫红
67,17,47,zh,褐色,褐色,褐
3,211,142,zh,水绿,水绿色,水绿
247,214,234,zh,淡粉,淡粉色,淡粉
113,154,223,zh,湖蓝,湖蓝色,湖蓝
143,238,21,zh,草绿,草绿色,草绿
127,228,208,zh,浅孔雀蓝,浅孔雀蓝色,浅孔雀蓝
62,158,149,zh,深孔雀蓝,深孔雀蓝色,深孔雀蓝
13,47,139,zh,深蓝,深蓝色,深蓝
250,232,152,zh,土黄,土黄色,土黄
196,187,5,zh,绿棕,绿棕色,绿棕
143,179,63,zh,棕绿,棕绿色,棕绿
11,96,172,zh,海蓝,海蓝色,海蓝
243,221,187,zh,肉色,肉色,肉
105,11,154,zh,紫红,紫红色,紫红
206,32,224,zh,洋红,洋红色,洋红
38,74,238,zh,纯蓝,纯蓝色,纯蓝
27,93,21,zh,深绿,深绿色,深绿
88,108,12,zh,绿棕,绿棕色,绿棕
173,181,105,zh,茶色,茶色,茶
31,56,72,zh,蓝灰,蓝灰色,蓝灰
55,227,43,zh,纯绿,纯绿色,纯绿
252,244,117,zh,黄色,黄色,黄
117,95,64,zh,棕色,棕色,棕
129,153,80,zh,橄榄绿,橄榄绿色,橄榄绿
82,11,152,zh,深紫,深紫色,深紫
43,110,148,zh,深青,深青色,深青
189,159,114,zh,浅褐,浅褐色,浅褐
125,225,86,zh,浅绿,浅绿色,浅绿
155,131,130,zh,褐色,褐色,褐
236,43,85,zh,桃红,桃红色,桃红
163,105,189,zh,紫色,紫色,紫
30,212,176,zh,水绿,水绿色,水绿
215,213,90,zh,土黄,土黄色,土黄
14,46,104,zh,深蓝,深蓝色,深蓝
220,165,196,zh,粉色,粉色,粉
177,8,195,zh,紫色,紫色,紫
244,111,95,zh,橘红,橘红色,橘红
213,104,239,zh,浅紫,浅紫色,浅紫
89,55,82,zh,深灰,深灰色,深灰
146,40,17,zh,红褐色,红褐色,红褐
33,196,245,zh,青色,青色,青
36,80,67,zh,深绿,深绿色,深绿
163,78,109,zh,酒红,酒红色,酒红
84,60,216,zh,靛蓝,靛蓝色,靛蓝
118,184,163,zh,粉绿,粉绿色,粉绿
220,193,183,zh,米色,米色,米
63,38,33,zh,深棕,深棕色,深棕
190,67,165,zh,紫色,紫色,紫
186,251,48,zh,黄绿,黄绿色,黄绿
115,88,207,zh,蓝紫,蓝紫色,蓝紫
49,124,94,zh,深绿,深绿色,深绿
5,225,125,zh,绿色,绿色,绿
4,33,55,zh,黑色,黑色,黑
159,178,216,zh,青灰,青灰色,青灰
16,218,218,zh,青绿,青绿色,青绿
169,153,34,zh,土黄,土黄色,土黄
105,2,82,zh,深紫,深紫色,深紫
255,203,63,zh,橘黄,橘黄色,橘黄
202,47,28,zh,砖红,砖红色,砖红
114,217,98,zh,青,青色,青
168,52,255,zh,紫,紫色,紫
93,232,159,zh,浅绿,浅绿色,浅绿
201,41,120,zh,深红,深红色,深红
217,222,128,zh,金,金色,金
213,55,225,zh,紫红,紫红色,紫红
83,59,98,zh,靛,靛色,靛
198,80,68,zh,深橙,深橙色,深橙
227,27,49,zh,红,红色,红
186,105,190,zh,浅紫,浅紫色,浅紫
169,162,41,zh,青金,青金色,青金
22,101,96,zh,蓝绿,蓝绿色,蓝绿
59,153,102,zh,绿,绿色,绿
171,66,92,zh,红,红色,红
144,211,231,zh,浅蓝,浅蓝色,浅蓝
43,59,17,zh,深绿,深绿色,深绿
73,56,170,zh,靛,靛色,靛
71,22,184,zh,紫蓝,紫蓝色,蓝紫
164,165,159,zh,灰,灰色,灰
221,176,92,zh,金,金色,金
252,86,101,zh,浅红,浅红色,浅红
38,50,61,zh,深蓝,深蓝色,深蓝
65,122,46,zh,青,青色,青
108,104,20,zh,青黄,青黄色,青黄
131,33,174,zh,紫,紫色,紫
86,115,255,zh,蓝,蓝色,蓝
248,242,63,zh,黄,黄色,黄
9,87,154,zh,蓝,蓝色,蓝
107,23,39,zh,褐,褐色,褐
157,218,11,zh,青,青色,青
228,215,201,zh,浅灰,浅灰色,浅灰
250,23,116,zh,粉红,粉红色,粉红
107,49,24,zh,褐,褐色,褐
176,124,21,zh,深黄,深黄色,深黄
118,18,81,zh,紫红,紫红色,紫红
242,71,21,zh,橙,橙色,橙
48,182,148,zh,青色,青色,青
48,6,62,zh,黑色,黑色,黑
241,243,160,zh,米黄色,米黄色,米黄
117,145,59,zh,军绿色,军绿色,军绿
23,237,93,zh,浅绿色,浅绿色,浅绿
154,133,205,zh,淡紫色,淡紫色,淡紫
62,129,137,zh,青色,青色,青
143,46,157,zh,红紫色,红紫色,紫红
89,42,173,zh,紫色,紫色,紫
56,71,48,zh,暗绿色,暗绿色,暗绿
242,61,120,zh,粉红色,粉红色,粉红
24,120,38,zh,绿色,绿色,绿
1,134,34,zh,绿色,绿色,绿
193,193,223,zh,浅紫色,浅紫色,浅紫
198,141,239,zh,紫色,紫色,紫
65,62,20,zh,橄榄色,橄榄色,橄榄
73,221,57,zh,青绿色,青绿色,青绿
205,119,55,zh,褐色,褐色,褐
77,175,120,zh,森林绿,森林绿色,森林绿
76,112,237,zh,淡蓝色,淡蓝色,淡蓝
169,197,22,zh,黄绿色,黄绿色,黄绿
39,8,86,zh,深蓝色,深蓝色,深蓝
220,209,90,zh,蛋黄色,蛋黄色,蛋黄
31,44,232,zh,蓝色,蓝色,蓝
213,191,74,zh,黄绿色,黄绿色,黄绿
207,30,85,zh,草莓红,草莓红色,草莓红
108,216,243,zh,淡蓝色,淡蓝色,淡蓝
195,138,9,zh,土黄色,土黄色,土黄
64,46,254,zh,蓝色,蓝色,蓝
58,205,88,zh,绿色,绿色,绿
172,183,119,zh,淡绿色,淡绿色,淡绿
247,115,98,zh,肉橙色,肉橙色,肉橙
48,54,220,zh,蓝色,蓝色,蓝
120,126,188,zh,薰衣草紫,薰衣草紫色,薰衣草紫
213,123,50,zh,黄棕色,黄棕色,黄棕
50,96,16,zh,深绿色,深绿色,深绿
71,117,212,zh,蓝色,蓝色,蓝
26,173,143,zh,青绿色,青绿色,青绿
158,254,125,zh,浅绿色,浅绿色,浅绿
61,238,49,zh,绿色,绿色,绿
154,61,55,zh,棕红色,棕红色,棕红
86,250,219,zh,青色,青色,青
213,186,227,zh,淡紫色,淡紫色,淡紫
128,165,137,zh,暗绿色,暗绿色,暗绿
233,241,58,zh,黄绿色,黄绿色,黄绿
174,69,16,zh,棕色,棕色,棕
156,119,230,zh,浅紫色,浅紫色,浅紫
86,72,38,zh,绿棕色,绿棕色,绿棕
99,61,46,zh,咖啡色,咖啡色,咖啡
112,169,24,zh,绿色,绿色,绿
98,94,146,zh,蓝紫色,蓝紫色,蓝紫
209,253,245,zh,亮绿色,亮绿色,亮绿
76,63,72,zh,黑褐色,黑褐色,黑褐
171,77,219,zh,红紫色,红紫色,紫红
243,70,80,zh,鲜红色,鲜红色,鲜红
225,250,41,zh,亮黄色,亮黄色,亮黄
163,81,67,zh,褐色,褐色,褐
248,211,176,zh,黄咖色,黄咖色,黄咖
26,245,162,zh,浅绿色,浅绿色,浅绿
33,65,167,zh,深蓝色,深蓝色,深蓝
236,25,6,zh,正红色,正红色,正红
62,85,82,zh,墨绿色,墨绿色,墨绿
33,23,62,zh,藏蓝色,藏蓝色,藏蓝
90,12,24,zh,棕色,棕色,棕
123,52,96,zh,暗紫色,暗紫色,暗紫
91,158,34,zh,绿色,绿色,绿
23,109,88,zh,深绿色,深绿色,深绿
205,57,133,zh,品红色,品红色,品红
150,141,29,zh,土绿色,土绿色,土绿
99,87,110,zh,灰蓝色,灰蓝色,灰蓝
128,12,183,zh,紫色,紫色,紫
156,123,56,zh,棕黄色,棕黄色,棕黄
48,252,241,zh,蔚蓝色,蔚蓝色,蔚蓝
78,144,148,zh,刚蓝色,刚蓝色,刚蓝
137,181,254,zh,天蓝色,天蓝色,天蓝
157,58,172,zh,紫藤色,紫藤色,紫藤
3,7,122,zh,深蓝色,深蓝色,深蓝
109,58,36,zh,褐色,褐色,褐
150,4,83,zh,石榴红,石榴红色,石榴红
212,83,154,zh,粉红色,粉红色,粉红
145,246,142,zh,草绿色,草绿色,草绿
9,211,243,zh,天空蓝,天空蓝色,天蓝
44,142,199,zh,海军蓝,海军蓝色,海军蓝
180,15,55,zh,血红色,血红色,血红
183,86,118,zh,胭脂红,胭脂红色,胭脂红
194,248,179,zh,苹果绿,苹果绿色,苹果绿
245,15,23,zh,大红色,大红色,大红
99,112,67,zh,军绿色,军绿色,军绿
40,171,239,zh,天蓝色,天蓝色,天蓝
207,118,229,zh,洋红色,洋红色,洋红
139,187,153,zh,青绿色,青绿色,青绿
230,254,118,zh,浅黄色,浅黄色,浅黄
99,14,62,zh,深紫红色,深紫红色,深紫红
74,224,244,zh,浅天蓝色,浅天蓝色,浅天蓝
246,193,38,zh,暗黄色,暗黄色,暗黄
82,251,27,zh,草绿色,草绿色,草绿
68,62,164,zh,海军蓝,海军蓝色,海军蓝
180,26,239,zh,紫色,紫色,紫
206,100,107,zh,柚子红,柚子红色,柚子红
198,254,191,zh,浅绿色,浅绿色,浅绿
179,16,5,zh,樱桃红,樱桃红色,樱桃红
136,136,95,zh,石灰黄,石灰黄色,石灰黄
109,80,12,zh,褐色,褐色,褐
20,49,92,zh,深蓝色,深蓝色,深蓝
115,99,176,zh,紫色,紫色,紫
24,35,46,zh,蓝黑色,蓝黑色,蓝黑
147,62,122,zh,桔梗紫,桔梗紫色,桔梗紫
246,39,149,zh,粉红色,粉红色,粉红
170,96,92,zh,褐色,褐色,褐
106,71,110,zh,紫棕,紫棕色,紫棕
174,214,64,zh,黄绿,黄绿色,黄绿
98,232,210,zh,亮青,亮青色,亮青
70,13,249,zh,亮蓝,亮蓝色,亮蓝
147,139,64,zh,黄棕,黄棕色,黄棕
22,177,145,zh,粉绿,粉绿色,粉绿
119,113,80,zh,绿棕,绿棕色,绿棕
23,107,145,zh,藏青,藏青色,藏青
180,138,243,zh,粉紫,粉紫色,粉紫
158,232,233,zh,浅青,浅青色,浅青
85,39,168,zh,紫色,紫色,紫
38,199,93,zh,亮绿,亮绿色,亮绿
236,112,95,zh,橙色,橙色,橙
71,53,50,zh,深棕,深棕色,深棕
220,250,133,zh,荧光黄,荧光黄色,荧光黄
54,221,245,zh,天空蓝,天空蓝色,天蓝
34,103,108,zh,暗绿,暗绿色,暗绿
245,138,196,zh,粉色,粉色,粉
187,9,230,zh,亮资,亮资色,亮资
146,182,154,zh,草绿,草绿色,草绿
203,190,192,zh,米灰,米灰色,米灰
7,38,99,zh,暗蓝,暗蓝色,暗蓝
242,186,248,zh,浅粉,浅粉色,浅粉
24,3,6,zh,黑色,黑色,黑
240,191,129,zh,黄色,黄色,黄
186,69,211,zh,亮紫,亮紫色,亮紫
10,100,199,zh,蓝色,蓝色,蓝
228,207,64,zh,浅褐色,浅褐色,浅褐
157,242,123,zh,荧光绿,荧光绿色,荧光绿
168,27,82,zh,藏红,藏红色,藏红
11,250,158,zh,亮绿,亮绿色,亮绿
97,129,69,zh,橄榄绿,橄榄绿色,橄榄绿
142,81,238,zh,紫色,紫色,紫
1,140,223,zh,海蓝,海蓝色,海蓝
21,12,179,zh,暗蓝,暗蓝色,暗蓝
199,251,231,zh,青色,青色,青
113,203,71,zh,草绿色,草绿色,草绿
56,110,171,zh,蓝色,蓝色,蓝
78,7,82,zh,紫色,紫色,紫
79,62,54,zh,黑色,黑色,黑
252,192,202,zh,粉色,粉色,粉
166,113,176,zh,紫色,紫色,紫
4,165,114,zh,绿色,绿色,绿
156,159,157,zh,灰色,灰色,灰
4,192,201,zh,靛蓝色,靛蓝色,靛蓝
221,35,140,zh,紫色,紫色,紫
224,209,108,zh,黄色,黄色,黄
51,76,59,zh,黑色,黑色,黑
0,108,154,zh,海军蓝,海军蓝色,海军蓝
121,103,154,zh,深紫色,深紫色,深紫
176,124,121,zh,深粉色,深粉色,深粉
229,230,26,zh,黄色,黄色,黄
111,251,169,zh,绿色,绿色,绿
183,148,216,zh,紫色,紫色,紫
234,119,24,zh,橙色,橙色,橙
238,62,254,zh,紫罗兰色,紫罗兰色,紫罗蓝
57,207,222,zh,靛蓝色,靛蓝色,靛蓝
157,25,51,zh,酒红色,酒红色,酒红
22,212,193,zh,青色,青色,青
126,180,199,zh,蓝,蓝色,蓝
115,82,7,zh,棕,棕色,棕
124,111,143,zh,紫色,紫色,紫
68,213,209,zh,淡蓝,淡蓝色,淡蓝
24,87,62,zh,深绿,深绿色,深绿
137,25,193,zh,深紫,深紫色,深紫
131,103,241,zh,紫色,紫色,紫
251,217,103,zh,黄色,黄色,黄
169,30,244,zh,紫,紫色,紫
143,47,54,zh,深红,深红色,深红
243,129,64,zh,橘,橘色,橘
177,104,49,zh,棕,棕色,棕
27,214,71,zh,绿,绿色,绿
105,49,132,zh,紫,紫色,紫
26,232,148,zh,浅,浅色,浅
95,55,42,zh,深棕,深棕色,深棕
211,42,102,zh,红,红色,红
164,97,185,zh,紫,紫色,紫
160,225,150,zh,淡,淡色,淡
212,189,165,zh,米,米色,米
53,130,124,zh,青,青色,青
98,119,229,zh,蓝,蓝色,蓝
205,21,179,zh,紫,紫色,紫
6,183,90,zh,深绿色,深绿色,深绿
59,32,99,zh,深紫色,深紫色,深紫
73,241,85,zh,亮绿色,亮绿色,亮绿
227,35,26,zh,大红色,大红色,大红
129,66,129,zh,葡萄紫,葡萄紫色,葡萄紫
55,50,73,zh,藏青色,藏青色,藏青
140,248,212,zh,亮薄荷绿,亮薄荷绿色,亮薄荷绿
205,157,222,zh,浅紫色,浅紫色,浅紫
135,118,14,zh,卡其色,卡其色,卡其
133,139,232,zh,荧光紫,荧光紫色,荧光紫
63,180,151,zh,蓝绿色,蓝绿色,蓝绿
163,94,43,zh,棕色,棕色,棕
231,86,91,zh,红色,红色,红
239,225,159,zh,米色,米色,米
15,109,188,zh,蓝色,蓝色,蓝
129,158,152,zh,墨绿色,墨绿色,墨绿
110,215,211,zh,青色,青色,青
77,6,31,zh,棕色,棕色,棕
129,23,85,zh,紫红色,紫红色,紫红
148,64,211,zh,紫色,紫色,紫
48,106,143,zh,藏青色,藏青色,藏青
45,34,116,zh,深紫色,深紫色,深紫
157,201,164,zh,浅绿色,浅绿色,浅绿
193,99,36,zh,土黄色,土黄色,土黄
181,248,12,zh,荧光绿,荧光绿色,荧光绿
176,234,154,zh,草绿,草绿色,草绿
182,157,192,zh,莫兰迪紫,莫兰迪紫色,莫蓝迪紫
189,156,101,zh,浅棕,浅棕色,浅棕
66,119,244,zh,蓝色,蓝色,蓝
224,138,42,zh,橘色,橘色,橘
25,245,188,zh,青色,青色,青
126,69,50,zh,棕色,棕色,棕
66,2,172,zh,克莱因蓝,克莱因蓝色,克莱因蓝
240,237,7,zh,黄色,黄色,黄
18,127,163,zh,海蓝,海蓝色,海蓝
72,133,105,zh,莫兰迪绿,莫兰迪绿色,莫蓝迪绿
240,56,182,zh,玫红色,玫红色,玫红
157,148,252,zh,蓝紫色,蓝紫色,蓝紫
207,123,224,zh,淡紫色,淡紫色,淡紫
15,35,76,zh,深蓝色,深蓝色,深蓝
74,203,236,zh,天蓝色,天蓝色,天蓝
186,43,113,zh,红紫色,红紫色,紫红
153,155,56,zh,黄绿色,黄绿色,黄绿
172,214,219,zh,淡蓝色,淡蓝色,淡蓝
246,30,33,zh,红色,红色,红
142,116,126,zh,灰棕色,灰棕色,灰棕
254,77,125,zh,玫粉色,玫粉色,玫粉
24,208,53,zh,绿色,绿色,绿
54,168,164,zh,天蓝色,天蓝色,天蓝
62,152,27,zh,绿色,绿色,绿
179,94,213,zh,紫色,紫色,紫
219,229,242,zh,灰色,灰色,灰
2,77,95,zh,深蓝色,深蓝色,深蓝
187,70,128,zh,紫红色,紫红色,紫红
220,217,52,zh,黄色,黄色,黄
126,160,170,zh,暗灰色,暗灰色,暗灰
181,167,53,zh,土黄色,土黄色,土黄
164,231,215,zh,浅蓝色,浅蓝色,浅蓝
96,62,134,zh,暗紫色,暗紫色,暗紫
146,125,104,zh,棕色,棕色,棕
253,138,251,zh,亮粉色,亮粉色,亮粉
19,143,65,zh,深绿色,深绿色,深绿
211,29,146,zh,深粉色,深粉色,深粉
239,171,188,zh,粉色,粉色,粉
54,68,141,zh,深蓝色,深蓝色,深蓝
150,216,153,zh,青色,青色,青
162,99,58,zh,绯红色,绯红色,绯红
138,164,20,zh,绿色,绿色,绿
121,67,195,zh,海蓝色,海蓝色,海蓝
87,9,39,zh,黑色,黑色,黑
187,185,171,zh,粉色,粉色,粉
213,91,47,zh,红色,红色,红
215,194,249,zh,紫,紫色,紫
223,53,3,zh,红,红色,红
70,35,149,zh,紫,紫色,紫
137,217,66,zh,绿,绿色,绿
162,157,10,zh,绿,绿色,绿
41,161,236,zh,蓝,蓝色,蓝
253,139,15,zh,橘,橘色,橘
202,116,151,zh,红,红色,红
255,135,154,zh,粉,粉色,粉
53,59,33,zh,深绿,深绿色,深绿
5,165,94,zh,淡绿,淡绿色,淡绿
234,179,118,zh,棕,棕色,棕
194,126,189,zh,浅紫色,浅紫色,浅紫
150,17,52,zh,深红色,深红色,深红
233,72,12,zh,橘黄色,橘黄色,橘黄
196,177,94,zh,土黄色,土黄色,土黄
231,250,145,zh,亮绿色,亮绿色,亮绿
223,102,231,zh,紫红色,紫红色,紫红
168,186,242,zh,莫兰迪紫色,莫兰迪紫色,莫蓝迪紫
101,72,182,zh,紫色,紫色,紫
142,182,79,zh,草绿色,草绿色,草绿
250,21,94,zh,桃红色,桃红色,桃红
3,202,2,zh,绿色,绿色,绿
69,47,98,zh,深紫色,深紫色,深紫
104,184,234,zh,天蓝色,天蓝色,天蓝
203,170,67,zh,棕黄,棕黄色,棕黄
131,134,170,zh,薰衣草紫,薰衣草紫色,薰衣草紫
93,7,70,zh,玫紫色,玫紫色,玫紫
25,20,184,zh,宝蓝色,宝蓝色,宝蓝
201,41,155,zh,玫粉色,玫粉色,玫粉
28,95,235,zh,亮蓝色,亮蓝色,亮蓝
27,78,149,zh,深蓝色,深蓝色,深蓝
125,220,24,zh,草绿,草绿色,草绿
7,225,224,zh,湖蓝色,湖蓝色,湖蓝
7,125,137,zh,蓝绿色,蓝绿色,蓝绿
159,31,44,zh,朱红色,朱红色,朱红
138,185,170,zh,灰绿色,灰绿色,灰绿
9,54,3,zh,墨绿色,墨绿色,墨绿
54,194,110,zh,草绿色,草绿色,草绿
12,69,192,zh,靛蓝色,靛蓝色,靛蓝
221,67,110,zh,洋红色,洋红色,洋红
117,195,237,zh,淡蓝色,淡蓝色,淡蓝
236,243,199,zh,米黄色,米黄色,米黄
186,103,186,zh,浅紫色,浅紫色,浅紫
50,107,184,zh,灰蓝色,灰蓝色,灰蓝
36,148,174,zh,孔雀蓝绿色,孔雀蓝绿色,孔雀蓝绿
210,146,141,zh,灰粉色,灰粉色,灰粉
141,138,205,zh,暗蓝色,暗蓝色,暗蓝
123,37,236,zh,紫色,紫色,紫
13,55,165,zh,深蓝色,深蓝色,深蓝
132,78,6,zh,棕色,棕色,棕
12,202,174,zh,水蓝色,水蓝色,水蓝
220,97,188,zh,粉紫色,粉紫色,粉紫
18,123,176,zh,海蓝色,海蓝色,海蓝
172,192,133,zh,淡绿色,淡绿色,淡绿
234,31,35,zh,红色,红色,红
40,204,34,zh,绿色,绿色,绿
82,172,116,zh,暗绿色,暗绿色,暗绿
248,118,151,zh,浅粉色,浅粉色,浅粉
13,56,218,zh,深蓝色,深蓝色,深蓝
186,20,32,zh,大红色,大红色,大红
69,33,29,zh,棕褐色,棕褐色,棕褐
56,56,136,zh,蓝紫色,蓝紫色,蓝紫
9,229,238,zh,浅蓝色,浅蓝色,浅蓝
7,122,248,zh,蓝色,蓝色,蓝
176,30,174,zh,紫色,紫色,紫
65,253,162,zh,浅绿色,浅绿色,浅绿
26,146,193,zh,海蓝色,海蓝色,海蓝
118,47,30,zh,棕色,棕色,棕
174,234,173,zh,淡绿色,淡绿色,淡绿
242,218,105,zh,淡黄色,淡黄色,淡黄
119,184,238,zh,蓝色,蓝色,蓝
62,43,85,zh,深蓝,深蓝色,深蓝
61,89,114,zh,莫兰迪蓝,莫兰迪蓝色,莫蓝迪蓝
165,194,54,zh,绿色,绿色,绿
163,112,219,zh,浅紫色,浅紫色,浅紫
66,244,118,zh,草绿色,草绿色,草绿
119,125,94,zh,莫兰迪绿,莫兰迪绿色,莫蓝迪绿
183,81,215,zh,紫色,紫色,紫
88,46,137,zh,深紫色,深紫色,深紫
203,36,217,zh,紫红色,紫红色,紫红
132,40,67,zh,莫兰迪红,莫兰迪红色,莫蓝迪红
227,139,172,zh,粉色,粉色,粉
250,77,239,zh,玫红色,玫红色,玫红
87,78,125,zh,紫黑色,紫黑色,紫黑
127,188,230,zh,天蓝色,天蓝色,天蓝
184,92,254,zh,紫罗兰色,紫罗兰色,紫罗蓝
250,173,89,zh,橙色,橙色,橙
108,156,168,zh,蓝绿色,蓝绿色,蓝绿
174,99,30,zh,土黄色,土黄色,土黄
247,105,211,zh,粉色,粉色,粉
192,220,126,zh,草绿色,草绿色,草绿
84,81,188,zh,钻蓝色,钻蓝色,钻蓝
88,18,242,zh,深紫色,深紫色,深紫
21,220,105,zh,绿色,绿色,绿
149,178,213,zh,粉绿色,粉绿色,粉绿
11,24,20,zh,黑色,黑色,黑
117,117,59,zh,深绿色,深绿色,深绿
27,190,251,zh,天蓝色,天蓝色,天蓝
158,249,230,zh,灰色,灰色,灰
94,144,255,zh,蓝色,蓝色,蓝
47,145,159,zh,深青色,深青色,深青
111,69,59,zh,酒红色,酒红色,酒红
3,73,92,zh,青灰色,青灰色,青灰
222,24,27,zh,红色,红色,红
3,178,21,zh,绿色,绿色,绿
255,217,156,zh,浅黄色,浅黄色,浅黄
68,5,156,zh,深紫色,深紫色,深紫
34,67,31,zh,墨绿色,墨绿色,墨绿
34,139,136,zh,青色,青色,青
224,199,230,zh,浅紫色,浅紫色,浅紫
170,28,156,zh,暗紫色,暗紫色,暗紫
59,139,17,zh,草绿色,草绿色,草绿
103,65,34,zh,棕色,棕色,棕
185,10,114,zh,紫红色,紫红色,紫红
15,171,248,zh,天蓝色,天蓝色,天蓝
21,216,178,zh,青绿色,青绿色,青绿
55,53,218,zh,蓝紫色,蓝紫色,蓝紫
219,70,245,zh,紫色,紫色,紫
202,96,96,zh,朱砂色,朱砂色,朱砂
68,36,2,zh,巧克力色,巧克力色,巧克力
189,131,101,zh,卡其色,卡其色,卡其
99,27,242,zh,紫罗兰色,紫罗兰色,紫罗蓝
171,237,255,zh,天蓝色,天蓝色,天蓝
243,235,111,zh,黄色,黄色,黄
182,196,161,zh,青绿色,青绿色,青绿
155,158,95,zh,浅军绿色,浅军绿色,浅军绿
74,110,29,zh,军绿色,军绿色,军绿
118,97,94,zh,咖啡色,咖啡色,咖啡
191,92,188,zh,粉紫色,粉紫色,粉紫
43,82,74,zh,森绿色,森绿色,森绿
218,160,142,zh,肉色,肉色,肉
98,179,242,zh,天蓝色,天蓝色,天蓝
47,82,249,zh,深蓝色,深蓝色,深蓝
222,27,77,zh,红色,红色,红
134,190,37,zh,暗绿色,暗绿色,暗绿
176,91,252,zh,深紫色,深紫色,深紫
5,68,137,zh,深蓝色,深蓝色,深蓝
29,39,55,zh,黑灰色,黑灰色,黑灰
150,250,27,zh,亮绿色,亮绿色,亮绿
165,140,157,zh,灰紫色,灰紫色,灰紫
217,55,242,zh,紫色,紫色,紫
10,189,78,zh,深绿色,深绿色,深绿
207,40,66,zh,玫红,玫红色,玫红
49,140,13,zh,深绿,深绿色,深绿
221,46,238,zh,荧光紫,荧光紫色,荧光紫
110,109,224,zh,蓝紫,蓝紫色,蓝紫
253,86,58,zh,橘红,橘红色,橘红
30,82,232,zh,深蓝,深蓝色,深蓝
193,83,88,zh,褐红,褐红色,褐红
154,177,221,zh,灰蓝,灰蓝色,灰蓝
143,191,40,zh,灰绿,灰绿色,灰绿
122,234,105,zh,嫩绿,嫩绿色,嫩绿
54,21,163,zh,深蓝,深蓝色,深蓝
30,178,173,zh,蓝绿,蓝绿色,蓝绿
180,34,167,zh,紫色,紫色,紫
149,28,70,zh,暗红色,暗红色,暗红
106,3,95,zh,紫黑色,紫黑色,紫黑
144,156,127,zh,暗绿色,暗绿色,暗绿
250,33,181,zh,粉红色,粉红色,粉红
74,38,204,zh,钻蓝色,钻蓝色,钻蓝
231,25,80,zh,玫红色,玫红色,玫红
40,51,23,zh,深绿色,深绿色,深绿
199,188,61,zh,暗黄色,暗黄色,暗黄
242,244,201,zh,米色,米色,米
118,90,48,zh,棕色,棕色,棕
117,198,143,zh,绿色,绿色,绿
146,134,203,zh,浅紫色,浅紫色,浅紫
135,2,8,zh,砖褐色,砖褐色,砖褐
232,135,31,zh,橙色,橙色,橙
42,38,82,zh,墨蓝色,墨蓝色,墨蓝
183,91,122,zh,砖粉色,砖粉色,砖粉
113,45,163,zh,紫色,紫色,紫
6,89,126,zh,宝绿色,宝绿色,宝绿
205,156,102,zh,褐色,褐色,褐
250,61,187,zh,粉红色,粉红色,粉红
198,58,133,zh,灰粉色,灰粉色,灰粉
58,230,5,zh,绿色,绿色,绿
146,235,166,zh,浅绿色,浅绿色,浅绿
109,172,78,zh,草绿色,草绿色,草绿
4,37,44,zh,黑色,黑色,黑
69,107,181,zh,深海蓝,深海蓝色,深海蓝
83,172,16,zh,草绿色,草绿色,草绿
23,176,92,zh,绿树色,绿树色,绿树
93,24,143,zh,深紫色,深紫色,深紫
157,230,94,zh,浅淡绿色,浅淡绿色,浅淡绿
241,186,254,zh,粉色,粉色,粉
208,159,104,zh,奶棕色,奶棕色,奶棕
181,50,72,zh,浅深红色,浅深红色,浅深红
139,163,205,zh,淡海军蓝色,淡海军蓝色,淡海军蓝
46,77,101,zh,深蓝绿色,深蓝绿色,深蓝绿
180,141,65,zh,土黄色,土黄色,土黄
5,140,198,zh,暗蓝色,暗蓝色,暗蓝
221,91,61,zh,橙色,橙色,橙
3,140,126,zh,蓝绿色,蓝绿色,蓝绿
162,79,159,zh,紫色,紫色,紫
48,107,43,zh,深绿色,深绿色,深绿
252,188,171,zh,肉色,肉色,肉
16,12,122,zh,紫黑色,紫黑色,紫黑
187,147,210,zh,淡紫色,淡紫色,淡紫
22,91,234,zh,钻蓝色,钻蓝色,钻蓝
208,227,55,zh,草绿色,草绿色,草绿
252,225,136,zh,米黄色,米黄色,米黄
135,186,116,zh,灰绿,灰绿色,灰绿
35,132,91,zh,深绿,深绿色,深绿
162,116,135,zh,紫红,紫红色,紫红
132,113,164,zh,灰紫,灰紫色,灰紫
131,40,17,zh,深红,深红色,深红
214,199,188,zh,肉色,肉色,肉
131,67,161,zh,深紫,深紫色,深紫
253,188,189,zh,嫩粉,嫩粉色,嫩粉
19,47,229,zh,深蓝,深蓝色,深蓝
218,108,196,zh,荧光紫,荧光紫色,荧光紫
111,221,34,zh,荧光绿,荧光绿色,荧光绿
126,18,68,zh,紫红,紫红色,紫红
95,180,43,zh,洋绿色,洋绿色,洋绿
99,162,101,zh,叶绿色,叶绿色,叶绿
45,108,31,zh,森绿色,森绿色,森绿
149,122,33,zh,棕褐色,棕褐色,棕褐
211,171,217,zh,淡紫色,淡紫色,淡紫
233,53,24,zh,红色,红色,红
252,234,24,zh,黄色,黄色,黄
235,246,127,zh,灰黑色,灰黑色,灰黑
23,231,95,zh,亮绿色,亮绿色,亮绿
33,58,251,zh,深蓝色,深蓝色,深蓝
226,194,99,zh,土褐色,土褐色,土褐
112,132,250,zh,洋兰紫色,洋兰紫色,洋蓝紫
220,158,26,zh,褐黄,褐黄色,褐黄
78,114,150,zh,灰蓝,灰蓝色,灰蓝
42,64,125,zh,墨蓝,墨蓝色,墨蓝
220,34,164,zh,紫粉,紫粉色,粉紫
2,43,143,zh,深蓝,深蓝色,深蓝
253,126,39,zh,橙色,橙色,橙
43,29,66,zh,墨黑,墨黑色,墨黑
46,102,105,zh,灰绿,灰绿色,灰绿
185,155,63,zh,褐黄,褐黄色,褐黄
251,175,120,zh,橘粉,橘粉色,橘粉
26,46,8,zh,深绿,深绿色,深绿
85,86,18,zh,褐绿,褐绿色,褐绿
69,254,195,zh,绿,绿色,绿
121,54,141,zh,紫,紫色,紫
206,252,1,zh,黄,黄色,黄
138,8,36,zh,棕红,棕红色,棕红
62,168,18,zh,绿,绿色,绿
4,197,187,zh,青,青色,青
98,72,249,zh,藏青,藏青色,藏青
19,249,66,zh,绿,绿色,绿
78,168,92,zh,灰绿,灰绿色,灰绿
216,26,126,zh,粉,粉色,粉
5,18,38,zh,黑,黑色,黑
91,188,206,zh,蓝,蓝色,蓝
34,78,114,zh,蓝,蓝色,蓝
204,205,42,zh,黄,黄色,黄
161,7,184,zh,紫,紫色,紫
73,19,25,zh,褐,褐色,褐
211,27,163,zh,粉,粉色,粉
124,116,24,zh,棕黄,棕黄色,棕黄
80,89,225,zh,蓝,蓝色,蓝
22,144,122,zh,绿,绿色,绿
66,184,249,zh,蓝,蓝色,蓝
144,165,65,zh,黄绿,黄绿色,黄绿
235,158,254,zh,粉,粉色,粉
19,242,125,zh,绿,绿色,绿
102,108,65,zh,绿,绿色,绿
212,67,17,zh,橙,橙色,橙
155,103,67,zh,棕,棕色,棕
200,86,177,zh,粉,粉色,粉
164,33,83,zh,红,红色,红
219,157,92,zh,橙,橙色,橙
186,237,237,zh,蓝,蓝色,蓝
50,116,63,zh,绿,绿色,绿
241,211,158,zh,黄,黄色,黄
42,30,158,zh,蓝,蓝色,蓝
237,10,29,zh,红,红色,红
17,52,41,zh,绿,绿色,绿
250,114,31,zh,橘色,橘色,橘
173,255,4,zh,浅绿,浅绿色,浅绿
185,92,243,zh,紫色,紫色,紫
221,183,146,zh,肉色,肉色,肉
173,163,13,zh,屎黄色,屎黄色,屎黄
178,237,99,zh,淡绿,淡绿色,淡绿
223,149,52,zh,橙色,橙色,橙
151,54,55,zh,酒红,酒红色,酒红
252,245,5,zh,黄色,黄色,黄
170,24,176,zh,紫色,紫色,紫
4,57,111,zh,靛蓝,靛蓝色,靛蓝
55,177,114,zh,暗绿色,暗绿色,暗绿
50,173,242,zh,靛蓝,靛蓝色,靛蓝
110,175,184,zh,蒂芙尼蓝,蒂芙尼蓝色,蒂芙尼蓝
19,10,161,zh,蓝紫,蓝紫色,蓝紫
250,186,143,zh,肉色,肉色,肉
226,10,160,zh,芭比粉,芭比粉色,芭比粉
201,23,8,zh,三文鱼橙,三文鱼橙色,三文鱼橙
16,28,117,zh,深蓝,深蓝色,深蓝
149,241,87,zh,亮绿,亮绿色,亮绿
88,154,247,zh,天蓝,天蓝色,天蓝
149,91,34,zh,棕色,棕色,棕
58,58,240,zh,藍紫色,藍紫色,蓝紫
148,14,49,zh,暗紅色,暗紅色,暗红
144,133,176,zh,紫羅蘭,紫羅蘭色,紫罗蓝
105,221,212,zh,青色,青色,青
91,243,14,zh,亮綠色,亮綠色,亮绿
45,127,229,zh,藍色,藍色,蓝
39,70,215,zh,海軍藍,海軍藍色,海军蓝
163,65,179,zh,亮紫色,亮紫色,亮紫
212,237,53,zh,黃綠色,黃綠色,黄绿
42,50,8,zh,黑色,黑色,黑
15,83,6,zh,深綠色,深綠色,深绿
93,130,119,zh,淡綠色,淡綠色,淡绿
224,185,226,zh,紫粉,紫粉色,粉紫
24,209,153,zh,青绿色,青绿色,青绿
159,23,121,zh,嫣紫,嫣紫色,嫣紫
158,68,218,zh,紫色,紫色,紫
73,78,251,zh,浅蓝,浅蓝色,浅蓝
129,58,82,zh,棕红,棕红色,棕红
240,104,101,zh,浅红,浅红色,浅红
60,15,209,zh,深蓝,深蓝色,深蓝
70,165,211,zh,天蓝,天蓝色,天蓝
12,97,181,zh,蓝色,蓝色,蓝
31,171,60,zh,绿色,绿色,绿
206,150,148,zh,深肉色,深肉色,深肉
30,196,130,zh,藍綠,藍綠色,蓝绿
46,55,155,zh,藏青,藏青色,藏青
185,165,239,zh,粉紫,粉紫色,粉紫
68,230,66,zh,螢光綠,螢光綠色,荧光绿
211,116,220,zh,紅紫,紅紫色,紫红
8,120,110,zh,灰,灰色,灰
43,54,54,zh,黑,黑色,黑
168,73,103,zh,酒紅,酒紅色,酒红
149,100,220,zh,紫,紫色,紫
181,1,38,zh,深紅色,深紅色,深红
32,30,18,zh,黑色,黑色,黑
146,144,53,zh,抹茶色,抹茶色,抹茶
120,141,136,zh,灰色,灰色,灰
96,198,135,zh,綠色,綠色,绿
251,148,17,zh,橘色,橘色,橘
226,225,158,zh,草綠色,草綠色,草绿
80,1,160,zh,紫色,紫色,紫
189,24,17,zh,暗紅色,暗紅色,暗红
72,164,186,zh,藍綠色,藍綠色,蓝绿
218,55,250,zh,粉紫色,粉紫色,粉紫
214,121,129,zh,粉紅色,粉紅色,粉红
7,57,206,zh,靛藍色,靛藍色,靛蓝
238,4,77,zh,桃紅色,桃紅色,桃红
253,58,17,zh,亮橘色,亮橘色,亮橘
60,61,63,zh,鐵灰色,鐵灰色,铁灰
225,123,93,zh,粉橘色,粉橘色,粉橘
14,170,143,zh,藍綠色,藍綠色,蓝绿
165,47,65,zh,紅色,紅色,红
94,144,55,zh,草綠色,草綠色,草绿
198,15,161,zh,粉紫色,粉紫色,粉紫
37,14,66,zh,紫色,紫色,紫
10,175,253,zh,藍色,藍色,蓝
59,99,114,zh,暗藍綠色,暗藍綠色,暗蓝绿
196,173,149,zh,淺咖色,淺咖色,浅咖
63,2,24,zh,酒紅色,酒紅色,酒红
20,222,52,zh,亮綠色,亮綠色,亮绿
84,14,215,zh,靛色,靛色,靛
157,220,7,zh,亮草綠色,亮草綠色,亮草绿
188,199,13,zh,草綠色,草綠色,草绿
22,95,34,zh,深綠,深綠色,深绿
123,68,93,zh,暗紫,暗紫色,暗紫
136,166,141,zh,莫蘭迪綠,莫蘭迪綠色,莫蓝迪绿
210,158,62,zh,橘黃,橘黃色,橘黄
213,91,153,zh,粉色,粉色,粉
14,29,59,zh,深紫色,深紫色,深紫
162,148,180,zh,莫蘭迪紫,莫蘭迪紫色,莫蓝迪紫
210,155,217,zh,粉紫,粉紫色,粉紫
116,122,15,zh,深草綠,深草綠色,深草绿
97,220,232,zh,天藍色,天藍色,天蓝
111,71,100,zh,紫,紫色,紫
109,2,181,zh,紫,紫色,紫
61,20,93,zh,深紫,深紫色,深紫
5,222,231,zh,青,青色,青
124,144,213,zh,淡紫,淡紫色,淡紫
75,150,105,zh,松绿,松绿色,松绿
184,224,243,zh,浅蓝,浅蓝色,浅蓝
49,69,17,zh,深绿,深绿色,深绿
9,127,30,zh,深绿,深绿色,深绿
5,22,252,zh,深蓝,深蓝色,深蓝
200,80,155,zh,紫,紫色,紫
149,242,175,zh,浅绿,浅绿色,浅绿
16,40,156,zh,深蓝,深蓝色,深蓝
241,193,25,zh,柠檬黄,柠檬黄色,柠檬黄
66,208,12,zh,绿,绿色,绿
151,182,10,zh,草绿,草绿色,草绿
180,72,59,zh,豆沙红,豆沙红色,豆沙红
157,92,247,zh,紫,紫色,紫
90,35,20,zh,棕红,棕红色,棕红
141,56,184,zh,紫,紫色,紫
106,198,91,zh,绿,绿色,绿
1,145,207,zh,蓝,蓝色,蓝
95,92,74,zh,灰,灰色,灰
212,240,208,zh,浅绿,浅绿色,浅绿
68,102,214,zh,靛蓝,靛蓝色,靛蓝
147,123,40,zh,棕黄,棕黄色,棕黄
126,85,163,zh,紫,紫色,紫
201,151,42,zh,土黄,土黄色,土黄
38,84,227,zh,蓝,蓝色,蓝
166,168,109,zh,豆沙绿,豆沙绿色,豆沙绿
177,18,235,zh,紫,紫色,紫
91,212,184,zh,青,青色,青
68,100,118,zh,蓝灰,蓝灰色,蓝灰
174,5,62,zh,品红,品红色,品红
241,69,124,zh,粉,粉色,粉
224,113,2,zh,橙,橙色,橙
65,47,69,zh,紫黑,紫黑色,紫黑
252,171,10,zh,蛋黄,蛋黄色,蛋黄
116,38,12,zh,深棕,深棕色,深棕
235,88,169,zh,粉红,粉红色,粉红
181,4,49,zh,亮红,亮红色,亮红
194,69,100,zh,桃色,桃色,桃
255,214,142,zh,浅黄,浅黄色,浅黄
176,234,254,zh,天蓝,天蓝色,天蓝
121,153,205,zh,灰蓝,灰蓝色,灰蓝
144,254,14,zh,荧光绿,荧光绿色,荧光绿
112,31,95,zh,深紫,深紫色,深紫
190,110,78,zh,土色,土色,土
83,97,129,zh,灰色,灰色,灰
47,92,50,zh,深绿,深绿色,深绿
49,119,230,zh,蓝色,蓝色,蓝
55,247,141,zh,亮绿,亮绿色,亮绿
28,186,225,zh,天蓝,天蓝色,天蓝
2,12,65,zh,黑蓝,黑蓝色,黑蓝
82,17,185,zh,蓝紫,蓝紫色,蓝紫
61,52,148,zh,深蓝,深蓝色,深蓝
154,44,244,zh,亮紫,亮紫色,亮紫
70,71,56,zh,棕绿,棕绿色,棕绿
154,120,73,zh,土黄,土黄色,土黄
163,98,183,zh,粉紫,粉紫色,粉紫
169,173,150,zh,灰黄,灰黄色,灰黄
66,137,152,zh,深青,深青色,深青
244,254,191,zh,米色,米色,米
65,75,231,zh,深蓝,深蓝色,深蓝
129,155,61,zh,灰绿,灰绿色,灰绿
179,227,130,zh,浅绿,浅绿色,浅绿
242,43,208,zh,深粉,深粉色,深粉
66,174,255,zh,天蓝,天蓝色,天蓝
33,159,60,zh,绿色,绿色,绿
74,187,184,zh,浅青,浅青色,浅青
159,178,9,zh,棕绿,棕绿色,棕绿
77,236,184,zh,蓝绿,蓝绿色,蓝绿
180,26,42,zh,酒红,酒红色,酒红
104,163,50,zh,草绿,草绿色,草绿
244,75,129,zh,粉红,粉红色,粉红
218,118,20,zh,芒果黄,芒果黄色,芒果黄
100,21,237,zh,紫蓝,紫蓝色,蓝紫
154,110,20,zh,土黄,土黄色,土黄
198,79,41,zh,砖红,砖红色,砖红
188,212,230,zh,浅蓝,浅蓝色,浅蓝
191,51,238,zh,薰衣紫,薰衣紫色,薰衣紫
151,196,42,zh,黄绿,黄绿色,黄绿
193,188,94,zh,卡其,卡其色,卡其
132,126,135,zh,中灰,中灰色,中灰
105,135,114,zh,绿灰,绿灰色,绿灰
176,236,198,zh,浅绿,浅绿色,浅绿
94,254,41,zh,亮绿,亮绿色,亮绿
52,48,17,zh,灰咖啡,灰咖啡色,灰咖啡
251,89,49,zh,橙红,橙红色,橙红
221,210,12,zh,黄,黄色,黄
78,190,12,zh,砖红,砖红色,砖红
210,68,179,zh,紫罗兰,紫罗兰色,紫罗蓝
233,182,234,zh,浅紫,浅紫色,浅紫
102,248,204,zh,蓝绿,蓝绿色,蓝绿
108,206,231,zh,黄绿,黄绿色,黄绿
39,113,46,zh,灰绿,灰绿色,灰绿
161,88,64,zh,红卡其,红卡其色,红卡其
81,123,193,zh,天蓝,天蓝色,天蓝
28,117,155,zh,蓝绿,蓝绿色,蓝绿
11,51,105,zh,灰蓝,灰蓝色,灰蓝
126,134,55,zh,秋草绿,秋草绿色,秋草绿
213,243,59,zh,柠檬黄,柠檬黄色,柠檬黄
12,58,67,zh,深蓝,深蓝色,深蓝
43,178,105,zh,黄绿,黄绿色,黄绿
83,79,111,zh,灰紫,灰紫色,灰紫
146,92,225,zh,亮紫,亮紫色,亮紫
7,95,250,zh,鲜嫩蓝,鲜嫩蓝色,鲜嫩蓝
195,144,241,zh,红紫,红紫色,紫红
37,249,168,zh,青,青色,青
18,47,160,zh,深蓝,深蓝色,深蓝
248,128,54,zh,橙,橙色,橙
114,192,231,zh,水蓝,水蓝色,水蓝
121,220,69,zh,浅绿,浅绿色,浅绿
208,182,94,zh,土黄,土黄色,土黄
91,57,213,zh,蓝紫,蓝紫色,蓝紫
161,252,13,zh,亮绿,亮绿色,亮绿
207,28,16,zh,红,红色,红
187,90,225,zh,蓝紫,蓝紫色,蓝紫
114,32,106,zh,靛,靛色,靛
247,87,187,zh,洋红,洋红色,洋红
2,97,205,zh,蓝,蓝色,蓝
61,44,37,zh,土,土色,土
6,129,210,zh,蓝,蓝色,蓝
89,101,123,zh,深灰蓝,深灰蓝色,深灰蓝
22,122,117,zh,深蓝绿,深蓝绿色,深蓝绿
154,184,178,zh,灰绿,灰绿色,灰绿
240,161,116,zh,褐黄,褐黄色,褐黄
137,14,47,zh,深红,深红色,深红
180,166,203,zh,紫罗兰,紫罗兰色,紫罗蓝
148,211,130,zh,淡绿,淡绿色,淡绿
220,46,195,zh,亮紫,亮紫色,亮紫
27,93,23,zh,深绿,深绿色,深绿
7,19,82,zh,亚甲基蓝,亚甲基蓝色,亚甲基蓝
246,165,62,zh,橙黄,橙黄色,橙黄
104,70,95,zh,深灰紫,深灰紫色,深灰紫
223,255,125,zh,荧光绿,荧光绿色,荧光绿
124,235,209,zh,青,青色,青
110,161,32,zh,绿,绿色,绿
184,194,70,zh,浅褐绿,浅褐绿色,浅褐绿
130,111,92,zh,灰褐,灰褐色,灰褐
129,143,75,zh,褐绿,褐绿色,褐绿
56,5,4,zh,深褐红,深褐红色,深褐红
128,39,4,zh,深橙红,深橙红色,深橙红
164,118,59,zh,土褐,土褐色,土褐
59,202,108,zh,绿色,绿色,绿
235,193,224,zh,粉色,粉色,粉
95,96,160,zh,蓝紫色,蓝紫色,蓝紫
125,40,220,zh,紫色,紫色,紫
101,192,128,zh,浅绿色,浅绿色,浅绿
141,151,202,zh,浅紫色,浅紫色,浅紫
171,133,30,zh,棕色,棕色,棕
210,116,231,zh,深粉色,深粉色,深粉
137,35,32,zh,暗红色,暗红色,暗红
47,11,84,zh,深紫色,深紫色,深紫
218,94,137,zh,深粉色,深粉色,深粉
237,166,87,zh,橙色,橙色,橙
66,215,15,zh,绿色,绿色,绿
248,186,46,zh,浅橙色,浅橙色,浅橙
5,165,141,zh,深绿色,深绿色,深绿
239,15,200,zh,深粉色,深粉色,深粉
79,64,44,zh,棕黑色,棕黑色,棕黑
114,93,252,zh,紫色,紫色,紫
121,174,179,zh,浅青色,浅青色,浅青
133,124,97,zh,棕灰色,棕灰色,棕灰
183,88,17,zh,红棕色,红棕色,红棕
70,145,222,zh,深蓝色,深蓝色,深蓝
207,47,232,zh,粉紫色,粉紫色,粉紫
98,59,10,zh,深棕色,深棕色,深棕
51,245,213,zh,青绿色,青绿色,青绿
209,122,81,zh,红褐色,红褐色,红褐
203,247,170,zh,浅绿色,浅绿色,浅绿
117,152,25,zh,深绿色,深绿色,深绿
229,30,75,zh,粉红色,粉红色,粉红
40,133,57,zh,深绿色,深绿色,深绿
162,117,191,zh,浅紫色,浅紫色,浅紫
191,135,164,zh,肉紫色,肉紫色,肉紫
197,242,105,zh,亮绿色,亮绿色,亮绿
106,126,68,zh,暗绿色,暗绿色,暗绿
163,62,153,zh,深紫色,深紫色,深紫
229,32,161,zh,粉色,粉色,粉
72,125,238,zh,蓝色,蓝色,蓝
210,216,151,zh,绿色,绿色,绿
151,200,243,zh,浅蓝,浅蓝色,浅蓝
129,212,101,zh,浅绿,浅绿色,浅绿
212,207,102,zh,屎黄,屎黄色,屎黄
130,114,170,zh,紫色,紫色,紫
168,23,116,zh,深粉,深粉色,深粉
73,148,190,zh,暗蓝,暗蓝色,暗蓝
202,7,182,zh,亮粉,亮粉色,亮粉
149,223,31,zh,亮绿,亮绿色,亮绿
161,87,17,zh,褐色,褐色,褐
227,190,40,zh,土黄,土黄色,土黄
191,88,119,zh,深粉色,深粉色,深粉
67,77,4,zh,墨绿色,墨绿色,墨绿
156,28,116,zh,深紫色,深紫色,深紫
49,61,237,zh,蓝色,蓝色,蓝
16,143,24,zh,深绿色,深绿色,深绿
141,169,167,zh,粘土色,粘土色,粘土
41,242,88,zh,绿色,绿色,绿
155,110,192,zh,深紫色,深紫色,深紫
161,122,254,zh,紫色,紫色,紫
117,71,55,zh,棕色,棕色,棕
246,56,100,zh,血红色,血红色,血红
183,24,176,zh,深紫色,深紫色,深紫
192,230,130,zh,黄绿色,黄绿色,黄绿
77,66,164,zh,蓝黑色,蓝黑色,蓝黑
11,204,173,zh,蓝绿色,蓝绿色,蓝绿
123,226,54,zh,青草色,青草色,青草
251,77,233,zh,亮粉色,亮粉色,亮粉
254,124,60,zh,橙红色,橙红色,橙红
143,139,98,zh,棕色,棕色,棕
207,105,180,zh,紫粉色,紫粉色,粉紫
53,187,120,zh,绿色,绿色,绿
252,142,12,zh,橙色,橙色,橙
23,242,255,zh,荧光蓝色,荧光蓝色,萤光蓝
228,32,140,zh,深粉色,深粉色,深粉
14,66,38,zh,墨绿色,墨绿色,墨绿
135,8,239,zh,紫色,紫色,紫
235,224,74,zh,黄色,黄色,黄
148,135,151,zh,灰色,灰色,灰
56,48,72,zh,浅黑色,浅黑色,浅黑
195,155,39,zh,土黄色,土黄色,土黄
17,29,166,zh,深亮蓝色,深亮蓝色,深亮蓝
13,73,142,zh,深蓝色,深蓝色,深蓝
52,125,223,zh,蓝色,蓝色,蓝
41,238,143,zh,荧光绿色,荧光绿色,荧光绿
83,29,81,zh,深紫深红色,深紫深红色,深紫深红
101,154,15,zh,红色,红色,红
60,43,250,zh,蓝色,蓝色,蓝
120,197,218,zh,粉色,粉色,粉
144,133,101,zh,土黄,土黄色,土黄
177,59,46,zh,深红,深红色,深红
86,153,192,zh,蓝灰,蓝灰色,蓝灰
79,67,90,zh,紫黑,紫黑色,紫黑
208,234,1,zh,柠檬黄,柠檬黄色,柠檬黄
38,57,46,zh,黑,黑色,黑
76,131,132,zh,蓝灰,蓝灰色,蓝灰
159,30,172,zh,紫红,紫红色,紫红
47,175,8,zh,绿,绿色,绿
131,204,187,zh,天蓝,天蓝色,天蓝
125,64,106,zh,深紫,深紫色,深紫
20,62,210,zh,宝蓝,宝蓝色,宝蓝
222,39,7,zh,红,红色,红
241,25,135,zh,粉红,粉红色,粉红
63,106,242,zh,蓝,蓝色,蓝
37,91,132,zh,深蓝,深蓝色,深蓝
46,46,1,zh,黑,黑色,黑
66,252,160,zh,亮绿,亮绿色,亮绿
72,161,57,zh,绿,绿色,绿
195,193,59,zh,黄褐,黄褐色,黄褐
34,225,207,zh,天蓝,天蓝色,天蓝
153,58,234,zh,紫,紫色,紫
6,77,171,zh,深蓝,深蓝色,深蓝
233,105,193,zh,粉,粉色,粉
192,253,250,zh,天蓝,天蓝色,天蓝
120,208,230,zh,淡蓝,淡蓝色,淡蓝
248,201,3,zh,黄,黄色,黄
140,234,123,zh,绿,绿色,绿
70,21,1,zh,棕,棕色,棕
149,169,245,zh,蓝,蓝色,蓝
204,159,94,zh,棕黄,棕黄色,棕黄
138,80,74,zh,棕,棕色,棕
217,85,242,zh,粉红,粉红色,粉红
153,107,199,zh,紫,紫色,紫
186,231,177,zh,淡绿,淡绿色,淡绿
110,69,27,zh,褐,褐色,褐
86,221,46,zh,绿,绿色,绿
61,39,39,zh,棕,棕色,棕
242,144,74,zh,橙,橙色,橙
240,221,136,zh,米黄,米黄色,米黄
245,195,33,zh,桔黄,桔黄色,橘黄
191,26,113,zh,品红,品红色,品红
155,46,134,zh,紫,紫色,紫
53,22,70,zh,深紫,深紫色,深紫
90,99,53,zh,军绿,军绿色,军绿
7,111,233,zh,浅蓝,浅蓝色,浅蓝
208,249,200,zh,浅绿,浅绿色,浅绿
191,129,236,zh,浅紫,浅紫色,浅紫
214,185,170,zh,淡棕,淡棕色,淡棕
137,74,53,zh,棕,棕色,棕
218,11,61,zh,深红,深红色,深红
23,255,7,zh,绿,绿色,绿
186,43,226,zh,亮紫,亮紫色,亮紫
16,46,86,zh,卡其,卡其色,卡其
181,84,96,zh,深粉,深粉色,深粉
216,60,32,zh,红,红色,红
131,9,21,zh,赤红,赤红色,赤红
237,108,102,zh,肉色,肉色,肉
211,228,22,zh,薄荷,薄荷色,薄荷
10,216,200,zh,青绿,青绿色,青绿
143,88,108,zh,棕,棕色,棕
122,150,64,zh,草绿,草绿色,草绿
50,23,150,zh,深紫,深紫色,深紫
100,75,232,zh,亮紫,亮紫色,亮紫
35,102,183,zh,深蓝,深蓝色,深蓝
32,143,185,zh,暗蓝,暗蓝色,暗蓝
150,249,249,zh,亮蓝,亮蓝色,亮蓝
159,144,187,zh,浅紫,浅紫色,浅紫
127,152,163,zh,灰蓝,灰蓝色,灰蓝
92,36,235,zh,蓝紫,蓝紫色,蓝紫
55,161,147,zh,青,青色,青
75,81,85,zh,灰,灰色,灰
214,214,11,zh,有点暗的黄,有点暗的黄色,有点暗的黄
176,236,217,zh,淡绿,淡绿色,淡绿
251,32,239,zh,品红,品红色,品红
11,16,108,zh,藏青,藏青色,藏青
36,227,121,zh,浅绿,浅绿色,浅绿
170,198,66,zh,黄绿,黄绿色,黄绿
168,187,226,zh,浅灰蓝,浅灰蓝色,浅灰蓝
220,161,217,zh,浅粉紫,浅粉紫色,浅粉紫
152,37,56,zh,深红,深红色,深红
29,21,51,zh,黑,黑色,黑
120,151,52,zh,深绿,深绿色,深绿
76,197,199,zh,蓝绿,蓝绿色,蓝绿
189,100,169,zh,暗紫,暗紫色,暗紫
189,85,197,zh,红紫,红紫色,紫红
55,75,181,zh,蓝,蓝色,蓝
220,14,24,zh,红,红色,红
239,81,180,zh,品红,品红色,品红
106,127,123,zh,暗灰绿,暗灰绿色,暗灰绿
22,78,89,zh,暗蓝绿,暗蓝绿色,暗蓝绿
6,105,7,zh,暗绿,暗绿色,暗绿
7,115,83,zh,绿,绿色,绿
126,30,235,zh,紫,紫色,紫
105,171,134,zh,浅灰绿,浅灰绿色,浅灰绿
139,219,107,zh,淡绿,淡绿色,淡绿
98,89,149,zh,深蓝紫,深蓝紫色,深蓝紫
248,227,113,zh,亮黄,亮黄色,亮黄
87,237,5,zh,浅绿,浅绿色,浅绿
192,72,234,zh,紫,紫色,紫
227,170,31,zh,黄色,黄色,黄
254,185,170,zh,肉色,肉色,肉
72,178,247,zh,淡蓝,淡蓝色,淡蓝
149,72,101,zh,暗紫红,暗紫红色,暗紫红
28,183,116,zh,绿,绿色,绿
148,120,28,zh,暗黄色,暗黄色,暗黄
65,49,50,zh,黑,黑色,黑
143,110,220,zh,淡紫,淡紫色,淡紫
133,246,179,zh,粉色,粉色,粉
87,53,127,zh,紫色,紫色,紫
67,25,17,zh,棕色,棕色,棕
35,81,149,zh,紫色,紫色,紫
249,113,110,zh,粉色,粉色,粉
109,78,84,zh,绿色,绿色,绿
248,119,153,zh,粉色,粉色,粉
213,7,190,zh,紫色,紫色,紫
52,113,241,zh,蓝色,蓝色,蓝
165,232,215,zh,天蓝,天蓝色,天蓝
245,10,169,zh,粉色,粉色,粉
255,189,107,zh,米黄,米黄色,米黄
162,121,161,zh,粉红,粉红色,粉红
6,138,135,zh,灰绿,灰绿色,灰绿
209,203,99,zh,绿色,绿色,绿
19,3,48,zh,黑色,黑色,黑
146,127,29,zh,红色,红色,红
30,4,136,zh,深蓝,深蓝色,深蓝
68,122,149,zh,粉色,粉色,粉
24,218,0,zh,橘色,橘色,橘
229,143,113,zh,粉色,粉色,粉
249,77,35,zh,橘红,橘红色,橘红
92,133,67,zh,棕色,棕色,棕
234,247,191,zh,米白,米白色,米白
56,24,245,zh,蓝色,蓝色,蓝
14,62,180,zh,蓝色,蓝色,蓝
13,43,216,zh,蓝色,蓝色,蓝
223,212,211,zh,粉色,粉色,粉
104,27,11,zh,棕色,棕色,棕
29,79,37,zh,棕色,棕色,棕
21,191,103,zh,粉红,粉红色,粉红
7,167,252,zh,蓝色,蓝色,蓝
31,248,148,zh,粉色,粉色,粉
57,211,219,zh,蓝色,蓝色,蓝
249,158,26,zh,橙色,橙色,橙
147,113,236,zh,蓝色,蓝色,蓝
239,105,117,zh,桃红,桃红色,桃红
67,253,245,zh,天蓝,天蓝色,天蓝
201,113,53,zh,褐色,褐色,褐
9,34,177,zh,深蓝,深蓝色,深蓝
209,172,89,zh,土黄,土黄色,土黄
3,48,86,zh,藏青,藏青色,藏青
217,197,237,zh,浅紫,浅紫色,浅紫
175,41,80,zh,玫瑰红,玫瑰红色,玫红
40,131,143,zh,青绿,青绿色,青绿
124,167,49,zh,草绿,草绿色,草绿
196,163,28,zh,深黄,深黄色,深黄
204,4,57,zh,大红,大红色,大红
44,111,198,zh,浅藏青,浅藏青色,浅藏青
219,250,98,zh,嫩黄绿,嫩黄绿色,嫩黄绿
152,194,238,zh,灰蓝,灰蓝色,灰蓝
77,106,52,zh,墨绿,墨绿色,墨绿
5,174,47,zh,绿,绿色,绿
132,8,152,zh,深紫,深紫色,深紫
185,88,182,zh,紫红,紫红色,紫红
195,13,241,zh,亮紫,亮紫色,亮紫
248,176,165,zh,肉色,肉色,肉
152,109,230,zh,浅紫,浅紫色,浅紫
106,62,241,zh,蓝紫,蓝紫色,蓝紫
75,34,1,zh,暗红褐,暗红褐色,暗红褐
104,56,154,zh,紫罗兰,紫罗兰色,紫罗蓝
251,246,29,zh,亮黄,亮黄色,亮黄
207,254,252,zh,淡蓝,淡蓝色,淡蓝
125,114,101,zh,灰褐,灰褐色,灰褐
19,143,205,zh,青涩,青涩色,青涩
253,58,47,zh,鲜红,鲜红色,鲜红
105,49,51,zh,红褐,红褐色,红褐
42,152,84,zh,深绿,深绿色,深绿
26,251,150,zh,亮绿,亮绿色,亮绿
43,23,36,zh,黑色,黑色,黑
222,145,17,zh,橙色,橙色,橙
23,183,228,zh,天蓝,天蓝色,天蓝
25,135,147,zh,青色,青色,青
62,27,194,zh,深蓝,深蓝色,深蓝
173,47,172,zh,紫色,紫色,紫
118,96,112,zh,紫灰色,紫灰色,紫灰
74,7,145,zh,深紫,深紫色,深紫
138,239,238,zh,天蓝,天蓝色,天蓝
189,248,24,zh,荧光绿,荧光绿色,荧光绿
201,82,58,zh,桔红,桔红色,桔红
161,164,221,zh,粉蓝,粉蓝色,粉蓝
79,124,37,zh,草绿,草绿色,草绿
217,194,211,zh,浅紫色,浅紫色,浅紫
117,199,77,zh,绿色,绿色,绿
161,143,1,zh,黄绿色,黄绿色,黄绿
231,152,169,zh,粉色,粉色,粉
72,121,224,zh,蓝色,蓝色,蓝
165,84,21,zh,棕色,棕色,棕
18,40,7,zh,黑色,黑色,黑
222,235,128,zh,黄绿色,黄绿色,黄绿
9,125,94,zh,深绿色,深绿色,深绿
225,18,151,zh,洋红,洋红色,洋红
30,185,109,zh,绿色,绿色,绿
121,203,173,zh,淡青色,淡青色,淡青
192,189,190,zh,灰色,灰色,灰
116,217,192,zh,水绿,水绿色,水绿
8,102,78,zh,墨绿,墨绿色,墨绿
109,161,151,zh,灰色,灰色,灰
52,241,181,zh,淡绿,淡绿色,淡绿
27,117,239,zh,亮蓝,亮蓝色,亮蓝
89,241,137,zh,草绿,草绿色,草绿
73,107,36,zh,橄榄绿,橄榄绿色,橄榄绿
142,53,207,zh,紫罗兰色,紫罗兰色,紫罗蓝
136,4,132,zh,紫色,紫色,紫
32,75,213,zh,蓝色,蓝色,蓝
28,58,137,zh,深紫,深紫色,深紫
107,93,72,zh,墨绿,墨绿色,墨绿
126,8,247,zh,蓝紫,蓝紫色,蓝紫
231,154,96,zh,土黄,土黄色,土黄
218,69,235,zh,粉紫,粉紫色,粉紫
224,247,184,zh,亮黄,亮黄色,亮黄
70,48,224,zh,蓝,蓝色,蓝
11,163,243,zh,天蓝,天蓝色,天蓝
21,61,14,zh,深绿,深绿色,深绿
173,186,89,zh,绿色,绿色,绿
218,54,131,zh,深粉,深粉色,深粉
80,118,175,zh,青蓝,青蓝色,青蓝
58,14,2,zh,黑,黑色,黑
222,145,228,zh,粉色,粉色,粉
148,82,76,zh,棕色,棕色,棕
71,5,96,zh,藏青,藏青色,藏青
38,115,140,zh,深水青,深水青色,深水青
93,181,78,zh,绿色,绿色,绿
229,105,208,zh,桃红,桃红色,桃红
129,232,17,zh,亮绿,亮绿色,亮绿
47,181,201,zh,水青绿,水青绿色,水青绿
248,194,75,zh,土黄,土黄色,土黄
201,163,129,zh,浅棕色,浅棕色,浅棕
123,157,180,zh,青绿蓝,青绿蓝色,青绿蓝
230,32,161,zh,品红,品红色,品红
140,95,62,zh,棕,棕色,棕
166,239,110,zh,春绿,春绿色,春绿
228,220,4,zh,橙黄,橙黄色,橙黄
73,61,248,zh,亮蓝,亮蓝色,亮蓝
37,138,215,zh,青蓝,青蓝色,青蓝
121,48,182,zh,紫,紫色,紫
67,110,149,zh,暗青,暗青色,暗青
21,12,16,zh,黑,黑色,黑
189,1,0,zh,红,红色,红
64,139,45,zh,绿,绿色,绿
48,117,228,zh,蓝,蓝色,蓝
133,247,159,zh,春绿,春绿色,春绿
237,164,39,zh,橙,橙色,橙
155,27,64,zh,绛,绛色,绛
46,140,117,zh,碧,碧色,碧
150,81,178,zh,紫,紫色,紫
235,197,245,zh,紫粉,紫粉色,粉紫
173,129,176,zh,灰紫,灰紫色,灰紫
95,72,93,zh,绀,绀色,绀
18,222,227,zh,青,青色,青
181,103,253,zh,荧光紫,荧光紫色,荧光紫
3,178,221,zh,青蓝,青蓝色,青蓝
228,218,218,zh,淡粉,淡粉色,淡粉
226,89,57,zh,红,红色,红
193,239,179,zh,浅春绿,浅春绿色,浅春绿
153,131,141,zh,灰粉,灰粉色,灰粉
96,105,85,zh,油褐,油褐色,油褐
222,62,96,zh,玫瑰红,玫瑰红色,玫红
98,224,34,zh,绿,绿色,绿
57,1,10,zh,黑,黑色,黑
223,113,224,zh,亮品红,亮品红色,亮品红
63,8,58,zh,黑,黑色,黑
165,3,223,zh,蓝紫,蓝紫色,蓝紫
26,246,218,zh,水青,水青色,水青
21,26,59,zh,黑,黑色,黑
54,151,248,zh,蓝色,蓝色,蓝
29,249,77,zh,亮绿色,亮绿色,亮绿
11,41,211,zh,深蓝色,深蓝色,深蓝
207,190,73,zh,土黄色,土黄色,土黄
58,92,60,zh,深绿色,深绿色,深绿
194,155,128,zh,浅棕色,浅棕色,浅棕
193,60,118,zh,红粉色,红粉色,粉红
124,201,147,zh,浅绿色,浅绿色,浅绿
82,38,100,zh,红紫色,红紫色,紫红
205,93,103,zh,浅红色,浅红色,浅红
132,66,171,zh,深紫色,深紫色,深紫
157,121,199,zh,浅紫色,浅紫色,浅紫
193,85,62,zh,红色,红色,红
174,76,230,zh,蓝色,蓝色,蓝
225,87,35,zh,橙色,橙色,橙
16,198,47,zh,绿色,绿色,绿
114,137,15,zh,绿色,绿色,绿
140,231,222,zh,灰色,灰色,灰
48,125,177,zh,粉色,粉色,粉
169,26,57,zh,黑色,黑色,黑
151,134,44,zh,绿色,绿色,绿
155,242,169,zh,黄色,黄色,黄
86,27,247,zh,紫色,紫色,紫
109,193,235,zh,浅粉色,浅粉色,浅粉
141,146,134,zh,灰色,灰色,灰
31,175,86,zh,绿色,绿色,绿
163,223,31,zh,绿色,绿色,绿
206,226,157,zh,黄色,黄色,黄
11,36,109,zh,紫色,紫色,紫
30,82,0,zh,红色,红色,红
105,81,57,zh,棕色,棕色,棕
50,27,23,zh,黑色,黑色,黑
200,158,139,zh,粉色,粉色,粉
144,246,119,zh,黄色,黄色,黄
128,24,93,zh,紫色,紫色,紫
236,153,106,zh,绿色,绿色,绿
141,63,70,zh,棕色,棕色,棕
167,185,254,zh,蓝色,蓝色,蓝
133,73,136,zh,粉色,粉色,粉
90,125,227,zh,蓝色,蓝色,蓝
104,94,248,zh,蓝色,蓝色,蓝
24,141,94,zh,绿色,绿色,绿
64,247,202,zh,黄色,黄色,黄
241,72,212,zh,蓝色,蓝色,蓝
167,33,12,zh,红色,红色,红
89,30,171,zh,紫色,紫色,紫
229,85,115,zh,灰色,灰色,灰
250,37,53,zh,红色,红色,红
212,165,132,zh,驼,驼色,驼
200,209,15,zh,浅绿,浅绿色,浅绿
211,63,166,zh,灰紫,灰紫色,灰紫
91,187,50,zh,青柠绿,青柠绿色,青柠绿
90,25,179,zh,靛紫,靛紫色,靛紫
203,119,153,zh,灰粉,灰粉色,灰粉
9,74,207,zh,蓝,蓝色,蓝
217,73,100,zh,红棕,红棕色,红棕
41,84,51,zh,棕绿,棕绿色,棕绿
63,9,19,zh,黑,黑色,黑
251,151,100,zh,棕橙,棕橙色,棕橙
82,220,152,zh,春绿,春绿色,春绿
203,223,152,zh,绿,绿色,绿
17,87,172,zh,蓝,蓝色,蓝
73,198,249,zh,青,青色,青
141,72,80,zh,棕,棕色,棕
235,105,192,zh,粉,粉色,粉
17,176,167,zh,绿,绿色,绿
93,73,91,zh,黑,黑色,黑
128,142,195,zh,蓝,蓝色,蓝
109,14,104,zh,紫,紫色,紫
106,133,5,zh,绿,绿色,绿
45,102,64,zh,绿,绿色,绿
44,224,107,zh,绿,绿色,绿
94,231,235,zh,暗青,暗青色,暗青
240,57,49,zh,朱红,朱红色,朱红
219,210,246,zh,青,青色,青
144,13,242,zh,蓝紫,蓝紫色,蓝紫
233,230,223,zh,浅青,浅青色,浅青
9,22,126,zh,靛,靛色,靛
202,96,47,zh,赤,赤色,赤
145,140,153,zh,灰绿,灰绿色,灰绿
165,150,249,zh,品红,品红色,品红
250,214,39,zh,黄,黄色,黄
237,146,17,zh,绿,绿色,绿
37,8,231,zh,蓝,蓝色,蓝
185,94,82,zh,赭石,赭石色,赭石
254,27,177,zh,玫红,玫红色,玫红
234,255,198,zh,奶油,奶油色,奶油
153,107,86,zh,灰红,灰红色,灰红
135,192,167,zh,绿松石,绿松石色,绿松石
183,250,67,zh,黄绿,黄绿色,黄绿
51,63,129,zh,绀,绀色,绀
121,84,106,zh,翠,翠色,翠
0,135,135,zh,水鸭绿,水鸭绿色,水鸭绿
21,109,28,zh,橄榄绿,橄榄绿色,橄榄绿
252,9,122,zh,玫瑰粉,玫瑰粉色,玫瑰粉
4,36,72,zh,蓝黑,蓝黑色,蓝黑
127,40,19,zh,棕,棕色,棕
244,193,107,zh,黄,黄色,黄
180,247,142,zh,绿,绿色,绿
157,109,171,zh,紫,紫色,紫
178,157,122,zh,棕灰,棕灰色,棕灰
58,41,5,zh,黑,黑色,黑
146,23,229,zh,紫,紫色,紫
6,43,167,zh,蓝,蓝色,蓝
131,160,105,zh,绿,绿色,绿
201,161,244,zh,紫,紫色,紫
25,139,157,zh,蓝绿,蓝绿色,蓝绿
109,156,244,zh,蓝,蓝色,蓝
156,129,24,zh,黄绿,黄绿色,黄绿
180,241,226,zh,淡绿,淡绿色,淡绿
194,84,132,zh,粉,粉色,粉
77,146,61,zh,绿,绿色,绿
186,55,210,zh,紫,紫色,紫
119,197,159,zh,绿,绿色,绿
39,53,216,zh,蓝,蓝色,蓝
189,69,82,zh,红,红色,红
252,250,44,zh,黄,黄色,黄
182,29,4,zh,红,红色,红
247,153,157,zh,粉,粉色,粉
247,75,87,zh,红,红色,红
166,159,15,zh,茶色,茶色,茶
59,201,246,zh,天蓝,天蓝色,天蓝
102,10,44,zh,深粉,深粉色,深粉
79,242,252,zh,淡蓝,淡蓝色,淡蓝
250,160,71,zh,橘色,橘色,橘
108,176,105,zh,草绿,草绿色,草绿
70,148,128,zh,蓝绿,蓝绿色,蓝绿
1,167,2,zh,草绿,草绿色,草绿
4,40,237,zh,蓝色,蓝色,蓝
211,55,197,zh,深粉,深粉色,深粉
11,133,31,zh,浓绿,浓绿色,浓绿
122,233,91,zh,淡绿,淡绿色,淡绿
237,137,163,zh,粉色,粉色,粉
157,115,173,zh,淡紫,淡紫色,淡紫
84,68,145,zh,紫色,紫色,紫
174,99,71,zh,铜色,铜色,铜
211,250,117,zh,黄绿,黄绿色,黄绿
32,26,175,zh,深蓝,深蓝色,深蓝
236,64,107,zh,粉红,粉红色,粉红
124,9,99,zh,红紫,红紫色,紫红
178,99,18,zh,橘铜,橘铜色,橘铜
63,111,113,zh,灰绿,灰绿色,灰绿
57,220,17,zh,绿色,绿色,绿
117,89,32,zh,棕绿,棕绿色,棕绿
89,121,31,zh,草绿,草绿色,草绿
9,129,73,zh,草绿,草绿色,草绿
50,99,200,zh,蓝色,蓝色,蓝
179,243,241,zh,淡蓝,淡蓝色,淡蓝
85,151,179,zh,灰蓝,灰蓝色,灰蓝
131,95,237,zh,紫色,紫色,紫
18,141,156,zh,青绿色,青绿色,青绿
48,102,169,zh,靛蓝色,靛蓝色,靛蓝
183,96,201,zh,粉紫色,粉紫色,粉紫
27,41,199,zh,正蓝色,正蓝色,正蓝
76,76,103,zh,灰棕色,灰棕色,灰棕
219,184,108,zh,浅棕黄色,浅棕黄色,浅棕黄
196,219,72,zh,嫩绿色,嫩绿色,嫩绿
6,140,61,zh,松花绿,松花绿色,松花绿
94,240,89,zh,翠绿色,翠绿色,翠绿
12,81,218,zh,亮蓝色,亮蓝色,亮蓝
83,233,223,zh,青蓝色,青蓝色,青蓝
225,15,120,zh,玫红色,玫红色,玫红
155,237,131,zh,草绿色,草绿色,草绿
65,187,124,zh,碧绿色,碧绿色,碧绿
125,110,195,zh,蓝紫色,蓝紫色,蓝紫
194,166,17,zh,土黄色,土黄色,土黄
148,124,156,zh,酱紫色,酱紫色,酱紫
251,228,247,zh,藕粉色,藕粉色,藕粉
51,6,4,zh,深褐色,深褐色,深褐
19,6,72,zh,藏青色,藏青色,藏青
23,130,247,zh,琉璃蓝,琉璃蓝色,琉璃蓝
251,178,24,zh,亮橙色,亮橙色,亮橙
209,164,247,zh,丁香紫,丁香紫色,丁香紫
143,177,162,zh,灰绿色,灰绿色,灰绿
194,93,82,zh,棕赭色,棕赭色,棕赭
66,199,247,zh,天蓝色,天蓝色,天蓝
137,33,251,zh,蓝紫色,蓝紫色,蓝紫
218,121,6,zh,琥珀橙,琥珀橙色,琥珀橙
221,254,223,zh,豆沙绿,豆沙绿色,豆沙绿
80,36,62,zh,深栗色,深栗色,深栗
216,15,33,zh,石榴红,石榴红色,石榴红
26,65,1,zh,墨绿色,墨绿色,墨绿
106,27,134,zh,青莲紫,青莲紫色,青莲紫
202,42,204,zh,洋红色,洋红色,洋红
253,140,180,zh,水粉紫,水粉紫色,水粉紫
185,124,61,zh,棕褐色,棕褐色,棕褐
223,17,83,zh,品红,品红色,品红
13,210,110,zh,墨绿,墨绿色,墨绿
74,202,207,zh,青,青色,青
61,101,188,zh,蓝,蓝色,蓝
195,190,186,zh,灰,灰色,灰
84,246,37,zh,绿,绿色,绿
171,73,165,zh,紫,紫色,紫
215,146,31,zh,土黄,土黄色,土黄
108,245,101,zh,绿,绿色,绿
241,206,253,zh,淡粉,淡粉色,淡粉
215,166,87,zh,土黄,土黄色,土黄
144,183,253,zh,天蓝,天蓝色,天蓝
199,113,92,zh,棕,棕色,棕
237,105,236,zh,淡紫,淡紫色,淡紫
218,15,238,zh,紫,紫色,紫
144,193,83,zh,灰绿,灰绿色,灰绿
90,133,254,zh,蓝,蓝色,蓝
107,76,28,zh,深棕,深棕色,深棕
246,98,182,zh,粉,粉色,粉
245,251,157,zh,淡黄,淡黄色,淡黄
184,121,178,zh,紫灰,紫灰色,紫灰
65,62,194,zh,深蓝,深蓝色,深蓝
205,185,16,zh,黄棕,黄棕色,黄棕
123,152,178,zh,灰蓝,灰蓝色,灰蓝
136,60,251,zh,紫,紫色,紫
148,82,11,zh,棕,棕色,棕
80,55,56,zh,棕黑,棕黑色,棕黑
172,169,116,zh,灰黄,灰黄色,灰黄
23,135,18,zh,绿,绿色,绿
24,4,41,zh,黑,黑色,黑
115,139,111,zh,灰绿,灰绿色,灰绿
195,41,117,zh,品红,品红色,品红
112,38,102,zh,深紫,深紫色,深紫
170,255,164,zh,浅绿,浅绿色,浅绿
4,134,189,zh,蓝,蓝色,蓝
151,119,220,zh,蓝紫,蓝紫色,蓝紫
192,221,120,zh,草绿,草绿色,草绿
44,89,238,zh,蓝色,蓝色,蓝
187,140,18,zh,土黄,土黄色,土黄
128,84,112,zh,紫灰,紫灰色,紫灰
213,222,180,zh,浅绿,浅绿色,浅绿
114,190,169,zh,青绿,青绿色,青绿
46,20,28,zh,深紫,深紫色,深紫
225,1,218,zh,品红,品红色,品红
84,190,241,zh,天蓝,天蓝色,天蓝
57,110,3,zh,深绿,深绿色,深绿
132,67,137,zh,紫色,紫色,紫
181,229,245,zh,浅蓝,浅蓝色,浅蓝
39,219,224,zh,青色,青色,青
109,108,185,zh,浅紫,浅紫色,浅紫
38,51,17,zh,墨绿,墨绿色,墨绿
130,47,32,zh,深红,深红色,深红
28,81,78,zh,深绿,深绿色,深绿
55,19,136,zh,紫色,紫色,紫
230,237,41,zh,黄色,黄色,黄
50,191,47,zh,绿色,绿色,绿
38,91,137,zh,钢蓝,钢蓝色,钢蓝
168,68,119,zh,玫红,玫红色,玫红
255,99,60,zh,橙红,橙红色,橙红
47,33,81,zh,深紫,深紫色,深紫
94,8,241,zh,紫色,紫色,紫
27,190,113,zh,绿色,绿色,绿
203,138,97,zh,棕色,棕色,棕
123,114,234,zh,蓝紫,蓝紫色,蓝紫
155,131,107,zh,棕色,棕色,棕
21,112,134,zh,墨绿,墨绿色,墨绿
171,5,74,zh,深红,深红色,深红
181,232,65,zh,黄绿,黄绿色,黄绿
236,166,192,zh,粉红,粉红色,粉红
231,56,183,zh,玫红,玫红色,玫红
229,30,64,zh,红色,红色,红
239,125,138,zh,浅红,浅红色,浅红
218,59,105,zh,红,红色,红
179,92,99,zh,红褐,红褐色,红褐
122,137,138,zh,灰,灰色,灰
5,86,50,zh,绿,绿色,绿
162,60,247,zh,紫,紫色,紫
47,10,7,zh,黑,黑色,黑
136,190,204,zh,青灰,青灰色,青灰
245,51,45,zh,红,红色,红
93,156,243,zh,蓝,蓝色,蓝
160,235,223,zh,青,青色,青
51,171,148,zh,绿,绿色,绿
213,106,225,zh,紫,紫色,紫
97,30,48,zh,褐,褐色,褐
33,192,138,zh,绿,绿色,绿
202,225,175,zh,浅绿,浅绿色,浅绿
122,162,107,zh,绿,绿色,绿
249,180,142,zh,肉色,肉色,肉
24,99,125,zh,蓝灰,蓝灰色,蓝灰
188,6,146,zh,紫,紫色,紫
235,139,175,zh,粉,粉色,粉
71,25,213,zh,蓝,蓝色,蓝
71,85,83,zh,灰,灰色,灰
76,166,65,zh,绿,绿色,绿
241,193,195,zh,粉,粉色,粉
213,152,58,zh,黄,黄色,黄
114,119,57,zh,墨绿,墨绿色,墨绿
160,110,180,zh,紫,紫色,紫
232,229,93,zh,黄,黄色,黄
47,36,117,zh,蓝,蓝色,蓝
64,3,252,zh,蓝,蓝色,蓝
132,238,34,zh,绿,绿色,绿
241,186,31,zh,橙黄,橙黄色,橙黄
125,212,69,zh,绿,绿色,绿
79,254,87,zh,绿,绿色,绿
24,151,190,zh,蓝,蓝色,蓝
230,122,7,zh,橙,橙色,橙
190,90,33,zh,赭石,赭石色,赭石
74,32,42,zh,熟褐,熟褐色,熟褐
211,108,200,zh,锦葵紫,锦葵紫色,锦葵紫
210,152,2,zh,土黄,土黄色,土黄
235,113,141,zh,桃红,桃红色,桃红
94,236,72,zh,荧光绿,荧光绿色,荧光绿
147,249,158,zh,淡绿,淡绿色,淡绿
149,7,152,zh,紫罗兰,紫罗兰色,紫罗蓝
64,104,135,zh,浅蟹灰,浅蟹灰色,浅蟹灰
184,147,102,zh,米驼,米驼色,米驼
41,93,211,zh,湖蓝,湖蓝色,湖蓝
197,172,87,zh,沙色,沙色,沙
160,47,61,zh,暗红,暗红色,暗红
154,157,22,zh,浅橄榄绿,浅橄榄绿色,浅橄榄绿
152,51,132,zh,紫罗兰,紫罗兰色,紫罗蓝
67,247,8,zh,荧光绿,荧光绿色,荧光绿
235,69,104,zh,玫红,玫红色,玫红
122,12,235,zh,青紫,青紫色,青紫
218,250,161,zh,青苹果,青苹果色,青苹果
138,117,16,zh,深青铜,深青铜色,深青铜
91,166,88,zh,中绿,中绿色,中绿
97,63,121,zh,蓝莲,蓝莲色,蓝莲
66,248,243,zh,青,青色,青
66,165,247,zh,天蓝,天蓝色,天蓝
155,123,151,zh,脏紫,脏紫色,脏紫
12,255,207,zh,荧光青,荧光青色,荧光青
250,87,229,zh,品红,品红色,品红
229,235,71,zh,暗柠檬黄,暗柠檬黄色,暗柠檬黄
43,106,192,zh,钴蓝,钴蓝色,钴蓝
166,155,211,zh,紫丁香,紫丁香色,紫丁香
60,143,116,zh,浅墨绿,浅墨绿色,浅墨绿
125,120,116,zh,暖灰,暖灰色,暖灰
220,14,31,zh,大红,大红色,大红
107,197,155,zh,绿松石青,绿松石青色,绿松石青
32,162,211,zh,湖蓝,湖蓝色,湖蓝
89,65,24,zh,巧克力棕,巧克力棕色,巧克力棕
34,111,226,zh,蓝,蓝色,蓝
143,241,27,zh,绿,绿色,绿
242,87,113,zh,玫红,玫红色,玫红
202,44,10,zh,红褐,红褐色,红褐
122,11,232,zh,紫,紫色,紫
219,203,196,zh,肉,肉色,肉
144,117,164,zh,紫,紫色,紫
202,109,65,zh,褐,褐色,褐
58,37,68,zh,黑,黑色,黑
187,38,140,zh,紫,紫色,紫
221,187,108,zh,土黄,土黄色,土黄
25,194,132,zh,绿,绿色,绿
33,163,61,zh,深绿,深绿色,深绿
132,54,215,zh,紫,紫色,紫
118,238,90,zh,绿,绿色,绿
22,52,114,zh,深蓝,深蓝色,深蓝
34,26,5,zh,黑,黑色,黑
187,160,229,zh,浅紫,浅紫色,浅紫
248,12,177,zh,玫红,玫红色,玫红
254,243,119,zh,黄,黄色,黄
32,85,63,zh,海绿,海绿色,海绿
77,252,28,zh,绿,绿色,绿
15,73,245,zh,蓝,蓝色,蓝
174,47,82,zh,深红,深红色,深红
63,177,167,zh,海绿,海绿色,海绿
124,245,238,zh,青,青色,青
159,195,245,zh,浅蓝,浅蓝色,浅蓝
12,9,101,zh,深蓝,深蓝色,深蓝
63,117,132,zh,深绿,深绿色,深绿
83,61,33,zh,棕,棕色,棕
219,45,216,zh,玫红,玫红色,玫红
85,155,233,zh,蓝,蓝色,蓝
124,182,124,zh,草绿,草绿色,草绿
161,86,103,zh,深红,深红色,深红
51,84,17,zh,深绿,深绿色,深绿
252,180,221,zh,粉,粉色,粉
108,22,208,zh,紫色,紫色,紫
58,105,69,zh,深绿,深绿色,深绿
208,205,152,zh,土黄,土黄色,土黄
245,201,54,zh,金黄,金黄色,金黄
58,76,135,zh,深蓝,深蓝色,深蓝
226,144,235,zh,粉色,粉色,粉
174,71,228,zh,紫色,紫色,紫
51,90,110,zh,深青,深青色,深青
9,33,68,zh,靛蓝,靛蓝色,靛蓝
195,116,113,zh,浅红,浅红色,浅红
166,139,64,zh,深黄,深黄色,深黄
216,17,74,zh,红色,红色,红
43,24,4,zh,黑红,黑红色,黑红
33,242,229,zh,天蓝,天蓝色,天蓝
139,84,102,zh,紫红,紫红色,紫红
86,173,67,zh,草绿,草绿色,草绿
74,81,178,zh,蓝色,蓝色,蓝
135,222,205,zh,浅青,浅青色,浅青
107,181,131,zh,青绿,青绿色,青绿
254,85,193,zh,粉色,粉色,粉
126,61,41,zh,棕色,棕色,棕
103,143,68,zh,橄榄绿,橄榄绿色,橄榄绿
161,23,63,zh,酒红,酒红色,酒红
68,87,251,zh,蓝色,蓝色,蓝
102,169,228,zh,蓝色,蓝色,蓝
217,27,130,zh,玫红,玫红色,玫红
206,104,153,zh,粉红,粉红色,粉红
105,209,243,zh,天蓝,天蓝色,天蓝
154,241,174,zh,浅绿,浅绿色,浅绿
176,119,244,zh,紫色,紫色,紫
53,27,160,zh,蓝色,蓝色,蓝
174,237,107,zh,黄绿,黄绿色,黄绿
98,93,36,zh,橄榄黄,橄榄黄色,橄榄黄
208,195,85,zh,黄色,黄色,黄
190,63,1,zh,橘红,橘红色,橘红
137,68,171,zh,紫色,紫色,紫
113,35,28,zh,褐色,褐色,褐
108,157,131,zh,灰绿色,灰绿色,灰绿
95,29,237,zh,蓝紫色,蓝紫色,蓝紫
123,230,135,zh,嫩绿色,嫩绿色,嫩绿
217,12,159,zh,玫红色,玫红色,玫红
109,115,16,zh,橄榄绿,橄榄绿色,橄榄绿
27,232,240,zh,青色,青色,青
125,41,194,zh,紫色,紫色,紫
117,155,25,zh,深黄绿色,深黄绿色,深黄绿
232,78,243,zh,浅品色,浅品色,浅品
82,88,87,zh,灰色,灰色,灰
225,144,89,zh,橙灰色,橙灰色,橙灰
86,58,22,zh,深棕色,深棕色,深棕
124,38,148,zh,紫色,紫色,紫
158,161,104,zh,暗黄绿色,暗黄绿色,暗黄绿
94,135,174,zh,浅蓝灰色,浅蓝灰色,浅蓝灰
195,151,240,zh,浅紫色,浅紫色,浅紫
183,186,221,zh,亮灰蓝紫色,亮灰蓝紫色,亮灰蓝紫
192,222,24,zh,黄绿色,黄绿色,黄绿
11,248,87,zh,绿色,绿色,绿
179,78,41,zh,红棕色,红棕色,红棕
221,104,222,zh,灰品色,灰品色,灰品
42,37,51,zh,黑色,黑色,黑
172,73,141,zh,深品色,深品色,深品
170,5,58,zh,暗棕红色,暗棕红色,暗棕红
149,217,170,zh,灰青绿色,灰青绿色,灰青绿
33,90,185,zh,蓝色,蓝色,蓝
165,145,137,zh,亮灰棕色,亮灰棕色,亮灰棕
231,208,39,zh,灰黄色,灰黄色,灰黄
139,169,252,zh,天蓝色,天蓝色,天蓝
52,182,149,zh,青绿色,青绿色,青绿
238,197,88,zh,暗黄色,暗黄色,暗黄
250,253,109,zh,明黄,明黄色,明黄
87,242,204,zh,青色,青色,青
83,157,79,zh,深绿色,深绿色,深绿
16,56,196,zh,深蓝色,深蓝色,深蓝
171,21,45,zh,红色,红色,红
114,20,33,zh,深红色,深红色,深红
122,86,62,zh,棕色,棕色,棕
66,130,73,zh,淡绿色,淡绿色,淡绿
47,151,11,zh,草绿色,草绿色,草绿
28,167,142,zh,深青色,深青色,深青
35,25,108,zh,靛蓝色,靛蓝色,靛蓝
103,15,147,zh,紫色,紫色,紫
98,2,51,zh,胭脂色,胭脂色,胭脂
111,61,89,zh,淡紫色,淡紫色,淡紫
133,176,16,zh,黄绿色,黄绿色,黄绿
164,113,38,zh,棕黄色,棕黄色,棕黄
208,38,222,zh,粉紫色,粉紫色,粉紫
94,41,149,zh,深紫色,深紫色,深紫
188,241,27,zh,浅黄绿色,浅黄绿色,浅黄绿
191,212,191,zh,灰白色,灰白色,灰白
26,220,66,zh,绿色,绿色,绿
163,59,246,zh,紫色,紫色,紫
3,15,28,zh,黑色,黑色,黑
53,147,72,zh,深绿色,深绿色,深绿
241,144,187,zh,粉红色,粉红色,粉红
78,247,141,zh,浅绿色,浅绿色,浅绿
242,247,15,zh,黄色,黄色,黄
205,50,46,zh,红色,红色,红
155,166,173,zh,灰色,灰色,灰
172,20,71,zh,酒红色,酒红色,酒红
60,171,222,zh,天蓝色,天蓝色,天蓝
138,30,123,zh,粉紫色,粉紫色,粉紫
16,106,60,zh,深绿色,深绿色,深绿
39,97,218,zh,蓝色,蓝色,蓝
178,116,201,zh,浅紫色,浅紫色,浅紫
208,128,39,zh,土黄色,土黄色,土黄
80,82,49,zh,墨绿色,墨绿色,墨绿
26,113,181,zh,深蓝色,深蓝色,深蓝
211,63,1,zh,砖红色,砖红色,砖红
236,187,60,zh,黄色,黄色,黄
92,211,132,zh,浅绿色,浅绿色,浅绿
25,3,196,zh,群青色,群青色,群青
246,83,222,zh,粉紫色,粉紫色,粉紫
153,84,11,zh,较暗橙微绿,较暗橙微绿色,较暗橙微绿
131,248,153,zh,较亮绿微蓝,较亮绿微蓝色,较亮绿微蓝
5,174,173,zh,偏暗青,偏暗青色,偏暗青
169,226,221,zh,偏亮灰青,偏亮灰青色,偏亮灰青
143,15,42,zh,较暗红橙,较暗红橙色,较暗红橙
215,88,4,zh,微暗橙,微暗橙色,微暗橙
189,141,222,zh,偏亮少灰紫,偏亮少灰紫色,偏亮少灰紫
102,64,67,zh,暗多灰橙黄,暗多灰橙黄色,暗多灰橙黄
156,214,147,zh,微亮灰绿,微亮灰绿色,微亮灰绿
24,60,189,zh,较暗蓝微紫,较暗蓝微紫色,较暗蓝微紫
190,139,139,zh,灰红微橙,灰红微橙色,灰红微橙
86,48,221,zh,蓝紫,蓝紫色,蓝紫
237,194,39,zh,少灰黄,少灰黄色,少灰黄
32,137,95,zh,较暗灰绿微蓝,较暗灰绿微蓝色,较暗灰绿微蓝
180,45,24,zh,较暗少灰红,较暗少灰红色,较暗少灰红
236,244,111,zh,较亮少灰黄偏绿,较亮少灰黄偏绿色,较亮少灰黄偏绿
34,121,125,zh,较暗灰青偏蓝,较暗灰青偏蓝色,较暗灰青偏蓝
254,1,49,zh,亮红,亮红色,亮红
133,125,61,zh,较暗灰黄绿,较暗灰黄绿色,较暗灰黄绿
47,194,101,zh,绿偏蓝,绿偏蓝色,绿偏蓝
99,142,209,zh,微暗灰蓝,微暗灰蓝色,微暗灰蓝
33,76,61,zh,暗灰绿偏蓝,暗灰绿偏蓝色,暗灰绿偏蓝
192,78,154,zh,微暗灰红紫微紫,微暗灰红紫微紫色,微暗灰紫红微紫
65,239,252,zh,亮青偏蓝,亮青偏蓝色,亮青偏蓝
242,71,177,zh,微亮红紫,微亮红紫色,微亮紫红
180,24,243,zh,较亮紫微红,较亮紫微红色,较亮紫微红
140,174,79,zh,微亮少灰绿微黄,微亮少灰绿微黄色,微亮少灰绿微黄
40,143,41,zh,微暗绿,微暗绿色,微暗绿
34,1,19,zh,绿风暗灰,绿风暗灰色,绿风暗灰
36,239,193,zh,较亮青偏绿,较亮青偏绿色,较亮青偏绿
213,118,73,zh,微暗少灰橙,微暗少灰橙色,微暗少灰橙
105,150,175,zh,较暗灰蓝偏青,较暗灰蓝偏青色,较暗灰蓝偏青
98,42,7,zh,暗橙偏黄,暗橙偏黄色,暗橙偏黄
128,1,159,zh,微暗紫,微暗紫色,微暗紫
43,80,144,zh,暗少灰蓝偏青,暗少灰蓝偏青色,暗少灰蓝偏青
123,217,57,zh,微暗绿,微暗绿色,微暗绿
104,199,108,zh,草绿,草绿色,草绿
168,216,165,zh,浅绿,浅绿色,浅绿
147,162,54,zh,黄绿,黄绿色,黄绿
209,91,148,zh,玫红,玫红色,玫红
230,197,81,zh,黄,黄色,黄
182,104,106,zh,豆沙红,豆沙红色,豆沙红
191,61,251,zh,紫色,紫色,紫
119,175,171,zh,蓝绿,蓝绿色,蓝绿
208,75,191,zh,紫,紫色,紫
66,169,243,zh,天蓝,天蓝色,天蓝
137,211,70,zh,绿,绿色,绿
86,157,38,zh,绿,绿色,绿
102,117,192,zh,蓝,蓝色,蓝
252,91,70,zh,红,红色,红
30,74,65,zh,深绿,深绿色,深绿
112,130,243,zh,蓝,蓝色,蓝
55,176,137,zh,浅绿,浅绿色,浅绿
80,111,58,zh,草绿,草绿色,草绿
43,47,95,zh,深蓝,深蓝色,深蓝
49,12,52,zh,深紫,深紫色,深紫
175,192,238,zh,浅蓝,浅蓝色,浅蓝
189,158,107,zh,土黄,土黄色,土黄
71,254,95,zh,亮绿,亮绿色,亮绿
99,38,239,zh,蓝紫,蓝紫色,蓝紫
175,91,30,zh,棕,棕色,棕
220,148,218,zh,粉玫,粉玫色,粉玫
167,131,170,zh,浅紫,浅紫色,浅紫
30,226,209,zh,蓝绿,蓝绿色,蓝绿
136,60,153,zh,紫,紫色,紫
250,215,15,zh,明黄,明黄色,明黄
30,10,137,zh,蓝,蓝色,蓝
156,8,98,zh,梅红,梅红色,梅红
39,199,220,zh,天蓝,天蓝色,天蓝
134,82,53,zh,棕,棕色,棕
95,79,106,zh,灰紫,灰紫色,灰紫
246,53,171,zh,玫红,玫红色,玫红
54,136,212,zh,蓝色,蓝色,蓝
1,224,185,zh,青色,青色,青
45,151,143,zh,青灰色,青灰色,青灰
29,65,5,zh,深绿色,深绿色,深绿
1,252,166,zh,亮绿色,亮绿色,亮绿
98,126,150,zh,蓝灰色,蓝灰色,蓝灰
147,106,111,zh,粉灰色,粉灰色,粉灰
157,83,29,zh,橘褐色,橘褐色,橘褐
209,89,169,zh,粉紫色,粉紫色,粉紫
87,185,44,zh,绿色,绿色,绿
221,222,165,zh,浅灰绿色,浅灰绿色,浅灰绿
99,104,212,zh,蓝紫色,蓝紫色,蓝紫
172,226,95,zh,草绿色,草绿色,草绿
160,36,4,zh,大红色,大红色,大红
41,55,217,zh,蓝色,蓝色,蓝
118,16,240,zh,亮紫色,亮紫色,亮紫
202,199,7,zh,黄绿色,黄绿色,黄绿
114,3,161,zh,紫色,紫色,紫
188,253,167,zh,浅绿色,浅绿色,浅绿
51,25,83,zh,深紫色,深紫色,深紫
59,95,95,zh,青色,青色,青
164,121,50,zh,土黄色,土黄色,土黄
219,110,92,zh,肉粉色,肉粉色,肉粉
238,50,229,zh,亮粉紫色,亮粉紫色,亮粉紫
14,159,209,zh,亮蓝色,亮蓝色,亮蓝
42,31,124,zh,深蓝紫色,深蓝紫色,深蓝紫
135,54,98,zh,紫色,紫色,紫
234,66,24,zh,红色,红色,红
218,155,140,zh,浅肉粉色,浅肉粉色,浅肉粉
40,117,66,zh,绿色,绿色,绿
150,19,47,zh,大红色,大红色,大红
231,38,170,zh,亮粉色,亮粉色,亮粉
146,67,156,zh,灰紫色,灰紫色,灰紫
86,194,117,zh,浅绿色,浅绿色,浅绿
176,172,211,zh,浅紫色,浅紫色,浅紫
172,31,226,zh,亮紫色,亮紫色,亮紫
107,104,125,zh,深蓝,深蓝色,深蓝
75,84,52,zh,墨绿,墨绿色,墨绿
166,149,246,zh,浅紫,浅紫色,浅紫
181,147,3,zh,屎黄,屎黄色,屎黄
187,189,60,zh,青草绿,青草绿色,青草绿
152,71,42,zh,棕,棕色,棕
7,38,174,zh,深蓝,深蓝色,深蓝
233,134,209,zh,粉红,粉红色,粉红
51,68,129,zh,深蓝,深蓝色,深蓝
49,253,56,zh,荧光绿,荧光绿色,荧光绿
164,17,98,zh,紫红,紫红色,紫红
209,221,172,zh,浅绿,浅绿色,浅绿
251,195,14,zh,屎黄,屎黄色,屎黄
173,117,61,zh,棕,棕色,棕
174,64,249,zh,紫,紫色,紫
222,60,208,zh,紫红,紫红色,紫红
218,181,92,zh,肤色,肤色,肤
101,172,68,zh,绿色,绿色,绿
205,176,221,zh,浅紫,浅紫色,浅紫
136,221,181,zh,蓝绿,蓝绿色,蓝绿
177,89,221,zh,紫,紫色,紫
204,5,29,zh,大红,大红色,大红
44,36,31,zh,黑,黑色,黑
102,138,185,zh,蓝,蓝色,蓝
244,11,250,zh,荧光粉,荧光粉色,荧光粉
189,248,156,zh,浅绿,浅绿色,浅绿
183,136,114,zh,浅棕,浅棕色,浅棕
104,91,202,zh,紫罗兰,紫罗兰色,紫罗蓝
209,235,230,zh,浅蓝,浅蓝色,浅蓝
115,86,76,zh,棕,棕色,棕
113,135,87,zh,墨绿,墨绿色,墨绿
136,231,10,zh,荧光绿,荧光绿色,荧光绿
226,133,163,zh,粉,粉色,粉
15,119,46,zh,深绿,深绿色,深绿
240,139,36,zh,橙,橙色,橙
166,117,185,zh,浅紫,浅紫色,浅紫
63,43,25,zh,深棕色,深棕色,深棕
248,50,156,zh,艳粉色,艳粉色,艳粉
80,87,61,zh,橄榄色,橄榄色,橄榄
250,147,181,zh,淡粉色,淡粉色,淡粉
127,185,231,zh,天蓝色,天蓝色,天蓝
103,94,163,zh,蓝紫色,蓝紫色,蓝紫
179,128,221,zh,淡紫色,淡紫色,淡紫
123,31,148,zh,深紫色,深紫色,深紫
232,26,229,zh,艳紫色,艳紫色,艳紫
18,221,199,zh,青宝石色,青宝石色,青宝石
223,223,32,zh,有点偏绿的黄色,有点偏绿的黄色,有点偏绿的黄
127,164,20,zh,黄绿色,黄绿色,黄绿
96,195,123,zh,淡青色,淡青色,淡青
155,114,27,zh,棕色,棕色,棕
202,102,84,zh,红色偏黄,红色偏黄色,红色偏黄
40,93,98,zh,绿色偏蓝,绿色偏蓝色,绿色偏蓝
75,241,28,zh,亮绿色,亮绿色,亮绿
115,82,120,zh,深紫色,深紫色,深紫
77,122,157,zh,灰蓝色,灰蓝色,灰蓝
138,164,170,zh,灰色偏绿,灰色偏绿色,灰色偏绿
54,109,231,zh,蓝色,蓝色,蓝
171,119,86,zh,淡棕色,淡棕色,淡棕
244,168,38,zh,黄色偏橙,黄色偏橙色,黄色偏橙
149,153,223,zh,紫色,紫色,紫
22,29,140,zh,深蓝色,深蓝色,深蓝
36,170,155,zh,青宝石色,青宝石色,青宝石
198,63,185,zh,艳紫色,艳紫色,艳紫
94,192,16,zh,绿色偏黄,绿色偏黄色,绿色偏黄
212,173,140,zh,深肉色,深肉色,深肉
187,208,111,zh,黄色偏绿,黄色偏绿色,黄色偏绿
157,82,156,zh,紫色偏灰,紫色偏灰色,紫色偏灰
94,23,173,zh,深紫色,深紫色,深紫
241,47,92,zh,亮红色,亮红色,亮红
202,33,102,zh,深艳红色,深艳红色,深艳红
243,253,186,zh,米色偏黄,米色偏黄色,米色偏黄
147,22,109,zh,深艳紫色,深艳紫色,深艳紫
236,106,126,zh,粉红,粉红色,粉红
68,103,15,zh,深绿,深绿色,深绿
14,9,17,zh,黑色,黑色,黑
135,184,63,zh,草绿,草绿色,草绿
110,185,223,zh,蓝色,蓝色,蓝
133,71,136,zh,深紫色,深紫色,深紫
16,220,213,zh,青色,青色,青
164,81,254,zh,亮紫色,亮紫色,亮紫
226,55,32,zh,红色,红色,红
46,40,153,zh,深蓝,深蓝色,深蓝
100,72,163,zh,紫罗兰色,紫罗兰色,紫罗蓝
207,131,82,zh,土黄色,土黄色,土黄
32,106,209,zh,蓝色,蓝色,蓝
60,149,92,zh,深绿,深绿色,深绿
36,29,93,zh,墨蓝色,墨蓝色,墨蓝
41,10,194,zh,深蓝,深蓝色,深蓝
215,158,251,zh,淡粉色,淡粉色,淡粉
135,120,36,zh,土黄绿色,土黄绿色,土黄绿
203,195,138,zh,米黄色,米黄色,米黄
103,230,102,zh,青绿色,青绿色,青绿
212,236,213,zh,淡绿色,淡绿色,淡绿
221,142,135,zh,淡红色,淡红色,淡红
164,14,182,zh,紫色,紫色,紫
95,106,136,zh,蓝灰色,蓝灰色,蓝灰
23,227,181,zh,草绿,草绿色,草绿
73,79,68,zh,墨绿,墨绿色,墨绿
24,15,15,zh,黑,黑色,黑
201,91,19,zh,橘,橘色,橘
134,144,157,zh,灰,灰色,灰
246,108,229,zh,粉,粉色,粉
121,231,107,zh,翠绿,翠绿色,翠绿
228,106,184,zh,黛紫,黛紫色,黛紫
79,230,238,zh,天蓝,天蓝色,天蓝
73,139,240,zh,深蓝,深蓝色,深蓝
205,246,18,zh,黄绿,黄绿色,黄绿
174,151,113,zh,棕灰,棕灰色,棕灰
29,234,32,zh,绿色,绿色,绿
125,52,43,zh,棕色,棕色,棕
58,148,152,zh,藏青色,藏青色,藏青
198,65,226,zh,粉紫色,粉紫色,粉紫
225,212,245,zh,淡紫色,淡紫色,淡紫
82,205,167,zh,青色,青色,青
62,142,104,zh,深绿色,深绿色,深绿
220,73,27,zh,橙色,橙色,橙
196,2,101,zh,玫红色,玫红色,玫红
18,98,252,zh,深蓝色,深蓝色,深蓝
233,215,161,zh,肉色,肉色,肉
162,178,73,zh,原野绿色,原野绿色,原野绿
110,75,198,zh,紫,紫色,紫
188,216,160,zh,浅绿,浅绿色,浅绿
89,184,235,zh,天蓝,天蓝色,天蓝
181,41,33,zh,血红,血红色,血红
36,106,72,zh,草绿,草绿色,草绿
210,178,24,zh,土黄,土黄色,土黄
116,6,1,zh,褐,褐色,褐
204,228,20,zh,天青,天青色,天青
42,75,140,zh,深蓝,深蓝色,深蓝
46,101,214,zh,蓝,蓝色,蓝
153,58,70,zh,浅褐,浅褐色,浅褐
82,132,23,zh,青,青色,青
103,222,198,zh,青蓝,青蓝色,青蓝
204,232,105,zh,浅绿,浅绿色,浅绿
195,121,87,zh,朱红,朱红色,朱红
239,244,214,zh,浅黄,浅黄色,浅黄
10,234,245,zh,蓝,蓝色,蓝
206,75,204,zh,浅紫,浅紫色,浅紫
109,59,139,zh,紫,紫色,紫
84,44,33,zh,深褐,深褐色,深褐
19,164,36,zh,青绿,青绿色,青绿
146,41,101,zh,绀紫,绀紫色,绀紫
30,149,67,zh,绿,绿色,绿
21,34,67,zh,深蓝,深蓝色,深蓝
138,134,135,zh,灰,灰色,灰
231,174,162,zh,肤,肤色,肤
107,9,171,zh,紫,紫色,紫
230,187,120,zh,褐,褐色,褐
253,137,76,zh,橙,橙色,橙
252,68,154,zh,亮粉,亮粉色,亮粉
222,195,220,zh,浅紫,浅紫色,浅紫
22,149,170,zh,青,青色,青
220,145,207,zh,亮紫,亮紫色,亮紫
61,18,50,zh,深褐,深褐色,深褐
22,1,191,zh,蓝,蓝色,蓝
199,226,236,zh,浅青,浅青色,浅青
198,13,42,zh,红色,红色,红
197,104,229,zh,紫色,紫色,紫
167,104,29,zh,棕色,棕色,棕
127,79,36,zh,深棕色,深棕色,深棕
218,109,123,zh,粉色,粉色,粉
74,175,197,zh,青蓝色,青蓝色,青蓝
225,144,35,zh,棕黄色,棕黄色,棕黄
161,35,73,zh,紫红色,紫红色,紫红
208,164,129,zh,亮棕色,亮棕色,亮棕
143,190,127,zh,绿色,绿色,绿
109,5,25,zh,紫红色,紫红色,紫红
100,116,235,zh,蓝色,蓝色,蓝
235,221,143,zh,浅黄色,浅黄色,浅黄
74,205,153,zh,青绿色,青绿色,青绿
14,72,24,zh,深绿色,深绿色,深绿
235,74,29,zh,橘红色,橘红色,橘红
145,136,158,zh,灰紫色,灰紫色,灰紫
73,82,12,zh,深黄绿色,深黄绿色,深黄绿
251,80,180,zh,粉品红,粉品红色,粉品红
160,11,113,zh,紫红色,紫红色,紫红
253,23,235,zh,品红色,品红色,品红
181,197,95,zh,浅黄绿色,浅黄绿色,浅黄绿
243,75,105,zh,桃红色,桃红色,桃红
42,19,139,zh,深蓝色,深蓝色,深蓝
162,142,218,zh,灰紫色,灰紫色,灰紫
248,103,154,zh,桃红色,桃红色,桃红
82,53,143,zh,蓝紫色,蓝紫色,蓝紫
42,237,221,zh,青色,青色,青
164,178,19,zh,黄绿色,黄绿色,黄绿
12,108,177,zh,蓝色,蓝色,蓝
45,247,64,zh,绿色,绿色,绿
57,18,9,zh,褐色,褐色,褐
47,151,92,zh,绿色,绿色,绿
192,232,45,zh,浅黄绿色,浅黄绿色,浅黄绿
175,35,250,zh,紫色,紫色,紫
109,141,138,zh,灰青色,灰青色,灰青
182,148,186,zh,烟紫色,烟紫色,烟紫
173,110,183,zh,妖紫色,妖紫色,妖紫
221,195,55,zh,土黄色,土黄色,土黄
211,144,30,zh,棕黄色,棕黄色,棕黄
106,42,67,zh,红棕色,红棕色,红棕
234,185,254,zh,粉紫色,粉紫色,粉紫
236,246,32,zh,黄绿色,黄绿色,黄绿
64,83,142,zh,深蓝色,深蓝色,深蓝
167,45,140,zh,紫红色,紫红色,紫红
14,144,172,zh,孔雀蓝,孔雀蓝色,孔雀蓝
58,79,1,zh,深绿色,深绿色,深绿
155,47,61,zh,朱红色,朱红色,朱红
41,174,10,zh,绿色,绿色,绿
137,62,226,zh,亮紫色,亮紫色,亮紫
123,199,190,zh,蓝绿色,蓝绿色,蓝绿
219,71,213,zh,玫红色,玫红色,玫红
125,7,7,zh,猪肝色,猪肝色,猪肝
137,222,9,zh,荧光绿,荧光绿色,荧光绿
77,5,156,zh,蓝紫色,蓝紫色,蓝紫
160,156,74,zh,土黄色,土黄色,土黄
164,136,95,zh,图棕色,图棕色,图棕
18,98,226,zh,本蓝色,本蓝色,本蓝
83,98,115,zh,蓝灰色,蓝灰色,蓝灰
236,117,185,zh,芭比粉,芭比粉色,芭比粉
16,234,79,zh,荧光绿,荧光绿色,荧光绿
134,237,175,zh,浅绿色,浅绿色,浅绿
166,89,31,zh,棕色,棕色,棕
1,42,138,zh,蓝色,蓝色,蓝
12,8,38,zh,黑色,黑色,黑
42,72,224,zh,荧光蓝,荧光蓝色,萤光蓝
117,73,64,zh,灰棕色,灰棕色,灰棕
99,167,186,zh,灰绿松石,灰绿松石色,灰绿松石
77,82,77,zh,深灰色,深灰色,深灰
61,189,99,zh,翠绿,翠绿色,翠绿
126,226,56,zh,荧光绿,荧光绿色,荧光绿
230,2,219,zh,洋红色,洋红色,洋红
176,161,227,zh,淡紫色,淡紫色,淡紫
198,76,126,zh,深皮粉色,深皮粉色,深皮粉
64,67,114,zh,深靛蓝色,深靛蓝色,深靛蓝
169,252,129,zh,淡荧光绿,淡荧光绿色,淡荧光绿
224,251,89,zh,黄绿色,黄绿色,黄绿
125,141,177,zh,灰蓝色,灰蓝色,灰蓝
194,33,112,zh,粉紫色,粉紫色,粉紫
22,209,168,zh,翠绿,翠绿色,翠绿
116,69,98,zh,深紫,深紫色,深紫
7,50,81,zh,深蓝,深蓝色,深蓝
28,103,188,zh,海蓝,海蓝色,海蓝
118,121,85,zh,青绿,青绿色,青绿
152,46,124,zh,粉紫,粉紫色,粉紫
118,161,137,zh,绿色,绿色,绿
190,76,73,zh,棕橙,棕橙色,棕橙
44,30,184,zh,宝石蓝,宝石蓝色,宝石蓝
133,186,251,zh,浅蓝,浅蓝色,浅蓝
56,71,68,zh,深绿,深绿色,深绿
209,70,182,zh,粉紫,粉紫色,粉紫
38,254,153,zh,亮绿,亮绿色,亮绿
178,127,138,zh,酒红棕,酒红棕色,酒红棕
72,48,23,zh,深棕色,深棕色,深棕
113,9,52,zh,深紫红,深紫红色,深紫红
91,62,135,zh,紫色,紫色,紫
202,209,173,zh,浅绿,浅绿色,浅绿
57,136,175,zh,蓝色,蓝色,蓝
211,165,42,zh,深黄,深黄色,深黄
79,78,3,zh,深绿,深绿色,深绿
163,240,181,zh,浅绿,浅绿色,浅绿
130,128,134,zh,灰色,灰色,灰
168,129,45,zh,土黄,土黄色,土黄
100,198,15,zh,草绿,草绿色,草绿
109,35,243,zh,紫色,紫色,紫
238,220,120,zh,浅黄,浅黄色,浅黄
139,197,89,zh,浅绿,浅绿色,浅绿
171,234,246,zh,天蓝,天蓝色,天蓝
9,151,140,zh,绿色,绿色,绿
243,185,143,zh,肉色,肉色,肉
33,139,28,zh,绿色,绿色,绿
29,10,55,zh,深紫色,深紫色,深紫
39,120,240,zh,海蓝,海蓝色,海蓝
198,171,223,zh,紫罗兰,紫罗兰色,紫罗蓝
74,174,245,zh,天藍,天藍色,天蓝
243,137,171,zh,粉紅,粉紅色,粉红
148,154,189,zh,淡紫,淡紫色,淡紫
108,162,85,zh,草綠,草綠色,草绿
177,111,135,zh,玫瑰粉,玫瑰粉色,玫瑰粉
101,247,133,zh,綠,綠色,绿
241,27,79,zh,玫紅,玫紅色,玫红
9,69,46,zh,墨綠,墨綠色,墨绿
230,182,110,zh,鵝黃,鵝黃色,鹅黄
26,203,224,zh,水藍,水藍色,水蓝
220,159,230,zh,粉紫,粉紫色,粉紫
33,17,125,zh,深藍,深藍色,深蓝
117,210,57,zh,綠,綠色,绿
75,55,35,zh,棕色,棕色,棕
216,139,89,zh,摩卡棕,摩卡棕色,摩卡棕
229,233,223,zh,灰,灰色,灰
205,205,124,zh,綠,綠色,绿
17,45,64,zh,靛藍,靛藍色,靛蓝
115,124,24,zh,綠,綠色,绿
249,56,192,zh,粉,粉色,粉
169,214,22,zh,綠,綠色,绿
218,183,185,zh,粉,粉色,粉
170,73,81,zh,紅,紅色,红
153,207,206,zh,藍,藍色,蓝
27,78,163,zh,藍,藍色,蓝
156,37,236,zh,紫,紫色,紫
139,74,190,zh,紫,紫色,紫
141,99,168,zh,紫,紫色,紫
14,63,198,zh,藍,藍色,蓝
222,174,57,zh,黃,黃色,黄
43,156,132,zh,綠,綠色,绿
23,123,40,zh,綠,綠色,绿
39,122,155,zh,藍,藍色,蓝
7,232,170,zh,綠,綠色,绿
70,107,51,zh,綠,綠色,绿
124,126,111,zh,灰,灰色,灰
14,143,229,zh,蓝,蓝色,蓝
24,108,73,zh,深绿,深绿色,深绿
52,244,158,zh,绿,绿色,绿
176,211,17,zh,暗黄,暗黄色,暗黄
242,6,62,zh,红,红色,红
146,158,170,zh,灰,灰色,灰
201,158,72,zh,咖啡,咖啡色,咖啡
242,131,170,zh,粉红,粉红色,粉红
189,61,11,zh,暗红,暗红色,暗红
218,62,211,zh,紫红,紫红色,紫红
90,215,210,zh,蓝绿,蓝绿色,蓝绿
7,26,18,zh,黑,黑色,黑
134,8,132,zh,蓝紫,蓝紫色,蓝紫
240,47,28,zh,红,红色,红
45,9,76,zh,深紫,深紫色,深紫
74,72,216,zh,蓝,蓝色,蓝
3,128,56,zh,深绿,深绿色,深绿
144,73,13,zh,暗红,暗红色,暗红
251,139,33,zh,咖啡,咖啡色,咖啡
254,204,189,zh,粉红,粉红色,粉红
97,203,39,zh,绿,绿色,绿
37,103,104,zh,深绿,深绿色,深绿
227,180,253,zh,淡粉,淡粉色,淡粉
72,158,132,zh,绿,绿色,绿
201,129,128,zh,粉红,粉红色,粉红
216,124,200,zh,紫红,紫红色,紫红
152,34,91,zh,深紫红,深紫红色,深紫红
39,97,133,zh,深绿,深绿色,深绿
249,47,148,zh,桃红,桃红色,桃红
179,193,80,zh,土黄,土黄色,土黄
116,127,14,zh,绿,绿色,绿
97,101,202,zh,靛,靛色,靛
165,215,227,zh,蓝绿,蓝绿色,蓝绿
108,141,71,zh,绿,绿色,绿
6,57,118,zh,深蓝,深蓝色,深蓝
80,124,46,zh,绿色,绿色,绿
100,102,100,zh,灰色,灰色,灰
86,71,91,zh,紫色,紫色,紫
139,186,51,zh,黄绿色,黄绿色,黄绿
88,41,130,zh,紫色,紫色,紫
73,77,121,zh,蓝色,蓝色,蓝
166,90,54,zh,橙色,橙色,橙
52,158,81,zh,翠绿,翠绿色,翠绿
129,77,121,zh,粉色,粉色,粉
98,35,65,zh,暗红,暗红色,暗红
69,52,43,zh,棕色,棕色,棕
158,126,69,zh,土黄色,土黄色,土黄
88,83,27,zh,深灰色,深灰色,深灰
244,75,237,zh,紫色,紫色,紫
166,23,51,zh,暗红,暗红色,暗红
16,106,4,zh,墨绿,墨绿色,墨绿
84,102,222,zh,蓝色,蓝色,蓝
30,238,150,zh,女色,女色,女
170,40,132,zh,暗紫色,暗紫色,暗紫
97,165,18,zh,绿色,绿色,绿
247,245,242,zh,浅灰色,浅灰色,浅灰
69,103,148,zh,灰蓝色,灰蓝色,灰蓝
234,234,37,zh,黄色,黄色,黄
132,230,189,zh,蓝绿色,蓝绿色,蓝绿
249,48,12,zh,红色,红色,红
25,151,80,zh,绿色,绿色,绿
147,39,159,zh,紫色,紫色,紫
33,171,215,zh,蓝色,蓝色,蓝
193,93,99,zh,暗红,暗红色,暗红
154,96,133,zh,灰紫色,灰紫色,灰紫
136,191,180,zh,灰青,灰青色,灰青
191,219,92,zh,黄绿色,黄绿色,黄绿
120,156,95,zh,绿色,绿色,绿
71,89,80,zh,墨绿色,墨绿色,墨绿
50,35,64,zh,黑色,黑色,黑
182,31,253,zh,亮紫色,亮紫色,亮紫
210,98,179,zh,粉色,粉色,粉
156,134,64,zh,土黄色,土黄色,土黄
160,252,8,zh,荧光黄,荧光黄色,荧光黄
98,22,144,zh,紫色,紫色,紫
67,205,35,zh,绿色,绿色,绿
132,88,40,zh,棕色,棕色,棕
195,36,182,zh,紫罗兰,紫罗兰色,紫罗蓝
54,137,209,zh,天蓝色,天蓝色,天蓝
145,215,49,zh,浅绿色,浅绿色,浅绿
51,81,219,zh,蓝色,蓝色,蓝
72,164,187,zh,青色,青色,青
160,77,88,zh,胭脂,胭脂色,胭脂
112,137,173,zh,蓝灰,蓝灰色,蓝灰
153,142,20,zh,土黄色,土黄色,土黄
106,48,81,zh,深紫色,深紫色,深紫
102,84,119,zh,暗紫色,暗紫色,暗紫
121,48,9,zh,棕色,棕色,棕
240,9,173,zh,粉色,粉色,粉
1,127,21,zh,绿色,绿色,绿
130,96,178,zh,紫罗兰,紫罗兰色,紫罗蓝
218,197,182,zh,肉色,肉色,肉
147,6,32,zh,深红色,深红色,深红
40,50,126,zh,群青,群青色,群青
165,156,219,zh,淡紫色,淡紫色,淡紫
136,247,219,zh,浅绿色,浅绿色,浅绿
124,193,183,zh,淡绿色,淡绿色,淡绿
22,60,73,zh,墨绿色,墨绿色,墨绿
251,170,109,zh,浅橙色,浅橙色,浅橙
213,94,68,zh,橘红色,橘红色,橘红
217,240,211,zh,淡绿色,淡绿色,淡绿
225,199,10,zh,中黄,中黄色,中黄
109,23,209,zh,紫罗兰,紫罗兰色,紫罗蓝
191,183,127,zh,浅棕色,浅棕色,浅棕
71,96,9,zh,屎绿色,屎绿色,屎绿
241,9,20,zh,红色,红色,红
223,115,153,zh,粉色,粉色,粉
162,34,230,zh,紫,紫色,紫
70,172,226,zh,蓝,蓝色,蓝
178,231,94,zh,草绿,草绿色,草绿
127,111,114,zh,棕,棕色,棕
195,253,161,zh,浅绿,浅绿色,浅绿
125,131,6,zh,鸭屎绿,鸭屎绿色,鸭屎绿
236,115,85,zh,橙红,橙红色,橙红
30,202,210,zh,青色,青色,青
118,96,178,zh,深紫,深紫色,深紫
65,141,128,zh,墨绿,墨绿色,墨绿
22,42,63,zh,青黑,青黑色,青黑
20,24,217,zh,深蓝,深蓝色,深蓝
215,94,219,zh,深粉,深粉色,深粉
132,0,75,zh,酒红,酒红色,酒红
183,130,43,zh,褐色,褐色,褐
41,77,182,zh,深蓝,深蓝色,深蓝
155,168,219,zh,白蓝,白蓝色,白蓝
148,170,161,zh,灰青,灰青色,灰青
162,124,82,zh,棕,棕色,棕
77,37,85,zh,凝夜紫,凝夜紫色,凝夜紫
108,5,134,zh,妖紫,妖紫色,妖紫
30,125,71,zh,深绿,深绿色,深绿
46,243,133,zh,翠绿,翠绿色,翠绿
109,170,16,zh,草绿,草绿色,草绿
205,211,51,zh,黄绿,黄绿色,黄绿
80,98,146,zh,蓝紫,蓝紫色,蓝紫
251,126,202,zh,粉红,粉红色,粉红
249,178,32,zh,橙色,橙色,橙
88,130,145,zh,青,青色,青
127,177,115,zh,草绿,草绿色,草绿
80,23,1,zh,红棕,红棕色,红棕
90,105,67,zh,墨绿,墨绿色,墨绿
12,157,246,zh,蓝,蓝色,蓝
236,57,113,zh,粉红,粉红色,粉红
239,45,229,zh,紫红,紫红色,紫红
107,246,90,zh,绿,绿色,绿
178,114,117,zh,豆沙色,豆沙色,豆沙
10,132,56,zh,墨绿,墨绿色,墨绿
31,230,112,zh,绿色,绿色,绿
144,222,35,zh,草绿,草绿色,草绿
187,2,110,zh,紫罗兰,紫罗兰色,紫罗蓝
29,243,170,zh,春日青,春日青色,春日青
196,74,8,zh,砖红,砖红色,砖红
14,39,169,zh,普鲁士蓝,普鲁士蓝色,普鲁士蓝
173,155,180,zh,雪青,雪青色,雪青
162,62,35,zh,红棕色,红棕色,红棕
42,134,169,zh,蓝灰色,蓝灰色,蓝灰
207,132,24,zh,橘黄色,橘黄色,橘黄
235,7,237,zh,品红色,品红色,品红
28,214,204,zh,蓝绿色,蓝绿色,蓝绿
59,56,60,zh,黑色,黑色,黑
139,227,180,zh,薄荷绿,薄荷绿色,薄荷绿
117,2,113,zh,紫色,紫色,紫
171,162,89,zh,橄榄绿,橄榄绿色,橄榄绿
218,1,85,zh,桃红色,桃红色,桃红
30,69,54,zh,深墨绿色,深墨绿色,深墨绿
178,205,203,zh,灰绿色,灰绿色,灰绿
25,77,119,zh,墨蓝色,墨蓝色,墨蓝
236,216,181,zh,肉色,肉色,肉
70,20,17,zh,深棕色,深棕色,深棕
242,167,115,zh,奶黄色,奶黄色,奶黄
21,130,222,zh,雾蓝色,雾蓝色,雾蓝
176,1,183,zh,紫罗兰,紫罗兰色,紫罗蓝
144,190,99,zh,草绿色,草绿色,草绿
24,67,148,zh,蓝黑色,蓝黑色,蓝黑
97,86,66,zh,橄榄绿,橄榄绿色,橄榄绿
224,128,111,zh,肉红色,肉红色,肉红
237,173,163,zh,肉粉色,肉粉色,肉粉
26,45,229,zh,群青,群青色,群青
81,50,87,zh,紫黑色,紫黑色,紫黑
139,112,24,zh,土黄色,土黄色,土黄
140,154,120,zh,灰绿色,灰绿色,灰绿
212,187,179,zh,肉,肉色,肉
76,104,145,zh,深蓝色,深蓝色,深蓝
104,197,155,zh,绿色,绿色,绿
218,68,103,zh,玫红色,玫红色,玫红
243,181,230,zh,很正的粉色,很正的粉色,很正的粉
78,68,159,zh,冷色调紫色,冷色调紫色,冷色调紫
87,193,222,zh,湖蓝色,湖蓝色,湖蓝
144,139,104,zh,棕绿色,棕绿色,棕绿
40,62,221,zh,很火的蓝,很火的蓝色,很火的蓝
171,220,2,zh,草绿色,草绿色,草绿
31,24,90,zh,蓝黑色,蓝黑色,蓝黑
236,78,45,zh,红色微橘,红色微橘色,红色微橘
196,133,132,zh,黯淡的粉色,黯淡的粉色,黯淡的粉
172,89,118,zh,丑出新高度的粉,丑出新高度的粉色,丑出新高度的粉
145,146,10,zh,草绿深一点,草绿深一点色,草绿深一点
44,240,196,zh,亮亮的蓝绿色,亮亮的蓝绿色,亮亮的蓝绿
107,121,34,zh,深深的草绿,深深的草绿色,深深的草绿
199,225,135,zh,浅绿,浅绿色,浅绿
46,234,31,zh,亮亮的绿,亮亮的绿色,亮亮的绿
11,167,59,zh,深绿,深绿色,深绿
200,193,147,zh,冷调黄棕色,冷调黄棕色,冷调黄棕
77,77,34,zh,深棕绿,深棕绿色,深棕绿
24,55,49,zh,暗深绿,暗深绿色,暗深绿
132,61,4,zh,棕色,棕色,棕
71,18,34,zh,深棕色,深棕色,深棕
127,153,243,zh,蓝紫色,蓝紫色,蓝紫
150,76,239,zh,暖调紫色,暖调紫色,暖调紫
185,79,185,zh,偏紫的粉色,偏紫的粉色,偏紫的粉
115,5,42,zh,深红色,深红色,深红
17,5,41,zh,深深灰黑,深深灰黑色,深深灰黑
76,37,11,zh,棕色,棕色,棕
37,88,42,zh,深绿,深绿色,深绿
12,38,241,zh,很火的蓝,很火的蓝色,很火的蓝
252,163,85,zh,橘色,橘色,橘
162,184,194,zh,灰蓝色,灰蓝色,灰蓝
1,116,149,zh,湖蓝,湖蓝色,湖蓝
237,91,43,zh,橘色,橘色,橘
233,15,118,zh,玫红,玫红色,玫红
135,79,27,zh,咖色,咖色,咖
116,115,17,zh,草绿,草绿色,草绿
254,174,35,zh,米黄,米黄色,米黄
154,89,83,zh,棕红,棕红色,棕红
219,235,111,zh,黄绿,黄绿色,黄绿
143,126,106,zh,灰棕,灰棕色,灰棕
135,49,217,zh,湛紫,湛紫色,湛紫
236,44,177,zh,粉紫,粉紫色,粉紫
204,54,77,zh,灰红,灰红色,灰红
107,178,246,zh,湛蓝,湛蓝色,湛蓝
125,239,242,zh,天蓝,天蓝色,天蓝
126,105,197,zh,暗紫,暗紫色,暗紫
48,237,71,zh,翠绿,翠绿色,翠绿
40,174,137,zh,葱绿,葱绿色,葱绿
211,110,233,zh,分红,分红色,分红
41,187,47,zh,苍绿,苍绿色,苍绿
138,189,115,zh,松绿,松绿色,松绿
202,181,229,zh,灰紫,灰紫色,灰紫
10,244,212,zh,蓝绿,蓝绿色,蓝绿
190,12,238,zh,紫红,紫红色,紫红
3,4,57,zh,黑蓝,黑蓝色,黑蓝
52,98,230,zh,星蓝,星蓝色,星蓝
79,74,104,zh,黛黑,黛黑色,黛黑
223,223,175,zh,土色,土色,土
139,205,2,zh,油绿,油绿色,油绿
125,43,103,zh,玫紫,玫紫色,玫紫
84,43,174,zh,深紫,深紫色,深紫
10,86,151,zh,墨蓝,墨蓝色,墨蓝
145,170,135,zh,灰绿,灰绿色,灰绿
12,80,82,zh,苍松绿,苍松绿色,苍松绿
14,113,80,zh,深绿,深绿色,深绿
249,91,254,zh,芭比粉,芭比粉色,芭比粉
196,134,169,zh,灰粉,灰粉色,灰粉
6,141,5,zh,绿,绿色,绿
186,254,22,zh,嫩绿,嫩绿色,嫩绿
122,187,251,zh,蓝,蓝色,蓝
181,139,211,zh,紫,紫色,紫
52,248,85,zh,亮绿,亮绿色,亮绿
47,115,105,zh,深绿,深绿色,深绿
150,220,163,zh,青,青色,青
172,167,70,zh,枯叶绿,枯叶绿色,枯叶绿
150,149,132,zh,灰,灰色,灰
101,146,187,zh,湖蓝,湖蓝色,湖蓝
216,124,185,zh,粉,粉色,粉
181,18,28,zh,红,红色,红
152,103,17,zh,棕,棕色,棕
171,105,251,zh,亮紫,亮紫色,亮紫
50,188,251,zh,天蓝,天蓝色,天蓝
109,61,55,zh,红棕,红棕色,红棕
224,238,128,zh,淡黄,淡黄色,淡黄
68,216,11,zh,绿,绿色,绿
178,36,219,zh,亮紫,亮紫色,亮紫
64,241,194,zh,耦合绿,耦合绿色,耦合绿
240,129,127,zh,胭脂红,胭脂红色,胭脂红
147,252,252,zh,淡蓝,淡蓝色,淡蓝
209,30,141,zh,玫红,玫红色,玫红
66,238,108,zh,绿,绿色,绿
15,64,26,zh,草绿,草绿色,草绿
50,73,188,zh,普蓝,普蓝色,普蓝
1,42,52,zh,深蓝,深蓝色,深蓝
159,98,135,zh,莫兰迪粉,莫兰迪粉色,莫蓝迪粉
5,160,3,zh,草绿,草绿色,草绿
135,168,33,zh,叶绿,叶绿色,叶绿
198,213,47,zh,黄绿,黄绿色,黄绿
215,169,51,zh,土黄,土黄色,土黄
171,175,240,zh,薄荷紫,薄荷紫色,薄荷紫
203,60,104,zh,玫红,玫红色,玫红
2,53,136,zh,深蓝,深蓝色,深蓝
22,164,116,zh,水绿,水绿色,水绿
84,64,15,zh,褐色,褐色,褐
198,78,18,zh,橘红,橘红色,橘红
242,17,80,zh,梅子红,梅子红色,梅子红
66,100,117,zh,灰绿,灰绿色,灰绿
253,200,12,zh,亮黄,亮黄色,亮黄
245,238,209,zh,米色,米色,米
252,186,172,zh,粉色,粉色,粉
156,155,131,zh,灰绿,灰绿色,灰绿
7,239,186,zh,绿色,绿色,绿
213,232,175,zh,绿色,绿色,绿
207,235,127,zh,黄绿,黄绿色,黄绿
1,15,120,zh,墨蓝,墨蓝色,墨蓝
192,172,199,zh,芭比粉,芭比粉色,芭比粉
231,147,72,zh,橘色,橘色,橘
238,47,116,zh,玫红,玫红色,玫红
167,18,22,zh,暗红,暗红色,暗红
195,117,155,zh,粉色,粉色,粉
28,22,48,zh,黑色,黑色,黑
55,68,26,zh,灰绿,灰绿色,灰绿
124,83,46,zh,褐色,褐色,褐
91,158,142,zh,绿色,绿色,绿
117,237,70,zh,黄绿,黄绿色,黄绿
251,12,208,zh,死亡芭比粉,死亡芭比粉色,死亡芭比粉
171,242,168,zh,绿色,绿色,绿
90,95,113,zh,灰色,灰色,灰
170,134,246,zh,紫色,紫色,紫
59,145,83,zh,绿色,绿色,绿
68,106,211,zh,蓝色,蓝色,蓝
131,156,224,zh,蓝色,蓝色,蓝
171,249,226,zh,绿色,绿色,绿
137,68,81,zh,褐色,褐色,褐
220,208,202,zh,米色,米色,米
232,49,28,zh,红色,红色,红
141,114,6,zh,屎黄色,屎黄色,屎黄
151,69,15,zh,褐色,褐色,褐
157,81,228,zh,紫色,紫色,紫
204,109,95,zh,泥红色,泥红色,泥红
87,98,240,zh,紫色,紫色,紫
214,57,156,zh,粉色,粉色,粉
92,171,3,zh,绿色,绿色,绿
11,94,106,zh,绿色,绿色,绿
163,219,58,zh,绿色,绿色,绿
147,249,48,zh,浅绿,浅绿色,浅绿
10,56,235,zh,亮深蓝,亮深蓝色,亮深蓝
177,57,130,zh,深粉,深粉色,深粉
163,202,138,zh,浅绿,浅绿色,浅绿
179,102,29,zh,咖色,咖色,咖
136,7,184,zh,紫色,紫色,紫
13,71,158,zh,蓝色,蓝色,蓝
67,53,91,zh,紫黑,紫黑色,紫黑
190,97,232,zh,粉色,粉色,粉
34,244,109,zh,绿色,绿色,绿
26,18,28,zh,黑色,黑色,黑
253,121,53,zh,橙色,橙色,橙
37,50,184,zh,亮深蓝,亮深蓝色,亮深蓝
27,166,229,zh,正蓝,正蓝色,正蓝
241,192,145,zh,肉色,肉色,肉
79,228,148,zh,绿1,绿1色,绿1
151,245,240,zh,湖水蓝,湖水蓝色,湖水蓝
60,247,203,zh,浅绿,浅绿色,浅绿
220,172,47,zh,土色,土色,土
121,93,251,zh,蓝紫色,蓝紫色,蓝紫
15,143,162,zh,翡翠绿,翡翠绿色,翡翠绿
125,196,35,zh,绿色,绿色,绿
95,85,73,zh,深咖,深咖色,深咖
244,200,251,zh,粉色,粉色,粉
58,25,113,zh,蓝紫,蓝紫色,蓝紫
127,49,38,zh,咖2,咖2色,咖2
13,181,59,zh,深绿,深绿色,深绿
70,114,184,zh,蓝色,蓝色,蓝
74,5,16,zh,咖啡,咖啡色,咖啡
216,39,196,zh,亮粉,亮粉色,亮粉
235,252,154,zh,没见过,没见过色,没见过
5,127,246,zh,湖水蓝2,湖水蓝2色,湖水蓝2
155,214,246,zh,浅蓝,浅蓝色,浅蓝
52,162,101,zh,草女绿,草女绿色,草女绿
246,244,226,zh,米白,米白色,米白
132,70,109,zh,紫2,紫2色,紫2
108,161,170,zh,蓝,蓝色,蓝
240,19,160,zh,粉,粉色,粉
71,43,145,zh,紫,紫色,紫
2,89,166,zh,深蓝色,深蓝色,深蓝
61,252,51,zh,亮绿色,亮绿色,亮绿
177,200,164,zh,黄绿色,黄绿色,黄绿
255,197,198,zh,浅粉色,浅粉色,浅粉
244,18,64,zh,深红色,深红色,深红
43,206,82,zh,深绿色,深绿色,深绿
86,137,134,zh,蓝绿色,蓝绿色,蓝绿
27,29,43,zh,紫黑色,紫黑色,紫黑
14,24,6,zh,黑色,黑色,黑
231,40,226,zh,紫色,紫色,紫
254,249,173,zh,浅黄色,浅黄色,浅黄
82,227,143,zh,浅绿色,浅绿色,浅绿
97,70,123,zh,深紫色,深紫色,深紫
208,113,160,zh,粉色,粉色,粉
184,179,38,zh,土黄色,土黄色,土黄
45,108,243,zh,蓝色,蓝色,蓝
252,181,58,zh,黄色,黄色,黄
135,142,36,zh,棕绿色,棕绿色,棕绿
136,247,251,zh,浅蓝色,浅蓝色,浅蓝
133,227,196,zh,浅蓝绿色,浅蓝绿色,浅蓝绿
228,68,107,zh,一种红色,一种红色,一种红
205,252,194,zh,浅黄绿色,浅黄绿色,浅黄绿
93,80,7,zh,深棕色,深棕色,深棕
20,159,129,zh,一种绿色,一种绿色,一种绿
82,97,75,zh,深绿色,深绿色,深绿
254,77,172,zh,粉色,粉色,粉
210,132,46,zh,土黄色,土黄色,土黄
159,183,225,zh,一种蓝色,一种蓝色,一种蓝
57,47,149,zh,深蓝色,深蓝色,深蓝
144,35,156,zh,紫色,紫色,紫
116,186,62,zh,绿色,绿色,绿
70,140,52,zh,绿色,绿色,绿
38,54,218,zh,深蓝色,深蓝色,深蓝
7,139,227,zh,蓝色,蓝色,蓝
254,215,175,zh,皮肤的,皮肤的色,皮肤的
76,4,63,zh,红黑色,红黑色,红黑
157,115,58,zh,棕色,棕色,棕
220,62,151,zh,粉色,粉色,粉
139,222,163,zh,草绿,草绿色,草绿
245,235,73,zh,黄色,黄色,黄
85,31,40,zh,褐色,褐色,褐
60,145,214,zh,蓝色,蓝色,蓝
92,253,198,zh,青绿,青绿色,青绿
180,162,205,zh,浅紫色,浅紫色,浅紫
22,250,154,zh,浅绿色,浅绿色,浅绿
140,64,199,zh,紫色,紫色,紫
93,114,119,zh,灰色,灰色,灰
51,42,132,zh,深蓝色,深蓝色,深蓝
241,175,20,zh,黄色,黄色,黄
212,40,206,zh,粉色,粉色,粉
71,79,150,zh,深蓝色,深蓝色,深蓝
117,191,223,zh,浅蓝色,浅蓝色,浅蓝
63,68,211,zh,蓝色,蓝色,蓝
135,175,161,zh,天青色,天青色,天青
15,145,40,zh,绿色,绿色,绿
96,66,251,zh,蓝紫色,蓝紫色,蓝紫
44,125,85,zh,深绿色,深绿色,深绿
250,128,75,zh,橘色,橘色,橘
193,139,243,zh,浅紫色,浅紫色,浅紫
117,36,22,zh,褐色,褐色,褐
153,106,93,zh,褐色,褐色,褐
26,55,62,zh,灰色,灰色,灰
232,180,170,zh,肉色,肉色,肉
8,216,87,zh,绿色,绿色,绿
170,234,100,zh,浅绿色,浅绿色,浅绿
191,62,15,zh,深红色,深红色,深红
70,248,242,zh,蓝色,蓝色,蓝
30,36,0,zh,黑色,黑色,黑
183,123,157,zh,紫色,紫色,紫
237,134,125,zh,粉色,粉色,粉
65,245,67,zh,绿色,绿色,绿
12,2,143,zh,蓝色,蓝色,蓝
199,239,103,zh,草绿,草绿色,草绿
40,121,198,zh,蓝,蓝色,蓝
236,109,65,zh,橘,橘色,橘
163,198,194,zh,蓝灰,蓝灰色,蓝灰
11,22,64,zh,普鲁士蓝,普鲁士蓝色,普鲁士蓝
217,155,176,zh,粉色,粉色,粉
2,201,108,zh,亮绿,亮绿色,亮绿
210,56,4,zh,橘红,橘红色,橘红
77,208,188,zh,蓝绿,蓝绿色,蓝绿
193,43,100,zh,玫红,玫红色,玫红
174,100,80,zh,浅棕,浅棕色,浅棕
221,182,146,zh,香槟,香槟色,香槟
171,42,252,zh,紫罗兰,紫罗兰色,紫罗蓝
77,35,8,zh,棕色,棕色,棕
229,199,34,zh,暗黄,暗黄色,暗黄
32,56,203,zh,深蓝,深蓝色,深蓝
129,69,94,zh,深紫红,深紫红色,深紫红
41,138,79,zh,深绿,深绿色,深绿
167,233,153,zh,浅绿,浅绿色,浅绿
181,160,243,zh,淡紫,淡紫色,淡紫
118,155,176,zh,蓝灰,蓝灰色,蓝灰
110,103,119,zh,灰色,灰色,灰
241,38,171,zh,粉红,粉红色,粉红
244,168,2,zh,土黄,土黄色,土黄
67,134,19,zh,草绿,草绿色,草绿
57,102,83,zh,深绿,深绿色,深绿
140,245,247,zh,浅蓝,浅蓝色,浅蓝
79,17,48,zh,棕红,棕红色,棕红
61,209,38,zh,亮绿,亮绿色,亮绿
246,233,120,zh,浅黄,浅黄色,浅黄
7,34,29,zh,黑绿,黑绿色,黑绿
235,120,184,zh,粉,粉色,粉
223,55,75,zh,红,红色,红
76,67,25,zh,棕绿,棕绿色,棕绿
40,191,229,zh,天蓝,天蓝色,天蓝
21,10,97,zh,群青,群青色,群青
75,126,124,zh,深灰绿,深灰绿色,深灰绿
194,199,91,zh,黄绿,黄绿色,黄绿
29,51,162,zh,深蓝,深蓝色,深蓝
110,122,194,zh,蓝灰,蓝灰色,蓝灰
136,86,254,zh,亮紫,亮紫色,亮紫
67,44,239,zh,孔雀蓝,孔雀蓝色,孔雀蓝
212,22,55,zh,深红,深红色,深红
186,103,12,zh,赭黄,赭黄色,赭黄
237,251,142,zh,韭黄,韭黄色,韭黄
165,129,245,zh,淡紫,淡紫色,淡紫
0,78,216,zh,钴蓝,钴蓝色,钴蓝
78,174,221,zh,水蓝,水蓝色,水蓝
211,60,195,zh,亮紫粉,亮紫粉色,亮粉紫
159,100,159,zh,酱紫,酱紫色,酱紫
61,94,177,zh,普鲁士蓝,普鲁士蓝色,普鲁士蓝
224,94,140,zh,品红,品红色,品红
219,231,255,zh,爱丽丝蓝,爱丽丝蓝色,爱丽丝蓝
83,121,89,zh,墨绿,墨绿色,墨绿
214,194,64,zh,秋香色,秋香色,秋香
152,216,43,zh,草绿,草绿色,草绿
38,165,49,zh,油绿,油绿色,油绿
190,13,235,zh,紫红,紫红色,紫红
208,101,72,zh,赭黄,赭黄色,赭黄
24,25,207,zh,绛蓝,绛蓝色,绛蓝
104,64,26,zh,深棕,深棕色,深棕
63,39,159,zh,暗紫罗兰,暗紫罗兰色,暗紫罗蓝
129,148,72,zh,草绿,草绿色,草绿
197,156,65,zh,土黄,土黄色,土黄
101,49,127,zh,紫棠,紫棠色,紫棠
36,36,83,zh,藏青,藏青色,藏青
29,206,212,zh,水绿,水绿色,水绿
182,215,178,zh,石绿,石绿色,石绿
222,156,172,zh,藕粉,藕粉色,藕粉
208,33,23,zh,红,红色,红
113,157,11,zh,叶绿,叶绿色,叶绿
190,155,226,zh,丁香紫,丁香紫色,丁香紫
115,121,143,zh,蓝灰,蓝灰色,蓝灰
120,226,169,zh,翡翠,翡翠色,翡翠
243,249,91,zh,鸭黄,鸭黄色,鸭黄
97,61,76,zh,暗绛紫,暗绛紫色,暗绛紫
176,115,97,zh,赭色,赭色,赭
207,167,120,zh,枯黄,枯黄色,枯黄
156,70,82,zh,栗色,栗色,栗
240,59,38,zh,淡红色,淡红色,淡红
44,100,210,zh,低饱和蓝色,低饱和蓝色,低饱和蓝
209,221,198,zh,粉绿,粉绿色,粉绿
14,46,15,zh,暗绿,暗绿色,暗绿
204,170,47,zh,土黄色,土黄色,土黄
223,217,249,zh,藕荷色,藕荷色,藕荷
187,206,140,zh,偏绿的黄绿色,偏绿的黄绿色,偏绿的黄绿
115,59,54,zh,棕色,棕色,棕
159,99,19,zh,褐色,褐色,褐
65,30,178,zh,偏紫的蓝色,偏紫的蓝色,偏紫的蓝
105,206,242,zh,天蓝,天蓝色,天蓝
64,233,14,zh,草绿,草绿色,草绿
197,117,240,zh,淡紫色,淡紫色,淡紫
246,54,51,zh,淡红色,淡红色,淡红
195,149,26,zh,土黄色,土黄色,土黄
83,39,106,zh,暗紫色,暗紫色,暗紫
182,33,239,zh,紫红色,紫红色,紫红
113,149,102,zh,浅绿色,浅绿色,浅绿
10,95,57,zh,深绿色,深绿色,深绿
112,4,63,zh,红褐色,红褐色,红褐
124,70,105,zh,紫红色,紫红色,紫红
247,168,235,zh,粉红色,粉红色,粉红
158,234,218,zh,粉绿色,粉绿色,粉绿
123,161,208,zh,粉蓝色,粉蓝色,粉蓝
92,111,145,zh,灰青色,灰青色,灰青
3,61,222,zh,青蓝色,青蓝色,青蓝
45,150,101,zh,青绿色,青绿色,青绿
155,105,111,zh,浅褐色,浅褐色,浅褐
139,235,97,zh,淡黄绿色,淡黄绿色,淡黄绿
247,15,174,zh,品红色,品红色,品红
159,170,254,zh,灰蓝色,灰蓝色,灰蓝
52,209,118,zh,淡绿色,淡绿色,淡绿
254,236,11,zh,正黄色,正黄色,正黄
9,58,51,zh,墨绿色,墨绿色,墨绿
223,248,169,zh,黄绿色,黄绿色,黄绿
145,176,168,zh,灰绿色,灰绿色,灰绿
51,25,55,zh,黑褐色,黑褐色,黑褐
188,48,171,zh,暗紫色,暗紫色,暗紫
3,229,55,zh,绿色,绿色,绿
167,155,119,zh,暗灰绿,暗灰绿色,暗灰绿
241,58,231,zh,紫红色,紫红色,紫红
205,144,81,zh,土色,土色,土
205,42,126,zh,红,红色,红
212,107,16,zh,暗橙色,暗橙色,暗橙
212,85,79,zh,丹色,丹色,丹
171,182,111,zh,若草色,若草色,若草
30,66,162,zh,花色,花色,花
182,160,198,zh,藕荷色,藕荷色,藕荷
218,133,111,zh,橘红,橘红色,橘红
36,181,59,zh,翠绿,翠绿色,翠绿
94,170,84,zh,青绿,青绿色,青绿
131,39,82,zh,紫红,紫红色,紫红
218,119,218,zh,艳俗粉,艳俗粉色,艳俗粉
57,84,47,zh,墨绿,墨绿色,墨绿
139,82,16,zh,棕,棕色,棕
23,243,112,zh,亮绿,亮绿色,亮绿
40,38,193,zh,深蓝,深蓝色,深蓝
203,181,128,zh,土橙,土橙色,土橙
2,121,152,zh,蓝草绿蓝,蓝草绿蓝色,蓝草绿蓝
165,213,139,zh,麦绿,麦绿色,麦绿
71,196,252,zh,浅蓝,浅蓝色,浅蓝
191,64,137,zh,深粉,深粉色,深粉
174,143,183,zh,紫罗兰紫,紫罗兰紫色,紫罗蓝紫
53,1,38,zh,棕黑,棕黑色,棕黑
157,175,61,zh,绿茶,绿茶色,绿茶
12,68,146,zh,深蓝,深蓝色,深蓝
113,171,247,zh,青蓝,青蓝色,青蓝
113,97,2,zh,褐绿,褐绿色,褐绿
18,73,92,zh,藏青,藏青色,藏青
96,96,136,zh,墨青,墨青色,墨青
51,27,32,zh,漆黑,漆黑色,漆黑
78,89,99,zh,灰色,灰色,灰
71,6,59,zh,紫红色,紫红色,紫红
35,147,169,zh,青色,青色,青
158,161,190,zh,灰蓝色,灰蓝色,灰蓝
150,250,87,zh,青绿色,青绿色,青绿
132,97,208,zh,紫色,紫色,紫
6,114,40,zh,绿色,绿色,绿
2,176,162,zh,青色,青色,青
79,186,250,zh,天蓝色,天蓝色,天蓝
8,190,64,zh,绿色,绿色,绿
229,148,68,zh,土黄色,土黄色,土黄
58,26,120,zh,紫色,紫色,紫
172,80,103,zh,红色,红色,红
57,52,6,zh,棕绿色,棕绿色,棕绿
162,207,121,zh,浅绿色,浅绿色,浅绿
100,97,32,zh,黄绿色,黄绿色,黄绿
37,135,232,zh,蓝色,蓝色,蓝
220,76,155,zh,品红色,品红色,品红
204,142,196,zh,淡紫色,淡紫色,淡紫
247,69,237,zh,品红色,品红色,品红
178,227,202,zh,青色,青色,青
247,213,192,zh,肉色,肉色,肉
79,141,122,zh,青色,青色,青
238,75,91,zh,亮红色,亮红色,亮红
174,145,1,zh,金色,金色,金
185,141,130,zh,粉棕色,粉棕色,粉棕
137,40,33,zh,深红色,深红色,深红
4,16,51,zh,青黑色,青黑色,青黑
70,26,163,zh,紫色,紫色,紫
45,85,233,zh,蓝色,蓝色,蓝
153,155,101,zh,土黄色,土黄色,土黄
225,124,111,zh,粉色,粉色,粉
82,126,166,zh,灰蓝色,灰蓝色,灰蓝
128,215,247,zh,天蓝色,天蓝色,天蓝
152,86,7,zh,土黄色,土黄色,土黄
197,188,21,zh,黄色,黄色,黄
103,11,37,zh,朱砂红,朱砂红色,朱砂红
238,7,228,zh,洋红,洋红色,洋红
148,222,87,zh,苹果绿,苹果绿色,苹果绿
40,246,169,zh,嫩绿,嫩绿色,嫩绿
205,105,188,zh,粉红,粉红色,粉红
25,89,73,zh,墨绿,墨绿色,墨绿
195,151,37,zh,土黄,土黄色,土黄
179,80,43,zh,砖红,砖红色,砖红
137,103,252,zh,紫罗兰色,紫罗兰色,紫罗蓝
65,173,52,zh,草绿,草绿色,草绿
226,114,33,zh,橙色,橙色,橙
38,230,54,zh,绿色,绿色,绿
73,93,24,zh,墨绿,墨绿色,墨绿
62,90,111,zh,烟灰,烟灰色,烟灰
9,121,15,zh,草绿,草绿色,草绿
250,89,42,zh,橙红,橙红色,橙红
103,172,186,zh,蓝灰,蓝灰色,蓝灰
143,133,2,zh,土黄,土黄色,土黄
147,130,211,zh,紫,紫色,紫
192,78,77,zh,胭脂,胭脂色,胭脂
168,57,202,zh,紫,紫色,紫
162,225,27,zh,绿,绿色,绿
254,148,70,zh,橙,橙色,橙
130,8,67,zh,暗紫,暗紫色,暗紫
180,186,163,zh,灰,灰色,灰
19,132,246,zh,蓝,蓝色,蓝
28,191,32,zh,绿,绿色,绿
50,147,229,zh,天蓝,天蓝色,天蓝
214,195,214,zh,淡紫,淡紫色,淡紫
195,235,199,zh,浅绿,浅绿色,浅绿
64,109,100,zh,深灰绿,深灰绿色,深灰绿
36,3,98,zh,暗蓝,暗蓝色,暗蓝
130,57,237,zh,亮紫,亮紫色,亮紫
66,43,29,zh,暗棕,暗棕色,暗棕
74,49,66,zh,棕紫,棕紫色,棕紫
247,40,246,zh,紫,紫色,紫
2,13,190,zh,蓝,蓝色,蓝
126,37,31,zh,棕,棕色,棕
97,157,71,zh,绿,绿色,绿
33,63,174,zh,蓝,蓝色,蓝
75,80,55,zh,土绿,土绿色,土绿
210,177,29,zh,土黄,土黄色,土黄
9,56,44,zh,深绿,深绿色,深绿
21,89,144,zh,暗蓝,暗蓝色,暗蓝
194,209,30,zh,黄绿,黄绿色,黄绿
42,2,246,zh,蓝,蓝色,蓝
245,233,144,zh,米黄,米黄色,米黄
102,253,73,zh,亮绿,亮绿色,亮绿
131,237,203,zh,青色,青色,青
215,119,72,zh,浅棕色,浅棕色,浅棕
33,183,186,zh,蓝色,蓝色,蓝
23,14,60,zh,紫色,紫色,紫
218,168,57,zh,黄色,黄色,黄
182,40,29,zh,红色,红色,红
84,239,174,zh,浅青色,浅青色,浅青
211,105,117,zh,浅红色,浅红色,浅红
83,43,208,zh,浅紫色,浅紫色,浅紫
131,167,173,zh,浅灰色,浅灰色,浅灰
83,117,82,zh,深绿色,深绿色,深绿
90,131,246,zh,浅蓝色,浅蓝色,浅蓝
93,89,29,zh,褐,褐色,褐
175,60,85,zh,红,红色,红
151,248,116,zh,绿,绿色,绿
28,228,79,zh,绿,绿色,绿
216,60,161,zh,紫,紫色,紫
170,47,206,zh,紫,紫色,紫
226,163,188,zh,粉,粉色,粉
243,243,194,zh,黄,黄色,黄
100,155,185,zh,蓝,蓝色,蓝
216,131,53,zh,橙,橙色,橙
89,24,244,zh,蓝,蓝色,蓝
105,199,27,zh,绿,绿色,绿
168,69,161,zh,紫,紫色,紫
80,65,109,zh,紫,紫色,紫
52,61,37,zh,黑,黑色,黑
123,105,108,zh,棕,棕色,棕
38,82,180,zh,蓝,蓝色,蓝
173,254,62,zh,绿,绿色,绿
126,198,136,zh,绿,绿色,绿
106,233,152,zh,绿,绿色,绿
246,195,161,zh,橙,橙色,橙
186,130,84,zh,褐,褐色,褐
52,7,100,zh,紫,紫色,紫
39,121,7,zh,绿,绿色,绿
85,31,168,zh,蓝,蓝色,蓝
231,226,101,zh,黄,黄色,黄
163,91,138,zh,紫,紫色,紫
229,9,73,zh,红,红色,红
255,76,138,zh,粉,粉色,粉
33,93,36,zh,绿,绿色,绿
77,74,248,zh,蓝,蓝色,蓝
36,186,179,zh,绿,绿色,绿
176,208,234,zh,蓝,蓝色,蓝
218,195,123,zh,黄,黄色,黄
226,8,216,zh,紫,紫色,紫
77,109,175,zh,蓝,蓝色,蓝
90,184,66,zh,绿,绿色,绿
151,60,155,zh,紫,紫色,紫
226,65,180,zh,粉,粉色,粉
245,253,226,zh,浅绿,浅绿色,浅绿
14,39,97,zh,深蓝,深蓝色,深蓝
65,172,193,zh,蓝绿,蓝绿色,蓝绿
167,17,107,zh,朱红,朱红色,朱红
0,58,34,zh,深绿,深绿色,深绿
130,98,233,zh,紫,紫色,紫
171,243,139,zh,荧光绿,荧光绿色,荧光绿
124,43,232,zh,紫,紫色,紫
252,87,60,zh,橙红,橙红色,橙红
60,154,251,zh,蓝,蓝色,蓝
153,192,165,zh,灰绿,灰绿色,灰绿
125,248,187,zh,蓝绿,蓝绿色,蓝绿
105,125,44,zh,深绿,深绿色,深绿
26,159,141,zh,蓝绿,蓝绿色,蓝绿
163,126,15,zh,土黄,土黄色,土黄
235,136,229,zh,粉,粉色,粉
212,210,65,zh,黄绿,黄绿色,黄绿
254,170,105,zh,亮橙色,亮橙色,亮橙
92,106,119,zh,灰色,灰色,灰
42,33,33,zh,深褐色,深褐色,深褐
30,129,174,zh,深蓝,深蓝色,深蓝
234,226,241,zh,灰紫,灰紫色,灰紫
68,106,70,zh,绿,绿色,绿
152,122,133,zh,灰紫,灰紫色,灰紫
126,248,106,zh,荧光绿,荧光绿色,荧光绿
234,151,148,zh,珊瑚红,珊瑚红色,珊瑚红
166,67,29,zh,橙,橙色,橙
166,5,17,zh,红,红色,红
86,64,85,zh,灰紫,灰紫色,灰紫
108,1,48,zh,紫红,紫红色,紫红
36,49,205,zh,深蓝,深蓝色,深蓝
209,206,110,zh,黄绿,黄绿色,黄绿
178,132,100,zh,卡其色,卡其色,卡其
215,124,101,zh,砖红,砖红色,砖红
136,125,30,zh,棕色,棕色,棕
5,78,13,zh,深绿,深绿色,深绿
228,174,138,zh,肉色,肉色,肉
99,90,208,zh,蓝紫色,蓝紫色,蓝紫
157,75,8,zh,棕红,棕红色,棕红
245,246,208,zh,浅黄,浅黄色,浅黄
153,28,99,zh,紫红,紫红色,紫红
140,58,58,zh,酒红,酒红色,酒红
251,62,22,zh,橙红,橙红色,橙红
42,80,162,zh,普鲁士蓝,普鲁士蓝色,普鲁士蓝
109,24,174,zh,紫色,紫色,紫
238,126,245,zh,浅紫,浅紫色,浅紫
72,78,40,zh,棕黑,棕黑色,棕黑
58,189,252,zh,天蓝,天蓝色,天蓝
204,119,134,zh,深粉,深粉色,深粉
134,236,45,zh,浅绿,浅绿色,浅绿
166,247,223,zh,浅绿蓝色,浅绿蓝色,浅绿蓝
84,44,12,zh,深红,深红色,深红
87,228,123,zh,叶绿,叶绿色,叶绿
155,186,24,zh,黄绿,黄绿色,黄绿
215,27,115,zh,紫红,紫红色,紫红
142,6,56,zh,酒红,酒红色,酒红
142,149,221,zh,蓝紫色,蓝紫色,蓝紫
237,75,67,zh,红,红色,红
67,142,132,zh,蓝绿,蓝绿色,蓝绿
221,33,238,zh,紫色,紫色,紫
4,88,110,zh,绿蓝,绿蓝色,绿蓝
68,67,109,zh,深蓝,深蓝色,深蓝
51,124,187,zh,蓝,蓝色,蓝
184,225,241,zh,浅蓝,浅蓝色,浅蓝
57,4,39,zh,红黑,红黑色,红黑
144,182,108,zh,黄绿,黄绿色,黄绿
215,192,194,zh,粉,粉色,粉
30,35,42,zh,蓝黑,蓝黑色,蓝黑
69,190,141,zh,蓝绿,蓝绿色,蓝绿
181,227,16,zh,黄绿,黄绿色,黄绿
113,241,222,zh,知更鸟青,知更鸟青色,知更鸟青
27,242,185,zh,青绿,青绿色,青绿
55,20,30,zh,棕黑,棕黑色,棕黑
30,73,105,zh,墨绿,墨绿色,墨绿
17,66,144,zh,湖蓝,湖蓝色,湖蓝
227,154,97,zh,橙黄,橙黄色,橙黄
196,131,167,zh,灰粉,灰粉色,灰粉
113,60,151,zh,紫,紫色,紫
177,90,159,zh,桃红,桃红色,桃红
238,214,188,zh,浅黄,浅黄色,浅黄
117,53,78,zh,红棕,红棕色,红棕
180,171,83,zh,黄绿,黄绿色,黄绿
82,85,49,zh,墨绿,墨绿色,墨绿
105,142,96,zh,青绿,青绿色,青绿
42,128,208,zh,蓝,蓝色,蓝
43,147,80,zh,绿,绿色,绿
118,97,148,zh,灰紫,灰紫色,灰紫
76,196,233,zh,天蓝,天蓝色,天蓝
122,156,41,zh,黄绿,黄绿色,黄绿
1,11,236,zh,青金石,青金石色,青金石
174,226,238,zh,灰蓝,灰蓝色,灰蓝
204,114,38,zh,橙,橙色,橙
197,49,52,zh,大红,大红色,大红
68,78,205,zh,蓝,蓝色,蓝
250,147,217,zh,樱花粉,樱花粉色,樱花粉
242,187,18,zh,土黄,土黄色,土黄
12,165,9,zh,绿,绿色,绿
95,112,35,zh,草绿,草绿色,草绿
155,16,138,zh,玫红,玫红色,玫红
136,147,243,zh,月白,月白色,月白
13,8,65,zh,墨兰,墨兰色,墨蓝
75,152,142,zh,草绿,草绿色,草绿
73,218,105,zh,绿,绿色,绿
210,142,243,zh,粉紫,粉紫色,粉紫
210,49,4,zh,大红,大红色,大红
216,165,53,zh,棕黄,棕黄色,棕黄
123,36,160,zh,紫,紫色,紫
1,192,73,zh,绿,绿色,绿
185,26,246,zh,亮紫,亮紫色,亮紫
178,111,50,zh,棕,棕色,棕
245,10,79,zh,红,红色,红
120,231,195,zh,青,青色,青
208,99,204,zh,淡紫,淡紫色,淡紫
153,194,18,zh,草绿,草绿色,草绿
193,198,96,zh,淡绿,淡绿色,淡绿
179,113,130,zh,暗粉,暗粉色,暗粉
76,42,80,zh,深紫,深紫色,深紫
27,42,32,zh,黑,黑色,黑
205,81,99,zh,粉红,粉红色,粉红
141,16,48,zh,暗红,暗红色,暗红
212,254,214,zh,淡绿,淡绿色,淡绿
171,0,195,zh,紫,紫色,紫
97,16,103,zh,深紫,深紫色,深紫
88,197,113,zh,绿,绿色,绿
178,101,243,zh,紫,紫色,紫
29,162,249,zh,湖蓝,湖蓝色,湖蓝
37,83,225,zh,蓝,蓝色,蓝
159,170,189,zh,灰,灰色,灰
91,51,39,zh,深粽,深粽色,深粽
152,57,119,zh,暗粉,暗粉色,暗粉
11,19,206,zh,蓝,蓝色,蓝
64,128,5,zh,暗绿,暗绿色,暗绿
225,192,143,zh,淡棕,淡棕色,淡棕
247,62,196,zh,品红,品红色,品红
13,37,150,zh,深蓝,深蓝色,深蓝
127,87,156,zh,灰紫,灰紫色,灰紫
203,170,164,zh,淡棕,淡棕色,淡棕
79,246,245,zh,天蓝,天蓝色,天蓝
11,170,123,zh,蓝绿,蓝绿色,蓝绿
217,108,44,zh,橙,橙色,橙
225,38,2,zh,橙红,橙红色,橙红
190,165,231,zh,丁香,丁香色,丁香
39,22,122,zh,藏蓝,藏蓝色,藏蓝
143,225,69,zh,豆绿,豆绿色,豆绿
115,117,226,zh,浅紫,浅紫色,浅紫
90,53,65,zh,深棕,深棕色,深棕
92,7,182,zh,紫色,紫色,紫
138,190,203,zh,水绿,水绿色,水绿
35,51,117,zh,深蓝,深蓝色,深蓝
178,88,47,zh,赭石,赭石色,赭石
53,172,104,zh,葱绿,葱绿色,葱绿
94,225,137,zh,草绿,草绿色,草绿
139,69,130,zh,紫红,紫红色,紫红
44,13,36,zh,玄青,玄青色,玄青
148,99,71,zh,棕色,棕色,棕
54,252,133,zh,缥绿,缥绿色,缥绿
232,171,95,zh,黄栌,黄栌色,黄栌
81,231,228,zh,水蓝,水蓝色,水蓝
125,135,176,zh,蓝灰,蓝灰色,蓝灰
126,9,109,zh,紫红,紫红色,紫红
254,178,41,zh,土黄,土黄色,土黄
223,125,139,zh,桃红,桃红色,桃红
133,252,32,zh,亮绿,亮绿色,亮绿
205,215,207,zh,霜色,霜色,霜
178,106,204,zh,紫色,紫色,紫
137,2,38,zh,胭脂,胭脂色,胭脂
254,112,210,zh,品红,品红色,品红
118,124,56,zh,黄绿,黄绿色,黄绿
156,131,15,zh,秋色,秋色,秋
56,211,38,zh,绿色,绿色,绿
226,33,115,zh,洋红,洋红色,洋红
79,91,88,zh,深灰,深灰色,深灰
43,89,138,zh,靛蓝,靛蓝色,靛蓝
166,174,131,zh,苍黄,苍黄色,苍黄
111,169,60,zh,豆绿,豆绿色,豆绿
197,21,174,zh,暗粉,暗粉色,暗粉
142,28,87,zh,暗红,暗红色,暗红
75,98,144,zh,蓝色,蓝色,蓝
106,218,195,zh,青色,青色,青
188,141,18,zh,土黄色,土黄色,土黄
34,12,150,zh,深蓝,深蓝色,深蓝
99,89,18,zh,黄绿色,黄绿色,黄绿
57,36,39,zh,深棕色,深棕色,深棕
159,5,18,zh,深红色,深红色,深红
253,141,79,zh,橙色,橙色,橙
221,72,105,zh,粉色,粉色,粉
40,182,33,zh,绿色,绿色,绿
161,181,207,zh,青色,青色,青
139,209,115,zh,浅绿色,浅绿色,浅绿
104,239,6,zh,翠绿色,翠绿色,翠绿
72,214,137,zh,蓝绿色,蓝绿色,蓝绿
132,222,237,zh,天蓝色,天蓝色,天蓝
244,176,237,zh,粉色,粉色,粉
167,43,95,zh,紫色,紫色,紫
202,158,169,zh,肉色,肉色,肉
179,111,39,zh,棕色,棕色,棕
58,138,9,zh,绿色,绿色,绿
7,11,74,zh,深蓝色,深蓝色,深蓝
250,116,189,zh,粉色,粉色,粉
249,80,58,zh,橙红色,橙红色,橙红
44,114,73,zh,墨绿色,墨绿色,墨绿
220,228,156,zh,浅绿色,浅绿色,浅绿
106,52,94,zh,深紫色,深紫色,深紫
246,184,159,zh,肉色,肉色,肉
193,211,102,zh,浅绿色,浅绿色,浅绿
0,23,38,zh,黑色,黑色,黑
21,150,242,zh,天蓝色,天蓝色,天蓝
130,134,223,zh,紫色,紫色,紫
161,195,150,zh,淡绿色,淡绿色,淡绿
94,33,19,zh,棕红色,棕红色,棕红
162,208,27,zh,绿色,绿色,绿
240,141,247,zh,粉色,粉色,粉
124,69,211,zh,紫色,紫色,紫
251,188,211,zh,紫,紫色,紫
57,131,84,zh,绿,绿色,绿
181,134,85,zh,橙,橙色,橙
174,241,97,zh,黄绿,黄绿色,黄绿
89,96,95,zh,灰,灰色,灰
9,82,98,zh,深蓝,深蓝色,深蓝
110,18,156,zh,紫,紫色,紫
108,144,244,zh,蓝紫,蓝紫色,蓝紫
67,243,34,zh,绿,绿色,绿
226,241,149,zh,深棕,深棕色,深棕
142,238,240,zh,深蓝,深蓝色,深蓝
185,254,185,zh,深绿,深绿色,深绿
58,182,203,zh,蓝,蓝色,蓝
109,179,235,zh,蓝,蓝色,蓝
35,223,102,zh,绿,绿色,绿
72,155,38,zh,绿,绿色,绿
158,45,104,zh,深品红色,深品红色,深品红
226,39,130,zh,品红,品红色,品红
166,119,23,zh,浅棕色,浅棕色,浅棕
55,244,214,zh,青色,青色,青
151,164,105,zh,灰绿色,灰绿色,灰绿
47,7,206,zh,蓝,蓝色,蓝
53,14,77,zh,紫,紫色,紫
185,185,235,zh,淡紫色,淡紫色,淡紫
76,141,128,zh,绿,绿色,绿
196,99,185,zh,粉,粉色,粉
229,118,116,zh,橙,橙色,橙
216,243,12,zh,深黄绿,深黄绿色,深黄绿
188,144,218,zh,浅紫,浅紫色,浅紫
239,193,145,zh,淡黄,淡黄色,淡黄
24,184,5,zh,绿,绿色,绿
146,79,105,zh,灰紫,灰紫色,灰紫
15,16,142,zh,蓝,蓝色,蓝
49,62,208,zh,蓝,蓝色,蓝
246,136,58,zh,橙,橙色,橙
250,217,49,zh,棕,棕色,棕
228,123,190,zh,粉紅,粉紅色,粉红
250,174,37,zh,橘,橘色,橘
80,190,248,zh,淺藍,淺藍色,浅蓝
116,54,53,zh,咖啡,咖啡色,咖啡
29,109,171,zh,藍,藍色,蓝
239,210,197,zh,耦色,耦色,耦
184,232,63,zh,黃綠,黃綠色,黄绿
126,241,234,zh,淺綠,淺綠色,浅绿
217,88,70,zh,紅,紅色,红
186,166,201,zh,粉紫,粉紫色,粉紫
47,70,99,zh,深藍,深藍色,深蓝
130,71,168,zh,紫,紫色,紫
94,153,19,zh,草绿,草绿色,草绿
196,99,128,zh,砖红,砖红色,砖红
133,61,164,zh,紫,紫色,紫
173,55,235,zh,紫,紫色,紫
190,27,185,zh,品红,品红色,品红
19,80,196,zh,群青,群青色,群青
200,169,200,zh,粉,粉色,粉
40,112,57,zh,深绿,深绿色,深绿
205,227,85,zh,黄绿,黄绿色,黄绿
98,211,213,zh,蓝青,蓝青色,青蓝
224,196,130,zh,肉,肉色,肉
173,233,176,zh,淡绿,淡绿色,淡绿
226,71,32,zh,红,红色,红
65,205,56,zh,绿,绿色,绿
103,62,209,zh,紫,紫色,紫
30,144,201,zh,蓝,蓝色,蓝
168,135,124,zh,棕,棕色,棕
199,182,69,zh,土黄,土黄色,土黄
111,123,191,zh,紫,紫色,紫
5,253,4,zh,淡绿,淡绿色,淡绿
170,90,45,zh,棕,棕色,棕
40,93,123,zh,靛,靛色,靛
152,139,59,zh,棕,棕色,棕
37,146,250,zh,蓝,蓝色,蓝
184,51,69,zh,棕,棕色,棕
20,30,130,zh,靛,靛色,靛
33,154,137,zh,蓝绿,蓝绿色,蓝绿
125,56,115,zh,紫,紫色,紫
179,250,126,zh,黄绿,黄绿色,黄绿
246,170,150,zh,肉,肉色,肉
244,25,102,zh,粉,粉色,粉
93,58,79,zh,紫,紫色,紫
47,206,107,zh,绿,绿色,绿
40,81,160,zh,蓝,蓝色,蓝
188,254,237,zh,蓝绿,蓝绿色,蓝绿
91,108,93,zh,灰绿,灰绿色,灰绿
82,89,251,zh,蓝,蓝色,蓝
223,187,36,zh,土黄,土黄色,土黄
46,244,108,zh,绿,绿色,绿
153,88,4,zh,棕,棕色,棕
124,24,147,zh,紫,紫色,紫
124,81,45,zh,棕,棕色,棕
49,78,95,zh,灰,灰色,灰
171,150,135,zh,棕,棕色,棕
143,229,73,zh,绿,绿色,绿
141,117,233,zh,紫,紫色,紫
41,152,132,zh,绿,绿色,绿
254,144,157,zh,粉,粉色,粉
52,90,13,zh,绿,绿色,绿
233,235,127,zh,黄,黄色,黄
167,204,133,zh,绿,绿色,绿
232,71,90,zh,红,红色,红
182,124,192,zh,紫,紫色,紫
243,178,149,zh,粉,粉色,粉
121,41,45,zh,红,红色,红
191,200,215,zh,灰,灰色,灰
142,164,42,zh,绿,绿色,绿
191,54,32,zh,红,红色,红
9,127,34,zh,绿,绿色,绿
243,162,208,zh,粉,粉色,粉
129,213,224,zh,蓝,蓝色,蓝
193,248,30,zh,绿,绿色,绿
167,156,248,zh,紫,紫色,紫
142,19,80,zh,红,红色,红
84,184,244,zh,蓝,蓝色,蓝
254,93,241,zh,紫,紫色,紫
73,4,89,zh,紫,紫色,紫
78,97,174,zh,蓝,蓝色,蓝
115,75,107,zh,紫,紫色,紫
175,245,209,zh,绿,绿色,绿
35,242,157,zh,绿,绿色,绿
17,90,140,zh,蓝,蓝色,蓝
182,100,41,zh,棕色,棕色,棕
78,224,85,zh,绿色,绿色,绿
225,152,228,zh,紫色,紫色,紫
230,246,187,zh,浅绿色,浅绿色,浅绿
134,117,67,zh,褐色,褐色,褐
217,189,23,zh,土黄色,土黄色,土黄
50,61,106,zh,深蓝色,深蓝色,深蓝
129,122,129,zh,深灰色,深灰色,深灰
173,82,227,zh,紫色,紫色,紫
78,147,102,zh,青色,青色,青
228,113,234,zh,粉紫色,粉紫色,粉紫
40,102,209,zh,蓝色,蓝色,蓝
147,167,95,zh,豆沙绿,豆沙绿色,豆沙绿
59,23,181,zh,靛,靛色,靛
138,92,64,zh,棕,棕色,棕
104,56,140,zh,紫,紫色,紫
32,53,228,zh,群青,群青色,群青
229,54,56,zh,红,红色,红
59,162,12,zh,草绿,草绿色,草绿
144,193,164,zh,浅绿,浅绿色,浅绿
149,173,84,zh,豆沙绿,豆沙绿色,豆沙绿
124,179,252,zh,天蓝,天蓝色,天蓝
111,93,202,zh,淡紫,淡紫色,淡紫
245,86,195,zh,粉红,粉红色,粉红
106,74,96,zh,深紫,深紫色,深紫
61,116,110,zh,深绿,深绿色,深绿
7,184,227,zh,天蓝,天蓝色,天蓝
229,68,156,zh,深粉,深粉色,深粉
209,245,135,zh,浅葱,浅葱色,浅葱
209,205,202,zh,淡灰,淡灰色,淡灰
201,215,210,zh,浅灰绿,浅灰绿色,浅灰绿
171,60,191,zh,紫,紫色,紫
95,243,159,zh,荧光绿,荧光绿色,荧光绿
2,9,0,zh,黑,黑色,黑
156,221,220,zh,粉蓝,粉蓝色,粉蓝
201,118,217,zh,粉,粉色,粉
144,124,43,zh,棕黄,棕黄色,棕黄
21,133,185,zh,蓝,蓝色,蓝
173,91,230,zh,紫,紫色,紫
107,122,128,zh,深灰,深灰色,深灰
171,157,45,zh,暗金,暗金色,暗金
213,131,221,zh,藕荷,藕荷色,藕荷
113,177,84,zh,草绿,草绿色,草绿
142,108,140,zh,暗紫,暗紫色,暗紫
120,121,157,zh,蓝灰,蓝灰色,蓝灰
251,187,180,zh,肉,肉色,肉
109,147,162,zh,灰绿,灰绿色,灰绿
0,0,0,zh,黑色,黑色,黑
0,0,0,zh,咖啡色,咖啡色,咖啡
0,0,0,zh,葡萄紫,葡萄紫色,葡萄紫
0,0,0,zh,薰衣草紫,薰衣草紫色,薰衣草紫
0,0,0,zh,克莱因蓝,克莱因蓝色,克莱因蓝
0,0,0,zh,蒂芙尼蓝,蒂芙尼蓝色,蒂芙尼蓝
0,0,0,zh,酒红色,酒红色,酒红
0,0,0,zh,米白色,米白色,米白
0,0,0,zh,湖水蓝,湖水蓝色,湖水蓝
0,0,0,zh,奶茶色,奶茶色,奶茶
0,0,0,zh,薄荷绿,薄荷绿色,薄荷绿
0,0,0,zh,玫瑰粉,玫瑰粉色,玫瑰粉
0,0,0,zh,勃艮第红,勃艮第红色,勃艮第红
0,0,0,zh,浅蓝色,浅蓝色,浅蓝
0,0,0,zh,深灰色,深灰色,深灰
0,0,0,zh,白金色,白金色,白金
0,0,0,zh,玫瑰粉,玫瑰粉色,玫瑰粉
0,0,0,zh,柠檬黄,柠檬黄色,柠檬黄
0,0,0,zh,天空蓝,天空蓝色,天蓝
0,0,0,zh,星空灰,星空灰色,星空灰
0,0,0,zh,象牙白,象牙白色,象牙白
0,0,0,zh,紫罗兰色,紫罗兰色,紫罗蓝
0,0,0,zh,蓝紫色,蓝紫色,蓝紫
0,0,0,zh,烟灰蓝,烟灰蓝色,烟灰蓝
0,0,0,zh,香槟金,香槟金色,香槟金
0,0,0,zh,银河灰,银河灰色,银河灰
0,0,0,zh,宝石蓝,宝石蓝色,宝石蓝
0,0,0,zh,玛瑙红,玛瑙红色,玛瑙红
0,0,0,zh,祖母绿,祖母绿色,祖母绿
0,0,0,zh,珍珠白,珍珠白色,珍珠白
0,0,0,zh,琥珀色,琥珀色,琥珀
0,0,0,zh,奶油黄,奶油黄色,奶油黄
0,0,0,zh,焦糖棕,焦糖棕色,焦糖棕
0,0,0,zh,黛青色,黛青色,黛青
0,0,0,zh,胭脂红,胭脂红色,胭脂红
0,0,0,zh,水墨灰,水墨灰色,水墨灰
0,0,0,zh,暮光紫,暮光紫色,暮光紫
98,158,192,zh,雾蓝色,雾蓝色,雾蓝
230,114,155,zh,粉色,粉色,粉
152,137,143,zh,灰棕色,灰棕色,灰棕
208,67,249,zh,玫红色,玫红色,玫红
100,97,158,zh,紫色,紫色,紫
86,168,237,zh,蓝色,蓝色,蓝
65,152,146,zh,灰绿色,灰绿色,灰绿
177,110,171,zh,灰粉色,灰粉色,灰粉
1,193,188,zh,绿色,绿色,绿
53,68,233,zh,深蓝色,深蓝色,深蓝
54,1,22,zh,红褐色,红褐色,红褐
192,212,98,zh,黄色,黄色,黄
104,107,237,zh,淡紫色,淡紫色,淡紫
84,44,95,zh,深紫色,深紫色,深紫
30,5,147,zh,蓝紫色,蓝紫色,蓝紫
101,160,40,zh,草绿色,草绿色,草绿
3,48,166,zh,深蓝色,深蓝色,深蓝
178,156,149,zh,卡其色,卡其色,卡其
52,103,200,zh,天空蓝,天空蓝色,天蓝
140,187,80,zh,嫩绿色,嫩绿色,嫩绿
199,247,185,zh,淡绿色,淡绿色,淡绿
182,188,120,zh,灰黄,灰黄色,灰黄
19,138,214,zh,蓝色,蓝色,蓝
199,197,79,zh,土黄色,土黄色,土黄
142,199,104,zh,草绿色,草绿色,草绿
108,50,183,zh,紫色,紫色,紫
90,41,106,zh,深紫色,深紫色,深紫
61,17,20,zh,深棕色,深棕色,深棕
30,6,136,zh,蓝色,蓝色,蓝
208,66,164,zh,胭脂粉,胭脂粉色,胭脂粉
81,33,86,zh,罗紫色,罗紫色,罗紫
212,41,183,zh,荧光粉,荧光粉色,荧光粉
55,96,89,zh,烟绿色,烟绿色,烟绿
248,100,250,zh,粉色,粉色,粉
180,71,238,zh,紫粉,紫粉色,粉紫
88,9,65,zh,红棕色,红棕色,红棕
110,154,82,zh,草,草色,草
34,147,136,zh,蓝绿,蓝绿色,蓝绿
51,81,120,zh,灰蓝,灰蓝色,灰蓝
208,240,206,zh,浅绿,浅绿色,浅绿
198,61,242,zh,深紫,深紫色,深紫
35,71,147,zh,深蓝,深蓝色,深蓝
203,213,112,zh,青提,青提色,青提
168,72,109,zh,葡萄,葡萄色,葡萄
212,95,234,zh,淡紫,淡紫色,淡紫
34,4,4,zh,棕,棕色,棕
232,132,47,zh,橙,橙色,橙
172,145,174,zh,紫丁香,紫丁香色,紫丁香
53,139,44,zh,深绿,深绿色,深绿
151,81,46,zh,棕,棕色,棕
156,39,220,zh,艳紫,艳紫色,艳紫
88,160,155,zh,绿蓝,绿蓝色,绿蓝
87,142,154,zh,灰蓝,灰蓝色,灰蓝
102,73,119,zh,灰紫,灰紫色,灰紫
172,198,75,zh,淡绿,淡绿色,淡绿
176,85,72,zh,肉桂,肉桂色,肉桂
239,55,110,zh,艳芬,艳芬色,艳芬
58,150,39,zh,中绿,中绿色,中绿
180,165,225,zh,淡紫,淡紫色,淡紫
123,157,73,zh,土绿,土绿色,土绿
160,214,223,zh,亮灰蓝,亮灰蓝色,亮灰蓝
74,168,245,zh,中蓝,中蓝色,中蓝
154,193,187,zh,灰绿,灰绿色,灰绿
98,70,200,zh,暗紫,暗紫色,暗紫
45,197,250,zh,天蓝,天蓝色,天蓝
98,43,1,zh,深棕,深棕色,深棕
27,38,46,zh,黑,黑色,黑
224,117,100,zh,西柚,西柚色,西柚
123,1,228,zh,艳紫,艳紫色,艳紫
205,231,176,zh,干巴草绿,干巴草绿色,干巴草绿
81,76,151,zh,灰紫,灰紫色,灰紫
108,70,238,zh,中紫,中紫色,中紫
213,156,187,zh,粉,粉色,粉
158,175,118,zh,淡绿,淡绿色,淡绿
43,45,59,zh,灰蓝,灰蓝色,灰蓝
216,135,238,zh,亮粉,亮粉色,亮粉
146,242,116,zh,亮绿,亮绿色,亮绿
124,84,248,zh,亮紫,亮紫色,亮紫
195,240,235,zh,淡青,淡青色,淡青
70,225,202,zh,青色,青色,青
161,179,78,zh,浅军绿,浅军绿色,浅军绿
198,100,43,zh,橙色,橙色,橙
169,176,121,zh,淡黄绿,淡黄绿色,淡黄绿
142,169,92,zh,黄绿,黄绿色,黄绿
159,18,134,zh,紫粉,紫粉色,粉紫
147,209,93,zh,浅黄绿,浅黄绿色,浅黄绿
203,35,176,zh,亮粉,亮粉色,亮粉
123,133,121,zh,浅灰绿,浅灰绿色,浅灰绿
175,54,62,zh,浅橘红,浅橘红色,浅橘红
80,112,243,zh,淡蓝,淡蓝色,淡蓝
29,7,165,zh,深蓝,深蓝色,深蓝
67,52,46,zh,棕,棕色,棕
33,184,241,zh,亮青蓝,亮青蓝色,亮青蓝
2,39,12,zh,深绿,深绿色,深绿
144,194,80,zh,黄绿,黄绿色,黄绿
181,244,117,zh,亮黄绿,亮黄绿色,亮黄绿
77,138,207,zh,灰深蓝,灰深蓝色,灰深蓝
43,47,56,zh,黑灰,黑灰色,黑灰
64,78,61,zh,军绿,军绿色,军绿
193,157,113,zh,浅橘黄,浅橘黄色,浅橘黄
173,230,253,zh,雾霾蓝,雾霾蓝色,雾霾蓝
37,239,206,zh,亮青,亮青色,亮青
191,74,197,zh,亮粉,亮粉色,亮粉
74,26,95,zh,深紫,深紫色,深紫
122,61,192,zh,亮紫,亮紫色,亮紫
158,58,178,zh,亮紫粉,亮紫粉色,亮粉紫
205,208,120,zh,浅灰黄,浅灰黄色,浅灰黄
81,17,95,zh,亮深紫,亮深紫色,亮深紫
210,235,81,zh,黄绿色,黄绿色,黄绿
131,170,205,zh,浅蓝色,浅蓝色,浅蓝
107,16,66,zh,酒红色,酒红色,酒红
251,196,248,zh,粉红色,粉红色,粉红
8,30,45,zh,黑色,黑色,黑
46,86,64,zh,绿色,绿色,绿
248,188,174,zh,浅红色,浅红色,浅红
67,48,46,zh,棕色,棕色,棕
190,41,74,zh,红色,红色,红
104,59,92,zh,紫色,紫色,紫
77,113,152,zh,海蓝色,海蓝色,海蓝
103,150,254,zh,天蓝色,天蓝色,天蓝
140,89,128,zh,紫色,紫色,紫
213,142,187,zh,粉紫,粉紫色,粉紫
139,90,222,zh,紫色,紫色,紫
108,189,50,zh,绿色,绿色,绿
143,97,225,zh,紫色,紫色,紫
149,49,201,zh,紫色,紫色,紫
130,88,222,zh,紫色,紫色,紫
30,55,93,zh,深蓝色,深蓝色,深蓝
74,25,37,zh,棕色,棕色,棕
247,86,167,zh,粉红色,粉红色,粉红
157,46,37,zh,红色,红色,红
113,34,238,zh,紫色,紫色,紫
18,56,89,zh,深蓝色,深蓝色,深蓝
130,112,106,zh,棕色,棕色,棕
131,180,187,zh,浅蓝绿色,浅蓝绿色,浅蓝绿
110,62,216,zh,紫色,紫色,紫
200,251,217,zh,浅绿色,浅绿色,浅绿
96,152,225,zh,天蓝色,天蓝色,天蓝
207,113,163,zh,粉红色,粉红色,粉红
148,111,163,zh,紫色,紫色,紫
215,172,184,zh,粉红色,粉红色,粉红
110,168,142,zh,绿色,绿色,绿
183,75,196,zh,粉紫色,粉紫色,粉紫
175,74,158,zh,紫红色,紫红色,紫红
